#
#model:
#
#<?xml version="1.0" encoding="UTF-8" standalone="no"?><input id="posterior" spec="beast.base.inference.CompoundDistribution">
#    <distribution id="prior" spec="beast.base.inference.CompoundDistribution">
#        <distribution id="BayesianSkyline.t:HRTV_S_BEAST" spec="beast.base.evolution.tree.coalescent.BayesianSkyline">
#            <parameter dimension="5" id="bPopSizes.t:HRTV_S_BEAST" lower="0.0" name="popSizes" spec="beast.base.inference.parameter.RealParameter">380.0</parameter>
#            <groupSizes dimension="5" id="bGroupSizes.t:HRTV_S_BEAST" spec="beast.base.inference.parameter.IntegerParameter">1</groupSizes>
#            <treeIntervals id="BSPTreeIntervals.t:HRTV_S_BEAST" spec="beast.base.evolution.tree.TreeIntervals">
#                <tree id="Tree.t:HRTV_S_BEAST" spec="beast.base.evolution.tree.Tree">
#                    <trait id="dateTrait.t:HRTV_S_BEAST" spec="beast.base.evolution.tree.TraitSet" traitname="date" value="HRTV-23_T_S_2019=2019,HRTV-26_T_S_2019=2019,HRTV-404_T_S_2021=2021,HRTV-100_T_S_2022=2022,HRTV-187_T_S_2022=2022,HRTV-056F_T_S_2023=2023,HRTV-504_T_S_2019=2019,HRTV-432R_T_S_2023=2023,HRTV-642T_T_S_2023=2023,JX005843_H_S_MO_2009=2009,OQ688983.1_T_S_MO_2012=2012,OQ688989.1_T_S_MO_2012=2012,OQ688986.1_T_S_KS_2015=2015,OQ688993.1_H_S_OK_2017=2017,MZ440341_T_S_NY_2018=2018,MZ440344_T_S_NY_2018=2018,NC_024496_H_S_MO_2009=2009,KJ740146_H_S_TN_2013=2013,OQ688998.1_H_S_KY_2017=2017,OQ689001.1_H_S_MO_2017=2017">
#                        <taxa id="TaxonSet.HRTV_S_BEAST" spec="beast.base.evolution.alignment.TaxonSet">
#                        </taxa>
#                    </trait>
#                    <taxonset idref="TaxonSet.HRTV_S_BEAST"/>
#                </tree>
#            </treeIntervals>
#        </distribution>
#        <distribution id="MarkovChainedPopSizes.t:HRTV_S_BEAST" parameter="@bPopSizes.t:HRTV_S_BEAST" shape="1.5" spec="beast.base.inference.distribution.MarkovChainDistribution" useLogNormal="true"/>
#        <prior id="ORCRatePriorDistribution.c:HRTV_S_BEAST" name="distribution">
#            <parameter dimension="38" id="ORCRates.c:HRTV_S_BEAST" lower="1.0E-100" name="x" spec="beast.base.inference.parameter.RealParameter">0.5</parameter>
#            <LogNormal id="LogNormalDistributionModel.0" meanInRealSpace="true" name="distr">
#                <parameter estimate="false" id="RealParameter.2" name="M" spec="beast.base.inference.parameter.RealParameter">1.0</parameter>
#                <parameter id="ORCsigma.c:HRTV_S_BEAST" lower="0.0" name="S" spec="beast.base.inference.parameter.RealParameter">0.2</parameter>
#            </LogNormal>
#        </prior>
#        <prior id="ORCsigmaPrior.c:HRTV_S_BEAST" name="distribution" x="@ORCsigma.c:HRTV_S_BEAST">
#            <Gamma id="Gamma.0" name="distr">
#                <parameter estimate="false" id="RealParameter.3" name="alpha" spec="beast.base.inference.parameter.RealParameter">5.0</parameter>
#                <parameter estimate="false" id="RealParameter.4" name="beta" spec="beast.base.inference.parameter.RealParameter">0.05</parameter>
#            </Gamma>
#        </prior>
#        <prior id="ORCucldMeanPrior.c:HRTV_S_BEAST" name="distribution">
#            <parameter id="ORCucldMean.c:HRTV_S_BEAST" name="x" spec="beast.base.inference.parameter.RealParameter">0.0016226</parameter>
#            <Gamma id="Gamma.1" name="distr">
#                <alpha id="Function$Constant.1" spec="beast.base.core.Function$Constant" value="0.1"/>
#                <beta id="Function$Constant.2" spec="beast.base.core.Function$Constant" value="100.0"/>
#            </Gamma>
#        </prior>
#        <prior id="Standard_TPM3_rates_prior.s:HRTV_S_BEAST" name="distribution">
#            <parameter dimension="3" id="TPM3rates.s:HRTV_S_BEAST" lower="0.0" name="x" spec="beast.base.inference.parameter.RealParameter">1.0 1.0 1.0</parameter>
#            <distr id="Dirichlet.0" spec="beast.base.inference.distribution.Dirichlet">
#                <alpha id="Function$Constant.0" spec="beast.base.core.Function$Constant" value="1.0 1.0 1.0"/>
#            </distr>
#        </prior>
#        <prior id="PropInvariantPrior.s:HRTV_S_BEAST" name="distribution">
#            <parameter id="proportionInvariant.s:HRTV_S_BEAST" lower="0.0" name="x" spec="beast.base.inference.parameter.RealParameter" upper="1.0">0.769</parameter>
#            <Uniform id="Uniform.2" name="distr"/>
#        </prior>
#    </distribution>
#    <distribution id="likelihood" spec="beast.base.inference.CompoundDistribution" useThreads="true">
#        <distribution data="@HRTV_S_BEAST" id="treeLikelihood.HRTV_S_BEAST" spec="beast.base.evolution.likelihood.ThreadedTreeLikelihood" tree="@Tree.t:HRTV_S_BEAST">
#            <siteModel id="SiteModel.s:HRTV_S_BEAST" proportionInvariant="@proportionInvariant.s:HRTV_S_BEAST" spec="beast.base.evolution.sitemodel.SiteModel">
#                <parameter estimate="false" id="mutationRate.s:HRTV_S_BEAST" lower="0.0" name="mutationRate" spec="beast.base.inference.parameter.RealParameter">1.0</parameter>
#                <parameter estimate="false" id="gammaShape.s:HRTV_S_BEAST" lower="0.1" name="shape" spec="beast.base.inference.parameter.RealParameter">1.0</parameter>
#                <substModel id="Standard_TPM3.s:HRTV_S_BEAST" rates="@TPM3rates.s:HRTV_S_BEAST" spec="substmodels.nucleotide.TPM3"/>
#            </siteModel>
#            <branchRateModel clock.rate="@ORCucldMean.c:HRTV_S_BEAST" id="OptimisedRelaxedClock.c:HRTV_S_BEAST" rates="@ORCRates.c:HRTV_S_BEAST" spec="beast.base.evolution.branchratemodel.UCRelaxedClockModel" tree="@Tree.t:HRTV_S_BEAST">
#                <LogNormal S="@ORCsigma.c:HRTV_S_BEAST" id="ORCLogNormalDistributionModel.c:HRTV_S_BEAST" meanInRealSpace="true" name="distr">
#                    <parameter estimate="false" id="RealParameter.1" name="M" spec="beast.base.inference.parameter.RealParameter">1.0</parameter>
#                </LogNormal>
#            </branchRateModel>
#        </distribution>
#    </distribution>
#</input>
#
Sample	posterior	likelihood	prior	treeLikelihood	Tree.height	Tree.treeLength	proportionInvariant	RateAC-Standard_TPM3	RateAG-Standard_TPM3	RateAT-Standard_TPM3	RateCG-Standard_TPM3	RateCT-Standard_TPM3	RateGT-Standard_TPM3	ORCsigma	ORCRatesStat.mean	ORCRatesStat.variance	ORCRatesStat.coefficientOfVariation	ORCucldMean	BayesianSkyline	bPopSizes.1	bPopSizes.2	bPopSizes.3	bPopSizes.4	bPopSizes.5	bGroupSizes.1	bGroupSizes.2	bGroupSizes.3	bGroupSizes.4	bGroupSizes.5
0	-19105.929724282436	-3432.5535133790145	-15673.376210903421	-3432.5535133790145	3.3311916948160757E307	Infinity	0.8013273947231666	0.11401695609047557	2.496478238594745	0.3895048053147816	0.11401695609047557	2.496478238594745	0.3895048053147816	0.2544034865777451	0.0	0.0	0.0	4.08310431042854E-310	-13476.495994749434	1.6705008459024872E308	5.146339414605699E307	2.9114382820486665E307	4.0986766866933976E307	3.822387569105719E307	1	12	1	1	4
1000	-19099.63520443335	-3454.2851720594595	-15645.35003237389	-3454.2851720594595	3.0591979528262693E307	1.677670765862794E308	0.8013273947231666	0.11401695609047557	2.4216536308600634	0.4643294130494632	0.11401695609047557	2.4216536308600634	0.4643294130494632	0.12654049856466218	6.7867608651808E-310	0.0	0.0	6.85987004016067E-310	-13475.708620219313	1.2876581683555863E308	6.422775676679511E307	5.821814023677556E307	2.9213498682792814E307	3.434343544024481E307	3	8	1	3	4
2000	-19109.819127976625	-3441.995047452062	-15667.824080524562	-3441.995047452062	1.3637006599772759E308	Infinity	0.8013273947231666	0.11913615022594069	2.4216536308600634	0.45921021891399805	0.11913615022594069	2.4216536308600634	0.45921021891399805	0.11069139347899262	0.0	0.0	0.0	1.29802944137456E-310	-13498.768952614646	1.6341296141912072E308	7.527195917696109E307	7.412758996356918E307	1.5617239315790417E308	9.130397954993042E307	1	7	3	6	2
3000	-19108.4162080089	-3436.9061673692217	-15671.510040639678	-3436.9061673692217	1.184780325603372E308	Infinity	0.8013273947231666	0.11913615022594069	2.4216536308600634	0.45921021891399805	0.11913615022594069	2.4216536308600634	0.45921021891399805	0.14382294702762663	0.0	0.0	0.0	1.34653271806666E-310	-13498.640984780995	1.496719476693541E308	9.72687678914376E307	1.1872770518222922E308	1.3418405215173338E308	7.462747415661752E307	4	1	1	5	8
4000	-19125.74625202968	-3434.7349796846047	-15691.011272345075	-3434.7349796846047	6.125994662856696E307	Infinity	0.8013273947231666	0.11913615022594069	2.4216536308600634	0.45921021891399805	0.11913615022594069	2.4216536308600634	0.45921021891399805	0.2941859130243971	0.0	0.0	0.0	3.082060942213E-310	-13485.71633632268	8.902030961666764E307	8.472336056051994E307	1.172139734906625E308	4.56084773291597E307	4.63061897610988E307	4	2	1	4	8
5000	-19106.883381160096	-3445.8992798020204	-15660.984101358077	-3445.8992798020204	2.981156460810989E307	1.7035336641772809E308	0.8013273947231666	0.07727766448891762	2.4635121165970864	0.45921021891399805	0.07727766448891762	2.4635121165970864	0.45921021891399805	0.2026232070180354	5.565426799108E-310	0.0	0.0	5.4053822144768E-310	-13474.210132597193	1.0124074394877342E308	1.0436211538500982E308	5.693857501546459E307	3.962571568092752E307	3.361665346213194E307	1	2	3	2	11
6000	-19089.10491026893	-3431.81052807403	-15657.294382194897	-3431.81052807403	1.7970195189916254E307	1.0037763752315005E308	0.8013273947231666	0.07727766448891762	2.4635121165970864	0.45921021891399805	0.07727766448891762	2.4635121165970864	0.45921021891399805	0.21844347160908564	9.03562733213793E-310	0.0	0.0	9.22812442305906E-310	-13464.274902342873	7.501935669360784E307	2.140597803954112E307	2.2770322413070645E307	3.1021765599736116E307	1.7374342329934245E307	2	1	2	4	10
7000	-19072.67369601521	-3425.4488161507256	-15647.224879864483	-3425.4488161507256	2.3908884094939115E307	1.4424338562643932E308	0.8013273947231666	0.07727766448891762	2.3854925930313127	0.5372297424797717	0.07727766448891762	2.3854925930313127	0.5372297424797717	0.1768244677395794	8.00194160704223E-310	0.0	0.0	8.0976473456544E-310	-13469.3041639577	3.470255056406547E307	2.7109158871925827E307	2.4555956750159774E307	2.304703299273478E307	1.0214033744919752E307	5	3	1	6	4
8000	-19110.1944055849	-3430.073352064227	-15680.121053520674	-3430.073352064227	4.649557400667065E307	Infinity	0.8013273947231666	0.07727766448891762	2.3854925930313127	0.5372297424797717	0.07727766448891762	2.3854925930313127	0.5372297424797717	0.26441359935900904	0.0	0.0	0.0	3.0209963170916E-310	-13480.841080076592	5.716109662031305E307	1.7063446879918957E308	7.411371544129718E307	3.167860822725375E307	3.302881631979802E307	2	1	1	8	7
9000	-19134.192046434284	-3427.6105570496193	-15706.581489384664	-3427.6105570496193	5.871422933623161E307	Infinity	0.8013273947231666	0.07727766448891762	2.3854925930313127	0.5372297424797717	0.07727766448891762	2.3854925930313127	0.5372297424797717	0.4883676152401562	0.0	0.0	0.0	3.45711285904793E-310	-13481.62818081132	1.0754253566746802E308	5.964564396904191E307	9.750156431588205E307	6.067473960398789E307	3.1242109072723726E307	2	3	3	7	4
10000	-19089.24103856822	-3429.0515913882564	-15660.189447179962	-3429.0515913882564	4.999896519057613E307	Infinity	0.8013273947231666	0.07727766448891762	2.4428456279341244	0.47987670757695994	0.07727766448891762	2.4428456279341244	0.47987670757695994	0.13192961342896795	0.0	0.0	0.0	3.3694937976327E-310	-13482.051084493089	9.164564042093025E307	8.835246092789849E307	1.2793824602762488E308	7.949152490635259E307	2.8766159087354716E307	2	3	4	6	4
11000	-19092.1154776414	-3436.3814825960694	-15655.733995045332	-3436.3814825960694	6.967514966185377E307	Infinity	0.8013273947231666	0.07727766448891762	2.4428456279341244	0.47987670757695994	0.07727766448891762	2.4428456279341244	0.47987670757695994	0.09130840115624933	0.0	0.0	0.0	2.35852188231137E-310	-13488.739450527375	3.7263227102622763E307	1.9043291773774407E307	7.987643354054901E307	7.041964589058093E307	3.5020890057568644E307	3	1	5	6	4
12000	-19103.524538040143	-3433.7505786481997	-15669.773959391943	-3433.7505786481997	9.011102759568829E307	Infinity	0.8013273947231666	0.07727766448891762	2.4428456279341244	0.47987670757695994	0.07727766448891762	2.4428456279341244	0.47987670757695994	0.15979458905291907	0.0	0.0	0.0	1.7779510478511E-310	-13489.034409445192	1.0056429826051327E308	8.452428060954348E307	5.640405334790073E307	7.565027848821401E307	2.478606839923254E307	4	3	4	7	1
13000	-19086.191909019355	-3429.9125765771346	-15656.279332442222	-3429.9125765771346	4.4256822190775267E307	Infinity	0.8013273947231666	0.07727766448891762	2.4428456279341244	0.47987670757695994	0.07727766448891762	2.4428456279341244	0.47987670757695994	0.18253669131460143	0.0	0.0	0.0	6.56173995986017E-310	-13474.150050346088	6.7631707052184965E307	7.93450034759291E307	2.895215748311951E307	1.8165552596666123E307	1.8339986450244237E307	1	3	6	7	2
14000	-19099.156857754086	-3447.3580269223503	-15651.798830831734	-3447.3580269223503	4.0811173176123806E307	Infinity	0.8013273947231666	0.07727766448891762	2.4428456279341244	0.47987670757695994	0.07727766448891762	2.4428456279341244	0.47987670757695994	0.14628874208305004	0.0	0.0	0.0	5.12011573895926E-310	-13476.876900066114	9.291329522866426E307	4.527937057382913E307	2.514826496412382E307	2.4769415059133505E307	4.4339492045541095E307	3	1	2	7	6
15000	-19117.520467901268	-3441.3392334727087	-15676.18123442856	-3441.3392334727087	6.060355432270862E307	Infinity	0.8013273947231666	0.07727766448891762	2.4428456279341244	0.47987670757695994	0.07727766448891762	2.4428456279341244	0.47987670757695994	0.19719039069628239	0.0	0.0	0.0	3.0343878023758E-310	-13487.833465631074	1.7516270936938327E308	1.112152435104766E308	6.547953503012695E307	8.545510687922557E307	1.0802202713977368E308	2	6	1	4	6
16000	-19120.471268892157	-3443.7744185743377	-15676.696850317818	-3443.7744185743377	6.989127924976093E307	Infinity	0.8013273947231666	0.07727766448891762	2.4428456279341244	0.47987670757695994	0.07727766448891762	2.4428456279341244	0.47987670757695994	0.16195122485250993	0.0	0.0	0.0	2.248892510352E-310	-13488.81313541015	3.885787496397967E307	4.3891933187260843E307	7.669331022991879E307	6.762932294655171E307	5.96307850741727E307	1	8	6	1	3
17000	-19107.03090842565	-3439.403198666998	-15667.627709758655	-3439.403198666998	5.83197455432987E307	Infinity	0.8013273947231666	0.07727766448891762	2.4428456279341244	0.47987670757695994	0.07727766448891762	2.4428456279341244	0.47987670757695994	0.18071801361735934	0.0	0.0	0.0	2.97154784866067E-310	-13481.627366838718	8.626608798220587E307	2.4238582322130563E307	3.35047621475473E307	4.4919499016759464E307	5.946380204529552E307	2	1	1	13	2
18000	-19093.80636826615	-3432.9534726219867	-15660.852895644162	-3432.9534726219867	4.152788477396479E307	Infinity	0.8013273947231666	0.07727766448891762	2.4428456279341244	0.47987670757695994	0.07727766448891762	2.4428456279341244	0.47987670757695994	0.21596708100207787	0.0	0.0	0.0	4.17570813085505E-310	-13476.619168705818	4.4646608530021977E307	4.135460991894206E307	4.656726663033028E307	4.4919499016759464E307	2.5799235485372715E307	2	8	2	3	4
19000	-19108.258579496825	-3440.8739001312206	-15667.384679365603	-3440.8739001312206	3.887607094295522E307	Infinity	0.8013273947231666	0.035845401174894057	2.4428456279341244	0.5213089708909835	0.035845401174894057	2.4428456279341244	0.5213089708909835	0.21299491799735423	0.0	0.0	0.0	4.88407771753366E-310	-13475.86287967188	3.5304010991452347E307	3.7663594700164113E307	6.878333950125632E307	2.482701686856709E307	2.480435585086732E307	4	1	2	4	8
20000	-19071.65575279004	-3428.672434261219	-15642.98331852882	-3428.672434261219	8.496763164993065E307	Infinity	0.8013273947231666	0.09824858782409185	2.4428456279341244	0.4589057842417857	0.09824858782409185	2.4428456279341244	0.4589057842417857	0.07721449460096674	0.0	0.0	0.0	2.06007942215755E-310	-13491.328304641336	8.522778961888351E307	1.526528649171131E308	1.117781702634703E308	5.49558922538407E307	8.755642160975294E307	1	3	12	1	2
21000	-19109.019008389627	-3442.878008930099	-15666.140999459527	-3442.878008930099	1.1224059642879328E308	Infinity	0.8013273947231666	0.09824858782409185	2.561801842375127	0.3399495698007833	0.09824858782409185	2.561801842375127	0.3399495698007833	0.11742982300376711	0.0	0.0	0.0	1.8288567714194E-310	-13499.287513072517	6.750436887206692E307	9.946187725755423E307	1.5843373553632614E308	1.0557783337866525E308	1.2313635919007972E308	1	8	7	1	2
22000	-19104.762359650627	-3432.795493958974	-15671.966865691653	-3432.795493958974	1.0048369126304973E308	Infinity	0.8013273947231666	0.09824858782409185	2.471155114474375	0.43059629770153546	0.09824858782409185	2.471155114474375	0.43059629770153546	0.12823557052853987	0.0	0.0	0.0	1.8516601774369E-310	-13491.26516901758	5.08027395327593E307	8.98849246499893E307	1.0933420044660867E308	7.72146690661317E307	6.320909738491501E307	9	3	4	1	2
23000	-19133.407143295513	-3441.3846080730445	-15692.02253522247	-3441.3846080730445	3.7778227089229347E307	Infinity	0.8013273947231666	0.09824858782409185	2.471155114474375	0.43059629770153546	0.09824858782409185	2.471155114474375	0.43059629770153546	0.4566241261132026	0.0	0.0	0.0	5.55137613538414E-310	-13476.942982706114	2.7761029373289576E307	3.635901836941074E307	6.284429628184621E307	5.201996791303093E307	1.9044067680130314E307	6	3	3	3	4
24000	-19134.95643395507	-3444.8298736915604	-15690.126560263509	-3444.8298736915604	5.365911952493569E307	Infinity	0.8013273947231666	0.09824858782409185	2.471155114474375	0.43059629770153546	0.09824858782409185	2.471155114474375	0.43059629770153546	0.3275161400300151	0.0	0.0	0.0	2.9174485299344E-310	-13483.618492849571	1.1013325800082396E308	8.284607527047763E307	4.3192553148748533E307	6.10830172410864E307	4.4206048222176234E307	3	5	4	5	2
25000	-19151.18599983393	-3442.4866139044	-15708.699385929533	-3442.4866139044	1.2649108518558484E308	Infinity	0.8013273947231666	0.09824858782409185	2.471155114474375	0.43059629770153546	0.09824858782409185	2.471155114474375	0.43059629770153546	0.3519858248462685	0.0	0.0	0.0	1.54720247850466E-310	-13502.485097536497	1.4091482319467696E308	1.731233843460785E308	8.420868656131587E307	1.419738975619372E308	1.14927207199738E308	1	10	3	1	4
26000	-19145.58896307718	-3446.650945005003	-15698.93801807218	-3446.650945005003	5.808256857425583E307	Infinity	0.8013273947231666	0.09824858782409185	2.573819021277732	0.32793239089817844	0.09824858782409185	2.573819021277732	0.32793239089817844	0.3344723787120937	0.0	0.0	0.0	2.0741978533866E-310	-13488.918204134383	5.678529631853653E307	1.731233843460785E308	9.205924161463E307	3.8878945536117903E307	2.2536452146689885E307	3	2	11	1	2
27000	-19101.37143923781	-3433.6626827256277	-15667.708756512184	-3433.6626827256277	3.773962544185243E307	Infinity	0.8013273947231666	0.09824858782409185	2.573819021277732	0.32793239089817844	0.09824858782409185	2.573819021277732	0.32793239089817844	0.17488742035244845	0.0	0.0	0.0	5.0868330570334E-310	-13469.631512277676	3.5546753683922386E307	2.5447782759548795E307	3.242028484056625E307	3.0358922273362536E307	3.111552086770466E307	2	6	5	5	1
28000	-19141.491813279572	-3428.980511752422	-15712.511301527149	-3428.980511752422	1.1018946509627982E308	Infinity	0.8013273947231666	0.09824858782409185	2.573819021277732	0.32793239089817844	0.09824858782409185	2.573819021277732	0.32793239089817844	0.35802898754099105	0.0	0.0	0.0	1.4047228675397E-310	-13498.860220940676	1.484434263794088E308	1.0885246677248652E308	1.3231796124058613E308	1.5968384083016297E308	6.182054666595671E307	1	9	3	2	4
29000	-19121.512225032693	-3436.759677398397	-15684.752547634296	-3436.759677398397	1.3660243561058075E308	Infinity	0.8013273947231666	0.09824858782409185	2.3867334550220365	0.5150179571538736	0.09824858782409185	2.3867334550220365	0.5150179571538736	0.14817865339411226	0.0	0.0	0.0	1.0949617365711E-310	-13499.760613235705	1.1857058762308345E308	7.406694870963078E307	1.3001475421394347E308	1.4514310592322111E308	1.4438013010087074E308	12	1	1	3	2
30000	-19108.540336921553	-3439.7925653257766	-15668.747771595776	-3439.7925653257766	1.390464230377098E308	Infinity	0.8013273947231666	0.09824858782409185	2.3867334550220365	0.5150179571538736	0.09824858782409185	2.3867334550220365	0.5150179571538736	0.13391841827686968	0.0	0.0	0.0	1.69348307810356E-310	-13494.818254640504	1.5180188586971023E308	8.646105714162766E307	1.4183155438737535E308	1.0327124517789306E308	1.1652025281437684E308	2	3	2	11	1
31000	-19102.675336194327	-3436.1208512223966	-15666.55448497193	-3436.1208512223966	3.057808073016527E307	Infinity	0.8013273947231666	0.09824858782409185	2.3867334550220365	0.5150179571538736	0.09824858782409185	2.3867334550220365	0.5150179571538736	0.1910942417596713	0.0	0.0	0.0	4.5827785246828E-310	-13477.874082187322	1.1970984353532608E308	6.940456483129048E307	3.736035798525796E307	4.318789539310388E307	2.5220177162277567E307	2	4	8	4	1
32000	-19098.224066798255	-3440.036974675328	-15658.187092122926	-3440.036974675328	1.6739534052914245E307	8.193364575845896E307	0.8013273947231666	0.09824858782409185	2.3867334550220365	0.5150179571538736	0.09824858782409185	2.3867334550220365	0.5150179571538736	0.3297705952109451	1.211112048625533E-309	0.0	0.0	1.04704336191752E-309	-13459.367008877187	2.8138857042842467E307	3.966339154977883E307	1.6619630276073291E307	7.630913332424852E306	1.2257174098334109E307	1	2	7	2	7
33000	-19111.15067257885	-3433.405376342449	-15677.745296236402	-3433.405376342449	2.340148221022411E307	1.5214489860217633E308	0.8013273947231666	0.09824858782409185	2.3867334550220365	0.5150179571538736	0.09824858782409185	2.3867334550220365	0.5150179571538736	0.3068683497955379	6.95887582880213E-310	0.0	0.0	6.7094550825005E-310	-13474.44012102603	1.2257153507808306E308	5.121171833296518E307	2.985588863161359E307	1.4370056513661096E307	1.9267553048756593E307	3	2	4	1	9
34000	-19101.967344608875	-3441.1341357152096	-15660.833208893664	-3441.1341357152096	2.8622939052655573E307	1.7262212399599404E308	0.8013273947231666	0.09824858782409185	2.3867334550220365	0.5150179571538736	0.09824858782409185	2.3867334550220365	0.5150179571538736	0.24727953365082075	5.8557838170554E-310	0.0	0.0	5.90332138408305E-310	-13471.355697388099	3.907461144048828E307	2.2979649921611146E307	4.957131149958218E307	1.820148425069392E307	2.9197622233296696E307	2	2	2	8	5
35000	-19097.32677845384	-3434.747846123621	-15662.57893233022	-3434.747846123621	4.011372775241687E307	Infinity	0.8013273947231666	0.09824858782409185	2.600510310482013	0.30124110169389706	0.09824858782409185	2.600510310482013	0.30124110169389706	0.22261961387321488	0.0	0.0	0.0	3.95568936799955E-310	-13475.658121882383	7.554839846561423E307	3.719605856396353E307	6.96466766366631E307	4.2833957201211424E307	3.340504039536324E307	1	11	1	2	4
36000	-19110.40883773876	-3444.6674352126433	-15665.741402526117	-3444.6674352126433	7.286231952217603E307	Infinity	0.8013273947231666	0.09824858782409185	2.600510310482013	0.30124110169389706	0.09824858782409185	2.600510310482013	0.30124110169389706	0.21016308944208717	0.0	0.0	0.0	3.40314660702427E-310	-13479.658170352544	9.098026353702375E307	4.033733213311754E307	4.75413730592461E307	3.7568328990239467E307	7.009346902536143E307	2	1	1	8	7
37000	-19072.759184824594	-3440.8784878942383	-15631.880696930355	-3440.8784878942383	4.56605755915684E307	Infinity	0.8013273947231666	0.21639611351596286	2.3018773519188325	0.48172653456520675	0.21639611351596286	2.3018773519188325	0.48172653456520675	0.08604600244663818	0.0	0.0	0.0	4.95045126749243E-310	-13477.36584996113	1.103892139921341E308	6.551591704650433E307	5.257987766119031E307	6.52513827687126E307	2.4907833507362624E307	1	2	1	9	6
38000	-19125.43707453149	-3435.4543279907957	-15689.982746540696	-3435.4543279907957	1.4003464226179422E308	Infinity	0.8013273947231666	0.07815999360811696	2.4401134718266784	0.48172653456520675	0.07815999360811696	2.4401134718266784	0.48172653456520675	0.258591392627319	0.0	0.0	0.0	1.38537198544406E-310	-13492.377070138555	6.547298910429444E307	6.607806906926664E307	4.909460502143167E307	8.640425181879231E307	5.092668628249573E307	1	2	5	10	1
39000	-19116.914313710608	-3431.0955581168305	-15685.818755593778	-3431.0955581168305	8.394727098733557E307	Infinity	0.8013273947231666	0.07815999360811696	2.4401134718266784	0.48172653456520675	0.07815999360811696	2.4401134718266784	0.48172653456520675	0.19613408250482628	0.0	0.0	0.0	2.1421330245155E-310	-13492.701487907088	4.600682309631667E307	7.579390933792372E307	1.2638663351057122E308	1.424276269983561E308	1.362601415101027E308	2	2	1	4	10
40000	-19081.6066843636	-3422.6225531149557	-15658.984131248646	-3422.6225531149557	1.2277814234290338E308	Infinity	0.8013273947231666	0.07815999360811696	2.4401134718266784	0.48172653456520675	0.07815999360811696	2.4401134718266784	0.48172653456520675	0.11153816355648456	0.0	0.0	0.0	2.3415219129602E-310	-13489.454878953638	7.954078103408517E307	7.190255402143587E307	6.20442625771524E307	4.874763223509278E307	6.752795257010043E307	9	2	1	1	6
41000	-19088.26132035238	-3417.8454870768255	-15670.415833275554	-3417.8454870768255	1.25503638133703E308	Infinity	0.8013273947231666	0.07815999360811696	2.4401134718266784	0.48172653456520675	0.07815999360811696	2.4401134718266784	0.48172653456520675	0.13569939902338085	0.0	0.0	0.0	1.74661937663977E-310	-13492.212950563466	1.3320322925770633E308	9.252673285142125E307	1.0439134779900848E308	1.3053120852251353E308	1.1149294520898486E308	2	8	4	1	4
42000	-19124.225105278576	-3431.1436756097632	-15693.081429668813	-3431.1436756097632	1.7165416567649743E308	Infinity	0.8013273947231666	0.07815999360811696	2.4401134718266784	0.48172653456520675	0.07815999360811696	2.4401134718266784	0.48172653456520675	0.2078786477365613	0.0	0.0	0.0	8.772603701653E-311	-13502.941032388353	8.298094159162658E307	1.4471035843943134E308	6.2640273862673E307	1.7401569269635736E308	8.786661787434679E307	2	8	3	2	4
43000	-19092.381015925388	-3450.8361791695056	-15641.544836755882	-3450.8361791695056	4.712912874564906E307	Infinity	0.8013273947231666	0.07815999360811696	2.4401134718266784	0.48172653456520675	0.07815999360811696	2.4401134718266784	0.48172653456520675	0.09876841547474127	0.0	0.0	0.0	5.84853181908985E-310	-13473.392233902088	3.4051133869034544E307	2.8909494755369744E307	6.822496136570066E307	2.7058010026597783E307	9.141912912452261E307	2	1	2	6	8
44000	-19030.497555748334	-3420.3724454370927	-15610.125110311243	-3420.3724454370927	2.557716054091488E307	1.3033420189294565E308	0.8013273947231666	0.07815999360811696	2.4401134718266784	0.48172653456520675	0.07815999360811696	2.4401134718266784	0.48172653456520675	0.06638329272754386	8.671161702485E-310	0.0	0.0	8.7130153987663E-310	-13463.07202347121	1.474526585049964E307	2.3529205650689495E307	2.0012077332987335E307	2.50786585671169E307	1.2736338141734198E307	4	8	1	2	4
45000	-19122.62683421416	-3441.127151087504	-15681.499683126656	-3441.127151087504	4.2193570282289805E307	Infinity	0.8013273947231666	0.07815999360811696	2.4401134718266784	0.48172653456520675	0.07815999360811696	2.4401134718266784	0.48172653456520675	0.36502852761581084	0.0	0.0	0.0	3.48597056384483E-310	-13475.282838404977	1.2322410568170262E308	1.009246707842476E308	3.2026741364130956E307	2.7734199704240295E307	2.3830104181682924E307	2	2	10	1	4
46000	-19110.55738595982	-3435.298717073148	-15675.258668886672	-3435.298717073148	1.7497848451468552E308	Infinity	0.8013273947231666	0.07815999360811696	2.4401134718266784	0.48172653456520675	0.07815999360811696	2.4401134718266784	0.48172653456520675	0.12921548209266004	0.0	0.0	0.0	1.14693112946547E-310	-13494.662906214895	1.274593750577455E308	2.2708296950274154E307	4.0348798248142047E307	8.789996442261583E307	1.223271835297419E308	4	2	4	6	3
47000	-19155.14409409126	-3427.1854949992135	-15727.958599092048	-3427.1854949992135	1.0737425507624657E308	Infinity	0.8013273947231666	0.07815999360811696	2.4401134718266784	0.48172653456520675	0.07815999360811696	2.4401134718266784	0.48172653456520675	0.4672856619986375	0.0	0.0	0.0	1.5236711497974E-310	-13488.659052664087	7.404795125305169E307	6.315244406795086E307	1.1478861219723063E308	8.895351639054878E307	7.612401184319006E307	3	6	5	4	1
48000	-19152.11045809373	-3445.097615593103	-15707.012842500628	-3445.097615593103	1.5548318354673014E308	Infinity	0.8013273947231666	0.07815999360811696	2.5682812236455903	0.35355878274629493	0.07815999360811696	2.5682812236455903	0.35355878274629493	0.4411175732553017	0.0	0.0	0.0	1.7527811938828E-310	-13490.406503048918	6.873849637576153E307	7.485600447580875E307	4.831063915232394E307	6.007069911923968E307	5.261774053676041E307	3	4	6	4	2
49000	-19124.790458064563	-3429.6037677071326	-15695.186690357432	-3429.6037677071326	1.1009191705217648E308	Infinity	0.8013273947231666	0.07815999360811696	2.5682812236455903	0.35355878274629493	0.07815999360811696	2.5682812236455903	0.35355878274629493	0.3182935254384256	0.0	0.0	0.0	1.77581849374835E-310	-13490.461876777219	9.647547054202809E307	4.252611147969899E307	9.344810461370273E307	7.609211727240549E307	5.705159270383024E307	6	3	8	1	1
50000	-19132.465819376353	-3437.530194688303	-15694.935624688052	-3437.530194688303	8.869850443310784E307	Infinity	0.8013273947231666	0.07815999360811696	2.5682812236455903	0.35355878274629493	0.07815999360811696	2.5682812236455903	0.35355878274629493	0.3156083418179274	0.0	0.0	0.0	1.77116168480557E-310	-13491.617105054092	6.679394201095482E307	5.075680476297531E307	9.271446964965056E307	5.717628665626075E307	3.3328422445302775E307	4	1	10	3	1
51000	-19114.151348267525	-3443.614736768556	-15670.53661149897	-3443.614736768556	8.813962342765841E307	Infinity	0.8013273947231666	0.07815999360811696	2.5682812236455903	0.35355878274629493	0.07815999360811696	2.5682812236455903	0.35355878274629493	0.12060123858677577	0.0	0.0	0.0	1.46356554043803E-310	-13495.678623972863	6.55408603918619E307	8.75113758107652E307	1.189927963825402E308	7.666750666858294E307	8.867213653259901E307	9	3	3	3	1
52000	-19147.425481283786	-3438.1997520250543	-15709.225729258733	-3438.1997520250543	1.083924606936218E308	Infinity	0.8013273947231666	0.07815999360811696	2.5682812236455903	0.35355878274629493	0.07815999360811696	2.5682812236455903	0.35355878274629493	0.3851253430792515	0.0	0.0	0.0	1.9779204434686E-310	-13494.325219032871	1.741286325821219E308	1.7901214621687408E308	1.189927963825402E308	3.799803036274566E307	2.0651381054793346E307	5	9	2	1	2
53000	-19121.098807673374	-3440.9369158424465	-15680.161891830929	-3440.9369158424465	2.7944847223071E307	1.7845450719043895E308	0.8013273947231666	0.07815999360811696	2.5682812236455903	0.35355878274629493	0.07815999360811696	2.5682812236455903	0.35355878274629493	0.4169347275163649	5.7875423706312E-310	0.0	0.0	6.3154805016886E-310	-13473.835358569655	5.747679056768006E307	4.2819164493321306E307	4.3255499529789857E307	3.722733449889708E307	2.0597890796909103E307	5	5	2	5	2
54000	-19135.59167357381	-3438.779351444275	-15696.812322129534	-3438.779351444275	9.736565781752367E307	Infinity	0.8013273947231666	0.07815999360811696	2.5682812236455903	0.35355878274629493	0.07815999360811696	2.5682812236455903	0.35355878274629493	0.2741382490403702	0.0	0.0	0.0	1.4508692976331E-310	-13495.679060335702	9.076013618083364E307	9.766331704751184E307	1.125554736900032E308	8.134566097706332E307	8.497046121502596E306	7	7	1	2	2
55000	-19137.82155459386	-3436.988422686682	-15700.833131907175	-3436.988422686682	9.696097182335364E307	Infinity	0.8013273947231666	0.07815999360811696	2.4466594446432235	0.47518056174866175	0.07815999360811696	2.4466594446432235	0.47518056174866175	0.3024985129745001	0.0	0.0	0.0	1.5884379019439E-310	-13496.419815312476	1.1036872599635618E308	6.739112159512061E307	6.680011826911449E307	8.322045244417942E307	4.4812285620666155E307	7	2	6	2	2
56000	-19152.15327067822	-3433.467904479217	-15718.685366199004	-3433.467904479217	1.5813237020130688E308	Infinity	0.8013273947231666	0.07815999360811696	2.4466594446432235	0.47518056174866175	0.07815999360811696	2.4466594446432235	0.47518056174866175	0.4459162175674236	0.0	0.0	0.0	1.25322779904767E-310	-13500.865797188788	1.4750037265158525E308	1.029604624481548E308	1.3450997706093913E308	1.6912022019753748E308	9.162772481655046E307	1	1	10	3	4
57000	-19157.836283652723	-3441.617747615186	-15716.218536037535	-3441.617747615186	8.842125634472585E307	Infinity	0.8013273947231666	0.07815999360811696	2.4466594446432235	0.47518056174866175	0.07815999360811696	2.4466594446432235	0.47518056174866175	0.4405484520001452	0.0	0.0	0.0	1.55198887726886E-310	-13497.917023187485	1.7549547497991532E308	1.3432895351987184E308	1.1260032291931212E308	6.021065973891534E307	3.0349153799227623E307	2	8	3	2	4
58000	-19130.158794480594	-3448.8016291741487	-15681.357165306445	-3448.8016291741487	5.278063843735521E307	Infinity	0.8013273947231666	0.07815999360811696	2.4466594446432235	0.47518056174866175	0.07815999360811696	2.4466594446432235	0.47518056174866175	0.16054791092430146	0.0	0.0	0.0	2.52241854304396E-310	-13493.361828182922	1.7746520194292478E308	1.5290512547182015E308	1.4492319520772666E308	7.631042073714017E307	6.780553377667776E307	2	3	6	2	6
59000	-19122.434868504475	-3440.4760443165355	-15681.958824187941	-3440.4760443165355	2.906809009775061E307	1.637735970626274E308	0.8013273947231666	0.07815999360811696	2.4466594446432235	0.47518056174866175	0.07815999360811696	2.4466594446432235	0.47518056174866175	0.31272872928124684	4.47107638298725E-310	0.0	0.0	4.29482301090653E-310	-13472.741695041379	5.402609210942801E307	8.878225516602316E307	5.662618000105761E307	4.534722789360464E307	2.8838460635354137E307	2	2	2	7	6
60000	-19105.802152393408	-3435.918940956921	-15669.883211436487	-3435.918940956921	1.677512556439515E307	1.0929968267440737E308	0.8013273947231666	0.07815999360811696	2.4466594446432235	0.47518056174866175	0.07815999360811696	2.4466594446432235	0.47518056174866175	0.2405249260172489	1.04709325144672E-309	0.0	0.0	9.91771296468346E-310	-13468.242826363976	1.1241342881766736E308	4.239379634417951E307	9.421821540438822E307	4.3086756609789006E307	1.1436718702744173E307	2	9	3	1	4
61000	-19102.50790442437	-3430.3536748085858	-15672.154229615784	-3430.3536748085858	3.7176685869794213E307	1.6335441577758165E308	0.8013273947231666	0.07815999360811696	2.4466594446432235	0.47518056174866175	0.07815999360811696	2.4466594446432235	0.47518056174866175	0.31959991943874205	7.24796717127656E-310	0.0	0.0	8.1791040750855E-310	-13470.074962730669	3.59514649799467E307	2.9219953099038534E307	2.4933766677962003E307	1.635662865154351E307	1.338020708244928E307	2	6	4	3	4
62000	-19116.7130400926	-3445.517326498463	-15671.195713594137	-3445.517326498463	5.053410174232068E307	Infinity	0.8013273947231666	0.07815999360811696	2.4466594446432235	0.47518056174866175	0.07815999360811696	2.4466594446432235	0.47518056174866175	0.18031826890446673	0.0	0.0	0.0	3.20077997250493E-310	-13481.77565162478	1.0803004038125808E308	1.2433439047027228E308	4.74015316337482E307	7.659428167985626E307	6.081003429757595E307	2	1	5	9	2
63000	-19070.336462938896	-3429.305650761752	-15641.030812177143	-3429.305650761752	2.334777063097257E307	1.2105899208108014E308	0.8013273947231666	0.07815999360811696	2.4466594446432235	0.47518056174866175	0.07815999360811696	2.4466594446432235	0.47518056174866175	0.1665774828749372	9.07325681687694E-310	0.0	0.0	9.1100018500356E-310	-13465.62474805588	5.208045063114146E307	6.338233451800861E307	3.395041502595977E307	1.278199857069377E307	7.91239522544941E306	1	3	13	1	1
64000	-19120.222069317002	-3442.5349420322436	-15677.68712728476	-3442.5349420322436	1.5351955626042E307	1.044884797906886E308	0.8013273947231666	0.07815999360811696	2.4466594446432235	0.47518056174866175	0.07815999360811696	2.4466594446432235	0.47518056174866175	0.4179512353115923	7.83434044651743E-310	0.0	0.0	6.81039757886476E-310	-13465.247039590327	6.163684343691904E307	3.8081337626785154E307	2.641437013386619E307	1.8220456400352357E307	1.5416382781335772E307	2	3	7	6	1
65000	-19111.35693780394	-3449.519671195501	-15661.83726660844	-3449.519671195501	2.5920990645784856E307	1.3548522320522573E308	0.8013273947231666	0.07815999360811696	2.596992392289195	0.32484761410269014	0.07815999360811696	2.596992392289195	0.32484761410269014	0.2751258284700703	7.4617797739416E-310	0.0	0.0	8.68034816585933E-310	-13469.207360883722	1.2960233162327615E308	1.2800403818221192E308	6.237591300176839E307	3.623013288707353E307	1.601071971390188E307	2	1	2	3	11
66000	-19106.998311743595	-3433.6972092788333	-15673.30110246476	-3433.6972092788333	4.2719261864363077E307	Infinity	0.8013273947231666	0.07815999360811696	2.378713693622581	0.5431263127693042	0.07815999360811696	2.378713693622581	0.5431263127693042	0.24829173802082002	0.0	0.0	0.0	4.3869976691587E-310	-13482.484031940736	1.0829361559308825E308	8.781714175740868E307	5.751101423626692E307	8.188393983253584E307	5.413422642983927E307	6	2	3	2	6
67000	-19118.139665039344	-3446.4653072148485	-15671.674357824497	-3446.4653072148485	5.06223527060309E307	Infinity	0.8013273947231666	0.07815999360811696	2.378713693622581	0.5431263127693042	0.07815999360811696	2.378713693622581	0.5431263127693042	0.2018684793337534	0.0	0.0	0.0	3.2326144779087E-310	-13484.673435774519	8.781439091591607E307	7.559734025773897E307	4.633165378256982E307	5.826626524537463E307	2.948189468025547E307	3	3	2	7	4
68000	-19102.09024738476	-3420.5551978527733	-15681.535049531987	-3420.5551978527733	9.806538036720209E307	Infinity	0.8013273947231666	0.07815999360811696	2.378713693622581	0.5431263127693042	0.07815999360811696	2.378713693622581	0.5431263127693042	0.20258764326167197	0.0	0.0	0.0	1.99294584034673E-310	-13490.664921419817	1.7542748839086034E308	1.009293831227146E308	1.0924031116816692E308	8.947788075659216E307	2.2126293534682957E307	6	4	2	3	4
69000	-19129.493837251473	-3436.4274839740065	-15693.066353277469	-3436.4274839740065	1.6387825788925036E308	Infinity	0.8013273947231666	0.07815999360811696	2.378713693622581	0.5431263127693042	0.07815999360811696	2.378713693622581	0.5431263127693042	0.21655693194133213	0.0	0.0	0.0	1.19736011750615E-310	-13499.50604860062	1.2728672122236932E308	1.2319368366195775E308	1.2269778298679505E308	6.119152263751736E307	6.551179395882294E307	6	3	6	3	1
70000	-19135.639487848373	-3440.3342477489505	-15695.305240099424	-3440.3342477489505	1.1164623806390887E308	Infinity	0.8013273947231666	0.07815999360811696	2.5281764595003593	0.39366354689152583	0.07815999360811696	2.5281764595003593	0.39366354689152583	0.20363664072448678	0.0	0.0	0.0	1.50887221576164E-310	-13495.496469916501	1.4105351447721538E308	1.558562344459288E308	1.4822795535581385E308	1.112919062968752E308	5.787677830414192E307	2	9	3	2	3
71000	-19145.755114919273	-3447.823034360576	-15697.932080558696	-3447.823034360576	1.7003360310765288E308	Infinity	0.8013273947231666	0.07815999360811696	2.5281764595003593	0.39366354689152583	0.07815999360811696	2.5281764595003593	0.39366354689152583	0.2231058564700962	0.0	0.0	0.0	1.8330261493746E-310	-13498.052733503744	6.094132545119244E307	9.942331690241715E307	1.5380608701532982E308	8.826915897172264E307	1.0777977294573096E308	3	4	8	2	2
72000	-19121.348194337563	-3441.907455298526	-15679.440739039037	-3441.907455298526	7.411279283108429E307	Infinity	0.8013273947231666	0.07815999360811696	2.5281764595003593	0.39366354689152583	0.07815999360811696	2.5281764595003593	0.39366354689152583	0.2066613740032799	0.0	0.0	0.0	2.13309290438144E-310	-13488.511598407333	6.843598026297477E307	7.945586844337405E307	1.101724506861336E308	7.245983960782941E307	4.407992741468289E307	8	2	4	3	2
73000	-19132.667852149836	-3448.979222186678	-15683.688629963157	-3448.979222186678	7.269149859707479E307	Infinity	0.8013273947231666	0.07815999360811696	2.5281764595003593	0.39366354689152583	0.07815999360811696	2.5281764595003593	0.39366354689152583	0.2499623988909292	0.0	0.0	0.0	2.7800576825148E-310	-13488.16342730333	1.0002370638110746E308	8.001242007730165E307	7.880267143108262E307	2.9263239313252175E307	2.366864638068468E307	4	5	7	1	2
74000	-19091.616178942226	-3427.7009295204566	-15663.915249421769	-3427.7009295204566	1.057350282287845E308	Infinity	0.8013273947231666	0.07815999360811696	2.5281764595003593	0.39366354689152583	0.07815999360811696	2.5281764595003593	0.39366354689152583	0.12875836373251312	0.0	0.0	0.0	1.36732707070477E-310	-13493.410728751855	1.577222514667395E308	1.3253949479399275E308	9.11754344432188E307	5.324344060800283E307	5.110585062023393E307	5	3	9	1	1
75000	-19108.83631510842	-3429.0961461665593	-15679.74016894186	-3429.0961461665593	6.776463878087129E307	Infinity	0.8013273947231666	0.07815999360811696	2.5281764595003593	0.39366354689152583	0.07815999360811696	2.5281764595003593	0.39366354689152583	0.2525237229758782	0.0	0.0	0.0	3.22513585802507E-310	-13484.682574113978	1.5202866460518566E308	7.17288734389848E307	8.429673332588617E307	1.571670574019064E307	3.704051237899662E307	1	12	4	1	1
76000	-19114.467147705356	-3446.746333722924	-15667.720813982432	-3446.746333722924	1.3144972089219184E308	Infinity	0.8013273947231666	0.17263083824245878	2.4025483459150547	0.42482081584248843	0.17263083824245878	2.4025483459150547	0.42482081584248843	0.1516783511144871	0.0	0.0	0.0	2.05159555792283E-310	-13491.235234626683	9.167703328048173E307	1.031531350359458E308	8.750426616697559E307	8.34605170891904E307	5.637774911834061E307	11	3	3	1	1
77000	-19094.177404875645	-3443.9066577310164	-15650.27074714463	-3443.9066577310164	1.9602404266673086E307	1.3112621918544955E308	0.8013273947231666	0.17263083824245878	2.4025483459150547	0.42482081584248843	0.17263083824245878	2.4025483459150547	0.42482081584248843	0.20049681913359257	9.9415239479796E-310	0.0	0.0	9.78013431725827E-310	-13468.3052756375	4.3900270551920505E307	1.9245600672693647E307	2.3341673961433555E307	1.8939452035844696E307	5.246146464580156E306	1	8	7	2	1
78000	-19107.849903883984	-3438.7362807151576	-15669.113623168825	-3438.7362807151576	4.529414678920539E307	Infinity	0.8013273947231666	0.17263083824245878	2.4025483459150547	0.42482081584248843	0.17263083824245878	2.4025483459150547	0.42482081584248843	0.20049681913359257	0.0	0.0	0.0	3.8170506833633E-310	-13481.559319538534	1.2608695541205475E308	4.5731751549851E307	6.181494472225416E307	4.0402178576281745E307	8.178205224610767E307	6	2	5	1	5
79000	-19094.086339311114	-3434.0428853876388	-15660.043453923474	-3434.0428853876388	9.935722989449693E307	Infinity	0.8013273947231666	0.06462175487464514	2.5105574292828683	0.42482081584248843	0.06462175487464514	2.5105574292828683	0.42482081584248843	0.11581083769890178	0.0	0.0	0.0	1.7018536536952E-310	-13492.342329886464	1.3770295173301823E308	8.340452726834648E307	1.4996572011746564E308	5.638267655772695E307	2.807468151288084E307	1	14	1	1	2
80000	-19122.970123314386	-3434.634477228409	-15688.335646085976	-3434.634477228409	8.772998009283538E307	Infinity	0.8013273947231666	0.06462175487464514	2.5105574292828683	0.42482081584248843	0.06462175487464514	2.5105574292828683	0.42482081584248843	0.2701769256505717	0.0	0.0	0.0	1.89563991475895E-310	-13490.595019764902	1.1195084376418606E308	6.44962744900623E307	6.60245207550362E307	8.890328066225933E307	9.540226401694076E307	11	4	2	1	1
81000	-19138.30264265321	-3440.3604568857704	-15697.942185767439	-3440.3604568857704	1.2887021392756355E308	Infinity	0.8013273947231666	0.06462175487464514	2.5105574292828683	0.42482081584248843	0.06462175487464514	2.5105574292828683	0.42482081584248843	0.31837983462309	0.0	0.0	0.0	1.858483962154E-310	-13492.191208450158	5.560508633000419E307	1.0277772595330967E308	1.2289817383622766E308	1.7692467622658073E308	8.598453013809311E307	6	5	3	3	2
82000	-19125.894357735295	-3436.5950443138895	-15689.299313421407	-3436.5950443138895	8.340323958838992E307	Infinity	0.8013273947231666	0.06462175487464514	2.5105574292828683	0.42482081584248843	0.06462175487464514	2.5105574292828683	0.42482081584248843	0.27540517419487603	0.0	0.0	0.0	2.4903680341339E-310	-13490.367332847662	1.0071892088423413E308	1.0277772595330967E308	8.321306461223713E307	5.626619609741714E307	3.4796689608681726E307	6	6	3	2	2
83000	-19136.540922758388	-3450.69551190705	-15685.845410851336	-3450.69551190705	9.65049423508085E307	Infinity	0.8013273947231666	0.06462175487464514	2.5105574292828683	0.42482081584248843	0.06462175487464514	2.5105574292828683	0.42482081584248843	0.2286609171726652	0.0	0.0	0.0	3.29213984820145E-310	-13490.994989772023	1.7196178114031391E308	1.274609817669871E308	4.672143540304394E307	7.228487776549893E307	3.61479579288832E307	6	7	2	3	1
84000	-19085.32643536559	-3443.9074374215425	-15641.418997944047	-3443.9074374215425	1.1134545666819568E308	Infinity	0.8013273947231666	0.06462175487464514	2.5757248215118818	0.3596534236134752	0.06462175487464514	2.5757248215118818	0.3596534236134752	0.06926982860877616	0.0	0.0	0.0	1.3099628508514E-310	-13494.474269888038	6.970912115196657E307	5.209012028208739E307	1.1388093251852187E308	6.885180992219221E307	5.583989658465128E307	4	4	5	3	3
85000	-19113.244569579067	-3436.558759906421	-15676.685809672645	-3436.558759906421	4.70847792392853E307	Infinity	0.8013273947231666	0.06462175487464514	2.5757248215118818	0.3596534236134752	0.06462175487464514	2.5757248215118818	0.3596534236134752	0.22867013087080282	0.0	0.0	0.0	3.17947233945407E-310	-13485.167796973934	6.287150771792773E307	1.0326494434724138E308	6.520573010164469E307	7.829894234997658E307	5.994703823512696E307	3	6	1	6	3
86000	-19086.379792756932	-3431.721657117451	-15654.65813563948	-3431.721657117451	3.772281286271923E307	Infinity	0.8013273947231666	0.06462175487464514	2.5757248215118818	0.3596534236134752	0.06462175487464514	2.5757248215118818	0.3596534236134752	0.17975536216118912	0.0	0.0	0.0	7.014267248641E-310	-13473.770723279384	6.643063608632734E307	9.176966735766505E307	6.708982469254262E307	3.976714986640766E307	2.636448144643723E307	8	1	3	4	3
87000	-19120.7217082997	-3436.642414667289	-15684.079293632414	-3436.642414667289	6.421281352858365E307	Infinity	0.8013273947231666	0.06462175487464514	2.5757248215118818	0.3596534236134752	0.06462175487464514	2.5757248215118818	0.3596534236134752	0.25739615999647525	0.0	0.0	0.0	3.0109875002335E-310	-13485.48933120768	8.662859321691025E307	1.6076919401979517E308	7.56328917154419E307	9.534282101164592E307	8.174485805210636E307	8	2	5	3	1
88000	-19152.288909336392	-3445.887030886327	-15706.401878450066	-3445.887030886327	1.323635328832766E308	Infinity	0.8013273947231666	0.06462175487464514	2.2625131988437306	0.6728650462816265	0.06462175487464514	2.2625131988437306	0.6728650462816265	0.360501028129841	0.0	0.0	0.0	1.140817318464E-310	-13496.165646579557	1.6586516977911922E308	8.593771575755184E307	1.530826507048112E308	1.0725577108449499E308	8.329702203921084E307	1	1	2	3	12
89000	-19088.6487295111	-3440.223264136889	-15648.42546537421	-3440.223264136889	5.018689434850002E307	Infinity	0.8013273947231666	0.06462175487464514	2.2625131988437306	0.6728650462816265	0.06462175487464514	2.2625131988437306	0.6728650462816265	0.09776175917954752	0.0	0.0	0.0	3.24500312575723E-310	-13481.983285876975	4.696626753890361E307	9.258876944839292E307	3.69646750346384E307	5.724865082104373E307	5.727438235734182E307	4	2	7	5	1
90000	-19090.193264297624	-3448.18358429732	-15642.009680000305	-3448.18358429732	1.3095117700166886E307	7.085693899449952E307	0.8013273947231666	0.06462175487464514	2.2625131988437306	0.6728650462816265	0.06462175487464514	2.2625131988437306	0.6728650462816265	0.21220085998665272	2.024339908628136E-309	0.0	0.0	2.06152175689474E-309	-13453.566475448071	3.086033359743094E307	1.6026404521208402E307	6.959037421692817E306	4.140704049475954E306	1.7514849753726525E307	2	4	1	2	10
91000	-19048.449980151243	-3439.1648489285485	-15609.285131222694	-3439.1648489285485	6.337999858315802E306	3.1857438454641386E307	0.8013273947231666	0.06462175487464514	2.2625131988437306	0.6728650462816265	0.06462175487464514	2.2625131988437306	0.6728650462816265	0.14271356093403417	2.99853998735082E-309	0.0	0.0	3.364537183085684E-309	-13439.108186956251	1.0182894307926533E307	7.181937473988101E306	7.777004627017435E306	4.38024141605489E306	6.296926872987503E306	2	1	1	2	13
92000	-19093.244314847943	-3434.1718237122464	-15659.072491135696	-3434.1718237122464	2.0430114113257074E307	8.77685379679954E307	0.8013273947231666	0.06462175487464514	2.2625131988437306	0.6728650462816265	0.06462175487464514	2.2625131988437306	0.6728650462816265	0.3709143378464802	1.52755338554929E-309	0.0	0.0	1.579458657864216E-309	-13454.892987210073	6.04624106099058E307	3.045404121400286E307	7.277062459175805E306	7.526775343081026E306	1.0075743550241828E307	2	2	1	3	11
93000	-19095.00401515926	-3435.0241767596654	-15659.979838399593	-3435.0241767596654	2.408853554604482E307	1.1169336565408788E308	0.8013273947231666	0.06462175487464514	2.2625131988437306	0.6728650462816265	0.06462175487464514	2.2625131988437306	0.6728650462816265	0.2962540726630427	8.30959941522025E-310	0.0	0.0	9.564811803855E-310	-13462.516431522337	3.5433545716105793E307	1.4557753267463933E307	2.1068370393168795E307	2.0943246120811957E307	1.2711004536283105E307	5	3	6	4	1
94000	-19067.325353581225	-3424.3472492347046	-15642.978104346521	-3424.3472492347046	3.4212570152059575E307	1.4590601533281337E308	0.8013273947231666	0.06462175487464514	2.2625131988437306	0.6728650462816265	0.06462175487464514	2.2625131988437306	0.6728650462816265	0.19311962158660398	7.1514462136342E-310	0.0	0.0	8.3362365933135E-310	-13465.183636243137	3.3763706998704877E307	2.920970189779118E307	2.527777606813633E307	1.2291381284825324E307	1.8074539502759527E307	1	13	1	3	1
95000	-19126.35468502248	-3433.9423138835155	-15692.412371138968	-3433.9423138835155	1.585990083049186E308	Infinity	0.8013273947231666	0.14550453890439763	2.3243831688028824	0.5301122922927219	0.14550453890439763	2.3243831688028824	0.5301122922927219	0.1975312169726162	0.0	0.0	0.0	9.832453261872E-311	-13499.26156971416	1.1762072003854384E308	3.8430163489972057E307	8.245882196332658E307	1.272286902901137E308	9.756829919970106E307	1	3	5	3	7
96000	-19101.317941365687	-3450.1213796190914	-15651.196561746596	-3450.1213796190914	8.629527292166229E307	Infinity	0.8013273947231666	0.14550453890439763	2.3243831688028824	0.5301122922927219	0.14550453890439763	2.3243831688028824	0.5301122922927219	0.13974999220257153	0.0	0.0	0.0	2.05485710147757E-310	-13485.887421397218	9.580637696111618E307	7.469052887741473E307	1.0067254012697479E308	1.1723690821696687E308	5.986009823009156E307	8	1	2	2	6
97000	-19100.191105986847	-3431.5681774082127	-15668.622928578634	-3431.5681774082127	7.887268274273433E307	Infinity	0.8013273947231666	0.14550453890439763	2.3243831688028824	0.5301122922927219	0.14550453890439763	2.3243831688028824	0.5301122922927219	0.17318212577428335	0.0	0.0	0.0	2.7318158638788E-310	-13484.528192886048	7.566651414259968E307	5.503410588632361E307	6.654990096421515E307	7.775129437250439E307	1.600205702603303E307	4	1	5	7	2
98000	-19121.50902952142	-3440.0073642542698	-15681.501665267151	-3440.0073642542698	1.0197030300126155E308	Infinity	0.8013273947231666	0.14550453890439763	2.3243831688028824	0.5301122922927219	0.14550453890439763	2.3243831688028824	0.5301122922927219	0.2095185898813258	0.0	0.0	0.0	1.730521651956E-310	-13491.516466078116	6.575072489591934E307	8.645356783128694E307	1.150055207593019E308	1.1200961345270897E308	7.896276484306321E307	8	4	2	3	2
99000	-19142.98714012753	-3432.9666092752714	-15710.02053085226	-3432.9666092752714	1.3139565110327221E308	Infinity	0.8013273947231666	0.14550453890439763	2.3243831688028824	0.5301122922927219	0.14550453890439763	2.3243831688028824	0.5301122922927219	0.35753266862876276	0.0	0.0	0.0	1.6434748270121E-310	-13491.821241063495	5.079901638620342E307	9.17299977154291E307	8.801557737374558E307	5.279592240544937E307	1.1040302311051066E308	5	6	2	5	1
100000	-19146.931924460892	-3423.0388247234428	-15723.89309973745	-3423.0388247234428	1.4729751087064467E308	Infinity	0.8013273947231666	0.14550453890439763	2.3243831688028824	0.5301122922927219	0.14550453890439763	2.3243831688028824	0.5301122922927219	0.5257190535374902	0.0	0.0	0.0	1.52287934127237E-310	-13491.525294977711	1.2029940696574023E308	6.956128788498102E307	9.184336620542497E307	7.444132469534048E307	7.730435707011945E307	3	2	7	6	1
101000	-19132.438733227184	-3440.1484106613743	-15692.290322565808	-3440.1484106613743	4.639491018099552E307	Infinity	0.8013273947231666	0.14550453890439763	2.3243831688028824	0.5301122922927219	0.14550453890439763	2.3243831688028824	0.5301122922927219	0.3847243664089588	0.0	0.0	0.0	3.7296551871316E-310	-13477.178672360784	3.9791239568346265E307	4.286156091879297E307	5.649319596257985E307	2.953074916204647E307	2.3122745901744864E307	4	3	1	7	4
102000	-19143.744278843405	-3458.595257247767	-15685.149021595636	-3458.595257247767	6.9245509671208E307	Infinity	0.8013273947231666	0.14550453890439763	2.3243831688028824	0.5301122922927219	0.14550453890439763	2.3243831688028824	0.5301122922927219	0.25621395094260363	0.0	0.0	0.0	3.57330413072287E-310	-13485.749315687224	1.3148460971725586E308	4.3862299059354227E307	6.068170368504641E307	8.231595427287927E307	6.332287929758692E307	12	1	1	1	4
103000	-19130.455951947813	-3446.029031606629	-15684.426920341184	-3446.029031606629	7.17401906841731E307	Infinity	0.8013273947231666	0.14550453890439763	2.3243831688028824	0.5301122922927219	0.14550453890439763	2.3243831688028824	0.5301122922927219	0.21994000822885004	0.0	0.0	0.0	2.0922080753687E-310	-13489.639103747237	1.5316408654076837E308	8.089301358455567E307	8.713533564725364E307	7.103805123216638E307	4.333137400213614E307	2	8	3	2	4
104000	-19106.055833078077	-3434.06707876926	-15671.988754308817	-3434.06707876926	1.4588459112527866E308	Infinity	0.8013273947231666	0.14550453890439763	2.3243831688028824	0.5301122922927219	0.14550453890439763	2.3243831688028824	0.5301122922927219	0.12366857686127818	0.0	0.0	0.0	1.6446888645024E-310	-13497.923522426332	1.513092664926554E308	9.782467075009724E307	9.675513376390275E307	1.6789154244607505E308	1.2834441704514606E308	2	3	10	1	3
105000	-19089.09862330262	-3422.519037480722	-15666.579585821897	-3422.519037480722	1.0463880671828336E308	Infinity	0.8013273947231666	0.14550453890439763	2.3243831688028824	0.5301122922927219	0.14550453890439763	2.3243831688028824	0.5301122922927219	0.11409724955872334	0.0	0.0	0.0	1.8764190523926E-310	-13494.77964484106	1.0844006123497872E308	5.255994636793498E307	1.2562971229369608E308	1.6697097703523798E308	1.7524412025092118E308	1	6	2	7	3
106000	-19108.031383076028	-3440.7513536959777	-15667.280029380052	-3440.7513536959777	3.775267205070872E307	Infinity	0.8013273947231666	0.14550453890439763	2.3243831688028824	0.5301122922927219	0.14550453890439763	2.3243831688028824	0.5301122922927219	0.16446958245954685	0.0	0.0	0.0	3.76116165094746E-310	-13480.251629087013	1.192523741543875E308	2.5677916916236113E307	2.892215390689716E307	7.427199546796981E307	3.640866555350202E307	3	3	6	3	4
107000	-19101.044401008	-3441.8323512239444	-15659.212049784055	-3441.8323512239444	4.4941502144706256E307	Infinity	0.8013273947231666	0.14550453890439763	2.3243831688028824	0.5301122922927219	0.14550453890439763	2.3243831688028824	0.5301122922927219	0.14656949139487413	0.0	0.0	0.0	2.8312962979791E-310	-13479.16282055419	7.773799364364281E307	3.825805669199486E307	5.713425780561353E307	9.633461754589672E307	3.452905469371028E307	4	2	1	8	4
108000	-19134.82599682061	-3444.2122873270237	-15690.613709493588	-3444.2122873270237	6.958933797311307E307	Infinity	0.8013273947231666	0.14550453890439763	2.3243831688028824	0.5301122922927219	0.14550453890439763	2.3243831688028824	0.5301122922927219	0.3312363367519891	0.0	0.0	0.0	2.74730927956885E-310	-13486.298820935821	3.8653786789790174E307	4.4349646363155614E307	6.558978905298736E307	8.71599224156813E307	5.345013108473153E307	3	1	6	6	3
109000	-19129.09378078677	-3454.763147909482	-15674.330632877287	-3454.763147909482	3.001513592154664E307	Infinity	0.8013273947231666	0.14550453890439763	2.3243831688028824	0.5301122922927219	0.14550453890439763	2.3243831688028824	0.5301122922927219	0.17418542869597303	0.0	0.0	0.0	4.8508189273135E-310	-13475.241010205418	1.2630237783502314E308	6.938500389393972E307	2.7011511319600755E307	3.075480422173771E307	1.9322028112240544E307	1	2	11	3	2
110000	-19165.812219466185	-3458.839157892352	-15706.973061573832	-3458.839157892352	9.720747434584806E307	Infinity	0.8013273947231666	0.14550453890439763	2.3243831688028824	0.5301122922927219	0.14550453890439763	2.3243831688028824	0.5301122922927219	0.40341786895369486	0.0	0.0	0.0	2.7578110314444E-310	-13485.970655170257	5.795277169463241E307	3.560101221832236E307	5.57218468614134E307	1.3260759444222583E308	2.4722645956554513E307	9	1	1	5	3
111000	-19124.202932577526	-3440.5882294682465	-15683.61470310928	-3440.5882294682465	3.4734541015035795E307	1.6682905346300186E308	0.618357890116003	0.14550453890439763	2.459513419366029	0.3949820417295753	0.14550453890439763	2.459513419366029	0.3949820417295753	0.4076596186223131	5.9500618866748E-310	0.0	0.0	6.4155620274904E-310	-13472.897625116751	8.914568593198542E307	5.391060043254978E307	5.136918710126174E307	2.711705513900421E307	2.012716443311003E307	3	2	3	4	7
112000	-19127.909004028294	-3441.407135807777	-15686.501868220515	-3441.407135807777	4.662077266184731E307	Infinity	0.618357890116003	0.14550453890439763	2.459513419366029	0.3949820417295753	0.14550453890439763	2.459513419366029	0.3949820417295753	0.20152561876225095	0.0	0.0	0.0	3.8411528758946E-310	-13487.386072131483	1.5572204817259886E308	1.1037842508564498E308	1.0119789343011713E308	1.4700008880838287E308	3.2815220784380653E307	1	6	5	3	4
113000	-19104.945347971712	-3442.145576123858	-15662.799771847853	-3442.145576123858	6.695506711711994E307	Infinity	0.618357890116003	0.14550453890439763	2.459513419366029	0.3949820417295753	0.14550453890439763	2.459513419366029	0.3949820417295753	0.15671169318853762	0.0	0.0	0.0	3.0288219385258E-310	-13483.845742723659	7.397860388686427E307	7.448669843518436E307	8.386011668152239E307	5.790884064076025E307	2.173015109339784E307	1	1	1	14	2
114000	-19113.828669805494	-3439.728126681716	-15674.100543123777	-3439.728126681716	5.699214921090077E307	Infinity	0.618357890116003	0.14550453890439763	2.459513419366029	0.3949820417295753	0.14550453890439763	2.459513419366029	0.3949820417295753	0.22386542136891124	0.0	0.0	0.0	3.14039474757953E-310	-13485.22877775123	1.008771034871923E308	9.965041400863984E307	5.975584644036303E307	2.6283479677581865E307	1.4482777648239704E307	10	5	2	1	1
115000	-19124.192383291243	-3449.0162903853916	-15675.176092905853	-3449.0162903853916	6.57509006181526E307	Infinity	0.618357890116003	0.14550453890439763	2.459513419366029	0.3949820417295753	0.14550453890439763	2.459513419366029	0.3949820417295753	0.20077409926032871	0.0	0.0	0.0	1.6980007250155E-310	-13492.161040634212	1.2110856034744977E308	1.248651734544938E308	5.794261410157359E307	9.957299065711552E306	2.01581289944137E307	4	11	2	1	1
116000	-19140.587716729344	-3433.9860990558323	-15706.601617673512	-3433.9860990558323	1.2183216580470377E308	Infinity	0.618357890116003	0.14550453890439763	2.459513419366029	0.3949820417295753	0.14550453890439763	2.459513419366029	0.3949820417295753	0.3246263599583225	0.0	0.0	0.0	1.0034805464313E-310	-13499.143316118694	5.584510167086295E307	1.5765792758080335E308	1.6545080951665821E308	3.825397197708431E307	1.0004990376614612E307	8	2	7	1	1
117000	-19105.41409973461	-3432.117550048865	-15673.296549685747	-3432.117550048865	5.750248257341637E307	Infinity	0.618357890116003	0.14550453890439763	2.459513419366029	0.3949820417295753	0.14550453890439763	2.459513419366029	0.3949820417295753	0.22356352161446508	0.0	0.0	0.0	3.27708110497697E-310	-13479.11369948885	7.303141850790277E307	2.9918420789186113E307	6.381663617567193E307	4.728951560182698E307	3.4325505789519507E307	6	6	4	1	2
118000	-19067.04594418062	-3438.637787744308	-15628.408156436311	-3438.637787744308	2.3509087854292794E307	1.124749150686057E308	0.8382679941817919	0.14550453890439763	2.459513419366029	0.3949820417295753	0.14550453890439763	2.459513419366029	0.3949820417295753	0.11638876741890991	8.12705253351167E-310	0.0	0.0	8.17991130986475E-310	-13460.771578094831	2.515971745861994E307	2.411589213571319E307	1.623332019622012E307	1.7265344379327382E307	7.478249802930714E306	3	4	6	4	2
119000	-19117.491686741614	-3437.404692527651	-15680.086994213962	-3437.404692527651	3.374523572566128E307	Infinity	0.8382679941817919	0.14550453890439763	2.459513419366029	0.3949820417295753	0.14550453890439763	2.459513419366029	0.3949820417295753	0.4348766518987919	0.0	0.0	0.0	6.5962906388539E-310	-13471.29618820068	2.35344407938259E307	9.823261146246968E306	1.9733197121402415E307	2.728134458141283E307	1.533121562434826E307	5	4	2	5	3
120000	-19058.70562904557	-3432.897486131907	-15625.808142913664	-3432.897486131907	1.1118397364725449E307	5.77925074906746E307	0.8382679941817919	0.14550453890439763	2.459513419366029	0.3949820417295753	0.14550453890439763	2.459513419366029	0.3949820417295753	0.1174224669828592	1.775102593221554E-309	0.0	0.0	1.74388950186511E-309	-13450.19486341324	7.722843510900971E306	6.649162382857015E306	1.9545078573695371E307	3.0826559767299804E307	1.2240393663260259E307	4	6	2	2	5
121000	-19079.997373719958	-3446.3125720995063	-15633.684801620453	-3446.3125720995063	1.3195897900324682E307	7.331115214046951E307	0.8382679941817919	0.14550453890439763	2.459513419366029	0.3949820417295753	0.14550453890439763	2.459513419366029	0.3949820417295753	0.17127362079089214	8.93551528569957E-310	0.0	0.0	1.00207153666096E-309	-13451.972421048611	9.556749178458617E306	4.3758703069368884E307	6.709064500344068E306	1.1290472849226348E307	1.2406163538393415E307	7	3	1	7	1
122000	-19073.070143678528	-3439.5316683044834	-15633.538475374044	-3439.5316683044834	8.155712354430167E306	5.163911725344672E307	0.8382679941817919	0.14550453890439763	2.459513419366029	0.3949820417295753	0.14550453890439763	2.459513419366029	0.3949820417295753	0.17358585472339866	1.92416169026298E-309	0.0	0.0	1.764308137919425E-309	-13453.525047036039	1.0822827874064522E307	6.550203075772829E306	6.188419405480929E306	1.1962067827031636E307	4.7051903299596404E306	2	2	4	5	6
123000	-19046.470397960875	-3431.7372210950025	-15614.733176865871	-3431.7372210950025	7.233790274415717E306	3.7990907367301755E307	0.8382679941817919	0.14550453890439763	2.459513419366029	0.3949820417295753	0.14550453890439763	2.459513419366029	0.3949820417295753	0.128507177640453	2.853087245374645E-309	0.0	0.0	2.685097071565326E-309	-13443.984542305763	1.0813359954489903E307	3.380329024609994E306	1.0274902507934276E307	1.1373177247646032E307	4.299362564386079E306	12	2	2	1	2
124000	-19058.16484406672	-3423.1898368405323	-15634.975007226189	-3423.1898368405323	5.3808840887992856E306	2.649600936411429E307	0.8382679941817919	0.14550453890439763	2.667436660765368	0.18705880033023597	0.14550453890439763	2.667436660765368	0.18705880033023597	0.33081518732269133	3.19563059065472E-309	0.0	0.0	3.3546705330613E-309	-13435.821789571322	1.125484181875444E307	5.443566782451472E306	4.876042873644271E306	1.5522944654473214E306	6.879286501373366E305	3	10	2	2	2
125000	-19074.788514685024	-3438.897178901215	-15635.891335783808	-3438.897178901215	7.149416942362911E306	3.196894297156328E307	0.8382679941817919	0.14550453890439763	2.465033824607478	0.38946163648812626	0.14550453890439763	2.465033824607478	0.38946163648812626	0.2750700075276895	3.786119098285385E-309	0.0	0.0	3.450206615936666E-309	-13435.194526738826	8.34412786616252E306	2.965922075175339E306	6.489235962565094E306	3.6586866544419397E306	4.607504162399833E306	5	4	5	3	2
126000	-19065.167219673163	-3438.859240725661	-15626.307978947503	-3438.859240725661	4.7712784043248166E306	2.203545437814919E307	0.8382679941817919	0.14550453890439763	2.465033824607478	0.38946163648812626	0.14550453890439763	2.465033824607478	0.38946163648812626	0.3131526439002322	3.8620804866722E-309	0.0	0.0	3.870399769118657E-309	-13433.100729291426	7.551421193507334E306	3.0679559888061403E306	5.3176563792039917E306	4.556339911523184E306	3.706818196281704E306	10	3	4	1	1
127000	-19070.751288502564	-3436.161437650798	-15634.589850851768	-3436.161437650798	5.3686461131687414E306	2.9804571013700645E307	0.8382679941817919	0.14550453890439763	2.465033824607478	0.38946163648812626	0.14550453890439763	2.465033824607478	0.38946163648812626	0.30495978910843535	3.28217829123411E-309	0.0	0.0	3.317575026041637E-309	-13437.96663762076	4.664562423304243E306	5.82693830176667E306	9.145281509638777E306	7.275997004024337E306	6.231951051369373E306	3	9	2	1	4
128000	-19057.428303710116	-3438.0225228302756	-15619.405780879839	-3438.0225228302756	2.803472142070597E306	1.4125057874213007E307	0.8382679941817919	0.14550453890439763	2.465033824607478	0.38946163648812626	0.14550453890439763	2.465033824607478	0.38946163648812626	0.2964292493098745	6.21504803927262E-309	0.0	0.0	6.994437889720165E-309	-13425.03827269825	5.1706107647778155E306	1.5738763110663192E306	1.977350782072052E306	1.6162441436265113E306	1.2705693213897444E306	3	2	7	2	5
129000	-19076.465729975876	-3447.2023511336065	-15629.263378842272	-3447.2023511336065	6.180058784974411E306	2.8097406113785754E307	0.8382679941817919	0.14550453890439763	2.465033824607478	0.38946163648812626	0.14550453890439763	2.465033824607478	0.38946163648812626	0.29223507980019175	3.789869255695355E-309	0.0	0.0	3.55455106193379E-309	-13432.924228012651	7.780559732117227E306	3.8678056480280354E306	2.5529974434210005E306	5.972268223249574E306	3.4187099061921024E306	1	1	8	2	7
130000	-19097.497597150752	-3446.7454113937697	-15650.752185756983	-3446.7454113937697	1.6078433673983024E307	7.811050717521564E307	0.8382679941817919	0.14550453890439763	2.465033824607478	0.38946163648812626	0.14550453890439763	2.465033824607478	0.38946163648812626	0.2739175842481205	1.15187275319634E-309	0.0	0.0	1.264395341250633E-309	-13455.068279858062	9.141671050713297E307	3.3270670790204207E307	1.3108713617138322E307	1.3566789331789692E307	5.439227515670906E306	1	1	4	9	4
131000	-19051.03373392718	-3438.8723894424784	-15612.161344484699	-3438.8723894424784	3.7564375529814605E306	2.125676676243471E307	0.8382679941817919	0.14550453890439763	2.465033824607478	0.38946163648812626	0.14550453890439763	2.465033824607478	0.38946163648812626	0.20771707212518128	3.96318465772211E-309	0.0	0.0	3.94157980507333E-309	-13435.115315906663	9.256555961275034E306	5.34822042430461E306	1.7439937998621892E307	5.929153590485851E306	3.22252034674998E306	2	10	1	3	3
132000	-19069.80279599467	-3449.7532655780487	-15620.049530416623	-3449.7532655780487	9.251836682855065E306	5.365646807425322E307	0.8382679941817919	0.14550453890439763	2.625053727371941	0.22944173372366314	0.14550453890439763	2.625053727371941	0.22944173372366314	0.12864290572730988	1.755964929242746E-309	0.0	0.0	1.75756911537733E-309	-13452.055022277002	1.6250932559354946E307	1.0092853537976992E307	6.840360743509824E306	9.055584190034255E306	3.424049167433922E306	4	1	4	7	3
133000	-19125.26719026986	-3439.9676170244074	-15685.299573245453	-3439.9676170244074	2.573791066620828E307	1.5690974871361676E308	0.8382679941817919	0.14550453890439763	2.388803211123852	0.4656922499717523	0.14550453890439763	2.388803211123852	0.4656922499717523	0.373332539893616	8.3385196502382E-310	0.0	0.0	7.56357434797573E-310	-13471.648025756218	8.987607437572057E307	2.9176067757233624E307	2.4463640713315254E307	1.4086083297623037E307	1.5617039662711675E307	4	8	4	1	2
134000	-19098.81840776699	-3433.540420202823	-15665.277987564168	-3433.540420202823	6.653434633665465E307	Infinity	0.8382679941817919	0.14550453890439763	2.388803211123852	0.4656922499717523	0.14550453890439763	2.388803211123852	0.4656922499717523	0.14099505015245684	0.0	0.0	0.0	2.98403609271545E-310	-13482.185155414756	3.4780514480601167E307	3.357456631101406E307	3.3443685731334246E307	5.153823173004095E307	2.3302233521794493E307	4	8	5	1	1
135000	-19088.716202867407	-3448.6748715866124	-15640.041331280794	-3448.6748715866124	3.490657692472591E307	1.6928059856661114E308	0.8382679941817919	0.14550453890439763	2.388803211123852	0.4656922499717523	0.14550453890439763	2.388803211123852	0.4656922499717523	0.14420468803344155	5.58880772061826E-310	0.0	0.0	5.8052213652443E-310	-13467.71185261655	2.7062448616893795E307	2.291366584770005E307	1.5289277420425536E307	3.949282434672691E307	1.9655326614373084E307	3	6	2	6	2
136000	-19098.094333228993	-3448.950719460472	-15649.143613768521	-3448.950719460472	2.6376317558576053E307	9.70130320290054E307	0.8382679941817919	0.14550453890439763	2.388803211123852	0.4656922499717523	0.14550453890439763	2.388803211123852	0.4656922499717523	0.25015098831804267	9.82040943039356E-310	0.0	0.0	1.14765498013028E-309	-13458.419571912402	1.749734260718271E307	3.424511160751235E307	1.0715693972752262E307	6.975825105409394E306	2.0803405398654782E307	1	4	6	3	5
137000	-19066.13837615905	-3432.3830201965857	-15633.755355962467	-3432.3830201965857	1.7021201865665638E307	7.471045636713174E307	0.8382679941817919	0.14550453890439763	2.597291266356083	0.25720419473952116	0.14550453890439763	2.597291266356083	0.25720419473952116	0.2278922427101392	1.6186183662747E-309	0.0	0.0	1.550016053219465E-309	-13452.957161531074	2.428183409600655E307	6.663355315739138E306	6.501490395620194E306	8.617208457916871E306	3.692630297470177E306	2	9	2	4	2
138000	-19089.33043562201	-3432.5427098378755	-15656.787725784134	-3432.5427098378755	4.674389588012772E307	Infinity	0.8382679941817919	0.14550453890439763	2.597291266356083	0.25720419473952116	0.14550453890439763	2.597291266356083	0.25720419473952116	0.22257571796639972	0.0	0.0	0.0	4.67099527596387E-310	-13471.995641187395	6.67976674981792E307	3.2631340162398635E307	4.559866670862489E307	7.101620764621494E307	1.81045296560001E307	1	8	4	2	4
139000	-19129.691121828393	-3443.320209377186	-15686.370912451208	-3443.320209377186	5.863400267189061E307	Infinity	0.8382679941817919	0.14550453890439763	2.597291266356083	0.25720419473952116	0.14550453890439763	2.597291266356083	0.25720419473952116	0.251357007211329	0.0	0.0	0.0	2.2325269415683E-310	-13482.58978777108	2.788322174494493E307	4.0598974522460486E307	1.001189870350774E308	1.0159056811395436E308	9.09304941601847E307	3	7	3	1	5
140000	-19119.287212568717	-3434.90134473639	-15684.385867832329	-3434.90134473639	5.888103751638236E307	Infinity	0.8382679941817919	0.14550453890439763	2.597291266356083	0.25720419473952116	0.14550453890439763	2.597291266356083	0.25720419473952116	0.2957067293281766	0.0	0.0	0.0	4.30818858691335E-310	-13484.24718887921	5.072658776823728E307	1.5522307412715136E308	5.112637269857328E307	3.510597827691227E307	3.240605651947358E307	2	3	2	9	3
141000	-19060.7037475531	-3434.558623560752	-15626.145123992346	-3434.558623560752	2.2594008813490264E307	1.3436854354012779E308	0.6606295708551823	0.14550453890439763	2.597291266356083	0.25720419473952116	0.14550453890439763	2.597291266356083	0.25720419473952116	0.09077223760730341	6.836166208517E-310	0.0	0.0	6.9455634610323E-310	-13466.872576696338	3.1626688617525386E307	2.0157149894292181E307	1.34049747781057E307	2.045635083793831E307	1.2884573212650353E307	4	5	2	7	1
142000	-19109.260966750964	-3445.8556571655686	-15663.405309585394	-3445.8556571655686	3.799585098770144E307	Infinity	0.6606295708551823	0.14550453890439763	2.597291266356083	0.25720419473952116	0.14550453890439763	2.597291266356083	0.25720419473952116	0.21041999244549653	0.0	0.0	0.0	3.727259846911E-310	-13475.221706993338	8.267957937364814E307	3.5685783658847917E307	6.176508760771324E307	3.620590609533914E307	9.563832602530757E306	5	8	3	2	1
143000	-19087.444338402755	-3445.926778133138	-15641.517560269616	-3445.926778133138	1.9017481102481568E307	9.655158700588002E307	0.6606295708551823	0.14550453890439763	2.597291266356083	0.25720419473952116	0.14550453890439763	2.597291266356083	0.25720419473952116	0.19342996207371646	8.4457165172938E-310	0.0	0.0	7.9873231212276E-310	-13458.312880118456	1.5494462649553337E307	1.5036876137552467E307	3.3298424576115023E307	8.508852909495071E306	5.402061013756797E306	4	10	1	2	2
144000	-19103.052028934875	-3437.9110718428187	-15665.140957092057	-3437.9110718428187	3.202879567675095E307	Infinity	0.6606295708551823	0.14550453890439763	2.597291266356083	0.25720419473952116	0.14550453890439763	2.597291266356083	0.25720419473952116	0.2089769559016175	0.0	0.0	0.0	6.5499731236849E-310	-13472.496194906917	4.916551740263345E307	4.569301871107989E307	6.684856397008326E307	4.0074250232822467E307	1.854057254314151E307	4	4	7	2	2
145000	-19100.361678594116	-3437.2234640040215	-15663.138214590095	-3437.2234640040215	5.24860728169571E307	Infinity	0.6606295708551823	0.14550453890439763	2.597291266356083	0.25720419473952116	0.14550453890439763	2.597291266356083	0.25720419473952116	0.2175541923888512	0.0	0.0	0.0	4.52129785350303E-310	-13475.153476897283	3.109079733397742E307	4.318066504590163E307	2.713486348112523E307	2.8211246158272136E307	3.170538024538938E307	2	9	2	1	5
146000	-19134.487719698962	-3439.8247138681995	-15694.663005830764	-3439.8247138681995	6.383840431078184E307	Infinity	0.6606295708551823	0.14550453890439763	2.597291266356083	0.25720419473952116	0.14550453890439763	2.597291266356083	0.25720419473952116	0.2949757269248989	0.0	0.0	0.0	2.0352337692208E-310	-13492.9200188993	1.4047704960838622E308	1.5638155427861489E308	8.365765134187561E307	1.5525192565476292E308	6.331672134468067E307	2	6	1	3	7
147000	-19129.04491117287	-3434.237716220896	-15694.807194951974	-3434.237716220896	1.2057832215415719E308	Infinity	0.6606295708551823	0.14550453890439763	2.597291266356083	0.25720419473952116	0.14550453890439763	2.597291266356083	0.25720419473952116	0.23492622058071413	0.0	0.0	0.0	1.18459656518014E-310	-13494.506548094021	4.798550395308297E307	5.304500871004944E307	9.081025038689387E307	3.9351917539224217E307	6.722607057352394E307	2	4	9	1	3
148000	-19098.73264434076	-3438.2751632203563	-15660.457481120404	-3438.2751632203563	4.443656481793904E307	Infinity	0.6606295708551823	0.14550453890439763	2.597291266356083	0.25720419473952116	0.14550453890439763	2.597291266356083	0.25720419473952116	0.2214292717944487	0.0	0.0	0.0	4.7709594207609E-310	-13471.174209872006	2.547564482815757E307	1.3789155479364732E307	2.949208833143296E307	2.454409651456294E307	2.1154227966069292E307	5	1	11	1	1
149000	-19075.370392185134	-3451.822983983202	-15623.547408201932	-3451.822983983202	2.7106162145707416E307	1.50754751841994E308	0.6606295708551823	0.14550453890439763	2.597291266356083	0.25720419473952116	0.14550453890439763	2.597291266356083	0.25720419473952116	0.10717115956674818	7.23017612191427E-310	0.0	0.0	6.67209579686855E-310	-13465.078536008474	2.8822009286607646E307	1.8205304109732092E307	4.971998565642055E307	2.4234137492876473E307	1.0206690015959594E307	2	6	2	6	3
150000	-19062.23006639998	-3432.302860561805	-15629.927205838178	-3432.302860561805	2.258798341255695E307	1.4803414782779924E308	0.6606295708551823	0.2485017011269125	2.4942941041335684	0.25720419473952116	0.2485017011269125	2.4942941041335684	0.25720419473952116	0.10054545082087331	6.88847756640845E-310	0.0	0.0	6.8594863889278E-310	-13467.831110822206	8.063380296203504E307	4.280623566293827E307	6.201063046625883E307	8.164306693714833E307	1.3142275895623458E307	1	9	3	2	4
151000	-19090.272812290095	-3451.9305574480636	-15638.342254842033	-3451.9305574480636	1.1183762927154722E307	6.617353540511261E307	0.6606295708551823	0.2485017011269125	2.4942941041335684	0.25720419473952116	0.2485017011269125	2.4942941041335684	0.25720419473952116	0.21840690577240182	1.34972033082508E-309	0.0	0.0	1.29266819105787E-309	-13454.1801919499	1.7621579607478126E307	1.6404004337693337E307	1.357571447817418E307	6.04862084514425E306	4.53395553477204E306	10	1	4	2	2
152000	-19091.198706711388	-3460.987889099795	-15630.210817611593	-3460.987889099795	6.100096831429591E306	3.465057540382897E307	0.6606295708551823	0.06219168408506806	2.680604121175413	0.25720419473952116	0.06219168408506806	2.680604121175413	0.25720419473952116	0.19825103194473448	2.35178187636811E-309	0.0	0.0	2.507878018640047E-309	-13445.212694369204	2.2238427088475543E307	1.8378889946032753E307	9.952132192301239E306	2.777966952482431E306	1.8627935914514228E306	3	9	4	2	1
153000	-19075.50025935118	-3456.577193279661	-15618.923066071522	-3456.577193279661	4.1459807084255195E306	2.497313944824709E307	0.6606295708551823	0.1843224696561817	2.5584733356042992	0.25720419473952116	0.1843224696561817	2.5584733356042992	0.25720419473952116	0.21381923365535066	3.7465166250387E-309	0.0	0.0	4.09229722182014E-309	-13435.596436065805	4.406723912017577E306	1.1185220780249357E307	1.0159704987942072E307	9.864931893104775E306	2.849862477027267E306	5	2	5	4	3
154000	-19067.861943665695	-3429.057587181964	-15638.80435648373	-3429.057587181964	8.543175559340508E306	4.514942141010447E307	0.7511633454720146	0.1843224696561817	2.5584733356042992	0.25720419473952116	0.1843224696561817	2.5584733356042992	0.25720419473952116	0.31713411926755203	2.462286914148906E-309	0.0	0.0	2.365750791421455E-309	-13446.035420360795	6.649357075746519E306	7.772342726144178E306	8.593186749699394E306	4.83204809694451E306	2.3494823937595357E306	2	12	2	1	2
155000	-19113.37575744574	-3464.922807797816	-15648.452949647924	-3464.922807797816	1.1144999439763918E307	5.764352263472124E307	0.7511633454720146	0.1843224696561817	2.333907748439168	0.48176978190465225	0.1843224696561817	2.333907748439168	0.48176978190465225	0.2509476032608073	1.50778131449997E-309	0.0	0.0	1.401722130651287E-309	-13448.400338681606	8.101713230127214E306	1.7997320818852955E307	1.845321609854666E307	1.5357056208578767E307	7.247446657626849E306	5	5	4	1	4
156000	-19092.305410269313	-3422.644815421157	-15669.660594848157	-3422.644815421157	3.034050212930194E307	1.5273939735877989E308	0.7511633454720146	0.1843224696561817	2.333907748439168	0.48176978190465225	0.1843224696561817	2.333907748439168	0.48176978190465225	0.3092436890577696	6.0157912823697E-310	0.0	0.0	6.0907946537133E-310	-13468.812385895606	2.9754379816596835E307	1.835524545574741E307	4.280240564893786E307	3.067853184106135E307	1.3012142280831808E307	2	9	3	1	4
157000	-19076.64964675764	-3431.984273818243	-15644.665372939398	-3431.984273818243	4.518673237598567E307	Infinity	0.7511633454720146	0.1843224696561817	2.333907748439168	0.48176978190465225	0.1843224696561817	2.333907748439168	0.48176978190465225	0.11029438596749831	0.0	0.0	0.0	3.2538745074984E-310	-13481.684963374944	5.432337571132767E307	2.513463866327681E307	3.591064613850229E307	4.3997383056101764E307	4.769866311626575E306	5	7	1	5	1
158000	-19101.785525132458	-3441.8863471704053	-15659.899177962054	-3441.8863471704053	3.4314929139234385E307	Infinity	0.7511633454720146	0.1843224696561817	2.333907748439168	0.48176978190465225	0.1843224696561817	2.333907748439168	0.48176978190465225	0.1976418477508378	0.0	0.0	0.0	4.189698379549E-310	-13478.802594209435	4.781495034163274E307	2.1155421303673032E307	6.050573774228677E307	2.6636749267940256E307	1.0972870773377499E307	3	2	1	10	3
159000	-19100.948015965547	-3436.6341571109933	-15664.313858854553	-3436.6341571109933	6.702958854372756E307	Infinity	0.7511633454720146	0.06084801257465658	2.457382205520693	0.48176978190465225	0.06084801257465658	2.457382205520693	0.48176978190465225	0.1862899314741044	0.0	0.0	0.0	2.90193574056305E-310	-13480.877863087666	4.0807315320974394E307	4.0213479844940174E307	4.336609351514821E307	3.7447635795210793E307	4.145792265267296E307	7	2	7	1	2
160000	-19089.511773516217	-3423.962598052049	-15665.549175464166	-3423.962598052049	5.980325656330148E307	Infinity	0.7511633454720146	0.06084801257465658	2.457382205520693	0.48176978190465225	0.06084801257465658	2.457382205520693	0.48176978190465225	0.21680272469705408	0.0	0.0	0.0	4.16931151561527E-310	-13478.405643828826	4.0224588422353756E307	3.329162385555596E307	5.934412290874886E307	3.124963965556177E307	1.789241271985304E307	2	2	5	9	1
161000	-19102.24678829391	-3432.6768686991077	-15669.5699195948	-3432.6768686991077	4.893109049224786E307	Infinity	0.7511633454720146	0.06084801257465658	2.457382205520693	0.48176978190465225	0.06084801257465658	2.457382205520693	0.48176978190465225	0.21200454396436438	0.0	0.0	0.0	4.2610322963189E-310	-13479.585932658849	8.53885836178608E307	9.203598645136932E307	2.5517097357027546E307	8.754783855630147E307	2.1330394610377766E307	1	2	1	10	5
162000	-19088.67099352902	-3446.910321538256	-15641.760671990764	-3446.910321538256	1.8958660430415748E307	1.0309236790080287E308	0.7511633454720146	0.06084801257465658	2.457382205520693	0.48176978190465225	0.06084801257465658	2.457382205520693	0.48176978190465225	0.1829197739011855	8.78682223208E-310	0.0	0.0	8.969468663286E-310	-13461.338903829132	4.884512073389925E307	1.5319735774683951E307	1.3665415592836698E307	2.5118940311591334E307	1.7666604282668404E307	1	2	1	12	3
163000	-19081.875224509953	-3436.053479090824	-15645.82174541913	-3436.053479090824	1.5182489285889415E307	7.739209959866793E307	0.7511633454720146	0.06084801257465658	2.457382205520693	0.48176978190465225	0.06084801257465658	2.457382205520693	0.48176978190465225	0.26962767935215765	1.16530998645364E-309	0.0	0.0	1.17696646101462E-309	-13455.312473253573	1.4616861494507688E307	8.563932059447114E306	5.717477787148293E306	2.54279175051898E307	1.1162306255719855E307	1	5	3	7	3
164000	-19058.764718834616	-3444.04029959586	-15614.724419238755	-3444.04029959586	1.151966978712768E307	5.369069704428387E307	0.7511633454720146	0.06084801257465658	2.457382205520693	0.48176978190465225	0.06084801257465658	2.457382205520693	0.48176978190465225	0.12306681606416084	1.755546176793363E-309	0.0	0.0	1.80153456405512E-309	-13448.096513659797	9.248337099690836E306	7.981871093252765E306	1.2173219880221464E307	1.2270058357523254E307	9.030587537951375E306	3	6	2	1	7
165000	-19099.76302782277	-3435.3003151123453	-15664.462712710425	-3435.3003151123453	3.018657347593999E307	1.6767984348102526E308	0.7511633454720146	0.06084801257465658	2.457382205520693	0.48176978190465225	0.06084801257465658	2.457382205520693	0.48176978190465225	0.17643955361583993	4.9166949058152E-310	0.0	0.0	4.84904816991205E-310	-13471.849752375592	2.0009574179304257E307	4.120421974061588E307	4.258972460183085E307	3.448952413343747E307	3.056872563514526E307	1	1	2	2	13
166000	-19056.272804503686	-3430.2324940359695	-15626.040310467715	-3430.2324940359695	3.8088829835016255E307	Infinity	0.7511633454720146	0.06084801257465658	2.457382205520693	0.48176978190465225	0.06084801257465658	2.457382205520693	0.48176978190465225	0.09618456616035727	0.0	0.0	0.0	4.90352222525806E-310	-13473.129938429593	9.716626195986784E307	4.0290112383472697E307	3.4793366834134796E307	2.326395419997449E307	2.3318817539726037E307	1	9	5	3	1
167000	-19081.316537052848	-3441.9088649121973	-15639.407672140649	-3441.9088649121973	2.644244503281917E307	1.6955729901896537E308	0.7511633454720146	0.06084801257465658	2.457382205520693	0.48176978190465225	0.06084801257465658	2.457382205520693	0.48176978190465225	0.10856693425643818	5.43290255872123E-310	0.0	0.0	5.3545837360011E-310	-13471.69094530277	2.797473059888189E307	5.783209730236853E307	9.003035846353404E307	2.000197572905063E307	1.9107969700962946E307	10	1	5	2	1
168000	-19112.377354635053	-3433.5978837669427	-15678.77947086811	-3433.5978837669427	3.324633650185916E307	1.7309144849461113E308	0.7511633454720146	0.06084801257465658	2.457382205520693	0.48176978190465225	0.06084801257465658	2.457382205520693	0.48176978190465225	0.3778576991058971	5.84216284164767E-310	0.0	0.0	6.22122035299544E-310	-13473.114350641215	8.151502355426142E307	5.877147753866993E307	3.303444944093341E307	3.5594665288815006E307	2.99606732599805E307	3	7	3	5	1
169000	-19121.765842110042	-3443.6634829606132	-15678.10235914943	-3443.6634829606132	1.1393694171024276E308	Infinity	0.7511633454720146	0.06084801257465658	2.6406619094895585	0.29849007793578675	0.06084801257465658	2.6406619094895585	0.29849007793578675	0.17267798693665914	0.0	0.0	0.0	1.51438699103208E-310	-13492.429617316342	8.913536689018477E307	8.922442730444967E307	1.5882291434608973E308	1.4573944448806199E308	7.864548326727322E307	3	6	1	6	3
170000	-19081.204518884937	-3426.441208098321	-15654.763310786615	-3426.441208098321	1.0266428686169945E308	Infinity	0.7511633454720146	0.06084801257465658	2.3924662934825767	0.5466856939427684	0.06084801257465658	2.3924662934825767	0.5466856939427684	0.09187835577323426	0.0	0.0	0.0	1.86448540399046E-310	-13490.796533322573	9.065152346823707E307	1.4456944956372851E308	7.907164023792996E307	1.2799278323169336E308	1.133708077699885E308	3	5	4	3	4
171000	-19063.950735788458	-3425.5477535661666	-15638.40298222229	-3425.5477535661666	4.911159742360191E307	Infinity	0.7511633454720146	0.06084801257465658	2.635854014081368	0.3032979733439771	0.06084801257465658	2.635854014081368	0.3032979733439771	0.10432390698506706	0.0	0.0	0.0	4.68115217227064E-310	-13477.389996203954	6.200046522610629E307	4.0814076360225283E307	4.4343572291425844E307	3.843000488450807E307	3.367987669270093E307	8	1	6	1	3
172000	-19126.193464652053	-3437.8954178189597	-15688.298046833095	-3437.8954178189597	7.989923255007563E307	Infinity	0.7511633454720146	0.06084801257465658	2.635854014081368	0.3032979733439771	0.06084801257465658	2.635854014081368	0.3032979733439771	0.2629240378903413	0.0	0.0	0.0	1.9417614007043E-310	-13494.314207774503	1.0476455005973112E308	1.1358170181017811E308	1.4429913497043839E308	1.1930614102796931E308	4.364111330725395E307	5	1	3	5	5
173000	-19123.648909323092	-3437.5437705924287	-15686.105138730665	-3437.5437705924287	8.070576828344857E307	Infinity	0.7511633454720146	0.06084801257465658	2.635854014081368	0.3032979733439771	0.06084801257465658	2.635854014081368	0.3032979733439771	0.2467734635117888	0.0	0.0	0.0	1.55884083304074E-310	-13493.67398400305	1.7203274175927776E308	6.869425706299173E307	9.434218240998865E307	9.762523819962905E307	4.754508160817396E307	1	4	8	4	2
174000	-19143.088781620703	-3447.6593863468456	-15695.429395273857	-3447.6593863468456	1.3343175581788643E308	Infinity	0.7511633454720146	0.06084801257465658	2.635854014081368	0.3032979733439771	0.06084801257465658	2.635854014081368	0.3032979733439771	0.25543468098768785	0.0	0.0	0.0	1.4619292495127E-310	-13501.997742346211	1.179070497051978E308	7.887610178186108E307	6.770515789931039E307	7.987960664888632E307	6.022869020627692E307	3	4	7	3	2
175000	-19128.35405324747	-3446.6361320125247	-15681.717921234946	-3446.6361320125247	4.0232149670167613E307	Infinity	0.7511633454720146	0.06084801257465658	2.635854014081368	0.3032979733439771	0.06084801257465658	2.635854014081368	0.3032979733439771	0.3078963423869095	0.0	0.0	0.0	5.31900630893863E-310	-13479.786381651897	1.098637157738996E308	5.599042760771914E307	3.426970241389994E307	1.9143595475466105E307	1.2266645563231576E307	7	6	3	1	2
176000	-19103.557499272654	-3423.952315583049	-15679.605183689604	-3423.952315583049	2.924206489678458E307	Infinity	0.7511633454720146	0.06084801257465658	2.635854014081368	0.3032979733439771	0.06084801257465658	2.635854014081368	0.3032979733439771	0.30655289777897826	0.0	0.0	0.0	4.8625671830165E-310	-13479.17990513059	8.248239634961882E307	8.4397902236717E307	8.361139343667494E307	4.716665563362205E307	3.7345926522954406E307	1	7	9	1	1
177000	-19107.815449025813	-3436.8025978954697	-15671.012851130345	-3436.8025978954697	2.153333253219931E307	1.4742925681938315E308	0.7511633454720146	0.16301483982754877	2.533687186828476	0.3032979733439771	0.16301483982754877	2.533687186828476	0.3032979733439771	0.29911725243792736	6.48223931260414E-310	0.0	0.0	5.9847853043922E-310	-13474.565843661187	7.545343219524479E307	6.764157255993214E307	4.23867892226361E307	3.56563737581571E307	4.667573057964513E307	3	7	6	2	1
178000	-19112.595424162908	-3449.454941106085	-15663.140483056824	-3449.454941106085	7.438217382853354E307	Infinity	0.7511633454720146	0.16301483982754877	2.533687186828476	0.3032979733439771	0.16301483982754877	2.533687186828476	0.3032979733439771	0.12264608946339312	0.0	0.0	0.0	2.30737917062666E-310	-13486.071799798236	1.212838368997043E308	1.2289922312641869E308	4.220825582640741E307	5.235548507690846E307	4.399014762238259E307	1	3	10	4	1
179000	-19120.780691527314	-3435.126920267407	-15685.653771259907	-3435.126920267407	8.628254288824706E307	Infinity	0.7511633454720146	0.16301483982754877	2.533687186828476	0.3032979733439771	0.16301483982754877	2.533687186828476	0.3032979733439771	0.2526145899351763	0.0	0.0	0.0	2.153108461161E-310	-13490.688649262675	7.224849542494736E307	4.731246251814532E307	1.0593238728668121E308	8.925571111278149E307	2.4594458078895293E307	9	1	2	1	6
180000	-19130.079396160847	-3437.4025882100314	-15692.676807950817	-3437.4025882100314	5.017999011427542E307	Infinity	0.7511633454720146	0.16301483982754877	2.533687186828476	0.3032979733439771	0.16301483982754877	2.533687186828476	0.3032979733439771	0.3868648222371684	0.0	0.0	0.0	4.0139901460041E-310	-13475.2929925581	3.6109700965370163E307	1.827245635488003E307	2.48306122478077E307	3.621351614728963E307	2.463981471099953E307	10	2	1	1	5
181000	-19060.840802483224	-3435.525772797005	-15625.315029686219	-3435.525772797005	2.3281168621747827E307	9.983365035771185E307	0.7511633454720146	0.16301483982754877	2.533687186828476	0.3032979733439771	0.16301483982754877	2.533687186828476	0.3032979733439771	0.10096426556047594	9.72497606739413E-310	0.0	0.0	1.025652683806583E-309	-13463.727453803369	1.0030791086315393E308	5.365008205293077E307	5.412514588936724E307	1.7853633716126126E307	1.9121664081762525E307	1	5	1	11	1
182000	-19111.89396782277	-3428.2568601566045	-15683.637107666165	-3428.2568601566045	1.0718054528659327E308	Infinity	0.7511633454720146	0.16301483982754877	2.533687186828476	0.3032979733439771	0.16301483982754877	2.533687186828476	0.3032979733439771	0.24554337421233075	0.0	0.0	0.0	2.14854595946138E-310	-13488.061575883867	8.240099641639802E307	7.599086035917158E307	8.702922503818536E307	4.060413369354729E307	1.2107912752052352E307	1	14	1	2	1
183000	-19130.73729436625	-3439.9443837846948	-15690.792910581555	-3439.9443837846948	8.056980821027478E307	Infinity	0.7511633454720146	0.16301483982754877	2.308839272708576	0.5281458874638767	0.16301483982754877	2.308839272708576	0.5281458874638767	0.28022492157125184	0.0	0.0	0.0	2.125536478404E-310	-13488.556111205853	6.384432600187778E307	1.2693334704432383E308	3.7400994410834107E307	2.001214612599814E307	1.0172483003272998E307	7	8	1	2	1
184000	-19102.964091838272	-3439.3208645893196	-15663.643227248951	-3439.3208645893196	3.8627078440257483E307	Infinity	0.7511633454720146	0.16301483982754877	2.308839272708576	0.5281458874638767	0.16301483982754877	2.308839272708576	0.5281458874638767	0.22334970857792083	0.0	0.0	0.0	4.2163056336101E-310	-13474.239709566864	3.4384068259695897E307	9.15721124958047E307	4.132246108601474E307	1.38591337660432E307	5.524414232292093E306	8	7	1	2	1
185000	-19083.111375823948	-3422.8652592423914	-15660.246116581557	-3422.8652592423914	4.755585235541386E307	Infinity	0.7511633454720146	0.022034402061557407	2.4498197104745674	0.5281458874638767	0.022034402061557407	2.4498197104745674	0.5281458874638767	0.17023759618890902	0.0	0.0	0.0	4.6103730663489E-310	-13476.300680717457	7.243474818596966E307	3.86384853003824E307	3.7019979996215257E307	6.279818157840753E307	2.1182680200710028E307	4	7	1	5	2
186000	-19108.81095431751	-3444.1863139217094	-15664.624640395798	-3444.1863139217094	4.0357638915813126E307	Infinity	0.7511633454720146	0.022034402061557407	2.4498197104745674	0.5281458874638767	0.022034402061557407	2.4498197104745674	0.5281458874638767	0.2162351334727978	0.0	0.0	0.0	6.0014519776608E-310	-13473.68444811973	2.752104385057517E307	3.02085802865731E307	4.4942109567615904E307	2.756192976265528E307	2.4607015422261963E307	5	1	2	9	2
187000	-19066.6599805607	-3431.1311254944226	-15635.528855066279	-3431.1311254944226	2.006317916787917E307	1.1026588534773053E308	0.7511633454720146	0.022034402061557407	2.4498197104745674	0.5281458874638767	0.022034402061557407	2.4498197104745674	0.5281458874638767	0.13712050304592022	9.884370615143E-310	0.0	0.0	1.023997566775157E-309	-13464.610851986523	7.37321995363204E306	7.751211091074154E306	1.4518833105930086E307	2.273185806901022E307	6.160591570677527E307	2	1	4	7	5
188000	-19097.29495772034	-3437.6012108370437	-15659.693746883295	-3437.6012108370437	3.2976509305414406E307	1.5942136872994364E308	0.7511633454720146	0.18583939760141252	2.5191622538082346	0.2949983485903544	0.18583939760141252	2.5191622538082346	0.2949983485903544	0.21648528756537072	4.69536687547235E-310	0.0	0.0	4.48310932758245E-310	-13468.284808259907	3.101149982242296E307	2.1925984419919968E307	4.70414504586053E307	3.4101406950764104E307	1.4507499719204337E307	2	2	4	10	1
189000	-19097.046208562977	-3442.178238561282	-15654.867970001696	-3442.178238561282	1.320037242705302E308	Infinity	0.7511633454720146	0.18583939760141252	2.2530512760268415	0.5611093263717475	0.18583939760141252	2.2530512760268415	0.5611093263717475	0.10841728223110422	0.0	0.0	0.0	2.75202493246764E-310	-13488.932148681826	1.3236099064111256E308	1.0933480526226172E308	8.753277651138169E307	9.326847073523139E307	1.0217145654457163E308	2	2	4	10	1
190000	-19133.31758145897	-3440.252255624975	-15693.065325833997	-3440.252255624975	1.3410447759677505E308	Infinity	0.7511633454720146	0.18583939760141252	2.2530512760268415	0.5611093263717475	0.18583939760141252	2.2530512760268415	0.5611093263717475	0.24161571211549537	0.0	0.0	0.0	1.6652104036124E-310	-13496.965018867772	1.4917417212913818E308	1.1837296819423026E308	8.11368346357685E307	1.0773666047015107E308	1.532942259161453E308	6	3	2	1	7
191000	-19151.99529007526	-3446.2949071495127	-15705.70038292575	-3446.2949071495127	8.36157464056917E307	Infinity	0.7511633454720146	0.013270468251753653	2.4256202053765006	0.5611093263717475	0.013270468251753653	2.4256202053765006	0.5611093263717475	0.3156602987169514	0.0	0.0	0.0	1.87561701973037E-310	-13490.686252000027	7.85957513756722E307	1.8100338329776E307	2.866157122972577E307	1.2324728561032691E308	1.4387290339242339E308	3	1	1	2	12
192000	-19111.42348258002	-3445.4368387073855	-15665.986643872633	-3445.4368387073855	9.894124825654027E307	Infinity	0.7511633454720146	0.013270468251753653	2.4256202053765006	0.5611093263717475	0.013270468251753653	2.4256202053765006	0.5611093263717475	0.11639421200791362	0.0	0.0	0.0	1.76282350503013E-310	-13491.687991933164	3.593659298894167E307	9.55686745507393E307	1.239002296495202E308	9.146486719947759E307	6.27204210181815E307	1	1	10	5	2
193000	-19113.07813380149	-3433.931201178686	-15679.146932622803	-3433.931201178686	1.0176647419001198E308	Infinity	0.7511633454720146	0.013270468251753653	2.4256202053765006	0.5611093263717475	0.013270468251753653	2.4256202053765006	0.5611093263717475	0.16405158038547327	0.0	0.0	0.0	1.70114735920785E-310	-13492.885917009302	1.3357834955003349E308	1.075667204166269E308	1.0292784525631522E308	5.237550959680629E307	2.7922038091331405E307	4	2	9	3	1
194000	-19104.040269878773	-3442.7969994576847	-15661.24327042109	-3442.7969994576847	4.912670022403587E307	Infinity	0.7511633454720146	0.013270468251753653	2.4256202053765006	0.5611093263717475	0.013270468251753653	2.4256202053765006	0.5611093263717475	0.15923438766437326	0.0	0.0	0.0	3.7004822731238E-310	-13480.945030716892	9.645907934227253E307	1.11647974131743E308	4.3960799439054197E307	5.069139447214063E307	2.6130479266432605E307	2	5	5	6	1
195000	-19111.593764496218	-3450.6404270166986	-15660.953337479517	-3450.6404270166986	6.31224824524773E307	Infinity	0.7511633454720146	0.013270468251753653	2.4256202053765006	0.5611093263717475	0.013270468251753653	2.4256202053765006	0.5611093263717475	0.11466702920594037	0.0	0.0	0.0	2.7218864933578E-310	-13485.802620497874	6.536653870294184E307	6.046912234327046E307	1.0613051643293165E308	5.954479024706016E307	5.931909494174066E307	2	6	9	1	1
196000	-19101.33109717597	-3428.694941905441	-15672.63615527053	-3428.694941905441	1.0184330818931792E308	Infinity	0.7511633454720146	0.013270468251753653	2.4256202053765006	0.5611093263717475	0.013270468251753653	2.4256202053765006	0.5611093263717475	0.1690204292389996	0.0	0.0	0.0	1.75528655512087E-310	-13492.006066169664	1.2152711353376564E308	1.2137193911920238E308	1.2395414222455598E308	4.712734975178185E307	3.227210847467388E307	2	6	7	1	3
197000	-19097.69601559233	-3453.628068622221	-15644.067946970108	-3453.628068622221	4.7747361818493E307	Infinity	0.7511633454720146	0.013270468251753653	2.4256202053765006	0.5611093263717475	0.013270468251753653	2.4256202053765006	0.5611093263717475	0.1117171767461596	0.0	0.0	0.0	3.6782125840195E-310	-13477.913586918356	6.064461389928559E307	5.002140179797163E307	3.9387891234232777E307	3.695690417283705E307	1.1946780860286887E307	4	1	7	4	3
198000	-19110.5067465113	-3447.7066002806405	-15662.800146230658	-3447.7066002806405	6.313226248939545E307	Infinity	0.7511633454720146	0.013270468251753653	2.6897314279767226	0.29699810377152525	0.013270468251753653	2.6897314279767226	0.29699810377152525	0.1124953785081471	0.0	0.0	0.0	2.3956369623527E-310	-13486.311279743753	8.49696315154705E307	4.727420016919371E307	5.443825036847274E307	5.736777136205016E307	9.580464415643977E307	6	3	3	2	5
199000	-19125.542219478648	-3439.557249478065	-15685.984970000583	-3439.557249478065	5.465565583663378E307	Infinity	0.7511633454720146	0.013270468251753653	2.6897314279767226	0.29699810377152525	0.013270468251753653	2.6897314279767226	0.29699810377152525	0.18800434029705082	0.0	0.0	0.0	2.88213472334095E-310	-13489.334931786887	1.794182764076424E308	5.798351715566561E307	5.066521904946413E307	6.806495768851803E307	4.819524322729066E307	2	1	5	4	7
200000	-19136.326651354346	-3442.614320344939	-15693.712331009407	-3442.614320344939	6.609564558714958E307	Infinity	0.7511633454720146	0.013270468251753653	2.6897314279767226	0.29699810377152525	0.013270468251753653	2.6897314279767226	0.29699810377152525	0.2170588320627876	0.0	0.0	0.0	2.55930318546355E-310	-13488.62797072075	1.1857831696996926E308	8.868223832072924E307	1.128724614773711E308	1.3851772884059195E308	5.271125960656181E307	1	6	2	1	9
201000	-19156.82694386798	-3451.110066989617	-15705.716876878365	-3451.110066989617	6.1389718267332E307	Infinity	0.7511633454720146	0.013270468251753653	2.6897314279767226	0.29699810377152525	0.013270468251753653	2.6897314279767226	0.29699810377152525	0.3841567886494716	0.0	0.0	0.0	2.1326329912314E-310	-13487.755473027695	1.3843034637848895E308	9.652115933192584E307	9.22046026865456E307	1.2002222551165445E308	2.8704353463377145E307	6	2	7	2	2
202000	-19112.37200592624	-3439.8292720968893	-15672.542733829352	-3439.8292720968893	2.2141453052823698E307	1.3331560701510134E308	0.7511633454720146	0.013270468251753653	2.6897314279767226	0.29699810377152525	0.013270468251753653	2.6897314279767226	0.29699810377152525	0.3239407774122206	6.33326010983293E-310	0.0	0.0	5.70185385510135E-310	-13467.684824543261	2.652941231506709E307	2.2013044709380764E307	3.869729231303153E307	3.265467539858697E307	1.6078902774252328E307	5	2	6	2	4
203000	-19117.473753180213	-3444.1769629385617	-15673.296790241651	-3444.1769629385617	2.703682858428336E307	1.4081168032841894E308	0.7511633454720146	0.013270468251753653	2.6897314279767226	0.29699810377152525	0.013270468251753653	2.6897314279767226	0.29699810377152525	0.34486903605303604	7.7498310443715E-310	0.0	0.0	8.87470692607215E-310	-13467.251265761466	2.1317669809980139E307	1.6966970820390316E307	2.3185843747269745E307	3.8980539076102297E307	1.0877674549797816E307	8	1	3	3	4
204000	-19084.705466489373	-3446.4933181517576	-15638.212148337616	-3446.4933181517576	1.9927354502297876E307	8.889704538886626E307	0.7511633454720146	0.013270468251753653	2.6897314279767226	0.29699810377152525	0.013270468251753653	2.6897314279767226	0.29699810377152525	0.2320260443035945	1.005599119532996E-309	0.0	0.0	1.05375814066019E-309	-13457.425555717642	3.8168503945590176E307	1.9695557399018247E307	9.466043975362937E306	1.2967091479805252E307	1.3584825635223476E307	3	1	5	7	3
205000	-19120.151607787473	-3461.9007389547537	-15658.25086883272	-3461.9007389547537	7.822382633538599E306	3.382930107338167E307	0.7511633454720146	0.013270468251753653	2.6897314279767226	0.29699810377152525	0.013270468251753653	2.6897314279767226	0.29699810377152525	0.409536605021204	2.328151575295065E-309	0.0	0.0	2.13358055042545E-309	-13448.510976622052	3.340274485046552E307	2.0253355669638294E307	1.0282763935593615E307	2.1868574644653443E307	1.5274783596995657E307	3	1	5	3	7
206000	-19038.80604560493	-3448.907832543965	-15589.898213060966	-3448.907832543965	1.1839263247790123E307	5.027425758376865E307	0.7511633454720146	0.013270468251753653	2.4350088039207214	0.5517207278275262	0.013270468251753653	2.4350088039207214	0.5517207278275262	0.05681885449475829	1.709852697481747E-309	0.0	0.0	1.733934069230957E-309	-13443.999095285224	1.0015444851655893E307	6.853459630651141E306	7.595066620903027E306	4.6155144515294045E306	9.582238061114534E306	6	1	1	7	4
207000	-19049.032763413557	-3440.078454487782	-15608.954308925775	-3440.078454487782	5.3476706153227125E306	3.0143301064903864E307	0.7511633454720146	0.2277388857186921	2.220540386453783	0.5517207278275262	0.2277388857186921	2.220540386453783	0.5517207278275262	0.15191077262121364	3.149623897497347E-309	0.0	0.0	3.06523113294791E-309	-13438.110863630962	5.494735762417546E306	7.553070355599096E306	5.665705644301094E306	5.499902113321518E306	1.7930348402941387E306	2	1	11	1	4
208000	-19043.34296522482	-3440.4254829728197	-15602.917482252	-3440.4254829728197	2.1719938605055103E306	1.0401019031815514E307	0.7511633454720146	0.2277388857186921	2.220540386453783	0.5517207278275262	0.2277388857186921	2.220540386453783	0.5517207278275262	0.2522920494143575	7.30467476287786E-309	0.0	0.0	7.51543657508103E-309	-13419.877887888351	3.97464639199372E306	5.009619567275722E306	2.0933521857656172E306	2.099050617854359E306	4.139764963514555E306	5	3	5	5	1
209000	-19040.491643170775	-3452.674333116134	-15587.817310054643	-3452.674333116134	1.2177369958381564E306	7.389207161987796E306	0.7511633454720146	0.2277388857186921	2.220540386453783	0.5517207278275262	0.2277388857186921	2.220540386453783	0.5517207278275262	0.17496332086978383	1.431372999023325E-308	0.0	0.0	1.3819680709150443E-308	-13416.280116231686	6.895898626972096E306	2.6020738123061336E306	3.409861079554054E306	2.099050617854359E306	9.772611175707754E305	3	4	3	8	1
210000	-19001.577174015754	-3438.035997288907	-15563.541176726849	-3438.035997288907	1.0409004235023247E306	5.48269792983509E306	0.7511633454720146	0.2277388857186921	2.220540386453783	0.5517207278275262	0.2277388857186921	2.220540386453783	0.5517207278275262	0.1172122399220758	1.620413230617719E-308	0.0	0.0	1.6333032535240834E-308	-13407.309068871722	3.053871131392945E306	1.1083627045373263E306	1.4876415052479996E306	1.457319248373154E306	3.32063257203314E305	2	3	7	3	4
211000	-19015.5915405687	-3441.7084633261725	-15573.883077242528	-3441.7084633261725	8.46491546857166E305	5.026427306128144E306	0.7511633454720146	0.2277388857186921	2.220540386453783	0.5517207278275262	0.2277388857186921	2.220540386453783	0.5517207278275262	0.17967851187003345	2.1297004562122564E-308	0.0	0.0	2.1455123645796585E-308	-13407.254283803752	1.3409154694937263E306	1.9339813854689583E306	1.1098168259877031E306	1.8574859754549666E306	1.255147819269722E306	3	1	12	1	2
212000	-19042.450188663883	-3432.4533078598747	-15609.996880804007	-3432.4533078598747	1.2721751472403691E306	7.849438982395414E306	0.7511633454720146	0.2277388857186921	2.220540386453783	0.5517207278275262	0.2277388857186921	2.220540386453783	0.5517207278275262	0.36935923558343886	1.392289632748427E-308	0.0	0.0	1.6239614683207597E-308	-13414.578020004936	6.313249687928451E306	2.826925195835778E306	2.2638700799009096E306	2.3365940346600768E306	3.2416048089822262E305	1	1	12	3	2
213000	-19065.821286060516	-3449.207377608142	-15616.613908452373	-3449.207377608142	1.7376007511614637E306	1.259966864528025E307	0.7511633454720146	0.2277388857186921	2.220540386453783	0.5517207278275262	0.2277388857186921	2.220540386453783	0.5517207278275262	0.34858622534825107	8.872049171906634E-309	0.0	0.0	8.704194728350917E-309	-13421.473730861939	9.712200919998078E306	3.6078036205118225E306	3.3454983710550684E306	1.0643924406360296E306	5.2367861112760564E305	1	8	6	1	3
214000	-19033.59112072173	-3437.332057682175	-15596.259063039555	-3437.332057682175	3.224166599571172E306	1.7631615865631419E307	0.7511633454720146	0.2277388857186921	2.418306664346267	0.3539544499350422	0.2277388857186921	2.418306664346267	0.3539544499350422	0.13328991703520843	5.86579103215891E-309	0.0	0.0	6.306907302252226E-309	-13427.57878428441	5.2640359148574253E306	4.722722232383296E306	5.505319075886805E306	3.891515538333909E306	9.198606556307892E305	1	1	5	10	2
215000	-19070.338226092143	-3445.0856046080303	-15625.252621484111	-3445.0856046080303	4.0580232007152075E306	2.533972448808689E307	0.7511633454720146	0.2277388857186921	2.418306664346267	0.3539544499350422	0.2277388857186921	2.418306664346267	0.3539544499350422	0.21152555592999736	3.70234653196207E-309	0.0	0.0	3.410029367904407E-309	-13437.657937999991	7.64809268495816E306	1.192914549624977E307	1.0725119203045916E307	1.059536758847785E307	4.660123217902163E306	9	1	2	4	3
216000	-19086.84260925329	-3436.511001887038	-15650.331607366252	-3436.511001887038	1.5179801237770087E307	8.074831327168807E307	0.7511633454720146	0.2277388857186921	2.418306664346267	0.3539544499350422	0.2277388857186921	2.418306664346267	0.3539544499350422	0.30337708555118725	1.01628476906378E-309	0.0	0.0	1.160590631205356E-309	-13456.970153650092	3.2165399889284604E307	1.3230596144812175E307	1.257665022475229E307	1.8819844202354606E307	1.0364547842009088E307	2	2	8	5	2
217000	-19075.358031440464	-3432.4387537384387	-15642.919277702025	-3432.4387537384387	2.0948136163823925E307	9.4298790257618E307	0.7511633454720146	0.2277388857186921	2.418306664346267	0.3539544499350422	0.2277388857186921	2.418306664346267	0.3539544499350422	0.20827774006255567	9.30834693940613E-310	0.0	0.0	9.36270019613316E-310	-13458.901697912226	1.0483149074847744E307	9.664994834622074E306	1.0274818369009829E307	2.490043070393183E307	1.3021097063272262E307	2	1	10	5	1
218000	-19042.456639625132	-3428.358794285369	-15614.097845339764	-3428.358794285369	5.499065682433464E306	2.4996839243976134E307	0.7511633454720146	0.2277388857186921	2.418306664346267	0.3539544499350422	0.2277388857186921	2.418306664346267	0.3539544499350422	0.18933492112184935	4.91056669095571E-309	0.0	0.0	5.39244724439973E-309	-13437.388408122655	9.917751599610466E306	1.620895825763125E307	5.956553024720618E306	4.2301434939585634E306	4.707224117898874E306	4	3	4	5	3
219000	-19062.17692417869	-3446.2360547510643	-15615.940869427626	-3446.2360547510643	1.175518170883376E307	4.447555927215121E307	0.7511633454720146	0.2277388857186921	2.418306664346267	0.3539544499350422	0.2277388857186921	2.418306664346267	0.3539544499350422	0.15534593099285662	1.979182751615695E-309	0.0	0.0	2.021866235836204E-309	-13442.302821063586	1.5937717117078482E307	5.964542084258688E306	7.195420141631315E306	8.972593371284698E306	9.495818965002853E306	1	10	3	3	2
220000	-19067.138344784707	-3436.141956456723	-15630.996388327985	-3436.141956456723	2.0538967183771511E307	9.211144534459717E307	0.7511633454720146	0.2277388857186921	2.418306664346267	0.3539544499350422	0.2277388857186921	2.418306664346267	0.3539544499350422	0.16227009187387648	1.14351426648855E-309	0.0	0.0	1.119671404505147E-309	-13455.722595263327	3.2082377208288156E307	1.2569962411568935E307	6.001337100655463E306	9.747589126146004E306	1.4818923312713832E307	2	7	3	1	6
221000	-19098.352551539487	-3433.2550015429497	-15665.097549996537	-3433.2550015429497	8.492147340241111E306	3.5894693369367295E307	0.7511633454720146	0.2277388857186921	2.273020322350439	0.49924079193087023	0.2277388857186921	2.273020322350439	0.49924079193087023	0.5759874809475349	2.484143671420275E-309	0.0	0.0	2.40885583069676E-309	-13443.959746911947	2.7443774611856133E307	7.675040790405546E306	7.425195680771938E306	1.2839935609062641E307	1.5896667137128733E307	2	8	6	1	2
222000	-19075.216881513523	-3444.1938355723887	-15631.023045941134	-3444.1938355723887	9.342887832406136E306	5.789638851490048E307	0.7511633454720146	0.0548660647532756	2.273020322350439	0.6721136128962868	0.0548660647532756	2.273020322350439	0.6721136128962868	0.1612250915671547	1.82381231991019E-309	0.0	0.0	1.894009873343167E-309	-13455.016383553713	3.186293543016148E307	1.5363709046366344E307	9.745266901774813E306	2.2514766812348445E306	2.3480830730240104E306	2	2	11	1	3
223000	-19072.530774991195	-3434.371652388102	-15638.159122603092	-3434.371652388102	6.180280599762166E306	2.2720095790546423E307	0.7511633454720146	0.0548660647532756	2.273020322350439	0.6721136128962868	0.0548660647532756	2.273020322350439	0.6721136128962868	0.3423631139453134	4.68492164893171E-309	0.0	0.0	5.169948153333773E-309	-13432.114180870349	1.0393016516105403E307	3.0094291354797294E306	5.583505111194155E306	5.310073421357415E306	2.972527458766418E306	2	7	6	1	3
224000	-19020.41692505683	-3432.6894381750826	-15587.727486881748	-3432.6894381750826	1.4830768352842595E306	9.244698500689428E306	0.7511633454720146	0.0548660647532756	2.273020322350439	0.6721136128962868	0.0548660647532756	2.273020322350439	0.6721136128962868	0.16696024194467654	9.26081078687363E-309	0.0	0.0	9.01480346018987E-309	-13417.168204292935	1.8346497653062153E306	2.391611264922873E306	2.9881038309787686E306	3.693397470087446E306	6.87145605931798E305	5	4	2	4	4
225000	-19072.140991932596	-3443.0152392773853	-15629.12575265521	-3443.0152392773853	8.853396618382931E306	5.325879526706798E307	0.7511633454720146	0.0548660647532756	2.4004466057427827	0.5446873295039432	0.0548660647532756	2.4004466057427827	0.5446873295039432	0.16206260353909613	1.90602842835528E-309	0.0	0.0	1.841331195025944E-309	-13451.642037409663	1.8686219825075805E307	1.4183060549008664E307	8.52496225027817E306	6.424576997955538E306	2.4890585846042925E306	2	6	4	5	2
226000	-19016.448449956988	-3432.4443272333006	-15584.004122723689	-3432.4443272333006	7.12283744740296E306	3.5697510394061637E307	0.7511633454720146	0.0548660647532756	2.4004466057427827	0.5446873295039432	0.0548660647532756	2.4004466057427827	0.5446873295039432	0.06943702425798559	3.113888944182636E-309	0.0	0.0	3.142054215282556E-309	-13441.095965693237	1.173330602574768E307	8.868657484389095E306	2.4072684234999278E306	4.1686298936713584E306	5.856984326461534E306	2	1	1	4	11
227000	-19047.277956511796	-3429.030523633914	-15618.247432877883	-3429.030523633914	5.407242948365438E306	2.489754804961388E307	0.7511633454720146	0.0548660647532756	2.4004466057427827	0.5446873295039432	0.0548660647532756	2.4004466057427827	0.5446873295039432	0.2936072865696399	4.053090639606374E-309	0.0	0.0	4.431101798139047E-309	-13432.508998990485	3.043128057673261E306	2.7818269833196598E306	2.9404606543146746E306	4.2266144845304036E306	2.976442645757211E306	1	9	5	2	2
228000	-19043.137753381012	-3434.5318516259645	-15608.605901755049	-3434.5318516259645	2.6459452585813027E306	1.3814361274336674E307	0.7511633454720146	0.0548660647532756	2.4004466057427827	0.5446873295039432	0.0548660647532756	2.4004466057427827	0.5446873295039432	0.2331035043289764	6.520169668981474E-309	0.0	0.0	6.714503980817267E-309	-13422.592752520588	1.885289973485336E306	1.327408181482976E306	4.4130727845558525E306	2.69147712963828E306	1.752289940172175E306	2	6	4	5	2
229000	-19047.525381235628	-3436.6753500924774	-15610.850031143149	-3436.6753500924774	6.281903216501127E306	2.90530693698706E307	0.7511633454720146	0.24672208858915068	2.4004466057427827	0.3528313056680681	0.24672208858915068	2.4004466057427827	0.3528313056680681	0.15816786402750616	3.598714366672973E-309	0.0	0.0	4.01527355941965E-309	-13436.981055971588	7.851054394949096E306	4.582213748767553E306	6.452687222738961E306	7.076451071965768E306	4.098836133805839E306	9	2	2	3	3
230000	-19072.156983549452	-3440.2632054223964	-15631.893778127056	-3440.2632054223964	7.098231953914178E306	4.088736579983963E307	0.7511633454720146	0.24672208858915068	2.4004466057427827	0.3528313056680681	0.24672208858915068	2.4004466057427827	0.3528313056680681	0.16229407114514405	3.10304456783407E-309	0.0	0.0	3.05960031252849E-309	-13452.364758092212	4.191250865762198E307	1.2312968958074714E307	3.8067743770143326E307	1.429549016026953E307	6.995887803442143E306	6	3	2	5	3
231000	-19050.994385886206	-3424.8218379050404	-15626.172547981167	-3424.8218379050404	1.824927428341313E307	9.389755688913604E307	0.7511633454720146	0.028423455232241712	2.4004466057427827	0.5711299390249771	0.028423455232241712	2.4004466057427827	0.5711299390249771	0.12487018032452965	9.1960492370944E-310	0.0	0.0	9.6491590644272E-310	-13460.867207413465	2.66283993864391E307	1.2559285309791483E307	1.284669235279876E307	1.5453955823003687E307	8.787048920557149E306	6	2	3	7	1
232000	-19102.589655282154	-3451.2258308483874	-15651.363824433767	-3451.2258308483874	2.9998545288680143E307	1.417259316225949E308	0.7511633454720146	0.028423455232241712	2.4004466057427827	0.5711299390249771	0.028423455232241712	2.4004466057427827	0.5711299390249771	0.1748316484554477	7.9292487263083E-310	0.0	0.0	7.7426829443208E-310	-13468.893906762056	6.41846617570019E307	3.3563691982977473E307	2.0123008756755648E307	7.226388397833905E306	2.9592548126317673E307	7	2	8	1	1
233000	-19134.62077542544	-3441.30749370679	-15693.313281718649	-3441.30749370679	1.6576448208878356E308	Infinity	0.7511633454720146	0.24319731580439471	2.4004466057427827	0.35635607845282413	0.24319731580439471	2.4004466057427827	0.35635607845282413	0.3019085817284683	0.0	0.0	0.0	1.66571816849503E-310	-13491.329594019391	1.1620586138526086E308	5.547791162941812E307	5.998628343234941E307	6.490710557860016E307	6.688764054341772E307	4	4	6	4	1
234000	-19127.90400334458	-3442.422440189079	-15685.481563155503	-3442.422440189079	9.218676777838628E307	Infinity	0.7511633454720146	0.2735197114978899	2.3701242100492874	0.35635607845282413	0.2735197114978899	2.3701242100492874	0.35635607845282413	0.23068637495532474	0.0	0.0	0.0	1.7647578481181E-310	-13495.572827239299	1.1620586138526086E308	4.3675814562986867E307	5.010154308241123E307	6.835616494966096E307	5.394317712609525E307	7	4	2	3	3
235000	-19088.543341345885	-3431.716592200607	-15656.826749145277	-3431.716592200607	1.1535131385734092E308	Infinity	0.7511633454720146	0.2735197114978899	2.3701242100492874	0.35635607845282413	0.2735197114978899	2.3701242100492874	0.35635607845282413	0.08538641935456702	0.0	0.0	0.0	1.8141775704932E-310	-13498.10859449888	5.748551529955732E307	1.5920020349025407E308	1.6197157466106016E308	1.5322132117604263E308	1.13596623938013E308	4	7	2	3	3
236000	-19056.16097131619	-3438.7002536086175	-15617.460717707572	-3438.7002536086175	7.6298036853721E307	Infinity	0.7511633454720146	0.2735197114978899	2.3701242100492874	0.35635607845282413	0.2735197114978899	2.3701242100492874	0.35635607845282413	0.04298772438948765	0.0	0.0	0.0	2.54180138563E-310	-13487.211538666175	1.3521924856767989E308	7.167750799344177E307	6.841070487607921E307	7.369170635373932E307	4.2129161488118615E307	5	1	3	6	4
237000	-19080.402924368173	-3433.8241555263858	-15646.578768841788	-3433.8241555263858	5.971527517770307E307	Infinity	0.7511633454720146	0.2735197114978899	2.3701242100492874	0.35635607845282413	0.2735197114978899	2.3701242100492874	0.35635607845282413	0.10580445201929135	0.0	0.0	0.0	3.2570698154116E-310	-13486.680643320098	1.1731079088367069E308	1.2128127863501624E308	8.467195281992017E307	4.864135571128459E307	2.633365097802502E307	4	3	3	5	4
238000	-19102.10749951101	-3429.6551471549164	-15672.452352356093	-3429.6551471549164	9.448719198545517E307	Infinity	0.7511633454720146	0.1562754602919728	2.4873684612552043	0.35635607845282413	0.1562754602919728	2.4873684612552043	0.35635607845282413	0.17951297356068172	0.0	0.0	0.0	3.00296048200935E-310	-13487.476867301475	1.7142908141939181E308	5.407994843576245E307	5.356223055365424E307	6.587741756155598E307	4.524904619085592E307	2	7	4	3	3
239000	-19126.79298357277	-3425.7604538715987	-15701.032529701171	-3425.7604538715987	1.5351171196017355E308	Infinity	0.7511633454720146	0.1562754602919728	2.4873684612552043	0.35635607845282413	0.1562754602919728	2.4873684612552043	0.35635607845282413	0.23063351672585528	0.0	0.0	0.0	1.17346108750456E-310	-13502.183560186075	1.2126010123814684E308	1.3615598107260784E308	1.4335186148458233E308	1.4554683515885518E308	1.0457128740869626E308	2	4	7	2	4
240000	-19137.231037884903	-3446.216443103619	-15691.014594781285	-3446.216443103619	6.302585819964781E307	Infinity	0.7511633454720146	0.1562754602919728	2.4873684612552043	0.35635607845282413	0.1562754602919728	2.4873684612552043	0.35635607845282413	0.3123309964475278	0.0	0.0	0.0	3.19848157167264E-310	-13489.132064828002	1.0764914549777976E308	1.2847614067858942E308	6.43167685640778E307	1.2021332982474592E308	3.983732210976842E307	2	2	5	7	3
241000	-19117.268197861584	-3432.676297197251	-15684.591900664333	-3432.676297197251	8.064366924707999E307	Infinity	0.7511633454720146	0.1562754602919728	2.4873684612552043	0.35635607845282413	0.1562754602919728	2.4873684612552043	0.35635607845282413	0.27019084246995506	0.0	0.0	0.0	1.87109186692415E-310	-13490.550231973222	8.664420158097358E307	9.172222561830336E307	1.3699626172273194E308	8.262964369013056E307	3.3614890445873655E307	2	6	1	7	3
242000	-19118.446540887166	-3440.3902236348686	-15678.056317252296	-3440.3902236348686	3.147599939357776E307	1.698014382327968E308	0.7511633454720146	0.1562754602919728	2.4873684612552043	0.35635607845282413	0.1562754602919728	2.4873684612552043	0.35635607845282413	0.3871254639398046	5.23901629113775E-310	0.0	0.0	4.72052892644793E-310	-13471.4772755521	1.4838777609239092E308	4.488154417170517E307	2.502910146993595E307	1.5419119105200654E307	1.42168495922766E307	1	6	8	1	3
243000	-19082.530654381975	-3432.213448558779	-15650.317205823198	-3432.213448558779	1.2347292014195664E307	7.206301905283287E307	0.7511633454720146	0.1562754602919728	2.4873684612552043	0.35635607845282413	0.1562754602919728	2.4873684612552043	0.35635607845282413	0.30283476968033907	1.63393232247482E-309	0.0	0.0	1.722972715008025E-309	-13455.86701367596	1.9070221587120544E307	1.95313753188607E307	1.3254646812258372E307	4.794968550265301E306	1.9951584322706472E306	5	1	10	2	1
244000	-19095.45879966017	-3423.90705792445	-15671.551741735719	-3423.90705792445	2.2190785048331008E307	9.952646974816298E307	0.7511633454720146	0.1562754602919728	2.4873684612552043	0.35635607845282413	0.1562754602919728	2.4873684612552043	0.35635607845282413	0.4362561882293053	1.097614875808197E-309	0.0	0.0	1.08939688954451E-309	-13460.7303445384	1.743319960912335E307	3.5950166959660274E307	1.9245022308946282E307	1.6839287908897654E307	8.259281741565047E306	7	3	6	2	1
245000	-19091.23814992731	-3449.6813366505526	-15641.556813276758	-3449.6813366505526	9.340230762155503E306	5.787845137733762E307	0.7511633454720146	0.1562754602919728	2.4873684612552043	0.35635607845282413	0.1562754602919728	2.4873684612552043	0.35635607845282413	0.2398433154901598	2.141970092019415E-309	0.0	0.0	2.17095647921151E-309	-13453.351896426071	1.3457157964905627E308	2.3231303662667267E307	1.4354340018909283E307	1.5053911031128704E307	9.778088832623587E306	1	5	7	2	4
246000	-19080.039311258024	-3445.400153736472	-15634.639157521551	-3445.400153736472	1.621186164060111E307	8.661566784287809E307	0.7511633454720146	0.1562754602919728	2.2545350154857093	0.5891895242223192	0.1562754602919728	2.2545350154857093	0.5891895242223192	0.15175864926551602	1.154474342139036E-309	0.0	0.0	1.123916787912926E-309	-13456.377002093303	3.364268619063267E307	1.598816520418859E307	8.45132912972803E306	1.6546653622321348E307	9.281132652349905E306	6	4	3	4	2
247000	-19078.266434277833	-3447.7220094409954	-15630.544424836837	-3447.7220094409954	1.4162611077563617E307	8.124154316799103E307	0.7511633454720146	0.1562754602919728	2.2545350154857093	0.5891895242223192	0.1562754602919728	2.2545350154857093	0.5891895242223192	0.14817577384786632	1.1845869584063E-309	0.0	0.0	1.20704213355192E-309	-13460.046455301344	4.391268673079599E307	2.3861829570681833E307	1.757748718698006E307	1.018997843676401E307	5.9875749538117E306	7	7	1	1	3
248000	-19061.878897685427	-3429.569807666703	-15632.309090018724	-3429.569807666703	1.1352040103546274E307	6.092362636110704E307	0.7511633454720146	0.1562754602919728	2.2545350154857093	0.5891895242223192	0.1562754602919728	2.2545350154857093	0.5891895242223192	0.16680358230208367	1.505298093817404E-309	0.0	0.0	1.47224372889558E-309	-13453.072890453683	9.327538721826893E306	1.269256568343603E307	1.7672265847258993E307	4.326779487889016E306	3.877679386931809E306	6	9	2	1	1
249000	-19089.14637263074	-3439.4805017116705	-15649.665870919072	-3439.4805017116705	2.1933491788686446E307	1.265331030361785E308	0.7511633454720146	0.1562754602919728	2.2545350154857093	0.5891895242223192	0.1562754602919728	2.2545350154857093	0.5891895242223192	0.23717264227599139	7.55621485902825E-310	0.0	0.0	6.91978197357174E-310	-13464.887053071288	2.06047350629799E307	1.8000398393229717E307	2.363015820280947E307	1.5454018168253524E307	9.162947677950417E306	8	6	2	2	1
250000	-19080.161427726915	-3438.79930978955	-15641.362117937366	-3438.79930978955	3.5210291019195965E307	1.497255613082633E308	0.7511633454720146	0.31868559278389186	2.2545350154857093	0.42677939173040014	0.31868559278389186	2.2545350154857093	0.42677939173040014	0.15339024530862083	5.315221362909E-310	0.0	0.0	5.04534299839855E-310	-13466.29660780634	2.855749621333548E307	3.6673383950676054E307	2.6118369379100025E307	9.901869225548115E306	9.281378596244741E306	11	2	2	2	2
251000	-19099.816162977335	-3435.632467494889	-15664.183695482447	-3435.632467494889	3.45608630551743E307	Infinity	0.7511633454720146	0.07008548959596814	2.2545350154857093	0.6753794949183238	0.07008548959596814	2.2545350154857093	0.6753794949183238	0.15339024530862083	0.0	0.0	0.0	4.48147074617014E-310	-13480.153364362555	2.9363905059164303E307	6.423591305407522E307	4.2003391348272674E307	1.8663861682700014E307	2.6548379515604815E307	1	3	12	1	2
252000	-19095.09366025326	-3432.7495340883424	-15662.344126164919	-3432.7495340883424	6.70499917742578E307	Infinity	0.7511633454720146	0.07008548959596814	2.2545350154857093	0.6753794949183238	0.07008548959596814	2.2545350154857093	0.6753794949183238	0.1887072553717565	0.0	0.0	0.0	3.3173528415234E-310	-13481.079099769551	1.1178835093676545E308	6.423591305407522E307	8.60879394476166E307	3.647245127165044E307	2.417554521650309E307	1	12	2	1	3
253000	-19120.730305637608	-3445.0066692735227	-15675.723636364086	-3445.0066692735227	1.0551656073677264E308	Infinity	0.7511633454720146	0.07008548959596814	2.2545350154857093	0.6753794949183238	0.07008548959596814	2.2545350154857093	0.6753794949183238	0.22977774630441694	0.0	0.0	0.0	2.1954584338339E-310	-13487.705560399894	9.425083797569415E307	6.211856853902506E307	4.2384856145556384E307	7.78237785536251E307	5.465372334943748E307	1	9	1	2	6
254000	-19121.08298967424	-3441.405692568745	-15679.677297105496	-3441.405692568745	3.521351872978976E307	Infinity	0.7511633454720146	0.07008548959596814	2.2545350154857093	0.6753794949183238	0.07008548959596814	2.2545350154857093	0.6753794949183238	0.28157003910959005	0.0	0.0	0.0	5.2923437435289E-310	-13472.860674543268	3.4245302353104254E307	3.6476657647552516E307	2.0306289855976337E307	3.0537104339492735E307	3.920233028668877E307	7	2	3	1	6
255000	-19102.724047993965	-3441.9482826485914	-15660.775765345372	-3441.9482826485914	3.71754627798073E307	Infinity	0.7511633454720146	0.07008548959596814	2.2545350154857093	0.6753794949183238	0.07008548959596814	2.2545350154857093	0.6753794949183238	0.1936216985104253	0.0	0.0	0.0	3.81322079615767E-310	-13483.630602044208	1.2565682075200446E308	8.542830034607552E307	5.060498117672098E307	3.1913329609649545E307	4.0942123300977696E307	1	7	4	6	1
256000	-19126.346424610383	-3432.4732697324052	-15693.87315487798	-3432.4732697324052	1.7165676801239567E308	Infinity	0.7511633454720146	0.07008548959596814	2.5611394138155297	0.36877509658850366	0.07008548959596814	2.5611394138155297	0.36877509658850366	0.30357622958147523	0.0	0.0	0.0	1.3613909409087E-310	-13494.515840948454	9.933946570010534E307	1.4207228288248046E308	1.3437451254328955E308	7.404280133017013E307	5.137338391543777E307	5	7	1	5	1
257000	-19108.019863512767	-3432.5766650904757	-15675.44319842229	-3432.5766650904757	1.3630807542366198E308	Infinity	0.7511633454720146	0.07008548959596814	2.5611394138155297	0.36877509658850366	0.07008548959596814	2.5611394138155297	0.36877509658850366	0.17047597424325286	0.0	0.0	0.0	1.2392017520843E-310	-13499.378435640458	1.7749394974595295E308	1.3113754764118768E308	1.2603630475690024E308	1.7220258741823248E308	9.93407225168864E307	5	5	4	4	1
258000	-19121.05619873975	-3433.7637883804955	-15687.292410359252	-3433.7637883804955	9.198924371059659E307	Infinity	0.7511633454720146	0.07008548959596814	2.5611394138155297	0.36877509658850366	0.07008548959596814	2.5611394138155297	0.36877509658850366	0.22793091483330305	0.0	0.0	0.0	2.60211151974674E-310	-13490.314381759084	1.0027698194970017E308	1.3992339138469106E308	9.056914066356143E307	1.2907596586004183E308	2.93281524865332E307	4	6	4	4	1
259000	-19104.12860976609	-3434.3779755937708	-15669.750634172318	-3434.3779755937708	3.753240747532663E307	Infinity	0.7511633454720146	0.07008548959596814	2.5611394138155297	0.36877509658850366	0.07008548959596814	2.5611394138155297	0.36877509658850366	0.28418143733483847	0.0	0.0	0.0	4.99193633047274E-310	-13475.843293254457	7.871778196606595E307	5.297145811540069E307	6.715436992862291E307	6.62566354789363E307	2.373062444238337E307	1	5	5	5	3
260000	-19116.954485225768	-3432.3238830645278	-15684.630602161242	-3432.3238830645278	5.096689766155174E307	Infinity	0.7511633454720146	0.07008548959596814	2.5611394138155297	0.36877509658850366	0.07008548959596814	2.5611394138155297	0.36877509658850366	0.2916257248989252	0.0	0.0	0.0	3.55444458982327E-310	-13479.30922586696	6.329375714563318E307	4.70482013388874E307	4.189603585295191E307	1.0378675609171961E308	2.0682984688969252E307	1	9	1	5	3
261000	-19093.483037553608	-3436.295062223411	-15657.187975330196	-3436.295062223411	1.8517539210806185E307	1.0728324611726037E308	0.7511633454720146	0.07008548959596814	2.5611394138155297	0.36877509658850366	0.07008548959596814	2.5611394138155297	0.36877509658850366	0.2123913360186326	8.07168493392574E-310	0.0	0.0	8.4091226240231E-310	-13463.944825469067	4.617819998703195E307	5.874444241178975E307	1.4850248442822746E307	1.564947080252842E307	7.819913241970123E306	1	1	2	13	2
262000	-19116.09321761436	-3432.740479568227	-15683.352738046136	-3432.740479568227	4.664778852600744E307	Infinity	0.7511633454720146	0.07008548959596814	2.5611394138155297	0.36877509658850366	0.07008548959596814	2.5611394138155297	0.36877509658850366	0.19117208729515145	0.0	0.0	0.0	3.4837158351568E-310	-13483.983539034813	8.19981172354031E307	3.430402648800273E307	4.71041966236342E307	3.7019917234211296E307	2.7159363830290423E307	5	2	7	1	4
263000	-19105.523132362203	-3431.3405451122844	-15674.18258724992	-3431.3405451122844	6.333496840090416E307	Infinity	0.7511633454720146	0.07008548959596814	2.5611394138155297	0.36877509658850366	0.07008548959596814	2.5611394138155297	0.36877509658850366	0.20901145816776656	0.0	0.0	0.0	4.4174891615903E-310	-13478.014583177763	9.051552325358917E307	4.43209608388662E307	1.5950557681985156E308	8.524846359176476E307	6.754868265784345E307	3	11	1	3	1
264000	-19106.313442561957	-3442.6151961363776	-15663.698246425582	-3442.6151961363776	6.50327261713353E307	Infinity	0.7511633454720146	0.07008548959596814	2.734237411572061	0.1956770988319721	0.07008548959596814	2.734237411572061	0.1956770988319721	0.2838114175836924	0.0	0.0	0.0	4.52023282835925E-310	-13473.385358021465	2.455309169462566E307	1.9451632213932813E307	3.1220716076345344E307	4.4804286312426787E307	1.9469307020229376E307	1	2	1	13	2
265000	-19090.11329545315	-3444.3011307582	-15645.81216469495	-3444.3011307582	2.6752185803535437E307	1.4837427482623306E308	0.7511633454720146	0.07008548959596814	2.734237411572061	0.1956770988319721	0.07008548959596814	2.734237411572061	0.1956770988319721	0.1344371327294449	8.43158039673583E-310	0.0	0.0	8.5916696774654E-310	-13470.092436595096	2.0133682002697525E307	2.84852851295681E307	1.3258373024791116E307	3.5483597514535667E307	3.3319344960912856E307	4	2	2	6	5
266000	-19096.010336471376	-3451.717586892216	-15644.29274957916	-3451.717586892216	3.999632180793659E307	Infinity	0.7511633454720146	0.07008548959596814	2.734237411572061	0.1956770988319721	0.07008548959596814	2.734237411572061	0.1956770988319721	0.12335181423486273	0.0	0.0	0.0	4.1340942995134E-310	-13478.362613875495	4.1487906497021387E307	2.989419983493255E307	3.9455102615174215E307	3.2606042361461775E307	2.854545122378252E307	4	5	3	4	3
267000	-19112.075484330366	-3449.8006635553907	-15662.274820774974	-3449.8006635553907	2.6639422170189584E307	1.3558189552004235E308	0.7511633454720146	0.07008548959596814	2.734237411572061	0.1956770988319721	0.07008548959596814	2.734237411572061	0.1956770988319721	0.2950379630273464	8.865125627816E-310	0.0	0.0	1.02951020353885E-309	-13465.792088995862	1.7555817676966805E307	2.206544965687914E307	3.792049196907019E307	4.910792327501038E307	1.8529736076635798E307	1	6	2	6	4
268000	-19131.38307888434	-3447.7217867025347	-15683.661292181805	-3447.7217867025347	3.95914643775823E307	Infinity	0.7511633454720146	0.07008548959596814	2.734237411572061	0.1956770988319721	0.07008548959596814	2.734237411572061	0.1956770988319721	0.3001758738957134	0.0	0.0	0.0	5.38131072241585E-310	-13474.91523225603	4.122675865060616E307	1.8047111038523574E307	4.786314770383208E307	6.069421054803514E307	1.7511227420730026E307	9	2	2	3	3
269000	-19088.497956201987	-3438.58807395617	-15649.909882245818	-3438.58807395617	5.912249769903331E307	Infinity	0.7511633454720146	0.07008548959596814	2.5014782290224082	0.42843628138162515	0.07008548959596814	2.5014782290224082	0.42843628138162515	0.06936776790091881	0.0	0.0	0.0	2.27154368766874E-310	-13482.597629339656	4.434979918514463E307	1.0461699042907145E308	1.6072974044959513E308	1.3310009072982701E308	3.8178574067644203E307	6	3	2	5	3
270000	-19058.05256706284	-3444.738120524158	-15613.314446538683	-3444.738120524158	3.222767511380673E307	1.6348575446659306E308	0.7511633454720146	0.07008548959596814	2.5014782290224082	0.42843628138162515	0.07008548959596814	2.5014782290224082	0.42843628138162515	0.053440280087103186	6.40614636305483E-310	0.0	0.0	6.59970744043284E-310	-13474.963631576802	1.6725120504300124E308	9.91409414593018E307	4.886443157495753E307	9.847756991190316E307	5.373346150146945E307	1	3	9	1	5
271000	-19111.97330570813	-3429.3037263700376	-15682.669579338091	-3429.3037263700376	9.19061762185123E307	Infinity	0.7511633454720146	0.07008548959596814	2.5014782290224082	0.42843628138162515	0.07008548959596814	2.5014782290224082	0.42843628138162515	0.2127190434023287	0.0	0.0	0.0	3.510599670517E-310	-13483.151003148834	1.1919687500920882E308	5.063203364507682E307	3.615887544976097E307	5.935775574737081E307	4.56674301223759E307	3	1	1	12	2
272000	-19032.57355769606	-3430.3912290996136	-15602.18232859645	-3430.3912290996136	1.5971928249929316E307	7.014022999772008E307	0.7511633454720146	0.07008548959596814	2.5014782290224082	0.42843628138162515	0.07008548959596814	2.5014782290224082	0.42843628138162515	0.08729176543164172	1.33065111903269E-309	0.0	0.0	1.29963847537545E-309	-13448.390696653998	1.128752926111338E307	7.580118293640653E306	2.0749714044963806E307	2.2207416178086959E307	1.1338592027311217E307	3	11	1	3	1
273000	-19105.0032270017	-3433.777982974069	-15671.22524402763	-3433.777982974069	5.920236731473696E307	Infinity	0.7511633454720146	0.07008548959596814	2.5014782290224082	0.42843628138162515	0.07008548959596814	2.5014782290224082	0.42843628138162515	0.2348013787891277	0.0	0.0	0.0	4.01411367866E-310	-13481.334997005944	1.5640416063238247E308	4.326206735093046E307	6.906708924787188E307	3.7971977142593153E307	3.752171897720252E307	2	5	5	2	5
274000	-19122.7470019829	-3432.2878983538	-15690.4591036291	-3432.2878983538	1.1666593495950567E308	Infinity	0.7511633454720146	0.07008548959596814	2.5014782290224082	0.42843628138162515	0.07008548959596814	2.5014782290224082	0.42843628138162515	0.20812490751335277	0.0	0.0	0.0	1.77661811555223E-310	-13493.66960720753	1.333513725179258E308	1.3487325785611906E308	1.1174049270684328E308	7.154544089814292E307	3.778852213588286E307	5	3	5	4	2
275000	-19067.663059100083	-3429.6754008288403	-15637.987658271244	-3429.6754008288403	9.802545718057686E307	Infinity	0.7511633454720146	0.07008548959596814	2.5014782290224082	0.42843628138162515	0.07008548959596814	2.5014782290224082	0.42843628138162515	0.08022019935377975	0.0	0.0	0.0	1.85154629488833E-310	-13488.93453535109	5.823488876228133E307	1.2206000170373245E308	8.596670287408392E307	7.183042774879867E307	5.11580993415058E307	7	3	2	3	4
276000	-19123.234313251756	-3437.2632117674843	-15685.971101484272	-3437.2632117674843	1.0173622182285156E308	Infinity	0.7511633454720146	0.07008548959596814	2.5014782290224082	0.42843628138162515	0.07008548959596814	2.5014782290224082	0.42843628138162515	0.18952303182824876	0.0	0.0	0.0	1.6475330840962E-310	-13498.919198564077	6.62867884162145E307	1.497667811716411E308	1.4317518291378086E308	1.1789803688565278E308	5.436756054541616E307	2	6	5	1	5
277000	-19104.354770292437	-3429.1129753058763	-15675.24179498656	-3429.1129753058763	8.566577027213258E307	Infinity	0.7511633454720146	0.07008548959596814	2.5014782290224082	0.42843628138162515	0.07008548959596814	2.5014782290224082	0.42843628138162515	0.11931293761190571	0.0	0.0	0.0	1.8341955538971E-310	-13496.151297069708	7.821063219957164E307	1.0652118287827514E308	1.292849245089529E308	8.526455972772261E307	6.13783526666128E307	3	7	5	1	3
278000	-19102.759187532138	-3430.9590019371294	-15671.800185595008	-3430.9590019371294	4.8391097759863E307	Infinity	0.7511633454720146	0.07008548959596814	2.5014782290224082	0.42843628138162515	0.07008548959596814	2.5014782290224082	0.42843628138162515	0.2569095729483822	0.0	0.0	0.0	4.98760136355966E-310	-13477.00973952447	1.3392259638932165E308	5.249303993926061E307	8.189153894557735E307	7.012931630600973E307	1.7113170912551178E307	2	7	4	3	3
279000	-19133.408384477152	-3439.041242595453	-15694.3671418817	-3439.041242595453	4.049359815663019E307	Infinity	0.7511633454720146	0.23380893611288334	2.5014782290224082	0.26471283486471	0.23380893611288334	2.5014782290224082	0.26471283486471	0.4545771718725023	0.0	0.0	0.0	3.87475327522257E-310	-13479.005176491233	5.517414701704722E307	7.92320098686423E307	7.882389793609331E307	3.992486138941088E307	2.337553323814722E307	2	7	5	3	2
280000	-19131.810198694184	-3441.7386016939176	-15690.071597000266	-3441.7386016939176	3.971746897297149E307	Infinity	0.7511633454720146	0.23380893611288334	2.5014782290224082	0.26471283486471	0.23380893611288334	2.5014782290224082	0.26471283486471	0.36642826719519	0.0	0.0	0.0	6.18264340820024E-310	-13473.561265904904	7.449785419991704E307	5.847066525235086E307	5.089920508725692E307	6.220816078600543E307	1.8331175499191908E307	1	6	3	6	3
281000	-19112.374986718074	-3466.6662042928674	-15645.708782425208	-3466.6662042928674	4.2059846427528996E307	Infinity	0.7511633454720146	0.23380893611288334	2.5014782290224082	0.26471283486471	0.23380893611288334	2.5014782290224082	0.26471283486471	0.11459155168369854	0.0	0.0	0.0	5.4936753724631E-310	-13481.13307424284	1.511123820629712E308	4.832913031865213E307	3.208702541066002E307	3.818314192438306E307	2.6630313531992857E307	5	4	1	8	1
282000	-19111.983671071404	-3440.7294947118476	-15671.254176359558	-3440.7294947118476	3.5614019248754502E307	1.671086488730951E308	0.7511633454720146	0.23380893611288334	2.5014782290224082	0.26471283486471	0.23380893611288334	2.5014782290224082	0.26471283486471	0.32849430772861377	6.13732512624474E-310	0.0	0.0	6.20735802390966E-310	-13470.695907691608	3.2227236660830935E307	2.7943634713598396E307	2.463294892876439E307	6.203920111756332E307	4.80360302497966E307	5	2	5	4	3
283000	-19075.50836813608	-3437.1123543454196	-15638.396013790662	-3437.1123543454196	3.374890760540254E307	1.770351866100269E308	0.7511633454720146	0.23380893611288334	2.5014782290224082	0.26471283486471	0.23380893611288334	2.5014782290224082	0.26471283486471	0.09531751016611516	5.37617188767244E-310	0.0	0.0	5.2426313735004E-310	-13470.908528339189	4.1007041101743724E307	4.3367555102885794E307	4.024043718516447E307	3.8494424237921223E307	1.1595092058949686E307	5	3	5	3	3
284000	-19119.485408805307	-3433.4547108422603	-15686.030697963048	-3433.4547108422603	8.300260868032015E307	Infinity	0.6580435959614214	0.23380893611288334	2.5014782290224082	0.26471283486471	0.23380893611288334	2.5014782290224082	0.26471283486471	0.2516562751057515	0.0	0.0	0.0	2.7981154947086E-310	-13486.62413913457	9.460064040253046E307	1.349679945743556E308	1.6338318052275061E308	6.985421420189598E307	7.6155914554498E307	1	5	1	1	11
285000	-19105.85681411165	-3448.4901379807916	-15657.366676130856	-3448.4901379807916	7.22951706186968E307	Infinity	0.6580435959614214	0.029204830769437584	2.5014782290224082	0.46931694020815573	0.029204830769437584	2.5014782290224082	0.46931694020815573	0.148439467687934	0.0	0.0	0.0	2.04883765002147E-310	-13486.339602744423	7.8106178074405E307	5.209657252196678E307	6.092036256727029E307	5.119734176423519E307	2.2090736268444927E307	2	3	6	6	2
286000	-19149.95006440198	-3445.754436881622	-15704.195627520356	-3445.754436881622	7.49299974824409E307	Infinity	0.6580435959614214	0.029204830769437584	2.5014782290224082	0.46931694020815573	0.029204830769437584	2.5014782290224082	0.46931694020815573	0.4809322948865604	0.0	0.0	0.0	2.56843222255067E-310	-13482.216088762674	7.825467962470514E307	3.8063512618759147E307	4.0371099123901497E307	7.151178733478126E307	7.949451177385268E307	2	3	2	9	3
287000	-19146.53509148254	-3441.211829716562	-15705.323261765978	-3441.211829716562	9.112278335433473E307	Infinity	0.6580435959614214	0.029204830769437584	2.5014782290224082	0.46931694020815573	0.029204830769437584	2.5014782290224082	0.46931694020815573	0.4466357958736831	0.0	0.0	0.0	2.3707794555629E-310	-13492.255713399773	1.033573926736561E308	1.4699372465513365E308	5.908530939950986E307	8.70782569098518E307	3.712815861866383E307	1	1	5	9	3
288000	-19111.407881952015	-3440.28755826048	-15671.120323691535	-3440.28755826048	5.882805302286065E307	Infinity	0.8394615103502058	0.029204830769437584	2.5014782290224082	0.46931694020815573	0.029204830769437584	2.5014782290224082	0.46931694020815573	0.18490740031264818	0.0	0.0	0.0	1.9480194669393E-310	-13485.42678275825	8.747633438150406E307	5.664111665986394E307	3.399833083233679E307	7.584482352759411E307	6.867399563204119E307	3	1	6	3	6
289000	-19125.267469939507	-3439.9238497647816	-15685.343620174724	-3439.9238497647816	1.5685539580784697E308	Infinity	0.8394615103502058	0.029204830769437584	2.5014782290224082	0.46931694020815573	0.029204830769437584	2.5014782290224082	0.46931694020815573	0.20432587361358598	0.0	0.0	0.0	1.9982574139042E-310	-13494.40655632129	1.193967568318613E308	5.12237484961527E307	1.7776197462792648E308	1.0410516371235102E308	8.713598431226405E307	3	4	8	2	2
290000	-19111.847725134463	-3436.6664193150878	-15675.181305819375	-3436.6664193150878	4.3603489243775785E307	Infinity	0.8394615103502058	0.029204830769437584	2.5014782290224082	0.46931694020815573	0.029204830769437584	2.5014782290224082	0.46931694020815573	0.2175462980095594	0.0	0.0	0.0	4.47922266541236E-310	-13478.995346635298	1.1648215749227716E308	7.594823795790039E307	1.1310887629532414E308	4.617543186947133E307	3.7850464752184844E307	1	4	1	7	6
291000	-19106.867761556805	-3435.3963607134065	-15671.471400843398	-3435.3963607134065	6.581928175716525E307	Infinity	0.8394615103502058	0.029204830769437584	2.5014782290224082	0.46931694020815573	0.029204830769437584	2.5014782290224082	0.46931694020815573	0.16448953079006498	0.0	0.0	0.0	2.6029624217967E-310	-13484.47212113353	9.79980609865731E307	1.0318841409018571E308	6.861979640374182E307	6.049632930914734E307	3.515368234796625E307	5	3	4	5	2
292000	-19122.692817743897	-3450.439022722876	-15672.25379502102	-3450.439022722876	6.503742334563864E307	Infinity	0.8394615103502058	0.029204830769437584	2.5014782290224082	0.46931694020815573	0.029204830769437584	2.5014782290224082	0.46931694020815573	0.21018917170220908	0.0	0.0	0.0	2.97216018025167E-310	-13477.291907100083	1.0045740246958816E308	2.585604083274464E307	4.863215229835605E307	5.672155460651333E307	1.340521317994056E307	2	1	2	10	4
293000	-19113.161138721356	-3441.9811523059134	-15671.179986415444	-3441.9811523059134	8.46012941511949E307	Infinity	0.8394615103502058	0.029204830769437584	2.5014782290224082	0.46931694020815573	0.029204830769437584	2.5014782290224082	0.46931694020815573	0.17466389513047195	0.0	0.0	0.0	2.7835026519869E-310	-13490.041833919464	5.689073931046308E307	9.169040658956592E307	6.789476724516496E307	9.263396077785135E307	7.672949746505006E307	4	1	1	10	3
294000	-19145.260927276653	-3441.3790590289723	-15703.88186824768	-3441.3790590289723	1.3273054221263874E308	Infinity	0.8394615103502058	0.029204830769437584	2.5014782290224082	0.46931694020815573	0.029204830769437584	2.5014782290224082	0.46931694020815573	0.39239376882234556	0.0	0.0	0.0	1.73551329634403E-310	-13490.368990318666	7.387884420765453E307	5.823188348664747E307	7.874129417700603E307	8.335575940377523E307	7.875142277861414E307	7	1	2	2	7
295000	-19119.453476467683	-3443.054005100049	-15676.399471367633	-3443.054005100049	2.8115708886242837E307	1.7700912321358975E308	0.8394615103502058	0.029204830769437584	2.5014782290224082	0.46931694020815573	0.029204830769437584	2.5014782290224082	0.46931694020815573	0.29002735683819797	5.26062786134833E-310	0.0	0.0	4.62870160672935E-310	-13473.887281899068	3.7492189885565443E307	4.226251208901913E307	4.608128798833748E307	2.636314545899834E307	2.9659311934473456E307	2	1	8	1	7
296000	-19093.31923813571	-3439.485498021533	-15653.833740114178	-3439.485498021533	4.591654562270585E307	Infinity	0.8394615103502058	0.029204830769437584	2.5014782290224082	0.46931694020815573	0.029204830769437584	2.5014782290224082	0.46931694020815573	0.1640046416950248	0.0	0.0	0.0	4.5565796907584E-310	-13481.844011898374	4.0837270455622604E307	6.141844543306167E307	2.026494483040711E307	1.2937950573082306E307	5.4774887780541466E306	6	9	2	1	1
297000	-19067.14285531592	-3436.885561819077	-15630.257293496845	-3436.885561819077	4.897474923965103E307	Infinity	0.8394615103502058	0.029204830769437584	2.5014782290224082	0.46931694020815573	0.029204830769437584	2.5014782290224082	0.46931694020815573	0.08921376063605072	0.0	0.0	0.0	5.26632622838483E-310	-13476.038047516207	4.564294875824242E307	4.983675344214475E307	2.943596748842105E307	3.122179467441252E307	5.271512246778959E307	1	2	5	9	2
298000	-19150.121488330173	-3467.3355806206964	-15682.785907709474	-3467.3355806206964	4.850485980893125E307	Infinity	0.8394615103502058	0.029204830769437584	2.5014782290224082	0.46931694020815573	0.029204830769437584	2.5014782290224082	0.46931694020815573	0.3079837748731204	0.0	0.0	0.0	6.73646875407737E-310	-13476.038722729501	8.783669055145103E307	4.808457033640155E307	3.6853822110328345E307	4.699879024329723E307	7.748045279105795E307	3	6	4	4	2
299000	-19153.79792810174	-3452.4825385974127	-15701.315389504327	-3452.4825385974127	5.878181291215926E307	Infinity	0.8394615103502058	0.029204830769437584	2.5014782290224082	0.46931694020815573	0.029204830769437584	2.5014782290224082	0.46931694020815573	0.4682229352272093	0.0	0.0	0.0	2.96922964733374E-310	-13485.719228874623	9.373712843859672E307	6.42907613580281E307	3.142352347899385E307	1.8514956076724432E307	1.0973372079708457E307	3	12	2	1	1
300000	-19090.137976673763	-3428.575902496445	-15661.562074177318	-3428.575902496445	7.399132679012401E307	Infinity	0.8394615103502058	0.029204830769437584	2.5014782290224082	0.46931694020815573	0.029204830769437584	2.5014782290224082	0.46931694020815573	0.18147066764695505	0.0	0.0	0.0	3.45679078998247E-310	-13482.361357394091	6.966598985699014E307	7.354804867250555E307	6.442701492359997E307	3.356240470068389E307	1.875108652579815E307	8	7	2	1	1
301000	-19120.64617523636	-3452.0396903653614	-15668.606484871	-3452.0396903653614	3.414188493765198E307	1.7109741693036646E308	0.8394615103502058	0.029204830769437584	2.5014782290224082	0.46931694020815573	0.029204830769437584	2.5014782290224082	0.46931694020815573	0.28930240914568517	6.0993751542642E-310	0.0	0.0	5.6380805476713E-310	-13469.347212178858	2.9917607812357633E307	2.3912397127991887E307	2.640464429103516E307	2.7485554460001713E307	2.8447365564647467E307	11	3	2	2	1
302000	-19109.76860673935	-3454.7721154599044	-15654.996491279448	-3454.7721154599044	1.3977757591944434E307	8.988933521343035E307	0.8394615103502058	0.029204830769437584	2.5014782290224082	0.46931694020815573	0.029204830769437584	2.5014782290224082	0.46931694020815573	0.2724344798509388	1.05226842766444E-309	0.0	0.0	1.070904700467626E-309	-13459.808169446607	2.0487654869167797E307	2.122950326956106E307	4.217158417718984E307	2.016445547881372E307	2.5325367775921414E306	1	1	7	6	4
303000	-19111.353583469772	-3440.694335293151	-15670.659248176622	-3440.694335293151	4.971052547670563E307	Infinity	0.8394615103502058	0.029204830769437584	2.5014782290224082	0.46931694020815573	0.029204830769437584	2.5014782290224082	0.46931694020815573	0.3000964715187297	0.0	0.0	0.0	5.4930984378635E-310	-13471.85065326983	1.8528182259098443E307	3.6158535233816373E307	2.9886376308220955E307	1.231663196214125E307	1.2937983281149472E307	3	2	11	2	1
304000	-19097.39978253627	-3450.039604670416	-15647.360177865854	-3450.039604670416	2.803970957985432E307	1.389256900914522E308	0.8394615103502058	0.029204830769437584	2.5014782290224082	0.46931694020815573	0.029204830769437584	2.5014782290224082	0.46931694020815573	0.1584851993176604	5.8992609580347E-310	0.0	0.0	5.49910883500134E-310	-13467.597613441661	3.2272130604832265E307	4.3841952955631545E307	2.9886376308220955E307	4.080898759897113E307	1.8133470909337675E307	6	3	3	5	2
305000	-19128.815763113194	-3450.4248429833547	-15678.390920129841	-3450.4248429833547	3.5997157034854585E307	1.4661289282153739E308	0.8394615103502058	0.029204830769437584	2.5014782290224082	0.46931694020815573	0.029204830769437584	2.5014782290224082	0.46931694020815573	0.30117733665306107	8.95525432700517E-310	0.0	0.0	8.645785587199E-310	-13467.962971424957	3.2559018699638994E307	2.3412523518665755E307	4.2246135332016226E307	3.160306524833599E307	6.190347444358617E307	1	7	1	9	1
306000	-19143.631097067595	-3452.7625527369987	-15690.868544330595	-3452.7625527369987	7.648906240722713E307	Infinity	0.8394615103502058	0.029204830769437584	2.5014782290224082	0.46931694020815573	0.029204830769437584	2.5014782290224082	0.46931694020815573	0.3425356746002593	0.0	0.0	0.0	4.55212261445797E-310	-13482.404107111968	6.022888497141678E307	6.061954910426934E307	6.545696543498471E307	4.830125818378539E307	4.624992522987407E307	3	4	6	5	1
307000	-19128.93506197082	-3460.1018137771644	-15668.833248193658	-3460.1018137771644	3.627790208682884E307	Infinity	0.8394615103502058	0.029204830769437584	2.6446148806596703	0.32618028857089365	0.029204830769437584	2.6446148806596703	0.32618028857089365	0.23695842935174238	0.0	0.0	0.0	5.08646930169307E-310	-13473.537606812233	2.2772980726223436E307	1.7625786968267625E307	2.598697417114747E307	2.4188308546156593E307	4.192338120011557E307	7	2	6	1	3
308000	-19086.12234943101	-3442.450298423519	-15643.67205100749	-3442.450298423519	6.978424824229294E307	Infinity	0.8394615103502058	0.029204830769437584	2.6446148806596703	0.32618028857089365	0.029204830769437584	2.6446148806596703	0.32618028857089365	0.10748267626353272	0.0	0.0	0.0	3.97140343888E-310	-13478.3753490549	3.8693173325678375E307	5.316557545126428E307	1.8694012582359592E307	3.5509941225671853E307	3.736652701412324E307	3	4	1	2	9
309000	-19102.90457634811	-3453.715376310477	-15649.189200037634	-3453.715376310477	1.1212716435333013E307	8.234761497314066E307	0.8394615103502058	0.029204830769437584	2.6446148806596703	0.32618028857089365	0.029204830769437584	2.6446148806596703	0.32618028857089365	0.2200906070953213	1.25103686548003E-309	0.0	0.0	1.23135821123813E-309	-13458.984440237153	3.248062773696172E307	5.764648676623437E307	3.8236582103047157E307	1.5088385833983419E307	2.9403909016779204E306	4	2	1	9	3
310000	-19108.77247284645	-3441.971575064895	-15666.800897781555	-3441.971575064895	7.743703731905461E307	Infinity	0.8394615103502058	0.029204830769437584	2.4907174584120146	0.48007771081854944	0.029204830769437584	2.4907174584120146	0.48007771081854944	0.17705290232475315	0.0	0.0	0.0	2.6185022527829E-310	-13486.093014294029	7.709919950613089E307	3.519078238034924E307	7.040630324325202E307	5.636673586401687E307	4.2107391191067476E307	2	2	3	11	1
311000	-19093.14188155852	-3444.0915736211514	-15649.050307937368	-3444.0915736211514	7.463084186360544E307	Infinity	0.8394615103502058	0.029204830769437584	2.4907174584120146	0.48007771081854944	0.029204830769437584	2.4907174584120146	0.48007771081854944	0.12140680297888887	0.0	0.0	0.0	2.4387814251644E-310	-13484.147586284225	5.139809757717485E307	4.507743329610951E307	3.950106545245959E307	5.60961228596937E307	6.622739330372932E307	1	1	3	13	1
312000	-19099.35429638254	-3444.713174424633	-15654.641121957906	-3444.713174424633	6.526550263369166E307	Infinity	0.8394615103502058	0.029204830769437584	2.4907174584120146	0.48007771081854944	0.029204830769437584	2.4907174584120146	0.48007771081854944	0.11786901294189248	0.0	0.0	0.0	2.63112310419177E-310	-13485.39145378186	1.4439099551479578E308	8.763422042380131E307	3.65997128425292E307	1.1182253329128337E308	5.711271916408431E307	2	6	2	8	1
313000	-19134.790673243	-3443.8255529860585	-15690.965120256938	-3443.8255529860585	7.388384562468811E307	Infinity	0.8394615103502058	0.029204830769437584	2.4907174584120146	0.48007771081854944	0.029204830769437584	2.4907174584120146	0.48007771081854944	0.28304214073939543	0.0	0.0	0.0	2.322509727955E-310	-13488.038872012745	5.900097121895696E307	8.425392064790496E307	4.871456901124439E307	9.699547791627522E307	3.255913563476679E307	4	3	5	4	3
314000	-19135.351406783113	-3432.233686712707	-15703.117720070408	-3432.233686712707	1.5450620591483548E308	Infinity	0.8394615103502058	0.029204830769437584	2.4907174584120146	0.48007771081854944	0.029204830769437584	2.4907174584120146	0.48007771081854944	0.314077798887651	0.0	0.0	0.0	1.5950932231968E-310	-13494.966377724519	7.132268869053193E307	1.7760137626826103E308	9.107906578994528E307	1.589753772076453E308	1.0983088607856595E308	2	1	5	2	9
315000	-19100.335055368247	-3446.932648349292	-15653.402407018955	-3446.932648349292	5.137116821841057E307	Infinity	0.8394615103502058	0.029204830769437584	2.4907174584120146	0.48007771081854944	0.029204830769437584	2.4907174584120146	0.48007771081854944	0.1591882324780673	0.0	0.0	0.0	6.0041995447358E-310	-13477.902744072915	1.2889966945895338E308	6.450738761492275E307	1.7151418419042644E307	2.808988056171949E307	4.0622347496148205E307	5	2	1	1	10
316000	-19121.960886533925	-3442.079959366205	-15679.88092716772	-3442.079959366205	8.755293711189253E307	Infinity	0.8394615103502058	0.029204830769437584	2.4907174584120146	0.48007771081854944	0.029204830769437584	2.4907174584120146	0.48007771081854944	0.22537338590907835	0.0	0.0	0.0	3.00075694094846E-310	-13484.864495313377	6.373643548424774E307	5.698458928420585E307	7.524095239692729E307	3.4921147372132284E307	4.108929959952807E307	1	1	5	10	2
317000	-19101.820258729298	-3455.8506388869305	-15645.969619842366	-3455.8506388869305	3.3439252650354303E307	Infinity	0.8394615103502058	0.029204830769437584	2.4907174584120146	0.48007771081854944	0.029204830769437584	2.4907174584120146	0.48007771081854944	0.1174331715018025	0.0	0.0	0.0	4.18740979166454E-310	-13476.767597898302	7.044055528495061E307	7.033442799771464E307	1.160205397132793E308	4.0036055617630914E307	1.6344415608927585E307	1	1	2	13	2
318000	-19113.491316672713	-3431.4231581258136	-15682.0681585469	-3431.4231581258136	4.93248043174429E307	Infinity	0.8394615103502058	0.029204830769437584	2.4907174584120146	0.48007771081854944	0.029204830769437584	2.4907174584120146	0.48007771081854944	0.43527016193722934	0.0	0.0	0.0	5.4825916852474E-310	-13472.420392542836	4.665443628130629E307	2.75517448859799E307	2.809163944102377E307	1.4088545378543259E307	2.0596696349889567E307	2	2	11	3	1
319000	-19102.601523291647	-3446.6500562221313	-15655.951467069517	-3446.6500562221313	1.736760760931394E307	8.09762519459486E307	0.8394615103502058	0.029204830769437584	2.4907174584120146	0.48007771081854944	0.029204830769437584	2.4907174584120146	0.48007771081854944	0.29807875118471916	1.500686714069957E-309	0.0	0.0	1.5715855146448E-309	-13455.864940194422	2.1066228859930035E307	2.0689661944336678E307	2.084184225875796E307	1.1763887848779548E307	3.150712052320963E306	9	2	4	1	3
320000	-19102.115993850308	-3434.678021076471	-15667.437972773836	-3434.678021076471	3.0806537637851677E307	1.786646090422626E308	0.8394615103502058	0.029204830769437584	2.4907174584120146	0.48007771081854944	0.029204830769437584	2.4907174584120146	0.48007771081854944	0.2561388761573738	5.64683800108286E-310	0.0	0.0	6.46957905651603E-310	-13471.537933868516	1.0822137846394641E307	2.46381340136773E307	2.769274296682742E307	2.5414677287699677E307	1.3448352836107347E307	2	2	8	5	2
321000	-19108.054087654957	-3439.300478004428	-15668.753609650528	-3439.300478004428	1.5445224511385542E307	8.743072122649751E307	0.8394615103502058	0.029204830769437584	2.4907174584120146	0.48007771081854944	0.029204830769437584	2.4907174584120146	0.48007771081854944	0.3689301820677254	1.45595338495187E-309	0.0	0.0	1.58493046463209E-309	-13460.162870891985	2.097369541074519E307	3.9537697991670753E307	3.029099365320368E307	1.7125287332754644E307	1.703510428921225E307	4	2	1	5	7
322000	-19110.703352168683	-3432.9157768271234	-15677.787575341557	-3432.9157768271234	2.6250618220785154E307	1.4001641098201667E308	0.8394615103502058	0.11774836811688828	2.6083013845211442	0.2739502473619693	0.11774836811688828	2.6083013845211442	0.2739502473619693	0.3539670467388547	7.14090501929687E-310	0.0	0.0	6.94291106120256E-310	-13463.322061768242	1.2799198708139565E307	1.6115138472606145E307	2.5118651523090947E307	2.1264153303309182E307	2.381515692507903E307	4	7	2	3	3
323000	-19061.180007271923	-3428.8825904515734	-15632.297416820351	-3428.8825904515734	1.9344278922178413E307	8.278871132800764E307	0.8394615103502058	0.11774836811688828	2.6083013845211442	0.2739502473619693	0.11774836811688828	2.6083013845211442	0.2739502473619693	0.22994542716410798	1.204153067107963E-309	0.0	0.0	1.24243152138324E-309	-13450.620479207384	2.747061270322973E306	4.775167128873575E306	1.3237001112159356E307	8.760533196615043E306	1.205180043198578E307	1	2	6	3	7
324000	-19105.9612108046	-3436.1007867594053	-15669.860424045195	-3436.1007867594053	5.493901340238513E307	Infinity	0.8394615103502058	0.11774836811688828	2.6083013845211442	0.2739502473619693	0.11774836811688828	2.6083013845211442	0.2739502473619693	0.2218135036999284	0.0	0.0	0.0	3.27890770934505E-310	-13480.751076622437	6.375760363317434E307	3.9490905978092073E307	2.804453422229103E307	3.6145901705872784E307	4.4078208454101125E307	2	1	3	5	8
325000	-19097.984789406968	-3447.0593058856152	-15650.925483521352	-3447.0593058856152	3.483219195788523E307	Infinity	0.8394615103502058	0.11774836811688828	2.6083013845211442	0.2739502473619693	0.11774836811688828	2.6083013845211442	0.2739502473619693	0.17134550201188353	0.0	0.0	0.0	5.4433913763769E-310	-13475.062993511237	4.720692488875916E307	1.2900857223759065E307	2.8146069215699824E307	3.2419917183252376E307	4.2754486438145817E307	2	1	3	5	8
326000	-19118.179658132452	-3453.580384115534	-15664.599274016919	-3453.580384115534	5.026853821202219E307	Infinity	0.8394615103502058	0.11774836811688828	2.6083013845211442	0.2739502473619693	0.11774836811688828	2.6083013845211442	0.2739502473619693	0.20451887683712108	0.0	0.0	0.0	3.6988123827487E-310	-13479.103994703286	7.372491690282866E307	2.4029767379219257E307	2.5903229496721077E307	2.401388424124048E307	3.1455346397074854E307	1	1	4	6	7
327000	-19081.291872078004	-3455.395500239532	-15625.896371838471	-3455.395500239532	9.127457617564273E306	4.794670919094994E307	0.8394615103502058	0.11774836811688828	2.6083013845211442	0.2739502473619693	0.11774836811688828	2.6083013845211442	0.2739502473619693	0.17823191491216073	2.40785583546343E-309	0.0	0.0	2.462076209446615E-309	-13448.97797668473	2.6011141238599644E307	1.1207375976195154E307	9.475321819378674E306	1.1110037616083929E307	1.0775726063759708E307	2	6	5	2	4
328000	-19061.18791214544	-3439.2829653428325	-15621.904946802606	-3439.2829653428325	4.229551614131248E306	2.061597221158294E307	0.8394615103502058	0.11774836811688828	2.6083013845211442	0.2739502473619693	0.11774836811688828	2.6083013845211442	0.2739502473619693	0.25159447468096796	4.378279808664645E-309	0.0	0.0	4.43065323811398E-309	-13432.882950890855	3.584143699982406E306	7.260836517693133E306	4.012269603714725E306	7.143593865320394E306	5.840150456404795E306	7	6	3	1	2
329000	-19065.278970894145	-3434.6297313792775	-15630.649239514869	-3434.6297313792775	3.4751126939059606E306	1.8573853580906078E307	0.8394615103502058	0.11774836811688828	2.6083013845211442	0.2739502473619693	0.11774836811688828	2.6083013845211442	0.2739502473619693	0.3514250971046118	5.78150670601727E-309	0.0	0.0	5.782930830968087E-309	-13430.891868291928	1.1255410866378353E307	3.851270518609199E306	4.6736323534549785E306	2.41938080023097E306	1.2029244122857606E306	5	5	1	6	2
330000	-19047.39816133772	-3434.527446809017	-15612.8707145287	-3434.527446809017	4.062950615067332E306	2.1317102288563355E307	0.8394615103502058	0.11774836811688828	2.6083013845211442	0.2739502473619693	0.11774836811688828	2.6083013845211442	0.2739502473619693	0.2025977800024426	5.69101035462192E-309	0.0	0.0	5.58641018619911E-309	-13432.00454190993	8.089024424970745E306	5.0533065814388164E306	4.4176558305472376E306	1.6190050135209757E306	2.92828641808474E306	5	1	10	1	2
331000	-19072.24944407258	-3434.1232007752164	-15638.126243297364	-3434.1232007752164	1.1844905112921702E307	5.774923687559427E307	0.8394615103502058	0.11774836811688828	2.6083013845211442	0.2739502473619693	0.11774836811688828	2.6083013845211442	0.2739502473619693	0.2669357833704807	1.676178487694194E-309	0.0	0.0	1.631687755707986E-309	-13451.000830517505	5.4456929409970974E306	9.293343149011679E306	7.470993100004209E306	7.234322099735988E306	1.7192681981956747E306	5	3	7	2	2
332000	-19069.265123650574	-3447.1458097278855	-15622.119313922687	-3447.1458097278855	3.1354060976800176E307	1.3733341926959373E308	0.8394615103502058	0.11774836811688828	2.6083013845211442	0.2739502473619693	0.11774836811688828	2.6083013845211442	0.2739502473619693	0.09543188423329899	8.1175691201123E-310	0.0	0.0	8.2310527924576E-310	-13467.355496687038	3.8305299092537363E307	1.5182754024019715E307	1.3076933808647595E307	1.5074284835945128E307	1.2475832785458427E307	5	7	2	3	2
333000	-19102.736959302725	-3433.6742811095774	-15669.062678193148	-3433.6742811095774	3.4514207769870906E307	1.6240245753681787E308	0.8394615103502058	0.11774836811688828	2.6083013845211442	0.2739502473619693	0.11774836811688828	2.6083013845211442	0.2739502473619693	0.2397627702085211	5.8734068587128E-310	0.0	0.0	6.01029746081474E-310	-13467.159505981921	4.934649651749435E307	1.0356279202390659E307	2.8529822327119867E307	3.047902626584549E307	1.6399811218953648E307	2	1	10	3	3
334000	-19087.78845017969	-3443.19420409894	-15644.594246080751	-3443.19420409894	2.3235883543100526E307	1.3385600204949819E308	0.8394615103502058	0.11774836811688828	2.267669546191739	0.6145820856913744	0.11774836811688828	2.267669546191739	0.6145820856913744	0.14926175519469512	8.2864648653645E-310	0.0	0.0	8.66747378476283E-310	-13468.988661543206	3.330771370648697E307	3.62397502731955E307	3.112626854499366E307	1.8882181842919486E307	1.0780865556023797E307	1	3	6	5	4
335000	-19104.959925704716	-3448.9442902222654	-15656.015635482452	-3448.9442902222654	2.00187778792251E307	1.386500968018358E308	0.8394615103502058	0.11774836811688828	2.267669546191739	0.6145820856913744	0.11774836811688828	2.267669546191739	0.6145820856913744	0.20731061601427636	6.67299118814734E-310	0.0	0.0	6.8807434093614E-310	-13468.976548854935	4.0116604537366737E307	8.25137646722009E307	5.849802769735483E307	3.212557308005681E307	1.0753268143645415E307	4	4	3	6	2
336000	-19082.707622052283	-3445.142735710328	-15637.564886341954	-3445.142735710328	1.2289132885952472E307	7.352984829183859E307	0.6460433417373084	0.11774836811688828	2.267669546191739	0.6145820856913744	0.11774836811688828	2.267669546191739	0.6145820856913744	0.20702340446055864	1.318869319231552E-309	0.0	0.0	1.301967320429835E-309	-13456.534429591118	1.0865014977066307E307	9.003403764366212E306	1.2499954624255006E307	1.3835270204861556E307	4.336331930068371E306	5	1	2	7	4
337000	-19067.628159558066	-3453.894212655697	-15613.73394690237	-3453.894212655697	4.2230359671232967E306	2.3367678519553246E307	0.6460433417373084	0.11774836811688828	2.267669546191739	0.6145820856913744	0.11774836811688828	2.267669546191739	0.6145820856913744	0.1762015843497659	4.222861412683923E-309	0.0	0.0	3.99063661373737E-309	-13435.225520142372	6.869579602130211E306	6.175393066818316E306	4.3722512641197114E306	5.022152447485897E306	2.585672721062537E306	5	5	3	5	1
338000	-19062.701707153657	-3448.850986222253	-15613.850720931403	-3448.850986222253	5.810384459626603E306	3.7549466524064623E307	0.6460433417373084	0.11774836811688828	2.267669546191739	0.6145820856913744	0.11774836811688828	2.267669546191739	0.6145820856913744	0.1663916091994194	2.87787140193229E-309	0.0	0.0	3.03485959135504E-309	-13440.634413422315	1.8222830117773E307	1.5701649265283827E307	4.489439001581695E306	7.266455808986211E306	3.464832562664318E306	3	1	9	3	3
339000	-19082.823320937056	-3449.4372488134236	-15633.38607212363	-3449.4372488134236	8.489253903387593E306	3.5214236412684247E307	0.6460433417373084	0.2201815079363818	2.267669546191739	0.5121489458718809	0.2201815079363818	2.267669546191739	0.5121489458718809	0.3104136170629695	2.30885894507861E-309	0.0	0.0	2.19479229109755E-309	-13434.942017198162	7.963324868235945E306	2.070101099174629E306	2.0892960924418153E306	5.664128809945876E306	1.5782682498109792E306	1	1	7	8	2
340000	-19042.483663840405	-3445.7969563768047	-15596.6867074636	-3445.7969563768047	1.7010092839741273E306	1.1166957348770601E307	0.4919606155203134	0.2201815079363818	2.267669546191739	0.5121489458718809	0.2201815079363818	2.267669546191739	0.5121489458718809	0.1812138336089322	8.323418268724604E-309	0.0	0.0	8.50193849924196E-309	-13420.900026338339	8.212556444773893E306	2.748664801696158E306	2.3462036478198858E306	5.310202492008456E305	3.2615159213573364E305	1	1	13	2	2
341000	-19047.4593055887	-3461.7160240045628	-15585.743281584138	-3461.7160240045628	1.0122237979360934E306	4.8604236571648744E306	0.4919606155203134	0.2201815079363818	2.267669546191739	0.5121489458718809	0.2201815079363818	2.267669546191739	0.5121489458718809	0.22989417390974096	2.193913200846389E-308	0.0	0.0	2.3298921503946856E-308	-13402.253593199719	4.0613981723699515E306	9.290356875802787E305	1.2146403009092271E306	9.303540227288379E305	6.7340085803767266E305	1	1	9	6	2
342000	-19038.866136288932	-3437.7238362081393	-15601.142300080792	-3437.7238362081393	9.849992006586807E305	5.356454582984768E306	0.7417668387224942	0.2201815079363818	2.267669546191739	0.5121489458718809	0.2201815079363818	2.267669546191739	0.5121489458718809	0.3136275295857409	1.900105477732954E-308	0.0	0.0	2.0237009820976904E-308	-13407.25155162496	6.597807219151488E305	3.1877502698711428E305	4.983000864816883E305	9.303540227288379E305	9.64546208054495E305	1	1	2	14	1
343000	-19010.065755493597	-3428.0881581111844	-15581.977597382414	-3428.0881581111844	8.389000976328971E305	3.945617565599941E306	0.7417668387224942	0.2201815079363818	2.4167299787661403	0.36308851329747965	0.2201815079363818	2.4167299787661403	0.36308851329747965	0.21005516218047085	2.3857746277192963E-308	0.0	0.0	2.168352959533256E-308	-13398.635878009549	9.511563922788262E305	5.321000247353387E305	7.835750918265758E305	5.45000665376768E305	3.98712612960125E305	7	4	5	2	1
344000	-19020.85656222532	-3434.5894236444838	-15586.267138580835	-3434.5894236444838	6.817115203233687E305	3.60129044801321E306	0.7417668387224942	0.2201815079363818	2.4167299787661403	0.36308851329747965	0.2201815079363818	2.4167299787661403	0.36308851329747965	0.2949791790335524	2.9159029428825185E-308	0.0	0.0	2.894351538434584E-308	-13397.956620939302	7.523792673432464E305	1.1673080462005401E306	5.659054928456711E305	3.908778017410127E305	8.53385144314044E305	10	2	2	2	3
345000	-19067.035944622843	-3421.14971580208	-15645.886228820762	-3421.14971580208	8.560494764135125E306	4.334495239209784E307	0.7417668387224942	0.2201815079363818	2.4167299787661403	0.36308851329747965	0.2201815079363818	2.4167299787661403	0.36308851329747965	0.3390448344743025	2.4639163720812E-309	0.0	0.0	2.45907059896177E-309	-13442.324650955621	5.004689672626406E306	3.833415082991819E306	7.63163291680558E306	3.128096177971191E306	2.3698081062139703E306	4	8	3	2	2
346000	-19088.019691681326	-3441.8821815011092	-15646.137510180215	-3441.8821815011092	1.4484723835018722E307	5.862849472663661E307	0.7417668387224942	0.2201815079363818	2.4167299787661403	0.36308851329747965	0.2201815079363818	2.4167299787661403	0.36308851329747965	0.22973596462523171	2.375825225199834E-309	0.0	0.0	2.519311822278835E-309	-13444.710586240599	5.353387616503991E306	4.254764119385927E306	7.337952770382442E306	1.0431119763894023E307	1.384479027861218E307	1	8	2	4	4
347000	-19076.945756544686	-3427.2653447922266	-15649.680411752459	-3427.2653447922266	4.1023508473814887E307	Infinity	0.7417668387224942	0.2201815079363818	2.4167299787661403	0.36308851329747965	0.2201815079363818	2.4167299787661403	0.36308851329747965	0.1633588273750319	0.0	0.0	0.0	5.077694814259E-310	-13473.341230690115	2.4171564606531606E307	2.0669022779838542E307	3.544746678957154E307	5.861311667398049E307	8.040521079100016E307	7	2	1	8	1
348000	-19017.82683639549	-3430.2469776105377	-15587.579858784951	-3430.2469776105377	3.8916055747623166E307	Infinity	0.7417668387224942	0.2201815079363818	2.4167299787661403	0.36308851329747965	0.2201815079363818	2.4167299787661403	0.36308851329747965	0.031027722923239527	0.0	0.0	0.0	5.7469735730985E-310	-13471.762912240596	4.2639575986299477E307	1.3407410326374434E307	8.689143694256832E306	2.5614879385017396E307	9.760300271592415E306	5	1	2	9	2
349000	-19040.07603810526	-3430.822517370987	-15609.253520734275	-3430.822517370987	1.581115169644421E307	7.152216689143608E307	0.7417668387224942	0.2201815079363818	2.4167299787661403	0.36308851329747965	0.2201815079363818	2.4167299787661403	0.36308851329747965	0.0984326208795343	1.24799745900212E-309	0.0	0.0	1.24147821226369E-309	-13454.28859748983	1.27893874921649E307	1.2253150917483212E307	4.8947137120470075E306	1.043824976179591E307	5.397743258248744E306	8	2	1	5	3
350000	-19060.4723780419	-3422.619405283427	-15637.852972758472	-3422.619405283427	1.0002192944075738E307	5.301110796150316E307	0.7417668387224942	0.2201815079363818	2.4167299787661403	0.36308851329747965	0.2201815079363818	2.4167299787661403	0.36308851329747965	0.2555922258986879	1.81027634662335E-309	0.0	0.0	1.74363252488912E-309	-13449.723069018593	1.0512452699549446E307	1.0346720572612417E307	6.981203289410895E306	6.648334604050759E306	6.948191240502304E306	2	6	7	2	2
351000	-19089.108941616694	-3458.7453840867406	-15630.363557529954	-3458.7453840867406	1.9781292695560006E307	8.832467855971557E307	0.7417668387224942	0.2201815079363818	2.4167299787661403	0.36308851329747965	0.2201815079363818	2.4167299787661403	0.36308851329747965	0.14967793041436542	1.199260824093013E-309	0.0	0.0	1.237628107275514E-309	-13457.305655003067	1.7471628648202872E307	1.0384373002306088E307	1.1847098430793915E307	5.5209413459132423E306	1.0777215241616643E307	6	1	5	2	5
352000	-19101.76336405765	-3436.028353317564	-15665.735010740085	-3436.028353317564	2.1531367104923408E307	1.0392670396977494E308	0.7417668387224942	0.2201815079363818	2.4167299787661403	0.36308851329747965	0.2201815079363818	2.4167299787661403	0.36308851329747965	0.321404859855352	1.08891156279767E-309	0.0	0.0	9.9797074154612E-310	-13464.369753627056	5.052750569507089E307	3.360858709064431E307	3.5310001153217243E307	4.074957998468977E307	1.4703990264052257E307	3	1	1	11	3
353000	-19114.993197501266	-3445.7643937949038	-15669.228803706363	-3445.7643937949038	6.822992231133275E307	Infinity	0.7417668387224942	0.2201815079363818	2.4167299787661403	0.36308851329747965	0.2201815079363818	2.4167299787661403	0.36308851329747965	0.18079171829077997	0.0	0.0	0.0	2.8590393510331E-310	-13484.240893563787	1.0499489004573852E308	5.372586322202807E307	3.918569019221701E307	5.463208325184204E307	1.0424263571183591E308	1	9	1	3	5
354000	-19124.038555990803	-3442.259641186016	-15681.778914804785	-3442.259641186016	3.0496993953705505E307	1.7375091469054201E308	0.7417668387224942	0.2201815079363818	2.4167299787661403	0.36308851329747965	0.2201815079363818	2.4167299787661403	0.36308851329747965	0.3035440171406271	5.19007395342366E-310	0.0	0.0	4.74050186825363E-310	-13474.154202511789	1.0971807594632904E308	3.840617011247979E307	2.811314844254319E307	1.0428024924834288E307	1.4439886365084772E307	1	9	2	1	6
355000	-19114.158369699297	-3431.050694184764	-15683.107675514531	-3431.050694184764	1.2732850519074523E308	Infinity	0.7417668387224942	0.2201815079363818	2.4167299787661403	0.36308851329747965	0.2201815079363818	2.4167299787661403	0.36308851329747965	0.19532487615787023	0.0	0.0	0.0	1.6082429739339E-310	-13493.544816813177	8.943143299054079E307	9.01830944312536E307	1.126147860245464E308	9.700245916786142E307	1.4667029164718373E308	1	2	7	3	6
356000	-19098.563118277063	-3433.216694407772	-15665.346423869292	-3433.216694407772	8.280588099656928E307	Infinity	0.7417668387224942	0.2201815079363818	2.4167299787661403	0.36308851329747965	0.2201815079363818	2.4167299787661403	0.36308851329747965	0.16066827906208883	0.0	0.0	0.0	2.44028637237143E-310	-13486.723590981512	9.523042402181521E307	7.599196255495264E307	9.614170136888425E307	4.689127171645662E307	5.01894970175167E307	4	3	3	8	1
357000	-19102.714260475364	-3428.726517720381	-15673.987742754984	-3428.726517720381	4.820359518652879E307	Infinity	0.7417668387224942	0.07767056312907608	2.559240923573446	0.36308851329747965	0.07767056312907608	2.559240923573446	0.36308851329747965	0.2833804129799513	0.0	0.0	0.0	3.8125905234692E-310	-13479.474287037792	9.37656068635138E307	2.5654385553372187E307	2.4820067559064736E307	4.1249107569071643E307	3.154606790042643E307	3	4	2	3	7
358000	-19104.523185288257	-3440.397576541593	-15664.125608746663	-3440.397576541593	3.6489325467190086E307	1.6589234292959907E308	0.7417668387224942	0.07767056312907608	2.559240923573446	0.36308851329747965	0.07767056312907608	2.559240923573446	0.36308851329747965	0.17326206806332015	7.7228199541184E-310	0.0	0.0	7.35222826396854E-310	-13471.281248262036	7.845385531159161E307	3.1355074864339774E307	2.5028533401733213E307	2.094123695635344E307	7.725039721113113E307	2	4	2	10	1
359000	-19100.17390253368	-3435.2680220961793	-15664.905880437498	-3435.2680220961793	8.242806815916181E307	Infinity	0.7417668387224942	0.07767056312907608	2.559240923573446	0.36308851329747965	0.07767056312907608	2.559240923573446	0.36308851329747965	0.1267894904024601	0.0	0.0	0.0	2.10303882477777E-310	-13491.1418474372	7.580499054527553E307	8.941665282597987E307	5.287440064111234E307	1.1531547568687791E308	2.5517090298982806E307	5	1	3	9	1
360000	-19107.19025979423	-3421.571001346809	-15685.619258447423	-3421.571001346809	7.282393624330543E307	Infinity	0.7417668387224942	0.07767056312907608	2.559240923573446	0.36308851329747965	0.07767056312907608	2.559240923573446	0.36308851329747965	0.24978958464340034	0.0	0.0	0.0	2.5659778116164E-310	-13485.120786242882	9.672975980259965E307	9.858386694055331E307	3.372140597980776E307	7.702554369411091E307	7.490808659986414E307	1	1	2	14	1
361000	-19096.26467904592	-3432.609880542841	-15663.654798503076	-3432.609880542841	4.666024526487325E307	Infinity	0.7417668387224942	0.07767056312907608	2.559240923573446	0.36308851329747965	0.07767056312907608	2.559240923573446	0.36308851329747965	0.1877398566287668	0.0	0.0	0.0	3.4438235715449E-310	-13478.81385268541	5.393292420641191E307	8.010760087190972E307	7.322249229280451E307	8.771363200087992E307	2.3926461107423477E307	3	3	4	7	2
362000	-19136.16286641938	-3435.478428252073	-15700.684438167309	-3435.478428252073	6.097717193428373E307	Infinity	0.7417668387224942	0.07767056312907608	2.559240923573446	0.36308851329747965	0.07767056312907608	2.559240923573446	0.36308851329747965	0.41778631737681426	0.0	0.0	0.0	3.14436448072455E-310	-13485.206063186846	5.518814792016324E307	1.4671429857367973E308	6.491997039390531E307	7.053836275671306E307	5.850828460821477E307	2	3	8	3	3
363000	-19127.11369643907	-3438.506908359888	-15688.606788079183	-3438.506908359888	4.192492464165811E307	Infinity	0.7417668387224942	0.07767056312907608	2.559240923573446	0.36308851329747965	0.07767056312907608	2.559240923573446	0.36308851329747965	0.292730822440698	0.0	0.0	0.0	4.6769945460415E-310	-13485.257731292539	1.0595746556171797E308	5.536040861503316E307	5.877184583265922E307	8.132156810025898E307	9.01715865762718E307	2	6	1	8	2
364000	-19100.27671901026	-3437.953240291457	-15662.323478718805	-3437.953240291457	1.3145440924681584E308	Infinity	0.7417668387224942	0.07767056312907608	2.559240923573446	0.36308851329747965	0.07767056312907608	2.559240923573446	0.36308851329747965	0.13113687328014118	0.0	0.0	0.0	1.6315592726593E-310	-13489.823942428839	1.0775046161811537E308	3.601283836961901E307	1.9024355312528923E307	5.194957168638077E307	4.304539110389816E307	7	2	1	3	6
365000	-19087.328041970057	-3426.130234406615	-15661.197807563442	-3426.130234406615	1.228361260450807E308	Infinity	0.7417668387224942	0.07767056312907608	2.559240923573446	0.36308851329747965	0.07767056312907608	2.559240923573446	0.36308851329747965	0.13459446659623747	0.0	0.0	0.0	1.71338427766903E-310	-13491.705809889776	1.0775046161811537E308	7.391365017515397E307	8.220555786487322E307	3.5201257338656003E307	6.080297611225505E307	1	1	10	2	5
366000	-19115.604976858285	-3436.8761230653977	-15678.728853792889	-3436.8761230653977	4.353017382421293E307	Infinity	0.7417668387224942	0.07767056312907608	2.559240923573446	0.36308851329747965	0.07767056312907608	2.559240923573446	0.36308851329747965	0.20468541884156008	0.0	0.0	0.0	2.95362155925784E-310	-13484.410564594982	9.48122773112186E307	7.900863112680073E307	5.681531888859047E307	8.246746599047935E307	1.069598688050328E308	1	2	11	4	1
367000	-19133.396064862936	-3442.7724249742982	-15690.62363988864	-3442.7724249742982	4.959285001866004E307	Infinity	0.7417668387224942	0.07767056312907608	2.559240923573446	0.36308851329747965	0.07767056312907608	2.559240923573446	0.36308851329747965	0.2666846421477561	0.0	0.0	0.0	2.5598775512379E-310	-13488.45313744704	9.529512700840487E307	1.127902780788644E308	5.93262659539168E307	9.441880837715279E307	1.2526273121448057E308	7	2	1	2	7
368000	-19112.633901159104	-3439.8499259755017	-15672.783975183602	-3439.8499259755017	6.458290298232542E307	Infinity	0.7417668387224942	0.07767056312907608	2.559240923573446	0.36308851329747965	0.07767056312907608	2.559240923573446	0.36308851329747965	0.18520289750811172	0.0	0.0	0.0	2.843513461289E-310	-13485.086782273567	6.279031959145019E307	2.8235408102575285E307	2.186997840454606E307	5.242251435737511E307	1.0754870997446148E308	7	3	2	1	6
369000	-19099.000034815377	-3439.0677111934274	-15659.932323621948	-3439.0677111934274	6.272174074544887E307	Infinity	0.7417668387224942	0.07767056312907608	2.559240923573446	0.36308851329747965	0.07767056312907608	2.559240923573446	0.36308851329747965	0.10868895059529005	0.0	0.0	0.0	3.6226400471516E-310	-13485.956060518685	1.1417638529155862E308	8.723296092149939E307	6.226576697539097E307	4.2549576546585184E307	4.623104349553822E307	3	2	4	9	1
370000	-19127.07247759314	-3444.473823579742	-15682.5986540134	-3444.473823579742	4.557652742206737E307	Infinity	0.7417668387224942	0.07767056312907608	2.559240923573446	0.36308851329747965	0.07767056312907608	2.559240923573446	0.36308851329747965	0.3268994804277504	0.0	0.0	0.0	2.88666411838324E-310	-13481.842307412044	5.418669635806837E307	6.696535996355138E307	4.701469515522033E307	2.4474880118040084E307	1.133355363142452E307	11	1	4	1	2
371000	-19112.073180393636	-3456.401411226576	-15655.671769167058	-3456.401411226576	1.9149896805274222E307	1.4096221019540956E308	0.7417668387224942	0.07767056312907608	2.559240923573446	0.36308851329747965	0.07767056312907608	2.559240923573446	0.36308851329747965	0.19166416456228547	5.2958829420449E-310	0.0	0.0	5.3867559220774E-310	-13469.28299814001	7.802815808553396E307	5.033947089271973E307	1.4284204057707792E307	2.078889211682308E307	7.318584684170575E306	2	3	4	8	2
372000	-19078.513211333226	-3431.697750123856	-15646.81546120937	-3431.697750123856	2.1673776156391475E307	8.599753387115755E307	0.7417668387224942	0.07767056312907608	2.559240923573446	0.36308851329747965	0.07767056312907608	2.559240923573446	0.36308851329747965	0.21145611833642697	1.299537288677406E-309	0.0	0.0	1.439849315897714E-309	-13455.306117707252	2.3330967521942536E307	1.1124907438958405E307	1.9067124301528383E307	1.6989980858114586E307	1.9580246925303536E307	2	2	10	3	2
373000	-19100.84418905446	-3448.0764489396674	-15652.767740114792	-3448.0764489396674	3.706791124880287E307	Infinity	0.7417668387224942	0.07767056312907608	2.559240923573446	0.36308851329747965	0.07767056312907608	2.559240923573446	0.36308851329747965	0.16467985982334582	0.0	0.0	0.0	4.55341096387103E-310	-13469.12461793946	2.773867316604472E307	3.210447864533415E307	6.085235368710347E307	2.8801412668238766E307	1.566721277251008E307	4	4	9	1	1
374000	-19126.159741494488	-3432.464304127966	-15693.695437366523	-3432.464304127966	9.41063664022879E307	Infinity	0.7417668387224942	0.07767056312907608	2.559240923573446	0.36308851329747965	0.07767056312907608	2.559240923573446	0.36308851329747965	0.3098121464855958	0.0	0.0	0.0	2.77567882928395E-310	-13491.628616731987	8.930197909581731E307	1.7829255793420492E308	8.442992591574888E307	6.43386106549471E307	2.789313042366138E307	4	6	7	1	1
375000	-19134.85608342421	-3433.7487212947717	-15701.107362129436	-3433.7487212947717	8.307137413048984E307	Infinity	0.7417668387224942	0.07767056312907608	2.559240923573446	0.36308851329747965	0.07767056312907608	2.559240923573446	0.36308851329747965	0.33005698029246705	0.0	0.0	0.0	2.3083061939136E-310	-13488.299550075355	1.0978829469431425E308	1.0927050495875785E308	9.32209585820937E307	1.9494459171506467E307	2.882859882365686E307	6	7	4	1	1
376000	-19114.205649666168	-3438.3816569674236	-15675.823992698743	-3438.3816569674236	9.15542341547782E307	Infinity	0.7417668387224942	0.07767056312907608	2.559240923573446	0.36308851329747965	0.07767056312907608	2.559240923573446	0.36308851329747965	0.21872105030444136	0.0	0.0	0.0	2.5345195637001E-310	-13484.081016024349	1.3286624809095218E307	1.9078386423516794E307	5.887165177204792E307	3.9205717200721E307	5.867197963991426E307	1	3	7	1	7
377000	-19073.99286795504	-3432.320391458252	-15641.672476496788	-3432.320391458252	1.447727287730238E308	Infinity	0.7417668387224942	0.07767056312907608	2.559240923573446	0.36308851329747965	0.07767056312907608	2.559240923573446	0.36308851329747965	0.06518280490706684	0.0	0.0	0.0	1.38553334988747E-310	-13491.612120559463	1.6850908945624514E307	5.268317083779204E307	1.1066352023179182E308	1.5182998728161757E308	7.231711804468024E307	3	3	6	4	3
378000	-19138.304499140046	-3441.3838366973923	-15696.920662442655	-3441.3838366973923	1.237410235561781E308	Infinity	0.7417668387224942	0.07767056312907608	2.3501185947746444	0.5722108420962813	0.07767056312907608	2.3501185947746444	0.5722108420962813	0.3366936374089728	0.0	0.0	0.0	2.0296531478278E-310	-13493.250357277726	1.158019104989341E308	1.1836934870381276E308	7.634321503544654E307	7.101470346690333E307	6.204974010654831E307	1	5	6	4	3
379000	-19120.322391868725	-3440.6906048054275	-15679.6317870633	-3440.6906048054275	4.173694700425387E307	Infinity	0.7417668387224942	0.07767056312907608	2.3501185947746444	0.5722108420962813	0.07767056312907608	2.3501185947746444	0.5722108420962813	0.352510302834901	0.0	0.0	0.0	5.58203524426915E-310	-13473.431390759128	3.863158275373728E307	5.183250397973143E307	4.993552763876466E307	3.7563878428946183E307	3.9136945441306624E307	8	3	5	2	1
380000	-19106.51282057136	-3440.3734923111415	-15666.139328260217	-3440.3734923111415	4.3739978445184546E307	Infinity	0.7417668387224942	0.07767056312907608	2.3501185947746444	0.5722108420962813	0.07767056312907608	2.3501185947746444	0.5722108420962813	0.23754883209487562	0.0	0.0	0.0	4.5111868574577E-310	-13476.067612602274	5.123212802777106E307	9.851203797154524E307	5.490005597419124E307	1.2929144592168202E307	1.1629225640630565E307	8	3	5	2	1
381000	-19079.681075863624	-3439.481335165416	-15640.199740698208	-3439.481335165416	4.583354509666482E307	Infinity	0.7417668387224942	0.07767056312907608	2.3501185947746444	0.5722108420962813	0.07767056312907608	2.3501185947746444	0.5722108420962813	0.0949217419410648	0.0	0.0	0.0	5.79506128475495E-310	-13478.692306034685	5.257292543384349E307	5.154478562066611E307	3.7993589425692087E307	2.1351600126007658E307	1.2793994686473407E307	8	5	2	3	1
382000	-19093.506091312534	-3452.058426187684	-15641.44766512485	-3452.058426187684	1.1048610815293537E307	5.566843161727163E307	0.7417668387224942	0.07767056312907608	2.3501185947746444	0.5722108420962813	0.07767056312907608	2.3501185947746444	0.5722108420962813	0.26238141847521895	2.45624753808538E-309	0.0	0.0	2.387173846347274E-309	-13452.96349442045	3.6290705996182597E307	1.818763919431512E307	2.4724232536000037E307	1.5741519294489982E307	1.2638149732311042E307	1	4	1	10	3
383000	-19047.98284810441	-3431.154991456066	-15616.827856648342	-3431.154991456066	1.2596415311208032E307	6.56961535377957E307	0.7417668387224942	0.07767056312907608	2.3501185947746444	0.5722108420962813	0.07767056312907608	2.3501185947746444	0.5722108420962813	0.10380596047207388	1.46727971298679E-309	0.0	0.0	1.46449432654944E-309	-13454.258148300605	6.423572635415564E307	3.305122840293513E307	4.9923440666962373E306	7.821819558633171E306	4.539442184019958E306	1	4	4	7	3
384000	-19058.561397864305	-3432.130742012777	-15626.430655851529	-3432.130742012777	9.110526316803033E306	6.426125038653364E307	0.7417668387224942	0.07767056312907608	2.3501185947746444	0.5722108420962813	0.07767056312907608	2.3501185947746444	0.5722108420962813	0.17334661808020746	1.699649056853917E-309	0.0	0.0	1.643005934192906E-309	-13454.239777274195	2.558686325735565E307	1.7009202270612016E307	1.3935292637586314E307	1.130699384009827E307	4.571744182552533E306	5	5	2	3	4
385000	-19085.90806047071	-3433.1043287165785	-15652.80373175413	-3433.1043287165785	1.794799742911731E307	1.0861424539273894E308	0.7417668387224942	0.07767056312907608	2.3501185947746444	0.5722108420962813	0.07767056312907608	2.3501185947746444	0.5722108420962813	0.21228617905300526	7.5413753999304E-310	0.0	0.0	7.0915631313417E-310	-13462.669881483167	2.317060795243976E307	3.8386845366398117E307	3.251873948886696E307	2.0673227716611472E307	7.430388016098274E306	8	5	1	1	4
386000	-19069.53690467343	-3434.950947251062	-15634.585957422367	-3434.950947251062	7.93097214800174E307	Infinity	0.7417668387224942	0.07767056312907608	2.3501185947746444	0.5722108420962813	0.07767056312907608	2.3501185947746444	0.5722108420962813	0.06302104698076533	0.0	0.0	0.0	3.44507840164986E-310	-13489.987400807804	1.2466277254868424E308	3.709981087911707E307	5.549885329742912E307	2.4734212760454474E307	2.0217778203334654E307	5	3	3	4	4
387000	-19103.96762573837	-3440.7381061598717	-15663.2295195785	-3440.7381061598717	1.1239336557412624E308	Infinity	0.7417668387224942	0.07767056312907608	2.3501185947746444	0.5722108420962813	0.07767056312907608	2.3501185947746444	0.5722108420962813	0.1312733293919189	0.0	0.0	0.0	1.7965342227475E-310	-13493.129166636521	1.5720709051782547E308	9.463806583505184E307	1.1018362182984096E308	7.458586102031409E307	2.7394330442085587E307	5	7	1	3	3
388000	-19121.908158506933	-3434.5223954462303	-15687.385763060704	-3434.5223954462303	1.413687579866416E308	Infinity	0.7417668387224942	0.07767056312907608	2.3501185947746444	0.5722108420962813	0.07767056312907608	2.3501185947746444	0.5722108420962813	0.18654651992392735	0.0	0.0	0.0	1.18602174368347E-310	-13497.636593712068	9.373776613264943E307	8.175382975559484E307	1.039771640917178E308	8.069842509861843E307	5.301938452576259E307	2	1	11	2	3
389000	-19137.573093861232	-3431.8204691936116	-15705.752624667623	-3431.8204691936116	1.655876514845253E308	Infinity	0.7417668387224942	0.07767056312907608	2.3501185947746444	0.5722108420962813	0.07767056312907608	2.3501185947746444	0.5722108420962813	0.2976539805021112	0.0	0.0	0.0	1.40858071547483E-310	-13503.456960643636	7.081434081199987E307	1.1791280940363237E308	1.376532255461239E308	1.034635310701497E308	7.472711272247187E307	7	1	2	5	4
390000	-19094.13523339115	-3441.072439642357	-15653.062793748792	-3441.072439642357	2.1622212398030757E307	1.244493361197376E308	0.7417668387224942	0.07767056312907608	2.2076360674085103	0.7146933694624152	0.07767056312907608	2.2076360674085103	0.7146933694624152	0.17673046521828437	7.20734667946817E-310	0.0	0.0	7.38120523854103E-310	-13469.444450696757	5.276190287518764E307	1.1975493557708335E308	5.287728858901871E307	2.963446250896174E307	9.440568770714286E306	4	1	6	5	3
391000	-19103.64504332179	-3440.5621674902577	-15663.082875831531	-3440.5621674902577	2.355211394951728E307	1.472298697590472E308	0.7417668387224942	0.07767056312907608	2.2076360674085103	0.7146933694624152	0.07767056312907608	2.2076360674085103	0.7146933694624152	0.2496285419086877	7.05750944845813E-310	0.0	0.0	7.1899077930588E-310	-13470.57571217321	6.222352532169464E307	3.5849107886362987E307	6.775028164289242E307	1.4672447724318192E307	8.063810975879271E306	2	5	5	5	2
392000	-19101.53922458805	-3437.9894929539155	-15663.549731634135	-3437.9894929539155	1.6338575288969055E307	1.040695842320855E308	0.7417668387224942	0.07767056312907608	2.2076360674085103	0.7146933694624152	0.07767056312907608	2.2076360674085103	0.7146933694624152	0.3128600908849913	8.4339006389334E-310	0.0	0.0	8.9806485087646E-310	-13465.859609012756	8.741394878652189E307	4.0584758450581453E307	3.932480179644148E307	2.5667461547481775E307	1.9576583612538646E307	1	5	4	6	3
393000	-19122.933223703483	-3447.816061671225	-15675.117162032258	-3447.816061671225	8.476731572536273E307	Infinity	0.7417668387224942	0.07767056312907608	2.2076360674085103	0.7146933694624152	0.07767056312907608	2.2076360674085103	0.7146933694624152	0.17333217594461034	0.0	0.0	0.0	2.1517918261733E-310	-13491.605671787771	7.195231102731442E307	3.815582858250068E307	9.814726973651093E307	4.433516647164564E307	2.444045627037606E307	3	8	4	2	2
394000	-19105.272972194914	-3461.174515197101	-15644.098456997812	-3461.174515197101	2.6825328809424854E307	Infinity	0.7417668387224942	0.07767056312907608	2.2076360674085103	0.7146933694624152	0.07767056312907608	2.2076360674085103	0.7146933694624152	0.1395621579621828	0.0	0.0	0.0	4.6591375269174E-310	-13475.369538789473	1.7226882495635292E308	4.515236439995102E307	3.971236349081068E307	1.512293475630016E307	9.256118702055245E306	3	8	4	3	1
395000	-19138.219067349797	-3447.237051698955	-15690.982015650841	-3447.237051698955	2.9969570046096796E307	Infinity	0.7417668387224942	0.07767056312907608	2.2076360674085103	0.7146933694624152	0.07767056312907608	2.2076360674085103	0.7146933694624152	0.5538375769869428	0.0	0.0	0.0	6.16744612765387E-310	-13475.988328944564	1.7134203425369808E308	8.062183079794864E307	4.367747028411103E307	1.140039252547832E307	4.723086662192382E306	2	7	7	2	1
396000	-19076.242379167663	-3437.84473728823	-15638.397641879434	-3437.84473728823	3.4723085069089564E307	Infinity	0.7417668387224942	0.07767056312907608	2.2076360674085103	0.7146933694624152	0.07767056312907608	2.2076360674085103	0.7146933694624152	0.09152099648449523	0.0	0.0	0.0	3.4959668671498E-310	-13476.108565875293	1.3359569743283473E308	7.544439053084715E307	4.854282537809307E307	3.0580707079696087E307	1.1602481979503682E307	1	1	13	3	1
397000	-19094.752236241347	-3439.487617566185	-15655.264618675163	-3439.487617566185	2.6682356477706806E307	1.764288704947313E308	0.7417668387224942	0.07767056312907608	2.2076360674085103	0.7146933694624152	0.07767056312907608	2.2076360674085103	0.7146933694624152	0.19788165667839078	4.3292477673256E-310	0.0	0.0	4.6539977842557E-310	-13471.945588127892	5.722076486714392E307	2.567556562040233E307	4.778096595317941E307	9.077899538458053E306	4.388676872167832E306	1	1	15	1	1
398000	-19100.583345469742	-3440.168476417126	-15660.414869052618	-3440.168476417126	3.4043844113027087E307	1.3999210673854045E308	0.7417668387224942	0.2671901257240575	2.022556112251797	0.7102537620241473	0.2671901257240575	2.022556112251797	0.7102537620241473	0.23748303461852677	7.79681168978824E-310	0.0	0.0	7.3362800660402E-310	-13465.926139742613	4.1543317218347754E307	2.302561916114127E307	1.740740644665271E307	2.667002095226745E307	5.33557242754105E307	1	1	7	4	6
399000	-19134.536032626256	-3455.592037024869	-15678.943995601388	-3455.592037024869	1.6943064156628702E308	Infinity	0.7417668387224942	0.2671901257240575	2.022556112251797	0.7102537620241473	0.2671901257240575	2.022556112251797	0.7102537620241473	0.12862603300662762	0.0	0.0	0.0	7.407123145991E-311	-13497.31269026598	6.285585244395199E307	1.0233806383316211E308	1.1768464463487004E308	1.0223056526751632E308	1.2959630743168284E308	5	2	5	1	6
400000	-19141.21110194167	-3462.1529514911945	-15679.058150450473	-3462.1529514911945	6.515572098756395E307	Infinity	0.6448652349789569	0.04396794624698672	2.022556112251797	0.933475941501218	0.04396794624698672	2.022556112251797	0.933475941501218	0.2832973558297956	0.0	0.0	0.0	2.9820958980778E-310	-13484.782107553014	1.4456916980064125E308	8.403699054822819E307	9.454994021138066E307	1.0223056526751632E308	5.223963378435686E307	2	6	2	4	5
401000	-19125.563811874454	-3451.024889688777	-15674.538922185677	-3451.024889688777	6.426588606900187E307	Infinity	0.6448652349789569	0.04396794624698672	2.022556112251797	0.933475941501218	0.04396794624698672	2.022556112251797	0.933475941501218	0.2019532864530316	0.0	0.0	0.0	2.43359595017695E-310	-13483.481888331531	4.0529483059421983E307	6.755776532436021E307	7.341387980098251E307	1.9938466922613383E307	9.045015516866281E306	5	8	2	3	1
402000	-19161.673869441212	-3458.842753525525	-15702.831115915686	-3458.842753525525	1.0716583110430937E308	Infinity	0.6448652349789569	0.04396794624698672	2.022556112251797	0.933475941501218	0.04396794624698672	2.022556112251797	0.933475941501218	0.34671902915309244	0.0	0.0	0.0	1.67833932971427E-310	-13499.390457546975	1.622796804129691E308	1.6793350036095583E308	9.643615055743198E307	4.9163313715283E307	1.0011888804754578E307	7	5	3	3	1
403000	-19136.307703656872	-3450.1027273627687	-15686.204976294104	-3450.1027273627687	1.0287540986899626E308	Infinity	0.6448652349789569	0.04396794624698672	2.022556112251797	0.933475941501218	0.04396794624698672	2.022556112251797	0.933475941501218	0.20761271059785907	0.0	0.0	0.0	1.27981836182297E-310	-13498.362254531328	1.2042970155200054E308	1.2709690260050158E308	1.2432290393970433E308	1.148866287060287E308	8.937694853252277E307	6	7	4	1	1
404000	-19144.715119787597	-3470.0290675060255	-15674.686052281571	-3470.0290675060255	1.1510892315649455E308	Infinity	0.8225195807414559	0.04396794624698672	2.022556112251797	0.933475941501218	0.04396794624698672	2.022556112251797	0.933475941501218	0.15935140228227546	0.0	0.0	0.0	1.1226292407647E-310	-13489.272611492222	6.502420087306928E307	1.2748737695372323E308	5.348141033462446E307	1.1502167625775686E308	4.029003972967717E307	2	8	4	1	4
405000	-19148.28624645907	-3457.419765543159	-15690.86648091591	-3457.419765543159	1.1341363200927178E308	Infinity	0.8225195807414559	0.04396794624698672	2.022556112251797	0.933475941501218	0.04396794624698672	2.022556112251797	0.933475941501218	0.2036344774276671	0.0	0.0	0.0	1.04977536335217E-310	-13500.525058929781	7.040206932474327E307	1.2748737695372323E308	7.014325961883463E307	5.15180688408233E307	4.190265659658871E307	4	11	2	1	1
406000	-19098.724632032114	-3437.41866481539	-15661.305967216726	-3437.41866481539	9.455173866567172E307	Infinity	0.8225195807414559	0.04396794624698672	2.022556112251797	0.933475941501218	0.04396794624698672	2.022556112251797	0.933475941501218	0.10409456656423349	0.0	0.0	0.0	2.12562848435216E-310	-13489.196660971207	2.706268320349127E307	5.030297901174145E307	6.074377765004424E307	5.88239543256934E307	1.1074535747099685E308	3	4	3	1	8
407000	-19114.210112289795	-3448.769434338066	-15665.44067795173	-3448.769434338066	4.4028948364350417E307	Infinity	0.8225195807414559	0.04396794624698672	2.022556112251797	0.933475941501218	0.04396794624698672	2.022556112251797	0.933475941501218	0.2075233808574107	0.0	0.0	0.0	5.75613607766875E-310	-13473.991231100674	1.0415445775079006E308	5.242223503478139E307	2.076078965827587E307	2.4001638150628003E307	3.111821165095537E307	4	1	2	4	8
408000	-19113.478091695106	-3442.535044917304	-15670.943046777802	-3442.535044917304	5.921632111725438E307	Infinity	0.8225195807414559	0.04396794624698672	2.022556112251797	0.933475941501218	0.04396794624698672	2.022556112251797	0.933475941501218	0.26411565177694	0.0	0.0	0.0	3.9376542941893E-310	-13476.2467145085	5.810701570246561E307	6.803680645225947E307	6.458920762710043E307	5.905675848482647E307	5.089623527213052E307	1	1	3	1	13
409000	-19139.37214653892	-3450.587248711096	-15688.784897827823	-3450.587248711096	1.4988442191069469E308	Infinity	0.8225195807414559	0.2948548075349703	2.022556112251797	0.6825890802132344	0.2948548075349703	2.022556112251797	0.6825890802132344	0.27119247490756493	0.0	0.0	0.0	1.1948260684094E-310	-13494.288304989712	1.2553475045845795E308	8.461898227512252E307	8.383578280716365E307	1.2422838940261805E308	1.5689311398344306E308	2	2	3	4	8
410000	-19124.08824952978	-3454.297686843115	-15669.790562686665	-3454.297686843115	8.663969080444596E307	Infinity	0.8225195807414559	0.2948548075349703	2.022556112251797	0.6825890802132344	0.2948548075349703	2.022556112251797	0.6825890802132344	0.20740703574068492	0.0	0.0	0.0	1.6720930356039E-310	-13487.282940081048	1.7540542785554857E308	1.1684488189828115E308	5.277947808439498E307	6.723359181826601E307	4.75949395572383E307	1	1	2	13	2
411000	-19109.949003659403	-3437.6427681903765	-15672.306235469026	-3437.6427681903765	7.594985167435454E307	Infinity	0.7104849765776721	0.06487585345522917	2.252535066331538	0.6825890802132344	0.06487585345522917	2.252535066331538	0.6825890802132344	0.1807918805283517	0.0	0.0	0.0	2.71825113391896E-310	-13489.535036381196	8.103655835163395E307	6.973912295773178E307	7.354870549436172E307	1.1916599627584419E308	4.773414090895232E307	2	2	10	4	1
412000	-19129.336651508485	-3441.0460530008063	-15688.290598507678	-3441.0460530008063	7.328032260435207E307	Infinity	0.7104849765776721	0.06487585345522917	2.252535066331538	0.6825890802132344	0.06487585345522917	2.252535066331538	0.6825890802132344	0.2803165261088524	0.0	0.0	0.0	2.4280547673034E-310	-13488.088176714718	1.158270433912343E308	1.3430920902631367E308	8.706367953725775E307	1.0455020040127019E308	3.8262317029644985E307	3	2	3	7	4
413000	-19108.52689098949	-3443.8131127761967	-15664.713778213294	-3443.8131127761967	6.437346430733712E307	Infinity	0.7104849765776721	0.06487585345522917	2.252535066331538	0.6825890802132344	0.06487585345522917	2.252535066331538	0.6825890802132344	0.12589683208738098	0.0	0.0	0.0	1.52978683803337E-310	-13490.141590065276	9.799381147885047E307	1.312989479310751E308	9.627483210143459E307	1.0445901475374919E308	4.850624018279972E307	4	6	3	2	4
414000	-19118.114165300693	-3448.4823783868346	-15669.631786913857	-3448.4823783868346	7.716376962484144E307	Infinity	0.7104849765776721	0.06487585345522917	2.252535066331538	0.6825890802132344	0.06487585345522917	2.252535066331538	0.6825890802132344	0.19129297378736698	0.0	0.0	0.0	2.20432229119054E-310	-13486.206980710744	1.1034454260921053E308	6.319706553130942E307	1.202293208561438E308	8.583890656063954E307	2.327079494368418E307	5	5	4	1	4
415000	-19117.04766514898	-3448.5754263648073	-15668.472238784172	-3448.5754263648073	6.324533276694583E307	Infinity	0.7104849765776721	0.2793508821220788	2.252535066331538	0.46811405154638475	0.2793508821220788	2.252535066331538	0.46811405154638475	0.15005047840053573	0.0	0.0	0.0	3.18920808789916E-310	-13489.498977995972	4.556145824288031E307	5.261282268964344E307	8.176660720298719E307	8.469516640193362E307	7.155863999225069E307	2	1	4	8	4
416000	-19138.51336560612	-3439.3666297083087	-15699.146735897812	-3439.3666297083087	5.543231627355205E307	Infinity	0.7104849765776721	0.2793508821220788	2.252535066331538	0.46811405154638475	0.2793508821220788	2.252535066331538	0.46811405154638475	0.33806677662656504	0.0	0.0	0.0	2.32242050616495E-310	-13490.946579718046	9.015177515366043E307	1.251996194407856E308	1.122620807673802E308	8.344809650478999E307	4.0740724319295497E307	6	3	1	5	4
417000	-19114.41593334307	-3441.469742531951	-15672.946190811119	-3441.469742531951	1.5669660113282958E307	1.0800046110693092E308	0.7104849765776721	0.07788491461830208	2.454001033835315	0.46811405154638475	0.07788491461830208	2.454001033835315	0.46811405154638475	0.3846237501947345	8.1531521079645E-310	0.0	0.0	9.1044477175277E-310	-13460.431328619894	1.6314576490869988E307	2.3291684698416075E307	3.220371367764796E307	2.9679526518952845E307	1.0559802916850257E307	4	2	4	5	4
418000	-19072.401539644583	-3429.219506572091	-15643.182033072493	-3429.219506572091	7.31094761022831E306	4.51484220764489E307	0.7104849765776721	0.16970796269393557	2.3621779857596814	0.46811405154638475	0.16970796269393557	2.3621779857596814	0.46811405154638475	0.3621556252772731	1.884774835943164E-309	0.0	0.0	2.3150995156477E-309	-13445.38154206523	1.0697580084342778E307	8.454276457093484E306	7.243275226117129E306	8.446823614314328E306	8.991197161028917E306	2	4	2	3	8
419000	-19100.360260608315	-3447.9096453905386	-15652.450615217775	-3447.9096453905386	1.4948147898069007E307	7.987751803253412E307	0.7104849765776721	0.16970796269393557	2.3621779857596814	0.46811405154638475	0.16970796269393557	2.3621779857596814	0.46811405154638475	0.3314025341864297	1.132637377977445E-309	0.0	0.0	1.32239730989655E-309	-13455.342490610179	2.25231614720106E307	1.3629205311042239E307	7.632304423806103E306	9.927096059091596E306	1.0933291442392444E307	1	5	3	7	3
420000	-19069.75198644008	-3433.4972216302986	-15636.25476480978	-3433.4972216302986	7.143947088474485E306	4.3388293866216836E307	0.7104849765776721	0.16970796269393557	2.3621779857596814	0.46811405154638475	0.16970796269393557	2.3621779857596814	0.46811405154638475	0.33354503125706797	2.20137540240579E-309	0.0	0.0	2.24172885111635E-309	-13443.337445252193	7.873088274843082E306	5.694778425717641E306	7.690777207861217E306	1.1431027028981057E307	9.82965944168477E306	1	3	6	6	3
421000	-19103.337618026053	-3442.3235519037994	-15661.014066122252	-3442.3235519037994	3.765492111579898E307	1.428776281103456E308	0.7104849765776721	0.16970796269393557	2.3621779857596814	0.46811405154638475	0.16970796269393557	2.3621779857596814	0.46811405154638475	0.3055572732235595	7.4990481867055E-310	0.0	0.0	8.9897342136981E-310	-13460.694169700937	8.205051548625074E306	1.3139436753264243E307	2.1556127734761892E307	2.513615946921556E307	1.2377109761053264E307	4	4	5	3	3
422000	-19098.479211606762	-3436.271152263539	-15662.208059343222	-3436.271152263539	2.022980531064457E307	1.1898640730551974E308	0.7104849765776721	0.018584351821288397	2.5133015966323287	0.46811405154638475	0.018584351821288397	2.5133015966323287	0.46811405154638475	0.2928019970315152	8.65168582880703E-310	0.0	0.0	8.4335376611195E-310	-13466.836885890425	3.2996136513365186E307	3.2956384762395436E307	2.4576070058623445E307	1.3587884547529617E307	1.2374953809902254E307	4	6	3	2	4
423000	-19103.274011051846	-3437.7344858942874	-15665.53952515756	-3437.7344858942874	4.3839571042572485E307	Infinity	0.7104849765776721	0.018584351821288397	2.5133015966323287	0.46811405154638475	0.018584351821288397	2.5133015966323287	0.46811405154638475	0.18969499979205248	0.0	0.0	0.0	4.9218610066148E-310	-13478.785565104054	4.918134492502186E307	5.517556771209642E307	3.5853814197116505E307	4.027412267477051E307	3.850709984182248E307	5	5	1	4	4
424000	-19133.483642114457	-3435.8703099424038	-15697.613332172052	-3435.8703099424038	7.298568021150462E307	Infinity	0.7104849765776721	0.018584351821288397	2.5133015966323287	0.46811405154638475	0.018584351821288397	2.5133015966323287	0.46811405154638475	0.4567734629876886	0.0	0.0	0.0	2.1537174606693E-310	-13484.41164271905	7.916936504702857E307	6.172165156833012E307	9.88076121859747E307	4.2148794361866434E307	2.914098915101863E307	1	9	4	2	3
425000	-19154.35688438725	-3442.415024248017	-15711.941860139234	-3442.415024248017	9.967214629354355E307	Infinity	0.7104849765776721	0.2473211103164043	2.5133015966323287	0.23937729305126884	0.2473211103164043	2.5133015966323287	0.23937729305126884	0.4166047290230413	0.0	0.0	0.0	1.77330791998157E-310	-13496.412654221886	1.6020495876372651E308	1.491334805297455E308	1.0660452318487899E308	1.3802444565073288E308	5.005926566193531E307	1	7	4	1	6
426000	-19169.614391004427	-3450.388309097447	-15719.22608190698	-3450.388309097447	1.278937279660087E308	Infinity	0.7104849765776721	0.2473211103164043	2.298039469946597	0.4546394197370007	0.2473211103164043	2.298039469946597	0.4546394197370007	0.3768125953982637	0.0	0.0	0.0	1.18774988276796E-310	-13502.892102285226	1.4588437253973847E308	1.491334805297455E308	1.6901132441117155E308	8.099427117295733E307	1.5647933453901331E308	2	8	5	1	3
427000	-19085.205806971207	-3438.560934441043	-15646.644872530163	-3438.560934441043	1.4462482065034021E308	Infinity	0.7104849765776721	0.1357164480434337	2.298039469946597	0.5662440820099713	0.1357164480434337	2.298039469946597	0.5662440820099713	0.06965877409655159	0.0	0.0	0.0	1.0460846360719E-310	-13491.775891706513	6.233510313049405E307	1.209401084657455E308	4.243191023289569E307	1.4176370057937304E308	1.7491448531638422E308	2	1	6	1	9
428000	-19120.660683399175	-3440.154235894094	-15680.50644750508	-3440.154235894094	7.560989853161612E307	Infinity	0.7104849765776721	0.1357164480434337	2.298039469946597	0.5662440820099713	0.1357164480434337	2.298039469946597	0.5662440820099713	0.2170017131934367	0.0	0.0	0.0	2.12736092504844E-310	-13493.659625784205	1.738956118325825E308	1.1887426199229031E308	6.061798526731033E307	9.47121525021087E307	1.281240009963745E308	2	1	2	12	2
429000	-19115.523384445776	-3443.872632807823	-15671.650751637953	-3443.872632807823	5.964385604839344E307	Infinity	0.7104849765776721	0.1357164480434337	2.298039469946597	0.5662440820099713	0.1357164480434337	2.298039469946597	0.5662440820099713	0.23056010317453265	0.0	0.0	0.0	2.7379998843146E-310	-13481.112502508966	4.603150792060807E307	5.327405692745061E307	4.726023356176042E307	5.002373464170752E307	5.923059896709735E307	2	1	2	3	11
430000	-19105.10938677717	-3440.1924216674342	-15664.916965109736	-3440.1924216674342	2.8584204155880896E307	1.40340173667377E308	0.7104849765776721	0.1357164480434337	2.298039469946597	0.5662440820099713	0.1357164480434337	2.298039469946597	0.5662440820099713	0.3473072848985985	8.5974173561611E-310	0.0	0.0	9.8742228765877E-310	-13465.50387226687	6.715136858713709E307	1.439123115292681E307	1.6761740976568982E307	1.984706980880798E307	7.797714201838677E306	1	5	9	1	3
431000	-19090.58920592766	-3438.8242049817886	-15651.765000945872	-3438.8242049817886	1.4393342189650044E307	7.246280465645556E307	0.7104849765776721	0.1357164480434337	2.298039469946597	0.5662440820099713	0.1357164480434337	2.298039469946597	0.5662440820099713	0.26100230637566385	1.549138195889625E-309	0.0	0.0	1.411517214527823E-309	-13457.254916088457	3.126894046612318E307	1.5423376712239614E307	9.040917533473866E306	5.25735932206583E306	4.298458710208887E306	2	10	2	1	4
432000	-19085.321423448873	-3438.577970103725	-15646.743453345149	-3438.577970103725	9.166538789000592E306	4.789326083831025E307	0.7104849765776721	0.1357164480434337	2.298039469946597	0.5662440820099713	0.1357164480434337	2.298039469946597	0.5662440820099713	0.28657150770844525	2.094316712991783E-309	0.0	0.0	2.10075570928259E-309	-13447.251768657788	2.037997375131243E307	8.372000265590967E306	6.169254398090145E306	7.282169254900203E306	1.0319867109560324E307	5	1	4	7	2
433000	-19091.210251929904	-3429.8989160013957	-15661.311335928509	-3429.8989160013957	9.859232358714801E307	Infinity	0.7104849765776721	0.1357164480434337	2.424399286765813	0.43988426519075524	0.1357164480434337	2.424399286765813	0.43988426519075524	0.1424436284249423	0.0	0.0	0.0	1.44264792933386E-310	-13488.50690227058	3.4114965450015164E307	4.481241176427804E307	1.07964035643876E308	2.741298486881189E307	1.9169024821528776E307	1	2	13	1	2
434000	-19095.656589377762	-3444.0396860486844	-15651.616903329077	-3444.0396860486844	1.0452678362640525E308	Infinity	0.7104849765776721	0.1357164480434337	2.424399286765813	0.43988426519075524	0.1357164480434337	2.424399286765813	0.43988426519075524	0.05958115749735687	0.0	0.0	0.0	1.82318920417904E-310	-13494.642617632828	1.5802517907056251E308	1.213377100301321E308	1.4112551286159312E308	3.249368486101008E307	2.4504418021655814E307	11	1	4	1	2
435000	-19140.75989204895	-3452.8206110179494	-15687.939281031	-3452.8206110179494	6.812881571310654E307	Infinity	0.8399049304105988	0.1357164480434337	2.424399286765813	0.43988426519075524	0.1357164480434337	2.424399286765813	0.43988426519075524	0.22349927389743932	0.0	0.0	0.0	1.84057333543966E-310	-13487.15448619726	4.0550853607463175E307	1.7490832146122773E308	7.664617355202135E307	6.326286178541847E307	3.665823137297365E307	6	4	6	1	2
436000	-19052.76852922659	-3435.5883090301736	-15617.180220196415	-3435.5883090301736	3.4232137319511407E307	1.741602553410824E308	0.8399049304105988	0.1357164480434337	2.424399286765813	0.43988426519075524	0.1357164480434337	2.424399286765813	0.43988426519075524	0.06649184157598116	4.44794046714466E-310	0.0	0.0	4.4575320510124E-310	-13468.883060794255	3.1061943948651693E307	6.172551380056945E307	4.538409459040899E307	1.1448060085032634E307	1.3543705125163896E307	7	5	3	3	1
437000	-19087.77037030459	-3461.510844849469	-15626.259525455123	-3461.510844849469	1.3207700008244317E307	6.824254205350229E307	0.8399049304105988	0.1357164480434337	2.424399286765813	0.43988426519075524	0.1357164480434337	2.424399286765813	0.43988426519075524	0.15300968679718385	1.505915220148904E-309	0.0	0.0	1.493991651570235E-309	-13454.459187343415	2.4336824295683433E307	1.9059889600910741E307	1.7856693254774914E307	1.598416637216715E307	1.4592981942746826E307	1	2	2	10	4
438000	-19100.174933404185	-3438.6189263006986	-15661.556007103485	-3438.6189263006986	3.4464535490665503E307	1.4408011257372154E308	0.8399049304105988	0.1357164480434337	2.424399286765813	0.43988426519075524	0.1357164480434337	2.424399286765813	0.43988426519075524	0.2620415429641075	7.8043935923224E-310	0.0	0.0	8.19047256615207E-310	-13465.49217964967	1.6402688446831025E308	6.0563633522158E307	1.7072821522109954E307	2.2184759308637756E307	1.3783811956781386E307	1	3	6	7	2
439000	-19110.120881093462	-3472.4611130250128	-15637.659768068448	-3472.4611130250128	6.675904759104758E307	Infinity	0.8399049304105988	0.1357164480434337	2.424399286765813	0.43988426519075524	0.1357164480434337	2.424399286765813	0.43988426519075524	0.08819532543810764	0.0	0.0	0.0	2.5338245509407E-310	-13480.660232687685	9.82790043991184E307	5.089791128825378E307	9.59144662374449E307	3.7799047520884237E307	3.890574580119746E307	7	4	2	5	1
440000	-19133.69106704356	-3451.164194240192	-15682.526872803368	-3451.164194240192	1.1361862506220178E308	Infinity	0.8399049304105988	0.1357164480434337	2.293793537208151	0.5704900147484177	0.1357164480434337	2.293793537208151	0.5704900147484177	0.12560931887362342	0.0	0.0	0.0	1.6668991742939E-310	-13501.23728893658	1.2869516181233018E308	7.219715907563629E307	1.5986435444759226E308	1.0354169744741149E308	2.406494526592954E307	2	5	5	6	1
441000	-19109.82208807918	-3428.5609543296455	-15681.261133749535	-3428.5609543296455	8.8757463188149E307	Infinity	0.8399049304105988	0.1357164480434337	2.293793537208151	0.5704900147484177	0.1357164480434337	2.293793537208151	0.5704900147484177	0.2194415392516761	0.0	0.0	0.0	3.3958004813024E-310	-13482.35561911967	5.849324229575752E307	6.070901308603948E307	3.332234365952676E307	6.202345890454583E307	5.480840892509197E307	2	1	2	8	6
442000	-19142.35493524727	-3449.930453381956	-15692.424481865311	-3449.930453381956	1.3276245177392909E308	Infinity	0.8399049304105988	0.1357164480434337	2.293793537208151	0.5704900147484177	0.1357164480434337	2.293793537208151	0.5704900147484177	0.22689649715673163	0.0	0.0	0.0	1.3247326651298E-310	-13498.943764102327	1.1852083050435915E308	1.7174877228349521E308	8.167882453919564E307	5.879658783753588E307	3.957233224873298E307	1	1	13	2	2
443000	-19098.186411701907	-3440.8354856294054	-15657.3509260725	-3440.8354856294054	6.411159167563503E307	Infinity	0.8399049304105988	0.1357164480434337	2.293793537208151	0.5704900147484177	0.1357164480434337	2.293793537208151	0.5704900147484177	0.15350866384922449	0.0	0.0	0.0	3.3675701469575E-310	-13483.815906736465	1.1286687771048434E308	1.2151397551691178E308	1.1149053377734047E308	7.219316805140336E307	4.501930593548464E307	3	1	7	6	2
444000	-19099.4018234555	-3437.8147842826315	-15661.58703917287	-3437.8147842826315	3.0249885913040826E307	1.2830329140967524E308	0.8399049304105988	0.1357164480434337	2.293793537208151	0.5704900147484177	0.1357164480434337	2.293793537208151	0.5704900147484177	0.29976837253966104	9.0401775579215E-310	0.0	0.0	1.138268325541955E-309	-13464.821097822176	2.3578574392989097E307	3.981646621713685E307	3.314981498561327E307	2.1102502098281684E307	1.3328605649737523E307	1	2	9	6	1
445000	-19083.623645811538	-3441.4783578733404	-15642.1452879382	-3441.4783578733404	1.0647198104131549E307	6.177810719369197E307	0.8399049304105988	0.1357164480434337	2.509613025875648	0.3546705260809202	0.1357164480434337	2.509613025875648	0.3546705260809202	0.2684379883246143	1.390278150942345E-309	0.0	0.0	1.36837295081159E-309	-13451.565510088267	2.1550978529980457E307	9.438601489610945E306	3.8589553776725497E306	9.509692575185396E306	1.571491424682028E307	1	1	1	2	14
446000	-19094.07042051244	-3450.611555819342	-15643.458864693097	-3450.611555819342	1.501187442788488E307	7.152216856840964E307	0.8399049304105988	0.1357164480434337	2.509613025875648	0.3546705260809202	0.1357164480434337	2.509613025875648	0.3546705260809202	0.21001992803009645	1.614542666107743E-309	0.0	0.0	1.47993564246045E-309	-13455.116506693412	1.4373403823152822E307	1.923050474919526E307	1.2650994218220213E307	1.1068633205390015E307	2.2497531985162896E307	1	1	10	5	2
447000	-19097.501178782484	-3447.834154944539	-15649.667023837945	-3447.834154944539	1.6946803722949244E307	8.411236081909586E307	0.8399049304105988	0.1357164480434337	2.509613025875648	0.3546705260809202	0.1357164480434337	2.509613025875648	0.3546705260809202	0.26475641784262943	1.2287213723725E-309	0.0	0.0	1.36243201606591E-309	-13456.578490548633	1.6990744933796246E307	2.2355642169914848E307	1.7071514700355738E307	2.0839640275635888E307	2.8189579265221965E306	4	1	1	9	4
448000	-19066.288664989683	-3430.1971054646037	-15636.091559525079	-3430.1971054646037	3.507916380229139E307	1.6397670071390262E308	0.8399049304105988	0.1357164480434337	2.509613025875648	0.3546705260809202	0.1357164480434337	2.509613025875648	0.3546705260809202	0.11086772811975701	5.16609035343463E-310	0.0	0.0	5.26532866985764E-310	-13469.14973112695	2.2485343793368295E307	2.3301286699230614E307	2.779443160236896E307	2.0839640275635888E307	5.526471024560784E306	1	6	8	1	3
449000	-19063.648029183223	-3427.96821414888	-15635.679815034344	-3427.96821414888	1.9057693127444575E307	1.0635018134257305E308	0.8399049304105988	0.1357164480434337	2.509613025875648	0.3546705260809202	0.1357164480434337	2.509613025875648	0.3546705260809202	0.15094183923344234	8.64178629429356E-310	0.0	0.0	8.1580316783144E-310	-13460.371750734612	2.9669294620871674E307	2.3301286699230614E307	2.3709466337955415E307	1.1086712304275097E307	7.912643931346508E306	5	6	4	1	3
450000	-19126.588531409052	-3453.3051617154447	-15673.283369693607	-3453.3051617154447	9.693339149429546E307	Infinity	0.8399049304105988	0.1357164480434337	2.509613025875648	0.3546705260809202	0.1357164480434337	2.509613025875648	0.3546705260809202	0.20975292103666254	0.0	0.0	0.0	2.8770877441323E-310	-13489.558522068959	1.565869107361478E308	1.1793693693688842E308	1.225139568420963E308	5.736221053705475E307	5.110928746933359E307	4	5	6	1	3
451000	-19074.816668012307	-3437.8712231080995	-15636.945444904206	-3437.8712231080995	1.2538117385815516E308	Infinity	0.8399049304105988	0.1357164480434337	2.509613025875648	0.3546705260809202	0.1357164480434337	2.509613025875648	0.3546705260809202	0.07712513248719385	0.0	0.0	0.0	1.56275477922585E-310	-13488.135576258075	1.0811555471250893E308	6.38662836367584E307	9.144782141272917E307	1.490142985456686E308	1.0702493019284532E308	7	6	3	1	2
452000	-19074.992130653416	-3443.3674298445558	-15631.62470080886	-3443.3674298445558	6.000012452939448E307	Infinity	0.8399049304105988	0.1357164480434337	2.509613025875648	0.3546705260809202	0.1357164480434337	2.509613025875648	0.3546705260809202	0.07090100614813045	0.0	0.0	0.0	2.97231523093587E-310	-13479.873685340775	1.704193075095668E308	4.570177852504369E307	6.110299525729962E307	9.795686095651089E307	4.22622731411339E307	3	5	3	3	5
453000	-19103.27718450566	-3438.621130096369	-15664.65605440929	-3438.621130096369	6.982655905793119E307	Infinity	0.8399049304105988	0.1357164480434337	2.509613025875648	0.3546705260809202	0.1357164480434337	2.509613025875648	0.3546705260809202	0.18453773418837496	0.0	0.0	0.0	2.9339612983779E-310	-13484.417092522224	1.303430603179738E308	4.967507870671759E307	4.042892239358734E307	5.512274514728839E307	4.981139367399182E307	2	6	4	1	6
454000	-19112.83263582023	-3433.3043053582473	-15679.528330461982	-3433.3043053582473	4.634302466238176E307	Infinity	0.8399049304105988	0.1357164480434337	2.509613025875648	0.3546705260809202	0.1357164480434337	2.509613025875648	0.3546705260809202	0.28003332852927754	0.0	0.0	0.0	3.61939341928087E-310	-13481.127434801741	5.124610927965473E307	4.073817920966566E307	1.9500355193801626E307	4.580142275686059E307	2.99665747838533E307	12	1	2	1	3
455000	-19132.08132308995	-3443.9313311657643	-15688.149991924185	-3443.9313311657643	6.789503154247971E307	Infinity	0.8399049304105988	0.1357164480434337	2.509613025875648	0.3546705260809202	0.1357164480434337	2.509613025875648	0.3546705260809202	0.3451253207372601	0.0	0.0	0.0	3.2461084208521E-310	-13485.324212326503	1.0398554597821025E308	1.1549745234847148E308	5.879155294166132E307	3.2205758237188684E307	2.956382851733464E307	7	1	2	6	3
456000	-19114.61636880844	-3435.8354773164456	-15678.780891491995	-3435.8354773164456	4.754001336709211E307	Infinity	0.8399049304105988	0.1357164480434337	2.509613025875648	0.3546705260809202	0.1357164480434337	2.509613025875648	0.3546705260809202	0.2231307592193468	0.0	0.0	0.0	3.3674941197948E-310	-13482.141443669507	6.796734729025792E307	1.0872189694594767E308	7.446881631086523E307	5.242415744649367E307	3.5573860754779705E307	8	4	2	1	4
457000	-19101.472789741354	-3435.7398832958406	-15665.732906445513	-3435.7398832958406	5.720910792239392E307	Infinity	0.8399049304105988	0.1357164480434337	2.509613025875648	0.3546705260809202	0.1357164480434337	2.509613025875648	0.3546705260809202	0.1613001160740006	0.0	0.0	0.0	4.37498718068795E-310	-13478.75899998705	6.13696959825532E307	5.276083311861093E307	3.3732402378315276E307	4.286758478705014E307	5.305019197931466E307	9	1	2	5	2
458000	-19102.238966571625	-3436.2256120216357	-15666.01335454999	-3436.2256120216357	7.030075498458876E307	Infinity	0.8399049304105988	0.1357164480434337	2.509613025875648	0.3546705260809202	0.1357164480434337	2.509613025875648	0.3546705260809202	0.20668024461844822	0.0	0.0	0.0	3.4190724669396E-310	-13476.7672206419	3.8854092570778176E307	1.4787837251424632E307	7.246974637932016E307	3.606622598452944E307	6.476840294386035E307	4	2	1	5	7
459000	-19138.523144150524	-3440.899736205124	-15697.623407945399	-3440.899736205124	1.1638657557232504E308	Infinity	0.8399049304105988	0.1357164480434337	2.509613025875648	0.3546705260809202	0.1357164480434337	2.509613025875648	0.3546705260809202	0.27130178192738147	0.0	0.0	0.0	1.61158079765957E-310	-13494.133145203814	1.6986899350977093E308	1.217026233174223E308	8.022409145280929E307	8.755831767748524E307	1.1459985986812108E308	4	2	8	2	3
460000	-19096.396188288025	-3435.2867596144247	-15661.1094286736	-3435.2867596144247	7.559789070646333E307	Infinity	0.8399049304105988	0.1357164480434337	2.509613025875648	0.3546705260809202	0.1357164480434337	2.509613025875648	0.3546705260809202	0.16243701811115055	0.0	0.0	0.0	2.3378461128016E-310	-13488.688200291339	1.04188570319419E308	1.1596244019700709E308	9.694807248642043E307	1.1093040293260133E308	5.364874772160699E307	2	2	1	9	5
461000	-19086.852298261852	-3437.6805488088166	-15649.171749453035	-3437.6805488088166	8.416852651936883E307	Infinity	0.8399049304105988	0.1357164480434337	2.509613025875648	0.3546705260809202	0.1357164480434337	2.509613025875648	0.3546705260809202	0.09483928037105502	0.0	0.0	0.0	1.7831251684524E-310	-13485.254312108993	3.6556237042158883E307	1.4948701022752865E308	8.68988682492683E307	6.833337434612782E307	6.486043469598212E307	4	3	2	9	1
462000	-19125.35620051277	-3437.7723652948184	-15687.583835217954	-3437.7723652948184	1.488003972639106E308	Infinity	0.8399049304105988	0.1357164480434337	2.509613025875648	0.3546705260809202	0.1357164480434337	2.509613025875648	0.3546705260809202	0.24130261385236168	0.0	0.0	0.0	1.30756984658056E-310	-13497.550051573218	1.648058269884038E308	1.5902787601947361E308	1.248689738239837E308	5.886080452254402E307	5.027578711506321E307	4	3	7	4	1
463000	-19096.920461693564	-3442.99007617171	-15653.930385521853	-3442.99007617171	2.984226627421512E307	1.2051706189547023E308	0.8399049304105988	0.1357164480434337	2.509613025875648	0.3546705260809202	0.1357164480434337	2.509613025875648	0.3546705260809202	0.29602085624957264	9.23723392423003E-310	0.0	0.0	9.00413253480713E-310	-13461.438457862347	5.179347111746492E307	1.9255695327643493E307	2.2302628114813964E307	1.1890832259988727E307	1.6819206104581493E307	2	7	2	7	1
464000	-19094.38004123875	-3437.4006427174436	-15656.979398521307	-3437.4006427174436	4.107592796305407E307	Infinity	0.6666121769046139	0.1357164480434337	2.3939690928527284	0.47031445910383995	0.1357164480434337	2.3939690928527284	0.47031445910383995	0.1704613608095107	0.0	0.0	0.0	3.5814549733718E-310	-13476.18101415105	5.532315351971923E307	6.534591898039906E307	5.100252450331974E307	2.38537034160383E307	5.978820276110791E306	9	4	3	2	1
465000	-19084.399328032403	-3432.5117829003934	-15651.88754513201	-3432.5117829003934	1.8645931668411996E307	1.0329149805007824E308	0.7150255641793194	0.1357164480434337	2.3939690928527284	0.47031445910383995	0.1357164480434337	2.3939690928527284	0.47031445910383995	0.1641202025863918	8.4782944218204E-310	0.0	0.0	8.9407561305926E-310	-13462.866221298344	7.491924625189008E307	2.6475811395107444E307	2.548003006065813E307	1.426917575205898E307	2.7361370674693925E306	2	4	9	3	1
466000	-19094.51739747661	-3441.3292852513887	-15653.188112225222	-3441.3292852513887	1.9401339615847968E307	1.0548942755077306E308	0.7150255641793194	0.1357164480434337	2.3939690928527284	0.47031445910383995	0.1357164480434337	2.3939690928527284	0.47031445910383995	0.2377985846013022	9.39501752630096E-310	0.0	0.0	9.7721302433742E-310	-13462.14482652976	8.651910144761418E306	1.778232568874688E307	2.5326847012066805E307	2.454937787299456E307	5.970850799039853E306	4	2	4	8	1
467000	-19110.516287453767	-3438.585371385097	-15671.93091606867	-3438.585371385097	2.9528015281481657E307	Infinity	0.7150255641793194	0.1357164480434337	2.3939690928527284	0.47031445910383995	0.1357164480434337	2.3939690928527284	0.47031445910383995	0.21930475774122024	0.0	0.0	0.0	4.28186496065346E-310	-13474.211017221653	5.456836271253737E307	3.492234159932068E307	4.163816193180639E307	4.2984824011914307E307	1.2132891433146933E307	4	1	8	4	2
468000	-19086.786094775118	-3429.8580965645488	-15656.92799821057	-3429.8580965645488	2.59277811713997E307	1.6440881373966E308	0.7150255641793194	0.1357164480434337	2.6269237102261656	0.23735984173040273	0.1357164480434337	2.6269237102261656	0.23735984173040273	0.1626337273102063	5.7680826958622E-310	0.0	0.0	5.9470539606109E-310	-13475.660757286416	4.799095499016037E307	2.3692494812048177E307	1.8821737106518372E307	8.079454211262427E307	3.410328752842823E307	2	4	3	2	8
469000	-19114.948589296473	-3441.1035982297144	-15673.844991066757	-3441.1035982297144	6.08424106452164E307	Infinity	0.7150255641793194	0.1357164480434337	2.6269237102261656	0.23735984173040273	0.1357164480434337	2.6269237102261656	0.23735984173040273	0.18789495902570835	0.0	0.0	0.0	3.00129303634733E-310	-13485.760612883743	1.132399596658871E308	9.613584730509484E307	4.3397266892182783E307	1.2377956226005452E308	8.324935535090645E307	2	6	1	1	9
470000	-19124.315892742896	-3446.699837316249	-15677.616055426646	-3446.699837316249	1.2699602727906983E308	Infinity	0.7150255641793194	0.1357164480434337	2.6269237102261656	0.23735984173040273	0.1357164480434337	2.6269237102261656	0.23735984173040273	0.13553748294485043	0.0	0.0	0.0	2.1067192705645E-310	-13499.642518289758	1.5463056990198032E308	1.1659030279559597E308	1.2709711659576441E308	1.7428300169093187E308	5.970367386927126E307	3	9	3	1	3
471000	-19136.54673957933	-3446.987306950962	-15689.559432628368	-3446.987306950962	8.494894895982855E307	Infinity	0.7150255641793194	0.1357164480434337	2.6269237102261656	0.23735984173040273	0.1357164480434337	2.6269237102261656	0.23735984173040273	0.36030409212324	0.0	0.0	0.0	2.9670557771366E-310	-13482.60042878621	6.751429043043274E307	5.373437491581577E307	2.348992939566789E307	2.2130498122516575E307	3.548506093531203E307	10	5	1	1	2
472000	-19128.69066973001	-3456.670589778892	-15672.02007995112	-3456.670589778892	4.415341623387486E307	Infinity	0.7150255641793194	0.1357164480434337	2.6269237102261656	0.23735984173040273	0.1357164480434337	2.6269237102261656	0.23735984173040273	0.22684651353731147	0.0	0.0	0.0	3.89170005370053E-310	-13481.366929254762	8.998604026083931E307	8.5089490311199E307	6.290068106095889E307	5.744212707759316E307	1.1769680176891984E308	2	3	3	10	1
473000	-19153.859979270168	-3441.9908523101944	-15711.869126959975	-3441.9908523101944	9.219843101957906E307	Infinity	0.7150255641793194	0.1357164480434337	2.6269237102261656	0.23735984173040273	0.1357164480434337	2.6269237102261656	0.23735984173040273	0.3516796955390372	0.0	0.0	0.0	2.4935769234763E-310	-13493.679951635824	1.2799921377981224E308	9.431520705608942E307	7.660770721445143E307	1.1681749719540775E308	3.466621043518478E307	2	1	9	6	1
474000	-19129.288780646355	-3426.3697795202697	-15702.919001126087	-3426.3697795202697	5.897283917014312E307	Infinity	0.7150255641793194	0.1357164480434337	2.6269237102261656	0.23735984173040273	0.1357164480434337	2.6269237102261656	0.23735984173040273	0.3527560244394603	0.0	0.0	0.0	1.9285048028939E-310	-13485.178614353688	4.28262525020234E307	9.199566350730564E307	1.179337140986023E308	1.0200613495513283E308	7.660369012076867E307	6	1	9	2	1
475000	-19146.128598596148	-3444.9739007493586	-15701.15469784679	-3444.9739007493586	4.913031691867154E307	Infinity	0.7150255641793194	0.1357164480434337	2.6269237102261656	0.23735984173040273	0.1357164480434337	2.6269237102261656	0.23735984173040273	0.45145303716029356	0.0	0.0	0.0	2.28726811437854E-310	-13486.766724824402	1.3709372727889124E308	1.101002229769896E308	8.380934616280559E307	4.44079890944597E307	2.374569608378586E307	8	1	7	2	1
476000	-19159.401480770488	-3439.4675787885517	-15719.933901981938	-3439.4675787885517	6.943619033874528E307	Infinity	0.7150255641793194	0.1357164480434337	2.6269237102261656	0.23735984173040273	0.1357164480434337	2.6269237102261656	0.23735984173040273	0.4035128122712381	0.0	0.0	0.0	2.3378471528336E-310	-13487.79946800897	1.3642774615339906E308	1.101002229769896E308	1.2896791230065985E308	1.141645586967422E308	1.228351165659718E308	1	5	2	2	9
477000	-19113.11415284965	-3435.865049596617	-15677.24910325303	-3435.865049596617	3.973719931449445E307	1.6951817329384226E308	0.7150255641793194	0.1357164480434337	2.6269237102261656	0.23735984173040273	0.1357164480434337	2.6269237102261656	0.23735984173040273	0.2316533428633939	6.13916538428695E-310	0.0	0.0	5.9499485026641E-310	-13473.688447929504	9.885513738229862E307	2.4456053692765193E307	2.912475014728255E307	1.7381073044367282E307	8.759624264181046E306	2	5	4	4	4
478000	-19074.36709622651	-3447.3577165714237	-15627.009379655086	-3447.3577165714237	6.680289107804987E306	3.2243310357233166E307	0.7150255641793194	0.1357164480434337	2.6269237102261656	0.23735984173040273	0.1357164480434337	2.6269237102261656	0.23735984173040273	0.24910192858998734	2.731936885074085E-309	0.0	0.0	2.945586196820413E-309	-13441.463124191307	3.142966329122444E307	9.438297554378096E306	9.871589977986435E306	5.110018970292046E306	2.6473969071861747E306	1	3	5	8	2
479000	-19069.313975751276	-3439.1157569357083	-15630.198218815567	-3439.1157569357083	5.783281045500196E306	4.060229279715506E307	0.7150255641793194	0.1357164480434337	2.6269237102261656	0.23735984173040273	0.1357164480434337	2.6269237102261656	0.23735984173040273	0.1653290432627949	2.718939500499454E-309	0.0	0.0	2.463423546713256E-309	-13450.13105590814	1.990575708809852E307	1.2368258559276142E307	5.02322263266821E306	5.110018970292046E306	5.352932990911769E306	3	3	2	4	7
480000	-19092.755452399266	-3427.027539891851	-15665.727912507415	-3427.027539891851	3.5316478188186697E307	1.6142142827461679E308	0.7150255641793194	0.1357164480434337	2.6269237102261656	0.23735984173040273	0.1357164480434337	2.6269237102261656	0.23735984173040273	0.24849373522755738	5.91338723785705E-310	0.0	0.0	6.2403107902992E-310	-13469.265188885976	4.535860418124229E307	3.766069907090934E307	2.6203850903523853E307	1.0745761249429673E307	1.6264367935282944E307	13	1	1	3	1
481000	-19109.180411582664	-3437.7540903073827	-15671.426321275281	-3437.7540903073827	3.788126028150213E307	Infinity	0.7150255641793194	0.1357164480434337	2.6269237102261656	0.23735984173040273	0.1357164480434337	2.6269237102261656	0.23735984173040273	0.3121320160799339	0.0	0.0	0.0	5.42107351793666E-310	-13475.158025083581	6.192867733084645E307	3.2661362011951215E307	5.393092344918376E307	2.4427998808123147E307	2.36516404208291E307	13	1	1	3	1
482000	-19147.131256682183	-3448.9150921185314	-15698.216164563653	-3448.9150921185314	1.516300352022182E308	Infinity	0.7150255641793194	0.1357164480434337	2.6269237102261656	0.23735984173040273	0.1357164480434337	2.6269237102261656	0.23735984173040273	0.262450154341961	0.0	0.0	0.0	1.0257366875926E-310	-13501.304868543108	8.144279799729907E307	7.552005112311821E307	5.597770422793965E307	5.906552623122435E307	1.9358984142946564E307	1	14	1	2	1
483000	-19084.47228326157	-3425.864316737728	-15658.607966523843	-3425.864316737728	7.051685965818419E307	Infinity	0.7150255641793194	0.1357164480434337	2.6269237102261656	0.23735984173040273	0.1357164480434337	2.6269237102261656	0.23735984173040273	0.17651504524584746	0.0	0.0	0.0	3.0246893131855E-310	-13481.100447696437	9.174095720438258E307	8.366721063912755E307	8.287951399803603E307	2.559923480401522E307	1.5879114387311743E307	6	2	7	2	2
484000	-19116.84424910735	-3437.6786207638784	-15679.165628343473	-3437.6786207638784	5.469011333346728E307	Infinity	0.7150255641793194	0.1357164480434337	2.6269237102261656	0.23735984173040273	0.1357164480434337	2.6269237102261656	0.23735984173040273	0.27239691162190616	0.0	0.0	0.0	4.79078387395347E-310	-13480.795828562816	9.3809926847717E307	8.560729180114303E307	4.262873592119023E307	3.339376973463247E307	1.63356149226767E307	1	1	10	1	6
485000	-19111.62258922086	-3436.1643709516593	-15675.458218269203	-3436.1643709516593	5.477550671012469E307	Infinity	0.7150255641793194	0.1357164480434337	2.6269237102261656	0.23735984173040273	0.1357164480434337	2.6269237102261656	0.23735984173040273	0.23485742502364648	0.0	0.0	0.0	3.362100649766E-310	-13482.919469714016	8.610020287628307E307	9.764860053399686E307	9.465601138585002E307	7.868509618685585E307	1.8132128714579827E307	10	3	2	3	1
486000	-19136.747876713343	-3432.2204585486147	-15704.527418164727	-3432.2204585486147	1.064724007037062E308	Infinity	0.7150255641793194	0.1357164480434337	2.6269237102261656	0.23735984173040273	0.1357164480434337	2.6269237102261656	0.23735984173040273	0.4525412587570046	0.0	0.0	0.0	1.75765424091185E-310	-13486.587608040027	9.207022745451596E307	9.677680165760136E307	9.84727682893422E307	4.3536268861854654E307	6.029724843776647E307	4	10	2	2	1
487000	-19107.013942970178	-3442.4410324822848	-15664.572910487894	-3442.4410324822848	9.40719150530402E307	Infinity	0.7150255641793194	0.1357164480434337	2.6269237102261656	0.23735984173040273	0.1357164480434337	2.6269237102261656	0.23735984173040273	0.13246290337499786	0.0	0.0	0.0	1.89100468814275E-310	-13493.144300761538	1.4409504656951087E308	1.3237846877590687E308	9.84727682893422E307	2.70457163519664E307	2.4902516431315583E307	5	10	1	1	2
488000	-19103.619873250896	-3439.63405796431	-15663.985815286585	-3439.63405796431	1.133506052878331E308	Infinity	0.7150255641793194	0.1357164480434337	2.6269237102261656	0.23735984173040273	0.1357164480434337	2.6269237102261656	0.23735984173040273	0.13021052795545604	0.0	0.0	0.0	1.9944775127626E-310	-13489.742627995209	4.361050806905996E307	6.547149826297313E307	7.466468792818862E307	8.048912572673745E307	1.1161141076817948E308	1	2	1	12	3
489000	-19118.953010288744	-3427.8508404192035	-15691.102169869539	-3427.8508404192035	1.2203841601798213E308	Infinity	0.7150255641793194	0.1357164480434337	2.6269237102261656	0.23735984173040273	0.1357164480434337	2.6269237102261656	0.23735984173040273	0.23745772785943678	0.0	0.0	0.0	2.18559910302274E-310	-13487.443131333881	3.290682819027673E307	1.8189530972578384E307	4.847446193400953E307	1.411695981892464E308	8.747517422951788E307	1	2	1	12	3
490000	-19144.795945321872	-3442.3507492707763	-15702.445196051096	-3442.3507492707763	1.492075158903902E308	Infinity	0.7150255641793194	0.1357164480434337	2.6269237102261656	0.23735984173040273	0.1357164480434337	2.6269237102261656	0.23735984173040273	0.23309580396857715	0.0	0.0	0.0	1.6448575110297E-310	-13495.955221121934	1.027667465392194E308	1.7628517655676458E308	1.391413175583528E308	1.091176328954841E308	1.1733217517898928E308	1	2	1	2	13
491000	-19123.220271448605	-3428.8792198721003	-15694.341051576504	-3428.8792198721003	1.3511417543025264E308	Infinity	0.7150255641793194	0.1357164480434337	2.6269237102261656	0.23735984173040273	0.1357164480434337	2.6269237102261656	0.23735984173040273	0.2639135804171262	0.0	0.0	0.0	1.64890129727803E-310	-13496.87673592672	1.4827405992843366E308	1.2907663498281834E308	1.3011537724980555E308	1.3064079797947892E308	8.915170847671079E307	2	7	7	2	1
492000	-19138.835487765362	-3438.573711018043	-15700.261776747318	-3438.573711018043	1.6667046120149538E308	Infinity	0.7150255641793194	0.1357164480434337	2.6269237102261656	0.23735984173040273	0.1357164480434337	2.6269237102261656	0.23735984173040273	0.23726348249429396	0.0	0.0	0.0	8.128997626194E-311	-13504.824823449517	1.6823691226908372E308	8.015454273443352E307	1.53785071680322E308	1.6270591652863954E308	1.6281286722920883E308	3	1	4	1	10
493000	-19151.488610464483	-3441.6441781395074	-15709.844432324977	-3441.6441781395074	1.4291152954121994E308	Infinity	0.7150255641793194	0.1357164480434337	2.450917693398859	0.41336585855770935	0.1357164480434337	2.450917693398859	0.41336585855770935	0.29553281456533187	0.0	0.0	0.0	1.53538819378463E-310	-13497.637900417743	1.7341361482346467E308	8.46952796728629E307	1.397918731493015E308	1.2411219879875148E308	9.22681205653037E307	1	1	10	2	5
494000	-19112.840028034403	-3441.541259321223	-15671.29876871318	-3441.541259321223	6.025208911946797E307	Infinity	0.7150255641793194	0.1357164480434337	2.450917693398859	0.41336585855770935	0.1357164480434337	2.450917693398859	0.41336585855770935	0.16502744806290118	0.0	0.0	0.0	3.34001338393233E-310	-13482.89426084196	6.478202166683212E307	6.496413963126592E307	6.061338265302108E307	6.044861004735132E307	2.3682846564437276E307	7	4	1	4	3
495000	-19113.708230808745	-3444.8194106618885	-15668.888820146856	-3444.8194106618885	6.119012506906888E307	Infinity	0.7150255641793194	0.1357164480434337	2.450917693398859	0.41336585855770935	0.1357164480434337	2.450917693398859	0.41336585855770935	0.2184953093739139	0.0	0.0	0.0	2.93763041497693E-310	-13481.655565389065	6.349308431519805E307	6.268902940530164E307	7.653407343138745E307	4.611329668199098E307	3.5836375562700126E307	4	1	9	3	2
496000	-19080.883857530902	-3437.546261937613	-15643.33759559329	-3437.546261937613	6.397127554023469E307	Infinity	0.7150255641793194	0.1357164480434337	2.450917693398859	0.41336585855770935	0.1357164480434337	2.450917693398859	0.41336585855770935	0.09665058437039116	0.0	0.0	0.0	2.69805775757634E-310	-13486.966430034083	4.378589018366462E307	4.873462744467423E307	8.284681964558173E307	8.046875639566373E307	4.775874904355833E307	2	5	1	8	3
497000	-19090.399662286054	-3439.4908773934617	-15650.908784892594	-3439.4908773934617	8.326424864278997E307	Infinity	0.7150255641793194	0.1357164480434337	2.450917693398859	0.41336585855770935	0.1357164480434337	2.450917693398859	0.41336585855770935	0.0981449899273685	0.0	0.0	0.0	2.67066397362907E-310	-13484.7473798393	1.1671792217645398E308	9.17660656478608E307	5.306858808314597E307	8.281306870510611E307	3.303996004600981E307	2	2	4	10	1
498000	-19105.41587665084	-3443.4748903683494	-15661.94098628249	-3443.4748903683494	4.729753312157502E307	Infinity	0.7150255641793194	0.1357164480434337	2.450917693398859	0.41336585855770935	0.1357164480434337	2.450917693398859	0.41336585855770935	0.1912323734264089	0.0	0.0	0.0	3.243239472135E-310	-13478.385760432975	4.673504388627113E307	3.8141634354129333E307	5.252204878349464E307	4.924869642608802E307	9.035950236758666E307	2	2	8	5	2
499000	-19090.937947962648	-3427.084351244873	-15663.853596717776	-3427.084351244873	5.121242085016408E307	Infinity	0.7150255641793194	0.1357164480434337	2.450917693398859	0.41336585855770935	0.1357164480434337	2.450917693398859	0.41336585855770935	0.15429099516351624	0.0	0.0	0.0	3.6106260218023E-310	-13476.596604529259	3.2319008489279717E307	1.31745773774666E307	2.4001402696088557E307	4.819331661092655E307	3.491089530715197E307	2	1	3	12	1
500000	-19088.35811421239	-3426.3613480019744	-15661.996766210415	-3426.3613480019744	6.241896934282757E307	Infinity	0.7150255641793194	0.1357164480434337	2.450917693398859	0.41336585855770935	0.1357164480434337	2.450917693398859	0.41336585855770935	0.17461150499711714	0.0	0.0	0.0	2.98309677794235E-310	-13483.56810937561	5.627503551094112E307	4.296364577804305E307	6.405338500116887E307	7.605554625308426E307	7.254827146196055E307	4	1	7	6	1
