#
#model:
#
#<?xml version="1.0" encoding="UTF-8" standalone="no"?><input id="posterior" spec="beast.base.inference.CompoundDistribution">
#    <distribution id="prior" spec="beast.base.inference.CompoundDistribution">
#        <distribution id="CoalescentConstant.t:HRTV_S_BEAST" spec="beast.base.evolution.tree.coalescent.Coalescent">
#            <populationModel id="ConstantPopulation.t:HRTV_S_BEAST" spec="beast.base.evolution.tree.coalescent.ConstantPopulation">
#                <parameter id="popSize.t:HRTV_S_BEAST" lower="0.0" name="popSize" spec="beast.base.inference.parameter.RealParameter">0.3</parameter>
#            </populationModel>
#            <treeIntervals id="TreeIntervals.t:HRTV_S_BEAST" spec="beast.base.evolution.tree.TreeIntervals">
#                <tree id="Tree.t:HRTV_S_BEAST" spec="beast.base.evolution.tree.Tree">
#                    <trait id="dateTrait.t:HRTV_S_BEAST" spec="beast.base.evolution.tree.TraitSet" traitname="date" value="HRTV-23_T_S_2019=2019,HRTV-26_T_S_2019=2019,HRTV-404_T_S_2021=2021,HRTV-100_T_S_2022=2022,HRTV-187_T_S_2022=2022,HRTV-056F_T_S_2023=2023,HRTV-504_T_S_2019=2019,HRTV-432R_T_S_2023=2023,HRTV-642T_T_S_2023=2023,JX005843_H_S_MO_2009=2009,OQ688983.1_T_S_MO_2012=2012,OQ688989.1_T_S_MO_2012=2012,OQ688986.1_T_S_KS_2015=2015,OQ688993.1_H_S_OK_2017=2017,MZ440341_T_S_NY_2018=2018,MZ440344_T_S_NY_2018=2018,NC_024496_H_S_MO_2009=2009,KJ740146_H_S_TN_2013=2013,OQ688998.1_H_S_KY_2017=2017,OQ689001.1_H_S_MO_2017=2017">
#                        <taxa id="TaxonSet.HRTV_S_BEAST" spec="beast.base.evolution.alignment.TaxonSet">
#                        </taxa>
#                    </trait>
#                    <taxonset idref="TaxonSet.HRTV_S_BEAST"/>
#                </tree>
#            </treeIntervals>
#        </distribution>
#        <prior id="ORCRatePriorDistribution.c:HRTV_S_BEAST" name="distribution">
#            <parameter dimension="38" id="ORCRates.c:HRTV_S_BEAST" lower="1.0E-100" name="x" spec="beast.base.inference.parameter.RealParameter">0.5</parameter>
#            <LogNormal id="LogNormalDistributionModel.0" meanInRealSpace="true" name="distr">
#                <parameter estimate="false" id="RealParameter.2" name="M" spec="beast.base.inference.parameter.RealParameter">1.0</parameter>
#                <parameter id="ORCsigma.c:HRTV_S_BEAST" lower="0.0" name="S" spec="beast.base.inference.parameter.RealParameter">0.2</parameter>
#            </LogNormal>
#        </prior>
#        <prior id="ORCsigmaPrior.c:HRTV_S_BEAST" name="distribution" x="@ORCsigma.c:HRTV_S_BEAST">
#            <Gamma id="Gamma.0" name="distr">
#                <parameter estimate="false" id="RealParameter.3" name="alpha" spec="beast.base.inference.parameter.RealParameter">5.0</parameter>
#                <parameter estimate="false" id="RealParameter.4" name="beta" spec="beast.base.inference.parameter.RealParameter">0.05</parameter>
#            </Gamma>
#        </prior>
#        <prior id="ORCucldMeanPrior.c:HRTV_S_BEAST" name="distribution">
#            <parameter id="ORCucldMean.c:HRTV_S_BEAST" name="x" spec="beast.base.inference.parameter.RealParameter">0.0016226</parameter>
#            <Gamma id="Gamma.1" name="distr">
#                <alpha id="Function$Constant.1" spec="beast.base.core.Function$Constant" value="0.1"/>
#                <beta id="Function$Constant.2" spec="beast.base.core.Function$Constant" value="100.0"/>
#            </Gamma>
#        </prior>
#        <prior id="Standard_TPM3_rates_prior.s:HRTV_S_BEAST" name="distribution">
#            <parameter dimension="3" id="TPM3rates.s:HRTV_S_BEAST" lower="0.0" name="x" spec="beast.base.inference.parameter.RealParameter">1.0 1.0 1.0</parameter>
#            <distr id="Dirichlet.0" spec="beast.base.inference.distribution.Dirichlet">
#                <alpha id="Function$Constant.0" spec="beast.base.core.Function$Constant" value="1.0 1.0 1.0"/>
#            </distr>
#        </prior>
#        <prior id="PopSizePrior.t:HRTV_S_BEAST" name="distribution" x="@popSize.t:HRTV_S_BEAST">
#            <Gamma id="Gamma.3" name="distr">
#                <parameter estimate="false" id="RealParameter.8" name="alpha" spec="beast.base.inference.parameter.RealParameter">2.0</parameter>
#                <parameter estimate="false" id="RealParameter.9" name="beta" spec="beast.base.inference.parameter.RealParameter">2.0</parameter>
#            </Gamma>
#        </prior>
#        <prior id="PropInvariantPrior.s:HRTV_S_BEAST" name="distribution">
#            <parameter id="proportionInvariant.s:HRTV_S_BEAST" lower="0.0" name="x" spec="beast.base.inference.parameter.RealParameter" upper="1.0">0.769</parameter>
#            <Uniform id="Uniform.2" name="distr"/>
#        </prior>
#    </distribution>
#    <distribution id="likelihood" spec="beast.base.inference.CompoundDistribution" useThreads="true">
#        <distribution data="@HRTV_S_BEAST" id="treeLikelihood.HRTV_S_BEAST" spec="beast.base.evolution.likelihood.ThreadedTreeLikelihood" tree="@Tree.t:HRTV_S_BEAST">
#            <siteModel id="SiteModel.s:HRTV_S_BEAST" proportionInvariant="@proportionInvariant.s:HRTV_S_BEAST" spec="beast.base.evolution.sitemodel.SiteModel">
#                <parameter estimate="false" id="mutationRate.s:HRTV_S_BEAST" lower="0.0" name="mutationRate" spec="beast.base.inference.parameter.RealParameter">1.0</parameter>
#                <parameter estimate="false" id="gammaShape.s:HRTV_S_BEAST" lower="0.1" name="shape" spec="beast.base.inference.parameter.RealParameter">1.0</parameter>
#                <substModel id="Standard_TPM3.s:HRTV_S_BEAST" rates="@TPM3rates.s:HRTV_S_BEAST" spec="substmodels.nucleotide.TPM3"/>
#            </siteModel>
#            <branchRateModel clock.rate="@ORCucldMean.c:HRTV_S_BEAST" id="OptimisedRelaxedClock.c:HRTV_S_BEAST" rates="@ORCRates.c:HRTV_S_BEAST" spec="beast.base.evolution.branchratemodel.UCRelaxedClockModel" tree="@Tree.t:HRTV_S_BEAST">
#                <LogNormal S="@ORCsigma.c:HRTV_S_BEAST" id="ORCLogNormalDistributionModel.c:HRTV_S_BEAST" meanInRealSpace="true" name="distr">
#                    <parameter estimate="false" id="RealParameter.1" name="M" spec="beast.base.inference.parameter.RealParameter">1.0</parameter>
#                </LogNormal>
#            </branchRateModel>
#        </distribution>
#    </distribution>
#</input>
#
Sample	posterior	likelihood	prior	treeLikelihood	Tree.height	Tree.treeLength	proportionInvariant	RateAC-Standard_TPM3	RateAG-Standard_TPM3	RateAT-Standard_TPM3	RateCG-Standard_TPM3	RateCT-Standard_TPM3	RateGT-Standard_TPM3	ORCsigma	ORCRatesStat.mean	ORCRatesStat.variance	ORCRatesStat.coefficientOfVariation	ORCucldMean	popSize	CoalescentConstant
0	-3524.7933031752336	-3427.4570807916466	-97.33622238358718	-3427.4570807916466	32.7656547712896	158.1405232628695	0.8069069443457305	0.1392679343722809	2.480644896647289	0.3800871689804356	0.1392679343722809	2.480644896647289	0.3800871689804356	0.4503532893887036	5.446268093213993E-4	8.591316708447683E-8	0.5403887081537435	5.237286051965201E-4	13.208739929336945	-74.77911228352232
1000	-3512.30380292671	-3429.558710035068	-82.745092891642	-3429.558710035068	34.0270669126415	165.3032069922955	0.8069069443457305	0.1392679343722809	2.480644896647289	0.3800871689804356	0.1392679343722809	2.480644896647289	0.3800871689804356	0.2806388813212776	6.21747528445207E-4	2.8937343321039615E-8	0.2704707660290311	5.933726608852299E-4	13.208739929336945	-77.68382406046794
2000	-3518.927127131532	-3423.650489918613	-95.27663721291886	-3423.650489918613	46.101501404557695	192.95124406619905	0.8069069443457305	0.1392679343722809	2.480644896647289	0.3800871689804356	0.1392679343722809	2.480644896647289	0.3800871689804356	0.33779775076935864	4.7970172437691394E-4	4.1410515011707524E-8	0.4280021020974701	4.8350941208354813E-4	17.763377163637337	-77.51714719842579
3000	-3527.6757262349365	-3421.0939174114346	-106.58180882350179	-3421.0939174114346	35.44197067448975	180.89879023330403	0.8069069443457305	0.0904373310716039	2.5294754999479663	0.3800871689804356	0.0904373310716039	2.5294754999479663	0.3800871689804356	0.37921415784222157	4.686465392787427E-4	4.199942508732949E-8	0.48501969416456725	3.920094650222179E-4	17.763377163637337	-78.94685891550252
4000	-3516.2120613353495	-3424.4244489371827	-91.78761239816686	-3424.4244489371827	37.80789095738538	202.72113471976317	0.8069069443457305	0.0904373310716039	2.4079941401922635	0.5015685287361384	0.0904373310716039	2.4079941401922635	0.5015685287361384	0.2995658490567144	5.146196104498765E-4	2.899124534368442E-8	0.33382286908989395	5.307443521681824E-4	17.763377163637337	-83.75185503845725
5000	-3515.2995484363073	-3431.7411015665816	-83.5584468697256	-3431.7411015665816	52.6122083800054	220.79974771946456	0.8069069443457305	0.0904373310716039	2.4079941401922635	0.5015685287361384	0.0904373310716039	2.4079941401922635	0.5015685287361384	0.2834478681131048	3.8710635503669293E-4	1.0180182995596562E-8	0.24550270054199377	4.2035705391626284E-4	17.140638812508783	-82.63168770066608
6000	-3529.083713482685	-3436.552939015515	-92.5307744671698	-3436.552939015515	48.260115004692715	210.26872053189734	0.8069069443457305	0.16765917051512724	2.33077230074874	0.5015685287361384	0.16765917051512724	2.33077230074874	0.5015685287361384	0.3126900901720373	4.376425353393066E-4	2.433219049878163E-8	0.3398043191271783	4.7759394527687057E-4	17.140638812508783	-81.03349108703362
7000	-3536.1939224118437	-3434.541780241151	-101.6521421706923	-3434.541780241151	45.271684803009045	200.37490032229152	0.8069069443457305	0.16765917051512724	2.33077230074874	0.5015685287361384	0.16765917051512724	2.33077230074874	0.5015685287361384	0.27584579757060135	4.4151705739905626E-4	2.666983795354994E-8	0.35200350162301364	4.403553334963684E-4	13.326825427965533	-83.92475550676356
8000	-3529.0012968998494	-3428.752421788026	-100.24887511182337	-3428.752421788026	42.99237897299575	190.59129804852194	0.8069069443457305	0.16765917051512724	2.33077230074874	0.5015685287361384	0.16765917051512724	2.33077230074874	0.5015685287361384	0.37767916337172774	4.584282309717664E-4	3.0580498520003135E-8	0.3733502407083687	4.440227854130309E-4	17.91874083735609	-79.2155220657522
9000	-3519.9486990117853	-3441.3157911147814	-78.63290789700369	-3441.3157911147814	54.1197282881385	210.98299483456398	0.8069069443457305	0.16765917051512724	2.33077230074874	0.5015685287361384	0.16765917051512724	2.33077230074874	0.5015685287361384	0.22702571648710315	5.070965827146166E-4	1.655171006862874E-8	0.25196307834628234	5.126480875592619E-4	17.91874083735609	-78.99577709145413
10000	-3518.9203582533637	-3437.733886291414	-81.18647196194968	-3437.733886291414	48.88359908583188	191.38248012828026	0.8069069443457305	0.16765917051512724	2.33077230074874	0.5015685287361384	0.16765917051512724	2.33077230074874	0.5015685287361384	0.24959445730686206	5.781837157931737E-4	2.4031414051149234E-8	0.2836193552065904	5.433786530540542E-4	13.996531642932077	-77.4041377730658
11000	-3516.853335177042	-3443.927495932582	-72.92583924445978	-3443.927495932582	32.29884329161953	163.78358237478062	0.664359565642279	0.11133026017052058	2.3871012110933467	0.5015685287361384	0.11133026017052058	2.3871012110933467	0.5015685287361384	0.24298954193349354	5.1904819399406E-4	1.3549372043384821E-8	0.22589992131116562	5.233470474646703E-4	21.800491874983493	-76.06036828533038
12000	-3500.3608073566197	-3431.382299785406	-68.97850757121407	-3431.382299785406	34.62011923904328	173.3438227451827	0.664359565642279	0.11133026017052058	2.3871012110933467	0.5015685287361384	0.11133026017052058	2.3871012110933467	0.5015685287361384	0.19690122318669215	6.282237147254512E-4	1.126609351908288E-8	0.17350563882878867	5.83761006067011E-4	22.292829358307685	-77.43301388630782
13000	-3522.2537394195697	-3426.7872181891503	-95.46652123041946	-3426.7872181891503	46.4098435922201	207.91913409508064	0.664359565642279	0.11133026017052058	2.3871012110933467	0.5015685287361384	0.11133026017052058	2.3871012110933467	0.5015685287361384	0.36781128102137906	5.091711872508136E-4	3.2828551718798374E-8	0.3973096257425274	4.729429565482923E-4	14.494520928918806	-82.5409815074748
14000	-3484.648757771465	-3430.0947407627987	-54.55401700866638	-3430.0947407627987	49.03251062793804	210.5268256599915	0.664359565642279	0.11133026017052058	2.3871012110933467	0.5015685287361384	0.11133026017052058	2.3871012110933467	0.5015685287361384	0.098190565484427	4.6086515311163115E-4	2.343457932138809E-9	0.10602189554643039	4.5926245186409393E-4	27.66230273061478	-79.09311396963017
15000	-3516.6252568648306	-3428.4708998958936	-88.15435696893694	-3428.4708998958936	52.36110240652413	223.7433375105781	0.664359565642279	0.2174717725138073	2.3871012110933467	0.3954270163928517	0.2174717725138073	2.3871012110933467	0.3954270163928517	0.35978451289830266	5.043767780380195E-4	2.244133333511605E-8	0.28958179174496307	5.538347963769825E-4	20.187314050790036	-80.97555648074216
16000	-3537.106561343511	-3438.975463803195	-98.13109754031638	-3438.975463803195	41.00076752111261	192.44434554686833	0.664359565642279	0.2174717725138073	2.3871012110933467	0.3954270163928517	0.2174717725138073	2.3871012110933467	0.3954270163928517	0.314001625155561	4.671674660399292E-4	2.9689730701549443E-8	0.352333142325039	4.5437116135999407E-4	19.32746045375097	-79.29854359861379
17000	-3496.206335534957	-3425.478027083991	-70.72830845096586	-3425.478027083991	63.67236848325282	295.2958133381671	0.664359565642279	0.2174717725138073	2.3871012110933467	0.3954270163928517	0.2174717725138073	2.3871012110933467	0.3954270163928517	0.12828145104656766	3.222336261828119E-4	1.8579434324849762E-9	0.13387581041887997	3.1887532008521965E-4	18.533770158878266	-92.34174165924563
18000	-3530.7160568208064	-3428.453138396122	-102.26291842468434	-3428.453138396122	52.29110784357775	288.6067010080936	0.664359565642279	0.2174717725138073	2.3871012110933467	0.3954270163928517	0.2174717725138073	2.3871012110933467	0.3954270163928517	0.28769318196099253	2.862310614781974E-4	7.357083242456361E-9	0.32031169253019043	2.659710171662159E-4	22.35551811510592	-91.76541891321502
19000	-3510.688120303876	-3422.1224981493615	-88.56562215451466	-3422.1224981493615	41.73582587088704	209.53167561291497	0.664359565642279	0.2174717725138073	2.369853711312754	0.4126745161734445	0.2174717725138073	2.369853711312754	0.4126745161734445	0.2897783438966733	4.518269418413887E-4	1.151938602653965E-8	0.26155769094366044	3.988042548665686E-4	22.27518130828033	-81.33436501685078
20000	-3526.1682510025275	-3432.1386073843796	-94.029643618148	-3432.1386073843796	36.59367094546697	170.42322526103825	0.664359565642279	0.2174717725138073	2.369853711312754	0.4126745161734445	0.2174717725138073	2.369853711312754	0.4126745161734445	0.44308106844930584	5.379102852367839E-4	5.2461420095479166E-8	0.4117424987898509	6.307893737967547E-4	9.987649416527015	-81.52382644011024
21000	-3506.435974984638	-3426.517106964663	-79.91886801997514	-3426.517106964663	42.276809213398565	190.21490415767292	0.664359565642279	0.16865503764104223	2.4186704461855193	0.4126745161734445	0.16865503764104223	2.4186704461855193	0.4126745161734445	0.26071680299335925	4.993453310906191E-4	1.715923502354322E-8	0.24891261902474573	5.163207770803568E-4	14.540696476979736	-79.66931895839475
22000	-3543.8255888848307	-3423.0366374387463	-120.78895144608462	-3423.0366374387463	31.633517453283467	168.2964911261003	0.664359565642279	0.16865503764104223	2.3750256084045867	0.45631935395437734	0.16865503764104223	2.3750256084045867	0.45631935395437734	0.6177609829614046	6.825511949546403E-4	2.7618167858429103E-7	0.6677513710114122	6.517243517285102E-4	17.128317563377646	-77.93482740321487
23000	-3483.3910788601625	-3428.799444286165	-54.59163457399726	-3428.799444286165	35.628699281853876	164.96826871345266	0.664359565642279	0.16865503764104223	2.3750256084045867	0.45631935395437734	0.16865503764104223	2.3750256084045867	0.45631935395437734	0.13737250836555562	5.634540465606594E-4	5.68394406608749E-9	0.1290340033194794	6.042088592468479E-4	19.036202419111277	-75.33283551167042
24000	-3470.244398060373	-3430.46836880921	-39.77602925116293	-3430.46836880921	38.78598714801844	183.58703475647874	0.664359565642279	0.16865503764104223	2.3750256084045867	0.45631935395437734	0.16865503764104223	2.3750256084045867	0.45631935395437734	0.0736458431900042	4.6848095591649485E-4	1.4400835183139822E-9	0.08185170010439655	4.6173392778984005E-4	19.303300507990986	-78.69166725657739
25000	-3508.674609431122	-3438.8554458734425	-69.8191635576797	-3438.8554458734425	45.625742539942024	192.17271594956463	0.664359565642279	0.14574424008625958	2.3979364059593693	0.45631935395437734	0.14574424008625958	2.3979364059593693	0.45631935395437734	0.25143934417992747	5.039917696817527E-4	9.886414231675599E-9	0.18928358190701824	5.29715325649537E-4	16.912599538723544	-77.09593786654408
26000	-3518.6626428128134	-3426.152293622455	-92.51034919035847	-3426.152293622455	31.350980818726747	162.5654737228594	0.664359565642279	0.14574424008625958	2.3979364059593693	0.45631935395437734	0.14574424008625958	2.3979364059593693	0.45631935395437734	0.35410841779582347	5.727085796532409E-4	4.5018836318923014E-8	0.3840396903115549	5.593007175930456E-4	13.375615798162947	-78.65619472556124
27000	-3494.5019933452586	-3438.2856293615773	-56.216363983681376	-3438.2856293615773	41.17921756952826	169.21442839960088	0.664359565642279	0.14574424008625958	2.3979364059593693	0.45631935395437734	0.14574424008625958	2.3979364059593693	0.45631935395437734	0.14767274483382062	5.441069125530878E-4	6.194848249685669E-9	0.13951292385820407	5.4629192167545E-4	14.324231522038009	-74.94919356813381
28000	-3487.1467887580384	-3428.6005887997226	-58.546199958315945	-3428.6005887997226	35.096024779195886	168.1512744630602	0.664359565642279	0.14574424008625958	2.3979364059593693	0.45631935395437734	0.14574424008625958	2.3979364059593693	0.45631935395437734	0.16164797861108787	5.847538601745061E-4	8.883199445043602E-9	0.16148742456607856	5.864836363848132E-4	14.070583627567137	-77.2971857379443
29000	-3514.656629822612	-3430.792124083496	-83.86450573911593	-3430.792124083496	55.935444006347176	221.8548344515213	0.664359565642279	0.14574424008625958	2.567027080692506	0.2872286792212406	0.14574424008625958	2.567027080692506	0.2872286792212406	0.3070724627362524	4.699719345069696E-4	2.1341734036354553E-8	0.24640794963434717	6.655046104684458E-4	25.249968834485383	-79.05819425672138
30000	-3531.1554275707567	-3434.4917596465075	-96.66366792424935	-3434.4917596465075	61.77783164618247	237.16097618997486	0.664359565642279	0.14574424008625958	2.567027080692506	0.2872286792212406	0.14574424008625958	2.567027080692506	0.2872286792212406	0.37262959896919723	3.747219507621892E-4	2.2049054319484623E-8	0.418950808212445	3.536445503307149E-4	16.493880477593468	-80.22918334292147
31000	-3509.5770627830443	-3430.2936315141387	-79.28343126890576	-3430.2936315141387	34.184722462316145	173.03032700283876	0.664359565642279	0.14574424008625958	2.567027080692506	0.2872286792212406	0.14574424008625958	2.567027080692506	0.2872286792212406	0.23221373524788386	5.796398907658615E-4	1.6424283475097577E-8	0.23961159859884873	5.423475763698005E-4	17.68865317299604	-79.54275377890204
32000	-3500.019713539221	-3425.4546019580775	-74.56511158114313	-3425.4546019580775	48.66218874396469	217.23040413008385	0.7857127180293341	0.14574424008625958	2.567027080692506	0.2872286792212406	0.14574424008625958	2.567027080692506	0.2872286792212406	0.23981457246358673	5.215851763746541E-4	8.698254380486829E-9	0.1790376587310846	5.355818846211641E-4	15.030303278966144	-83.57627213114834
33000	-3508.131455267291	-3427.148566497605	-80.98288876968647	-3427.148566497605	32.755148146975955	163.89855882476917	0.7857127180293341	0.14574424008625958	2.4357260526114457	0.41852970730230077	0.14574424008625958	2.4357260526114457	0.41852970730230077	0.3158686371267035	5.402413463959368E-4	1.9227009122387225E-8	0.30643012329793284	5.061801696118729E-4	11.6635795070512	-79.16466432591078
34000	-3487.865773111676	-3437.7676897707333	-50.098083340942814	-3437.7676897707333	41.83512293921575	199.8182688289872	0.7857127180293341	0.14574424008625958	2.4357260526114457	0.41852970730230077	0.14574424008625958	2.4357260526114457	0.41852970730230077	0.10645646141172518	4.3198169077687056E-4	1.8207145502646476E-9	0.1012348621912826	4.158891829124975E-4	15.899974681025718	-81.75360565448742
35000	-3467.325652978706	-3428.4171170654863	-38.908535913219744	-3428.4171170654863	53.821767083187645	223.59852949560866	0.7857127180293341	0.14574424008625958	2.3486165639449865	0.5056391959687602	0.14574424008625958	2.3486165639449865	0.5056391959687602	0.07273537708022429	4.238847081599496E-4	1.0783655861944481E-9	0.07716560943933713	4.267092694625997E-4	17.925630839872486	-80.86175208973563
36000	-3510.5869032876794	-3428.194500295064	-82.39240299261581	-3428.194500295064	51.93945410362955	207.59585962714846	0.7857127180293341	0.14574424008625958	2.3486165639449865	0.5056391959687602	0.14574424008625958	2.3486165639449865	0.5056391959687602	0.3028062702727792	4.722428902799745E-4	1.7652726052653998E-8	0.279184032999139	4.980897379875046E-4	20.80642338739966	-77.43745366313263
37000	-3526.0012930105986	-3421.92518263784	-104.07611037275882	-3421.92518263784	41.60887472193902	213.43687532113893	0.7857127180293341	0.14574424008625958	2.4389316535936176	0.4153241063201289	0.14574424008625958	2.4389316535936176	0.4153241063201289	0.4725145754103829	4.455037885216105E-4	3.248330175198399E-8	0.4465245751695722	4.125316487866875E-4	18.735229365451158	-84.3722594228211
38000	-3525.5778551339163	-3443.6193556825488	-81.95849945136762	-3443.6193556825488	44.43089642613313	190.55482928528684	0.7857127180293341	0.14574424008625958	2.3129919060542097	0.541263853859537	0.14574424008625958	2.3129919060542097	0.541263853859537	0.23378459425004547	5.534234513314815E-4	2.8178992119681588E-8	0.3020371716361424	5.814585722800349E-4	15.355065223654837	-79.3353317418494
39000	-3513.0582973526157	-3424.724342618564	-88.33395473405147	-3424.724342618564	41.35105012596269	205.81580812139129	0.7857127180293341	0.14574424008625958	2.41844191609681	0.4358138438169368	0.14574424008625958	2.41844191609681	0.4358138438169368	0.3118903665406029	5.232343702810123E-4	2.273137604168734E-8	0.2787216911948155	5.370970321227366E-4	16.125662226830364	-82.58782138842116
40000	-3522.0170062013317	-3436.2895686652887	-85.72743753604288	-3436.2895686652887	46.01707234285532	181.5089285699338	0.7857127180293341	0.14574424008625958	2.41844191609681	0.4358138438169368	0.14574424008625958	2.41844191609681	0.4358138438169368	0.2763757943241848	5.28957000479511E-4	3.226465794969437E-8	0.32417751827040475	5.121591758461718E-4	17.03200289000796	-75.18575030478338
41000	-3522.7025100325304	-3434.9621704584324	-87.7403395740979	-3434.9621704584324	30.319700568979105	158.4350315297328	0.7857127180293341	0.14574424008625958	2.41844191609681	0.4358138438169368	0.14574424008625958	2.41844191609681	0.4358138438169368	0.3154935237224811	4.8360613882590274E-4	2.29646583683148E-8	0.34391216715854034	4.5994826529976936E-4	10.649025784494368	-81.35717251797148
42000	-3522.3213014422936	-3422.4968936895348	-99.82440775275875	-3422.4968936895348	34.90688252783847	152.97031771990456	0.7857127180293341	0.14574424008625958	2.41844191609681	0.4358138438169368	0.14574424008625958	2.41844191609681	0.4358138438169368	0.5179684073492511	6.971738247944669E-4	1.844871902045154E-7	0.5672043247359942	7.875253419128721E-4	15.071781434929418	-72.61982309820213
43000	-3528.6049282452896	-3420.9457894628435	-107.65913878244595	-3420.9457894628435	28.534900408474225	145.8402601211779	0.7857127180293341	0.14574424008625958	2.41844191609681	0.4358138438169368	0.14574424008625958	2.41844191609681	0.4358138438169368	0.4657718648062687	6.407628000850754E-4	1.0961873397290324E-7	0.5550036644695776	6.126818209090376E-4	9.9916743244254	-77.41929566682015
44000	-3530.6003471236145	-3424.510845994259	-106.08950112935577	-3424.510845994259	35.735229652823705	173.15389524604163	0.7857127180293341	0.14574424008625958	2.41844191609681	0.4358138438169368	0.14574424008625958	2.41844191609681	0.4358138438169368	0.4657718648062687	6.255866580093355E-4	1.0134932113244553E-7	0.5672137803097776	5.996618212792261E-4	13.406564313428056	-81.66623654972973
45000	-3541.320529868079	-3436.9920460129856	-104.32848385509364	-3436.9920460129856	41.283812121962185	209.44928147248623	0.7857127180293341	0.14574424008625958	2.41844191609681	0.4358138438169368	0.14574424008625958	2.41844191609681	0.4358138438169368	0.4333493224037174	4.2246668274651186E-4	2.973775101432578E-8	0.4118948437227822	5.079355333035995E-4	17.26282776175439	-85.70694518108212
46000	-3507.6353535840644	-3425.189411121374	-82.44594246269011	-3425.189411121374	47.31903527385916	206.76718218655077	0.7857127180293341	0.14574424008625958	2.41844191609681	0.4358138438169368	0.14574424008625958	2.41844191609681	0.4358138438169368	0.2042478259929572	4.6560197387788594E-4	1.3901040656806655E-8	0.24725974221739824	4.743876267564443E-4	17.52688493216982	-80.65276612364104
47000	-3500.0132129386525	-3431.7576272018323	-68.25558573682034	-3431.7576272018323	43.342846031856325	200.12625049153348	0.7857127180293341	0.19984918877606656	2.508190268257562	0.2919605429663782	0.19984918877606656	2.508190268257562	0.2919605429663782	0.18221333525690753	5.460288996485191E-4	8.467986947209293E-9	0.16087541506991782	5.794857365693824E-4	15.622638828045137	-82.7427410418973
48000	-3480.856990357309	-3432.1048472225134	-48.75214313479553	-3432.1048472225134	51.343546020191226	223.83095046505724	0.7857127180293341	0.11141349009428411	2.508190268257562	0.38039624164816066	0.11141349009428411	2.508190268257562	0.38039624164816066	0.07945826020459558	4.210316178174325E-4	1.4722441092020865E-9	0.09011180364896024	4.3631760393543885E-4	20.282007987876188	-81.71194348999981
49000	-3494.5454966655147	-3455.0867469323084	-39.45874973320634	-3455.0867469323084	35.82654289202151	165.92253014954986	0.7857127180293341	0.11141349009428411	2.508190268257562	0.38039624164816066	0.11141349009428411	2.508190268257562	0.38039624164816066	0.0851872665334434	4.821170078494298E-4	1.755836392575888E-9	0.0884126720769643	4.670032288370378E-4	15.21938568810668	-76.00750349961727
50000	-3494.9040464767304	-3430.1923261388624	-64.7117203378681	-3430.1923261388624	29.99948859799652	134.6008357799007	0.7857127180293341	0.11141349009428411	2.508190268257562	0.38039624164816066	0.11141349009428411	2.508190268257562	0.38039624164816066	0.16783410531703305	8.03512494102528E-4	2.3178429245099755E-8	0.18933334272277064	7.917582137936881E-4	11.955466582916237	-71.53378392465326
51000	-3504.875456517142	-3425.470760464084	-79.40469605305825	-3425.470760464084	24.385895445394652	125.28903028781991	0.7857127180293341	0.11141349009428411	2.508190268257562	0.38039624164816066	0.11141349009428411	2.508190268257562	0.38039624164816066	0.23715678504139712	7.272264619539889E-4	4.6246192343411335E-8	0.2791766540105503	7.336403171712547E-4	16.584378950292155	-71.12336647542246
52000	-3517.4316227353306	-3426.8457622878236	-90.58586044750685	-3426.8457622878236	27.534987267958282	136.06111349764504	0.7857127180293341	0.11141349009428411	2.508190268257562	0.38039624164816066	0.11141349009428411	2.508190268257562	0.38039624164816066	0.48682565500634756	8.004290174522357E-4	7.930795046954149E-8	0.4205050721871419	7.153502341192576E-4	12.295117135781696	-72.06912689712894
53000	-3537.8071886215403	-3437.0064720535097	-100.8007165680308	-3437.0064720535097	24.969641391099035	118.80816210466716	0.7857127180293341	0.11141349009428411	2.508190268257562	0.38039624164816066	0.11141349009428411	2.508190268257562	0.38039624164816066	0.39489780533257757	6.9497333426864E-4	1.042272488932272E-7	0.4610249349098663	5.879124219338517E-4	9.61469627437575	-71.14299714877629
54000	-3531.078596395675	-3429.1667253221303	-101.91187107354494	-3429.1667253221303	31.431857547612587	157.89272712830126	0.7857127180293341	0.11141349009428411	2.508190268257562	0.38039624164816066	0.11141349009428411	2.508190268257562	0.38039624164816066	0.37557398685698784	5.717317628578202E-4	4.999549137095655E-8	0.41679997092539733	5.130703994771182E-4	14.029298507778527	-76.08398882174481
55000	-3537.7560883518745	-3419.6157372552184	-118.14035109665623	-3419.6157372552184	34.267460836862924	187.93007246597682	0.7857127180293341	0.11141349009428411	2.508190268257562	0.38039624164816066	0.11141349009428411	2.508190268257562	0.38039624164816066	0.4377080720834509	5.900003942798909E-4	1.0021590395196649E-7	0.589001363742676	4.86323710197287E-4	14.029298507778527	-83.40582467673508
56000	-3547.7550607755975	-3428.262013790659	-119.49304698493862	-3428.262013790659	47.17838080173174	232.95049371960135	0.7857127180293341	0.11141349009428411	2.508190268257562	0.38039624164816066	0.11141349009428411	2.508190268257562	0.38039624164816066	0.5718133758329095	4.884856906156561E-4	5.164942930012139E-8	0.5164861215491001	3.953244366777823E-4	18.97851770404316	-84.6608086444414
57000	-3547.1512743277613	-3422.5915775023414	-124.55969682541975	-3422.5915775023414	51.45461770666554	248.53073411307355	0.7857127180293341	0.11141349009428411	2.508190268257562	0.38039624164816066	0.11141349009428411	2.508190268257562	0.38039624164816066	0.4210828360775193	3.411036464908141E-4	2.1862032865596228E-8	0.4806281086462916	2.6531112199740085E-4	20.006864788989244	-86.48634545880833
58000	-3551.818491274804	-3430.9103723050353	-120.90811896976848	-3430.9103723050353	48.446284371528805	206.92253505197988	0.7857127180293341	0.11141349009428411	2.508190268257562	0.38039624164816066	0.11141349009428411	2.508190268257562	0.38039624164816066	0.4881970520751073	5.57215370260765E-4	1.0834132102272884E-7	0.8116136098687134	3.5938511444877076E-4	19.618577965194774	-79.16621311897184
59000	-3547.343971047101	-3427.5371523652675	-119.80681868183348	-3427.5371523652675	60.06659273911857	234.6196434201774	0.7857127180293341	0.11141349009428411	2.4104949241504854	0.4780915857552373	0.11141349009428411	2.4104949241504854	0.4780915857552373	0.5108308875176025	3.2181281684617874E-4	5.675529538082945E-8	0.755595648745014	2.755191381638863E-4	16.315889134628176	-83.00266360940705
60000	-3523.2915402259946	-3415.0384558923456	-108.25308433364877	-3415.0384558923456	43.95989161931761	191.97765367879245	0.7857127180293341	0.11141349009428411	2.4104949241504854	0.4780915857552373	0.11141349009428411	2.4104949241504854	0.4780915857552373	0.5325947210687818	5.074840875889581E-4	1.7314034077455124E-7	0.8103724907457718	4.814499906027755E-4	18.121399129576613	-78.79812878173767
61000	-3548.7335682553494	-3429.5646019867395	-119.16896626860968	-3429.5646019867395	56.37428323837895	213.18017723443316	0.7857127180293341	0.11141349009428411	2.4104949241504854	0.4780915857552373	0.11141349009428411	2.4104949241504854	0.4780915857552373	0.6746302928085184	4.4262141199451845E-4	1.2296731767942E-7	0.7735642311489969	3.877639374651495E-4	18.819941925177172	-78.13546770452403
62000	-3532.064483608856	-3430.2929693626065	-101.77151424624951	-3430.2929693626065	35.52599376578686	145.7915967058745	0.7857127180293341	0.1644064681988171	2.4104949241504854	0.42509860765070434	0.1644064681988171	2.4104949241504854	0.42509860765070434	0.5324555169053181	7.161323315143418E-4	1.477058307275266E-7	0.5253476616555662	6.698760483439478E-4	8.600787928957132	-73.56717242580467
63000	-3508.3690047611303	-3431.8089544849527	-76.56005027617772	-3431.8089544849527	34.32570986717926	169.47856619794538	0.7857127180293341	0.1644064681988171	2.4104949241504854	0.42509860765070434	0.1644064681988171	2.4104949241504854	0.42509860765070434	0.262175549457062	4.879114964555779E-4	1.5236586236260524E-8	0.23909895522060848	5.487781447056625E-4	16.586926970258034	-78.02470873034792
64000	-3512.6216574296986	-3438.228632947829	-74.39302448186989	-3438.228632947829	38.17604345257406	155.30684681512702	0.7857127180293341	0.05889040853714038	2.516010983812162	0.42509860765070434	0.05889040853714038	2.516010983812162	0.42509860765070434	0.28017707527518065	7.223824267690317E-4	3.17969172080011E-8	0.2448411809105992	7.235401983900132E-4	12.181302478048407	-73.32352823689406
65000	-3503.841599088567	-3426.3843348166206	-77.4572642719462	-3426.3843348166206	36.89088743905436	147.25129187764853	0.7857127180293341	0.05889040853714038	2.516010983812162	0.42509860765070434	0.05889040853714038	2.516010983812162	0.42509860765070434	0.2555168236216486	6.399272132692745E-4	3.393173366030869E-8	0.3050986620736319	5.911120901836434E-4	11.703936944089346	-70.70798325872533
66000	-3501.889767317955	-3431.043261355848	-70.84650596210695	-3431.043261355848	52.304101716987105	198.4774841297432	0.7857127180293341	0.05889040853714038	2.516010983812162	0.42509860765070434	0.05889040853714038	2.516010983812162	0.42509860765070434	0.21519398762517591	5.592693504551103E-4	1.871177434828915E-8	0.23492927888779558	6.075042015888189E-4	12.803509956055384	-77.55946122207061
67000	-3514.9809926118487	-3421.273313081062	-93.70767953078666	-3421.273313081062	38.50978657785954	177.33875981371085	0.7857127180293341	0.05889040853714038	2.516010983812162	0.42509860765070434	0.05889040853714038	2.516010983812162	0.42509860765070434	0.3182198217054644	6.152467675516975E-4	3.410977920448259E-8	0.32889337008815894	5.30895697401601E-4	11.212851102464423	-81.48530737677525
68000	-3514.3208778748917	-3429.8833502759585	-84.43752759893341	-3429.8833502759585	41.473065748702865	175.1446407830544	0.7857127180293341	0.20054885693472596	2.3743525354145767	0.42509860765070434	0.20054885693472596	2.3743525354145767	0.42509860765070434	0.32165635914589236	4.569966215550948E-4	2.7380018403910652E-8	0.33203232461198495	5.226217471151232E-4	14.994091556591558	-75.29246197253565
69000	-3498.946692529193	-3432.539641315753	-66.40705121343983	-3432.539641315753	41.15020435439845	185.3737440754171	0.7857127180293341	0.20054885693472596	2.3743525354145767	0.42509860765070434	0.20054885693472596	2.3743525354145767	0.42509860765070434	0.15348896436408654	6.100263180863056E-4	1.2276104252184451E-8	0.1726656142795849	6.248549913429201E-4	13.598791988132303	-79.31383870653332
70000	-3497.7893048327373	-3426.6205977025256	-71.16870713021152	-3426.6205977025256	45.93663919233338	227.89502499478255	0.7857127180293341	0.20054885693472596	2.3743525354145767	0.42509860765070434	0.20054885693472596	2.3743525354145767	0.42509860765070434	0.16905047650593802	4.487684670980016E-4	4.8833006560329885E-9	0.1665517935489765	4.3396069616388647E-4	21.727585911124983	-82.85406828112457
71000	-3500.080886610052	-3430.782751729684	-69.29813488036777	-3430.782751729684	39.42942665347481	207.85871266803514	0.7857127180293341	0.20054885693472596	2.5342371815397593	0.2652139615255218	0.20054885693472596	2.5342371815397593	0.2652139615255218	0.18295616315831859	5.330245633447779E-4	7.334536140312589E-9	0.16293938544243586	5.124223743433957E-4	18.590307814043264	-82.86538524860299
72000	-3485.606893650692	-3426.015816116429	-59.591077534263185	-3426.015816116429	47.62853605777596	203.32391747176476	0.7857127180293341	0.11247734940016928	2.5972779667183015	0.2902446838815365	0.11247734940016928	2.5972779667183015	0.2902446838815365	0.11072664807263861	4.8087479664578363E-4	3.965914174849121E-9	0.1281293445229403	5.091954347898816E-4	21.310287360481375	-77.59297079928162
73000	-3506.4178175489233	-3437.276878149325	-69.14093939959818	-3437.276878149325	43.21983980722034	201.13171762151774	0.7857127180293341	0.11247734940016928	2.5972779667183015	0.2902446838815365	0.11247734940016928	2.5972779667183015	0.2902446838815365	0.19581193428113852	6.669971630842832E-4	1.484323082568163E-8	0.18248841738459223	6.789858212798613E-4	15.172434282630809	-79.95603964859802
74000	-3505.6017548645646	-3429.8951787752676	-75.70657608929706	-3429.8951787752676	57.319058554673404	214.24660881882403	0.7857127180293341	0.11247734940016928	2.5972779667183015	0.2902446838815365	0.11247734940016928	2.5972779667183015	0.2902446838815365	0.24350549110885927	5.863729351373119E-4	2.376285788679001E-8	0.24601647608392127	6.710364175704893E-4	17.478972223916095	-77.99620839623203
75000	-3522.7567535675425	-3428.806375261751	-93.95037830579166	-3428.806375261751	51.6014677104832	201.9906987175785	0.7857127180293341	0.11247734940016928	2.5972779667183015	0.2902446838815365	0.11247734940016928	2.5972779667183015	0.2902446838815365	0.3187596034579187	4.996729241474917E-4	6.413340422343589E-8	0.41555851560562024	6.070259427593355E-4	18.9995137950986	-75.73786558423745
76000	-3521.701527438094	-3427.208722810626	-94.49280462746802	-3427.208722810626	37.91212312887981	216.13347179474437	0.7857127180293341	0.11247734940016928	2.4747674395443497	0.4127552110554884	0.11247734940016928	2.4747674395443497	0.4127552110554884	0.3132374983226102	4.314202697813016E-4	1.9311535054705377E-8	0.34205496759412624	4.224083284869089E-4	19.418384794089356	-84.85196638513983
77000	-3527.1640686099195	-3426.934175519613	-100.22989309030642	-3426.934175519613	49.78627623438386	254.5021803019912	0.7857127180293341	0.11247734940016928	2.4747674395443497	0.4127552110554884	0.11247734940016928	2.4747674395443497	0.4127552110554884	0.32593430797817885	3.14648151030373E-4	9.656045370504387E-9	0.31951080420275707	2.970562552570216E-4	29.573085437672855	-85.54854362579404
78000	-3532.85436397979	-3439.440809902847	-93.41355407694279	-3439.440809902847	33.295619404370086	185.8839398177151	0.7857127180293341	0.11247734940016928	2.4747674395443497	0.4127552110554884	0.11247734940016928	2.4747674395443497	0.4127552110554884	0.3322173308525105	5.947907468417171E-4	4.1662290332517956E-8	0.3236036341635265	6.221596549760558E-4	22.33236785084716	-80.311667009668
79000	-3535.2026367813514	-3426.388967004948	-108.81366977640364	-3426.388967004948	38.83492973349989	203.01128408648833	0.7857127180293341	0.11247734940016928	2.595356309271223	0.29216634132861524	0.11247734940016928	2.595356309271223	0.29216634132861524	0.3785110372008736	3.6635026217322534E-4	2.3788791406502174E-8	0.4480565789655121	3.408488335064223E-4	21.410977814308364	-81.99206125292544
80000	-3525.5025992184987	-3427.455944066641	-98.0466551518574	-3427.455944066641	36.62031760931934	202.9238267643732	0.7857127180293341	0.11247734940016928	2.595356309271223	0.29216634132861524	0.11247734940016928	2.595356309271223	0.29216634132861524	0.35183297146148684	4.74208051764025E-4	1.6639494970568037E-8	0.2792644183904054	4.2002978031728316E-4	19.83868359533007	-83.06347246766965
81000	-3515.4156561083037	-3436.696912758087	-78.71874335021656	-3436.696912758087	42.99703816020732	187.58609286139708	0.7857127180293341	0.11247734940016928	2.595356309271223	0.29216634132861524	0.11247734940016928	2.595356309271223	0.29216634132861524	0.2725205467531452	5.26515442484911E-4	1.5747391661249205E-8	0.23880121301284538	5.335059632314448E-4	16.22525161641041	-78.1396685472297
82000	-3525.0259167394784	-3423.1267003055414	-101.89921643393718	-3423.1267003055414	43.59218980457804	173.05697870061786	0.7857127180293341	0.11247734940016928	2.595356309271223	0.29216634132861524	0.11247734940016928	2.595356309271223	0.29216634132861524	0.5550937660626932	5.25756488895153E-4	1.3544322965967486E-7	0.6020582346662664	6.062556471364027E-4	14.354442953634575	-74.22376949149334
83000	-3510.7134669039974	-3437.149482074917	-73.56398482908011	-3437.149482074917	40.17392368962741	162.9536696434879	0.7857127180293341	0.11247734940016928	2.595356309271223	0.29216634132861524	0.11247734940016928	2.595356309271223	0.29216634132861524	0.25851905280261045	7.28500121025688E-4	3.821761361566206E-8	0.2580615457235727	7.828276852759051E-4	10.942020212247307	-75.5379413868548
84000	-3524.986866807026	-3428.7599270045694	-96.22693980245673	-3428.7599270045694	28.270135499666733	136.05951420686904	0.7857127180293341	0.11247734940016928	2.595356309271223	0.29216634132861524	0.11247734940016928	2.595356309271223	0.29216634132861524	0.49543696910205715	8.204618990368627E-4	3.040030652868636E-7	0.6629995834461873	8.688293540689971E-4	12.514170306088868	-72.63624001352937
85000	-3531.8706250978125	-3437.198597332149	-94.6720277656636	-3437.198597332149	25.482965917397035	121.90358742717264	0.7857127180293341	0.11247734940016928	2.595356309271223	0.29216634132861524	0.11247734940016928	2.595356309271223	0.29216634132861524	0.4540544234559167	7.764547934267827E-4	1.1311124662514697E-7	0.46213386343778573	6.780337667837434E-4	10.600027076792639	-69.81496086675641
86000	-3520.389202714836	-3431.6496709319767	-88.73953178285917	-3431.6496709319767	29.817127048038408	144.61572078829653	0.7857127180293341	0.11247734940016928	2.419282965050621	0.46823968554921724	0.11247734940016928	2.419282965050621	0.46823968554921724	0.43577933564404736	6.867417902093308E-4	7.09810264841847E-8	0.4210684661496451	6.42088462115154E-4	12.200019706836759	-72.93403953185286
87000	-3523.952215279806	-3427.4538863291987	-96.49832895060727	-3427.4538863291987	28.919789579741135	148.46136270457583	0.7857127180293341	0.11247734940016928	2.419282965050621	0.46823968554921724	0.11247734940016928	2.419282965050621	0.46823968554921724	0.42316501614753416	6.535435985434456E-4	6.918726147472118E-8	0.5196033396680486	4.940529333614439E-4	16.37205088980324	-74.4474362441355
88000	-3531.5974716785317	-3430.33545776506	-101.26201391347202	-3430.33545776506	27.06923971333461	145.82477345828522	0.7857127180293341	0.11247734940016928	2.4905255420192782	0.39699710858056003	0.11247734940016928	2.4905255420192782	0.39699710858056003	0.5647416719138002	8.177015805006834E-4	1.77899369903563E-7	0.6796073764476802	6.241968727356609E-4	13.352818097697204	-75.30018212929656
89000	-3533.3850963804816	-3426.3526366982624	-107.03245968221921	-3426.3526366982624	27.878582570599725	145.4268130450511	0.7857127180293341	0.11247734940016928	2.4140425017511413	0.47348014884869716	0.11247734940016928	2.4140425017511413	0.47348014884869716	0.6030242164683521	6.444861853321014E-4	1.681073595664498E-7	0.7205553385367032	5.363246022730183E-4	13.609904597285908	-74.70265824751006
90000	-3540.1736127203426	-3433.8266491980917	-106.34696352225102	-3433.8266491980917	33.826397989717655	153.14322391075234	0.7857127180293341	0.11247734940016928	2.5398662070954563	0.347656443504382	0.11247734940016928	2.5398662070954563	0.347656443504382	0.6334485135748942	8.303474930057331E-4	1.0000261193905745E-6	0.9010442537958427	0.0011334742273733797	13.896994838665512	-73.7351238681706
91000	-3533.9554427492358	-3422.14074320116	-111.81469954807548	-3422.14074320116	30.158306882326237	161.88980262979481	0.7857127180293341	0.11247734940016928	2.377976812212926	0.509545838386912	0.11247734940016928	2.377976812212926	0.509545838386912	0.5991871551143456	5.485354278362616E-4	2.3252477964129377E-7	0.9048512901199612	5.279774299087582E-4	13.896994838665512	-78.04201934204752
92000	-3535.0424703785325	-3421.819982229634	-113.22248814889838	-3421.819982229634	32.44005163043363	131.11332404932898	0.7857127180293341	0.11247734940016928	2.377976812212926	0.509545838386912	0.11247734940016928	2.377976812212926	0.509545838386912	0.7481686742647524	7.536623032559425E-4	4.879489801116005E-7	0.926544300100442	6.24454316302507E-4	12.078505231060264	-67.73594586639221
93000	-3538.2223080752437	-3425.249146601565	-112.97316147367862	-3425.249146601565	27.645724087935104	117.08620852553096	0.7857127180293341	0.11247734940016928	2.377976812212926	0.509545838386912	0.11247734940016928	2.377976812212926	0.509545838386912	0.7929525706235331	8.483273625643848E-4	5.904047072144404E-7	0.9342604289298184	6.874152300542298E-4	9.11904397111099	-66.55400367176709
94000	-3541.2704052594077	-3425.1032898570784	-116.16711540232906	-3425.1032898570784	23.943353012289183	109.2050462710931	0.7857127180293341	0.11247734940016928	2.377976812212926	0.509545838386912	0.11247734940016928	2.377976812212926	0.509545838386912	0.8422475867059613	8.880132057769169E-4	9.847693349957637E-7	1.0719849717081298	7.698587696954437E-4	11.29023138205033	-66.6833561374703
95000	-3542.1642035227974	-3436.8463240556775	-105.31787946711987	-3436.8463240556775	29.350707424909544	118.4984651762479	0.7857127180293341	0.11247734940016928	2.377976812212926	0.509545838386912	0.11247734940016928	2.377976812212926	0.509545838386912	0.816832578186677	8.844303682446838E-4	6.110918033721431E-7	0.9604312062151558	8.958359102680337E-4	9.28026323303584	-67.87973654145009
96000	-3522.620968073241	-3419.531802395253	-103.0891656779875	-3419.531802395253	37.37139559402115	131.77724588399167	0.7857127180293341	0.11247734940016928	2.377976812212926	0.509545838386912	0.11247734940016928	2.377976812212926	0.509545838386912	0.739067619051985	6.811713732478531E-4	8.974841026582178E-7	1.2279796624858383	8.39578123323475E-4	9.029104758586689	-66.73400835688955
97000	-3536.5473535688025	-3422.0606283339216	-114.48672523488071	-3422.0606283339216	29.533067472392027	129.04873875132876	0.7857127180293341	0.11247734940016928	2.377976812212926	0.509545838386912	0.11247734940016928	2.377976812212926	0.509545838386912	0.9215686165559824	7.252270085487093E-4	3.267566757353534E-7	1.0309765765090908	5.103228360336269E-4	14.5516757941075	-68.50898941066991
98000	-3541.8965504038006	-3429.6034141937885	-112.29313621001208	-3429.6034141937885	27.92509203966523	118.93019926024482	0.7857127180293341	0.11247734940016928	2.377976812212926	0.509545838386912	0.11247734940016928	2.377976812212926	0.509545838386912	0.8637720605649221	6.735167099848307E-4	4.103130279718206E-7	0.9801791798319117	5.855234998852426E-4	7.761984468950126	-67.79775113004327
99000	-3538.7366983658685	-3434.5887388897213	-104.14795947614739	-3434.5887388897213	28.380640068713333	140.07661083868518	0.7857127180293341	0.11247734940016928	2.377976812212926	0.509545838386912	0.11247734940016928	2.377976812212926	0.509545838386912	0.5883495349800743	5.381727979658972E-4	1.205491564676199E-7	0.7808479260548127	4.7330814320137424E-4	14.520739324136576	-72.73220593920053
100000	-3539.0575735637017	-3429.391035324957	-109.6665382387445	-3429.391035324957	37.91151706478977	190.61895239669337	0.7857127180293341	0.11247734940016928	2.377976812212926	0.509545838386912	0.11247734940016928	2.377976812212926	0.509545838386912	0.6571811910734779	4.141669469460033E-4	7.976649779262898E-8	0.7220071479241232	4.816494884783849E-4	21.509301239983	-78.31090561953843
101000	-3531.6100448097877	-3423.385664784253	-108.22438002553453	-3423.385664784253	36.59706816653208	184.92657816602858	0.7857127180293341	0.11247734940016928	2.377976812212926	0.509545838386912	0.11247734940016928	2.377976812212926	0.509545838386912	0.5681496891959474	5.940785226109219E-4	1.3337339812090882E-7	0.6048273753013796	6.595634406186897E-4	19.07647366169185	-78.62991454298403
102000	-3519.8197012501096	-3428.102895439943	-91.71680581016652	-3428.102895439943	24.24296931613891	129.62690620010994	0.7857127180293341	0.11247734940016928	2.377976812212926	0.509545838386912	0.11247734940016928	2.377976812212926	0.509545838386912	0.39016397421500626	6.944896666490238E-4	7.400456016981864E-8	0.41554523294346346	6.547666060562259E-4	14.77119570936654	-73.00608060248922
103000	-3521.8326952533216	-3434.9508421592086	-86.88185309411307	-3434.9508421592086	24.23314961949464	119.03320058873037	0.7857127180293341	0.11247734940016928	2.377976812212926	0.509545838386912	0.11247734940016928	2.377976812212926	0.509545838386912	0.3161054983885003	7.750079794578724E-4	8.84059582145774E-8	0.40057298716246137	6.674176604810201E-4	11.197597165988306	-69.09112427345913
104000	-3521.8402527414014	-3436.738301042463	-85.10195169893848	-3436.738301042463	26.94256941731647	132.76671601830986	0.7857127180293341	0.11247734940016928	2.377976812212926	0.509545838386912	0.11247734940016928	2.377976812212926	0.509545838386912	0.3325314014423288	7.298652394740615E-4	7.741366693810109E-8	0.3906241535942453	6.839471585194925E-4	11.97264203720484	-72.15232769906166
105000	-3516.1820059496968	-3430.923863659175	-85.2581422905218	-3430.923863659175	24.21203713401767	126.01706574533073	0.7857127180293341	0.11247734940016928	2.495683701668819	0.3918389489310188	0.11247734940016928	2.495683701668819	0.3918389489310188	0.37017546746836716	7.914735323485612E-4	1.1455927918276584E-7	0.39672597007432303	9.080423067536443E-4	12.920025179054633	-72.26274320155451
106000	-3519.3976423911013	-3434.441277759005	-84.95636463209617	-3434.441277759005	28.934761572889208	144.65016490182612	0.7857127180293341	0.11247734940016928	2.495683701668819	0.3918389489310188	0.11247734940016928	2.495683701668819	0.3918389489310188	0.36889399502717046	6.607005173570039E-4	5.309433282488998E-8	0.3550961849321674	6.827779468626167E-4	10.797192949898944	-75.73808596817385
107000	-3530.02085392703	-3427.127983660455	-102.89287026657529	-3427.127983660455	36.73296598256138	182.14498990591395	0.7857127180293341	0.11247734940016928	2.495683701668819	0.3918389489310188	0.11247734940016928	2.495683701668819	0.3918389489310188	0.38983962745432427	6.308774368247638E-4	7.989277464394608E-8	0.4240269081865575	6.134589696898837E-4	19.798908265807654	-77.61477014197112
108000	-3542.000755198826	-3432.8037208935984	-109.19703430522779	-3432.8037208935984	39.97963434821601	205.10737082065538	0.7857127180293341	0.11247734940016928	2.495683701668819	0.3918389489310188	0.11247734940016928	2.495683701668819	0.3918389489310188	0.4882904335946759	6.525741942916395E-4	1.4665991902939656E-7	0.5533357375146484	6.80104943161575E-4	17.03130127748463	-81.31204203142201
109000	-3553.226402593196	-3439.030730107137	-114.19567248605902	-3439.030730107137	30.182189306009374	154.98651715199136	0.7857127180293341	0.11247734940016928	2.495683701668819	0.3918389489310188	0.11247734940016928	2.495683701668819	0.3918389489310188	0.7578613827285469	5.530243016638141E-4	8.832694468705445E-8	0.5560309031061423	5.22080993927215E-4	16.790544531541045	-75.19088782471901
110000	-3497.316452956115	-3436.988654915028	-60.32779804108711	-3436.988654915028	27.71817434528254	144.517139178405	0.7857127180293341	0.11247734940016928	2.495683701668819	0.3918389489310188	0.11247734940016928	2.495683701668819	0.3918389489310188	0.21074238367949638	5.950390981212514E-4	8.761283419925445E-9	0.15846071051749006	5.982390854212715E-4	14.628829029995366	-74.30595320592207
111000	-3504.0918350641737	-3428.348858980962	-75.7429760832116	-3428.348858980962	32.230571850362274	162.84362973735205	0.7857127180293341	0.11247734940016928	2.495683701668819	0.3918389489310188	0.11247734940016928	2.495683701668819	0.3918389489310188	0.2811067162825809	6.160384387279565E-4	2.2891266442880112E-8	0.24071711897333223	6.768220391860317E-4	11.852908404737114	-78.88962083559383
112000	-3504.125933283637	-3434.2782431741293	-69.84769010950784	-3434.2782431741293	27.72884582082351	129.9408756693071	0.7857127180293341	0.11247734940016928	2.495683701668819	0.3918389489310188	0.11247734940016928	2.495683701668819	0.3918389489310188	0.31103548787324753	8.409280025020743E-4	4.086786037691947E-8	0.24295524748810693	8.823389100675556E-4	12.3151999874808	-71.30821080531176
113000	-3528.672522058499	-3421.9713508114964	-106.70117124700263	-3421.9713508114964	25.20412335395257	132.73455677501985	0.7857127180293341	0.11247734940016928	2.495683701668819	0.3918389489310188	0.11247734940016928	2.495683701668819	0.3918389489310188	0.617747380772655	8.516390424264267E-4	3.173769039013831E-7	0.6817129185539497	8.592023742874546E-4	11.80712122040391	-75.10740019209392
114000	-3514.8792429854084	-3428.3372838730847	-86.54195911232365	-3428.3372838730847	21.717737737831534	99.92541532519354	0.7857127180293341	0.11247734940016928	2.495683701668819	0.3918389489310188	0.11247734940016928	2.495683701668819	0.3918389489310188	0.4102865576666868	0.0011535263032144796	3.5216051292137677E-7	0.5706605136613956	0.001026256081176304	9.210992470920118	-65.68977399483101
115000	-3521.0948986060253	-3422.387588007682	-98.707310598343	-3422.387588007682	31.406633963494965	164.92085460801613	0.7857127180293341	0.11247734940016928	2.495683701668819	0.3918389489310188	0.11247734940016928	2.495683701668819	0.3918389489310188	0.421581983855698	5.752744723773433E-4	6.382888279811988E-8	0.47895792616904376	5.372748091015938E-4	15.66965809351885	-76.7312445966331
116000	-3490.3353412619276	-3436.1392212301175	-54.19612003180991	-3436.1392212301175	32.983673090231306	154.7499931634703	0.7857127180293341	0.11247734940016928	2.495683701668819	0.3918389489310188	0.11247734940016928	2.495683701668819	0.3918389489310188	0.14727833641767624	7.317752254575608E-4	1.042928564695891E-8	0.14387174242518952	7.048283879092662E-4	14.929709160482489	-73.99523903604339
117000	-3520.2823432388586	-3428.5828867345294	-91.69945650432926	-3428.5828867345294	59.60951408104936	213.94130350521718	0.7857127180293341	0.11247734940016928	2.495683701668819	0.3918389489310188	0.11247734940016928	2.495683701668819	0.3918389489310188	0.40679203062082614	4.4761716798856596E-4	3.677256943164799E-8	0.4113996022453363	4.888013212271909E-4	14.711923879159567	-77.34448370703097
118000	-3510.334458294939	-3420.269968180274	-90.06449011466479	-3420.269968180274	29.644013397647978	143.63892967144838	0.7857127180293341	0.11247734940016928	2.495683701668819	0.3918389489310188	0.11247734940016928	2.495683701668819	0.3918389489310188	0.4314335296482747	6.458607885989843E-4	5.840246296117943E-8	0.3812723713747964	6.550952057618189E-4	12.227501147988283	-74.7593885448035
119000	-3527.889388843411	-3428.1118647321573	-99.77752411125341	-3428.1118647321573	24.13487299594337	124.97656291843596	0.7857127180293341	0.11247734940016928	2.495683701668819	0.3918389489310188	0.11247734940016928	2.495683701668819	0.3918389489310188	0.5408680622326372	9.95666922295885E-4	3.5859468828798633E-7	0.5925064022129287	0.0010317765221190018	14.146351266334541	-71.47119657561443
120000	-3525.0691012774196	-3426.056601212224	-99.01250006519545	-3426.056601212224	21.749691637082368	108.62457354330219	0.7857127180293341	0.11247734940016928	2.495683701668819	0.3918389489310188	0.11247734940016928	2.495683701668819	0.3918389489310188	0.5063303993146966	8.740698260776038E-4	1.9024771845256688E-7	0.5812582246075989	6.745066710478012E-4	10.46336399570661	-68.19197592754784
121000	-3517.307276368398	-3423.069367454487	-94.23790891391114	-3423.069367454487	20.757406816419905	104.97017741154967	0.7857127180293341	0.11247734940016928	2.416460451643209	0.4710621989566291	0.11247734940016928	2.416460451643209	0.4710621989566291	0.47159717407159285	8.518777300992746E-4	1.4248955378036655E-7	0.5381267042456134	6.615833052654663E-4	12.383249389855267	-67.24797782025382
122000	-3530.7362120004623	-3421.7868374641102	-108.94937453635194	-3421.7868374641102	42.51277415649436	189.09802497072806	0.7857127180293341	0.11247734940016928	2.5016786865835288	0.3858439640163091	0.11247734940016928	2.5016786865835288	0.3858439640163091	0.3779615225910259	5.128621178498972E-4	5.6422568461722334E-8	0.48598695600096764	4.3595097455197547E-4	14.407376843746524	-80.3266008073216
123000	-3523.1228097046373	-3426.9433388707703	-96.17947083386719	-3426.9433388707703	38.779697821520834	178.02475321164775	0.7857127180293341	0.11247734940016928	2.5016786865835288	0.3858439640163091	0.11247734940016928	2.5016786865835288	0.3858439640163091	0.3921876546995791	5.522138523193487E-4	9.965473518138737E-8	0.5196299632990171	5.885022661530975E-4	13.308063835503045	-79.31323982694556
124000	-3512.2281099645325	-3424.8041427908825	-87.42396717365003	-3424.8041427908825	30.194152045082262	142.60679558636681	0.7857127180293341	0.11247734940016928	2.5016786865835288	0.3858439640163091	0.11247734940016928	2.5016786865835288	0.3858439640163091	0.3603018383734936	7.434391970382756E-4	6.349880648184875E-8	0.36045211440037167	7.90261441317688E-4	9.714936920192857	-77.61597193809621
125000	-3511.533029646842	-3438.6388358512218	-72.8941937956202	-3438.6388358512218	31.243715853687455	128.23527212558372	0.7857127180293341	0.11247734940016928	2.5016786865835288	0.3858439640163091	0.11247734940016928	2.5016786865835288	0.3858439640163091	0.2510204076730837	9.088051324844057E-4	7.266267472786087E-8	0.2665849823162733	0.0010202005006261833	9.17403458813034	-69.87982549376582
126000	-3508.661940377856	-3431.6601241827725	-77.0018161950832	-3431.6601241827725	44.12850861368438	221.2088986285847	0.7857127180293341	0.11247734940016928	2.5016786865835288	0.3858439640163091	0.11247734940016928	2.5016786865835288	0.3858439640163091	0.23050458800493653	4.760184258165068E-4	7.0471501315540155E-9	0.18235812420954178	4.683204197533145E-4	16.20216116967033	-86.9306177485223
127000	-3520.5575372415715	-3420.491299597275	-100.06623764429642	-3420.491299597275	61.74383816395468	274.6364093585932	0.7857127180293341	0.11247734940016928	2.5016786865835288	0.3858439640163091	0.11247734940016928	2.5016786865835288	0.3858439640163091	0.3037411819022938	3.979466312560126E-4	1.3887865908103925E-8	0.27781135647670097	3.825308780544181E-4	17.460822762030897	-88.3905705688648
128000	-3505.3295420785616	-3429.282929615482	-76.0466124630797	-3429.282929615482	37.235578393983126	186.94112657684175	0.7857127180293341	0.20184329784597405	2.5016786865835288	0.29647801557050435	0.20184329784597405	2.5016786865835288	0.29647801557050435	0.21218686069197892	5.488023082905472E-4	1.3410926798686836E-8	0.23474033687737653	5.240179227009342E-4	14.952462155143094	-81.04320139824459
129000	-3526.7127980004084	-3435.619381213459	-91.0934167869496	-3435.619381213459	45.72312528219735	208.90740623944677	0.7857127180293341	0.13543543002217656	2.5016786865835288	0.36288588339430183	0.13543543002217656	2.5016786865835288	0.36288588339430183	0.2829507440437521	5.409877711873214E-4	2.367860933046307E-8	0.29559687523394934	5.083442500658725E-4	17.113838209961358	-81.1942575710277
130000	-3518.0253491549925	-3428.6102634977988	-89.41508565719377	-3428.6102634977988	46.530001189656446	191.4202910964658	0.7857127180293341	0.13543543002217656	2.5016786865835288	0.36288588339430183	0.13543543002217656	2.5016786865835288	0.36288588339430183	0.2506788275975002	5.849181159215727E-4	4.6590022961713614E-8	0.34493815472393075	6.275820614133485E-4	16.90639324210703	-77.05209736844793
131000	-3501.157942789291	-3428.049301276333	-73.10864151295807	-3428.049301276333	50.4784787546731	199.5048700296271	0.7857127180293341	0.13543543002217656	2.5016786865835288	0.36288588339430183	0.13543543002217656	2.5016786865835288	0.36288588339430183	0.19484415746717093	6.191933905951906E-4	2.275236771048729E-8	0.22981840855684327	6.650908372641186E-4	15.022868665896151	-77.0879014129946
132000	-3508.9125848188214	-3431.5319352201955	-77.380649598626	-3431.5319352201955	43.62201713469854	175.17723664464623	0.7857127180293341	0.13543543002217656	2.5016786865835288	0.36288588339430183	0.13543543002217656	2.5016786865835288	0.36288588339430183	0.269543567012406	5.467202876546965E-4	2.6806033071948748E-8	0.2976893910885295	5.529185350407002E-4	14.367424996390032	-74.34049271422641
133000	-3495.6736265595773	-3429.9363416633837	-65.73728489619346	-3429.9363416633837	47.95677977298196	181.54144081312992	0.7857127180293341	0.13543543002217656	2.5016786865835288	0.36288588339430183	0.13543543002217656	2.5016786865835288	0.36288588339430183	0.23459517533123495	4.550641386453731E-4	8.355050342208393E-9	0.19598378260290975	4.928037121073857E-4	13.915735635897063	-74.80236412736028
134000	-3495.1442749275625	-3420.6065987989987	-74.537676128564	-3420.6065987989987	45.22667245969869	188.20853108507373	0.7857127180293341	0.13543543002217656	2.5016786865835288	0.36288588339430183	0.13543543002217656	2.5016786865835288	0.36288588339430183	0.2383952299782023	5.922057434740868E-4	1.9632022578459678E-8	0.2344847245353834	6.2075991591599E-4	16.126699310323286	-78.0147243134595
135000	-3505.7246377183833	-3433.4618466254688	-72.26279109291475	-3433.4618466254688	45.758138415707606	201.48875582103358	0.7857127180293341	0.13543543002217656	2.5016786865835288	0.36288588339430183	0.13543543002217656	2.5016786865835288	0.36288588339430183	0.16800077436378952	5.05765509875984E-4	9.792317057734943E-9	0.19305915454637387	5.165449689972563E-4	16.580567791791033	-80.16104300082552
136000	-3532.28733698724	-3430.837842701812	-101.4494942854281	-3430.837842701812	33.11191817798202	159.93948672513017	0.7857127180293341	0.13543543002217656	2.5016786865835288	0.36288588339430183	0.13543543002217656	2.5016786865835288	0.36288588339430183	0.3964416837746764	5.736603590166801E-4	5.755166581555237E-8	0.42463230775931543	5.864674151912482E-4	20.515686235561144	-75.24661391864272
137000	-3541.4196746202288	-3436.037482793312	-105.38219182691671	-3436.037482793312	32.56093299200365	160.83008158950634	0.7857127180293341	0.13543543002217656	2.5016786865835288	0.36288588339430183	0.13543543002217656	2.5016786865835288	0.36288588339430183	0.5430763932759927	7.261499213282332E-4	1.297627426834214E-7	0.48312237823733795	7.375160014706821E-4	12.062270828666295	-77.78621400717665
138000	-3520.51564242007	-3423.426516032532	-97.08912638753772	-3423.426516032532	48.58176402274974	208.9730475718696	0.7857127180293341	0.13543543002217656	2.5016786865835288	0.36288588339430183	0.13543543002217656	2.5016786865835288	0.36288588339430183	0.3888142468434032	5.59511360447118E-4	4.336538869832861E-8	0.3667487155265658	5.642101978311626E-4	18.755064450128625	-80.01321640928445
139000	-3450.4632363459755	-3428.412635455138	-22.050600890837238	-3428.412635455138	56.39126142052402	238.6159077223876	0.7857127180293341	0.13543543002217656	2.5016786865835288	0.36288588339430183	0.13543543002217656	2.5016786865835288	0.36288588339430183	0.03184535868514755	5.199222675722636E-4	4.038656579041289E-10	0.03915734133500484	5.131694544415903E-4	22.535952946293303	-82.21032538518435
140000	-3426.3887070466026	-3433.745228521946	7.356521475343469	-3433.745228521946	41.24594422718738	185.24559424103091	0.7857127180293341	0.2483674385824851	2.5016786865835288	0.24995387483399328	0.2483674385824851	2.5016786865835288	0.24995387483399328	0.023442383854575956	5.403459675478058E-4	1.4193720772586838E-10	0.02198848178726314	5.433491084492378E-4	14.023342285959034	-78.98489659532424
141000	-3442.339078677405	-3430.3660899456	-11.972988731804843	-3430.3660899456	60.65849944770271	251.74127295689394	0.7857127180293341	0.2483674385824851	2.5016786865835288	0.24995387483399328	0.2483674385824851	2.5016786865835288	0.24995387483399328	0.037388645436625165	3.9840486141408344E-4	1.456145190754474E-10	0.030388415570804943	3.998992352938648E-4	23.080237063027443	-82.53292728858347
142000	-3463.2459276219847	-3434.939963731275	-28.305963890709748	-3434.939963731275	39.67985773558441	204.25474222428542	0.7857127180293341	0.2483674385824851	2.5016786865835288	0.24995387483399328	0.2483674385824851	2.5016786865835288	0.24995387483399328	0.05387276251128488	4.1757129312242904E-4	4.665914340634689E-10	0.05208661933095319	4.1417405189168296E-4	17.546667156047558	-84.07734074342991
143000	-3502.6923043547063	-3442.747983048917	-59.94432130578946	-3442.747983048917	44.98683177260792	238.60017233040855	0.7857127180293341	0.2483674385824851	2.5016786865835288	0.24995387483399328	0.2483674385824851	2.5016786865835288	0.24995387483399328	0.11891851169812064	4.1788638357597514E-4	2.110438739527859E-9	0.10994030272124708	4.129737539130528E-4	21.92848684710115	-86.32195492626934
144000	-3527.2883971996425	-3424.4928396469513	-102.79555755269116	-3424.4928396469513	54.222120962705326	242.99660279241755	0.7857127180293341	0.2483674385824851	2.340026147095616	0.4116064143219059	0.2483674385824851	2.340026147095616	0.4116064143219059	0.28803376920641865	4.1780593932370187E-4	1.3878554799132246E-8	0.3112996022026193	3.437627542391526E-4	16.918172727110743	-88.36384041273612
145000	-3536.699653042081	-3438.9424819472347	-97.7571710948462	-3438.9424819472347	49.94180326523326	191.6109412110834	0.7857127180293341	0.2483674385824851	2.340026147095616	0.4116064143219059	0.2483674385824851	2.340026147095616	0.4116064143219059	0.46593423199934286	4.2981116451188463E-4	3.7726883522453075E-8	0.4153550828031685	4.36283240577585E-4	15.047292085992572	-77.57689918063043
146000	-3518.010510762352	-3426.012024088487	-91.99848667386516	-3426.012024088487	55.73653040538606	247.46232325377468	0.7857127180293341	0.2483674385824851	2.340026147095616	0.4116064143219059	0.2483674385824851	2.340026147095616	0.4116064143219059	0.2737419414265763	3.857626808341153E-4	1.3269039930089652E-8	0.29511150509231227	3.872030898215563E-4	19.745546498002902	-86.6266824755484
147000	-3503.8555568533493	-3429.989001474719	-73.8665553786305	-3429.989001474719	48.98786531279626	215.48983775177868	0.7857127180293341	0.2483674385824851	2.340026147095616	0.4116064143219059	0.2483674385824851	2.340026147095616	0.4116064143219059	0.21400412942549613	4.880139157900922E-4	9.616309882155886E-9	0.2008573683099845	4.943999462507587E-4	21.99054581429988	-80.18582479095829
148000	-3490.749242975925	-3425.9840232091296	-64.76521976679534	-3425.9840232091296	56.05005215334119	234.10431027037228	0.7857127180293341	0.2483674385824851	2.340026147095616	0.4116064143219059	0.2483674385824851	2.340026147095616	0.4116064143219059	0.12194202575984188	4.3067876362407016E-4	3.2631664401559784E-9	0.13488105591159294	4.1583945807646596E-4	21.612017512894212	-81.76588195921016
149000	-3516.6334931106826	-3427.1665838791837	-89.4669092314988	-3427.1665838791837	43.8063081151832	214.44501603365657	0.7857127180293341	0.2483674385824851	2.340026147095616	0.4116064143219059	0.2483674385824851	2.340026147095616	0.4116064143219059	0.2988609987980939	4.7746694591397373E-4	1.941254742223947E-8	0.2760236233458938	4.914118277217563E-4	19.964068445889573	-81.51022980410018
150000	-3509.110203967279	-3431.40520520447	-77.70499876280914	-3431.40520520447	44.006267593395854	209.3668513383553	0.7857127180293341	0.109541872807052	2.340026147095616	0.5504319800973391	0.109541872807052	2.340026147095616	0.5504319800973391	0.21610301151530276	5.115021098137229E-4	1.3014156378744946E-8	0.2237675000401435	5.060025530465877E-4	20.17143577859924	-81.34094871426755
151000	-3488.2761736666707	-3428.7588650011944	-59.51730866547646	-3428.7588650011944	60.54453449090035	248.6009923985857	0.7857127180293341	0.109541872807052	2.340026147095616	0.5504319800973391	0.109541872807052	2.340026147095616	0.5504319800973391	0.12407832060755182	3.3104685207371127E-4	1.8408274948351796E-9	0.12735871017895686	3.395720488473287E-4	23.765701094193407	-82.2446934264369
152000	-3496.618575747147	-3427.1920468880926	-69.42652885905466	-3427.1920468880926	47.44898787017339	205.01714970468853	0.7857127180293341	0.28030615111302265	2.340026147095616	0.37966770179136844	0.28030615111302265	2.340026147095616	0.37966770179136844	0.17599236172737515	4.354523157140037E-4	6.912138943749917E-9	0.18677419991023184	4.4860012786879493E-4	24.422035318817716	-78.31083469602858
153000	-3494.771435112212	-3429.8364830187447	-64.93495209346725	-3429.8364830187447	48.006735472570526	224.97410523779237	0.7857127180293341	0.28030615111302265	2.340026147095616	0.37966770179136844	0.28030615111302265	2.340026147095616	0.37966770179136844	0.13605543225154312	4.3356283219597426E-4	3.6855043141674043E-9	0.13635376705449376	4.4361690793348006E-4	13.537866973958142	-87.11709440631827
154000	-3510.3014843916444	-3441.7033266880458	-68.59815770359879	-3441.7033266880458	51.72685655554796	186.61003570779792	0.7857127180293341	0.28030615111302265	2.340026147095616	0.37966770179136844	0.28030615111302265	2.340026147095616	0.37966770179136844	0.23978924826266346	4.1656076853651964E-4	7.060793519717735E-9	0.19386098515795636	4.3589178767365876E-4	19.074014756337537	-73.91376078898308
155000	-3492.852543464339	-3434.2325387636565	-58.620004700682316	-3434.2325387636565	49.453120195397474	187.59016364060022	0.7857127180293341	0.1755702709952886	2.340026147095616	0.4844035819091025	0.1755702709952886	2.340026147095616	0.4844035819091025	0.15324322810228966	4.98481653714034E-4	6.599181652013595E-9	0.16069819624356543	5.010577488597193E-4	15.064620584720886	-74.81589637783374
156000	-3510.1453675804105	-3431.608792777002	-78.53657480340861	-3431.608792777002	45.104215244059226	177.69237333601657	0.7857127180293341	0.1755702709952886	2.4523286585118327	0.37210107049288593	0.1755702709952886	2.4523286585118327	0.37210107049288593	0.3234215130662774	5.346268384355646E-4	2.4720720690581912E-8	0.28181737715882843	5.752459800878114E-4	14.298704594611609	-74.78667690287665
157000	-3530.114572606248	-3423.827267718191	-106.28730488805749	-3423.827267718191	43.060671800174475	212.3442182170772	0.7857127180293341	0.06012352342570543	2.4523286585118327	0.4875478180624691	0.06012352342570543	2.4523286585118327	0.4875478180624691	0.5211722479106702	5.638901214858684E-4	9.770574678008432E-8	0.49558409083685306	6.585301680352189E-4	21.1282986653074	-80.29228834062268
158000	-3515.343202593169	-3418.700735463573	-96.64246712959593	-3418.700735463573	44.79883873035594	186.04910834609217	0.7857127180293341	0.06012352342570543	2.580861900668659	0.3590145759056429	0.06012352342570543	2.580861900668659	0.3590145759056429	0.4371121550119807	5.5698166162876E-4	1.043749496495064E-7	0.5008058472778119	6.320525848404312E-4	13.642159510100655	-76.91810423057007
159000	-3513.0498499118075	-3427.1536095716947	-85.89624034011271	-3427.1536095716947	33.462005753490175	136.32236596823054	0.7857127180293341	0.06012352342570543	2.580861900668659	0.3590145759056429	0.06012352342570543	2.580861900668659	0.3590145759056429	0.3092387247328373	7.070312833048175E-4	9.16938579264312E-8	0.42232266874395313	6.831540882416586E-4	11.37312221968567	-71.01369121329445
160000	-3518.3833665455786	-3429.357666928195	-89.02569961738322	-3429.357666928195	27.584320430976696	147.146658638908	0.7857127180293341	0.17148145043350926	2.580861900668659	0.24765664889783906	0.17148145043350926	2.580861900668659	0.24765664889783906	0.3994674627915138	6.390217246949444E-4	5.758278412492168E-8	0.4143884702296399	6.141118577916552E-4	16.148433106630346	-74.51386296010084
161000	-3526.4107739730453	-3422.809093443218	-103.60168052982746	-3422.809093443218	28.29455959394307	148.5984078050708	0.7857127180293341	0.17148145043350926	2.580861900668659	0.24765664889783906	0.17148145043350926	2.580861900668659	0.24765664889783906	0.5418638631206868	5.702397119051873E-4	7.545210478142895E-8	0.5586221375452262	5.141750614208909E-4	21.86190729405885	-75.04319936433279
162000	-3546.5688610255506	-3440.8497441452314	-105.71911688031926	-3440.8497441452314	25.31012224242062	134.6754931031153	0.7857127180293341	0.17148145043350926	2.580861900668659	0.24765664889783906	0.17148145043350926	2.580861900668659	0.24765664889783906	0.5553658225790049	5.023781574131231E-4	8.198067790078836E-8	0.5662267805698896	5.02712613878363E-4	14.81203878365291	-73.9527211231623
163000	-3530.3838575671657	-3440.9781941621713	-89.40566340499423	-3440.9781941621713	43.69269390482511	194.28925273293723	0.7857127180293341	0.17148145043350926	2.580861900668659	0.24765664889783906	0.17148145043350926	2.580861900668659	0.24765664889783906	0.2856804495487904	5.199588551433804E-4	2.496231691192498E-8	0.30651829996353247	4.7116665853946864E-4	15.458504925552338	-79.49820160888632
164000	-3518.4867349485608	-3432.7119306895565	-85.7748042590043	-3432.7119306895565	46.69834419657668	209.59493176841278	0.7857127180293341	0.17148145043350926	2.580861900668659	0.24765664889783906	0.17148145043350926	2.580861900668659	0.24765664889783906	0.2142579167144992	5.951643919335493E-4	1.7447389478898117E-8	0.22556125693751602	5.305840954576296E-4	16.39912336368116	-82.13137670616786
165000	-3493.897645294711	-3425.898052758149	-67.99959253656192	-3425.898052758149	36.734013982513346	209.2730625942554	0.7857127180293341	0.17148145043350926	2.4391691076135973	0.3893494419529006	0.17148145043350926	2.4391691076135973	0.3893494419529006	0.1758606313048159	4.7817953038964005E-4	5.153361794051889E-9	0.15020391134266645	4.8494741658080046E-4	16.39912336368116	-86.16335026982794
166000	-3524.4240255681207	-3440.8391518712374	-83.58487369688343	-3440.8391518712374	38.77856327782146	173.59249220440552	0.7857127180293341	0.072298250808873	2.4391691076135973	0.48853264157753684	0.072298250808873	2.4391691076135973	0.48853264157753684	0.26191671520950305	6.573583399491067E-4	3.3540942920326335E-8	0.3125543435621804	5.908111350047518E-4	18.828986841455638	-75.6025198229661
167000	-3505.545990030555	-3437.875951863513	-67.67003816704222	-3437.875951863513	45.256207077748634	194.19998171548005	0.7857127180293341	0.072298250808873	2.4391691076135973	0.48853264157753684	0.072298250808873	2.4391691076135973	0.48853264157753684	0.16639766081154922	4.2261150269327593E-4	6.033242824912177E-9	0.18352736722691185	4.3083800035452767E-4	13.61054981156814	-79.47827119910369
168000	-3498.234761392718	-3427.7086049706595	-70.52615642205875	-3427.7086049706595	46.94786993422117	211.71017419886562	0.7857127180293341	0.072298250808873	2.4391691076135973	0.48853264157753684	0.072298250808873	2.4391691076135973	0.48853264157753684	0.2217003329588549	4.3326494707163215E-4	7.61126908942005E-9	0.18902664812160708	5.053454025324221E-4	18.991502653956783	-81.01103076042487
169000	-3492.8535291334824	-3432.4761912873723	-60.37733784611011	-3432.4761912873723	51.53999829436586	210.18759601032016	0.7857127180293341	0.072298250808873	2.4391691076135973	0.48853264157753684	0.072298250808873	2.4391691076135973	0.48853264157753684	0.12537032037152	4.747984164042972E-4	5.203109849605801E-9	0.14653967301688847	4.8408151332658743E-4	12.533110230218247	-81.48593123121935
170000	-3497.0037997740283	-3424.379437985578	-72.62436178845027	-3424.379437985578	55.16117986524238	238.20627430676117	0.7857127180293341	0.072298250808873	2.5786853845876654	0.34901636460346874	0.072298250808873	2.5786853845876654	0.34901636460346874	0.15680484722553714	4.2384012417230745E-4	5.182335998233871E-9	0.16967633405843535	4.31376373153581E-4	22.5598553911912	-83.57446463980641
171000	-3493.6109947873592	-3427.499651407475	-66.11134337988406	-3427.499651407475	47.54107232766362	207.90220784005243	0.7857127180293341	0.072298250808873	2.5786853845876654	0.34901636460346874	0.072298250808873	2.5786853845876654	0.34901636460346874	0.15625310419858193	4.5899492315392386E-4	5.587774710875183E-9	0.15789245420693693	4.590738445478365E-4	17.495537034152633	-79.39072003771011
172000	-3503.1005338518507	-3424.6427036731993	-78.4578301786516	-3424.6427036731993	30.274484674295735	168.22744841096602	0.7857127180293341	0.072298250808873	2.5786853845876654	0.34901636460346874	0.072298250808873	2.5786853845876654	0.34901636460346874	0.26221794756222805	6.43518801862981E-4	1.99507578157508E-8	0.24059414988799746	5.906752020172984E-4	20.717487471761395	-78.63332845692445
173000	-3526.6819490236826	-3443.8137648508177	-82.86818417286464	-3443.8137648508177	24.7258281508522	133.11277042931735	0.7857127180293341	0.072298250808873	2.5786853845876654	0.34901636460346874	0.072298250808873	2.5786853845876654	0.34901636460346874	0.25570061460543536	7.651115710029718E-4	3.8596452276361237E-8	0.283995056749317	6.256342762751394E-4	16.680185344876406	-73.20411459690058
174000	-3515.4121578259187	-3435.129476276704	-80.28268154921498	-3435.129476276704	36.35734346543377	173.4637796004275	0.7857127180293341	0.072298250808873	2.5786853845876654	0.34901636460346874	0.072298250808873	2.5786853845876654	0.34901636460346874	0.23699907660924935	6.076830247994494E-4	2.3931236464199225E-8	0.2630969443732257	5.576887645512989E-4	16.90207534801878	-76.7606201204955
175000	-3496.7422219078153	-3432.5871088283934	-64.15511307942194	-3432.5871088283934	26.370376660603664	136.77538376993908	0.7857127180293341	0.072298250808873	2.5786853845876654	0.34901636460346874	0.072298250808873	2.5786853845876654	0.34901636460346874	0.2323368957389309	7.455036727631485E-4	1.7143628433525496E-8	0.18358437705028416	6.886169889578071E-4	14.958190014894218	-73.11390340053424
176000	-3525.18519122935	-3422.8719279586066	-102.31326327074328	-3422.8719279586066	50.56154311017109	243.71091830150272	0.7857127180293341	0.072298250808873	2.5786853845876654	0.34901636460346874	0.072298250808873	2.5786853845876654	0.34901636460346874	0.41238070084362394	3.636258697050418E-4	1.9764308197803617E-8	0.3880917903957007	3.624879073787484E-4	21.298314812778813	-84.50779097788555
177000	-3531.6685372116617	-3428.1133161358985	-103.55522107576309	-3428.1133161358985	36.31828868098406	193.68446290410827	0.7857127180293341	0.14698189098076803	2.5040017444157705	0.34901636460346874	0.14698189098076803	2.5040017444157705	0.34901636460346874	0.30779341745035804	5.561427457837805E-4	5.022716270018253E-8	0.41194022158357774	4.888174770331152E-4	18.064358134814817	-82.08401910617694
178000	-3514.228965799608	-3424.0687599305056	-90.16020586910227	-3424.0687599305056	29.756941977271232	157.07241155475114	0.7857127180293341	0.14698189098076803	2.3271101388799473	0.5259079701392917	0.14698189098076803	2.3271101388799473	0.5259079701392917	0.40833455262945195	5.926864842958167E-4	5.523913446772279E-8	0.41381848941690175	6.276616375003439E-4	14.821308358700774	-76.51587692141662
179000	-3515.708083945212	-3422.1464513203155	-93.56163262489662	-3422.1464513203155	54.40546449548357	244.5673592421034	0.7857127180293341	0.14698189098076803	2.3271101388799473	0.5259079701392917	0.14698189098076803	2.3271101388799473	0.5259079701392917	0.3245696799427215	3.932753874193507E-4	9.939778288534592E-9	0.2512810988503568	3.7991789639548325E-4	17.892869294530783	-86.45841044819818
180000	-3513.7733383150176	-3430.170865591242	-83.60247272377535	-3430.170865591242	29.86955686300602	145.0966744153934	0.7857127180293341	0.14698189098076803	2.3271101388799473	0.5259079701392917	0.14698189098076803	2.3271101388799473	0.5259079701392917	0.3013062284936988	5.80880820826815E-4	3.0377014663658135E-8	0.3273696970078523	5.322238749973313E-4	19.720794669500442	-73.65704111700428
181000	-3523.916296342807	-3419.977457950462	-103.93883839234519	-3419.977457950462	31.977787633909372	167.95573354510412	0.7857127180293341	0.10379280143427438	2.5639586456098797	0.3322485529558532	0.10379280143427438	2.5639586456098797	0.3322485529558532	0.38616661636128047	5.950748177441066E-4	8.006114550291499E-8	0.5392419664903177	5.308752433574148E-4	15.649604758295922	-78.71779169742378
182000	-3526.377991499571	-3430.970978183134	-95.4070133164375	-3430.970978183134	35.70237321198705	185.46542931317234	0.7857127180293341	0.10379280143427438	2.5639586456098797	0.3322485529558532	0.10379280143427438	2.5639586456098797	0.3322485529558532	0.323407445867285	4.992739419425393E-4	4.019720667694305E-8	0.45712710975955684	4.6854127992002997E-4	18.48924889789148	-79.3113782183872
183000	-3524.382724047369	-3430.8449387053824	-93.53778534198632	-3430.8449387053824	36.51278545782552	176.2725223406815	0.7857127180293341	0.10379280143427438	2.5639586456098797	0.3322485529558532	0.10379280143427438	2.5639586456098797	0.3322485529558532	0.4077785711781183	5.413702713233568E-4	4.2643514526477966E-8	0.3624552940139414	5.65115658694824E-4	17.893828809086667	-77.61854275167124
184000	-3522.972436305109	-3437.9059585701857	-85.06647773492341	-3437.9059585701857	32.40917144349723	165.32804244826568	0.7857127180293341	0.10379280143427438	2.5639586456098797	0.3322485529558532	0.10379280143427438	2.5639586456098797	0.3322485529558532	0.3406189461832822	6.775553637873259E-4	3.918468825625508E-8	0.29068933155817234	6.695124765485375E-4	14.397296095722686	-77.473135381604
185000	-3494.0741398557348	-3424.5975144727918	-69.47662538294318	-3424.5975144727918	34.470917339432496	169.81323134917517	0.7857127180293341	0.10379280143427438	2.5639586456098797	0.3322485529558532	0.10379280143427438	2.5639586456098797	0.3322485529558532	0.23369111140635515	4.914051043669787E-4	7.794122547151331E-9	0.18738101757517908	4.774106697249777E-4	20.022395621479763	-76.61731742004643
186000	-3520.1159659648656	-3435.7876852860218	-84.32828067884367	-3435.7876852860218	61.54135790772866	221.3041566145754	0.7857127180293341	0.10379280143427438	2.5639586456098797	0.3322485529558532	0.10379280143427438	2.5639586456098797	0.3322485529558532	0.2731211036492374	4.956926770786426E-4	1.7768154315831915E-8	0.24270886150414064	5.489414879622164E-4	28.365310491543937	-78.33866176160133
187000	-3529.6511875654223	-3428.925692925342	-100.72549464008017	-3428.925692925342	36.25189715050185	160.40237884713264	0.7857127180293341	0.10379280143427438	2.5639586456098797	0.3322485529558532	0.10379280143427438	2.5639586456098797	0.3322485529558532	0.4243007284266864	5.635716264170192E-4	5.822420428841996E-8	0.43271424549388854	4.983474065627961E-4	13.338864144762143	-75.49445323347854
188000	-3516.243107031849	-3426.085009912587	-90.15809711926218	-3426.085009912587	33.4290582128951	184.1422391442479	0.7857127180293341	0.10379280143427438	2.5639586456098797	0.3322485529558532	0.10379280143427438	2.5639586456098797	0.3322485529558532	0.27212355020927714	5.223536370291761E-4	2.0791277021829054E-8	0.2887800594443876	4.893239629352208E-4	15.143044727203966	-83.10462884882274
189000	-3498.6557421224106	-3429.05235431252	-69.60338780989068	-3429.05235431252	43.082236328402516	196.8431725690091	0.7857127180293341	0.10379280143427438	2.5639586456098797	0.3322485529558532	0.10379280143427438	2.5639586456098797	0.3322485529558532	0.1887977218739676	4.1464298258749103E-4	5.3097826475874585E-9	0.17835053268170656	4.078004378195304E-4	16.13483862260618	-79.67112625074957
190000	-3501.4266858146534	-3422.686749779521	-78.73993603513232	-3422.686749779521	38.78331676194244	204.29654930080193	0.7857127180293341	0.10379280143427438	2.5639586456098797	0.3322485529558532	0.10379280143427438	2.5639586456098797	0.3322485529558532	0.2331307593786132	4.674273322017725E-4	9.0418014105464E-9	0.21420437377504237	4.657392683608566E-4	22.51947131504632	-81.86212489703044
191000	-3525.846579813997	-3425.1910661586953	-100.65551365530152	-3425.1910661586953	61.67466398683777	265.7966827958843	0.7857127180293341	0.10379280143427438	2.5639586456098797	0.3322485529558532	0.10379280143427438	2.5639586456098797	0.3322485529558532	0.4138093461839363	3.711458026683628E-4	2.3493212956035465E-8	0.38197298585491757	4.251461309625539E-4	23.47889788832083	-85.21050957134582
192000	-3543.5602910767648	-3443.0338939532776	-100.52639712348697	-3443.0338939532776	51.032075734333766	242.09177790231286	0.7857127180293341	0.10379280143427438	2.5639586456098797	0.3322485529558532	0.10379280143427438	2.5639586456098797	0.3322485529558532	0.3308970914780444	5.206030533258502E-4	3.301695343248426E-8	0.34888692666243387	5.2718023384703E-4	16.60895393550926	-87.85773949770474
193000	-3511.370002877099	-3427.1602518729965	-84.20975100410257	-3427.1602518729965	62.793311132510276	259.248899666104	0.7857127180293341	0.10379280143427438	2.4114081771758995	0.48479902138983333	0.10379280143427438	2.4114081771758995	0.48479902138983333	0.25631766324763233	4.2712673782433337E-4	9.245928831208073E-9	0.23386609642960973	4.370513217168449E-4	18.70404873168467	-85.59055836290925
194000	-3447.274713169817	-3426.4496922419016	-20.825020927915183	-3426.4496922419016	37.88136511407904	194.03000173192447	0.7857127180293341	0.10379280143427438	2.4114081771758995	0.48479902138983333	0.10379280143427438	2.4114081771758995	0.48479902138983333	0.05086080712465226	5.179322728312044E-4	5.673789055357038E-10	0.04610277198207637	5.181368636503811E-4	16.168514182855876	-81.07661633245918
195000	-3489.9339312925595	-3443.7140540306505	-46.21987726190914	-3443.7140540306505	50.023597275925425	238.6918968903546	0.7857127180293341	0.10379280143427438	2.4114081771758995	0.48479902138983333	0.10379280143427438	2.4114081771758995	0.48479902138983333	0.07319328140353996	5.288035172080431E-4	1.7414701796528258E-9	0.08082722970840626	5.212303141310264E-4	16.1927648411512	-86.25674721045436
196000	-3479.8175644438575	-3438.593747205619	-41.22381723823858	-3438.593747205619	41.65121697813717	189.722628278105	0.7857127180293341	0.10379280143427438	2.4114081771758995	0.48479902138983333	0.10379280143427438	2.4114081771758995	0.48479902138983333	0.09082520975694952	5.209656472994821E-4	1.850702417822139E-9	0.08082786269362201	5.188758070363198E-4	15.82615904483567	-79.00831642806338
197000	-3490.1373133772386	-3424.1012579823746	-66.03605539486406	-3424.1012579823746	56.5025362179151	250.80297300649798	0.7857127180293341	0.10379280143427438	2.4114081771758995	0.48479902138983333	0.10379280143427438	2.4114081771758995	0.48479902138983333	0.1405178648028696	3.803953303140297E-4	3.1860921562734668E-9	0.15478708544775588	3.6591471692716375E-4	20.63913291020515	-85.52656980378899
198000	-3528.906704404921	-3432.4726361268167	-96.4340682781045	-3432.4726361268167	45.33310513234746	191.64536792229447	0.7857127180293341	0.10379280143427438	2.4114081771758995	0.48479902138983333	0.10379280143427438	2.4114081771758995	0.48479902138983333	0.42522101215689945	5.041581369409745E-4	2.764562794035835E-8	0.34888201729139506	4.403101757672263E-4	15.87305669900897	-78.0811610155506
199000	-3511.5811785876926	-3425.1804943873044	-86.40068420038834	-3425.1804943873044	44.257425572447964	192.86152958768642	0.7857127180293341	0.10379280143427438	2.56499756787246	0.3312096306932729	0.10379280143427438	2.56499756787246	0.3312096306932729	0.3142595104641558	4.8464074792228985E-4	2.2954874052057234E-8	0.3134767830247029	5.250819171092536E-4	15.514865805830205	-79.469058944645
200000	-3496.9410702264477	-3420.9280950754433	-76.01297515100423	-3420.9280950754433	47.53362092933728	214.916135020967	0.7857127180293341	0.10379280143427438	2.56499756787246	0.3312096306932729	0.10379280143427438	2.56499756787246	0.3312096306932729	0.2192460088317982	4.8755442145612614E-4	9.00857410315744E-9	0.18745673521946082	5.005353883383927E-4	25.970548691364463	-80.14348410065766
201000	-3501.0194427405913	-3428.988701406032	-72.03074133455941	-3428.988701406032	40.950251866255165	189.13971184737827	0.7857127180293341	0.10379280143427438	2.56499756787246	0.3312096306932729	0.10379280143427438	2.56499756787246	0.3312096306932729	0.18393877072201908	4.41384976279048E-4	7.728705048317644E-9	0.2072584485589835	4.21411598431897E-4	15.075499577992243	-80.21030993008839
202000	-3510.359111042492	-3427.2226900119804	-83.1364210305113	-3427.2226900119804	57.981132111057285	240.69540214391833	0.7857127180293341	0.10379280143427438	2.56499756787246	0.3312096306932729	0.10379280143427438	2.56499756787246	0.3312096306932729	0.19767835456483474	4.027201182893171E-4	7.646885266459795E-9	0.21726818602999912	3.986518759789186E-4	19.23274382952193	-83.86412997991516
203000	-3493.3820674181443	-3422.004183411425	-71.37788400671933	-3422.004183411425	45.471308178934315	207.62706558854947	0.7857127180293341	0.10379280143427438	2.56499756787246	0.3312096306932729	0.10379280143427438	2.56499756787246	0.3312096306932729	0.20393079331251499	4.227258113145236E-4	5.3680876294933815E-9	0.17746526187188633	4.0340679754906556E-4	21.44413029592232	-80.2434276739156
204000	-3494.50964583502	-3435.382318792084	-59.1273270429362	-3435.382318792084	77.44540939411861	266.14671216984175	0.7857127180293341	0.10379280143427438	2.56499756787246	0.3312096306932729	0.10379280143427438	2.56499756787246	0.3312096306932729	0.12493734784360745	4.2202774782528944E-4	3.3164836525885216E-9	0.1285885843704585	4.4939792536109686E-4	19.701195717896624	-80.65218559957641
205000	-3517.9241914889285	-3423.820651134362	-94.10354035456646	-3423.820651134362	56.47440823114249	252.00954966675755	0.7857127180293341	0.10379280143427438	2.56499756787246	0.3312096306932729	0.10379280143427438	2.56499756787246	0.3312096306932729	0.28248637903064144	3.783750403285033E-4	1.0924488359095349E-8	0.2887455409780007	3.512978310547E-4	18.623969984682883	-84.36529674501901
206000	-3520.278174668041	-3430.7344568259296	-89.5437178421116	-3430.7344568259296	54.92938792036495	220.09872949812348	0.7857127180293341	0.10379280143427438	2.56499756787246	0.3312096306932729	0.10379280143427438	2.56499756787246	0.3312096306932729	0.36475616085769547	4.11432627068205E-4	1.887075294242277E-8	0.33116667303070924	4.670994387684815E-4	19.95460690815696	-80.01654582938491
207000	-3515.704684975779	-3421.719682304256	-93.98500267152325	-3421.719682304256	38.795707738444705	163.19645146559708	0.7857127180293341	0.10379280143427438	2.56499756787246	0.3312096306932729	0.10379280143427438	2.56499756787246	0.3312096306932729	0.41146602917587294	5.863792861506465E-4	7.515825899051942E-8	0.46508013264459774	6.215206412012206E-4	15.534032024548864	-74.26390772129656
208000	-3516.867996019679	-3423.5212743973443	-93.34672162233481	-3423.5212743973443	39.598691897693	188.50175006725505	0.7857127180293341	0.10379280143427438	2.56499756787246	0.3312096306932729	0.10379280143427438	2.56499756787246	0.3312096306932729	0.3427908844557948	6.090355899377958E-4	4.405763493908137E-8	0.36557790085849357	5.831953682729983E-4	20.146222653705053	-79.1099618443546
209000	-3525.8710477656664	-3416.590762514918	-109.28028525074835	-3416.590762514918	33.600164736452555	157.00980732378747	0.7857127180293341	0.10379280143427438	2.56499756787246	0.3312096306932729	0.10379280143427438	2.56499756787246	0.3312096306932729	0.6607736175952322	6.273969119044585E-4	1.7125590304312695E-7	0.7190606852253926	5.497295460660431E-4	15.961205484838564	-74.09123542211069
210000	-3515.4062455936332	-3417.456250520357	-97.94999507327617	-3417.456250520357	25.70312178518814	117.59374262449244	0.7857127180293341	0.10379280143427438	2.56499756787246	0.3312096306932729	0.10379280143427438	2.56499756787246	0.3312096306932729	0.5234705510215685	8.602447064488162E-4	2.630015442753769E-7	0.6487508293636199	7.678091573059055E-4	15.40093794918823	-68.7236666815819
211000	-3529.1429021191684	-3432.082779543237	-97.06012257593132	-3432.082779543237	32.943044805225675	154.301578700979	0.7857127180293341	0.10379280143427438	2.56499756787246	0.3312096306932729	0.10379280143427438	2.56499756787246	0.3312096306932729	0.5652321023545032	5.680656064442791E-4	1.0554818371513556E-7	0.5247711269371105	6.660337072495304E-4	13.296387249971025	-74.05074744180105
212000	-3513.4280664888815	-3426.1206362174403	-87.30743027144138	-3426.1206362174403	31.912153255866627	162.46082427955065	0.7857127180293341	0.10379280143427438	2.56499756787246	0.3312096306932729	0.10379280143427438	2.56499756787246	0.3312096306932729	0.32589221758808157	7.040609470468943E-4	5.2791548086897225E-8	0.3495184384087275	6.428842039735443E-4	13.17489934067976	-77.1417273415879
213000	-3523.300328164754	-3445.3749128118097	-77.92541535294414	-3445.3749128118097	43.54662827053556	182.66847950266165	0.7857127180293341	0.10379280143427438	2.56499756787246	0.3312096306932729	0.10379280143427438	2.56499756787246	0.3312096306932729	0.2736235499811273	6.799293288248142E-4	2.1177785681647872E-8	0.23210295969054323	6.115220809245708E-4	12.738993737341875	-78.8054436132076
214000	-3518.462408081066	-3431.812547587198	-86.64986049386772	-3431.812547587198	39.625042069101106	174.26800044691484	0.7857127180293341	0.10379280143427438	2.56499756787246	0.3312096306932729	0.10379280143427438	2.56499756787246	0.3312096306932729	0.2956036379909853	5.838287558627766E-4	3.728513378101609E-8	0.3304756109878542	5.669909238688892E-4	19.141792464339506	-76.63763792827605
215000	-3458.792725900617	-3426.3176989174285	-32.475026983188506	-3426.3176989174285	52.60866368975006	225.46568626680525	0.7857127180293341	0.10379280143427438	2.56499756787246	0.3312096306932729	0.10379280143427438	2.56499756787246	0.3312096306932729	0.06747973773692084	4.3796311433445145E-4	7.358670621463884E-10	0.0607661324123631	4.4281380577967304E-4	20.978678277696723	-80.77041698885806
216000	-3479.427548414074	-3425.2139438574773	-54.21360455659647	-3425.2139438574773	39.53136871320141	181.81864140635207	0.7857127180293341	0.10379280143427438	2.56499756787246	0.3312096306932729	0.10379280143427438	2.56499756787246	0.3312096306932729	0.1261203565507284	5.341597967923493E-4	4.718568751153106E-9	0.12556294226505785	5.423138531516375E-4	13.70356160200722	-80.54905494099663
217000	-3493.157021101337	-3436.5943868258955	-56.562634275441475	-3436.5943868258955	30.350787037027747	151.8229989205165	0.7857127180293341	0.10379280143427438	2.56499756787246	0.3312096306932729	0.10379280143427438	2.56499756787246	0.3312096306932729	0.1458521207189543	7.114267383948085E-4	1.2026387146079236E-8	0.1520303400208249	7.271171770808101E-4	14.10309626795061	-75.23948896874752
218000	-3492.763709890917	-3436.8897247834334	-55.87398510748371	-3436.8897247834334	39.04107051611208	158.85711146072975	0.7857127180293341	0.10379280143427438	2.56499756787246	0.3312096306932729	0.10379280143427438	2.56499756787246	0.3312096306932729	0.1580431387490446	6.302907753019555E-4	1.1228277865416517E-8	0.15752237216275541	6.891359615565154E-4	12.573349162989135	-74.01780038826065
219000	-3495.0517953957633	-3433.7832559385342	-61.268539457228826	-3433.7832559385342	38.88655825327449	173.65299458083837	0.7857127180293341	0.10379280143427438	2.56499756787246	0.3312096306932729	0.10379280143427438	2.56499756787246	0.3312096306932729	0.15447452151825658	6.820089236457144E-4	1.3476854150187133E-8	0.16176468594720655	7.077636774854735E-4	14.11441389299291	-77.62078581623209
220000	-3514.854760065326	-3422.5741382185715	-92.28062184675434	-3422.5741382185715	29.253291490264665	134.97575594377153	0.7857127180293341	0.10379280143427438	2.56499756787246	0.3312096306932729	0.10379280143427438	2.56499756787246	0.3312096306932729	0.49236728594027745	6.916803801437346E-4	6.491421165158812E-8	0.4184104856980044	5.985563707118212E-4	15.650685100956117	-71.35466655891916
221000	-3513.176903871726	-3432.630697425038	-80.5462064466885	-3432.630697425038	30.80742745393672	142.44335156946667	0.7857127180293341	0.10379280143427438	2.56499756787246	0.3312096306932729	0.10379280143427438	2.56499756787246	0.3312096306932729	0.3202215143812045	5.826138966528041E-4	2.636604893007746E-8	0.3158882965191907	5.047037231926707E-4	12.978034601398834	-73.60667489266746
222000	-3492.5091652034967	-3437.102919387607	-55.406245815889854	-3437.102919387607	38.50937430654156	199.99894491497642	0.7857127180293341	0.10379280143427438	2.56499756787246	0.3312096306932729	0.10379280143427438	2.56499756787246	0.3312096306932729	0.10666044935672046	5.800149537462456E-4	4.75794818825653E-9	0.11405490293545704	6.162542625422215E-4	13.218542466026005	-83.8906984364737
223000	-3503.5747751322724	-3433.4435451071586	-70.13123002511364	-3433.4435451071586	54.53228148563493	239.04017329940336	0.7857127180293341	0.10379280143427438	2.56499756787246	0.3312096306932729	0.10379280143427438	2.56499756787246	0.3312096306932729	0.1261503225898301	5.169531749855624E-4	6.191659251038163E-9	0.14729212280700923	5.199952154719465E-4	20.934175275336102	-84.37218774103083
224000	-3526.8558694132835	-3429.714624407756	-97.14124500552714	-3429.714624407756	50.31536389146547	221.43693080695894	0.7857127180293341	0.10379280143427438	2.56499756787246	0.3312096306932729	0.10379280143427438	2.56499756787246	0.3312096306932729	0.42018781412301176	4.3628141689204184E-4	1.864469486013533E-8	0.32073419957844934	4.172065584642261E-4	22.161231776070576	-81.61840052798368
225000	-3542.415220405329	-3438.241040909579	-104.17417949574987	-3438.241040909579	40.895829893756336	169.83605427405533	0.7857127180293341	0.10379280143427438	2.417070268112949	0.47913693045278394	0.10379280143427438	2.417070268112949	0.47913693045278394	0.45146186980241537	5.476896778476676E-4	8.337568079534751E-8	0.4972362977337785	4.937961079478766E-4	17.725502978810294	-73.88768780275394
226000	-3520.3300287235948	-3429.8243529499496	-90.50567577364535	-3429.8243529499496	41.038382787450246	186.5132824579559	0.7857127180293341	0.10379280143427438	2.417070268112949	0.47913693045278394	0.10379280143427438	2.417070268112949	0.47913693045278394	0.39053700528167046	6.36721426682203E-4	4.516074383413563E-8	0.3502908340637317	6.642008514141851E-4	15.593802392486044	-79.45878616414855
227000	-3501.8590353928817	-3436.3584022262285	-65.5006331666533	-3436.3584022262285	39.264289200757595	196.62190713696373	0.7857127180293341	0.10379280143427438	2.417070268112949	0.47913693045278394	0.10379280143427438	2.417070268112949	0.47913693045278394	0.19898585559126153	5.651592039674028E-4	7.277919415452008E-9	0.1541514753906662	5.68761977389729E-4	20.19427227449625	-80.03175098495329
228000	-3508.395269149027	-3437.8561672315723	-70.53910191745503	-3437.8561672315723	61.090297832140955	246.96083920774652	0.7857127180293341	0.10379280143427438	2.417070268112949	0.47913693045278394	0.10379280143427438	2.417070268112949	0.47913693045278394	0.18892945334366576	3.714119854417358E-4	4.542403454588006E-9	0.17202341792398723	4.042209570518956E-4	17.35236287135558	-83.31750045394746
229000	-3492.9068643344426	-3432.8644730264123	-60.0423913080304	-3432.8644730264123	39.20516897617286	180.9928587259131	0.7857127180293341	0.10379280143427438	2.417070268112949	0.47913693045278394	0.10379280143427438	2.417070268112949	0.47913693045278394	0.146656936174403	4.7477819296167656E-4	5.5703372079327005E-9	0.15416359886407044	4.893339157241705E-4	13.721986887536756	-78.19564995062173
230000	-3493.2203098566365	-3430.4833475977243	-62.73696225891227	-3430.4833475977243	53.0523057648988	229.29525501389085	0.7857127180293341	0.10379280143427438	2.417070268112949	0.47913693045278394	0.10379280143427438	2.417070268112949	0.47913693045278394	0.13449171423706474	4.039920282961995E-4	3.1970078329390533E-9	0.14001807057848728	4.0142629947571737E-4	17.69930026346454	-83.08608327900583
231000	-3495.0931608317524	-3431.0472460063033	-64.04591482544899	-3431.0472460063033	58.49846068589339	235.98028332115803	0.7857127180293341	0.10379280143427438	2.417070268112949	0.47913693045278394	0.10379280143427438	2.417070268112949	0.47913693045278394	0.15807711231692093	3.6303776450912015E-4	2.3433006218014615E-9	0.13972857837157743	3.3809736826074437E-4	16.92773221036957	-83.3580050461953
232000	-3532.4571214330394	-3430.2303297728004	-102.22679166023889	-3430.2303297728004	41.107677714575274	242.38623217204324	0.7857127180293341	0.17383410083754292	2.4996165207988974	0.32654937836356684	0.17383410083754292	2.4996165207988974	0.32654937836356684	0.3357709782163535	3.953798007058569E-4	1.5235689250031737E-8	0.36052898580146264	3.518171654746441E-4	24.771038282031142	-87.51988129896219
233000	-3514.8632398283225	-3418.285275662192	-96.57796416613057	-3418.285275662192	36.18083965089753	208.86774499571342	0.7857127180293341	0.17383410083754292	2.4996165207988974	0.32654937836356684	0.17383410083754292	2.4996165207988974	0.32654937836356684	0.29016772582775796	4.799919103531545E-4	1.990544726271287E-8	0.3087419637396172	4.624260063061933E-4	20.8576160518273	-84.33447552128742
234000	-3511.96880161654	-3426.413959916801	-85.55484169973889	-3426.413959916801	37.09269913056776	178.13158621522302	0.7857127180293341	0.17383410083754292	2.4996165207988974	0.32654937836356684	0.17383410083754292	2.4996165207988974	0.32654937836356684	0.28609398447785117	5.079524786431713E-4	2.5556768489305583E-8	0.3344185069413235	5.084330645071551E-4	12.876785031522202	-79.36449622912941
235000	-3512.2271611065607	-3430.622618336524	-81.60454277003676	-3430.622618336524	38.420223337312606	186.69379376532845	0.7857127180293341	0.17383410083754292	2.4996165207988974	0.32654937836356684	0.17383410083754292	2.4996165207988974	0.32654937836356684	0.32538869432060036	4.890350842147558E-4	1.473492632912952E-8	0.2573925902320667	4.7783717227597604E-4	18.690020672595182	-78.80525275010656
236000	-3485.982060248717	-3425.965109228881	-60.01695101983604	-3425.965109228881	56.49093958437634	224.67775094740804	0.7857127180293341	0.17383410083754292	2.4560992058948132	0.3700666932676511	0.17383410083754292	2.4560992058948132	0.3700666932676511	0.15288925050544	4.6328029722733725E-4	4.655858813980843E-9	0.142269390598245	4.815208482437387E-4	16.46513964288903	-80.28113065440758
237000	-3493.621292430194	-3434.931545855864	-58.68974657433004	-3434.931545855864	53.44729917376022	240.20435559217887	0.7857127180293341	0.23614910995430943	2.393784196778047	0.3700666932676511	0.23614910995430943	2.393784196778047	0.3700666932676511	0.13303458443157257	4.893024448677616E-4	3.798794037096247E-9	0.12382489942066388	5.030332690653183E-4	19.57309640207654	-83.11646788958936
238000	-3502.641354147984	-3434.1182203553353	-68.52313379264905	-3434.1182203553353	48.89011477114104	195.23127517123643	0.7857127180293341	0.23614910995430943	2.271999196676563	0.4918516933691349	0.23614910995430943	2.271999196676563	0.4918516933691349	0.20181540403864076	5.036487233449786E-4	1.0981266688844286E-8	0.21521299837632316	4.942248401148925E-4	16.321202394497483	-77.66430562421057
239000	-3514.2879115667142	-3426.033606782734	-88.25430478398049	-3426.033606782734	50.04703465346525	191.58051158060363	0.7857127180293341	0.23614910995430943	2.271999196676563	0.4918516933691349	0.23614910995430943	2.271999196676563	0.4918516933691349	0.3570191158272174	5.171939497003504E-4	3.0530894302060105E-8	0.3295334797479226	5.88640913294048E-4	20.142411807342885	-76.22467247397105
240000	-3521.122955736805	-3428.0357612142034	-93.08719452260158	-3428.0357612142034	61.28236651265571	226.07926205028204	0.7857127180293341	0.23614910995430943	2.271999196676563	0.4918516933691349	0.23614910995430943	2.271999196676563	0.4918516933691349	0.4016715450998381	4.0096168122867316E-4	2.5905493611179063E-8	0.356122932092776	4.6545407402652104E-4	19.654000319133587	-79.09338848684293
241000	-3528.631139287459	-3435.1533131196534	-93.47782616780562	-3435.1533131196534	51.9506283438703	204.08776573372796	0.7857127180293341	0.23614910995430943	2.271999196676563	0.4918516933691349	0.23614910995430943	2.271999196676563	0.4918516933691349	0.4193563521877254	5.198740837503495E-4	4.3961626031163547E-8	0.34465587445853535	6.050566596938133E-4	16.777736044056994	-78.62027544281283
242000	-3485.8290938786226	-3431.7359753292862	-54.093118549336175	-3431.7359753292862	44.765520820220424	210.124616150426	0.7857127180293341	0.23614910995430943	2.271999196676563	0.4918516933691349	0.23614910995430943	2.271999196676563	0.4918516933691349	0.1223743860773093	4.4841214490871597E-4	2.441827635857808E-9	0.10464874278947375	4.974022814691885E-4	14.39258197059285	-84.73769788395732
243000	-3492.0901696233304	-3443.0391775866883	-49.0509920366422	-3443.0391775866883	40.550167529483865	166.63685446826284	0.7857127180293341	0.23614910995430943	2.370295391529715	0.39355549851598315	0.23614910995430943	2.370295391529715	0.39355549851598315	0.14241860057754752	7.19342125701651E-4	8.162189990239489E-9	0.12438283004836419	7.561928477667615E-4	15.03524490554121	-73.95049358589026
244000	-3485.2506274278417	-3429.1624882469873	-56.08813918085441	-3429.1624882469873	48.01010931726038	204.11876321996138	0.7857127180293341	0.23614910995430943	2.370295391529715	0.39355549851598315	0.23614910995430943	2.370295391529715	0.39355549851598315	0.12760347206996556	5.347037659685914E-4	4.266582835330189E-9	0.12525810313910382	5.25149259481128E-4	20.390596165707493	-78.8065830784836
245000	-3527.6567247075013	-3436.2175530322897	-91.4391716752116	-3436.2175530322897	54.531373228885485	245.37036621531314	0.7857127180293341	0.23614910995430943	2.370295391529715	0.39355549851598315	0.23614910995430943	2.370295391529715	0.39355549851598315	0.3088223406177918	3.6492881177886867E-4	1.5115065262017348E-8	0.29832875832651595	4.111483936798098E-4	24.154131875142323	-84.16993904579004
246000	-3519.2588755486076	-3430.8063758030744	-88.45249974553316	-3430.8063758030744	43.69645990403519	176.13865664147824	0.7857127180293341	0.23614910995430943	2.370295391529715	0.39355549851598315	0.23614910995430943	2.370295391529715	0.39355549851598315	0.32906194126832516	6.156711677101466E-4	5.095596711208731E-8	0.3636414202011397	6.393770837084639E-4	12.81980170106017	-76.05743338751209
247000	-3507.875030576539	-3430.7181223085095	-77.15690826802938	-3430.7181223085095	35.56910218820479	157.86990482187102	0.7857127180293341	0.23614910995430943	2.370295391529715	0.39355549851598315	0.23614910995430943	2.370295391529715	0.39355549851598315	0.2903939227897272	5.47500860997193E-4	2.62245680388285E-8	0.2888632780784001	5.662646327653729E-4	15.148057858030219	-73.70519365806892
248000	-3516.174833314391	-3432.163821349005	-84.01101196538589	-3432.163821349005	35.463771135918705	150.28497752767424	0.7857127180293341	0.23614910995430943	2.370295391529715	0.39355549851598315	0.23614910995430943	2.370295391529715	0.39355549851598315	0.35112499531623464	7.398038681965928E-4	1.0293705678451598E-7	0.4289439050898571	7.773305094626654E-4	14.024183737750707	-72.12852682779018
249000	-3512.655206355087	-3426.51396956659	-86.14123678849724	-3426.51396956659	58.68430180547569	229.00142581978102	0.7857127180293341	0.12004644926004378	2.370295391529715	0.5096581592102488	0.12004644926004378	2.370295391529715	0.5096581592102488	0.30532385032455645	5.167134543239066E-4	1.786223277218262E-8	0.2679820540946374	5.033311815251838E-4	19.377623317386337	-80.17402801081047
250000	-3502.8168410983567	-3434.907749335478	-67.90909176287884	-3434.907749335478	48.424797518818416	204.13491405328404	0.7857127180293341	0.12004644926004378	2.370295391529715	0.5096581592102488	0.12004644926004378	2.370295391529715	0.5096581592102488	0.16278542216088718	5.664076696881195E-4	1.2217838798049792E-8	0.1989403514270729	5.711892827104094E-4	18.520206906870854	-77.83626516174955
251000	-3523.166560721818	-3441.218663090189	-81.94789763162888	-3441.218663090189	36.35902295705694	172.01196143499772	0.7857127180293341	0.12004644926004378	2.370295391529715	0.5096581592102488	0.12004644926004378	2.370295391529715	0.5096581592102488	0.26392331916404266	5.373786272837917E-4	2.6712983015231072E-8	0.298365191375229	5.539341157827123E-4	19.554401989047538	-76.00931366442032
252000	-3481.309875473044	-3429.7609940317134	-51.54888144133081	-3429.7609940317134	47.53366544754889	205.59587307382247	0.7857127180293341	0.12004644926004378	2.370295391529715	0.5096581592102488	0.12004644926004378	2.370295391529715	0.5096581592102488	0.12633152173665457	4.1860882792827254E-4	2.1153296848067418E-9	0.11320940686181201	4.042344772595375E-4	16.854129887735	-79.35529394885425
253000	-3501.8800052461693	-3432.970162825382	-68.9098424207873	-3432.970162825382	35.94713738105548	185.69245543091893	0.7857127180293341	0.12004644926004378	2.370295391529715	0.5096581592102488	0.12004644926004378	2.370295391529715	0.5096581592102488	0.19001954893111622	5.02062112974205E-4	7.964826753911078E-9	0.1823996059827588	4.968163153784671E-4	16.43808055138015	-80.14366058143142
254000	-3496.5459414977477	-3429.4858276067434	-67.06011389100416	-3429.4858276067434	56.96066521804081	245.21264169424762	0.7857127180293341	0.12004644926004378	2.370295391529715	0.5096581592102488	0.12004644926004378	2.370295391529715	0.5096581592102488	0.1425857423661241	4.1087637169313267E-4	3.1600126986855357E-9	0.13612486886574654	3.969689129343176E-4	23.17706546546976	-83.31067150900812
255000	-3509.922655809673	-3427.77696517826	-82.1456906314129	-3427.77696517826	43.68888606359393	187.7828324028992	0.7857127180293341	0.12004644926004378	2.370295391529715	0.5096581592102488	0.12004644926004378	2.370295391529715	0.5096581592102488	0.2639611585091993	5.887573213693718E-4	2.7186335627663276E-8	0.282811658116359	5.981182817004285E-4	15.510058905689396	-78.03717186558657
256000	-3504.3378778534307	-3435.375903015205	-68.9619748382256	-3435.375903015205	50.62853136217796	211.47182725587226	0.7857127180293341	0.12004644926004378	2.370295391529715	0.5096581592102488	0.12004644926004378	2.370295391529715	0.5096581592102488	0.15356571716576115	5.354606601737923E-4	9.366985893286712E-9	0.1725777195579598	5.670566759440821E-4	12.7620581201993	-83.17777942544687
257000	-3509.5817424670527	-3431.2367780886593	-78.34496437839313	-3431.2367780886593	37.334015036264574	154.44108877664718	0.7857127180293341	0.12004644926004378	2.370295391529715	0.5096581592102488	0.12004644926004378	2.370295391529715	0.5096581592102488	0.28845597616356633	6.432189279776665E-4	3.3319927524188136E-8	0.2878018675311103	6.036967532139773E-4	11.271739570034923	-73.86226560137288
258000	-3524.795600090622	-3439.6462854318975	-85.14931465872468	-3439.6462854318975	39.10580017261053	171.378960273904	0.7857127180293341	0.12004644926004378	2.370295391529715	0.5096581592102488	0.12004644926004378	2.370295391529715	0.5096581592102488	0.2680199794656465	5.969320546534637E-4	3.927435827428345E-8	0.34680936196326817	5.80897228298693E-4	13.195548967607307	-77.51750528569337
259000	-3524.039620696196	-3438.3792423223963	-85.66037837379956	-3438.3792423223963	45.75922380349601	186.91496184056714	0.7857127180293341	0.12004644926004378	2.370295391529715	0.5096581592102488	0.12004644926004378	2.370295391529715	0.5096581592102488	0.28026519458067406	5.714650756072743E-4	3.075714209668658E-8	0.2997473953575271	6.161500775315676E-4	11.807197992127492	-78.3529128014191
260000	-3499.191720911633	-3419.7768605957544	-79.4148603158787	-3419.7768605957544	77.30622588925614	325.94578527920754	0.7857127180293341	0.12004644926004378	2.370295391529715	0.5096581592102488	0.12004644926004378	2.370295391529715	0.5096581592102488	0.17947575563987464	3.057956471506213E-4	2.496748019917761E-9	0.16226310376814027	3.1657603040001416E-4	19.87248556105602	-93.27582997326996
261000	-3518.7192052001715	-3429.703496142846	-89.01570905732571	-3429.703496142846	123.08231141948576	445.2548602386591	0.7857127180293341	0.12004644926004378	2.370295391529715	0.5096581592102488	0.12004644926004378	2.370295391529715	0.5096581592102488	0.17949003835714528	1.9070413573486127E-4	1.5353763759455684E-9	0.19236217955411028	2.0853186565280242E-4	28.872709106656	-94.48453387256396
262000	-3531.7200106470746	-3424.953060878938	-106.76694976813667	-3424.953060878938	71.05402033768621	288.2778999492368	0.7857127180293341	0.12004644926004378	2.2473066812576166	0.6326468694823473	0.12004644926004378	2.2473066812576166	0.6326468694823473	0.3328305298777726	2.854692917483175E-4	1.0437388806659453E-8	0.336365184757695	2.859017908137673E-4	27.19793257393737	-85.03804647018777
263000	-3506.7182525440803	-3433.6780064159116	-73.04024612816859	-3433.6780064159116	49.357098747305756	214.637849825988	0.7857127180293341	0.12004644926004378	2.2473066812576166	0.6326468694823473	0.12004644926004378	2.2473066812576166	0.6326468694823473	0.19025660511342746	3.841935838555363E-4	4.362628009305928E-9	0.19071363762002988	3.3925134555451056E-4	17.06555604882459	-81.92349820120717
264000	-3505.2571473953276	-3437.1333256213393	-68.12382177398808	-3437.1333256213393	42.778567853586495	194.0933489058868	0.7857127180293341	0.12004644926004378	2.2473066812576166	0.6326468694823473	0.12004644926004378	2.2473066812576166	0.6326468694823473	0.17417691366703136	5.504168727098762E-4	1.0396079041854995E-8	0.18107047603103776	5.566538182276031E-4	19.656206924474727	-78.74825164521795
265000	-3519.3628057889855	-3441.553652136686	-77.80915365229912	-3441.553652136686	35.59898372470896	190.9669149813178	0.7857127180293341	0.12004644926004378	2.2473066812576166	0.6326468694823473	0.12004644926004378	2.2473066812576166	0.6326468694823473	0.17665852412113447	4.8452790394042415E-4	9.633855340735008E-9	0.20739515964773123	4.7165971111844964E-4	17.924745199464088	-83.84950222156547
266000	-3527.3188601195316	-3441.2284743046507	-86.0903858148808	-3441.2284743046507	38.74342689592346	176.5690610096255	0.7857127180293341	0.12004644926004378	2.2473066812576166	0.6326468694823473	0.12004644926004378	2.2473066812576166	0.6326468694823473	0.34433064928648105	5.565553341861955E-4	2.777534853428633E-8	0.3205569407783242	5.178791459359353E-4	20.67969811287852	-76.41212332874728
267000	-3515.0204564225974	-3438.407110408029	-76.61334601456834	-3438.407110408029	53.9432843120833	221.71801983914378	0.7857127180293341	0.21212625718757716	2.2473066812576166	0.5405670615548139	0.21212625718757716	2.2473066812576166	0.5405670615548139	0.24057947846785427	5.693381240559775E-4	1.8569709845655582E-8	0.23707673462134052	6.022856040464568E-4	19.147008458683043	-80.62653527095624
268000	-3539.6070253943444	-3429.588229784802	-110.01879560954258	-3429.588229784802	50.997958126225846	240.68611121199217	0.7857127180293341	0.21212625718757716	2.2473066812576166	0.5405670615548139	0.21212625718757716	2.2473066812576166	0.5405670615548139	0.4513471121704746	3.8789176706508595E-4	2.7709734801651105E-8	0.3841624639620072	3.9376817297618146E-4	25.877805685020945	-83.98363744475077
269000	-3519.934411498619	-3432.177814385624	-87.75659711299495	-3432.177814385624	55.10184975987635	225.53383049617858	0.7857127180293341	0.21212625718757716	2.3778331860787856	0.4100405567336449	0.21212625718757716	2.3778331860787856	0.4100405567336449	0.33713248966286136	4.2451702259734073E-4	2.034169993504015E-8	0.35838644305749734	4.1554178469176454E-4	17.68244246585596	-80.78361762842715
270000	-3519.3051149383423	-3420.4218717371373	-98.88324320120496	-3420.4218717371373	49.04611264637507	220.80889824067958	0.7857127180293341	0.0731829603590004	2.5167764829073622	0.4100405567336449	0.0731829603590004	2.5167764829073622	0.4100405567336449	0.3699307518908882	4.256338468213724E-4	3.481172794251985E-8	0.4278253048104198	4.411630815510703E-4	17.540443672684358	-83.14198456361515
271000	-3478.8183883875295	-3427.997271592729	-50.82111679480072	-3427.997271592729	54.22725122297434	237.55564753046278	0.7857127180293341	0.0731829603590004	2.5167764829073622	0.4100405567336449	0.0731829603590004	2.5167764829073622	0.4100405567336449	0.09136671435469237	4.7744581768435085E-4	1.9120449501034086E-9	0.0925676522759109	4.8695657363757974E-4	17.12697307099878	-85.23383328528128
272000	-3497.9783470593156	-3435.195113429086	-62.78323363022942	-3435.195113429086	36.995954443417205	165.78881913631594	0.7857127180293341	0.0731829603590004	2.5167764829073622	0.4100405567336449	0.0731829603590004	2.5167764829073622	0.4100405567336449	0.1797670785381035	5.527873739862159E-4	8.105745553796303E-9	0.1589112486007935	5.989014611042734E-4	20.619972336718636	-76.68533225849171
273000	-3499.6452971612584	-3436.7665805764263	-62.87871658483206	-3436.7665805764263	47.26507687254977	212.89173874180887	0.7857127180293341	0.0731829603590004	2.5167764829073622	0.4100405567336449	0.0731829603590004	2.5167764829073622	0.4100405567336449	0.17036446745765385	6.141616489731988E-4	7.682788088653617E-9	0.14514884157886165	6.309399431484953E-4	14.211705916121284	-82.92843023162946
274000	-3497.608137142742	-3429.6904731325208	-67.91766401022133	-3429.6904731325208	55.264988090774736	226.0354798787145	0.7857127180293341	0.0731829603590004	2.5167764829073622	0.4100405567336449	0.0731829603590004	2.5167764829073622	0.4100405567336449	0.13968027655257537	4.2038232951833364E-4	4.714247952971889E-9	0.15759699361434684	4.229796863656179E-4	13.78201870404502	-84.1634597528448
275000	-3481.350145739104	-3427.244521708208	-54.105624030895925	-3427.244521708208	55.38943105552733	232.34288897438557	0.7857127180293341	0.0731829603590004	2.5167764829073622	0.4100405567336449	0.0731829603590004	2.5167764829073622	0.4100405567336449	0.09243959107783584	3.7257522547064627E-4	1.3598907785162618E-9	0.100822958686305	3.592047062730087E-4	18.952673157197214	-82.24390643814763
276000	-3500.881671330664	-3428.5883291291257	-72.29334220153842	-3428.5883291291257	53.735374479577494	229.97345817935675	0.7857127180293341	0.0731829603590004	2.5167764829073622	0.4100405567336449	0.0731829603590004	2.5167764829073622	0.4100405567336449	0.19057613803870832	4.458384810675777E-4	5.8642483634454215E-9	0.1757552067254722	4.3999714920536055E-4	20.37832039144961	-82.81750362697846
277000	-3492.1875671229113	-3434.4936779858276	-57.693889137083694	-3434.4936779858276	43.90367531750838	215.56412159638043	0.7857127180293341	0.0731829603590004	2.5167764829073622	0.4100405567336449	0.0731829603590004	2.5167764829073622	0.4100405567336449	0.1256039510966363	5.408369482107607E-4	3.4585979392014133E-9	0.10896276778332949	5.307945655803269E-4	21.780638673215332	-82.80351851834696
278000	-3529.2728209142156	-3438.070153987742	-91.2026669264739	-3438.070153987742	36.13823541581589	181.61201762002491	0.7857127180293341	0.0731829603590004	2.5167764829073622	0.4100405567336449	0.0731829603590004	2.5167764829073622	0.4100405567336449	0.22312778623780202	4.879631227605032E-4	1.797082251204661E-8	0.271479814715891	4.5658083719439573E-4	24.35694255695945	-78.59925434983602
279000	-3506.945634007386	-3422.915949085293	-84.02968492209311	-3422.915949085293	47.66671555253541	247.2835538143987	0.7857127180293341	0.0731829603590004	2.5167764829073622	0.4100405567336449	0.0731829603590004	2.5167764829073622	0.4100405567336449	0.21463008597402145	4.286095270551157E-4	7.983082463756214E-9	0.230172369478	3.939817586807332E-4	21.975382424724575	-86.10198948411092
280000	-3509.6886994164292	-3421.723023378348	-87.96567603808137	-3421.723023378348	64.65325399320398	260.047517700827	0.7857127180293341	0.0731829603590004	2.5167764829073622	0.4100405567336449	0.0731829603590004	2.5167764829073622	0.4100405567336449	0.2700116734064644	4.0689349362377214E-4	1.414972894731685E-8	0.2611631343075944	4.4998876320421046E-4	18.91469536798509	-84.20143661846016
281000	-3521.8454724977832	-3428.4558253337295	-93.38964716405368	-3428.4558253337295	69.9898535869543	291.85054065627537	0.7857127180293341	0.0731829603590004	2.5167764829073622	0.4100405567336449	0.0731829603590004	2.5167764829073622	0.4100405567336449	0.3215570984839454	3.877109895656935E-4	1.1769593794792705E-8	0.27565986184101604	4.254087209271749E-4	16.607993291762494	-90.85511688224878
282000	-3499.1199425175228	-3423.220989898131	-75.89895261939179	-3423.220989898131	41.14204160282907	196.331360027374	0.7857127180293341	0.0731829603590004	2.5167764829073622	0.4100405567336449	0.0731829603590004	2.5167764829073622	0.4100405567336449	0.24142225383960855	4.879788949654072E-4	1.4605442207225217E-8	0.24035854921194064	5.4640461897354E-4	18.191426757687594	-80.02852831022318
283000	-3522.051862579663	-3427.507052194025	-94.54481038563775	-3427.507052194025	48.29337120409539	204.77998540400765	0.7857127180293341	0.0731829603590004	2.5167764829073622	0.4100405567336449	0.0731829603590004	2.5167764829073622	0.4100405567336449	0.32201871457189146	4.54001664248337E-4	3.937440331519292E-8	0.41236672142464803	4.906257507559889E-4	18.58410645608237	-78.753040380564
284000	-3505.19928032786	-3430.1146064321565	-75.08467389570355	-3430.1146064321565	36.07427897588419	182.12305723892172	0.7857127180293341	0.0731829603590004	2.5167764829073622	0.4100405567336449	0.0731829603590004	2.5167764829073622	0.4100405567336449	0.24819834475036723	6.19873496403096E-4	2.0695713680596906E-8	0.2274103431942142	6.663686560068194E-4	17.15037577773355	-78.16527343296259
285000	-3496.8016862197346	-3423.9842176331026	-72.81746858663223	-3423.9842176331026	45.3578545754028	195.76264045597728	0.7857127180293341	0.0731829603590004	2.5167764829073622	0.4100405567336449	0.0731829603590004	2.5167764829073622	0.4100405567336449	0.21669457895130517	5.426335994023953E-4	1.3660550324844091E-8	0.21136360047628525	5.454670712992809E-4	13.566092598657749	-79.78650841667228
286000	-3528.3240223597127	-3420.0721621087164	-108.25186025099637	-3420.0721621087164	36.167660527177084	150.33247891148972	0.7857127180293341	0.13302672543409078	2.5167764829073622	0.35019679165855455	0.13302672543409078	2.5167764829073622	0.35019679165855455	0.4965584472490749	7.072288575890398E-4	2.2005174571711365E-7	0.5949330898796856	7.301850085115007E-4	20.15628647891933	-73.32281483517224
287000	-3495.4665702888406	-3429.7821611664162	-65.68440912242428	-3429.7821611664162	44.62240099020211	184.24175863504806	0.7857127180293341	0.13302672543409078	2.5167764829073622	0.35019679165855455	0.13302672543409078	2.5167764829073622	0.35019679165855455	0.18003658222826285	6.099122992120543E-4	1.0840708025239672E-8	0.17708932449523368	5.828263064830935E-4	16.545577712561272	-76.15631302309987
288000	-3499.306626833955	-3423.2648624289855	-76.04176440496956	-3423.2648624289855	40.99568913358241	178.56558335220996	0.7857127180293341	0.13302672543409078	2.5167764829073622	0.35019679165855455	0.13302672543409078	2.5167764829073622	0.35019679165855455	0.22497647357487122	5.990906624071166E-4	2.7795247581231485E-8	0.2607351975134401	6.48764366820876E-4	12.053743504672461	-78.071000694032
289000	-3498.3501000492215	-3429.666107064544	-68.68399298467759	-3429.666107064544	32.49496103946611	162.75376584259823	0.7857127180293341	0.13302672543409078	2.5167764829073622	0.35019679165855455	0.13302672543409078	2.5167764829073622	0.35019679165855455	0.21504948628600598	6.36843123589271E-4	1.537356574944905E-8	0.19604026851356626	6.341561754433299E-4	13.2590514180664	-78.11287266197328
290000	-3494.5577990128813	-3429.2858647002067	-65.27193431267452	-3429.2858647002067	38.7242101576635	171.4591142134749	0.7857127180293341	0.13302672543409078	2.5167764829073622	0.35019679165855455	0.13302672543409078	2.5167764829073622	0.35019679165855455	0.182701639898101	6.745451000749494E-4	1.2148044559721424E-8	0.1754574634785659	6.431327749527259E-4	20.000815457498028	-76.0346420864902
291000	-3505.768957367538	-3436.076999884645	-69.6919574828928	-3436.076999884645	63.308530235774754	263.34219501997734	0.7857127180293341	0.13302672543409078	2.5167764829073622	0.35019679165855455	0.13302672543409078	2.5167764829073622	0.35019679165855455	0.13906810116001947	4.32200147437472E-4	3.2172516070159804E-9	0.1324136693291296	4.078850571768377E-4	20.949639675398508	-86.13628782594121
292000	-3498.2784536078743	-3421.894804626181	-76.3836489816931	-3421.894804626181	94.28428554246528	346.48746052055935	0.7857127180293341	0.13302672543409078	2.5167764829073622	0.35019679165855455	0.13302672543409078	2.5167764829073622	0.35019679165855455	0.14791265258379746	3.0668164904082385E-4	2.6368768217332565E-9	0.15394602133924934	3.220834888074972E-4	24.16887422757896	-87.9638697180177
293000	-3507.487169832153	-3422.1073703140746	-85.37979951807833	-3422.1073703140746	49.498366653096866	263.60264293689994	0.7857127180293341	0.13302672543409078	2.62801130033819	0.23896197422772664	0.13302672543409078	2.62801130033819	0.23896197422772664	0.20587662384510366	3.355016320997263E-4	3.727677712488781E-9	0.19395236631369994	2.9964443072550285E-4	21.959641822424572	-88.3278879649383
294000	-3502.7448874617994	-3427.8218169204038	-74.92307054139567	-3427.8218169204038	64.5775221319129	300.21429267759277	0.7857127180293341	0.13302672543409078	2.5910273551997935	0.2759459193661231	0.13302672543409078	2.5910273551997935	0.2759459193661231	0.14548066635789833	3.5865948231889223E-4	2.8839224828552786E-9	0.1493053745248907	3.6108695904510607E-4	18.919865984200342	-92.18915425998718
295000	-3525.0392195435184	-3437.566953916336	-87.47226562718252	-3437.566953916336	80.39387893752827	291.9837459994683	0.7857127180293341	0.11396536102269846	2.610088719611186	0.2759459193661231	0.11396536102269846	2.610088719611186	0.2759459193661231	0.2616140136800112	3.564806242062772E-4	1.1731841828140608E-8	0.27508519483888133	3.8443913444857975E-4	19.613079832194813	-85.93109455460866
296000	-3476.2128712630683	-3429.6785316817723	-46.53433958129588	-3429.6785316817723	61.05651278418894	241.97425668269284	0.7857127180293341	0.11396536102269846	2.610088719611186	0.2759459193661231	0.11396536102269846	2.610088719611186	0.2759459193661231	0.10159240689637239	3.74554467295637E-4	1.0011432419577395E-9	0.08450093361947406	3.7083542144924857E-4	22.3615595897084	-81.65225728488691
297000	-3503.5963043180377	-3432.0035955798216	-71.59270873821593	-3432.0035955798216	32.38928050682093	158.16738957900947	0.7857127180293341	0.11396536102269846	2.610088719611186	0.2759459193661231	0.11396536102269846	2.610088719611186	0.2759459193661231	0.25367230366907356	5.670300156263695E-4	1.5345756387359793E-8	0.2217938383994956	5.942516488735988E-4	16.41134806506834	-75.11590556994149
298000	-3489.075505198704	-3428.905959681304	-60.16954551739971	-3428.905959681304	59.880373485182304	229.1584468868581	0.7857127180293341	0.11396536102269846	2.610088719611186	0.2759459193661231	0.11396536102269846	2.610088719611186	0.2759459193661231	0.1343522554889083	4.2170244418378766E-4	3.0472953982010916E-9	0.13182407193590634	4.317382427396339E-4	20.501747852624078	-79.44130277698665
299000	-3461.4557267354503	-3434.0823526924983	-27.373374042952026	-3434.0823526924983	42.71558915768024	184.15402505789598	0.7857127180293341	0.11396536102269846	2.610088719611186	0.2759459193661231	0.11396536102269846	2.610088719611186	0.2759459193661231	0.055272708942525804	4.373180661070152E-4	6.790800266846813E-10	0.059451981917699334	4.344548493195901E-4	17.45624016431011	-77.07261188358953
300000	-3490.966250521598	-3430.9254375604796	-60.04081296111806	-3430.9254375604796	37.19311916188075	193.845079046678	0.7857127180293341	0.11396536102269846	2.610088719611186	0.2759459193661231	0.11396536102269846	2.610088719611186	0.2759459193661231	0.13429657573884818	5.155658515472795E-4	4.6150034396553146E-9	0.13308398308700778	4.983433381785624E-4	18.803204619395284	-80.02404377354893
301000	-3496.293211610068	-3427.7934139280765	-68.49979768199157	-3427.7934139280765	49.231808564964325	227.55308378266753	0.7857127180293341	0.11396536102269846	2.610088719611186	0.2759459193661231	0.11396536102269846	2.610088719611186	0.2759459193661231	0.16429927948037404	4.2468125660718526E-4	4.75748556412459E-9	0.1668447376682076	4.167951880771022E-4	18.431185366323458	-83.16419056470698
302000	-3513.8726783131356	-3430.0496957615705	-83.82298255156505	-3430.0496957615705	52.28145057432413	191.75605503234542	0.7857127180293341	0.11396536102269846	2.610088719611186	0.2759459193661231	0.11396536102269846	2.610088719611186	0.2759459193661231	0.3170878175275909	5.298013852316404E-4	3.4115460374551245E-8	0.31938422860028004	6.053590425609653E-4	15.393406702913701	-74.79668805304014
303000	-3503.030973103553	-3440.6663996566526	-62.36457344690033	-3440.6663996566526	27.494001804760543	124.65587235319836	0.7857127180293341	0.11396536102269846	2.610088719611186	0.2759459193661231	0.11396536102269846	2.610088719611186	0.2759459193661231	0.22350154033652997	7.620255344457705E-4	2.688863279366888E-8	0.21196148417073263	8.11841508737495E-4	11.535905306621546	-70.01928846394655
304000	-3508.1036014607403	-3430.558857242398	-77.54474421834217	-3430.558857242398	51.502372164926314	193.240290402178	0.7857127180293341	0.11396536102269846	2.610088719611186	0.2759459193661231	0.11396536102269846	2.610088719611186	0.2759459193661231	0.27238286725374955	4.680974514469512E-4	1.562076406746865E-8	0.24528121283185877	4.912959766774063E-4	12.591470211826703	-77.19177668151194
305000	-3508.2465997023633	-3427.0610784364176	-81.1855212659455	-3427.0610784364176	42.32359209791029	199.6939819837001	0.7857127180293341	0.11396536102269846	2.610088719611186	0.2759459193661231	0.11396536102269846	2.610088719611186	0.2759459193661231	0.239571546874187	5.060678048364768E-4	1.467633703206741E-8	0.23364373785775078	5.041973281005154E-4	20.39400587599921	-80.45692158132013
306000	-3531.2072079045965	-3440.781088012049	-90.42611989254752	-3440.781088012049	45.26627786442321	199.0450593927548	0.7857127180293341	0.11396536102269846	2.610088719611186	0.2759459193661231	0.11396536102269846	2.610088719611186	0.2759459193661231	0.3806031768144944	4.8167446925536186E-4	1.870887022728959E-8	0.28923124426184343	4.799269310504376E-4	24.3078141287051	-78.04357094814053
307000	-3497.178041621025	-3426.978020244194	-70.20002137683116	-3426.978020244194	55.814814276737934	196.5188344970877	0.7857127180293341	0.11396536102269846	2.610088719611186	0.2759459193661231	0.11396536102269846	2.610088719611186	0.2759459193661231	0.23825769466207056	5.85065755941725E-4	1.4892119472137652E-8	0.21070665598399024	5.746144103433493E-4	10.719543396723926	-77.5794299442208
308000	-3496.894548411831	-3449.8647405511397	-47.02980786069116	-3449.8647405511397	47.265019272910344	189.16490994605743	0.7857127180293341	0.11396536102269846	2.69976195767361	0.18627268130369912	0.11396536102269846	2.69976195767361	0.18627268130369912	0.11211163515967891	6.072722864250804E-4	4.033953222824128E-9	0.10547696438043445	6.073472331291243E-4	19.596816777575466	-76.79312302501569
309000	-3464.2108518406717	-3437.4644277556636	-26.746424085008144	-3437.4644277556636	32.70636288671978	166.17504865394852	0.7857127180293341	0.11396536102269846	2.69976195767361	0.18627268130369912	0.11396536102269846	2.69976195767361	0.18627268130369912	0.05975276711589307	6.138090270734162E-4	1.3682777525394764E-9	0.06048916034577332	6.079085662366136E-4	15.347592270764496	-77.8568618371162
310000	-3481.4046044877437	-3435.469901206723	-45.934703281020475	-3435.469901206723	50.36538431209757	197.24414531376902	0.7857127180293341	0.11396536102269846	2.69976195767361	0.18627268130369912	0.11396536102269846	2.69976195767361	0.18627268130369912	0.12080008850052543	4.575717857908771E-4	2.1272916265129974E-9	0.09971211532998958	4.8717370891197115E-4	16.63716206462707	-76.46178201340892
311000	-3485.6656354551974	-3441.0812429274074	-44.58439252778994	-3441.0812429274074	37.971119961278234	161.68111003323966	0.7857127180293341	0.11396536102269846	2.69976195767361	0.18627268130369912	0.11396536102269846	2.69976195767361	0.18627268130369912	0.1110550973244312	7.327772209177921E-4	6.65167197605049E-9	0.10681788648482553	7.519441156673326E-4	15.432414790933416	-73.36060582809212
312000	-3527.636419170994	-3437.4111504691996	-90.22526870179445	-3437.4111504691996	66.02427255074379	260.70888364494834	0.7857127180293341	0.11396536102269846	2.69976195767361	0.18627268130369912	0.11396536102269846	2.69976195767361	0.18627268130369912	0.2750736818249619	4.160193473990632E-4	1.2757391360427928E-8	0.2692318357024228	4.630878658787438E-4	16.749123205787406	-85.94464179500515
313000	-3524.021492943603	-3427.544781884734	-96.47671105886887	-3427.544781884734	55.91705486640876	272.5069800551658	0.7857127180293341	0.11396536102269846	2.69976195767361	0.18627268130369912	0.11396536102269846	2.69976195767361	0.18627268130369912	0.29446477730694065	3.552343820329758E-4	9.76390316509696E-9	0.26254507687557666	3.6552455706209024E-4	28.00940622475772	-87.65956553252789
314000	-3498.896938260101	-3429.553288335407	-69.3436499246937	-3429.553288335407	50.3317794406442	206.40604644395376	0.7857127180293341	0.11396536102269846	2.592716582159782	0.2933180568175272	0.11396536102269846	2.592716582159782	0.2933180568175272	0.20711434804825657	4.889346747465824E-4	9.73727345948363E-9	0.19213378118571867	5.285707934914318E-4	13.944045899663466	-80.42886065829913
315000	-3509.407645432133	-3430.5997114097413	-78.80793402239192	-3430.5997114097413	37.8179182237295	208.54928192886808	0.7857127180293341	0.11396536102269846	2.592716582159782	0.2933180568175272	0.11396536102269846	2.592716582159782	0.2933180568175272	0.20461416619804484	4.998153081142514E-4	9.313405427194103E-9	0.20192724523017097	4.583504838110874E-4	19.308601579371057	-83.5834962603673
316000	-3466.290439577608	-3432.593072318451	-33.69736725915725	-3432.593072318451	43.099514752017555	207.67925982843408	0.7857127180293341	0.11396536102269846	2.592716582159782	0.2933180568175272	0.11396536102269846	2.592716582159782	0.2933180568175272	0.06368043338265439	4.988818945788204E-4	8.787055562496686E-10	0.06112845529801838	4.802766845592853E-4	20.847475594854604	-81.69138582225818
317000	-3501.81283864	-3432.9416925176374	-68.87114612236233	-3432.9416925176374	43.32343128787794	193.4373217038098	0.7857127180293341	0.11396536102269846	2.592716582159782	0.2933180568175272	0.11396536102269846	2.592716582159782	0.2933180568175272	0.1825659733066446	5.725919104870409E-4	1.0539510072153929E-8	0.1807087662724139	5.814660326723056E-4	13.38554389845647	-82.29068319197982
318000	-3516.8167793680436	-3428.2024801053917	-88.61429926265181	-3428.2024801053917	33.52447132785648	161.35899796214417	0.7857127180293341	0.11396536102269846	2.443539965372646	0.44249467360466277	0.11396536102269846	2.443539965372646	0.44249467360466277	0.4074228459647208	5.965795952862949E-4	3.635041301372959E-8	0.30977741305191187	6.20017447179314E-4	13.724154286062513	-78.06760047667959
319000	-3494.497637823053	-3437.6411351754655	-56.856502647587426	-3437.6411351754655	42.997510760280974	173.84455430517585	0.7857127180293341	0.11396536102269846	2.443539965372646	0.44249467360466277	0.11396536102269846	2.443539965372646	0.44249467360466277	0.1503281101356425	6.227467586100686E-4	8.058211786390707E-9	0.14487183380170965	6.099911414614531E-4	14.019055459861434	-76.10139633148952
320000	-3480.393529692758	-3433.6810709309357	-46.712458761822106	-3433.6810709309357	48.846266129937625	206.0848964082386	0.7857127180293341	0.21959935168969047	2.443539965372646	0.33686068293767074	0.21959935168969047	2.443539965372646	0.33686068293767074	0.07530491747123766	4.993661069172635E-4	1.954104952805774E-9	0.08924154066445775	4.8457056339827967E-4	16.80583281307625	-80.8013147654351
321000	-3498.625326849337	-3428.672525291334	-69.95280155800302	-3428.672525291334	53.284834428161794	208.32042565328032	0.7857127180293341	0.08462414645309932	2.5785151706092373	0.33686068293767074	0.08462414645309932	2.5785151706092373	0.33686068293767074	0.19530606578902984	4.556675686615188E-4	8.060659866015843E-9	0.18270725958704595	4.866335335260182E-4	22.16717395685205	-77.30196472270774
322000	-3521.0199875417934	-3425.259557140085	-95.76043040170879	-3425.259557140085	50.543006388590946	192.83770223768732	0.7857127180293341	0.08462414645309932	2.5785151706092373	0.33686068293767074	0.08462414645309932	2.5785151706092373	0.33686068293767074	0.3484120853224919	5.671699853020305E-4	5.929895018373956E-8	0.4011238124141216	5.601829836311177E-4	18.817205935309605	-76.40650758791283
323000	-3504.176982903296	-3433.856412796625	-70.32057010667106	-3433.856412796625	30.253139839938623	151.2899737394926	0.7857127180293341	0.08462414645309932	2.5785151706092373	0.33686068293767074	0.08462414645309932	2.5785151706092373	0.33686068293767074	0.2523968248547747	6.387823804128157E-4	2.295833619539495E-8	0.22313664634973732	7.025148770751463E-4	12.559362137882024	-76.36467586123715
324000	-3503.974448622352	-3445.0540217944726	-58.92042682787948	-3445.0540217944726	30.731599774136065	148.7519918848123	0.7857127180293341	0.08462414645309932	2.5785151706092373	0.33686068293767074	0.08462414645309932	2.5785151706092373	0.33686068293767074	0.16451663376388498	7.336729152648706E-4	1.7266236586524854E-8	0.16612782240241672	8.04917122506267E-4	11.49193488811633	-76.76834480058477
325000	-3510.299458786821	-3435.333864025248	-74.96559476157287	-3435.333864025248	38.5915425730953	164.64809866050072	0.7857127180293341	0.08462414645309932	2.5785151706092373	0.33686068293767074	0.08462414645309932	2.5785151706092373	0.33686068293767074	0.24165065882194756	5.688424408118813E-4	1.8169854677044128E-8	0.23712525759670508	5.782983666921287E-4	20.850227350780937	-74.6419930560205
326000	-3524.119469930559	-3423.9016173763266	-100.21785255423225	-3423.9016173763266	39.17440281029711	178.01559439916906	0.7857127180293341	0.08462414645309932	2.5785151706092373	0.33686068293767074	0.08462414645309932	2.5785151706092373	0.33686068293767074	0.45547294520526194	6.423402912369954E-4	1.0518174180427173E-7	0.47052518873421195	6.731067868529095E-4	14.457233122446763	-77.22641687372814
327000	-3513.2615864551303	-3421.922008737225	-91.3395777179051	-3421.922008737225	36.157311207572455	181.57252721930308	0.7857127180293341	0.08462414645309932	2.5785151706092373	0.33686068293767074	0.08462414645309932	2.5785151706092373	0.33686068293767074	0.377386739417765	5.49106946859217E-4	3.889854412310336E-8	0.38805394244798164	6.056833937512223E-4	13.499447303328173	-81.81439481813341
328000	-3519.1394220573643	-3438.806525390142	-80.33289666722229	-3438.806525390142	53.04356946118162	200.49406412560285	0.7857127180293341	0.08462414645309932	2.5785151706092373	0.33686068293767074	0.08462414645309932	2.5785151706092373	0.33686068293767074	0.26701320357479125	4.5721815790689764E-4	2.060979573321282E-8	0.2847626272622304	5.214868724149134E-4	17.833932371600945	-76.86724229675299
329000	-3481.4157058304154	-3426.1328249791413	-55.282880851274136	-3426.1328249791413	45.96795810911716	198.2079994053175	0.7857127180293341	0.08462414645309932	2.5785151706092373	0.33686068293767074	0.08462414645309932	2.5785151706092373	0.33686068293767074	0.1346479479531919	5.5133905993786E-4	4.7101773616360216E-9	0.12583590690331994	5.322562797280598E-4	14.41308585844471	-79.41708079234286
330000	-3504.9579370420943	-3439.7194625672764	-65.238474474818	-3439.7194625672764	39.018859452154956	199.2100378500619	0.7857127180293341	0.08462414645309932	2.5785151706092373	0.33686068293767074	0.08462414645309932	2.5785151706092373	0.33686068293767074	0.17663620285415466	5.734361813027129E-4	7.818076022057283E-9	0.151261939527215	5.843918086917771E-4	14.024952301783888	-83.88981025920246
331000	-3481.8109145802923	-3431.015111344093	-50.79580323619957	-3431.015111344093	73.09677730288709	299.8376301149263	0.7857127180293341	0.08462414645309932	2.5785151706092373	0.33686068293767074	0.08462414645309932	2.5785151706092373	0.33686068293767074	0.07679206428021872	3.2210376451867413E-4	7.466729889652101E-10	0.08469896356232778	3.2183827936782273E-4	21.67949637193164	-88.15838488696595
332000	-3459.2488760318943	-3426.709869793778	-32.53900623811598	-3426.709869793778	49.72078092648451	198.60202568809322	0.7857127180293341	0.08462414645309932	2.5785151706092373	0.33686068293767074	0.08462414645309932	2.5785151706092373	0.33686068293767074	0.06814302009043176	5.196440852842723E-4	1.281352290354538E-9	0.07040782308237596	5.126696273296135E-4	17.490854698649567	-77.15719253497703
333000	-3514.9395564205543	-3424.880205054138	-90.05935136641635	-3424.880205054138	28.141215200715425	149.61838223261907	0.7857127180293341	0.08462414645309932	2.5785151706092373	0.33686068293767074	0.08462414645309932	2.5785151706092373	0.33686068293767074	0.29773508329983933	7.539168102214776E-4	5.4954898176009633E-8	0.33079567466730564	6.782741619226127E-4	17.818850635740883	-75.70277765505678
334000	-3504.303253742406	-3428.505751757198	-75.79750198520766	-3428.505751757198	32.89001496103655	155.41873363537553	0.7857127180293341	0.08462414645309932	2.5785151706092373	0.33686068293767074	0.08462414645309932	2.5785151706092373	0.33686068293767074	0.2971645919587358	7.339025115627533E-4	3.231631240154312E-8	0.24746116504374832	7.406202825968748E-4	16.871616518727173	-73.92784125939099
335000	-3503.3821494726853	-3425.7993809867976	-77.58276848588773	-3425.7993809867976	32.28056634869807	159.89004934904676	0.7857127180293341	0.08462414645309932	2.5785151706092373	0.33686068293767074	0.08462414645309932	2.5785151706092373	0.33686068293767074	0.23704785254516814	6.060251498049282E-4	1.776774102948996E-8	0.25087708607764564	5.088169842776769E-4	15.800342003884245	-75.79035241628395
336000	-3516.6662111271066	-3437.5696574624108	-79.09655366469609	-3437.5696574624108	42.02124496865521	181.08716094513844	0.7857127180293341	0.08462414645309932	2.5785151706092373	0.33686068293767074	0.08462414645309932	2.5785151706092373	0.33686068293767074	0.2607847771176709	5.266819368880421E-4	2.6812348419106222E-8	0.29068524530684353	5.920255978079032E-4	20.252873517174613	-75.52498946324633
337000	-3524.2593644871476	-3423.1324512253154	-101.12691326183206	-3423.1324512253154	40.5148741832039	195.36818555180318	0.7857127180293341	0.08462414645309932	2.5785151706092373	0.33686068293767074	0.08462414645309932	2.5785151706092373	0.33686068293767074	0.3952528689482076	6.349195561001229E-4	1.1100037535648626E-7	0.5299376701819744	6.339079988433876E-4	13.42115029927854	-83.94608664497588
338000	-3504.8614840424575	-3421.195608118652	-83.66587592380513	-3421.195608118652	37.90542079040592	191.11237022736927	0.7857127180293341	0.08462414645309932	2.5785151706092373	0.33686068293767074	0.08462414645309932	2.5785151706092373	0.33686068293767074	0.2935881518407379	4.452002630836328E-4	1.4299275932950058E-8	0.26646234086641224	4.5810560546061507E-4	16.17499932997112	-81.38272948685157
339000	-3486.352754539231	-3429.692208746724	-56.660545792506625	-3429.692208746724	44.14162943223284	183.33301151871214	0.7857127180293341	0.08462414645309932	2.5785151706092373	0.33686068293767074	0.08462414645309932	2.5785151706092373	0.33686068293767074	0.1420968307094033	6.242284355102431E-4	6.995727259870185E-9	0.13918025961464342	5.98715451511386E-4	15.324728759293297	-77.07125267437574
340000	-3472.435541018749	-3437.2687580443003	-35.16678297444856	-3437.2687580443003	37.127615957852036	183.9180116630572	0.7857127180293341	0.08462414645309932	2.5785151706092373	0.33686068293767074	0.08462414645309932	2.5785151706092373	0.33686068293767074	0.08898811837338512	4.68546160786158E-4	1.0787024476602253E-9	0.07016624141150987	4.6508460198312144E-4	17.93908206382272	-78.41823644250286
341000	-3531.3144091103586	-3425.0207796713485	-106.29362943901012	-3425.0207796713485	61.90408254706109	270.1944410976544	0.7857127180293341	0.08462414645309932	2.5785151706092373	0.33686068293767074	0.08462414645309932	2.5785151706092373	0.33686068293767074	0.3176868037695948	3.9385870314508195E-4	2.200981635726378E-8	0.3889484163604894	3.8221460603892935E-4	26.006745961612896	-85.1733921335395
342000	-3508.0143682850276	-3425.296098175511	-82.71827010951681	-3425.296098175511	45.43581307789781	193.48796554210838	0.7857127180293341	0.08462414645309932	2.5785151706092373	0.33686068293767074	0.08462414645309932	2.5785151706092373	0.33686068293767074	0.22517094401507778	4.65902270490782E-4	1.3649848227973526E-8	0.26123530804540923	4.1978937874269584E-4	15.283946844495569	-79.35339406629205
343000	-3501.635634567144	-3433.303766543711	-68.33186802343268	-3433.303766543711	31.7843082427611	153.64150878472026	0.7857127180293341	0.08462414645309932	2.5785151706092373	0.33686068293767074	0.08462414645309932	2.5785151706092373	0.33686068293767074	0.23033389931258524	6.347723766676621E-4	2.0242031468479008E-8	0.22477614028932702	6.445480344379893E-4	11.805370949647557	-75.29423741489437
344000	-3497.6733554880493	-3440.463440482703	-57.20991500534633	-3440.463440482703	43.41594305254829	206.2474081771755	0.7857127180293341	0.14071382137118682	2.5785151706092373	0.2807710080195832	0.14071382137118682	2.5785151706092373	0.2807710080195832	0.15734793521076879	4.702269634251332E-4	3.1153173090608164E-9	0.11551306872560335	4.806468063120748E-4	15.361957530715266	-82.42719788281983
345000	-3491.4435257426976	-3427.4299866622446	-64.01353908045326	-3427.4299866622446	48.6666552328713	198.72845188262946	0.7857127180293341	0.14071382137118682	2.5785151706092373	0.2807710080195832	0.14071382137118682	2.5785151706092373	0.2807710080195832	0.15725849326857583	4.401651600661585E-4	5.385459845543342E-9	0.17187328583098205	4.181081976311737E-4	17.00729462409101	-78.75472382345504
346000	-3517.6958380823476	-3425.5638602487847	-92.13197783356284	-3425.5638602487847	46.928678320318085	211.17312164229182	0.7857127180293341	0.14071382137118682	2.5785151706092373	0.2807710080195832	0.14071382137118682	2.5785151706092373	0.2807710080195832	0.3265408875112789	4.568785688083622E-4	1.9160835148774927E-8	0.29645976678238345	4.280183620380302E-4	17.213007244087468	-80.88427110913095
347000	-3484.8069766729773	-3434.5657420764346	-50.24123459654277	-3434.5657420764346	35.12266934975279	161.4812975502354	0.7857127180293341	0.14071382137118682	2.5785151706092373	0.2807710080195832	0.14071382137118682	2.5785151706092373	0.2807710080195832	0.1241555551932448	5.836181870467648E-4	5.235709259541661E-9	0.12618288982768644	5.625547905384333E-4	11.319126993871533	-75.88205433860989
348000	-3515.591843910831	-3429.6711587485	-85.92068516233061	-3429.6711587485	53.13842748097569	217.94173849422862	0.7857127180293341	0.14071382137118682	2.5785151706092373	0.2807710080195832	0.14071382137118682	2.5785151706092373	0.2807710080195832	0.2728828895024056	5.511030878999038E-4	2.1561992542899632E-8	0.2686917950734553	5.638512813161696E-4	16.104049497502835	-80.15871467905134
349000	-3518.7230770829974	-3433.5275824699193	-85.19549461307827	-3433.5275824699193	40.058479016832194	188.1956216796891	0.7857127180293341	0.14071382137118682	2.5785151706092373	0.2807710080195832	0.14071382137118682	2.5785151706092373	0.2807710080195832	0.3051916526202598	5.37855736075292E-4	2.2630602830446644E-8	0.3020865267111427	5.070091882106872E-4	17.573943568068554	-78.65239262269532
350000	-3546.370047279762	-3430.373401350084	-115.99664592967771	-3430.373401350084	57.00207798058692	257.89822019532846	0.7857127180293341	0.14071382137118682	2.5785151706092373	0.2807710080195832	0.14071382137118682	2.5785151706092373	0.2807710080195832	0.5351447238971759	4.070029532196594E-4	5.941394079453448E-8	0.5484941254772128	4.364512505682797E-4	20.405149637521763	-85.99697598570293
351000	-3518.397626611222	-3427.759986209544	-90.63764040167842	-3427.759986209544	60.14905770165919	252.37785612634585	0.7857127180293341	0.14071382137118682	2.5785151706092373	0.2807710080195832	0.14071382137118682	2.5785151706092373	0.2807710080195832	0.2924540005327123	4.1098954325832375E-4	1.217784372713029E-8	0.2735767818427978	3.905263035898509E-4	21.8452544188955	-84.76992899014176
352000	-3493.9473923565206	-3425.0140638672815	-68.93332848923919	-3425.0140638672815	54.749937958568076	264.0847651420888	0.7857127180293341	0.14071382137118682	2.5785151706092373	0.2807710080195832	0.14071382137118682	2.5785151706092373	0.2807710080195832	0.1682688156642227	3.476744597871128E-4	1.988104098274356E-9	0.12501770438801105	3.649613843564836E-4	27.136058194997847	-87.73828217811618
353000	-3490.35841099185	-3427.079477438649	-63.278933553200986	-3427.079477438649	52.65892427891077	232.02883199211638	0.631143830034843	0.14071382137118682	2.427777371333504	0.4315088072953169	0.14071382137118682	2.427777371333504	0.4315088072953169	0.10991100393982389	4.4016883138667853E-4	3.0204771724504493E-9	0.12558230032867249	4.2654992682334406E-4	15.359671326150952	-84.6024269739045
354000	-3492.8601971730477	-3434.7730761809435	-58.08712099210403	-3434.7730761809435	52.0991731183161	224.65947156111346	0.631143830034843	0.14071382137118682	2.427777371333504	0.4315088072953169	0.14071382137118682	2.427777371333504	0.4315088072953169	0.1212525691284364	4.0927987572094614E-4	2.644863630332763E-9	0.12041786756303995	4.3806526415276646E-4	15.768633915395334	-84.85896373458019
355000	-3504.445656533291	-3430.083863685434	-74.36179284785725	-3430.083863685434	49.570700015696445	218.88261348643584	0.631143830034843	0.14071382137118682	2.5206489072179465	0.3386372714108739	0.14071382137118682	2.5206489072179465	0.3386372714108739	0.16565480954736647	4.6007775668788627E-4	6.768388227298995E-9	0.1818078758716615	4.483248640685608E-4	22.999216821514537	-81.73351038018744
356000	-3512.216266523641	-3432.9522493429736	-79.26401718066762	-3432.9522493429736	44.61611135399135	216.6845246218518	0.631143830034843	0.14071382137118682	2.429983355461134	0.42930282316768675	0.14071382137118682	2.429983355461134	0.42930282316768675	0.2079559953030339	4.336727992614498E-4	8.681784997899537E-9	0.2217769321103401	4.3137490159257143E-4	24.361600079524916	-81.67193352989722
357000	-3507.5713153894894	-3422.442583853378	-85.12873153611159	-3422.442583853378	61.71015481333078	262.56367746401867	0.631143830034843	0.14071382137118682	2.429983355461134	0.42930282316768675	0.14071382137118682	2.429983355461134	0.42930282316768675	0.2253195431088737	3.9780471328521304E-4	1.0073431856256638E-8	0.25396242197257063	4.001517645195063E-4	22.42739836159666	-83.99805528821744
358000	-3501.1962921234053	-3423.6173811799263	-77.57891094347903	-3423.6173811799263	50.6089165539522	242.29302136442027	0.631143830034843	0.031128533157957244	2.5395686436743636	0.42930282316768675	0.031128533157957244	2.5395686436743636	0.42930282316768675	0.1345802180729688	3.586472774031057E-4	3.15210928926948E-9	0.1604585279423315	3.3240672408833675E-4	24.567740505977763	-84.36630400942238
359000	-3512.2365142495114	-3432.333793252385	-79.9027209971265	-3432.333793252385	34.16287035360892	158.38579085564913	0.631143830034843	0.031128533157957244	2.5395686436743636	0.42930282316768675	0.031128533157957244	2.5395686436743636	0.42930282316768675	0.2765023185701353	6.65210769250161E-4	2.8838513468836857E-8	0.25964835332592867	7.221474225585736E-4	19.513009439625666	-74.28854697825183
360000	-3525.0287693874634	-3432.2495880271654	-92.77918136029801	-3432.2495880271654	40.332716686978785	175.48897152377478	0.631143830034843	0.031128533157957244	2.5395686436743636	0.42930282316768675	0.031128533157957244	2.5395686436743636	0.42930282316768675	0.36622362514459805	6.675934261753817E-4	6.083335359998935E-8	0.37617542159189565	6.801408707657894E-4	19.905755227535895	-76.02583109969636
361000	-3523.434480008263	-3435.8320963729607	-87.60238363530226	-3435.8320963729607	47.087183061137075	227.0437829067835	0.631143830034843	0.031128533157957244	2.5395686436743636	0.42930282316768675	0.031128533157957244	2.5395686436743636	0.42930282316768675	0.2544838343181387	4.1180819570501204E-4	1.3101783417406951E-8	0.2677014831543628	4.1577644367768056E-4	21.89417203243807	-83.92921182023125
362000	-3505.205770421994	-3428.282832608874	-76.92293781312053	-3428.282832608874	76.25422424609604	272.3340847813379	0.631143830034843	0.031128533157957244	2.5395686436743636	0.42930282316768675	0.031128533157957244	2.5395686436743636	0.42930282316768675	0.20993684928674303	3.375030532086168E-4	5.306792870872991E-9	0.20073842039463802	3.653789805366751E-4	20.08307151861369	-82.23770067900406
363000	-3494.323054360233	-3441.312441905638	-53.01061245459491	-3441.312441905638	40.64107567792316	180.8498877027981	0.631143830034843	0.031128533157957244	2.5395686436743636	0.42930282316768675	0.031128533157957244	2.5395686436743636	0.42930282316768675	0.11581772922603394	4.7071771647524995E-4	3.786341093563066E-9	0.12965138315618616	4.752126621913604E-4	13.859390614722091	-78.1158120376061
364000	-3513.142587041057	-3431.981607969192	-81.16097907186548	-3431.981607969192	35.55125214196749	176.50186193377087	0.631143830034843	0.031128533157957244	2.5395686436743636	0.42930282316768675	0.031128533157957244	2.5395686436743636	0.42930282316768675	0.2515185701011545	5.431766983621182E-4	1.8349255047308315E-8	0.2685731705324798	5.146653361244802E-4	14.83191515672342	-78.74277880763046
365000	-3509.5347578435167	-3428.1666255271684	-81.36813231634828	-3428.1666255271684	55.364894955643784	235.67703933925904	0.631143830034843	0.031128533157957244	2.5395686436743636	0.42930282316768675	0.031128533157957244	2.5395686436743636	0.42930282316768675	0.21184465024227636	3.9521020583450824E-4	6.417956948043674E-9	0.22361785649273339	3.422501689130976E-4	22.71426731713608	-81.39329909795352
366000	-3517.2216954690903	-3439.512095193382	-77.70960027570867	-3439.512095193382	52.49358834157749	257.7301106756952	0.631143830034843	0.20712986687043156	2.3635673099618892	0.42930282316768675	0.20712986687043156	2.3635673099618892	0.42930282316768675	0.16935815924268835	4.6636130709272797E-4	7.301580777116675E-9	0.19434215681585995	4.399652009977883E-4	22.03253847467675	-86.60414835412308
367000	-3494.684457109364	-3427.729240380401	-66.95521672896314	-3427.729240380401	44.17472565934894	209.1233730576033	0.631143830034843	0.20712986687043156	2.3635673099618892	0.42930282316768675	0.20712986687043156	2.3635673099618892	0.42930282316768675	0.18752327310594352	4.551730296284409E-4	5.064078106162452E-9	0.15646132535586535	4.5483750930734297E-4	21.369450880935652	-80.38211367256613
368000	-3515.5619946821507	-3422.6503533084574	-92.91164137369321	-3422.6503533084574	86.2216068096946	339.34540331231875	0.631143830034843	0.20712986687043156	2.3635673099618892	0.42930282316768675	0.20712986687043156	2.3635673099618892	0.42930282316768675	0.25731063200872545	2.8523881470407574E-4	5.001449214587748E-9	0.22837697335922724	3.253941940160283E-4	29.342345799590287	-89.84314526892864
369000	-3518.348716671556	-3432.8619396133813	-85.48677705817451	-3432.8619396133813	59.067551918452345	235.16385681299124	0.631143830034843	0.20712986687043156	2.3635673099618892	0.42930282316768675	0.20712986687043156	2.3635673099618892	0.42930282316768675	0.21431310784269456	4.1290097083232074E-4	1.3100786311291196E-8	0.2633246930200738	4.264332775398999E-4	15.17196663922097	-82.8914258749106
370000	-3534.4793493630173	-3437.059430916245	-97.41991844677223	-3437.059430916245	42.069364702618316	204.04177412961914	0.631143830034843	0.20712986687043156	2.3635673099618892	0.42930282316768675	0.20712986687043156	2.3635673099618892	0.42930282316768675	0.4071231764016243	4.5612134773277604E-4	3.4253055156108414E-8	0.3677316487947264	5.276159581803992E-4	15.316199237818847	-82.48658172324657
371000	-3516.1455620329352	-3425.2894893588464	-90.85607267408899	-3425.2894893588464	31.834910405658768	174.69269263231868	0.8246664224701977	0.1430843032709216	2.427612873561399	0.42930282316768675	0.1430843032709216	2.427612873561399	0.42930282316768675	0.34997407738534053	5.825710264756428E-4	3.272787923041482E-8	0.3518128975925149	5.325242312513004E-4	14.904156316701501	-80.95361530830412
372000	-3513.004859072871	-3429.0255480407386	-83.97931103213249	-3429.0255480407386	29.498952952920433	150.163635536143	0.8246664224701977	0.1430843032709216	2.427612873561399	0.42930282316768675	0.1430843032709216	2.427612873561399	0.42930282316768675	0.2986184229256977	6.333402210670196E-4	2.8438924456490635E-8	0.3016111761365472	5.217375537172646E-4	12.413083034097934	-76.46815919258596
373000	-3514.320403713879	-3427.2171847951936	-87.10321891868541	-3427.2171847951936	28.535620857761966	136.4083109766779	0.6723026616981057	0.1430843032709216	2.427612873561399	0.42930282316768675	0.1430843032709216	2.427612873561399	0.42930282316768675	0.3428910402033345	6.85478571996968E-4	6.180971394444649E-8	0.3885395969519573	6.237557209237588E-4	11.400838080698344	-72.50870083764055
374000	-3513.642456756722	-3425.353662563854	-88.28879419286808	-3425.353662563854	26.013026980848174	129.16192800746265	0.6723026616981057	0.1430843032709216	2.427612873561399	0.42930282316768675	0.1430843032709216	2.427612873561399	0.42930282316768675	0.425567237132096	8.201000880687407E-4	9.219402664866222E-8	0.36846989074860254	8.222251916620046E-4	11.871895364740666	-72.25613817095514
375000	-3530.9281787213486	-3432.1909064205647	-98.73727230078391	-3432.1909064205647	29.426659782065414	135.8977015345261	0.6723026616981057	0.1430843032709216	2.427612873561399	0.42930282316768675	0.1430843032709216	2.427612873561399	0.42930282316768675	0.612711775853774	6.921020327975984E-4	2.539538878993425E-7	0.7235948043092834	7.27055230027304E-4	14.54988836670563	-71.25772473901765
376000	-3526.8679096372366	-3426.43988083604	-100.42802880119649	-3426.43988083604	40.19088083664268	185.0561659106483	0.6723026616981057	0.1430843032709216	2.427612873561399	0.42930282316768675	0.1430843032709216	2.427612873561399	0.42930282316768675	0.36598988758730266	5.381164466235022E-4	3.687853279641667E-8	0.3753855641967419	4.731451268102792E-4	10.308175512529626	-84.96350038371764
377000	-3544.793187558848	-3437.703016130139	-107.0901714287088	-3437.703016130139	64.33660958649591	236.54986936720638	0.5588314096308078	0.2596707079503574	2.427612873561399	0.31271641848825094	0.2596707079503574	2.427612873561399	0.31271641848825094	0.40261969164303635	4.221947814298472E-4	5.1403150671999705E-8	0.44533369439073633	4.584337468376994E-4	12.456796044284848	-84.3737561532374
378000	-3522.2244302473214	-3427.621437568938	-94.60299267838344	-3427.621437568938	41.707401566115486	181.63728888876804	0.5588314096308078	0.08617789977004363	2.51809255670676	0.3957295435232036	0.08617789977004363	2.51809255670676	0.3957295435232036	0.31035747518230333	5.360399699831296E-4	4.60102233227345E-8	0.3766550604592345	5.507096112272924E-4	22.57438136304147	-76.76605438736581
379000	-3506.3563360208236	-3429.020314309708	-77.33602171111569	-3429.020314309708	69.4944396604842	316.1895624022634	0.5588314096308078	0.08617789977004363	2.51809255670676	0.3957295435232036	0.08617789977004363	2.51809255670676	0.3957295435232036	0.151136124686364	3.5949913035444864E-4	2.6602113129045944E-9	0.14496112676062525	3.4792400883202474E-4	33.078768030163225	-88.70460761942758
380000	-3507.7052507915196	-3430.8255809694538	-76.8796698220657	-3430.8255809694538	36.91103015400763	194.94800709385274	0.5588314096308078	0.08617789977004363	2.51809255670676	0.3957295435232036	0.08617789977004363	2.51809255670676	0.3957295435232036	0.20055024196036647	4.592425184001087E-4	7.705429952080221E-9	0.20748708208957314	4.111794645139936E-4	18.360100295739596	-82.48970294219755
381000	-3516.715927306683	-3437.932617320834	-78.78330998584879	-3437.932617320834	32.50859713269003	171.52791487553918	0.5588314096308078	0.08617789977004363	2.51809255670676	0.3957295435232036	0.08617789977004363	2.51809255670676	0.3957295435232036	0.19249776947222008	5.209802241361102E-4	1.3961044927970276E-8	0.22618993285607286	5.027684743803766E-4	20.627691392122383	-79.49858820237813
382000	-3503.8519396523425	-3441.6518776496755	-62.20006200266711	-3441.6518776496755	52.390768969268436	204.14076102404903	0.5588314096308078	0.24059370731199098	2.51809255670676	0.24131373598125627	0.24059370731199098	2.51809255670676	0.24131373598125627	0.15152150848297874	5.490763569532024E-4	7.881044432153785E-9	0.1513611101216481	5.719937317373578E-4	19.011743229476647	-78.21668374698132
383000	-3513.4193983459504	-3437.0426054390755	-76.37679290687511	-3437.0426054390755	43.918233943242726	194.1756187797109	0.5588314096308078	0.3176470842722284	2.4410391797465225	0.24131373598125627	0.3176470842722284	2.4410391797465225	0.24131373598125627	0.24953871740668254	4.4783441002198596E-4	8.288668287812734E-9	0.22685591538587724	4.030387376027661E-4	14.43657867828072	-78.88821681350764
384000	-3506.1560819824504	-3445.8739105339237	-60.28217144852675	-3445.8739105339237	32.62147081511006	164.21264217936778	0.5588314096308078	0.3176470842722284	2.4410391797465225	0.24131373598125627	0.3176470842722284	2.4410391797465225	0.24131373598125627	0.20250871599170456	5.565262479906957E-4	6.710400797597255E-9	0.14556279913692655	5.694769825393255E-4	14.775948840856724	-76.81508127080092
385000	-3538.164277800604	-3453.5378919634027	-84.62638583720141	-3453.5378919634027	31.257423441458585	143.55107267976922	0.5588314096308078	0.3176470842722284	2.4410391797465225	0.24131373598125627	0.3176470842722284	2.4410391797465225	0.24131373598125627	0.3141285175593007	6.514892134909144E-4	5.1643880213604025E-8	0.37964668102867044	5.941386340541073E-4	12.776855973644793	-72.47872669400454
386000	-3508.752345829755	-3444.5963605867228	-64.15598524303232	-3444.5963605867228	32.32910819109054	142.46831093523946	0.5588314096308078	0.3176470842722284	2.4410391797465225	0.24131373598125627	0.3176470842722284	2.4410391797465225	0.24131373598125627	0.263406612904322	7.057206071983522E-4	1.9200515842584312E-8	0.1830202380137918	7.882725747458464E-4	11.546478752891009	-72.52160574336895
387000	-3511.6310903012645	-3439.3885534971564	-72.24253680410801	-3439.3885534971564	38.171515991336655	193.83760488887367	0.5588314096308078	0.3176470842722284	2.4410391797465225	0.24131373598125627	0.3176470842722284	2.4410391797465225	0.24131373598125627	0.16143126562136517	4.92515881339771E-4	7.85080712156278E-9	0.17880946788874427	4.867858679471191E-4	14.77089765442532	-82.53620579948836
388000	-3497.496052826948	-3438.3519697920146	-59.14408303493353	-3438.3519697920146	47.752242608783305	234.36624130304497	0.5588314096308078	0.3176470842722284	2.4410391797465225	0.24131373598125627	0.3176470842722284	2.4410391797465225	0.24131373598125627	0.14389599780260942	4.0774272848192886E-4	2.3179764140743205E-9	0.11414190553617226	4.3841890207032896E-4	19.645128290545593	-85.27474754292035
389000	-3516.953121931306	-3432.227339312519	-84.72578261878746	-3432.227339312519	45.2050137242298	228.82630307692912	0.5588314096308078	0.3176470842722284	2.4410391797465225	0.24131373598125627	0.3176470842722284	2.4410391797465225	0.24131373598125627	0.19672746959603016	4.4721644058055317E-4	8.810133875107914E-9	0.23682581483756437	3.8557231915058014E-4	19.14614504695197	-85.20276969999364
390000	-3531.91717127004	-3435.1699846957413	-96.7471865742989	-3435.1699846957413	54.2814089086001	269.3320634186556	0.5588314096308078	0.3176470842722284	2.4410391797465225	0.24131373598125627	0.3176470842722284	2.4410391797465225	0.24131373598125627	0.26815339755334894	3.3039767809073603E-4	6.6330035180343936E-9	0.2541566429037784	3.036972803126346E-4	25.597926169759557	-88.54297021459148
391000	-3541.7840537103993	-3436.129706889555	-105.65434682084407	-3436.129706889555	60.32250009144468	260.27385871942244	0.5588314096308078	0.3176470842722284	2.4410391797465225	0.24131373598125627	0.3176470842722284	2.4410391797465225	0.24131373598125627	0.378760559800273	3.710987360767417E-4	1.3445060145733716E-8	0.3368150868106544	3.1194028583779996E-4	16.052584619711862	-88.56265215737517
392000	-3526.9783684975805	-3437.0112439359104	-89.96712456167026	-3437.0112439359104	53.423694135171	256.1853191429925	0.5588314096308078	0.3112693464265515	2.447416917592199	0.24131373598125627	0.3112693464265515	2.447416917592199	0.24131373598125627	0.25409386999946687	4.117813042878378E-4	1.1664460198595403E-8	0.2502383824312815	4.1840022965365995E-4	24.626875794677797	-85.63713769389139
393000	-3502.489205425424	-3435.0943010146575	-67.3949044107666	-3435.0943010146575	42.414595894874886	176.86218855152657	0.7583747761657584	0.3112693464265515	2.447416917592199	0.24131373598125627	0.3112693464265515	2.447416917592199	0.24131373598125627	0.2073021781914335	6.191884496109195E-4	1.3175991902418571E-8	0.18627879049983032	6.023866141249927E-4	15.193860632930587	-75.09064676389868
394000	-3514.3532860337405	-3427.5398963265784	-86.81338970716213	-3427.5398963265784	52.79875808290727	243.89273732699837	0.7583747761657584	0.3112693464265515	2.447416917592199	0.24131373598125627	0.3112693464265515	2.447416917592199	0.24131373598125627	0.21917294522586717	4.159443550137083E-4	9.389956407872211E-9	0.2403109016159073	3.91505124941478E-4	19.15263230260517	-85.8937378407539
395000	-3524.428983940446	-3434.8582260172716	-89.57075792317445	-3434.8582260172716	43.88340477694504	212.91821368238323	0.7583747761657584	0.18751929057313993	2.447416917592199	0.36506379183466786	0.18751929057313993	2.447416917592199	0.36506379183466786	0.27646332404323143	5.086965056675485E-4	2.7345114808462664E-8	0.3134025970854751	5.386856244814856E-4	22.68719291389418	-80.16194597977542
396000	-3483.8149885092694	-3425.973624566131	-57.841363943138305	-3425.973624566131	58.5336575563919	258.17552943254657	0.7583747761657584	0.18751929057313993	2.447416917592199	0.36506379183466786	0.18751929057313993	2.447416917592199	0.36506379183466786	0.09493133938327444	3.7141904102402825E-4	1.2933104086034175E-9	0.09860066310486358	3.522276275874304E-4	20.53160489917625	-86.16461748333667
397000	-3515.9287930756263	-3424.209190288278	-91.71960278734811	-3424.209190288278	25.974896939132982	129.57058311082596	0.7583747761657584	0.18751929057313993	2.447416917592199	0.36506379183466786	0.18751929057313993	2.447416917592199	0.36506379183466786	0.44750221088474584	6.503729711844786E-4	1.1029917306359279E-7	0.5125419760996248	6.651319515602792E-4	13.26856871636073	-71.45057547617228
398000	-3524.6708895233132	-3432.619833834707	-92.0510556886063	-3432.619833834707	25.60585307181531	133.75819672327134	0.7583747761657584	0.18751929057313993	2.447416917592199	0.36506379183466786	0.18751929057313993	2.447416917592199	0.36506379183466786	0.37693353190362894	7.713594269864718E-4	7.19998195050007E-8	0.37582300767821664	7.184652548381705E-4	11.117719833873787	-74.81546538235114
399000	-3513.568842466707	-3423.294792923274	-90.27404954343271	-3423.294792923274	35.41843944101677	166.1514881687132	0.7583747761657584	0.18751929057313993	2.447416917592199	0.36506379183466786	0.18751929057313993	2.447416917592199	0.36506379183466786	0.2873252277837445	5.726217851408057E-4	2.808119490951344E-8	0.3383713698802186	4.944815020612424E-4	12.194708353948483	-78.09449579030917
400000	-3493.297718250344	-3425.2659728468816	-68.0317454034625	-3425.2659728468816	46.34850791926169	208.8975110203515	0.7583747761657584	0.18751929057313993	2.447416917592199	0.36506379183466786	0.18751929057313993	2.447416917592199	0.36506379183466786	0.1760396902276987	4.6779595815847337E-4	5.647090193216859E-9	0.1704721541031852	4.3039350051823287E-4	17.52426426814496	-79.98066655199155
401000	-3513.2347231953268	-3427.7532317321907	-85.48149146313628	-3427.7532317321907	54.30084327548826	249.46676739606986	0.7583747761657584	0.18751929057313993	2.447416917592199	0.36506379183466786	0.18751929057313993	2.447416917592199	0.36506379183466786	0.20416811579504296	3.7271523659893627E-4	7.718857432785223E-9	0.22961421259913115	3.707426653472323E-4	16.3476620950454	-87.62876456298596
402000	-3479.339232315274	-3429.3237806491584	-50.015451666115716	-3429.3237806491584	43.61623989769445	184.23866307940654	0.7583747761657584	0.18751929057313993	2.447416917592199	0.36506379183466786	0.18751929057313993	2.447416917592199	0.36506379183466786	0.1344527059972992	5.40587484643382E-4	3.899262356511026E-9	0.11816347991848512	5.427286939847263E-4	16.15408508271954	-77.32611560599798
403000	-3495.894237166181	-3429.7366846003847	-66.15755256579648	-3429.7366846003847	36.573584978580406	152.3288601177579	0.7583747761657584	0.18751929057313993	2.447416917592199	0.36506379183466786	0.18751929057313993	2.447416917592199	0.36506379183466786	0.22468616948223596	7.357035757131004E-4	2.359793230765161E-8	0.2134716183399278	7.387927684127134E-4	11.103650521469024	-74.37586343903874
404000	-3513.526595374525	-3433.775929427822	-79.75066594670295	-3433.775929427822	31.234610338336466	146.36843605862202	0.7583747761657584	0.18751929057313993	2.447416917592199	0.36506379183466786	0.18751929057313993	2.447416917592199	0.36506379183466786	0.31387864128531373	7.27300938898112E-4	4.971341446919674E-8	0.32054050817258184	7.064377885578292E-4	13.274990563974006	-72.45188786058102
405000	-3524.5107898918163	-3426.431922940167	-98.07886695164896	-3426.431922940167	30.314739100569007	138.665123083509	0.7583747761657584	0.18751929057313993	2.447416917592199	0.36506379183466786	0.18751929057313993	2.447416917592199	0.36506379183466786	0.3344171452959903	9.55149996316184E-4	1.697457979336193E-7	0.43835572051543176	8.603854966226849E-4	13.059798867850839	-71.59498250614203
406000	-3495.1313723178737	-3432.103251394362	-63.02812092351155	-3432.103251394362	32.560520952210034	153.71316911447792	0.7583747761657584	0.18751929057313993	2.447416917592199	0.36506379183466786	0.18751929057313993	2.447416917592199	0.36506379183466786	0.18089959358193572	5.781813721089491E-4	1.3268395957279356E-8	0.19313656049386121	5.867183401427791E-4	16.073025872898103	-74.10261188791071
407000	-3512.1125546096746	-3426.9351696235667	-85.17738498610767	-3426.9351696235667	40.48035731026698	197.98648567101463	0.7583747761657584	0.18751929057313993	2.447416917592199	0.36506379183466786	0.18751929057313993	2.447416917592199	0.36506379183466786	0.2820236495387354	4.886233088610401E-4	1.6039972455865993E-8	0.2513878921803193	4.959472815414984E-4	13.81376831724897	-84.52432028556342
408000	-3489.1333025141553	-3427.671692872028	-61.46160964212719	-3427.671692872028	34.71462170073403	175.15156247635525	0.7583747761657584	0.18751929057313993	2.447416917592199	0.36506379183466786	0.18751929057313993	2.447416917592199	0.36506379183466786	0.16715323655154143	5.24575009163575E-4	5.566985474212279E-9	0.14983030028812416	4.93317463596856E-4	19.07728061093835	-78.34665780507478
409000	-3512.9773066486696	-3435.5603599939477	-77.41694665472164	-3435.5603599939477	48.335585526672844	219.36202965894464	0.7583747761657584	0.18751929057313993	2.2974568957611905	0.5150238136656764	0.18751929057313993	2.2974568957611905	0.5150238136656764	0.21803702154753332	4.991675757702968E-4	1.322702454665439E-8	0.22911671005904205	5.173534392876486E-4	16.216093646362697	-82.47850983890825
410000	-3524.7605272528776	-3438.3378372158422	-86.42269003703527	-3438.3378372158422	40.42939023061126	195.4305296027276	0.7583747761657584	0.18751929057313993	2.2974568957611905	0.5150238136656764	0.18751929057313993	2.2974568957611905	0.5150238136656764	0.3180673464059072	5.213119221232425E-4	3.951373258930614E-8	0.331393074032313	6.266976183220758E-4	17.24340031994139	-79.41965290017495
411000	-3496.2144313722624	-3436.1812920289226	-60.03313934333988	-3436.1812920289226	42.08278285547711	188.68012560243017	0.7583747761657584	0.18751929057313993	2.2974568957611905	0.5150238136656764	0.18751929057313993	2.2974568957611905	0.5150238136656764	0.1577123260897605	4.466813281467275E-4	4.043724405491839E-9	0.1466527574911273	4.52684597442721E-4	18.818782134691	-78.03195228300085
412000	-3496.036088644859	-3439.571449354604	-56.46463929025505	-3439.571449354604	37.28679959064885	180.5811798647743	0.7583747761657584	0.18751929057313993	2.3774209094077197	0.435059800019147	0.18751929057313993	2.3774209094077197	0.435059800019147	0.15385475440351562	4.8555881854565403E-4	3.6416271529317625E-9	0.12943957588603575	4.6119308455192995E-4	17.71003201124292	-78.32242074200194
413000	-3498.913640355549	-3428.912096019212	-70.00154433633692	-3428.912096019212	48.89638763696409	221.98713588258224	0.7583747761657584	0.18751929057313993	2.3774209094077197	0.435059800019147	0.18751929057313993	2.3774209094077197	0.435059800019147	0.1883315840166372	4.7322765052736825E-4	6.635541553547628E-9	0.1736327666825452	4.760803639716069E-4	17.392318864255156	-82.88157401037873
414000	-3496.4123899219435	-3432.0627443195954	-64.34964560234802	-3432.0627443195954	37.49357749543752	188.92911231814048	0.7583747761657584	0.18751929057313993	2.3774209094077197	0.435059800019147	0.18751929057313993	2.3774209094077197	0.435059800019147	0.18319876845314348	5.688572990497077E-4	7.716857976150652E-9	0.15667885061243295	5.657675551370506E-4	12.808743245445212	-82.35147726273281
415000	-3488.73878489329	-3429.1515110233536	-59.58727386993615	-3429.1515110233536	51.24434513509047	228.6473515668893	0.7583747761657584	0.18751929057313993	2.3774209094077197	0.435059800019147	0.18751929057313993	2.3774209094077197	0.435059800019147	0.13683848710778898	3.6688803300116766E-4	2.1613565286142654E-9	0.12778694112343056	3.6738718260118054E-4	18.583017603928884	-83.78350252485434
416000	-3498.8789670728697	-3429.9116044896928	-68.96736258317712	-3429.9116044896928	42.92758098655089	203.9180360298736	0.7583747761657584	0.18751929057313993	2.3774209094077197	0.435059800019147	0.18751929057313993	2.3774209094077197	0.435059800019147	0.14171058416175236	5.564187578320985E-4	7.563102479910378E-9	0.1611237169768807	5.245128082246297E-4	20.91651732894903	-80.29812171374802
417000	-3493.90220209837	-3429.343634319446	-64.55856777892338	-3429.343634319446	48.0558911750387	192.73986459148398	0.7583747761657584	0.18751929057313993	2.5731501880383094	0.2393305213885573	0.18751929057313993	2.5731501880383094	0.2393305213885573	0.12406977716268122	4.778931139146277E-4	6.453545260290528E-9	0.15674510073158773	5.194352889946476E-4	20.525688573384265	-76.72425872268377
418000	-3514.894327297619	-3436.36914047516	-78.52518682245899	-3436.36914047516	48.51019724052874	208.59231653800688	0.7583747761657584	0.18751929057313993	2.5731501880383094	0.2393305213885573	0.18751929057313993	2.5731501880383094	0.2393305213885573	0.22773713699060988	4.6436276445347086E-4	1.4391417852334143E-8	0.24352901908689045	5.245729169716049E-4	16.058840530871844	-81.44171040955702
419000	-3499.7435376458047	-3439.462338148663	-60.281199497141635	-3439.462338148663	40.0419801256833	163.36587505551074	0.7583747761657584	0.18751929057313993	2.5731501880383094	0.2393305213885573	0.18751929057313993	2.5731501880383094	0.2393305213885573	0.2017394119094615	5.839706214015823E-4	1.2084386331830039E-8	0.17829035949974298	6.265286141804448E-4	15.185309667956048	-73.00722382075755
420000	-3494.159784621873	-3429.062506413454	-65.09727820841923	-3429.062506413454	39.086728160974545	156.56754281402286	0.7583747761657584	0.18751929057313993	2.5731501880383094	0.2393305213885573	0.18751929057313993	2.5731501880383094	0.2393305213885573	0.19209679700549523	6.891685057760341E-4	1.6751996859829725E-8	0.18858628639547928	6.600784244294724E-4	12.324080654676548	-72.9477128350722
421000	-3530.4331634925434	-3435.4641497636485	-94.96901372889509	-3435.4641497636485	27.247208599745335	143.90253843862874	0.7583747761657584	0.0543367562464884	2.5731501880383094	0.3725130557152088	0.0543367562464884	2.5731501880383094	0.3725130557152088	0.44277836913057445	8.213871442570106E-4	1.2311952346517318E-7	0.4569947929024489	7.734448498872864E-4	12.054345677271597	-75.86799151936889
422000	-3528.8935613685826	-3430.238439976813	-98.65512139176963	-3430.238439976813	34.106891180837074	173.58751341982298	0.7583747761657584	0.0543367562464884	2.7126967703711897	0.23296647338232843	0.0543367562464884	2.7126967703711897	0.23296647338232843	0.41278338264002545	5.588189526818658E-4	8.162755948751595E-8	0.4461818749171253	6.143635850285592E-4	12.646522084456402	-79.73609708263038
423000	-3508.7924670696148	-3428.0524834919156	-80.7399835776991	-3428.0524834919156	51.53738870380933	219.69237318070833	0.7583747761657584	0.0543367562464884	2.7126967703711897	0.23296647338232843	0.0543367562464884	2.7126967703711897	0.23296647338232843	0.22113292257445621	4.298866949156583E-4	1.42404211944553E-8	0.24996287218684554	4.821079560820781E-4	17.019436897519732	-82.31067758230009
424000	-3532.107150246246	-3426.678864348909	-105.42828589733708	-3426.678864348909	54.653396129865115	240.63652226971644	0.7583747761657584	0.0543367562464884	2.7126967703711897	0.23296647338232843	0.0543367562464884	2.7126967703711897	0.23296647338232843	0.36441496305773197	4.1406422389514744E-4	2.3150246486720912E-8	0.400395726227961	3.909446523401318E-4	16.599639101118928	-87.72087859493091
425000	-3536.274402406803	-3419.991235181192	-116.28316722561064	-3419.991235181192	49.95570257729711	218.88692288251008	0.7583747761657584	0.0543367562464884	2.7126967703711897	0.23296647338232843	0.0543367562464884	2.7126967703711897	0.23296647338232843	0.6500937701131436	4.512259210198783E-4	9.460937316469059E-8	0.6432180977084804	5.019714635275532E-4	20.78091320305262	-81.79068102505055
426000	-3530.799941162613	-3429.1806909513234	-101.61925021128962	-3429.1806909513234	48.084433706853275	208.2883676518486	0.7583747761657584	0.0543367562464884	2.6166408986791465	0.3290223450743717	0.0543367562464884	2.6166408986791465	0.3290223450743717	0.3945433299271181	4.827866246536239E-4	2.817964905241142E-8	0.34652466369640134	4.614411852527106E-4	15.902460787740235	-80.93496876869997
427000	-3515.740892294794	-3425.27643564718	-90.46445664761383	-3425.27643564718	49.062977280012454	211.38178442404075	0.7583747761657584	0.2002322003624173	2.4707454545632177	0.3290223450743717	0.2002322003624173	2.4707454545632177	0.3290223450743717	0.3062289620298929	5.559339057391661E-4	3.7572700292060724E-8	0.3429661896785546	5.597214569382083E-4	19.343543434810698	-79.58254573816457
428000	-3518.9145724096443	-3427.1993694109774	-91.715202998667	-3427.1993694109774	45.01667186730373	215.12172994967577	0.7583747761657584	0.2002322003624173	2.4707454545632177	0.3290223450743717	0.2002322003624173	2.4707454545632177	0.3290223450743717	0.30290951372811725	5.453300311105741E-4	2.7602030761401716E-8	0.3249320771143231	5.464438255235885E-4	16.914744774028716	-83.64669061319117
429000	-3530.8382724729777	-3428.0003095349557	-102.8379629380219	-3428.0003095349557	41.967452361788006	213.31111496744938	0.7583747761657584	0.2002322003624173	2.4707454545632177	0.3290223450743717	0.2002322003624173	2.4707454545632177	0.3290223450743717	0.3331572591290722	4.82607322121941E-4	3.3170683221961934E-8	0.3732360950355666	4.8062871179259506E-4	17.644414078171934	-85.8592319991494
430000	-3513.768824026504	-3425.6872346239616	-88.08158940254232	-3425.6872346239616	34.07144949673688	167.93892346463878	0.7583747761657584	0.2002322003624173	2.4707454545632177	0.3290223450743717	0.2002322003624173	2.4707454545632177	0.3290223450743717	0.3184389652306212	6.444044792825043E-4	5.219949912838212E-8	0.36318839051123525	6.96954894174482E-4	12.603972455156384	-80.08134329644024
431000	-3515.101262058381	-3432.4662205373857	-82.63504152099557	-3432.4662205373857	35.60810248582888	161.61923229683995	0.7583747761657584	0.09693231735138418	2.5740453375742507	0.3290223450743717	0.09693231735138418	2.5740453375742507	0.3290223450743717	0.27145291699306084	6.658965977459133E-4	3.083186204063444E-8	0.2698027930695943	6.233277040841426E-4	18.771330411312924	-73.9311558880844
432000	-3517.2948930741463	-3431.305595903875	-85.98929717027104	-3431.305595903875	33.66049115368005	142.6815381053998	0.7583747761657584	0.09693231735138418	2.4226764874818163	0.480391195166806	0.09693231735138418	2.4226764874818163	0.480391195166806	0.4386376428961827	7.972774259199908E-4	9.807438324273951E-8	0.3444597770324698	9.259832180580139E-4	13.954363862264316	-71.23116549978059
433000	-3502.0022697178592	-3430.816065789814	-71.18620392804547	-3430.816065789814	42.20412015855179	188.69711949308538	0.7583747761657584	0.09693231735138418	2.506861639077564	0.3962060435710583	0.09693231735138418	2.506861639077564	0.3962060435710583	0.212962841519604	5.078644167971067E-4	1.2404270838395646E-8	0.21486708800388557	5.168985018012276E-4	18.64471770931404	-77.03774847107306
434000	-3494.1400848660787	-3425.9256363367767	-68.21444852930178	-3425.9256363367767	49.943852129969144	224.3117143778618	0.7583747761657584	0.038941108219893	2.564852848209055	0.3962060435710583	0.038941108219893	2.564852848209055	0.3962060435710583	0.1669430772044961	4.202424363366915E-4	4.31677347306693E-9	0.163969610582458	4.0324187909267787E-4	21.669599122050435	-81.06348908348932
435000	-3494.7719870747146	-3427.776691786664	-66.99529528805083	-3427.776691786664	35.771662936386996	197.01623872249036	0.7583747761657584	0.038941108219893	2.564852848209055	0.3962060435710583	0.038941108219893	2.564852848209055	0.3962060435710583	0.16112146648945022	4.209686259138098E-4	4.532891738464531E-9	0.16206495799914566	4.22877174383065E-4	16.03962258267988	-84.94822773111828
436000	-3507.075372593494	-3430.453659637985	-76.62171295550921	-3430.453659637985	59.57578030492185	254.93923459605944	0.7583747761657584	0.13650154397019046	2.467292412458758	0.3962060435710583	0.13650154397019046	2.467292412458758	0.3962060435710583	0.19911757215730574	4.007707128842692E-4	5.60748957961798E-9	0.1906080663060239	4.0912201464041924E-4	21.482604145623718	-84.77083296512946
437000	-3503.879590856075	-3435.8270230932544	-68.05256776282067	-3435.8270230932544	51.409267962592615	188.2136662507896	0.7583747761657584	0.13650154397019046	2.467292412458758	0.3962060435710583	0.13650154397019046	2.467292412458758	0.3962060435710583	0.19465144904410359	5.636886370105843E-4	1.4312582350744629E-8	0.205712852386365	5.650344971195184E-4	12.648103186177002	-76.41267281957873
438000	-3514.163577046618	-3437.410486938254	-76.75309010836366	-3437.410486938254	45.259252274506856	199.46014954285738	0.7583747761657584	0.03072448469198072	2.467292412458758	0.5019831028492681	0.03072448469198072	2.467292412458758	0.5019831028492681	0.23915025214728897	6.088832388945955E-4	2.061103399454864E-8	0.22130085238332564	6.403893491741642E-4	21.335469010952156	-78.2897048228153
439000	-3510.4559116976106	-3428.5882535618525	-81.86765813575802	-3428.5882535618525	39.06631682491249	187.9784235698907	0.7583747761657584	0.1733152650919182	2.467292412458758	0.3593923224493306	0.1733152650919182	2.467292412458758	0.3593923224493306	0.2497669102032139	4.930052374474211E-4	1.2588169461114111E-8	0.24130649727216966	4.504163221138901E-4	18.512570782083127	-81.051930871124
440000	-3489.5185018064553	-3430.6758682778272	-58.84263352862812	-3430.6758682778272	42.50304215080267	190.4915248047367	0.7583747761657584	0.1733152650919182	2.467292412458758	0.3593923224493306	0.1733152650919182	2.467292412458758	0.3593923224493306	0.12999068760291738	5.963674052357358E-4	6.238399554660506E-9	0.13534372227614552	5.781526131807972E-4	17.428091860742988	-79.1880259363065
441000	-3516.6482663272236	-3447.944870327733	-68.70339599949078	-3447.944870327733	39.7646428671175	195.5880118757458	0.7583747761657584	0.1733152650919182	2.467292412458758	0.3593923224493306	0.1733152650919182	2.467292412458758	0.3593923224493306	0.12999068760291738	4.399456232234043E-4	6.168756796209067E-9	0.1666170351160332	4.698583777479418E-4	20.374156218495486	-80.46827854733706
442000	-3502.0257933329367	-3434.650125433807	-67.37566789913006	-3434.650125433807	49.253536978566245	195.6624345030851	0.7583747761657584	0.1733152650919182	2.467292412458758	0.3593923224493306	0.1733152650919182	2.467292412458758	0.3593923224493306	0.18560557492451793	5.885906050507667E-4	1.504266460948008E-8	0.1910013172429832	6.481566516308927E-4	16.072628855653118	-77.09364261328885
443000	-3495.4071116019613	-3436.7030543606215	-58.70405724133966	-3436.7030543606215	34.67644499694151	146.95673952252682	0.7583747761657584	0.1733152650919182	2.467292412458758	0.3593923224493306	0.1733152650919182	2.467292412458758	0.3593923224493306	0.20145581894464787	6.062278754988403E-4	1.1704307974370642E-8	0.18048526001456466	6.198589197821234E-4	12.864878927936406	-72.64244709916103
444000	-3504.5010875162957	-3433.282006325667	-71.21908119062856	-3433.282006325667	35.852369876174876	167.20841494656725	0.7583747761657584	0.1733152650919182	2.567739098854076	0.2589456360540123	0.1733152650919182	2.567739098854076	0.2589456360540123	0.21340998966887478	5.53496638539077E-4	1.423177171159986E-8	0.22050817227094116	5.513309651536634E-4	11.686126955688891	-78.92975854023142
445000	-3520.3625605861607	-3430.617892384435	-89.74466820172573	-3430.617892384435	46.668920651937555	192.39916741778643	0.7583747761657584	0.06306722929666556	2.6779871346493285	0.2589456360540123	0.06306722929666556	2.6779871346493285	0.2589456360540123	0.38982802037428965	5.605350896913811E-4	4.4527993701245006E-8	0.3223628979091643	6.46754592063705E-4	16.684493674173773	-77.45255331874282
446000	-3521.365336802188	-3425.601412399126	-95.76392440306181	-3425.601412399126	47.386787156140336	208.0564218443835	0.7583747761657584	0.1973377239231258	2.5437166400228683	0.2589456360540123	0.1973377239231258	2.5437166400228683	0.2589456360540123	0.3356237915747011	5.748792709598838E-4	5.0821114187109636E-8	0.398748035262115	5.368651826823061E-4	21.66752707591776	-78.98014566685377
447000	-3497.79633772944	-3434.8094126594447	-62.98692506999535	-3434.8094126594447	42.458206570385876	196.32086554500663	0.7583747761657584	0.1973377239231258	2.5437166400228683	0.2589456360540123	0.1973377239231258	2.5437166400228683	0.2589456360540123	0.1579839982293085	4.138841651488167E-4	3.755461174141095E-9	0.14915982062475658	4.146047392078739E-4	13.995081848374362	-82.13916653725886
448000	-3516.2531397793477	-3426.212925920387	-90.0402138589606	-3426.212925920387	66.70156722431653	268.9247919356007	0.7583747761657584	0.1973377239231258	2.5437166400228683	0.2589456360540123	0.1973377239231258	2.5437166400228683	0.2589456360540123	0.29025381960231494	3.960561540879427E-4	1.0301177287291837E-8	0.26290809876280813	3.861095133240358E-4	25.468021517922278	-84.16511315229354
449000	-3510.472402131746	-3435.9255491242734	-74.54685300747275	-3435.9255491242734	54.05000303945225	231.9213777257866	0.7583747761657584	0.1973377239231258	2.5437166400228683	0.2589456360540123	0.1973377239231258	2.5437166400228683	0.2589456360540123	0.19283247838405249	4.132979284203052E-4	6.1168763004013684E-9	0.19618048060315227	4.020005849565716E-4	16.742295820301738	-82.79623776516114
450000	-3489.5239302676573	-3432.1116534929097	-57.41227677474744	-3432.1116534929097	36.30620928169147	186.6550773858331	0.7583747761657584	0.1973377239231258	2.5437166400228683	0.2589456360540123	0.1973377239231258	2.5437166400228683	0.2589456360540123	0.10180635723960668	5.036774413096885E-4	3.945574402945423E-9	0.12744623191423218	4.908673773429505E-4	19.15873183164724	-79.55897312131034
451000	-3486.5676117296202	-3430.1331466056245	-56.434465123995594	-3430.1331466056245	38.54186922305422	187.47815260117997	0.7583747761657584	0.0437465192668956	2.5437166400228683	0.41253684071024244	0.0437465192668956	2.5437166400228683	0.41253684071024244	0.12238914385853152	5.701383545637866E-4	5.4821764005282366E-9	0.1296170755450573	5.629256316954907E-4	15.497274651831674	-80.26453637476757
452000	-3485.95077190348	-3434.5532540170366	-51.397517886443424	-3434.5532540170366	35.700302174766605	163.822098493329	0.7583747761657584	0.14907201500343742	2.5437166400228683	0.3072113449737006	0.14907201500343742	2.5437166400228683	0.3072113449737006	0.13614483604057315	6.109335017360956E-4	6.549337566544932E-9	0.13150417048935997	6.40316636243999E-4	13.285224748722657	-75.7509337950884
453000	-3506.694782312662	-3420.3434940956745	-86.35128821698748	-3420.3434940956745	48.74769557035981	227.78690809756552	0.7583747761657584	0.14907201500343742	2.5437166400228683	0.3072113449737006	0.14907201500343742	2.5437166400228683	0.3072113449737006	0.27422402643148014	4.104128060243127E-4	9.031335989686583E-9	0.21995212942718526	4.1085831295109717E-4	21.80495643119739	-83.35472218611731
454000	-3517.939079383321	-3430.833540814474	-87.10553856884684	-3430.833540814474	36.58423736518736	162.62772673010443	0.7583747761657584	0.1767046527099375	2.4283022399189065	0.3949931073711622	0.1767046527099375	2.4283022399189065	0.3949931073711622	0.377142964899335	5.277125525594671E-4	2.98585605769534E-8	0.337188405544251	5.695789440218425E-4	18.570421237771452	-74.40763086118666
455000	-3522.1207636665017	-3427.027733186403	-95.09303048009882	-3427.027733186403	46.02554792081236	218.92065613317672	0.7583747761657584	0.1767046527099375	2.4283022399189065	0.3949931073711622	0.1767046527099375	2.4283022399189065	0.3949931073711622	0.34499127057922085	5.189019605710357E-4	2.398566396379705E-8	0.31698271860517246	5.164068692459938E-4	20.265548162779496	-82.9494819277933
456000	-3515.7439366192953	-3433.388127672431	-82.3558089468644	-3433.388127672431	56.88926313281121	208.7904429210307	0.7583747761657584	0.1767046527099375	2.5228452722022223	0.30045007508784627	0.1767046527099375	2.5228452722022223	0.30045007508784627	0.27807809427294494	4.8325479153280574E-4	2.4464638845893825E-8	0.2951221188797948	5.281782491645524E-4	12.973166615418732	-79.45801240736432
457000	-3515.9817449878483	-3437.9753670097325	-78.00637797811565	-3437.9753670097325	32.85482694591765	163.3840303973077	0.7583747761657584	0.1767046527099375	2.5228452722022223	0.30045007508784627	0.1767046527099375	2.5228452722022223	0.30045007508784627	0.27725121216190035	6.193455737424672E-4	2.794862932098808E-8	0.27288588186138807	6.275736871267056E-4	15.214228370205273	-76.83369360666202
458000	-3515.8821383704526	-3435.5643052527985	-80.31783311765417	-3435.5643052527985	38.35385755293272	178.5695858518993	0.7583747761657584	0.1767046527099375	2.2961781591609616	0.5271171881291072	0.1767046527099375	2.2961781591609616	0.5271171881291072	0.24002045372761932	4.6029017384131046E-4	1.0980331342986511E-8	0.21983813031571278	4.3213271209048435E-4	19.9575460343926	-76.79471068854978
459000	-3497.1866668930884	-3427.371424737273	-69.81524215581513	-3427.371424737273	65.49245338432313	284.36550459098015	0.7583747761657584	0.1767046527099375	2.2961781591609616	0.5271171881291072	0.1767046527099375	2.2961781591609616	0.5271171881291072	0.1499030541432196	3.843338190777304E-4	3.318324871576502E-9	0.14473737783559948	4.02301274403795E-4	17.590882190542903	-90.48892634939597
460000	-3534.370128109418	-3434.325016351806	-100.04511175761209	-3434.325016351806	42.879459172433016	203.66652162460258	0.7583747761657584	0.1767046527099375	2.2961781591609616	0.5271171881291072	0.1767046527099375	2.2961781591609616	0.5271171881291072	0.39200712927960224	4.068841849005672E-4	1.6143318016936036E-8	0.3250634009372915	4.063066488650064E-4	26.179285850095308	-81.57542524101986
461000	-3518.526877080027	-3432.663396325804	-85.86348075422305	-3432.663396325804	43.7820223092848	206.91487515160372	0.7583747761657584	0.1767046527099375	2.2961781591609616	0.5271171881291072	0.1767046527099375	2.2961781591609616	0.5271171881291072	0.2789081680120634	4.580769994666763E-4	1.3350843298852866E-8	0.2767464549282493	4.247425217713216E-4	21.129858164529274	-81.52998229784299
462000	-3510.845228425538	-3443.9403768883735	-66.90485153716483	-3443.9403768883735	47.599239547085915	216.80463070738688	0.7583747761657584	0.1767046527099375	2.4811466069218038	0.34214874036826504	0.1767046527099375	2.4811466069218038	0.34214874036826504	0.1591236001902111	4.586796726542822E-4	5.4337115185358245E-9	0.16417230490424214	4.6117515101333625E-4	19.61013474176401	-81.16545755053183
463000	-3522.2043436620334	-3431.5474778554362	-90.65686580659704	-3431.5474778554362	58.67079973690933	249.6831163526848	0.7583747761657584	0.1767046527099375	2.4811466069218038	0.34214874036826504	0.1767046527099375	2.4811466069218038	0.34214874036826504	0.21111061624332406	4.059872329849712E-4	1.186484759295826E-8	0.25828055677330863	4.0361004975895677E-4	31.773146204999616	-83.86866030935492
464000	-3514.114673392657	-3426.568788684439	-87.54588470821828	-3426.568788684439	41.568732025960045	213.93616565259822	0.7583747761657584	0.1767046527099375	2.4811466069218038	0.34214874036826504	0.1767046527099375	2.4811466069218038	0.34214874036826504	0.22291084294429037	4.391242405846518E-4	1.668586269701911E-8	0.2703356903816453	4.8359172692230925E-4	17.739455160161082	-83.99229673053037
465000	-3515.5047254964084	-3428.230542902112	-87.27418259429615	-3428.230542902112	53.53055421502143	222.09194246566545	0.7583747761657584	0.1767046527099375	2.4811466069218038	0.34214874036826504	0.1767046527099375	2.4811466069218038	0.34214874036826504	0.28794711836286857	4.68105425241859E-4	1.912889033105055E-8	0.2927409959513931	4.766656672848466E-4	19.017962544464535	-80.12399683882782
466000	-3514.422566200788	-3419.486524470197	-94.93604173059119	-3419.486524470197	50.184722347759774	237.36235456814052	0.7583747761657584	0.1767046527099375	2.4811466069218038	0.34214874036826504	0.1767046527099375	2.4811466069218038	0.34214874036826504	0.2987418055059291	4.110918435716015E-4	1.8463850479606252E-8	0.3306826015977607	3.932777981183346E-4	19.354465942758868	-83.57370443158673
467000	-3489.6643677450684	-3428.081395262804	-61.58297248226427	-3428.081395262804	44.933313419159425	228.26424152547287	0.7583747761657584	0.1767046527099375	2.4811466069218038	0.34214874036826504	0.1767046527099375	2.4811466069218038	0.34214874036826504	0.11976311532116278	3.982874515862464E-4	2.4353853871029076E-9	0.12244451620158986	3.979102097747805E-4	20.98333109269715	-84.40994185672268
468000	-3504.4123636116683	-3428.69135322301	-75.72101038865841	-3428.69135322301	43.91195503938215	204.12294037713875	0.7583747761657584	0.05685279274789974	2.6009984668838415	0.34214874036826504	0.05685279274789974	2.6009984668838415	0.34214874036826504	0.20761438226719794	3.9990556660021064E-4	4.873234121307215E-9	0.18926684619816075	3.7475643139374426E-4	10.831015331281101	-87.63557260963584
469000	-3500.6557918925737	-3425.5163589353647	-75.13943295720922	-3425.5163589353647	36.71583910702598	186.05649008100286	0.7583747761657584	0.05685279274789974	2.6009984668838415	0.34214874036826504	0.05685279274789974	2.6009984668838415	0.34214874036826504	0.20849236474035573	5.152983371972532E-4	9.404883668576662E-9	0.18817865929087815	4.945436781454052E-4	15.958634459898379	-80.56574705103597
470000	-3512.4469569694793	-3432.273908468335	-80.1730485011442	-3432.273908468335	42.80514108751164	188.5111512439989	0.7583747761657584	0.05685279274789974	2.6009984668838415	0.34214874036826504	0.05685279274789974	2.6009984668838415	0.34214874036826504	0.2728509793631616	4.2758020539317853E-4	1.007524208968607E-8	0.24622705233270525	4.6380163719243625E-4	15.159654404047563	-78.38001538348044
471000	-3516.589258442393	-3448.3566404164067	-68.2326180259867	-3448.3566404164067	38.47037634847932	175.1238163986239	0.7583747761657584	0.05685279274789974	2.6009984668838415	0.34214874036826504	0.05685279274789974	2.6009984668838415	0.34214874036826504	0.2047873488174858	5.621145951112353E-4	1.0104019613623829E-8	0.18865274686873362	5.706253715135527E-4	18.797362798229237	-77.26572561966209
472000	-3505.0411838101227	-3432.014704865726	-73.02647894439681	-3432.014704865726	59.35304308501816	277.0586740993837	0.7583747761657584	0.05685279274789974	2.6009984668838415	0.34214874036826504	0.05685279274789974	2.6009984668838415	0.34214874036826504	0.1721953190470722	3.547659187532637E-4	2.4064586540300185E-9	0.1402416719034034	3.5767562381490886E-4	20.619116789086885	-90.5939353389973
473000	-3493.322043800361	-3431.660687741573	-61.66135605878805	-3431.660687741573	47.881414091752156	208.4963269657674	0.7583747761657584	0.05685279274789974	2.6009984668838415	0.34214874036826504	0.05685279274789974	2.6009984668838415	0.34214874036826504	0.1519271555224449	4.5378218880464153E-4	3.6495672531373995E-9	0.13652026500197878	4.383720813491697E-4	22.315534330832914	-79.6865740698672
474000	-3526.743060451979	-3435.64279992696	-91.10026052501897	-3435.64279992696	39.87949350758262	208.29372920828916	0.7583747761657584	0.05685279274789974	2.6009984668838415	0.34214874036826504	0.05685279274789974	2.6009984668838415	0.34214874036826504	0.27311033408443897	5.61401049078942E-4	2.1196566403252926E-8	0.2696043343665344	5.368461779085645E-4	12.80333624296233	-86.69131850255276
475000	-3483.354455513129	-3431.705605483781	-51.64885002934795	-3431.705605483781	38.64350154693631	171.9112151464179	0.7583747761657584	0.05685279274789974	2.6009984668838415	0.34214874036826504	0.05685279274789974	2.6009984668838415	0.34214874036826504	0.10046088018183857	6.653848927719676E-4	6.212548559269304E-9	0.11856712510523232	6.581138108329072E-4	13.67464909292815	-77.24800056739575
476000	-3521.167392838931	-3426.3971243732003	-94.77026846573052	-3426.3971243732003	46.69908080738179	192.68168221408902	0.7583747761657584	0.05685279274789974	2.6009984668838415	0.34214874036826504	0.05685279274789974	2.6009984668838415	0.34214874036826504	0.4414726015688272	5.061082136992213E-4	5.0489236957899547E-8	0.45578425745164425	6.042452085893463E-4	15.462487003128645	-77.70403872566709
477000	-3494.011021913448	-3430.5834215776076	-63.4276003358405	-3430.5834215776076	51.29319829260591	206.08547816330625	0.7583747761657584	0.05685279274789974	2.6009984668838415	0.34214874036826504	0.05685279274789974	2.6009984668838415	0.34214874036826504	0.17873985492216962	4.5449079586997745E-4	4.56783108593478E-9	0.15453469301368314	4.2927668995173797E-4	16.21285056923938	-79.22028356865376
478000	-3528.9747455588563	-3425.291038509938	-103.68370704891836	-3425.291038509938	34.06241192211946	153.86263276162606	0.7583747761657584	0.05685279274789974	2.6009984668838415	0.34214874036826504	0.05685279274789974	2.6009984668838415	0.34214874036826504	0.5774512568091432	5.147041560678878E-4	9.253777969301757E-8	0.6588947003212003	4.447100662341216E-4	14.115101697213433	-74.48313111821169
479000	-3529.210615653778	-3423.936730836441	-105.27388481733735	-3423.936730836441	42.24698983080924	169.02071777203645	0.7583747761657584	0.15627876800702611	2.501572491624715	0.34214874036826504	0.15627876800702611	2.501572491624715	0.34214874036826504	0.5663351116724606	5.26753508360148E-4	1.1076242363061168E-7	0.650173556470402	4.981070728733377E-4	15.582907253226972	-74.33315380997858
480000	-3537.0904957219823	-3421.0523268609477	-116.03816886103465	-3421.0523268609477	57.17563386193951	253.03942846851933	0.7583747761657584	0.15627876800702611	2.501572491624715	0.34214874036826504	0.15627876800702611	2.501572491624715	0.34214874036826504	0.5206634856079861	4.0382710360936576E-4	6.762123432383902E-8	0.613551512748574	3.864035624599518E-4	21.94478857990113	-83.8005262160529
481000	-3518.0898685287066	-3427.822726936658	-90.26714159204865	-3427.822726936658	46.654428010840924	194.15477935648792	0.7583747761657584	0.15627876800702611	2.501572491624715	0.34214874036826504	0.15627876800702611	2.501572491624715	0.34214874036826504	0.38064422842830475	5.134988329796055E-4	2.7046855525570756E-8	0.2915857508219518	5.635153784922458E-4	13.442914952995782	-78.55661073245668
482000	-3482.478766464567	-3433.0492215435875	-49.42954492097954	-3433.0492215435875	47.76466951254346	222.7938143682016	0.7583747761657584	0.15627876800702611	2.501572491624715	0.34214874036826504	0.15627876800702611	2.501572491624715	0.34214874036826504	0.10356238182189739	4.637870820378704E-4	1.6743301413561456E-9	0.09208944089334904	4.3945518627340154E-4	20.063056397122512	-82.72159034768443
483000	-3494.649186352048	-3432.496276828352	-62.152909523696046	-3432.496276828352	40.8965395589037	190.8705290470413	0.7583747761657584	0.15627876800702611	2.501572491624715	0.34214874036826504	0.15627876800702611	2.501572491624715	0.34214874036826504	0.14714169541208919	5.029551562636756E-4	6.1124105493726E-9	0.1543842881965226	5.155140213711446E-4	16.61899475571593	-80.55758326836931
484000	-3510.7835088698343	-3424.946872279617	-85.83663659021771	-3424.946872279617	41.01393597111158	195.28942442805487	0.7583747761657584	0.1976848793247687	2.4601663803069727	0.34214874036826504	0.1976848793247687	2.4601663803069727	0.34214874036826504	0.28072563294962943	5.586693701674297E-4	2.7232901557529796E-8	0.2918537712937656	5.586012311313054E-4	16.210004902529374	-81.24172096506389
485000	-3517.577669329163	-3429.074891893656	-88.50277743550718	-3429.074891893656	51.66542835381556	197.61442224036975	0.7583747761657584	0.1976848793247687	2.4601663803069727	0.34214874036826504	0.1976848793247687	2.4601663803069727	0.34214874036826504	0.2765967850685192	5.476094009926066E-4	4.102173028487134E-8	0.3471996186573996	5.615800124688674E-4	17.665445216273763	-76.42860228276153
486000	-3506.6161336796777	-3427.103597840449	-79.51253583922873	-3427.103597840449	38.613866582661956	178.16819330139847	0.7583747761657584	0.1976848793247687	2.4601663803069727	0.34214874036826504	0.1976848793247687	2.4601663803069727	0.34214874036826504	0.2708803535567271	5.078943468483825E-4	1.989629312087814E-8	0.2709320422342472	5.420647531404571E-4	13.494570713155856	-79.00152007959677
487000	-3518.60920376559	-3431.4206411357004	-87.18856262988969	-3431.4206411357004	28.017053431560427	142.150377908241	0.7583747761657584	0.1976848793247687	2.4601663803069727	0.34214874036826504	0.1976848793247687	2.4601663803069727	0.34214874036826504	0.3375023025857282	8.551431601779588E-4	8.585064569116942E-8	0.34347675889561813	8.033508290974731E-4	12.143705975091908	-74.9933389584717
488000	-3533.832456556123	-3431.342426173248	-102.49003038287474	-3431.342426173248	30.1921703714645	151.3115905157146	0.7583747761657584	0.1976848793247687	2.4601663803069727	0.34214874036826504	0.1976848793247687	2.4601663803069727	0.34214874036826504	0.336887974341112	5.605153999226779E-4	5.015239886818829E-8	0.39407735086459494	5.139662046535922E-4	17.36048339263232	-74.9078399676105
489000	-3546.826011504895	-3431.6766099019605	-115.1494016029348	-3431.6766099019605	43.037928550324025	219.38223094795606	0.7583747761657584	0.0615093282542985	2.596341931377443	0.34214874036826504	0.0615093282542985	2.596341931377443	0.34214874036826504	0.43896505980874606	5.500918150342212E-4	1.4168889954690318E-7	0.7049212839962534	5.254235369353125E-4	19.618136200279636	-84.40085699327061
490000	-3530.5474462778993	-3437.890340741467	-92.6571055364326	-3437.890340741467	30.55001836261478	130.74831016846832	0.7583747761657584	0.0615093282542985	2.596341931377443	0.34214874036826504	0.0615093282542985	2.596341931377443	0.34214874036826504	0.41714904226225563	8.327667389711E-4	1.3206143417070736E-7	0.43235213893498653	8.086403041329079E-4	16.01994630913466	-69.72873962211733
491000	-3514.3096635084025	-3426.587807829745	-87.72185567865763	-3426.587807829745	22.4466744061387	107.48175675233765	0.7583747761657584	0.1940172004660179	2.4638340591657237	0.34214874036826504	0.1940172004660179	2.4638340591657237	0.34214874036826504	0.47395998032382747	8.137661984768205E-4	1.8155345533647804E-7	0.5455384302131128	7.802443773755405E-4	9.559294361590833	-67.51176189290518
492000	-3537.645371493949	-3437.489263359439	-100.15610813450962	-3437.489263359439	23.266866547052672	123.04775487975132	0.7583747761657584	0.1940172004660179	2.4638340591657237	0.34214874036826504	0.1940172004660179	2.4638340591657237	0.34214874036826504	0.43667919946273953	7.8875199601385E-4	1.8889518631656775E-7	0.5905052531883885	6.788609862917176E-4	18.39365820078645	-71.37855262419394
493000	-3521.51730510951	-3426.4337591421872	-95.08354596732268	-3426.4337591421872	22.892590043325704	117.57353328515512	0.7583747761657584	0.1940172004660179	2.4638340591657237	0.34214874036826504	0.1940172004660179	2.4638340591657237	0.34214874036826504	0.4706439386462021	7.825807651386571E-4	1.6107122762746173E-7	0.5142496413676162	7.53331398160205E-4	14.700334542783867	-71.07937469197319
494000	-3525.9344671389017	-3438.710752203753	-87.22371493514842	-3438.710752203753	29.70504686021001	132.1808750657346	0.7583747761657584	0.01668747845434279	2.641163781177399	0.34214874036826504	0.01668747845434279	2.641163781177399	0.34214874036826504	0.40300289218027946	6.225855588490044E-4	7.262434406865859E-8	0.42051114170370774	6.143056667751366E-4	10.49085765568555	-71.79674209807771
495000	-3510.2756272899073	-3431.3996094366066	-78.87601785330058	-3431.3996094366066	24.873338358289995	122.40841173903259	0.7583747761657584	0.14218566970888424	2.5156655899228575	0.34214874036826504	0.14218566970888424	2.5156655899228575	0.34214874036826504	0.25726359026104906	0.0010435304406865636	1.1876694494748895E-7	0.3647936716178169	0.0010049976126899763	14.133339568658569	-69.94084677184722
496000	-3522.7580910710976	-3432.8766212304627	-89.8814698406351	-3432.8766212304627	24.454803034123348	128.80544357514643	0.7583747761657584	0.14218566970888424	2.5156655899228575	0.34214874036826504	0.14218566970888424	2.5156655899228575	0.34214874036826504	0.32619285172782525	8.427959313657807E-4	7.441823516357764E-8	0.36742404794619143	7.155666253634047E-4	13.062488249441026	-73.4248386367413
497000	-3514.7267853500916	-3428.1931600054527	-86.53362534463874	-3428.1931600054527	22.654347260396882	117.62582962966957	0.7583747761657584	0.14218566970888424	2.5156655899228575	0.34214874036826504	0.14218566970888424	2.5156655899228575	0.34214874036826504	0.3474291501082266	7.585621999892633E-4	1.0497312234283233E-7	0.4275198420052056	7.645601724229163E-4	12.394730675247787	-71.1145381632598
498000	-3500.250002434332	-3422.142240949225	-78.10776148510692	-3422.142240949225	30.56050551090382	143.3933660615148	0.7583747761657584	0.14218566970888424	2.5156655899228575	0.34214874036826504	0.14218566970888424	2.5156655899228575	0.34214874036826504	0.24545418205357314	6.994445269843549E-4	3.555889220783684E-8	0.2565431133362523	7.322799490815488E-4	8.11914661340415	-79.07318310655825
499000	-3510.4890516424757	-3435.016678265892	-75.47237337658356	-3435.016678265892	27.749340713402404	144.84476314806568	0.7583747761657584	0.10225914124526755	2.392910719280039	0.5048301394746999	0.10225914124526755	2.392910719280039	0.5048301394746999	0.24659390117933097	7.498415382994334E-4	3.364489918224877E-8	0.23996992735704406	7.368886741850467E-4	12.992203788675527	-74.8353339721205
500000	-3507.1497830689004	-3430.9934887438194	-76.156294325081	-3430.9934887438194	26.644117560056387	138.37006159141163	0.7583747761657584	0.10225914124526755	2.48509004996826	0.41265080878647903	0.10225914124526755	2.48509004996826	0.41265080878647903	0.3119215198498926	7.700604320621094E-4	3.5080729328990745E-8	0.26717022790023587	7.660600222625952E-4	14.997058366387513	-73.26343791719597
501000	-3519.3296086180803	-3428.5779887589333	-90.75161985914696	-3428.5779887589333	52.14342174470622	213.37054234361003	0.8096787740844005	0.08070602044761818	2.637470868619281	0.28182311093310264	0.08070602044761818	2.637470868619281	0.28182311093310264	0.21047904132857542	4.2564084986004293E-4	1.530098864604334E-8	0.2758742690904335	4.3850555334287646E-4	22.068285806065223	-79.63066408389582
502000	-3498.482593909502	-3434.620637735079	-63.86195617442302	-3434.620637735079	47.51739752080897	191.5175553863769	0.8096787740844005	0.08070602044761818	2.637470868619281	0.28182311093310264	0.08070602044761818	2.637470868619281	0.28182311093310264	0.16461819012699552	5.947114988362013E-4	7.808896873927733E-9	0.15639849600847142	5.885278933545927E-4	21.80619252281164	-76.58963261464527
503000	-3488.371153849284	-3430.3384267054976	-58.032727143786275	-3430.3384267054976	42.553840397691	174.74065332453938	0.8096787740844005	0.08070602044761818	2.637470868619281	0.28182311093310264	0.08070602044761818	2.637470868619281	0.28182311093310264	0.12156271055852975	5.775887768627719E-4	7.783313237410907E-9	0.14976978130970162	5.757108080687069E-4	13.38833226206003	-76.5381474220068
504000	-3518.778268660516	-3435.303352560843	-83.47491609967298	-3435.303352560843	35.38668171658183	153.33080642345618	0.8096787740844005	0.08070602044761818	2.637470868619281	0.28182311093310264	0.08070602044761818	2.637470868619281	0.28182311093310264	0.39029397232221	7.370546679073777E-4	8.730483169307823E-8	0.3714758907178873	9.168925718852734E-4	13.38833226206003	-72.81865613161682
505000	-3514.18119893221	-3433.316207339638	-80.86499159257214	-3433.316207339638	43.16560959719831	181.2178339580001	0.8096787740844005	0.20603148658160725	2.512145402485292	0.28182311093310264	0.20603148658160725	2.512145402485292	0.28182311093310264	0.3445253434809686	5.322653910432299E-4	2.5621090706122697E-8	0.28302544119878625	6.067707017344187E-4	11.506505146324058	-78.45907452120952
506000	-3528.477927371559	-3434.431908857194	-94.04601851436512	-3434.431908857194	52.53476627577113	217.01932184711168	0.8096787740844005	0.20603148658160725	2.512145402485292	0.28182311093310264	0.20603148658160725	2.512145402485292	0.28182311093310264	0.4148135863455401	4.8734605731447163E-4	2.4160558419731677E-8	0.3080100750521741	5.058637014594764E-4	18.07088054767066	-80.37130071510684
507000	-3496.554302957762	-3434.035064608244	-62.519238349518396	-3434.035064608244	42.34726505159909	202.23999607325715	0.8096787740844005	0.20603148658160725	2.512145402485292	0.28182311093310264	0.20603148658160725	2.512145402485292	0.28182311093310264	0.1364641594150073	4.7133271974432114E-4	3.925155981125252E-9	0.1395199693413133	4.6734936000928127E-4	14.692919804117022	-83.5356547918865
508000	-3515.7870078014857	-3444.1588319295934	-71.62817587189257	-3444.1588319295934	41.6692488503612	180.6165333083875	0.8096787740844005	0.20603148658160725	2.632548008161237	0.16142050525715793	0.20603148658160725	2.632548008161237	0.16142050525715793	0.23331898063528578	5.467883238940571E-4	1.2902802074121757E-8	0.21776935740105507	5.168753852604954E-4	14.692919804117022	-77.12029021787191
509000	-3543.864821453327	-3448.4279441110125	-95.43687734231438	-3448.4279441110125	51.22106338521453	204.39843931117528	0.8096787740844005	0.20603148658160725	2.632548008161237	0.16142050525715793	0.20603148658160725	2.632548008161237	0.16142050525715793	0.4292123873163285	5.704824734671259E-4	7.110891791789396E-8	0.422308004924493	6.539352167751242E-4	14.48030445124724	-78.2200440547477
510000	-3502.612557472413	-3443.025681880064	-59.58687559234871	-3443.025681880064	36.19438734693729	161.0251177858221	0.8096787740844005	0.20603148658160725	2.632548008161237	0.16142050525715793	0.20603148658160725	2.632548008161237	0.16142050525715793	0.19411449325261154	5.776453619146795E-4	8.272781275444085E-9	0.15791512582954692	5.91293835836705E-4	10.185297242017514	-77.96209082504129
511000	-3503.1303266205014	-3442.3063002450194	-60.82402637548194	-3442.3063002450194	38.747287789457886	206.49229251445934	0.8096787740844005	0.20603148658160725	2.632548008161237	0.16142050525715793	0.20603148658160725	2.632548008161237	0.16142050525715793	0.11552965470700971	6.185836235437605E-4	5.3718178484081355E-9	0.12151158973462783	5.941777217884768E-4	17.540392583456256	-84.72359343511194
512000	-3503.341873286044	-3438.097649364413	-65.24422392163122	-3438.097649364413	51.76314717417522	222.7051098457549	0.8096787740844005	0.20603148658160725	2.632548008161237	0.16142050525715793	0.20603148658160725	2.632548008161237	0.16142050525715793	0.14107500186336286	4.3587774365576093E-4	4.1859121256362805E-9	0.14586185115043993	4.2573917237824775E-4	20.453969686967735	-81.78894473430879
513000	-3529.1089003031266	-3439.14648155005	-89.96241875307668	-3439.14648155005	45.96331290716356	208.01825749206898	0.8096787740844005	0.20603148658160725	2.632548008161237	0.16142050525715793	0.20603148658160725	2.632548008161237	0.16142050525715793	0.3566922882013298	5.108508141598311E-4	3.270585068061015E-8	0.33973732142772195	5.683456565071043E-4	15.477261789999945	-83.91678021960368
514000	-3517.442193668686	-3421.391589021135	-96.0506046475507	-3421.391589021135	37.136522842703826	209.05174999008182	0.8096787740844005	0.1281255527445821	2.632548008161237	0.23932643909418305	0.1281255527445821	2.632548008161237	0.23932643909418305	0.3531061706178219	4.3603465986229357E-4	1.85837870209331E-8	0.32710512928477364	4.4703963403383833E-4	20.258182718396657	-84.04151011623897
515000	-3471.750286757828	-3428.3313882045572	-43.41889855327059	-3428.3313882045572	40.86503283880291	186.22616855412775	0.8096787740844005	0.1281255527445821	2.632548008161237	0.23932643909418305	0.1281255527445821	2.632548008161237	0.23932643909418305	0.10155205739786348	5.402683828514843E-4	2.2226300977319665E-9	0.09033513248017178	5.142815914673769E-4	17.491435786739487	-77.97871844545718
516000	-3515.370479903501	-3427.4877715648286	-87.8827083386721	-3427.4877715648286	40.51873188000489	176.72101849503602	0.8096787740844005	0.1281255527445821	2.632548008161237	0.23932643909418305	0.1281255527445821	2.632548008161237	0.23932643909418305	0.2669096927516173	6.246757105741322E-4	6.042037178009912E-8	0.3364769023117162	7.387439224980252E-4	14.567688933803833	-76.4088864625975
517000	-3498.5219621055335	-3435.364262827525	-63.157699278008465	-3435.364262827525	44.52587725460935	199.83533395584604	0.8096787740844005	0.1281255527445821	2.632548008161237	0.23932643909418305	0.1281255527445821	2.632548008161237	0.23932643909418305	0.18608811921181867	5.163116423079379E-4	5.825452365686491E-9	0.1576985148166981	4.8439276949766615E-4	14.181252635589102	-80.4311162592288
518000	-3490.8503902415437	-3426.98119885388	-63.86919138766368	-3426.98119885388	50.51948859235515	220.69259746098749	0.8096787740844005	0.06671676154119908	2.69395679936462	0.23932643909418305	0.06671676154119908	2.69395679936462	0.23932643909418305	0.14339301847476682	5.08301156236564E-4	4.527289348875621E-9	0.1374660402657055	4.965402607719933E-4	24.763528813719564	-81.28668424855792
519000	-3511.3048533119845	-3429.439230073668	-81.86562323831629	-3429.439230073668	44.54869394339144	198.47642357907137	0.8096787740844005	0.06671676154119908	2.69395679936462	0.23932643909418305	0.06671676154119908	2.69395679936462	0.23932643909418305	0.3214754108923625	5.217327983668554E-4	1.626398794402457E-8	0.2764817988480057	5.098955663972268E-4	17.852467645557688	-79.13522498976127
520000	-3509.564103146626	-3426.987608967339	-82.57649417928725	-3426.987608967339	34.89527820441848	137.97154301354203	0.8096787740844005	0.06671676154119908	2.69395679936462	0.23932643909418305	0.06671676154119908	2.69395679936462	0.23932643909418305	0.38696564150777335	8.02718634264901E-4	9.080965529870132E-8	0.3756327469623254	8.55615732936679E-4	12.677765341684264	-69.2527425302744
521000	-3528.045808246318	-3435.7523652607138	-92.29344298560427	-3435.7523652607138	49.49787703851154	204.4651294516348	0.8096787740844005	0.06671676154119908	2.69395679936462	0.23932643909418305	0.06671676154119908	2.69395679936462	0.23932643909418305	0.4492159483919697	5.279618263918323E-4	2.9451733058068088E-8	0.3695132064911014	5.298871726355892E-4	16.508921611656863	-78.89904190200407
522000	-3520.506856594969	-3434.568044988124	-85.93881160684515	-3434.568044988124	31.871021320897704	146.73534267023652	0.8096787740844005	0.06671676154119908	2.69395679936462	0.23932643909418305	0.06671676154119908	2.69395679936462	0.23932643909418305	0.31541500099883224	7.861079491039198E-4	4.7077177294640773E-8	0.2913829184576823	6.797628045243304E-4	14.89820234169623	-72.18758386988044
523000	-3534.9926059679315	-3434.3182700669327	-100.67433590099897	-3434.3182700669327	31.397872767905106	172.13411264984742	0.8096787740844005	0.199264908842956	2.561408652062863	0.23932643909418305	0.199264908842956	2.561408652062863	0.23932643909418305	0.5689369424698859	5.919034716893127E-4	6.446447465083504E-8	0.4589569122313294	6.445143365851838E-4	15.54044339088408	-79.87565824613817
524000	-3520.972161326821	-3418.5917049815857	-102.38045634523529	-3418.5917049815857	36.08528200226488	193.15275742306335	0.8096787740844005	0.199264908842956	2.561408652062863	0.23932643909418305	0.199264908842956	2.561408652062863	0.23932643909418305	0.5288155618000587	5.160789609120214E-4	4.1268591337738263E-8	0.4490322218485137	4.977660399493447E-4	13.781531687195328	-83.75099588607456
525000	-3523.9416538835776	-3427.8120936775945	-96.12956020598324	-3427.8120936775945	32.46506469225156	162.47026423705185	0.8096787740844005	0.199264908842956	2.478979959199483	0.321755131957563	0.199264908842956	2.478979959199483	0.321755131957563	0.43921270841497057	6.731298877011873E-4	6.090971624057924E-8	0.38762789404021714	6.172080025683254E-4	13.626229984779304	-77.01213995678879
526000	-3492.8193795195325	-3428.7491393451674	-64.07024017436522	-3428.7491393451674	42.44092410963168	195.53730906835182	0.8096787740844005	0.09827048220014378	2.478979959199483	0.4227495586003752	0.09827048220014378	2.478979959199483	0.4227495586003752	0.17315273407132845	5.272419448596141E-4	7.87272342168164E-9	0.15858091141962433	5.620418405577397E-4	15.706170248992361	-80.5169421930426
527000	-3498.907891108568	-3418.1567432583706	-80.75114785019763	-3418.1567432583706	55.378661321618104	234.01138849446494	0.8096787740844005	0.09827048220014378	2.478979959199483	0.4227495586003752	0.09827048220014378	2.478979959199483	0.4227495586003752	0.23247133063681902	3.93795266800197E-4	7.632655227738702E-9	0.22221680459014762	3.8249820388529254E-4	20.93267039068791	-81.36899111087959
528000	-3523.5686030111956	-3421.571328929955	-101.99727408124063	-3421.571328929955	76.19756602908129	257.96436235270517	0.8096787740844005	0.09827048220014378	2.478979959199483	0.4227495586003752	0.09827048220014378	2.478979959199483	0.4227495586003752	0.40322078592698685	4.656303313650793E-4	6.153236745661751E-8	0.4653809403656588	5.285604452503617E-4	16.71818423534987	-82.08037374387101
529000	-3485.682945535745	-3423.306543904474	-62.37640163127099	-3423.306543904474	54.58550939021487	261.4506049446346	0.8096787740844005	0.09827048220014378	2.478979959199483	0.4227495586003752	0.09827048220014378	2.478979959199483	0.4227495586003752	0.1184333599774493	3.659074811665101E-4	1.8488844101346598E-9	0.11801655114800587	3.675518857468262E-4	20.906836623538997	-87.01496275317096
530000	-3505.0537537000496	-3430.099520607324	-74.95423309272564	-3430.099520607324	47.762457978931394	222.99446704404392	0.8096787740844005	0.09827048220014378	2.478979959199483	0.4227495586003752	0.09827048220014378	2.478979959199483	0.4227495586003752	0.1941343916088696	3.7661146709884604E-4	5.332425810381211E-9	0.1925664370254602	3.768847115808246E-4	17.12048660907592	-83.24225741947627
531000	-3527.5441757572485	-3441.1916729781888	-86.35250277905968	-3441.1916729781888	53.53373942510122	215.8512289859829	0.8096787740844005	0.09827048220014378	2.478979959199483	0.4227495586003752	0.09827048220014378	2.478979959199483	0.4227495586003752	0.3558041934817832	4.253291249435036E-4	1.6940422645448437E-8	0.2765351037826969	4.665457252796919E-4	14.262479114397552	-80.83972593804869
532000	-3502.380814834317	-3427.537196397905	-74.84361843641199	-3427.537196397905	37.46582892448998	174.93770522287758	0.8096787740844005	0.09827048220014378	2.478979959199483	0.4227495586003752	0.09827048220014378	2.478979959199483	0.4227495586003752	0.2525838834951688	5.518956573376756E-4	1.7278505232912266E-8	0.24296037298430842	5.591233201713257E-4	13.627152075929516	-78.12504384093604
533000	-3488.6890162853906	-3440.268380167461	-48.42063611792955	-3440.268380167461	45.51375310804507	191.4611103858431	0.8096787740844005	0.09827048220014378	2.478979959199483	0.4227495586003752	0.09827048220014378	2.478979959199483	0.4227495586003752	0.11140371304299192	5.238621764961228E-4	3.50114355875711E-9	0.10957098227358515	5.411397775069131E-4	14.282128588354638	-78.34153217005878
534000	-3489.723132339897	-3419.9667841900423	-69.75634814985479	-3419.9667841900423	52.33091609187688	230.43943473867927	0.8096787740844005	0.09827048220014378	2.478979959199483	0.4227495586003752	0.09827048220014378	2.478979959199483	0.4227495586003752	0.1618917224811018	4.513580886912661E-4	6.297224588383367E-9	0.17238687244411274	4.6452215259568943E-4	16.961562743623357	-83.39796557577719
535000	-3513.7617891613418	-3423.6593054755035	-90.10248368583807	-3423.6593054755035	38.26992238465093	194.06312735821365	0.8096787740844005	0.2131990562704844	2.2116300961211457	0.5751708476083723	0.2131990562704844	2.2116300961211457	0.5751708476083723	0.3394391658096864	4.7268499296502316E-4	2.6461227737563452E-8	0.3294822050084392	4.8585944531247965E-4	16.218776125498096	-81.17146547128175
536000	-3519.180369058292	-3426.2717128208733	-92.90865623741863	-3426.2717128208733	56.29931856092228	231.3582718870754	0.8096787740844005	0.2131990562704844	2.249808686056927	0.5369922576725912	0.2131990562704844	2.249808686056927	0.5369922576725912	0.31395386509903345	4.00609541437766E-4	1.2410701394013739E-8	0.28539791798087205	3.777360151223958E-4	16.446239063203617	-83.27587253223264
537000	-3527.0996180560205	-3439.5098124351452	-87.5898056208755	-3439.5098124351452	57.0338951910765	224.33520616719025	0.8096787740844005	0.2131990562704844	2.249808686056927	0.5369922576725912	0.2131990562704844	2.249808686056927	0.5369922576725912	0.35546216575316386	4.2479233059965383E-4	1.49698626731573E-8	0.29913792960766705	4.3799866329190815E-4	20.02869784564716	-80.30042047743626
538000	-3531.9125768538206	-3429.3918442182144	-102.52073263560641	-3429.3918442182144	56.378765129587116	226.35059025762942	0.8096787740844005	0.2131990562704844	2.249808686056927	0.5369922576725912	0.2131990562704844	2.249808686056927	0.5369922576725912	0.2891364473515856	4.695985799371839E-4	3.7698329006036844E-8	0.3661280497655777	4.8566495579437205E-4	16.517033776886258	-81.12717030273974
539000	-3529.432767386172	-3423.964825310778	-105.46794207539435	-3423.964825310778	31.491241991499788	164.59614130881081	0.8096787740844005	0.2131990562704844	2.249808686056927	0.5369922576725912	0.2131990562704844	2.249808686056927	0.5369922576725912	0.5674815365830502	5.669740734188063E-4	6.509604169188259E-8	0.5337439933540558	5.010777912037089E-4	16.29429794266624	-77.34683648835042
540000	-3528.8144552401163	-3430.078785269562	-98.73566997055434	-3430.078785269562	50.377779357175015	214.04215222759893	0.8096787740844005	0.06516586648089107	2.249808686056927	0.6850254474621845	0.06516586648089107	2.249808686056927	0.6850254474621845	0.45422724994318675	4.1331744054568377E-4	3.758448906960525E-8	0.41986819055672886	4.8651260269614357E-4	14.127699399855244	-83.02236163366342
541000	-3512.117405253556	-3434.0938771171705	-78.0235281363859	-3434.0938771171705	49.36447736788531	203.09995579070554	0.8096787740844005	0.06516586648089107	2.249808686056927	0.6850254474621845	0.06516586648089107	2.249808686056927	0.6850254474621845	0.21607786519825908	5.084235612442742E-4	1.2110099013654863E-8	0.22434002088734947	4.7551893416506667E-4	21.382710940087968	-78.46176071865271
542000	-3529.529990631739	-3434.179114251042	-95.350876380697	-3434.179114251042	34.649790741548074	186.6004152797168	0.8096787740844005	0.06516586648089107	2.249808686056927	0.6850254474621845	0.06516586648089107	2.249808686056927	0.6850254474621845	0.4534103281074537	6.328145085093779E-4	6.229223390036813E-8	0.3958067188339519	6.921750119159087E-4	17.512102142176058	-80.01572689871264
543000	-3520.5509889268133	-3437.3951015869984	-83.15588733981505	-3437.3951015869984	32.53099265087255	161.99491815122192	0.8096787740844005	0.06516586648089107	2.249808686056927	0.6850254474621845	0.06516586648089107	2.249808686056927	0.6850254474621845	0.3246630167422562	6.034051036095444E-4	3.574986877135299E-8	0.33775707125708343	6.010947252745005E-4	17.437561016926786	-76.223777638404
544000	-3537.0708512725287	-3434.672846853096	-102.39800441943288	-3434.672846853096	27.83937788495883	146.21222199732406	0.8096787740844005	0.06516586648089107	2.387093486368943	0.5477406471501686	0.06516586648089107	2.387093486368943	0.5477406471501686	0.5608097266430447	6.504138284360385E-4	8.878030387174286E-8	0.480980772695264	5.972995379429079E-4	14.05295096475294	-75.42944170014987
545000	-3525.177013460533	-3423.955069727773	-101.22194373275997	-3423.955069727773	36.74487204539572	170.48281685058504	0.8096787740844005	0.06516586648089107	2.605878448766432	0.3289556847526792	0.06516586648089107	2.605878448766432	0.3289556847526792	0.5238287512879825	6.729257546852635E-4	1.4305660062591946E-7	0.5907011456324822	6.788748415361755E-4	13.755450998589508	-77.47721342827178
546000	-3505.8131428377114	-3426.112640288605	-79.70050254910686	-3426.112640288605	31.73780015937337	159.12922748307466	0.8096787740844005	0.06516586648089107	2.605878448766432	0.3289556847526792	0.06516586648089107	2.605878448766432	0.3289556847526792	0.2924338188197199	6.431712750554171E-4	3.203907878436045E-8	0.2984482794954236	6.242942167613815E-4	17.0492437078718	-75.91306597476937
547000	-3498.986959475197	-3434.564313101594	-64.42264637360327	-3434.564313101594	37.07120020305339	155.63912083470726	0.8096787740844005	0.06516586648089107	2.605878448766432	0.3289556847526792	0.06516586648089107	2.605878448766432	0.3289556847526792	0.2030808050699004	8.107078331133742E-4	2.3122983861198133E-8	0.1850139011744777	7.810516548753584E-4	14.642584032004258	-72.3818501321869
548000	-3504.644540658185	-3427.5569848044006	-77.08755585378447	-3427.5569848044006	40.38930198107451	192.8056488065393	0.8096787740844005	0.06516586648089107	2.605878448766432	0.3289556847526792	0.06516586648089107	2.605878448766432	0.3289556847526792	0.22864712869950093	5.298032315219228E-4	1.7507961372946755E-8	0.24737394836328083	5.45704332593326E-4	15.573005380295278	-79.71959049178646
549000	-3464.632873560341	-3433.254642761647	-31.378230798693846	-3433.254642761647	49.30046450153455	214.14273063590423	0.8096787740844005	0.06516586648089107	2.605878448766432	0.3289556847526792	0.06516586648089107	2.605878448766432	0.3289556847526792	0.0684216506110985	3.97677060203093E-4	6.708461365959466E-10	0.06376158116506031	4.046850308575275E-4	16.739780578646254	-79.71484603738337
550000	-3512.2253996873774	-3443.2167399819123	-69.00865970546519	-3443.2167399819123	47.415907278744605	221.65087079666318	0.8096787740844005	0.20849849677103952	2.4625458184762836	0.3289556847526792	0.20849849677103952	2.4625458184762836	0.3289556847526792	0.16231405364760154	3.96888728763825E-4	4.6601025794484186E-9	0.16857259847894474	4.101306736040106E-4	23.155601130170236	-81.0543770486313
551000	-3511.416981407152	-3431.601619060274	-79.81536234687789	-3431.601619060274	35.61721421490408	160.07494000269514	0.8096787740844005	0.20849849677103952	2.4625458184762836	0.3289556847526792	0.20849849677103952	2.4625458184762836	0.3289556847526792	0.24085877383354837	6.586100633636214E-4	4.750520427177676E-8	0.31614296014758	7.170673888077724E-4	13.393718874335818	-75.1555222103893
552000	-3516.502985308685	-3431.079296349386	-85.42368895929873	-3431.079296349386	50.00764817076518	211.12551230419044	0.8096787740844005	0.20849849677103952	2.4625458184762836	0.3289556847526792	0.20849849677103952	2.4625458184762836	0.3289556847526792	0.2770403913642292	4.989522582479596E-4	2.058095766223414E-8	0.3022364586858804	4.855119296322032E-4	16.73849728346789	-79.79539541684377
553000	-3505.912564537123	-3430.992975981224	-74.91958855589945	-3430.992975981224	53.58418414518181	208.57777021035704	0.8096787740844005	0.20849849677103952	2.4625458184762836	0.3289556847526792	0.20849849677103952	2.4625458184762836	0.3289556847526792	0.19939761954542465	4.338242462402199E-4	8.045749598983113E-9	0.21039899535420076	4.2496951469760927E-4	21.035485767121116	-77.56825584321355
554000	-3505.2470908563805	-3431.11698773344	-74.13010312294057	-3431.11698773344	60.00919836712511	253.7295585161227	0.8096787740844005	0.20849849677103952	2.418005040325638	0.373496462903325	0.20849849677103952	2.418005040325638	0.373496462903325	0.17880242083015532	4.1275107827714794E-4	5.242728861646605E-9	0.17790900398769577	4.0945661729108667E-4	24.785089043827707	-84.60529870452635
555000	-3489.899386340392	-3437.45739915415	-52.441987186241995	-3437.45739915415	31.569522310717076	157.9672310353013	0.8096787740844005	0.20849849677103952	2.530560797774467	0.2609407054544958	0.20849849677103952	2.530560797774467	0.2609407054544958	0.13231626151412496	6.426679005963817E-4	7.145415512815166E-9	0.13217559285518854	6.427952995926959E-4	14.69745741514427	-75.41510600677252
556000	-3526.316755662315	-3434.0527389211434	-92.2640167411712	-3434.0527389211434	33.72387744057293	179.47549869324286	0.8096787740844005	0.20849849677103952	2.530560797774467	0.2609407054544958	0.20849849677103952	2.530560797774467	0.2609407054544958	0.3879771665648422	5.425025403368436E-4	3.6887988740388834E-8	0.3585188311562661	5.894449093528104E-4	20.90489427047589	-79.05839699245999
557000	-3533.047083528391	-3438.6272663872264	-94.41981714116436	-3438.6272663872264	33.69460702785161	171.51459316150107	0.8096787740844005	0.20849849677103952	2.530560797774467	0.2609407054544958	0.20849849677103952	2.530560797774467	0.2609407054544958	0.3999181501158598	4.949542722178461E-4	5.800216674571209E-8	0.4771360590972808	5.336090621973455E-4	17.78139614908028	-77.39197273470626
558000	-3521.757507951893	-3453.7622457619373	-67.9952621899556	-3453.7622457619373	35.13659684578683	164.01072667806105	0.8096787740844005	0.20849849677103952	2.530560797774467	0.2609407054544958	0.20849849677103952	2.530560797774467	0.2609407054544958	0.20259221563658297	5.673281874921525E-4	1.2230970085194401E-8	0.19287512690618486	5.817533104818925E-4	18.0134777884505	-74.63718179322676
559000	-3477.3805153843196	-3438.559866456564	-38.82064892775534	-3438.559866456564	39.60687710452023	181.74415348511351	0.8096787740844005	0.20849849677103952	2.530560797774467	0.2609407054544958	0.20849849677103952	2.530560797774467	0.2609407054544958	0.08560078409430494	6.43029509226352E-4	2.594811007137479E-9	0.07859530542642258	6.483593774832976E-4	20.03266231445067	-77.61305517657688
560000	-3490.5807626311516	-3436.3833826560485	-54.19737997510333	-3436.3833826560485	38.932425659683545	163.12582912228604	0.8096787740844005	0.20849849677103952	2.530560797774467	0.2609407054544958	0.20849849677103952	2.530560797774467	0.2609407054544958	0.13896816617570315	5.799048512268465E-4	7.370679283877942E-9	0.14740136480661337	5.921744871717029E-4	16.159427770305836	-73.20720852022214
561000	-3521.6122500811975	-3433.9248566737797	-87.68739340741783	-3433.9248566737797	52.840358226703714	197.4070398386581	0.8096787740844005	0.20849849677103952	2.530560797774467	0.2609407054544958	0.20849849677103952	2.530560797774467	0.2609407054544958	0.37823508654737964	5.344106162610238E-4	4.3675548046290994E-8	0.334576838143892	6.641802530882416E-4	15.469623681083327	-77.0563038325746
562000	-3511.6969005705505	-3432.9220110243414	-78.77488954620925	-3432.9220110243414	35.56154675957027	159.18126924583424	0.8096787740844005	0.09952856540746473	2.530560797774467	0.3699106368180706	0.09952856540746473	2.530560797774467	0.3699106368180706	0.26199294287165076	5.861018548495709E-4	2.4672013867994596E-8	0.2580964102617018	5.859112984599739E-4	15.076940993383019	-74.2963320520831
563000	-3523.90951877702	-3432.122890435358	-91.78662834166204	-3432.122890435358	33.46443598521186	156.46018861832317	0.8096787740844005	0.10147464535030219	2.52861471783163	0.3699106368180706	0.10147464535030219	2.52861471783163	0.3699106368180706	0.3147808804130394	7.95057542962166E-4	1.0356592975803016E-7	0.4034336723503474	7.534649203201556E-4	17.68679047330253	-73.96706342179125
564000	-3510.409867270259	-3427.8824043220825	-82.52746294817652	-3427.8824043220825	30.89509462554934	156.2456186905505	0.8096787740844005	0.10147464535030219	2.52861471783163	0.3699106368180706	0.10147464535030219	2.52861471783163	0.3699106368180706	0.31310856562910044	4.911447382858414E-4	2.1046200222405934E-8	0.31051585168756085	4.7665437933549755E-4	13.418952992858669	-76.51031212263547
565000	-3515.3739540949227	-3427.085190250079	-88.28876384484394	-3427.085190250079	35.95098978785509	165.88449732771636	0.8096787740844005	0.10147464535030219	2.52861471783163	0.3699106368180706	0.10147464535030219	2.52861471783163	0.3699106368180706	0.3210059197369307	5.231983100652011E-4	3.466106504514752E-8	0.3400906591114815	6.225147042363586E-4	10.883738324237658	-78.98389490171007
566000	-3515.7053363962223	-3426.208544016042	-89.49679238017994	-3426.208544016042	29.575843840394615	137.74058415959547	0.8096787740844005	0.10147464535030219	2.52861471783163	0.3699106368180706	0.10147464535030219	2.52861471783163	0.3699106368180706	0.48158085076523555	7.096471388216583E-4	1.1244469890963778E-7	0.460894986189854	7.419031594998885E-4	13.600654314907343	-71.5070986915476
567000	-3543.2218771224602	-3440.5669934955413	-102.65488362691916	-3440.5669934955413	30.504978767448698	155.2573339170206	0.8096787740844005	0.10147464535030219	2.52861471783163	0.3699106368180706	0.10147464535030219	2.52861471783163	0.3699106368180706	0.36901021179277516	7.293982451789029E-4	1.138570094596311E-7	0.4717946750135838	6.505264664266022E-4	17.85402522409439	-76.36364105981629
568000	-3533.29339629981	-3423.8147309644305	-109.47866533537933	-3423.8147309644305	34.72624498476284	149.78122724862925	0.8096787740844005	0.10147464535030219	2.52861471783163	0.3699106368180706	0.10147464535030219	2.52861471783163	0.3699106368180706	0.6482966850082138	6.438875642986338E-4	6.295735864019658E-7	1.1142817410098018	6.479063667947302E-4	13.154957521228575	-72.54247982518442
569000	-3531.9705106325705	-3430.108060484537	-101.86245014803359	-3430.108060484537	39.02192875484718	167.11065044760758	0.8096787740844005	0.10147464535030219	2.52861471783163	0.3699106368180706	0.10147464535030219	2.52861471783163	0.3699106368180706	0.5763895129983755	6.483908666830204E-4	1.5218161152601916E-7	0.6073474017843277	6.970093329643437E-4	13.291318304698738	-76.31434465741218
570000	-3534.146037024029	-3446.270270666979	-87.87576635704983	-3446.270270666979	27.947542686537403	125.06881418485051	0.7407181530532271	0.10147464535030219	2.52861471783163	0.3699106368180706	0.10147464535030219	2.52861471783163	0.3699106368180706	0.34802413845852714	5.415773324260972E-4	5.842713837746353E-8	0.4570838637756643	5.06520836783285E-4	11.873902678464129	-69.60253294370554
571000	-3496.300743066137	-3424.2064358749676	-72.09430719116932	-3424.2064358749676	34.962871539940394	153.297102799903	0.7407181530532271	0.10147464535030219	2.52861471783163	0.3699106368180706	0.10147464535030219	2.52861471783163	0.3699106368180706	0.28372874094607536	6.168263173744242E-4	2.3495836824443235E-8	0.24076238723894897	6.71848136496349E-4	17.683709107271095	-72.5715335467199
572000	-3512.8785468995857	-3431.6141026507134	-81.264444248872	-3431.6141026507134	39.03860143271024	176.72912906970512	0.7407181530532271	0.10147464535030219	2.52861471783163	0.3699106368180706	0.10147464535030219	2.52861471783163	0.3699106368180706	0.2898205077141373	5.595644531940811E-4	2.228138530119247E-8	0.2769204250406293	5.22740867757198E-4	16.55118780667735	-76.97452227754385
573000	-3523.6516682972347	-3431.7382667683323	-91.91340152890238	-3431.7382667683323	43.40450207549174	191.99882879140583	0.7407181530532271	0.10147464535030219	2.52861471783163	0.3699106368180706	0.10147464535030219	2.52861471783163	0.3699106368180706	0.34391291972326815	5.486802991355958E-4	2.7142658113236123E-8	0.3330881466757268	4.804625261313985E-4	13.897119790273424	-79.57994660220467
574000	-3511.882788054797	-3436.3826254047553	-75.50016265004183	-3436.3826254047553	37.48309855287067	178.63837602057754	0.7407181530532271	0.10147464535030219	2.52861471783163	0.3699106368180706	0.10147464535030219	2.52861471783163	0.3699106368180706	0.258626512263877	5.128551900135079E-4	1.098631060162125E-8	0.2147290345028707	5.005072118265179E-4	19.253705748302544	-77.65182198502555
575000	-3519.2654377643767	-3426.4120182256493	-92.85341953872744	-3426.4120182256493	38.5682571393334	186.1001129604706	0.7407181530532271	0.10147464535030219	2.52861471783163	0.3699106368180706	0.10147464535030219	2.52861471783163	0.3699106368180706	0.3517768930248979	6.015351807425995E-4	5.1364627886591564E-8	0.39086406869069906	6.108841410814056E-4	18.80256481852136	-79.05385003957774
576000	-3519.106676267388	-3430.4177972850207	-88.68887898236758	-3430.4177972850207	31.08081358949076	157.48558264359554	0.7407181530532271	0.10147464535030219	2.52861471783163	0.3699106368180706	0.10147464535030219	2.52861471783163	0.3699106368180706	0.2997175490414173	6.876313257031518E-4	5.9198730291413155E-8	0.3545270148624042	7.461408810819151E-4	15.161430862465197	-76.55015984222503
577000	-3516.7082587720797	-3433.253735946185	-83.45452282589501	-3433.253735946185	24.16967801218277	132.6368506312979	0.7407181530532271	0.10147464535030219	2.52861471783163	0.3699106368180706	0.10147464535030219	2.52861471783163	0.3699106368180706	0.3566861933243797	5.934833211075312E-4	3.572393949920775E-8	0.3253573911804679	5.81870401285306E-4	13.613621978166323	-73.44165089703732
578000	-3479.1096573321825	-3431.600694351071	-47.508962981111466	-3431.600694351071	30.847873827685227	146.89992567817774	0.7407181530532271	0.10147464535030219	2.52861471783163	0.3699106368180706	0.10147464535030219	2.52861471783163	0.3699106368180706	0.12824761718874947	7.997492865310687E-4	9.898002315642461E-9	0.11789786360054222	8.404085806255201E-4	12.562628887807831	-75.29026888024225
579000	-3494.9700617223043	-3433.937194974999	-61.032866747305555	-3433.937194974999	35.241858958043764	169.94177747176184	0.7407181530532271	0.10147464535030219	2.52861471783163	0.3699106368180706	0.10147464535030219	2.52861471783163	0.3699106368180706	0.1416718532976108	5.110311608499499E-4	6.002864834148602E-9	0.15212269396546604	5.257421277669265E-4	18.149504588833665	-77.27463850648601
580000	-3522.6027497338046	-3422.3472089820107	-100.25554075179402	-3422.3472089820107	57.22289524914566	250.12620860213798	0.7407181530532271	0.10147464535030219	2.52861471783163	0.3699106368180706	0.10147464535030219	2.52861471783163	0.3699106368180706	0.29412959837958447	3.894660993803225E-4	1.0600735000184977E-8	0.296017270611913	3.174936229376875E-4	17.829600575669065	-84.78181382391816
581000	-3516.254073577399	-3439.226504494975	-77.02756908242428	-3439.226504494975	49.330391714112224	199.25311796926496	0.7407181530532271	0.2076755324741449	2.422413830707787	0.3699106368180706	0.2076755324741449	2.422413830707787	0.3699106368180706	0.24027956665269573	5.100087816748551E-4	1.9514438907242037E-8	0.2596265950323548	5.376666792481606E-4	14.330862325947352	-78.91360186114412
582000	-3491.4689609432057	-3434.4581029282203	-57.01085801498524	-3434.4581029282203	40.977046083082044	166.83671805908375	0.7407181530532271	0.2076755324741449	2.5123479622088847	0.2799765053169733	0.2076755324741449	2.5123479622088847	0.2799765053169733	0.18618845796357444	5.897154393123478E-4	8.848681672698419E-9	0.15910130563776018	6.01296021641394E-4	12.685623030321471	-74.4155354738313
583000	-3506.2766356899033	-3429.0708408187966	-77.20579487110662	-3429.0708408187966	45.6188095731667	202.125605683566	0.7407181530532271	0.2076755324741449	2.5123479622088847	0.2799765053169733	0.2076755324741449	2.5123479622088847	0.2799765053169733	0.1802775654059714	5.624371594978462E-4	1.3825215250720768E-8	0.2177857031212224	5.432674745837037E-4	24.243370022428085	-78.8458079353231
584000	-3508.3165524610695	-3428.848846713843	-79.46770574722635	-3428.848846713843	45.927478262979314	222.34509594137475	0.7407181530532271	0.036679286967065516	2.5123479622088847	0.45097275082405275	0.036679286967065516	2.5123479622088847	0.45097275082405275	0.19903624984785065	4.3453770721893454E-4	5.163562909986779E-9	0.16336803289583327	4.062953270592723E-4	28.029156049964786	-82.08434266236178
585000	-3519.291765490486	-3428.890181266324	-90.40158422416191	-3428.890181266324	41.09134447630436	198.5580294757799	0.7407181530532271	0.1343388795894957	2.5123479622088847	0.35331315820162257	0.1343388795894957	2.5123479622088847	0.35331315820162257	0.34348652254275563	4.908295677097284E-4	2.2483441045074456E-8	0.32308057481388425	5.295530676315942E-4	21.023297016432316	-79.80360057565441
586000	-3500.914075698276	-3425.6418549361983	-75.27222076207772	-3425.6418549361983	59.951763682777575	262.1593027276536	0.7407181530532271	0.1343388795894957	2.5123479622088847	0.35331315820162257	0.1343388795894957	2.5123479622088847	0.35331315820162257	0.17097665483546148	3.80125450309458E-4	4.409975940885925E-9	0.17351414141413402	3.7283063644472233E-4	24.218362483880682	-85.2710409812407
587000	-3493.29640667879	-3418.740994493956	-74.55541218483386	-3418.740994493956	61.63113836374104	267.4556374727036	0.7407181530532271	0.1343388795894957	2.5123479622088847	0.35331315820162257	0.1343388795894957	2.5123479622088847	0.35331315820162257	0.16544770741211506	4.359532608295516E-4	5.036924998503658E-9	0.15913490814141676	4.422716773159674E-4	24.91983205459063	-85.46618076642244
588000	-3522.78872308557	-3425.344436417447	-97.44428666812284	-3425.344436417447	43.99427337759544	193.64584065379532	0.7407181530532271	0.1343388795894957	2.5123479622088847	0.35331315820162257	0.1343388795894957	2.5123479622088847	0.35331315820162257	0.4977645676098942	6.096534565249005E-4	8.223400979837895E-8	0.4753512330514505	6.984776501709186E-4	18.03904702798205	-78.9997527778367
589000	-3518.4977064121063	-3426.172960906686	-92.32474550541998	-3426.172960906686	53.9803858413367	206.1041054989226	0.7407181530532271	0.08714066446809049	2.5123479622088847	0.4005113733230278	0.08714066446809049	2.5123479622088847	0.4005113733230278	0.38073016185134706	5.804527436622323E-4	7.32591030600058E-8	0.4303165313131288	6.19240582679597E-4	16.936077839709643	-77.4697070620137
590000	-3474.5245920215307	-3430.8353667723654	-43.68922524916544	-3430.8353667723654	52.93495289020936	211.97520934552566	0.7407181530532271	0.08714066446809049	2.5123479622088847	0.4005113733230278	0.08714066446809049	2.5123479622088847	0.4005113733230278	0.10701452598107812	4.8424205663257414E-4	1.8092163859926172E-9	0.0864063648535959	4.884915451044465E-4	15.022470292101644	-80.56453265590628
591000	-3477.1263305357584	-3432.143001638045	-44.983328897713385	-3432.143001638045	37.9308132640125	164.02893007735292	0.7407181530532271	0.08714066446809049	2.5123479622088847	0.4005113733230278	0.08714066446809049	2.5123479622088847	0.4005113733230278	0.11697689713005897	6.814303934028621E-4	5.5198015115200166E-9	0.10935855406522312	6.664613528213175E-4	11.530141286709243	-75.27335248358057
592000	-3470.3858104384253	-3441.362324819019	-29.023485619406745	-3441.362324819019	38.22224284497674	178.34498663922182	0.7407181530532271	0.08714066446809049	2.5123479622088847	0.4005113733230278	0.08714066446809049	2.5123479622088847	0.4005113733230278	0.0687311717923701	5.084235932831096E-4	1.0810778325207386E-9	0.06469399370755646	5.14684656977781E-4	12.959050864726239	-78.50766013233104
593000	-3500.92818614899	-3427.1413177569307	-73.78686839205922	-3427.1413177569307	57.05438181839804	233.71447972294482	0.7407181530532271	0.08714066446809049	2.5123479622088847	0.4005113733230278	0.08714066446809049	2.5123479622088847	0.4005113733230278	0.19148121960316877	4.1994003730575424E-4	8.1837202968935E-9	0.19632351242815307	4.76863545402187E-4	22.96647031605392	-80.47866178227083
594000	-3515.330992997327	-3430.1850494705113	-85.1459435268158	-3430.1850494705113	36.87496295980502	172.40864519102647	0.7407181530532271	0.08714066446809049	2.5123479622088847	0.4005113733230278	0.08714066446809049	2.5123479622088847	0.4005113733230278	0.2993733890963918	5.621887396935786E-4	2.8386355187741373E-8	0.29980699884816225	5.77834788010513E-4	20.393906441020757	-76.78330622698896
595000	-3515.6296584833844	-3435.0370771964754	-80.59258128690885	-3435.0370771964754	54.76749227042965	227.52577792691716	0.7407181530532271	0.08714066446809049	2.5944480724506933	0.3184112630812191	0.08714066446809049	2.5944480724506933	0.3184112630812191	0.22634671343157642	4.407574514414032E-4	1.1973892741990592E-8	0.2598580710797481	4.278496451468312E-4	20.067822455163455	-80.52065464475469
596000	-3525.0935289106988	-3426.517809997554	-98.57571891314461	-3426.517809997554	47.67274925392106	233.35928950908752	0.7407181530532271	0.08714066446809049	2.5944480724506933	0.3184112630812191	0.08714066446809049	2.5944480724506933	0.3184112630812191	0.36827073039879527	4.119655015297647E-4	2.294047297613864E-8	0.343032565045916	4.3528127700697095E-4	23.10719758451566	-83.6943908458005
597000	-3506.7014001725465	-3427.81531883277	-78.88608133977652	-3427.81531883277	33.272413249952855	156.6406334573145	0.7407181530532271	0.08714066446809049	2.5944480724506933	0.3184112630812191	0.08714066446809049	2.5944480724506933	0.3184112630812191	0.2764656450516793	7.246602718016878E-4	5.324203695058058E-8	0.31346700763068547	7.380894284033215E-4	13.786047186762765	-75.47581529528634
598000	-3533.06072247957	-3427.573324856917	-105.4873976226526	-3427.573324856917	36.14512508590004	148.1567740629887	0.7407181530532271	0.12512414122902588	2.556464595689758	0.3184112630812191	0.12512414122902588	2.556464595689758	0.3184112630812191	0.5368265987717539	5.121869374391225E-4	1.0566025074614702E-7	0.5160953629391491	5.761651392935968E-4	13.255414889095993	-72.77827184390239
599000	-3502.016238289701	-3431.110318779445	-70.9059195102559	-3431.110318779445	43.60550814081383	170.17400758495103	0.7407181530532271	0.12512414122902588	2.4562855412223263	0.4185903175486507	0.12512414122902588	2.4562855412223263	0.4185903175486507	0.20352792439365422	6.318504199695708E-4	2.273529962042292E-8	0.2316310210814969	6.396789996914081E-4	12.860744636440863	-74.6789724960385
600000	-3503.787519232215	-3430.0848517130157	-73.7026675191992	-3430.0848517130157	37.080923866802124	168.58214733301872	0.7407181530532271	0.12512414122902588	2.246015800494547	0.6288600582764299	0.12512414122902588	2.246015800494547	0.6288600582764299	0.2352347798208121	6.018194550404276E-4	2.2167756768511576E-8	0.2351523606684565	6.445466526024527E-4	19.190757521932852	-76.10979203696292
601000	-3503.0009834387515	-3423.838638555147	-79.16234488360439	-3423.838638555147	41.4634678257369	174.8925885179788	0.7407181530532271	0.12512414122902588	2.246015800494547	0.6288600582764299	0.12512414122902588	2.246015800494547	0.6288600582764299	0.2794215495146954	4.939310520085101E-4	2.3808227403590225E-8	0.2846171921990508	5.469107297041418E-4	15.69363154983702	-76.21427372263483
602000	-3503.2172092215787	-3425.6072285658997	-77.60998065567911	-3425.6072285658997	34.42941571543654	158.74857306554412	0.7407181530532271	0.12512414122902588	2.246015800494547	0.6288600582764299	0.12512414122902588	2.246015800494547	0.6288600582764299	0.2778078994438473	6.024759015699046E-4	1.9733094058334642E-8	0.2461147318713	5.655956347858761E-4	18.669678199241396	-74.18182614773878
603000	-3505.370970224059	-3427.5351727062753	-77.83579751778375	-3427.5351727062753	29.13809307612696	155.74399537456236	0.7407181530532271	0.12512414122902588	2.246015800494547	0.6288600582764299	0.12512414122902588	2.246015800494547	0.6288600582764299	0.21449977608372342	6.654958631788032E-4	3.047522987732133E-8	0.2626211479379502	6.725287408453348E-4	14.155979236628928	-78.17359923891175
604000	-3532.772857576612	-3431.677614230373	-101.09524334623875	-3431.677614230373	30.94756583680917	155.72320224821937	0.7407181530532271	0.12512414122902588	2.3938405372429243	0.4810353215280524	0.12512414122902588	2.3938405372429243	0.4810353215280524	0.5731212872825238	6.408927604452803E-4	1.4988487075935397E-7	0.6217569236295962	6.641553717668801E-4	15.523317492286663	-76.20385855109654
605000	-3545.388393198604	-3428.2115817530625	-117.17681144554108	-3428.2115817530625	34.21245606191831	180.64768993729712	0.7407181530532271	0.23934036247132978	2.3938405372429243	0.3668191002857485	0.23934036247132978	2.3938405372429243	0.3668191002857485	0.5089619009184856	6.032562881694674E-4	1.1858816725472464E-7	0.6404529251653758	5.182354281339376E-4	17.91251514835954	-80.21784435067724
606000	-3521.7735235598648	-3423.2721518533563	-98.50137170650838	-3423.2721518533563	35.527004929772694	192.04110254593192	0.7407181530532271	0.23934036247132978	2.3938405372429243	0.3668191002857485	0.23934036247132978	2.3938405372429243	0.3668191002857485	0.27158874365613545	5.465566996602694E-4	2.5550908493167935E-8	0.34716505821728827	4.7547417400567525E-4	20.39493847925486	-80.41108704870811
607000	-3528.287536591457	-3433.378024523026	-94.90951206843094	-3433.378024523026	40.20977981549595	173.92263792115978	0.7407181530532271	0.034491974229618305	2.3938405372429243	0.57166748852746	0.034491974229618305	2.3938405372429243	0.57166748852746	0.3043117044118233	4.757024082694397E-4	4.280248879669446E-8	0.3998509943766002	5.014557569309806E-4	14.622895361751096	-75.98848349020965
608000	-3521.3715177326226	-3445.405455866576	-75.96606186604654	-3445.405455866576	44.19058328714301	181.1527945030574	0.7407181530532271	0.27147599578710147	2.3938405372429243	0.3346834669699768	0.27147599578710147	2.3938405372429243	0.3346834669699768	0.2531621013093306	6.395780572242414E-4	2.2505785656312677E-8	0.24067025571733985	6.508495855006247E-4	19.989830906168525	-76.40670975294847
609000	-3511.394570985118	-3437.5847257820437	-73.8098452030745	-3437.5847257820437	46.835221953879106	210.99776815958327	0.7407181530532271	0.1650651804936349	2.3938405372429243	0.4410942822634434	0.1650651804936349	2.3938405372429243	0.4410942822634434	0.16760263029358768	5.119889317620761E-4	8.42218705199549E-9	0.17975430262737738	4.982410417040079E-4	13.326520353093215	-83.73499256722157
610000	-3511.5982642185127	-3437.3997413526968	-74.198522865816	-3437.3997413526968	46.26237603425136	220.48154757474805	0.7407181530532271	0.1650651804936349	2.3938405372429243	0.4410942822634434	0.1650651804936349	2.3938405372429243	0.4410942822634434	0.1804290196100259	4.204995013306111E-4	6.8863206660105465E-9	0.19978810347189874	4.3616317244776336E-4	20.316435748709527	-82.31063694872175
611000	-3537.6098466194258	-3431.014374949612	-106.59547166981375	-3431.014374949612	44.853953392336166	235.9437072184561	0.7407181530532271	0.1650651804936349	2.2151570938720435	0.6197777256343244	0.1650651804936349	2.2151570938720435	0.6197777256343244	0.4112670252164837	3.5867286486840523E-4	2.723054013430748E-8	0.43900503650285994	3.811189623420707E-4	19.766995022407173	-86.4188603365896
612000	-3521.724327695943	-3431.666191544081	-90.05813615186224	-3431.666191544081	62.93912730534697	282.1085490996005	0.7407181530532271	0.1650651804936349	2.2151570938720435	0.6197777256343244	0.1650651804936349	2.2151570938720435	0.6197777256343244	0.28660979035347567	4.1117291681702346E-4	6.658673131326238E-9	0.2121553310491139	3.715664171839433E-4	23.231035604902168	-86.72943454934072
613000	-3497.4301117588575	-3431.183564390877	-66.24654736798044	-3431.183564390877	47.056156061718774	232.80656008400263	0.7407181530532271	0.1650651804936349	2.2151570938720435	0.6197777256343244	0.1650651804936349	2.2151570938720435	0.6197777256343244	0.15081907738799472	4.568043337938E-4	4.040074569026094E-9	0.1427785169520365	4.496100852918478E-4	26.668639960616805	-82.64247183529992
614000	-3512.2763856826746	-3438.536376349033	-73.7400093336415	-3438.536376349033	42.15148646982758	238.3618092853115	0.7407181530532271	0.1650651804936349	2.2151570938720435	0.6197777256343244	0.1650651804936349	2.2151570938720435	0.6197777256343244	0.17155515341097863	3.853674229064775E-4	4.425953896176444E-9	0.1718642359101726	4.132435724449176E-4	19.328356429281055	-87.50928691435176
615000	-3487.480093412781	-3433.188707439624	-54.291385973157226	-3433.188707439624	36.48793403434367	186.64386577071846	0.7407181530532271	0.1650651804936349	2.2151570938720435	0.6197777256343244	0.1650651804936349	2.2151570938720435	0.6197777256343244	0.10259231782459034	5.361220687759613E-4	4.164769279896184E-9	0.11931353715686066	5.51682809756675E-4	17.780442823052137	-79.25139974411168
616000	-3500.0648185736095	-3438.7235326657806	-61.34128590782904	-3438.7235326657806	46.728766107836634	199.15322867776467	0.7407181530532271	0.1650651804936349	2.2151570938720435	0.6197777256343244	0.1650651804936349	2.2151570938720435	0.6197777256343244	0.15429921730796808	4.943673089070771E-4	6.6488604080830285E-9	0.159179700416907	5.056194643658498E-4	18.511096845072274	-78.46313952969243
617000	-3536.6033689658516	-3437.498896044752	-99.10447292109946	-3437.498896044752	36.61755827813891	177.10443995534598	0.7407181530532271	0.1650651804936349	2.2151570938720435	0.6197777256343244	0.1650651804936349	2.2151570938720435	0.6197777256343244	0.3350880945248428	6.354433690238752E-4	5.6189047015940954E-8	0.3511504174663624	6.140567352019308E-4	12.759317473672564	-81.6611175237753
618000	-3487.928316121533	-3434.089948934307	-53.838367187225934	-3434.089948934307	43.5381617694728	186.75160012052697	0.7407181530532271	0.1650651804936349	2.2151570938720435	0.6197777256343244	0.1650651804936349	2.2151570938720435	0.6197777256343244	0.11892589762096697	5.717773830295432E-4	4.705930474596826E-9	0.11909345184455379	5.568988667659512E-4	13.832740198852589	-78.44589699865875
619000	-3485.068384919683	-3437.0396536932203	-48.02873122646275	-3437.0396536932203	52.518807996756905	207.2642052824077	0.7407181530532271	0.1650651804936349	2.2151570938720435	0.6197777256343244	0.1650651804936349	2.2151570938720435	0.6197777256343244	0.09071323333160951	5.822141844391164E-4	3.9145730619561416E-9	0.10695716751202287	5.898751473242494E-4	13.693919203955907	-79.12209601778697
620000	-3487.529408545234	-3428.5029461076874	-59.02646243754688	-3428.5029461076874	42.724419727583566	188.4776893196674	0.7407181530532271	0.1650651804936349	2.3595158604734063	0.4754189590329617	0.1650651804936349	2.3595158604734063	0.4754189590329617	0.1321067315803892	4.6875101894692953E-4	4.035559638508447E-9	0.14225964612974198	4.4169442419199296E-4	19.858168025680932	-77.45268086311606
621000	-3533.6579354005753	-3427.404655781513	-106.25327961906203	-3427.404655781513	42.996094253642575	192.2214789722275	0.7407181530532271	0.1650651804936349	2.4795524321789713	0.35538238732739696	0.1650651804936349	2.4795524321789713	0.35538238732739696	0.4468604103497281	4.471871416039436E-4	5.3715366217699914E-8	0.5362168736375973	4.40045698568158E-4	11.315087421160312	-85.71402206361489
622000	-3503.4656657305604	-3433.1503777527987	-70.31528797776183	-3433.1503777527987	36.051195956876455	177.0940537555499	0.7407181530532271	0.1650651804936349	2.4795524321789713	0.35538238732739696	0.1650651804936349	2.4795524321789713	0.35538238732739696	0.17479174029476485	4.982208589585849E-4	8.83517565189534E-9	0.18983125478205815	4.7928143647969735E-4	15.065385964685314	-79.7748956872353
623000	-3516.607542153065	-3419.3559344530854	-97.25160769997939	-3419.3559344530854	38.57021869152102	198.39738574773565	0.7407181530532271	0.1650651804936349	2.4795524321789713	0.35538238732739696	0.1650651804936349	2.4795524321789713	0.35538238732739696	0.3107988088210773	5.088300605093373E-4	3.116168686648014E-8	0.36496785783440716	4.811574955152793E-4	22.300067229607333	-80.86485824041573
624000	-3533.705819876998	-3429.655556008257	-104.05026386874059	-3429.655556008257	59.54773502239481	222.43980263626455	0.7407181530532271	0.1650651804936349	2.343707176527722	0.4912276429786463	0.1650651804936349	2.343707176527722	0.4912276429786463	0.47577457326108913	3.800685026226783E-4	4.0366629325973256E-8	0.518658368383181	4.2535687614584955E-4	25.75396263383161	-78.78980831344026
625000	-3534.1282065218707	-3430.502140037671	-103.62606648419967	-3430.502140037671	28.527186806979735	147.69770247163166	0.7407181530532271	0.1650651804936349	2.343707176527722	0.4912276429786463	0.1650651804936349	2.343707176527722	0.4912276429786463	0.4667114333307044	6.891414599791835E-4	9.67737484717227E-8	0.47633144796030324	5.781144829309278E-4	13.613532145753933	-76.09480469136801
626000	-3507.0033748957494	-3426.569514355907	-80.43386053984246	-3426.569514355907	37.52934672408465	167.81038838834894	0.7407181530532271	0.1650651804936349	2.343707176527722	0.4912276429786463	0.1650651804936349	2.343707176527722	0.4912276429786463	0.3011888377985466	6.246493005650097E-4	3.611187700516871E-8	0.2985021655628114	6.6230609736902E-4	15.527544471541846	-75.44781962202258
627000	-3509.1316224580514	-3422.8519445794777	-86.2796778785737	-3422.8519445794777	31.603174036042425	157.51244676795937	0.7407181530532271	0.1650651804936349	2.343707176527722	0.4912276429786463	0.1650651804936349	2.343707176527722	0.4912276429786463	0.3195916618126243	6.86500039600263E-4	7.198666530014268E-8	0.3792770444700945	7.124814507113889E-4	13.211903077316249	-76.75141129649028
628000	-3519.4284850114846	-3437.4628517977835	-81.96563321370094	-3437.4628517977835	29.220340381815774	140.7614459003284	0.7407181530532271	0.1650651804936349	2.466921942484212	0.36801287702215596	0.1650651804936349	2.466921942484212	0.36801287702215596	0.38909948117794196	7.998212855413245E-4	4.661832745531043E-8	0.30057549004844386	7.089349219400792E-4	12.582917300322285	-73.60174928239768
629000	-3504.0025974867385	-3431.800291039992	-72.2023064467467	-3431.800291039992	38.14686397477257	161.53953474255795	0.7407181530532271	0.1650651804936349	2.466921942484212	0.36801287702215596	0.1650651804936349	2.466921942484212	0.36801287702215596	0.2420016480770775	6.811820240030304E-4	2.2362241924953218E-8	0.2304407564742218	6.495808669519607E-4	13.445065184605811	-74.84171515575184
630000	-3502.2237551718717	-3424.111888440011	-78.11186673186072	-3424.111888440011	33.503234037296124	160.53928540346232	0.7407181530532271	0.1650651804936349	2.466921942484212	0.36801287702215596	0.1650651804936349	2.466921942484212	0.36801287702215596	0.2298898683745589	7.161461279646629E-4	3.086981105694012E-8	0.24906488058863505	6.806522458892394E-4	16.371582426333468	-75.63001380044541
631000	-3507.7290573769965	-3431.037790352563	-76.69126702443332	-3431.037790352563	36.15982073946646	169.492148632369	0.7407181530532271	0.12622929884666906	2.505757824131178	0.36801287702215596	0.12622929884666906	2.505757824131178	0.36801287702215596	0.23732468195118614	5.42574153993158E-4	1.5492067330787005E-8	0.2438419853865974	5.113934472224228E-4	16.81579351576961	-75.80120007708112
632000	-3512.7425053015954	-3432.979365282366	-79.76314001922943	-3432.979365282366	27.177000930564663	144.10586327820616	0.7407181530532271	0.12622929884666906	2.505757824131178	0.36801287702215596	0.12622929884666906	2.505757824131178	0.36801287702215596	0.256128859012887	6.548580864784346E-4	2.6945462203949204E-8	0.26730377676872463	6.320636081655442E-4	10.537165358675324	-78.16495055366443
633000	-3525.200948534723	-3432.017779186192	-93.183169348531	-3432.017779186192	27.749372367078593	138.03850055564223	0.7407181530532271	0.12622929884666906	2.505757824131178	0.36801287702215596	0.12622929884666906	2.505757824131178	0.36801287702215596	0.4063504600036604	7.004359584733751E-4	1.0082189186471492E-7	0.46352668896880894	6.58599664521741E-4	12.303109753963625	-73.2217056569683
634000	-3520.954557337689	-3426.4429828576745	-94.51157448001462	-3426.4429828576745	32.98096355475202	154.0738103394135	0.7407181530532271	0.12622929884666906	2.505757824131178	0.36801287702215596	0.12622929884666906	2.505757824131178	0.36801287702215596	0.42062693939221596	6.627162591667887E-4	1.0943463698693796E-7	0.4709766732017926	7.230951488474632E-4	17.335093064078954	-74.89569130560831
635000	-3523.5065425285497	-3439.9395294524465	-83.56701307610318	-3439.9395294524465	34.80179758194496	145.84660470488268	0.7407181530532271	0.12622929884666906	2.505757824131178	0.36801287702215596	0.12622929884666906	2.505757824131178	0.36801287702215596	0.2845399562189912	7.174282522112171E-4	4.596128562903337E-8	0.3200623111209674	6.628077885068649E-4	11.078106292471066	-72.54632782484347
636000	-3513.7564105162355	-3426.823979994784	-86.9324305214514	-3426.823979994784	29.452050815221973	149.5264288435759	0.7407181530532271	0.12622929884666906	2.505757824131178	0.36801287702215596	0.12622929884666906	2.505757824131178	0.36801287702215596	0.27951482302497926	5.379970874365246E-4	2.73534200274059E-8	0.3179931538975533	5.116210586918081E-4	19.23403860511697	-75.17393613303182
637000	-3508.2448156226783	-3430.1598028756407	-78.08501274703748	-3430.1598028756407	31.365371785717652	163.5908174086771	0.7407181530532271	0.12622929884666906	2.505757824131178	0.36801287702215596	0.12622929884666906	2.505757824131178	0.36801287702215596	0.23827612852521793	7.083639425445199E-4	3.453692823791032E-8	0.26729437492708563	7.203004995005441E-4	16.0696556270043	-77.86795368357357
638000	-3519.620803505016	-3432.3135260294434	-87.30727747557242	-3432.3135260294434	44.30558961044366	226.80984846103556	0.7407181530532271	0.12622929884666906	2.505757824131178	0.36801287702215596	0.12622929884666906	2.505757824131178	0.36801287702215596	0.24239218334729376	5.48590790437401E-4	2.2516708493148318E-8	0.28429241192847937	5.375870812854208E-4	17.398783130273287	-84.51186135876958
639000	-3528.980874898862	-3438.48807673504	-90.49279816382219	-3438.48807673504	30.080508087913145	136.93754334536123	0.7407181530532271	0.12622929884666906	2.505757824131178	0.36801287702215596	0.12622929884666906	2.505757824131178	0.36801287702215596	0.403296258424419	7.826424479083281E-4	9.862687459222175E-8	0.444760967756359	6.947908376370981E-4	13.857509122993958	-70.66994053772696
640000	-3512.4747208443646	-3421.871755761478	-90.60296508288656	-3421.871755761478	30.656361240391092	144.97094721188182	0.7407181530532271	0.12622929884666906	2.505757824131178	0.36801287702215596	0.12622929884666906	2.505757824131178	0.36801287702215596	0.3844825082710124	7.234000916578747E-4	9.014236177814917E-8	0.38571267230117373	7.255657956750987E-4	14.950106938064607	-72.60286863722678
641000	-3490.986670619302	-3428.9185254370914	-62.06814518221057	-3428.9185254370914	41.208594326731465	185.02088763936584	0.7407181530532271	0.12622929884666906	2.505757824131178	0.36801287702215596	0.12622929884666906	2.505757824131178	0.36801287702215596	0.15934906027236878	4.867084067821879E-4	5.1720180750346286E-9	0.1486322474150747	4.8379227402638387E-4	22.525302536117135	-77.83174687291822
642000	-3488.8307250588414	-3423.2833270689785	-65.54739798986273	-3423.2833270689785	50.84503186530991	206.80601850841026	0.7407181530532271	0.12622929884666906	2.505757824131178	0.36801287702215596	0.12622929884666906	2.505757824131178	0.36801287702215596	0.16926451428220102	4.71652759597879E-4	6.079369887264515E-9	0.15797428564051305	4.793527652802292E-4	16.371311648904136	-79.23439502928692
643000	-3485.45699704455	-3430.1132759599996	-55.343721084550396	-3430.1132759599996	35.061021268470256	172.98783812783873	0.7407181530532271	0.12622929884666906	2.505757824131178	0.36801287702215596	0.12622929884666906	2.505757824131178	0.36801287702215596	0.1276414882662439	5.230358837498326E-4	4.37316127140431E-9	0.12690757390771645	5.132629055551061E-4	20.177244863137197	-77.54826463954886
644000	-3506.344620047054	-3435.3914704056324	-70.95314964142155	-3435.3914704056324	45.23675333886807	219.59810807098782	0.7407181530532271	0.12622929884666906	2.505757824131178	0.36801287702215596	0.12622929884666906	2.505757824131178	0.36801287702215596	0.13269580399330824	4.7164510039034873E-4	5.363232526257921E-9	0.14966187206494214	5.03862980526191E-4	14.872120722784947	-89.15474939292396
645000	-3473.582597073835	-3428.8411447903727	-44.741452283462216	-3428.8411447903727	36.309359904020454	169.60107644625322	0.7407181530532271	0.12622929884666906	2.505757824131178	0.36801287702215596	0.12622929884666906	2.505757824131178	0.36801287702215596	0.10766842557766801	5.663281377531754E-4	3.397475240438171E-9	0.10163223653959108	5.814783659588702E-4	20.375285746621874	-75.59862275571568
646000	-3484.0474267509912	-3418.989449260865	-65.057977490126	-3418.989449260865	42.54255090744789	211.4573609532912	0.7407181530532271	0.12622929884666906	2.505757824131178	0.36801287702215596	0.12622929884666906	2.505757824131178	0.36801287702215596	0.1512092687525579	4.4592145330333096E-4	4.522583503666384E-9	0.15986942145117383	4.238157243424253E-4	20.163916693756722	-80.90577841603081
647000	-3508.661838026026	-3427.0194026518607	-81.64243537416529	-3427.0194026518607	59.22581379345538	243.6150142838917	0.7407181530532271	0.12622929884666906	2.505757824131178	0.36801287702215596	0.12622929884666906	2.505757824131178	0.36801287702215596	0.23029405582895454	4.7962465289439285E-4	1.3353606937323076E-8	0.23438956229745853	4.995801171278921E-4	16.23301203474184	-84.06828702443497
648000	-3502.13433192915	-3428.604293832062	-73.53003809708783	-3428.604293832062	39.05222771274873	167.51518661698373	0.7407181530532271	0.12622929884666906	2.505757824131178	0.36801287702215596	0.12622929884666906	2.505757824131178	0.36801287702215596	0.20621508311402792	6.275075380557778E-4	2.5156141086968498E-8	0.23679268025346378	6.616406067105111E-4	13.155835474319282	-74.88330517943632
649000	-3512.5901084630445	-3423.361010033884	-89.22909842916017	-3423.361010033884	34.01963191167282	176.06339913364928	0.7407181530532271	0.12622929884666906	2.505757824131178	0.36801287702215596	0.12622929884666906	2.505757824131178	0.36801287702215596	0.3177005591830295	5.80447536256645E-4	2.9049033128214803E-8	0.3149546657463551	5.219866371684158E-4	15.10135440119962	-78.49166930073245
650000	-3506.824661793141	-3425.9966717648394	-80.82799002830154	-3425.9966717648394	38.562502353531364	178.42499033195037	0.7407181530532271	0.12622929884666906	2.505757824131178	0.36801287702215596	0.12622929884666906	2.505757824131178	0.36801287702215596	0.20635706511144758	6.910301001674564E-4	2.9308638925235577E-8	0.240990455094891	6.644146194304319E-4	23.319938399590832	-76.24057367490563
651000	-3506.0170369204557	-3428.6657355042194	-77.35130141623613	-3428.6657355042194	65.08959419760068	258.34593194709475	0.7407181530532271	0.12622929884666906	2.505757824131178	0.36801287702215596	0.12622929884666906	2.505757824131178	0.36801287702215596	0.18509051415406408	3.6797154147583344E-4	6.155410603651327E-9	0.2142849499045068	3.6756066178223487E-4	21.9517802014058	-81.53944980708863
652000	-3506.6712606219407	-3424.8504169451885	-81.82084367675222	-3424.8504169451885	51.53942150798775	200.93300791622406	0.7407181530532271	0.12622929884666906	2.505757824131178	0.36801287702215596	0.12622929884666906	2.505757824131178	0.36801287702215596	0.25016962436689677	4.1540965757400777E-4	1.3733044021652945E-8	0.26911343638931	4.3711612812041736E-4	13.710428265443639	-78.79116842410143
653000	-3533.198977479105	-3427.665215841444	-105.53376163766109	-3427.665215841444	49.85289810733806	209.17329680678193	0.7407181530532271	0.12622929884666906	2.505757824131178	0.36801287702215596	0.12622929884666906	2.505757824131178	0.36801287702215596	0.555097319093014	4.844470595774795E-4	9.065471239815337E-8	0.5732945374450963	5.271249001669836E-4	16.462412328324575	-79.37803782419874
654000	-3530.9946735067283	-3429.627214425112	-101.36745908161619	-3429.627214425112	46.87693404307625	194.1222252934461	0.7407181530532271	0.12622929884666906	2.505757824131178	0.36801287702215596	0.12622929884666906	2.505757824131178	0.36801287702215596	0.5258344664284226	4.841409311038776E-4	6.452759372234053E-8	0.49470246997209527	5.143756900195048E-4	16.956783151738428	-77.82329090706232
655000	-3527.554195850116	-3425.116027961757	-102.43816788835873	-3425.116027961757	38.755642352715164	200.68958243699439	0.7407181530532271	0.12622929884666906	2.505757824131178	0.36801287702215596	0.12622929884666906	2.505757824131178	0.36801287702215596	0.4553902160050379	4.604058685478176E-4	3.3755021603289744E-8	0.4316028018578764	4.2969786439583154E-4	16.33365775708828	-83.10405458467909
656000	-3531.6585964840706	-3429.296468470058	-102.36212801401285	-3429.296468470058	38.17566559227144	212.86645314819123	0.7407181530532271	0.12622929884666906	2.505757824131178	0.36801287702215596	0.12622929884666906	2.505757824131178	0.36801287702215596	0.34700329263898977	4.266613446567547E-4	2.8866449540710145E-8	0.40958005081319865	4.359971800736899E-4	18.715862413558163	-85.12163290941885
657000	-3488.7666513090567	-3426.994629123626	-61.77202218543041	-3426.994629123626	53.592237676335735	234.5440969950695	0.7407181530532271	0.12622929884666906	2.505757824131178	0.36801287702215596	0.12622929884666906	2.505757824131178	0.36801287702215596	0.11589740268678714	3.84325572652593E-4	2.833801945273777E-9	0.13092455159955277	4.088788435448114E-4	15.951721564822217	-84.63310728480404
658000	-3531.2523455722067	-3433.4644061830772	-97.78793938912943	-3433.4644061830772	52.43940276253486	229.23974825164584	0.7407181530532271	0.12622929884666906	2.505757824131178	0.36801287702215596	0.12622929884666906	2.505757824131178	0.36801287702215596	0.370483299482122	5.1605456261771E-4	3.0822796596747786E-8	0.34255048620511414	4.948531035711922E-4	23.21520242732409	-82.69694535502497
659000	-3477.8913596360553	-3419.853269047272	-58.038090588783085	-3419.853269047272	65.54534648999032	272.4493063101194	0.7407181530532271	0.12622929884666906	2.505757824131178	0.36801287702215596	0.12622929884666906	2.505757824131178	0.36801287702215596	0.10549252554758852	3.7346926629126153E-4	1.616814302319E-9	0.10806469363842428	3.771981862031352E-4	27.555527190092615	-84.13286091760855
660000	-3488.572799137053	-3423.2396618553344	-65.33313728171879	-3423.2396618553344	50.28987967756302	218.57730873282782	0.7407181530532271	0.12622929884666906	2.505757824131178	0.36801287702215596	0.12622929884666906	2.505757824131178	0.36801287702215596	0.1730112922233295	4.98499017183589E-4	5.793973632159273E-9	0.1518421511762849	4.991349423857919E-4	19.569273165792033	-81.60635086695932
661000	-3472.1206300162753	-3437.3806675604114	-34.73996245586403	-3437.3806675604114	35.98059255491128	166.54629220428163	0.7407181530532271	0.12622929884666906	2.505757824131178	0.36801287702215596	0.12622929884666906	2.505757824131178	0.36801287702215596	0.0878240637618175	5.471217680464569E-4	1.756573312133024E-9	0.07543160220176717	5.64054161192085E-4	18.633825551174635	-75.60454843565078
662000	-3476.3232282458953	-3428.2097300120313	-48.11349823386397	-3428.2097300120313	42.68862402447543	180.80329551177718	0.7407181530532271	0.12622929884666906	2.505757824131178	0.36801287702215596	0.12622929884666906	2.505757824131178	0.36801287702215596	0.09878345147643122	4.920787884708948E-4	2.98595458334223E-9	0.10973880782547975	4.972803033135054E-4	16.11307192762463	-76.88181915948819
663000	-3483.141254472236	-3425.8236084099435	-57.317646062292404	-3425.8236084099435	50.90666805477598	241.8005213900596	0.7407181530532271	0.12622929884666906	2.505757824131178	0.36801287702215596	0.12622929884666906	2.505757824131178	0.36801287702215596	0.11263581855203593	4.08648422584886E-4	2.02474738764831E-9	0.11574674214757427	3.939714947408367E-4	20.628340982945712	-85.91098574253385
664000	-3505.496509271917	-3424.550133297664	-80.94637597425307	-3424.550133297664	50.00434295755811	247.10320012719205	0.7407181530532271	0.12622929884666906	2.505757824131178	0.36801287702215596	0.12622929884666906	2.505757824131178	0.36801287702215596	0.23126052968126246	3.844505303897692E-4	5.7783690460329095E-9	0.19625124997304577	3.806742180437029E-4	19.428923157231804	-86.98032124802567
665000	-3496.110967386173	-3431.3790286369294	-64.7319387492435	-3431.3790286369294	49.73130154183508	212.11479133894645	0.7407181530532271	0.12622929884666906	2.505757824131178	0.36801287702215596	0.12622929884666906	2.505757824131178	0.36801287702215596	0.1268167164878865	5.140132240534536E-4	5.283160855473703E-9	0.1405700816575368	4.913003414441048E-4	16.304112610024994	-80.84610090209335
666000	-3483.4342581348023	-3436.576981283915	-46.85727685088757	-3436.576981283915	63.94827056924097	256.036099935926	0.7407181530532271	0.12622929884666906	2.505757824131178	0.36801287702215596	0.12622929884666906	2.505757824131178	0.36801287702215596	0.08431684403668002	3.816168730967442E-4	9.989879131862603E-10	0.08391074221622208	3.733553124460103E-4	17.676066326575373	-84.97303880661204
667000	-3518.0888621051854	-3427.199166643004	-90.8896954621815	-3427.199166643004	38.56984623348934	191.91966536406895	0.7407181530532271	0.12622929884666906	2.505757824131178	0.36801287702215596	0.12622929884666906	2.505757824131178	0.36801287702215596	0.3780427658943103	5.088582393443655E-4	2.3930775186206676E-8	0.3271050760056062	4.691256595705164E-4	17.710941179967445	-78.89159665850364
668000	-3513.6149159525226	-3435.1537361076353	-78.46117984488741	-3435.1537361076353	47.90159998757509	226.66167958016314	0.7407181530532271	0.12622929884666906	2.505757824131178	0.36801287702215596	0.12622929884666906	2.505757824131178	0.36801287702215596	0.22969876495199215	3.858165589312861E-4	6.455865766361125E-9	0.21123741555796838	4.0533425954459906E-4	23.799913568438658	-81.75750994421642
669000	-3502.2968967249362	-3429.9223417197136	-72.37455500522253	-3429.9223417197136	37.48094966081034	192.2500269729044	0.7407181530532271	0.12622929884666906	2.505757824131178	0.36801287702215596	0.12622929884666906	2.505757824131178	0.36801287702215596	0.20947470213769642	5.078637293414158E-4	7.606874958287808E-9	0.16951344346289937	5.086795763039996E-4	22.621161038846658	-79.8435768397307
670000	-3496.016743598174	-3420.2405544409676	-75.77618915720652	-3420.2405544409676	57.53597073103957	261.7954898913129	0.7407181530532271	0.08002496993132172	2.5519621530465253	0.36801287702215596	0.08002496993132172	2.5519621530465253	0.36801287702215596	0.16163157530562988	3.253274349126534E-4	2.9865866695628685E-9	0.16667106906839046	3.296115357441007E-4	29.028899233228184	-84.8970983206608
671000	-3512.1849135120838	-3419.343971747552	-92.8409417645316	-3419.343971747552	49.44542013198231	252.17155890709245	0.7407181530532271	0.08002496993132172	2.5519621530465253	0.36801287702215596	0.08002496993132172	2.5519621530465253	0.36801287702215596	0.25510598599190887	3.991181421058329E-4	1.3940282288221244E-8	0.28024643880707717	4.3095677068622553E-4	21.250974765582516	-88.02008191716557
672000	-3502.356095325336	-3428.1253182573705	-74.23077706796524	-3428.1253182573705	41.910338407396495	182.35909161483772	0.7407181530532271	0.08002496993132172	2.5519621530465253	0.36801287702215596	0.08002496993132172	2.5519621530465253	0.36801287702215596	0.2315368115589926	4.965736446729309E-4	1.1696946533767645E-8	0.21616780337597327	5.176331021044781E-4	14.376125743524062	-78.84117605252379
673000	-3517.538383360193	-3434.214395891977	-83.3239874682161	-3434.214395891977	43.75708481088593	195.712788546985	0.7407181530532271	0.08002496993132172	2.5519621530465253	0.36801287702215596	0.08002496993132172	2.5519621530465253	0.36801287702215596	0.2700676567325731	5.448220565914273E-4	2.1617182202061823E-8	0.2689542953181244	5.509826174862848E-4	23.10244131069674	-78.49256243599841
674000	-3515.9147967471517	-3429.637974334036	-86.27682241311598	-3429.637974334036	58.19641650478723	221.7188398817645	0.7407181530532271	0.08002496993132172	2.5519621530465253	0.36801287702215596	0.08002496993132172	2.5519621530465253	0.36801287702215596	0.32888542281566285	4.5801995379248677E-4	2.5435545360828228E-8	0.3107692145650785	5.51009998207853E-4	21.352463905809305	-78.66553280951729
675000	-3510.8309536248803	-3426.218627583036	-84.61232604184433	-3426.218627583036	40.204985423471086	175.12449111769678	0.7407181530532271	0.08002496993132172	2.5519621530465253	0.36801287702215596	0.08002496993132172	2.5519621530465253	0.36801287702215596	0.3704372634328812	6.432192040496512E-4	5.208465801390591E-8	0.32858003828858123	7.625481328035268E-4	11.64583966078999	-79.05185920299414
676000	-3515.310331221595	-3430.156370024493	-85.15396119710208	-3430.156370024493	32.1476372966691	158.8475518991959	0.7407181530532271	0.08002496993132172	2.5519621530465253	0.36801287702215596	0.08002496993132172	2.5519621530465253	0.36801287702215596	0.235035971907412	5.86723360559916E-4	1.9960398353803296E-8	0.24748975243831045	5.377206081820632E-4	18.673594025443528	-75.93712976892041
677000	-3521.9495373706254	-3434.8891454450936	-87.06039192553175	-3434.8891454450936	52.58151472772531	222.7630342435093	0.7407181530532271	0.08002496993132172	2.5519621530465253	0.36801287702215596	0.08002496993132172	2.5519621530465253	0.36801287702215596	0.30689197062408646	4.98766881516966E-4	1.5629020794196167E-8	0.2602105565666339	4.8444002580378916E-4	19.771961395638808	-81.89960537233341
678000	-3536.456192948739	-3436.160682758198	-100.29551019054084	-3436.160682758198	60.35844074751002	256.2416910636184	0.7407181530532271	0.08002496993132172	2.5519621530465253	0.36801287702215596	0.08002496993132172	2.5519621530465253	0.36801287702215596	0.32472689040930686	5.075572936830302E-4	2.1354766297536863E-8	0.2965531550758642	4.53783932525793E-4	28.865258289072326	-84.21734263053386
679000	-3502.9802625795396	-3423.9797152730957	-79.0005473064438	-3423.9797152730957	68.48000519933574	277.58408027820377	0.7407181530532271	0.08002496993132172	2.5519621530465253	0.36801287702215596	0.08002496993132172	2.5519621530465253	0.36801287702215596	0.21793860390592232	3.6764837027625767E-4	5.484372997056485E-9	0.19523397576895649	3.9035947986312103E-4	20.28518620875368	-87.0744289068723
680000	-3504.9535635854577	-3427.343986400501	-77.60957718495669	-3427.343986400501	47.68419825892495	205.55209071168557	0.7407181530532271	0.08002496993132172	2.5519621530465253	0.36801287702215596	0.08002496993132172	2.5519621530465253	0.36801287702215596	0.19078902547438592	3.8360880763405546E-4	8.578606024892246E-9	0.22891405062519837	4.025797234193516E-4	16.386465161145477	-80.60478815616652
681000	-3493.749541726404	-3429.6106610863926	-64.13888064001152	-3429.6106610863926	44.06448852675201	220.2253014294581	0.7407181530532271	0.08002496993132172	2.6692495763370614	0.25072545373162003	0.08002496993132172	2.6692495763370614	0.25072545373162003	0.13940405561332228	4.17866255518182E-4	3.4531699980179987E-9	0.1378907615026344	4.205773849286906E-4	23.389852288533213	-81.38830367008126
682000	-3506.531839969647	-3434.4405466142866	-72.09129335536045	-3434.4405466142866	79.42410039643994	321.0109346277267	0.7407181530532271	0.19307759602981023	2.556196950238573	0.25072545373162003	0.19307759602981023	2.556196950238573	0.25072545373162003	0.13834112988041306	3.5808405973820656E-4	3.1021172009035616E-9	0.15337795298439244	3.6528671913059864E-4	22.416750137492865	-88.87254707481003
683000	-3505.9109024518534	-3428.4138807683444	-77.4970216835091	-3428.4138807683444	80.81192228443724	334.73187253236114	0.7407181530532271	0.19307759602981023	2.556196950238573	0.25072545373162003	0.19307759602981023	2.556196950238573	0.25072545373162003	0.12937955186354264	3.268695350182254E-4	1.9747056255085634E-9	0.1327072655537816	3.344090954969818E-4	16.814690581552696	-100.27178777293919
684000	-3528.2517571523385	-3428.3003564985506	-99.95140065378787	-3428.3003564985506	66.8852037976751	300.87822893759176	0.7407181530532271	0.058148007276884794	2.6911265389914987	0.25072545373162003	0.058148007276884794	2.6911265389914987	0.25072545373162003	0.3585816911296732	3.754268413225789E-4	1.7432359620578363E-8	0.3507805407115776	4.0735880665988193E-4	25.860763295875305	-88.35257380790253
685000	-3529.1304661230242	-3427.7043107798	-101.42615534322411	-3427.7043107798	59.22909698614078	238.16292650211702	0.7407181530532271	0.058148007276884794	2.6911265389914987	0.25072545373162003	0.058148007276884794	2.6911265389914987	0.25072545373162003	0.29113730477556365	4.6458908844648994E-4	3.756240204764678E-8	0.38622173643408625	4.7522196278691607E-4	23.70736533062214	-81.48128931139603
686000	-3489.529787983296	-3422.306963899562	-67.22282408373381	-3422.306963899562	51.16844492839285	228.23698801027527	0.7407181530532271	0.058148007276884794	2.6911265389914987	0.25072545373162003	0.058148007276884794	2.6911265389914987	0.25072545373162003	0.13560095006684494	4.915212642505993E-4	5.945914538369548E-9	0.14377339503324765	5.2511162356156E-4	19.31129012486517	-83.38357585481309
687000	-3489.5587975785256	-3428.3552576300085	-61.20353994851699	-3428.3552576300085	42.407118228179435	189.87923209731835	0.7407181530532271	0.058148007276884794	2.6911265389914987	0.25072545373162003	0.058148007276884794	2.6911265389914987	0.25072545373162003	0.14153485045115372	5.243651824841106E-4	5.943070209553227E-9	0.14708983640915488	5.2511162356156E-4	14.487337532310836	-81.0370394665028
688000	-3503.601178369416	-3440.3426985187266	-63.25847985068971	-3440.3426985187266	43.77462264745939	181.93949650216305	0.7407181530532271	0.058148007276884794	2.6911265389914987	0.25072545373162003	0.058148007276884794	2.6911265389914987	0.25072545373162003	0.17577144633604677	6.613834763420929E-4	1.5354374016563226E-8	0.1687233361244911	7.669259307029989E-4	19.92734710111065	-75.45755884051043
689000	-3522.961443289291	-3433.5579319347453	-89.40351135454563	-3433.5579319347453	27.362279526782388	146.63191471255453	0.7407181530532271	0.058148007276884794	2.6911265389914987	0.25072545373162003	0.058148007276884794	2.6911265389914987	0.25072545373162003	0.40882893489806116	6.683710120027282E-4	7.257806587422944E-8	0.3779220210733012	7.573751639433193E-4	16.70290880043106	-75.93080303697165
690000	-3502.2429986867864	-3435.0955514352167	-67.14744725156972	-3435.0955514352167	35.39604872963437	172.6425156354327	0.7407181530532271	0.058148007276884794	2.6911265389914987	0.25072545373162003	0.058148007276884794	2.6911265389914987	0.25072545373162003	0.21796845498603012	5.728775031626477E-4	1.0255078626805537E-8	0.1746164814659982	5.949159005788004E-4	10.75294389803484	-81.35029423634442
691000	-3510.7885650090534	-3430.6416989836985	-80.14686602535473	-3430.6416989836985	32.665390774165104	166.931092628606	0.7407181530532271	0.058148007276884794	2.6911265389914987	0.25072545373162003	0.058148007276884794	2.6911265389914987	0.25072545373162003	0.28012010085158756	5.825786927602599E-4	2.953634937331451E-8	0.2836603943303836	6.593287417892056E-4	15.475588140468512	-78.52289377626346
692000	-3531.858077408541	-3429.661611215161	-102.19646619337978	-3429.661611215161	44.99701308573879	201.62425170233053	0.7407181530532271	0.058148007276884794	2.6911265389914987	0.25072545373162003	0.058148007276884794	2.6911265389914987	0.25072545373162003	0.35126644914852	5.339332027460337E-4	4.355095112053316E-8	0.3679559527732488	5.190600433485917E-4	15.591848649934335	-80.35497181136185
693000	-3495.6546855331053	-3426.8547298673525	-68.79995566575258	-3426.8547298673525	34.96259639362546	172.2560248110351	0.7407181530532271	0.058148007276884794	2.5094967751589907	0.43235521756412787	0.058148007276884794	2.5094967751589907	0.43235521756412787	0.22105927018419885	6.079534560987553E-4	1.163108709137938E-8	0.1905566153604608	5.861759206898289E-4	13.182882191683658	-78.51963304448402
694000	-3512.498008323092	-3432.998493918162	-79.49951440493051	-3432.998493918162	48.23428194489971	192.2912659413966	0.7407181530532271	0.058148007276884794	2.5094967751589907	0.43235521756412787	0.058148007276884794	2.5094967751589907	0.43235521756412787	0.21665089725999215	4.7231200661147684E-4	1.1493446354495126E-8	0.2278409043561905	4.4683307486288764E-4	12.814044907378749	-80.03925364739105
695000	-3504.318146758783	-3434.1332451338994	-70.18490162488342	-3434.1332451338994	48.362734688979856	199.36312522898433	0.7407181530532271	0.14540863668214918	2.4222361457537263	0.43235521756412787	0.14540863668214918	2.4222361457537263	0.43235521756412787	0.19166907790182663	4.566942194794732E-4	8.403584524513458E-9	0.20623119542259802	4.444487793916639E-4	15.439609796908703	-79.04675238438966
696000	-3520.2365754413254	-3432.6420236083873	-87.59455183293804	-3432.6420236083873	46.89283981703707	185.17905664346927	0.7407181530532271	0.14540863668214918	2.4222361457537263	0.43235521756412787	0.14540863668214918	2.4222361457537263	0.43235521756412787	0.3266615777514044	5.54281386525917E-4	3.194589028956591E-8	0.3177986346168023	5.423203184857691E-4	13.899981305520077	-75.92859932287695
697000	-3542.8891127559596	-3443.6775162424947	-99.21159651346468	-3443.6775162424947	37.36702091840118	189.6782767158295	0.7407181530532271	0.14540863668214918	2.4222361457537263	0.43235521756412787	0.14540863668214918	2.4222361457537263	0.43235521756412787	0.23885530097327465	5.655894599376194E-4	4.342801059000263E-8	0.340167376724621	5.618679802992464E-4	18.315699727299226	-81.3680906652146
698000	-3531.7735962274683	-3434.2774715385076	-97.49612468896044	-3434.2774715385076	41.32603090196862	176.13308977668322	0.7407181530532271	0.14540863668214918	2.4222361457537263	0.43235521756412787	0.14540863668214918	2.4222361457537263	0.43235521756412787	0.4513535113796517	5.947628486610352E-4	1.0139519822032124E-7	0.5358709338745964	6.397893489358931E-4	14.475960160980307	-75.04991908012985
699000	-3521.340484084842	-3434.869469709164	-86.47101437567777	-3434.869469709164	34.888919888680974	166.94911839524562	0.7407181530532271	0.14540863668214918	2.4222361457537263	0.43235521756412787	0.14540863668214918	2.4222361457537263	0.43235521756412787	0.35653798332295394	5.277081618518633E-4	2.586518855759395E-8	0.3207714088687198	5.661634074778083E-4	15.294659211676217	-77.76338317611956
700000	-3488.0434575170143	-3421.489823927968	-66.55363358904663	-3421.489823927968	42.68817156706329	184.95887429944364	0.7407181530532271	0.14540863668214918	2.4222361457537263	0.43235521756412787	0.14540863668214918	2.4222361457537263	0.43235521756412787	0.18929779965440904	5.301039093479652E-4	9.334968730291581E-9	0.18482305296630985	5.23447535769294E-4	13.996088429831493	-78.42474913273436
701000	-3515.375933818764	-3438.512803252916	-76.86313056584822	-3438.512803252916	45.173412284744494	214.38887595632747	0.7407181530532271	0.14540863668214918	2.5501014098505834	0.3044899534672707	0.14540863668214918	2.5501014098505834	0.3044899534672707	0.2372506281703007	4.902405576783502E-4	1.2013790911233821E-8	0.21906661550914217	5.076256929130198E-4	16.378855958946005	-82.69924632451455
702000	-3518.554139851454	-3430.4343936825358	-88.1197461689182	-3430.4343936825358	46.42545263261593	195.78539763719874	0.7407181530532271	0.14540863668214918	2.5501014098505834	0.3044899534672707	0.14540863668214918	2.5501014098505834	0.3044899534672707	0.4099977247064288	5.211178189444917E-4	2.6986758722918173E-8	0.32106617023616313	5.432867291538103E-4	15.112267435457781	-79.83060383753833
703000	-3521.437427168721	-3431.9719706419087	-89.46545652681235	-3431.9719706419087	39.511068031069456	177.69030516739346	0.7407181530532271	0.14540863668214918	2.5501014098505834	0.3044899534672707	0.14540863668214918	2.5501014098505834	0.3044899534672707	0.3485462623946102	6.674400912531597E-4	6.169214390126615E-8	0.3571837024417204	6.993840536385172E-4	18.33901837878184	-76.97373029389331
704000	-3482.6804584919773	-3432.7814078215224	-49.89905067045509	-3432.7814078215224	52.2469768880802	220.23544607933118	0.7407181530532271	0.14540863668214918	2.5501014098505834	0.3044899534672707	0.14540863668214918	2.5501014098505834	0.3044899534672707	0.1021513609378263	4.277789230472373E-4	1.9110291150198818E-9	0.10068587424877135	4.239014037596458E-4	18.311865784170468	-80.63896630415475
705000	-3482.6807451870354	-3423.3347979216223	-59.34594726541324	-3423.3347979216223	43.60191049816549	201.46472311671167	0.7407181530532271	0.14540863668214918	2.5501014098505834	0.3044899534672707	0.14540863668214918	2.5501014098505834	0.3044899534672707	0.11348643908618525	4.332292797170156E-4	2.9524292546860287E-9	0.13239078805863613	4.198397925920305E-4	14.389895864525096	-82.02748041242069
706000	-3490.322545728238	-3433.956144893372	-56.366400834865985	-3433.956144893372	57.388595411508135	225.566396861409	0.7407181530532271	0.14540863668214918	2.5501014098505834	0.3044899534672707	0.14540863668214918	2.5501014098505834	0.3044899534672707	0.10430902176180763	4.4075911251479364E-4	2.5137201308086607E-9	0.11834701554611675	4.17919136676745E-4	21.61067070682615	-79.24612221939178
707000	-3489.217416049086	-3429.0239582548024	-60.1934577942835	-3429.0239582548024	37.3079816112063	160.20160544523506	0.7407181530532271	0.14540863668214918	2.3872557594685846	0.46733560384926937	0.14540863668214918	2.3872557594685846	0.46733560384926937	0.15904673052922966	5.954475030228726E-4	8.86112647605229E-9	0.15697970190763444	5.90588917085549E-4	12.610092364515063	-76.26302702335019
708000	-3519.3136059937674	-3431.2649808093415	-88.04862518442592	-3431.2649808093415	46.916100063406006	194.83184515495145	0.7407181530532271	0.14540863668214918	2.3872557594685846	0.46733560384926937	0.14540863668214918	2.3872557594685846	0.46733560384926937	0.35813970118933236	5.25135613026645E-4	2.5551388020616236E-8	0.3233408365175232	5.205768124273063E-4	14.964786263608593	-78.82274294614837
709000	-3506.482405317433	-3437.5051868038504	-68.9772185135827	-3437.5051868038504	32.600716061605844	152.52057304203353	0.7407181530532271	0.14540863668214918	2.4288703666322147	0.425720996685639	0.14540863668214918	2.4288703666322147	0.425720996685639	0.24230660505356957	5.042686152335705E-4	1.2277106527735633E-8	0.22879643283260812	5.205327479712202E-4	13.20750589891074	-74.59375615181305
710000	-3479.145451201382	-3438.393021675439	-40.752429525943214	-3438.393021675439	49.00435867823697	183.3489709342542	0.7407181530532271	0.14540863668214918	2.4288703666322147	0.425720996685639	0.14540863668214918	2.4288703666322147	0.425720996685639	0.10309432195089062	5.133123945836655E-4	2.491459438509194E-9	0.09762283160612541	5.126885361092182E-4	17.69468694702609	-73.80988210962343
711000	-3458.285613495393	-3431.4281853036123	-26.85742819178102	-3431.4281853036123	36.09602503201771	170.53323553193658	0.7407181530532271	0.14540863668214918	2.4288703666322147	0.425720996685639	0.14540863668214918	2.4288703666322147	0.425720996685639	0.07298840523934828	6.151068298348133E-4	1.071227796060297E-9	0.05264862053315423	6.32569439081933E-4	21.513174649605936	-76.79057416391313
712000	-3492.936745815378	-3431.2980717392206	-61.63867407615705	-3431.2980717392206	44.65571379711409	192.09824524272972	0.7407181530532271	0.14540863668214918	2.4288703666322147	0.425720996685639	0.14540863668214918	2.4288703666322147	0.425720996685639	0.15988463609894327	5.528004131747952E-4	6.7106190291546125E-9	0.14698308822957556	5.524975641760411E-4	19.164067055732843	-78.55610501811942
713000	-3501.3763150642712	-3428.0357220880824	-73.34059297618872	-3428.0357220880824	41.447897947488244	168.43544116428558	0.7407181530532271	0.14540863668214918	2.4288703666322147	0.425720996685639	0.14540863668214918	2.4288703666322147	0.425720996685639	0.22468508373430865	6.019713472864507E-4	2.617069056434373E-8	0.23585056397038687	6.763176776821356E-4	16.18009397508261	-74.58522019321549
714000	-3481.5534008908885	-3431.039683963498	-50.51371692739023	-3431.039683963498	35.200807694385254	152.08615087463465	0.7407181530532271	0.14540863668214918	2.4288703666322147	0.425720996685639	0.14540863668214918	2.4288703666322147	0.425720996685639	0.14352159031620756	7.159486321320832E-4	9.578369607318335E-9	0.13641662573454946	7.321008615766993E-4	13.53558351695762	-72.64374694690936
715000	-3497.239466957394	-3434.565788508238	-62.673678449156185	-3434.565788508238	35.32952426760121	147.83624063733268	0.7407181530532271	0.14540863668214918	2.52540788450958	0.32918347880827337	0.14540863668214918	2.52540788450958	0.32918347880827337	0.19350864249147112	6.909138789093408E-4	1.849235703174203E-8	0.1928969701825975	6.845864687072281E-4	12.042044047569437	-72.76134227130277
716000	-3524.500566894682	-3426.487708032207	-98.01285886247469	-3426.487708032207	33.69980968255793	164.16110337710194	0.7407181530532271	0.06242065814996631	2.52540788450958	0.41217145734045624	0.06242065814996631	2.52540788450958	0.41217145734045624	0.42462377853813804	6.63627544335432E-4	6.639925182197284E-8	0.4933775012481862	5.480336366660298E-4	15.022442067888342	-76.51238973688082
717000	-3525.225867679203	-3427.5491481639947	-97.67671951520818	-3427.5491481639947	34.541954330821184	169.5800645526368	0.7407181530532271	0.06242065814996631	2.52540788450958	0.41217145734045624	0.06242065814996631	2.52540788450958	0.41217145734045624	0.3673567399006755	5.964811664187233E-4	5.646965777088431E-8	0.38358563581211086	5.686145874662647E-4	16.303451701387388	-77.74744767398592
718000	-3536.219777429844	-3429.3135251354324	-106.9062522944112	-3429.3135251354324	37.71226895801305	191.6338401746932	0.7407181530532271	0.06242065814996631	2.52540788450958	0.41217145734045624	0.06242065814996631	2.52540788450958	0.41217145734045624	0.5174236112717143	4.943615571125653E-4	5.7582507479013105E-8	0.48172434758585675	4.965160514489775E-4	13.223654484381427	-82.33759703454673
719000	-3522.7035770343255	-3428.008278358574	-94.69529867575132	-3428.008278358574	56.48318242888184	227.01746484777587	0.7407181530532271	0.06242065814996631	2.52540788450958	0.41217145734045624	0.06242065814996631	2.52540788450958	0.41217145734045624	0.3458226894168844	4.346465212215363E-4	2.1161885422242127E-8	0.33268689919465766	4.351794479613167E-4	20.13776093911308	-81.46703275701249
720000	-3508.256722359973	-3437.0757733066343	-71.18094905333865	-3437.0757733066343	30.071046617744813	152.20830554526813	0.7407181530532271	0.1306969606713989	2.4571315819881474	0.41217145734045624	0.1306969606713989	2.4571315819881474	0.41217145734045624	0.22710121450343124	6.752426056705234E-4	2.132308110932923E-8	0.2230916941541705	6.576236543562249E-4	13.955754375456136	-74.63779221178646
721000	-3512.740902448188	-3429.01625761356	-83.72464483462804	-3429.01625761356	48.03660111624467	202.011638421695	0.7407181530532271	0.1306969606713989	2.4571315819881474	0.41217145734045624	0.1306969606713989	2.4571315819881474	0.41217145734045624	0.2582606636573798	5.399244179205031E-4	2.3181504312090305E-8	0.2596002336669004	5.691712698946672E-4	22.104841598960217	-78.05606056483636
722000	-3470.231346660599	-3438.475050063904	-31.75629659669488	-3438.475050063904	42.76960985820763	196.53157924501826	0.7407181530532271	0.1306969606713989	2.4571315819881474	0.41217145734045624	0.1306969606713989	2.4571315819881474	0.41217145734045624	0.055995497961304784	5.689842563287853E-4	1.2509683784331366E-9	0.062030856238053156	5.778415856533464E-4	18.129056671335324	-79.6278681023146
723000	-3501.1314084893884	-3443.182610092233	-57.9487983971552	-3443.182610092233	32.86490370894173	162.71546483674274	0.7407181530532271	0.1306969606713989	2.4571315819881474	0.41217145734045624	0.1306969606713989	2.4571315819881474	0.41217145734045624	0.1494053129247451	6.001864459458715E-4	7.49432961020822E-9	0.14836462664943387	6.042914161567556E-4	18.658731888196243	-75.488610176741
724000	-3497.076259564323	-3427.2472528189264	-69.82900674539677	-3427.2472528189264	46.94064242968818	225.76395135089444	0.7407181530532271	0.1306969606713989	2.4571315819881474	0.41217145734045624	0.1306969606713989	2.4571315819881474	0.41217145734045624	0.15440163707321616	4.3973625742823957E-4	4.535399540636075E-9	0.15603230326578132	4.224237791434327E-4	17.748687505248444	-85.02465604450602
725000	-3516.729911432122	-3429.0561382118326	-87.67377322028968	-3429.0561382118326	31.2371461796314	169.12110563772586	0.7407181530532271	0.1306969606713989	2.4571315819881474	0.41217145734045624	0.1306969606713989	2.4571315819881474	0.41217145734045624	0.3149225941962074	5.57718184726798E-4	3.0154419604607695E-8	0.37799310585721213	4.798697939046551E-4	14.463835019886021	-79.52957428579094
726000	-3522.507624632665	-3430.023651788432	-92.48397284423298	-3430.023651788432	39.58347290059309	213.38464943999236	0.7407181530532271	0.1306969606713989	2.4571315819881474	0.41217145734045624	0.1306969606713989	2.4571315819881474	0.41217145734045624	0.2704736937795959	4.3396065270251877E-4	1.813262396492359E-8	0.3225394930615292	3.900276086052219E-4	18.94258888328482	-83.37291799525579
727000	-3498.97300687889	-3431.6742173397047	-67.2987895391851	-3431.6742173397047	52.24941513696898	240.34399857674268	0.7407181530532271	0.1306969606713989	2.4571315819881474	0.41217145734045624	0.1306969606713989	2.4571315819881474	0.41217145734045624	0.16837680697835428	4.543443974604673E-4	4.771226083018463E-9	0.14918567716378522	4.946023055633231E-4	22.57630101389711	-83.24416533406603
728000	-3521.8703166063583	-3430.3229036463613	-91.54741295999686	-3430.3229036463613	40.43078856823114	201.70125113211446	0.7407181530532271	0.1306969606713989	2.4571315819881474	0.41217145734045624	0.1306969606713989	2.4571315819881474	0.41217145734045624	0.34561507541330533	4.6777318435876095E-4	2.4372919192143647E-8	0.3552425004089792	4.851844878859997E-4	22.020368516280048	-81.32959160126701
729000	-3512.0129173078158	-3426.915918923318	-85.09699838449815	-3426.915918923318	29.767592468218048	163.60031500961412	0.7407181530532271	0.1306969606713989	2.4571315819881474	0.41217145734045624	0.1306969606713989	2.4571315819881474	0.41217145734045624	0.27493633862627975	6.592438818839143E-4	3.1475899390709466E-8	0.31065535394441685	5.868648300744793E-4	17.046074006677483	-77.7318560886852
730000	-3535.2934580209035	-3430.4520317875877	-104.84142623331576	-3430.4520317875877	32.920079965574814	176.82020175102662	0.7407181530532271	0.1306969606713989	2.4571315819881474	0.41217145734045624	0.1306969606713989	2.4571315819881474	0.41217145734045624	0.5080736120661089	5.897250714816849E-4	1.0684349179543421E-7	0.6070174350277467	5.814733978077322E-4	21.445878868448577	-78.42562366415615
731000	-3520.764857185798	-3418.4233447165657	-102.34151246923246	-3418.4233447165657	36.817346796689904	195.15569770304143	0.7407181530532271	0.1306969606713989	2.4571315819881474	0.41217145734045624	0.1306969606713989	2.4571315819881474	0.41217145734045624	0.4800401306407182	5.294815870517573E-4	6.796672167797906E-8	0.4529623038536617	6.596524871713042E-4	16.798656594793663	-83.77169370566311
732000	-3516.674655027311	-3436.869101109884	-79.80555391742688	-3436.869101109884	30.642270137588827	164.49271583074645	0.7407181530532271	0.1306969606713989	2.4571315819881474	0.41217145734045624	0.1306969606713989	2.4571315819881474	0.41217145734045624	0.2331484144205711	6.787386071911756E-4	2.484301047629356E-8	0.24585479628041992	6.433188166618134E-4	10.221059181663751	-84.41476901922009
733000	-3530.8440726211716	-3436.3344819694703	-94.50959065170139	-3436.3344819694703	31.50874031691521	152.84493061514672	0.7407181530532271	0.1306969606713989	2.4571315819881474	0.41217145734045624	0.1306969606713989	2.4571315819881474	0.41217145734045624	0.36862188926377426	6.213414896246459E-4	5.671971425682782E-8	0.3930008464256349	5.728666876677899E-4	15.547605391339149	-73.8559475033248
734000	-3516.583980279889	-3438.0991812129682	-78.48479906692091	-3438.0991812129682	21.637459908894044	117.62083873259299	0.7407181530532271	0.1306969606713989	2.4571315819881474	0.41217145734045624	0.1306969606713989	2.4571315819881474	0.41217145734045624	0.3411142519640591	6.805778942723462E-4	4.357381529832155E-8	0.33498136437968995	6.302181959590116E-4	11.971210356162063	-72.3691868351491
735000	-3506.0944243170793	-3424.55577389869	-81.53865041838924	-3424.55577389869	23.129911268990778	108.60182945524099	0.7407181530532271	0.1306969606713989	2.4571315819881474	0.41217145734045624	0.1306969606713989	2.4571315819881474	0.41217145734045624	0.3270840848767355	8.660473209424984E-4	1.1787361417496136E-7	0.3997982862710761	9.188326373905571E-4	12.328855729334723	-66.34516928245569
736000	-3517.242142868145	-3430.5425328307433	-86.6996100374018	-3430.5425328307433	21.79731816794745	101.11236349666282	0.7407181530532271	0.1306969606713989	2.4571315819881474	0.41217145734045624	0.1306969606713989	2.4571315819881474	0.41217145734045624	0.5149431247444798	9.440631788803501E-4	1.7232098527436043E-7	0.44489959408585883	9.718068277332261E-4	9.542877102210312	-66.48172849739072
737000	-3519.7990314897797	-3421.9710884190185	-97.82794307076108	-3421.9710884190185	21.088038559352277	106.40654165290866	0.7407181530532271	0.1306969606713989	2.4571315819881474	0.41217145734045624	0.1306969606713989	2.4571315819881474	0.41217145734045624	0.5671221792273271	9.874445329808973E-4	3.045218656881507E-7	0.6305200401492688	8.64410738704275E-4	10.487026071360198	-67.84956254329003
738000	-3544.3842082085785	-3436.36589760324	-108.01831060533857	-3436.36589760324	39.22848012905091	180.30763541261493	0.7407181530532271	0.1306969606713989	2.4571315819881474	0.41217145734045624	0.1306969606713989	2.4571315819881474	0.41217145734045624	0.5619096345133661	5.885142985095815E-4	6.606724479000033E-8	0.43541253430240157	5.658608942397108E-4	15.301333883692918	-78.32270854684911
739000	-3530.776192813951	-3431.7486038498896	-99.0275889640614	-3431.7486038498896	36.552621686116	174.1043826203897	0.7407181530532271	0.1306969606713989	2.4571315819881474	0.41217145734045624	0.1306969606713989	2.4571315819881474	0.41217145734045624	0.436719425187593	5.924136455513227E-4	5.764867175671154E-8	0.43059512871597255	5.630249089501279E-4	18.614796930488495	-76.95942564511314
740000	-3503.646955862748	-3440.4734075324263	-63.17354833032199	-3440.4734075324263	41.66253712412561	165.77022291397915	0.7407181530532271	0.1306969606713989	2.572862276739262	0.29644076258934154	0.1306969606713989	2.572862276739262	0.29644076258934154	0.23390626573773432	8.096310357456181E-4	2.2296482028792034E-8	0.18769269493799104	8.577640656899123E-4	14.46610846246438	-73.58253240448477
741000	-3508.480972674458	-3427.261586014272	-81.21938666018626	-3427.261586014272	44.42449723193468	226.2723310727897	0.7407181530532271	0.1306969606713989	2.572862276739262	0.29644076258934154	0.1306969606713989	2.572862276739262	0.29644076258934154	0.22449030479832174	4.4194273858513003E-4	7.930012115744557E-9	0.20651795172355616	4.6336870106294806E-4	15.8774105444396	-88.41284030442262
742000	-3506.9891350508474	-3424.295915727851	-82.69321932299647	-3424.295915727851	63.37452585201846	267.3495311878792	0.7407181530532271	0.1306969606713989	2.4223829319261876	0.44692010740241594	0.1306969606713989	2.4223829319261876	0.44692010740241594	0.1958592280160871	3.420041643397419E-4	5.605255491156808E-9	0.21917564554202199	3.419539005978874E-4	27.498387723943825	-84.13079565946678
743000	-3529.6136083126494	-3429.638445161868	-99.97516315078136	-3429.638445161868	35.61523386539693	195.56177855119753	0.7407181530532271	0.1306969606713989	2.4223829319261876	0.44692010740241594	0.1306969606713989	2.4223829319261876	0.44692010740241594	0.33524715558597457	5.259376683424493E-4	3.948524191667316E-8	0.3911489470927167	5.208132385079727E-4	17.480150962914042	-82.45322582685654
744000	-3522.536271876081	-3437.986705197961	-84.54956667812019	-3437.986705197961	31.462054699984733	179.1683833916949	0.7407181530532271	0.028876465713515972	2.4223829319261876	0.5487406023602989	0.028876465713515972	2.4223829319261876	0.5487406023602989	0.2692921272044349	5.059645121018072E-4	1.8726485160289548E-8	0.2915707429764638	4.767157711210214E-4	17.93798147262758	-80.99040007671086
745000	-3532.966981620594	-3442.499681080059	-90.46730054053538	-3442.499681080059	27.09112125990853	139.43952541660428	0.7407181530532271	0.028876465713515972	2.4223829319261876	0.5487406023602989	0.028876465713515972	2.4223829319261876	0.5487406023602989	0.3497574125833169	7.381194519487077E-4	6.677054611374991E-8	0.3960026536389249	6.1690325275351E-4	14.992871582453413	-74.16594771150771
746000	-3523.0340058754723	-3430.314500155465	-92.7195057200074	-3430.314500155465	26.500075710987517	135.21436438683938	0.7407181530532271	0.028876465713515972	2.4223829319261876	0.5487406023602989	0.028876465713515972	2.4223829319261876	0.5487406023602989	0.34828708137965064	7.336950962602013E-4	7.315605885159719E-8	0.3846763396091892	6.35901550335387E-4	14.69636117398758	-73.04434700836073
747000	-3524.527586049095	-3445.595361525409	-78.93222452368626	-3445.595361525409	29.69012947198666	140.8190251026695	0.7407181530532271	0.1639635462510623	2.4223829319261876	0.4136535218227525	0.1639635462510623	2.4223829319261876	0.4136535218227525	0.26608689708875516	5.73260264325879E-4	2.436402938212776E-8	0.2774226128970836	5.519934661304289E-4	18.970581714083355	-71.72842256218163
748000	-3528.0985789706956	-3438.2184112220384	-89.88016774865739	-3438.2184112220384	27.715380855274965	143.06120480031962	0.7407181530532271	0.07270336809093192	2.334519855569401	0.5927767763396695	0.07270336809093192	2.334519855569401	0.5927767763396695	0.42542601893217524	7.695864783936215E-4	8.205670829883783E-8	0.3532833177610933	8.923778170367018E-4	17.800553331266524	-75.50762275183787
749000	-3519.952729272959	-3423.0635422969203	-96.88918697603852	-3423.0635422969203	31.363654533825574	170.61747911687812	0.7407181530532271	0.20296429348075784	2.334519855569401	0.4625158509498436	0.20296429348075784	2.334519855569401	0.4625158509498436	0.31625733082972024	6.946503501919536E-4	8.60538164831269E-8	0.3959138116790962	6.935971180979706E-4	13.226014770118452	-82.58203978998732
750000	-3498.531110909621	-3429.462685098498	-69.06842581112315	-3429.462685098498	35.60098851925522	179.62151768941294	0.7407181530532271	0.20296429348075784	2.334519855569401	0.4625158509498436	0.20296429348075784	2.334519855569401	0.4625158509498436	0.20230684005457827	5.823678183155748E-4	1.340551159583985E-8	0.19922423478981177	5.792526558547152E-4	16.128774493955618	-78.2935566613319
751000	-3499.5085003653644	-3425.1782502348537	-74.33025013051046	-3425.1782502348537	52.4673204344082	252.7168706547392	0.7407181530532271	0.20296429348075784	2.334519855569401	0.4625158509498436	0.20296429348075784	2.334519855569401	0.4625158509498436	0.1586578269379225	3.6237450492780773E-4	3.683426717695757E-9	0.17203553895822796	3.48517403594706E-4	21.33704944710131	-85.84498158990428
752000	-3521.0062818790984	-3427.6333232526076	-93.37295862649059	-3427.6333232526076	52.58647429579881	270.88753090129455	0.7407181530532271	0.20296429348075784	2.334519855569401	0.4625158509498436	0.20296429348075784	2.334519855569401	0.4625158509498436	0.20163267105112131	3.7763486053183916E-4	8.205088149307414E-9	0.23780885277533034	3.603078735268413E-4	29.84966209781286	-87.2523519805112
753000	-3518.7839527279993	-3428.990635480884	-89.79331724711551	-3428.990635480884	63.83677851763635	291.64069137411934	0.7407181530532271	0.20296429348075784	2.334519855569401	0.4625158509498436	0.20296429348075784	2.334519855569401	0.4625158509498436	0.18342967821749875	2.9838765996633923E-4	5.366951803546632E-9	0.2411943403722213	2.9852469703789923E-4	22.620081234195418	-88.96550830645796
754000	-3498.3619211826563	-3429.746603851305	-68.61531733135135	-3429.746603851305	42.49771447185203	193.7543556702709	0.7407181530532271	0.20296429348075784	2.334519855569401	0.4625158509498436	0.20296429348075784	2.334519855569401	0.4625158509498436	0.18108922901329247	5.09275339577657E-4	5.599113705168869E-9	0.15898390743592922	4.4704529218231407E-4	19.247155624630754	-79.62309801341871
755000	-3495.873095766816	-3432.2516402286315	-63.62145553818417	-3432.2516402286315	47.52168337837307	216.9908349042688	0.7407181530532271	0.20296429348075784	2.334519855569401	0.4625158509498436	0.20296429348075784	2.334519855569401	0.4625158509498436	0.14709104233507994	4.7606255909365556E-4	4.471685465054298E-9	0.14354158316102664	4.695265513472578E-4	19.840393790260613	-82.95570026090563
756000	-3502.4162017385424	-3441.697493669222	-60.71870806932044	-3441.697493669222	44.75368753198006	214.25730125141817	0.7407181530532271	0.26279177878569854	2.334519855569401	0.40268836564490285	0.26279177878569854	2.334519855569401	0.40268836564490285	0.1205055034578801	3.727794835206355E-4	1.9327356143267065E-9	0.111899625823962	3.7794984270043817E-4	21.160713352657826	-83.42117769755109
757000	-3498.9856241450034	-3436.180180667154	-62.80544347784925	-3436.180180667154	50.677448825196265	227.19674708745106	0.7407181530532271	0.15996154205007634	2.334519855569401	0.505518602380525	0.15996154205007634	2.334519855569401	0.505518602380525	0.13172074147929239	4.418439018846569E-4	3.315237818541579E-9	0.13253307285188734	4.3441800485050476E-4	19.39747157902941	-83.34243860119015
758000	-3481.004776509565	-3429.226209599999	-51.77856690956625	-3429.226209599999	58.9870300979508	240.8569728156709	0.7407181530532271	0.15996154205007634	2.334519855569401	0.505518602380525	0.15996154205007634	2.334519855569401	0.505518602380525	0.10165306010769053	3.8781564532101485E-4	1.5965377346255309E-9	0.1064454112080222	3.777399784999476E-4	14.4936776671247	-84.55332273794112
759000	-3501.131771071405	-3429.6967415672525	-71.43502950415252	-3429.6967415672525	57.01407658875287	249.88459225769535	0.7407181530532271	0.15996154205007634	2.334519855569401	0.505518602380525	0.15996154205007634	2.334519855569401	0.505518602380525	0.15828520982987407	3.804431078055842E-4	5.041296349758516E-9	0.17319480123516243	4.122942414893548E-4	18.10163196381084	-86.06463432407831
760000	-3468.3339215285023	-3421.4855576056975	-46.848363922804786	-3421.4855576056975	52.19776073436328	230.62958139828424	0.7407181530532271	0.15996154205007634	2.334519855569401	0.505518602380525	0.15996154205007634	2.334519855569401	0.505518602380525	0.09655623460539907	4.2115897665964377E-4	1.1489200195214877E-9	0.08159025352821216	4.1121232021638096E-4	14.508274319937687	-86.3044501824142
761000	-3491.3507462389184	-3432.746637607298	-58.60410863162063	-3432.746637607298	38.25640125271352	203.63661559165865	0.7407181530532271	0.15996154205007634	2.334519855569401	0.505518602380525	0.15996154205007634	2.334519855569401	0.505518602380525	0.12136873062845195	4.630470644249264E-4	3.0226838386730008E-9	0.12265709535946873	4.4147222250172683E-4	20.65219786435354	-82.02131322714469
762000	-3512.414766715309	-3437.948414450243	-74.4663522650659	-3437.948414450243	47.369167788926674	213.49544503866468	0.7407181530532271	0.15996154205007634	2.334519855569401	0.505518602380525	0.15996154205007634	2.334519855569401	0.505518602380525	0.23845802849561126	4.823264698054418E-4	7.73624671656526E-9	0.17771604977358035	4.872989048495834E-4	19.343905272845998	-81.25456772661371
763000	-3531.7616338333405	-3429.125597683858	-102.63603614948242	-3429.125597683858	35.15863691916476	181.66347549903736	0.7407181530532271	0.15996154205007634	2.334519855569401	0.505518602380525	0.15996154205007634	2.334519855569401	0.505518602380525	0.4612693833167035	5.536540624356248E-4	7.699679638971668E-8	0.53599588914397	5.593305925900591E-4	19.070199673560396	-79.28699120931664
764000	-3539.521048341366	-3431.520107299292	-108.00094104207427	-3431.520107299292	31.515708990312973	168.3926109702808	0.7407181530532271	0.15996154205007634	2.334519855569401	0.505518602380525	0.15996154205007634	2.334519855569401	0.505518602380525	0.4601124239233642	6.270833217327979E-4	4.754399403527333E-8	0.4217069495518527	4.605354521818292E-4	13.00746845644619	-80.69860666165309
765000	-3534.314327883051	-3433.769856647854	-100.54447123519742	-3433.769856647854	31.19359696667043	156.94305198843813	0.7407181530532271	0.15996154205007634	2.334519855569401	0.505518602380525	0.15996154205007634	2.334519855569401	0.505518602380525	0.4951239617654692	7.066668093868429E-4	1.0617533239727988E-7	0.5504566242144175	5.916003362404561E-4	15.593106921521613	-76.21448009038464
766000	-3539.4507910995662	-3430.474508006004	-108.9762830935624	-3430.474508006004	28.86305375694874	139.61054314409247	0.7407181530532271	0.2264305661496273	2.334519855569401	0.4390495782809741	0.2264305661496273	2.334519855569401	0.4390495782809741	0.6218385455927042	8.608774776474272E-4	2.771974439999705E-7	0.6232679970177056	7.764767071391801E-4	10.54411598256634	-74.27384469514732
767000	-3530.168799868674	-3422.0441116714323	-108.12468819724164	-3422.0441116714323	27.401786675331113	136.74990323422733	0.7407181530532271	0.2264305661496273	2.334519855569401	0.4390495782809741	0.2264305661496273	2.334519855569401	0.4390495782809741	0.4549400574954042	6.810663094121946E-4	2.050535761830013E-7	0.5773086530876503	7.268244755308818E-4	14.426327143052198	-73.56820673919448
768000	-3540.954264481039	-3439.56528020919	-101.38898427184893	-3439.56528020919	23.08984597406428	117.61319738248402	0.7407181530532271	0.2264305661496273	2.334519855569401	0.4390495782809741	0.2264305661496273	2.334519855569401	0.4390495782809741	0.619058184601971	8.200031378500315E-4	1.526617087694127E-7	0.513832681312699	7.500658423420565E-4	13.447601445014122	-70.64517154223125
769000	-3525.7651830910327	-3422.1274095319127	-103.63777355911988	-3422.1274095319127	29.57544573428678	157.48141046266494	0.7407181530532271	0.021179962674194003	2.539770459044834	0.4390495782809741	0.021179962674194003	2.539770459044834	0.4390495782809741	0.6252568537445994	6.953046041658548E-4	1.4302282150291354E-7	0.625747320633256	7.018783654799815E-4	18.422410055224017	-76.53408032269614
770000	-3541.111863509415	-3428.279025378295	-112.83283813111976	-3428.279025378295	31.023521849885462	159.52605736683077	0.7407181530532271	0.021179962674194003	2.539770459044834	0.4390495782809741	0.021179962674194003	2.539770459044834	0.4390495782809741	0.46038662951488357	7.094580378475134E-4	9.888885966216826E-8	0.4968230517532003	5.276193753067855E-4	19.783447658389758	-76.09338073828873
771000	-3544.562870208813	-3432.3931795658673	-112.16969064294544	-3432.3931795658673	30.383278875032733	160.83624397732333	0.7407181530532271	0.021179962674194003	2.539770459044834	0.4390495782809741	0.021179962674194003	2.539770459044834	0.4390495782809741	0.6658065918208744	6.486244813421601E-4	1.8282739260109451E-7	0.7293991000241882	5.936310442370404E-4	16.78812795255264	-76.97146293945693
772000	-3511.1367573338084	-3435.520406506105	-75.61635082770368	-3435.520406506105	24.677085003806237	131.25347074437255	0.7407181530532271	0.021179962674194003	2.5195746328864255	0.45924540443938255	0.021179962674194003	2.5195746328864255	0.45924540443938255	0.31349005256078843	8.451878121616502E-4	4.792286554081973E-8	0.2734961279520559	8.254687932789742E-4	14.141237779579638	-73.24089713830644
773000	-3516.1974512174374	-3422.3083769967316	-93.8890742207059	-3422.3083769967316	23.982018018505336	141.4332177395736	0.7407181530532271	0.17625868355993202	2.5195746328864255	0.3041666835536445	0.17625868355993202	2.5195746328864255	0.3041666835536445	0.43598878647805206	7.00291949942069E-4	8.467337852981329E-8	0.3866819678939691	7.957905622987332E-4	12.112591237160437	-78.8093826540438
774000	-3529.236394747803	-3438.1452889271372	-91.09110582066549	-3438.1452889271372	23.119248650777116	120.32796983058725	0.7407181530532271	0.17625868355993202	2.5195746328864255	0.3041666835536445	0.17625868355993202	2.5195746328864255	0.3041666835536445	0.4757400995962959	7.810060815204862E-4	1.1439299027553061E-7	0.4349280783561173	7.706318896698222E-4	13.615339585702715	-70.0269019729011
775000	-3531.1682699716534	-3436.2112272024933	-94.95704276916032	-3436.2112272024933	24.437641259864435	128.9458044018152	0.7407181530532271	0.17625868355993202	2.5195746328864255	0.3041666835536445	0.17625868355993202	2.5195746328864255	0.3041666835536445	0.4875862622793305	8.438890765842062E-4	1.4004466909857126E-7	0.4582502428179288	8.141845261916185E-4	13.00986222489806	-72.65297251004019
776000	-3527.301298904561	-3421.1972396620827	-106.10405924247839	-3421.1972396620827	25.585877610042846	135.32391400915145	0.7407181530532271	0.17625868355993202	2.5195746328864255	0.3041666835536445	0.17625868355993202	2.5195746328864255	0.3041666835536445	0.6692932487529704	7.564273143771367E-4	1.5646162602089112E-7	0.6501503907139411	7.390782822928107E-4	20.234741866035193	-73.58436747371603
777000	-3528.173551526913	-3426.5120019471365	-101.66154957977663	-3426.5120019471365	23.40852733623143	119.65949446054029	0.7407181530532271	0.17625868355993202	2.5195746328864255	0.3041666835536445	0.17625868355993202	2.5195746328864255	0.3041666835536445	0.524894565901015	9.471837909992115E-4	2.719178662092327E-7	0.6053475170521431	8.779976102577218E-4	14.10087789026615	-69.7884309477755
778000	-3526.5068444146777	-3438.054387120825	-88.45245729385266	-3438.054387120825	21.561804826978424	102.91145924607511	0.7407181530532271	0.17625868355993202	2.5195746328864255	0.3041666835536445	0.17625868355993202	2.5195746328864255	0.3041666835536445	0.34654764621301243	0.0011432846825505168	2.812920240617623E-7	0.46457078217076586	0.0010771551078249193	9.551140737842447	-65.92131294887261
779000	-3532.195706419644	-3446.518184928758	-85.6775214908861	-3446.518184928758	23.936165697585444	108.96935888833731	0.7407181530532271	0.17625868355993202	2.5195746328864255	0.3041666835536445	0.17625868355993202	2.5195746328864255	0.3041666835536445	0.4221241539230038	0.0011365399129895809	2.1128608160557052E-7	0.4007955294238219	0.001078770163429099	10.783856401491756	-65.87891575794012
780000	-3525.9539656550055	-3431.502519526163	-94.45144612884279	-3431.502519526163	22.922351274956107	109.05897588036714	0.7407181530532271	0.17625868355993202	2.4808635829741856	0.3428777334658848	0.17625868355993202	2.4808635829741856	0.3428777334658848	0.49769540591671413	8.935360031591381E-4	1.99695016606917E-7	0.46429390577329427	8.75169025198162E-4	11.788277351013202	-67.38450524160515
781000	-3534.1146258308327	-3443.816915892298	-90.29770993853472	-3443.816915892298	23.4291172601329	125.67444450636538	0.7407181530532271	0.17625868355993202	2.4808635829741856	0.3428777334658848	0.17625868355993202	2.4808635829741856	0.3428777334658848	0.4330006821751344	8.79813532476451E-4	1.1028936908674707E-7	0.373736572034976	8.600365897956466E-4	11.993366265611376	-72.61078200937872
782000	-3514.719111507889	-3425.950412351611	-88.76869915627813	-3425.950412351611	30.786326335621595	151.2847097322806	0.7407181530532271	0.17625868355993202	2.4808635829741856	0.3428777334658848	0.17625868355993202	2.4808635829741856	0.3428777334658848	0.3131166050281228	5.951826033226649E-4	4.640405415523978E-8	0.37280773035683046	6.119334710100175E-4	14.036979477015581	-74.41965060605857
783000	-3508.7514994355565	-3426.0833843117953	-82.66811512376117	-3426.0833843117953	40.53319729722442	166.957440385425	0.7407181530532271	0.17625868355993202	2.4808635829741856	0.3428777334658848	0.17625868355993202	2.4808635829741856	0.3428777334658848	0.28875183349464095	5.289760554025193E-4	2.261889048761786E-8	0.30666700308102585	4.6516671107388606E-4	13.178035399900692	-75.03496900066034
784000	-3495.4596197328838	-3421.5023742001104	-73.95724553277319	-3421.5023742001104	45.1276865812082	201.2500631158317	0.7407181530532271	0.17625868355993202	2.4808635829741856	0.3428777334658848	0.17625868355993202	2.4808635829741856	0.3428777334658848	0.17144402271430054	4.1074072433156054E-4	5.65156607376989E-9	0.19309834171758125	3.8142902031621027E-4	18.54533219654979	-80.07850183560487
785000	-3519.3991885245196	-3421.026443852941	-98.3727446715785	-3421.026443852941	51.67063409243029	240.17343436156287	0.7407181530532271	0.17625868355993202	2.4808635829741856	0.3428777334658848	0.17625868355993202	2.4808635829741856	0.3428777334658848	0.35783833949844684	3.940236297144837E-4	1.2024121478477945E-8	0.30573277071874166	3.6224981727453893E-4	16.830751767609776	-86.88401865743255
786000	-3528.567515778283	-3423.677275546696	-104.890240231587	-3423.677275546696	53.365999038244425	244.26471170040736	0.7407181530532271	0.17625868355993202	2.4808635829741856	0.3428777334658848	0.17625868355993202	2.4808635829741856	0.3428777334658848	0.39212128102559357	4.1839301564681764E-4	2.1099117542856706E-8	0.40342284083170404	3.6224981727453893E-4	24.57865269128138	-84.61229817345013
787000	-3498.694511015769	-3433.963543808162	-64.73096720760695	-3433.963543808162	40.67041173444797	185.62652144614034	0.7407181530532271	0.17625868355993202	2.4808635829741856	0.3428777334658848	0.17625868355993202	2.4808635829741856	0.3428777334658848	0.19104338513647554	3.7126231292098673E-4	4.056307033795136E-9	0.16465415825896973	3.8778745044976923E-4	17.898768058447395	-77.79766495707112
788000	-3492.438994157924	-3431.0474528471314	-61.39154131079246	-3431.0474528471314	45.491602081421355	182.42934949565444	0.7407181530532271	0.17625868355993202	2.4808635829741856	0.3428777334658848	0.17625868355993202	2.4808635829741856	0.3428777334658848	0.15434307694857174	5.755093570077114E-4	1.1028621885713301E-8	0.17782273927782877	6.057454174239783E-4	16.836266228652892	-74.86726500462883
789000	-3469.330154069904	-3437.080168740102	-32.24998532980184	-3437.080168740102	49.80185208546361	204.6735873386452	0.7407181530532271	0.17625868355993202	2.4808635829741856	0.3428777334658848	0.17625868355993202	2.4808635829741856	0.3428777334658848	0.07214060631235478	5.164247034440979E-4	1.1656104975031347E-9	0.0649536036679836	5.239169838116192E-4	13.41489257508138	-81.05228897156802
790000	-3506.2053453847416	-3435.0138844995213	-71.1914608852202	-3435.0138844995213	47.93801584847854	183.2438656516384	0.7407181530532271	0.17625868355993202	2.4808635829741856	0.3428777334658848	0.17625868355993202	2.4808635829741856	0.3428777334658848	0.21999656066389123	5.932692436369361E-4	1.5552827521468722E-8	0.20968353479693658	5.677254682410292E-4	16.754924942115185	-74.3437596972143
791000	-3504.159942611478	-3431.113128959552	-73.04681365192629	-3431.113128959552	43.663617637154644	186.3517050142222	0.7407181530532271	0.17625868355993202	2.4808635829741856	0.3428777334658848	0.17625868355993202	2.4808635829741856	0.3428777334658848	0.234088799420931	4.7180849290370325E-4	1.0510030539731358E-8	0.22114095020657307	4.8243471625148245E-4	16.49885951576144	-78.02867514084465
792000	-3510.4543112723454	-3434.3970617513546	-76.05724952099064	-3434.3970617513546	36.83999143565164	179.1083782272471	0.7407181530532271	0.17625868355993202	2.4808635829741856	0.3428777334658848	0.17625868355993202	2.4808635829741856	0.3428777334658848	0.29211402357753075	5.271185203912659E-4	1.4282702743084636E-8	0.22912558869939112	5.445638909925036E-4	14.329314909158759	-79.55941752717195
793000	-3519.5667965347434	-3429.856484355279	-89.71031217946437	-3429.856484355279	41.83449590054227	194.60573929445715	0.593325748432958	0.17625868355993202	2.4808635829741856	0.3428777334658848	0.17625868355993202	2.4808635829741856	0.3428777334658848	0.31487407876238166	5.231719526219014E-4	2.4552189963770602E-8	0.3220934737463293	4.981287386505594E-4	16.944843451875187	-80.46225791357038
794000	-3465.9727789208055	-3429.035276823714	-36.937502097091304	-3429.035276823714	41.01725125339226	185.80545453319357	0.7499861726599342	0.17625868355993202	2.4808635829741856	0.3428777334658848	0.17625868355993202	2.4808635829741856	0.3428777334658848	0.07385501249643298	6.789884815156204E-4	2.556879942690525E-9	0.07552776321343747	6.852885016467824E-4	16.136035432843013	-78.31946396087176
795000	-3476.100866608917	-3436.279216095437	-39.82165051348008	-3436.279216095437	39.741482062963	163.46155633886264	0.7499861726599342	0.17625868355993202	2.342329357940373	0.48141195849969753	0.17625868355993202	2.342329357940373	0.48141195849969753	0.0895392039331386	5.244670275611976E-4	2.3134623889637934E-9	0.09202431719313356	5.143364886862695E-4	15.966486354432332	-74.29186558023093
796000	-3494.741680651939	-3431.102216510791	-63.63946414114817	-3431.102216510791	43.89341378181726	191.55165987876586	0.7499861726599342	0.17625868355993202	2.342329357940373	0.48141195849969753	0.17625868355993202	2.342329357940373	0.48141195849969753	0.16229962548695404	4.966208929473529E-4	6.823465009467281E-9	0.16980815033475083	4.928253460449637E-4	14.403727050497874	-78.42210148552336
797000	-3521.1000122161704	-3441.1939313949138	-79.90608082125644	-3441.1939313949138	35.552052824503384	172.24649246801843	0.7499861726599342	0.17625868355993202	2.5284160812661427	0.29532523517392756	0.17625868355993202	2.5284160812661427	0.29532523517392756	0.2247536146642896	5.271467296323703E-4	1.4010928676747805E-8	0.2440428493323437	4.723197487001697E-4	20.62674265263797	-76.13838396871007
798000	-3514.9508236451948	-3423.989996003342	-90.96082764185276	-3423.989996003342	68.5535952720004	301.3092402950766	0.7499861726599342	0.17625868355993202	2.5284160812661427	0.29532523517392756	0.17625868355993202	2.5284160812661427	0.29532523517392756	0.23473546892863795	4.172640152244648E-4	7.874948571208916E-9	0.2122847201265327	4.2203112944200525E-4	35.826853967363355	-87.20994677727933
799000	-3522.2875213111793	-3427.051106897169	-95.23641441400997	-3427.051106897169	54.669861891182535	267.5940405297881	0.7499861726599342	0.17625868355993202	2.5284160812661427	0.29532523517392756	0.17625868355993202	2.5284160812661427	0.29532523517392756	0.28757698592122904	4.0355478059428694E-4	1.1323678747889135E-8	0.2632909140924343	4.1098956670466714E-4	23.490886862957097	-88.52374233257342
800000	-3527.979391558333	-3434.0249246384205	-93.95446691991242	-3434.0249246384205	33.85125738829722	154.29064446217646	0.7499861726599342	0.17625868355993202	2.5284160812661427	0.29532523517392756	0.17625868355993202	2.5284160812661427	0.29532523517392756	0.36756494041657845	5.524897884263118E-4	3.969982150847265E-8	0.3752036892473021	5.121832127222499E-4	13.990155187362328	-75.60668781438854
801000	-3508.3619167820475	-3428.32185546863	-80.04006131341765	-3428.32185546863	33.170106586510535	161.7636573134145	0.7499861726599342	0.17625868355993202	2.5284160812661427	0.29532523517392756	0.17625868355993202	2.5284160812661427	0.29532523517392756	0.3052599431070121	6.223915484067532E-4	2.8680819900578283E-8	0.26412846414819047	6.444541555949554E-4	18.21813585472412	-75.59604374654242
802000	-3535.814351882336	-3422.2834980405555	-113.53085384178033	-3422.2834980405555	53.32823970892486	209.48271632650386	0.7499861726599342	0.17625868355993202	2.5284160812661427	0.29532523517392756	0.17625868355993202	2.5284160812661427	0.29532523517392756	0.6568292162364093	4.998653186182359E-4	1.1285712967123074E-7	0.7234326862664222	5.04405484807364E-4	25.24652288031395	-79.30049737757197
803000	-3544.465231464676	-3430.789687883855	-113.67554358082069	-3430.789687883855	32.93721862790631	153.74780213988436	0.7499861726599342	0.17625868355993202	2.5284160812661427	0.29532523517392756	0.17625868355993202	2.5284160812661427	0.29532523517392756	0.6711197542676872	6.676385117051524E-4	1.7218970241518721E-7	0.684802461705626	5.985648296031236E-4	15.855523012938711	-74.35079066814424
804000	-3549.7166014233735	-3427.940710676241	-121.77589074713252	-3427.940710676241	53.80847874216334	196.5614494254312	0.7499861726599342	0.17625868355993202	2.5284160812661427	0.29532523517392756	0.17625868355993202	2.5284160812661427	0.29532523517392756	0.767182345014597	5.359534297773198E-4	3.3182679382721247E-7	0.7213573050525297	6.798491891381614E-4	13.720393638096509	-76.37100326976747
805000	-3528.2135214501627	-3439.336761257899	-88.87676019226359	-3439.336761257899	34.64282147127048	144.2685282040281	0.7499861726599342	0.17625868355993202	2.5284160812661427	0.29532523517392756	0.17625868355993202	2.5284160812661427	0.29532523517392756	0.3943620125023699	7.504431398736493E-4	1.1350732016089389E-7	0.4328876732431591	7.210193743871893E-4	12.603980567172878	-70.74395777362125
806000	-3533.2258546283538	-3435.6643159633713	-97.56153866498245	-3435.6643159633713	40.27048695868078	182.88103295286993	0.7499861726599342	0.17625868355993202	2.5284160812661427	0.29532523517392756	0.17625868355993202	2.5284160812661427	0.29532523517392756	0.3892219872760139	4.977781365720312E-4	7.244634045614195E-8	0.4562806137269844	6.080236005972491E-4	16.641228549592118	-79.32470536492004
807000	-3528.0078534682702	-3435.481380791094	-92.5264726771763	-3435.481380791094	45.558408812992305	209.10711282950814	0.7499861726599342	0.17625868355993202	2.5284160812661427	0.29532523517392756	0.17625868355993202	2.5284160812661427	0.29532523517392756	0.31869739820205906	4.6279119240405346E-4	2.5847990666018828E-8	0.3319156824703636	5.007748620045477E-4	23.365109188070303	-81.28721067095388
808000	-3520.719729882152	-3433.181260410716	-87.538469471436	-3433.181260410716	30.210713247233894	156.4182627566661	0.7499861726599342	0.17625868355993202	2.5284160812661427	0.29532523517392756	0.17625868355993202	2.5284160812661427	0.29532523517392756	0.28216364393254356	5.984059796532964E-4	3.150722494376839E-8	0.3177798279247733	5.206158956498951E-4	17.037326604222333	-76.54835527717623
809000	-3520.435503889931	-3436.028033686193	-84.40747020373813	-3436.028033686193	28.252917942968757	150.12202782948302	0.7499861726599342	0.050119517157317106	2.6545552476687577	0.29532523517392756	0.050119517157317106	2.6545552476687577	0.29532523517392756	0.31166472794336414	6.378004087622648E-4	3.1112305778789894E-8	0.29994123861070265	5.952092159471877E-4	19.30135606782914	-75.9826890214087
810000	-3533.2852826789804	-3427.844428320615	-105.44085435836533	-3427.844428320615	29.09301773555484	151.65085208344368	0.7499861726599342	0.050119517157317106	2.6545552476687577	0.29532523517392756	0.050119517157317106	2.6545552476687577	0.29532523517392756	0.5465242554198946	6.896696621630391E-4	1.9633896333132418E-7	0.6557930197789268	6.338044197668139E-4	15.441726920717775	-75.17999193050464
811000	-3528.20266657556	-3423.400981927638	-104.8016846479222	-3423.400981927638	29.49768299908553	156.15415013662908	0.7499861726599342	0.050119517157317106	2.4603166317332748	0.4895638511094105	0.050119517157317106	2.4603166317332748	0.4895638511094105	0.5062667924644233	7.198412984073459E-4	1.7397185031188217E-7	0.6316088404287543	6.804222472217911E-4	19.15794421441015	-75.50289184887978
812000	-3531.5246176298438	-3424.5618431512926	-106.96277447855135	-3424.5618431512926	39.57023702878037	168.83694141213024	0.7499861726599342	0.050119517157317106	2.4603166317332748	0.4895638511094105	0.050119517157317106	2.4603166317332748	0.4895638511094105	0.44598534605279627	6.830467415795592E-4	2.278523841438519E-7	0.6680333082444339	7.244391661871132E-4	20.07031209942562	-74.5546561838852
813000	-3537.8949229432	-3430.687278677426	-107.2076442657738	-3430.687278677426	60.34178921746763	233.1465961867975	0.7499861726599342	0.050119517157317106	2.4603166317332748	0.4895638511094105	0.050119517157317106	2.4603166317332748	0.4895638511094105	0.5898447086906656	4.7366517402683256E-4	8.517834781455463E-8	0.5875376049135694	5.54819871880734E-4	17.988857156251157	-80.85529199133008
814000	-3508.082706635745	-3433.343714357152	-74.73899227859351	-3433.343714357152	48.93062411869682	182.0844264587393	0.7499861726599342	0.050119517157317106	2.4603166317332748	0.4895638511094105	0.050119517157317106	2.4603166317332748	0.4895638511094105	0.2728504146554252	4.771828359237448E-4	1.5721900397877982E-8	0.25789877072291756	4.743189817971406E-4	13.025770351775769	-74.24792758788466
815000	-3526.040419620499	-3426.6570497430625	-99.3833698774364	-3426.6570497430625	38.90084730642554	170.83339864259915	0.7499861726599342	0.050119517157317106	2.4603166317332748	0.4895638511094105	0.050119517157317106	2.4603166317332748	0.4895638511094105	0.3050161330352369	6.695020905392589E-4	1.45673750883859E-7	0.453965952319902	7.671314573446014E-4	10.633587333379802	-78.89631201215121
816000	-3526.773175496348	-3428.3148601924854	-98.45831530386255	-3428.3148601924854	43.56052611941383	231.23856326854016	0.7499861726599342	0.050119517157317106	2.5577898353845825	0.39209064745810257	0.050119517157317106	2.5577898353845825	0.39209064745810257	0.2729005591154929	3.4127852307901585E-4	1.3633471659978633E-8	0.3415715957713877	3.1553661917039914E-4	27.407023084010202	-84.2526233383825
817000	-3477.7338937729482	-3418.0187984167756	-59.71509535617271	-3418.0187984167756	66.15950563561111	286.3327513531741	0.7499861726599342	0.050119517157317106	2.5577898353845825	0.39209064745810257	0.050119517157317106	2.5577898353845825	0.39209064745810257	0.11569163331322807	3.5289952092647166E-4	1.2282814816421692E-9	0.10052629021945758	3.5766611866114994E-4	28.33433899356042	-86.7205435284446
818000	-3495.9174505515393	-3420.4804255960435	-75.43702495549586	-3420.4804255960435	63.366588889745934	324.69903582506095	0.7499861726599342	0.050119517157317106	2.5577898353845825	0.39209064745810257	0.050119517157317106	2.5577898353845825	0.39209064745810257	0.13966508280174472	3.252479453801256E-4	1.5298600481808383E-9	0.12366141082629899	3.0952099740244403E-4	32.068696661172076	-92.30689253319078
819000	-3516.902698670296	-3420.489669975966	-96.41302869432997	-3420.489669975966	59.34540916436741	276.95186880339685	0.7499861726599342	0.050119517157317106	2.5577898353845825	0.39209064745810257	0.050119517157317106	2.5577898353845825	0.39209064745810257	0.33038887248402643	4.1038380999554867E-4	1.5430160867331766E-8	0.30776440978136754	4.2420725761211086E-4	20.400974555502703	-90.14272024417703
820000	-3485.306068546621	-3432.4771502559474	-52.82891829067372	-3432.4771502559474	45.57302459594398	191.96541150394248	0.7499861726599342	0.050119517157317106	2.5577898353845825	0.39209064745810257	0.050119517157317106	2.5577898353845825	0.39209064745810257	0.12690951415418025	5.921237633213304E-4	4.968979918256588E-9	0.117821115679943	5.925621752016491E-4	18.359177329080527	-78.18211917359307
821000	-3518.244887521057	-3432.99445288691	-85.25043463414715	-3432.99445288691	59.42000536467977	218.98657466164278	0.7499861726599342	0.050119517157317106	2.5577898353845825	0.39209064745810257	0.050119517157317106	2.5577898353845825	0.39209064745810257	0.32530317827696503	3.854340877526584E-4	1.5748147294287053E-8	0.30387909198439406	4.1902127980067617E-4	18.792824927403515	-77.79679940261187
822000	-3483.949385216145	-3424.9913949950037	-58.95799022114112	-3424.9913949950037	39.761594347129076	180.09457321975663	0.7499861726599342	0.050119517157317106	2.5577898353845825	0.39209064745810257	0.050119517157317106	2.5577898353845825	0.39209064745810257	0.18538690494421423	4.6222760355663095E-4	4.549601989062076E-9	0.14078606694912418	4.7736561268779795E-4	17.065912129839205	-76.7990951197604
823000	-3501.8579653310817	-3435.943752985448	-65.91421234563364	-3435.943752985448	35.68434113338728	163.31168653561485	0.7499861726599342	0.050119517157317106	2.5577898353845825	0.39209064745810257	0.050119517157317106	2.5577898353845825	0.39209064745810257	0.1984340390371054	5.625341445332617E-4	1.091920990855973E-8	0.19754729674832253	5.237609903584806E-4	15.616968288869808	-75.07873119697695
824000	-3523.65591018297	-3435.5009082362185	-88.1550019467514	-3435.5009082362185	34.877413859943594	197.7712523114269	0.7499861726599342	0.050119517157317106	2.5577898353845825	0.39209064745810257	0.050119517157317106	2.5577898353845825	0.39209064745810257	0.2733155535536973	5.224269510737583E-4	1.8945485334228746E-8	0.27342219437955484	4.903246489710738E-4	18.602875007757845	-82.02427025010869
825000	-3497.240797061151	-3421.1507000239835	-76.09009703716771	-3421.1507000239835	48.526925369881106	220.00494270386517	0.7499861726599342	0.050119517157317106	2.5577898353845825	0.39209064745810257	0.050119517157317106	2.5577898353845825	0.39209064745810257	0.18898110380391564	4.338807241112157E-4	9.673932317207178E-9	0.22134936476855857	4.734866391491592E-4	15.773144241551359	-83.9449133377169
826000	-3504.128307356255	-3427.4045409991522	-76.7237663571029	-3427.4045409991522	43.94012407388428	179.96568072051173	0.7499861726599342	0.050119517157317106	2.5577898353845825	0.39209064745810257	0.050119517157317106	2.5577898353845825	0.39209064745810257	0.25076021367718604	4.724312829436147E-4	1.314534774749483E-8	0.23675941077539847	4.788905879432644E-4	18.323028593610562	-75.82850006307757
827000	-3501.7991099461233	-3431.6776689554754	-70.12144099064798	-3431.6776689554754	40.92959046329908	173.90426997455577	0.7499861726599342	0.050119517157317106	2.5577898353845825	0.39209064745810257	0.050119517157317106	2.5577898353845825	0.39209064745810257	0.23590541867818812	5.746320801725194E-4	1.4841814573354167E-8	0.19926550900372741	5.857911700583601E-4	16.68264125917195	-75.25960944123347
828000	-3474.605549558046	-3424.376727844254	-50.22882171379156	-3424.376727844254	36.12086998295599	149.89579563940384	0.7499861726599342	0.13441946559622336	2.5577898353845825	0.3077906990191963	0.13441946559622336	2.5577898353845825	0.3077906990191963	0.13097731659240167	7.224413118353137E-4	1.015534619945306E-8	0.13723707187009168	7.410510049398532E-4	12.112293889226619	-72.78522577779691
829000	-3525.6913830408744	-3439.4440794471107	-86.24730359376385	-3439.4440794471107	42.39640419114572	196.6422200797845	0.7499861726599342	0.13441946559622336	2.5577898353845825	0.3077906990191963	0.13441946559622336	2.5577898353845825	0.3077906990191963	0.28246346801193684	4.8345517841205736E-4	1.8612607750312647E-8	0.2783084564627454	4.8487410252944673E-4	18.97249617458613	-79.10768988019586
830000	-3489.062239258708	-3427.0771017151037	-61.98513754360431	-3427.0771017151037	43.024583701000545	187.5614481517164	0.7499861726599342	0.13441946559622336	2.442754608835375	0.42282592556840415	0.13441946559622336	2.442754608835375	0.42282592556840415	0.1628422039476505	4.3079562286351894E-4	4.1999578802794445E-9	0.15723442288013156	4.078823085804838E-4	15.393350683388816	-78.66087672362731
831000	-3498.067545504021	-3433.7270824472407	-64.3404630567803	-3433.7270824472407	50.46056253482378	198.0500407855671	0.7499861726599342	0.13441946559622336	2.442754608835375	0.42282592556840415	0.13441946559622336	2.442754608835375	0.42282592556840415	0.16002974323908703	4.6920165681450576E-4	6.310948264848346E-9	0.1684139669084689	4.6514551957711775E-4	23.183419060275224	-76.26631119060355
832000	-3492.1804361074855	-3427.0038244131288	-65.17661169435677	-3427.0038244131288	28.81790255867243	134.41849621594145	0.7499861726599342	0.13441946559622336	2.442754608835375	0.42282592556840415	0.13441946559622336	2.442754608835375	0.42282592556840415	0.18628811860478459	7.224407651956992E-4	2.920300964200456E-8	0.2190921266210089	7.802090968282195E-4	10.105851663537743	-72.34239706447399
833000	-3501.2588362383367	-3431.164326308795	-70.09450992954186	-3431.164326308795	34.224306956349864	156.9853790833527	0.7499861726599342	0.13441946559622336	2.442754608835375	0.42282592556840415	0.13441946559622336	2.442754608835375	0.42282592556840415	0.19877392143903141	6.425391290112405E-4	1.839090235367233E-8	0.21230872710559487	6.113584399391618E-4	12.443159672582821	-75.92306438553652
834000	-3494.0731417075262	-3433.343960126814	-60.72918158071226	-3433.343960126814	42.19569766389874	185.36165255412416	0.7499861726599342	0.13441946559622336	2.442754608835375	0.42282592556840415	0.13441946559622336	2.442754608835375	0.42282592556840415	0.19950723547735025	5.363431968827572E-4	6.4542945227869025E-9	0.14963254096256431	5.547898920685434E-4	19.360501020074715	-76.72530422073905
835000	-3499.081781522298	-3440.5364499359534	-58.545331586344474	-3440.5364499359534	36.68419272800425	154.89314422394213	0.7499861726599342	0.13441946559622336	2.442754608835375	0.42282592556840415	0.13441946559622336	2.442754608835375	0.42282592556840415	0.1307829325370074	6.959039727657573E-4	1.1453824953751897E-8	0.15212449992621369	7.176038012205466E-4	16.81050984874621	-72.93590312550603
836000	-3524.2692909952875	-3435.5067570419906	-88.76253395329672	-3435.5067570419906	27.22521821737521	133.75299121225257	0.7499861726599342	0.13441946559622336	2.442754608835375	0.42282592556840415	0.13441946559622336	2.442754608835375	0.42282592556840415	0.3593335430037139	9.102510245046202E-4	7.540144942157558E-8	0.3408329847900807	7.470660405507479E-4	10.98440025020555	-72.78525945314558
837000	-3512.9211700632873	-3441.85834394324	-71.06282612004733	-3441.85834394324	33.102456310769625	135.68652441496334	0.7499861726599342	0.13441946559622336	2.442754608835375	0.42282592556840415	0.13441946559622336	2.442754608835375	0.42282592556840415	0.2644589224391341	7.114381651674007E-4	3.600232011312818E-8	0.26577974575633834	7.152953618194521E-4	13.589933294649562	-69.39001860190186
838000	-3484.546660483046	-3426.336472312105	-58.21018817094084	-3426.336472312105	44.12365955367258	177.31298789020408	0.7499861726599342	0.13441946559622336	2.442754608835375	0.42282592556840415	0.13441946559622336	2.442754608835375	0.42282592556840415	0.15719503031114632	6.3046764274821E-4	1.232259175712328E-8	0.16544900689181846	6.852823235940137E-4	14.501079063409938	-75.19612186452073
839000	-3508.6264078604763	-3433.775126151151	-74.85128170932526	-3433.775126151151	40.66846027062534	168.19293767877824	0.7499861726599342	0.13441946559622336	2.442754608835375	0.42282592556840415	0.13441946559622336	2.442754608835375	0.42282592556840415	0.21496967092379332	5.704964209948585E-4	1.5636902055869405E-8	0.23778170277448984	5.134250513042249E-4	15.246432665966951	-74.7605140652804
840000	-3524.401655143196	-3426.9230764033587	-97.47857873983709	-3426.9230764033587	60.25745487165141	252.2938706038485	0.7499861726599342	0.13441946559622336	2.442754608835375	0.42282592556840415	0.13441946559622336	2.442754608835375	0.42282592556840415	0.31718262203675435	3.8555487473276954E-4	2.569902372258915E-8	0.3729232699472238	4.383655168854631E-4	20.173283803483002	-85.50313415605513
841000	-3509.3537063913923	-3418.355701043463	-90.99800534792946	-3418.355701043463	50.057090570754994	214.37202179133652	0.7499861726599342	0.13441946559622336	2.442754608835375	0.42282592556840415	0.13441946559622336	2.442754608835375	0.42282592556840415	0.2709339548218434	4.364835845561702E-4	1.8697433857382586E-8	0.3165939557205757	4.2001037237551076E-4	16.97352335542377	-80.69447110798258
842000	-3493.0843337824826	-3418.488408677779	-74.59592510470405	-3418.488408677779	50.27040761759928	221.5303000779448	0.7499861726599342	0.13441946559622336	2.442754608835375	0.42282592556840415	0.13441946559622336	2.442754608835375	0.42282592556840415	0.19351013146587231	4.7762799989857713E-4	8.43534055987264E-9	0.199379040950931	4.635383087294696E-4	20.1312458404731	-81.75771214588397
843000	-3496.145480216967	-3424.90759320114	-71.23788701582696	-3424.90759320114	45.369170872819495	214.87085167798804	0.7499861726599342	0.13441946559622336	2.442754608835375	0.42282592556840415	0.13441946559622336	2.442754608835375	0.42282592556840415	0.2130894797691537	4.5641750550627354E-4	6.567235696356605E-9	0.18311121335422226	4.6308174629655977E-4	15.50536579165934	-83.7777540011359
844000	-3478.402945806263	-3428.0929389933517	-50.310006812911205	-3428.0929389933517	37.22165987563511	194.99428028595312	0.7499861726599342	0.13441946559622336	2.442754608835375	0.42282592556840415	0.13441946559622336	2.442754608835375	0.42282592556840415	0.09866924320591411	5.383151902625741E-4	2.526443976362001E-9	0.09639531817563493	5.136858423844635E-4	13.786179627051045	-83.88266674396036
845000	-3477.7727756559493	-3426.910637645564	-50.862138010385365	-3426.910637645564	51.47020782988147	220.68103595319604	0.7499861726599342	0.13441946559622336	2.554787176050451	0.31079335835332844	0.13441946559622336	2.554787176050451	0.31079335835332844	0.08374484474982406	4.460072245895788E-4	2.097530399486709E-9	0.10186474071509655	4.474375302315027E-4	21.177983161295273	-80.94703773228193
846000	-3497.9227550414134	-3428.6369804355218	-69.28577460589159	-3428.6369804355218	58.252106878021465	228.96241997832738	0.7499861726599342	0.13441946559622336	2.554787176050451	0.31079335835332844	0.13441946559622336	2.554787176050451	0.31079335835332844	0.17795764832291233	4.0738446026360154E-4	5.3916877689766665E-9	0.17883806151380066	4.0611993311188944E-4	16.247794986524696	-80.96705031779813
847000	-3504.859270460887	-3428.151889250269	-76.70738121061791	-3428.151889250269	47.65977439355071	223.31852966182038	0.7499861726599342	0.13441946559622336	2.554787176050451	0.31079335835332844	0.13441946559622336	2.554787176050451	0.31079335835332844	0.2088300088460054	4.5435401277532563E-4	7.528253721918552E-9	0.18340455183832952	4.497852519263687E-4	18.127465302453288	-83.41633231920602
848000	-3479.217819091126	-3426.149163862957	-53.06865522816926	-3426.149163862957	46.7872817783449	216.1084712902268	0.7499861726599342	0.13441946559622336	2.554787176050451	0.31079335835332844	0.13441946559622336	2.554787176050451	0.31079335835332844	0.12069120488067568	4.3080284794595373E-4	1.7892561461819753E-9	0.10263860132705671	4.183407558939098E-4	23.071863727600903	-81.59222609274114
849000	-3509.722003663624	-3424.7009382235046	-85.02106544011922	-3424.7009382235046	54.72902871928371	211.43309018342197	0.7499861726599342	0.13441946559622336	2.554787176050451	0.31079335835332844	0.13441946559622336	2.554787176050451	0.31079335835332844	0.29873388950480145	5.489049338968826E-4	2.9122131821902697E-8	0.3016359702425736	5.405654697567164E-4	20.58372373277697	-77.3609515217681
850000	-3492.499542869663	-3426.893230860306	-65.6063120093569	-3426.893230860306	43.7747009690382	188.37565134097446	0.7499861726599342	0.13441946559622336	2.554787176050451	0.31079335835332844	0.13441946559622336	2.554787176050451	0.31079335835332844	0.14696986927001207	6.378060460793919E-4	1.1428643467979499E-8	0.16855120596456807	6.685696510140364E-4	18.142085451549345	-77.84082289396613
851000	-3454.1093303063703	-3429.3121332462106	-24.797197060159654	-3429.3121332462106	48.59765740676395	206.43074463885665	0.7499861726599342	0.10726803781512384	2.554787176050451	0.33794478613442797	0.10726803781512384	2.554787176050451	0.33794478613442797	0.052085533436613006	3.7351365310272903E-4	3.9686409190568355E-10	0.0535294756836195	3.7398134696693127E-4	15.30439899559641	-80.46930480574053
852000	-3524.6131145004256	-3428.6844397021387	-95.92867479828702	-3428.6844397021387	48.640077278432564	221.84535063984578	0.7499861726599342	0.10726803781512384	2.554787176050451	0.33794478613442797	0.10726803781512384	2.554787176050451	0.33794478613442797	0.35083206280793217	4.233704982019198E-4	2.290812704381759E-8	0.35329077286718763	3.9590466337133907E-4	18.40093323857178	-81.8862038818252
853000	-3530.169463557132	-3437.7006864329915	-92.46877712414059	-3437.7006864329915	42.463713717603284	193.9892823268188	0.7499861726599342	0.10726803781512384	2.4006687575321806	0.49206320465269826	0.10726803781512384	2.4006687575321806	0.49206320465269826	0.37544448363991634	5.045577858547181E-4	2.2471587510675094E-8	0.331785340949122	4.632784100126282E-4	13.37841636680791	-81.22324111872861
854000	-3485.4564362137853	-3419.254530400289	-66.20190581349638	-3419.254530400289	54.316645647355834	250.79339222458103	0.7499861726599342	0.10726803781512384	2.4006687575321806	0.49206320465269826	0.10726803781512384	2.4006687575321806	0.49206320465269826	0.15952262139864679	4.2494920104914233E-4	3.925735454929893E-9	0.13996216040479043	4.5198398183888226E-4	16.960813779827408	-87.21405212764174
855000	-3514.1545948434286	-3427.646357098722	-86.50823774470635	-3427.646357098722	50.35214490462379	222.87313232233154	0.7499861726599342	0.1804638728107421	2.4006687575321806	0.41886736965708	0.1804638728107421	2.4006687575321806	0.41886736965708	0.30908803949725805	4.047819105782542E-4	1.2542039599880676E-8	0.27361295099437183	4.4026262646336596E-4	20.15489391859575	-81.99452412510105
856000	-3495.2589910939682	-3420.498543703213	-74.76044739075526	-3420.498543703213	53.411441624679924	236.92793415978863	0.7499861726599342	0.1804638728107421	2.4006687575321806	0.41886736965708	0.1804638728107421	2.4006687575321806	0.41886736965708	0.21267438784423692	3.947570918662801E-4	4.66735073067337E-9	0.1826408225170173	3.798698086106788E-4	22.477480284547436	-81.9465853332316
857000	-3511.806460698229	-3435.509933280934	-76.29652741729488	-3435.509933280934	49.23973849326731	213.80890663364718	0.7499861726599342	0.1804638728107421	2.4006687575321806	0.41886736965708	0.1804638728107421	2.4006687575321806	0.41886736965708	0.18664563525461167	4.626056526570866E-4	8.411220478645265E-9	0.1996505732692155	4.412231683287378E-4	18.48927452059901	-81.21991584425311
858000	-3500.69223500513	-3425.527009901348	-75.1652251037824	-3425.527009901348	46.317742822301156	216.84623009113872	0.7499861726599342	0.09003876810178081	2.3371214017725994	0.5728398301256226	0.09003876810178081	2.3371214017725994	0.5728398301256226	0.20241344242753934	5.209367502040141E-4	1.072501295162423E-8	0.2059976038994493	5.193490653245101E-4	18.51729204936619	-81.6010253637381
859000	-3491.7164185945853	-3437.4556043028424	-54.260814291742896	-3437.4556043028424	32.56450787565392	169.75249984847846	0.7499861726599342	0.09003876810178081	2.3371214017725994	0.5728398301256226	0.09003876810178081	2.3371214017725994	0.5728398301256226	0.13418961746704952	6.830500498008825E-4	7.79311374320573E-9	0.12999057828196242	6.733413676505636E-4	14.622349874488899	-78.49180927320887
860000	-3490.0739248074638	-3425.316240834422	-64.75768397304184	-3425.316240834422	67.29491874786724	273.6365808653694	0.7499861726599342	0.09003876810178081	2.3371214017725994	0.5728398301256226	0.09003876810178081	2.3371214017725994	0.5728398301256226	0.14745004505862935	3.385052798044832E-4	2.2497695200440628E-9	0.1332052347512421	3.6379429008137425E-4	22.22758920220947	-85.31055623604311
861000	-3510.157656414849	-3427.5854201670377	-82.57223624781157	-3427.5854201670377	59.57753156715633	258.6696988187766	0.7499861726599342	0.09003876810178081	2.3371214017725994	0.5728398301256226	0.09003876810178081	2.3371214017725994	0.5728398301256226	0.19027774969768396	3.740632944258779E-4	6.240627691053822E-9	0.19505945187415574	3.8001169408059636E-4	17.179404108653213	-86.6509597381485
862000	-3540.222109053443	-3427.8793703527804	-112.34273870066255	-3427.8793703527804	52.077485985030705	220.86458445371272	0.7499861726599342	0.09003876810178081	2.3371214017725994	0.5728398301256226	0.09003876810178081	2.3371214017725994	0.5728398301256226	0.38216755550626336	3.9154913478088354E-4	4.178793524474903E-8	0.4255747042240517	3.9873051054872865E-4	23.951899412116855	-80.0915873191323
863000	-3523.057408888162	-3436.4417129867907	-86.6156959013715	-3436.4417129867907	43.39056414783556	184.3709616759566	0.7499861726599342	0.09003876810178081	2.3371214017725994	0.5728398301256226	0.09003876810178081	2.3371214017725994	0.5728398301256226	0.31759648181647493	4.725931640131475E-4	1.9660192618327156E-8	0.2749232447075481	4.8497879871307127E-4	11.454575248131563	-79.48708894062054
864000	-3520.011757711559	-3432.5070771394235	-87.50468057213561	-3432.5070771394235	46.19708401593698	179.47285440241396	0.7499861726599342	0.09003876810178081	2.3371214017725994	0.5728398301256226	0.09003876810178081	2.3371214017725994	0.5728398301256226	0.4291187953190544	4.644140138557657E-4	3.4047678103480756E-8	0.3546538622322101	5.760118017860047E-4	15.317788399228903	-76.61785439026242
865000	-3517.4603056687674	-3437.059958027447	-80.40034764132048	-3437.059958027447	40.01634424374964	158.80189867685831	0.7499861726599342	0.09003876810178081	2.3371214017725994	0.5728398301256226	0.09003876810178081	2.3371214017725994	0.5728398301256226	0.28518885844413433	6.481692174266257E-4	3.6404696104169465E-8	0.29280321499723333	6.398515722079016E-4	12.158734702003883	-73.98777330351336
866000	-3499.8244699354664	-3429.7103580327357	-70.11411190273066	-3429.7103580327357	32.15438918130862	143.77719185429544	0.7499861726599342	0.09003876810178081	2.3371214017725994	0.5728398301256226	0.09003876810178081	2.3371214017725994	0.5728398301256226	0.19595297980177356	6.878156248980668E-4	2.43033696785183E-8	0.2231035215085368	6.842912837648345E-4	11.78381709071667	-73.89798994841647
867000	-3505.4793999568105	-3428.7929187077902	-76.68648124902022	-3428.7929187077902	26.88142868345608	139.32471112384513	0.7499861726599342	0.09003876810178081	2.3371214017725994	0.5728398301256226	0.09003876810178081	2.3371214017725994	0.5728398301256226	0.25229925579592183	6.984780096245637E-4	3.472307796109711E-8	0.2711799752702253	6.825429762811635E-4	13.931675672432007	-74.5470287117892
868000	-3529.0280142744123	-3436.6934868492426	-92.33452742516951	-3436.6934868492426	37.09073824526743	166.97931981756423	0.7499861726599342	0.09003876810178081	2.3371214017725994	0.5728398301256226	0.09003876810178081	2.3371214017725994	0.5728398301256226	0.2838951609755455	4.842776169945393E-4	2.4151035488775095E-8	0.34085101384457406	4.4114980278014255E-4	22.804250022505165	-75.0548833441623
869000	-3523.153402374177	-3430.9141341884056	-92.23926818577134	-3430.9141341884056	52.415569552680374	245.56548926454997	0.7499861726599342	0.09003876810178081	2.3371214017725994	0.5728398301256226	0.09003876810178081	2.3371214017725994	0.5728398301256226	0.3497934613145532	4.1409225926949803E-4	1.7755112658819836E-8	0.306510847970698	4.5939285368311864E-4	14.882944373177109	-87.52465634244373
870000	-3497.2845550174593	-3429.384251231833	-67.90030378562649	-3429.384251231833	44.87632182700373	245.03884976381687	0.7499861726599342	0.09003876810178081	2.3371214017725994	0.5728398301256226	0.09003876810178081	2.3371214017725994	0.5728398301256226	0.15096057777003935	3.4609012509614895E-4	2.584798758147033E-9	0.14342205224545193	3.547030336677425E-4	20.51941126284975	-86.7955116391254
871000	-3504.052651630968	-3434.03336608269	-70.01928554827792	-3434.03336608269	52.83409484314488	221.70708254891198	0.7499861726599342	0.22562008412516849	2.3371214017725994	0.4372585141022349	0.22562008412516849	2.3371214017725994	0.4372585141022349	0.1415939237888609	5.072055863287514E-4	6.901734836694227E-9	0.15843250800616762	5.050916586125226E-4	21.5962228434242	-79.85622489278983
872000	-3502.3692307441047	-3425.4649015292634	-76.90432921484135	-3425.4649015292634	51.82765581021635	221.51619512482503	0.7499861726599342	0.22562008412516849	2.3371214017725994	0.4372585141022349	0.22562008412516849	2.3371214017725994	0.4372585141022349	0.16388476226900991	3.94648083801576E-4	4.847527341483466E-9	0.1927674100191598	3.650403210551479E-4	24.82017108189352	-81.0923694173121
873000	-3522.39655300219	-3433.5849552584677	-88.81159774372247	-3433.5849552584677	46.93596879435921	230.3347290652513	0.7499861726599342	0.052215374723096314	2.423392046372067	0.5243925789048397	0.052215374723096314	2.423392046372067	0.5243925789048397	0.21615397534682992	3.7788976048279866E-4	7.81652047757772E-9	0.24217251306012094	3.488376072627081E-4	21.242807171514073	-85.42102181906306
874000	-3533.6956236992805	-3435.0804957256128	-98.61512797366788	-3435.0804957256128	62.154713864480094	251.82024853212613	0.7499861726599342	0.052215374723096314	2.423392046372067	0.5243925789048397	0.052215374723096314	2.423392046372067	0.5243925789048397	0.30269703844353935	4.4873449922759536E-4	2.1717064729358107E-8	0.31486706170606454	4.422163889479737E-4	16.695693089188456	-85.39695189766455
875000	-3489.8037363696153	-3432.699962866995	-57.10377350262011	-3432.699962866995	29.71615724152809	138.49359245481995	0.7499861726599342	0.052215374723096314	2.423392046372067	0.5243925789048397	0.052215374723096314	2.423392046372067	0.5243925789048397	0.17791189227646617	7.539996673276258E-4	1.465536531517446E-8	0.17232610125131945	7.20009333192617E-4	11.452657922850562	-74.0353421239378
876000	-3511.8698796547355	-3429.7741038651193	-82.09577578961641	-3429.7741038651193	46.70061210486685	218.63819667086813	0.7499861726599342	0.052215374723096314	2.423392046372067	0.5243925789048397	0.052215374723096314	2.423392046372067	0.5243925789048397	0.2517389633646527	4.691323530476986E-4	1.1616058944222899E-8	0.2344961060262861	4.5386461935323374E-4	22.95845539640507	-82.13549170367003
877000	-3517.8469613734037	-3429.747212809717	-88.09974856368682	-3429.747212809717	54.38741524635456	227.2126659024631	0.7499861726599342	0.052215374723096314	2.423392046372067	0.5243925789048397	0.052215374723096314	2.423392046372067	0.5243925789048397	0.25588370311671593	5.058418183348258E-4	1.4466282446277466E-8	0.25458850840344555	4.3518160325761E-4	20.825318561596088	-80.09440722209337
878000	-3515.0853090389596	-3439.7273861160397	-75.35792292291998	-3439.7273861160397	36.35086805414903	159.75365337497917	0.7499861726599342	0.052215374723096314	2.423392046372067	0.5243925789048397	0.052215374723096314	2.423392046372067	0.5243925789048397	0.17311477530011718	7.457124231106841E-4	2.193338343423256E-8	0.21749908551038813	6.834712745276026E-4	17.27319553891038	-74.7410693774062
879000	-3503.3594705907663	-3443.304043789644	-60.055426801122465	-3443.304043789644	35.48545785042528	177.01179687989887	0.7499861726599342	0.052215374723096314	2.423392046372067	0.5243925789048397	0.052215374723096314	2.423392046372067	0.5243925789048397	0.1395118650540616	6.075250870874432E-4	6.672831137699972E-9	0.14182251943631347	5.697847390230733E-4	14.898091359918277	-80.06498167364691
880000	-3483.286357579218	-3431.157649666824	-52.12870791239405	-3431.157649666824	39.48632626748996	174.05984100946029	0.7499861726599342	0.052215374723096314	2.423392046372067	0.5243925789048397	0.052215374723096314	2.423392046372067	0.5243925789048397	0.12405850721185378	5.7395900613352E-4	4.227985312230991E-9	0.117723204043033	5.340385777992031E-4	15.431859002472182	-75.90665422589602
881000	-3519.2627606058727	-3452.708832486935	-66.55392811893775	-3452.708832486935	39.383178082860674	172.72515313970803	0.7499861726599342	0.052215374723096314	2.423392046372067	0.5243925789048397	0.052215374723096314	2.423392046372067	0.5243925789048397	0.16281675858044206	5.776853896097478E-4	1.4616288854691155E-8	0.1975218773087265	6.076404092126593E-4	15.495802211942259	-75.77916982856304
882000	-3511.6697335034605	-3430.192867927987	-81.47686557547311	-3430.192867927987	50.69100308196587	209.45467495983166	0.7499861726599342	0.1353686286115699	2.5153351999000266	0.3492961714884062	0.1353686286115699	2.5153351999000266	0.3492961714884062	0.22988331383978375	4.244013782562817E-4	1.2443614909326778E-8	0.26411054657898453	4.2579544129680907E-4	17.28787696643868	-79.7443687732738
883000	-3495.2265557943706	-3429.712842188351	-65.51371360601986	-3429.712842188351	43.703619229722044	202.68503664089573	0.7499861726599342	0.1353686286115699	2.5153351999000266	0.3492961714884062	0.1353686286115699	2.5153351999000266	0.3492961714884062	0.16107818291378975	4.079846323168655E-4	3.925009802065013E-9	0.15752303673025178	4.1088410317051226E-4	14.463123812485621	-83.5055086617672
884000	-3501.904949328945	-3434.8793515760376	-67.02559775290729	-3434.8793515760376	52.006723391114235	207.93228968283816	0.7499861726599342	0.05341959772785922	2.5153351999000266	0.4312452023721169	0.05341959772785922	2.5153351999000266	0.4312452023721169	0.17497486455670969	5.349764912523432E-4	1.09687540384705E-8	0.19276805735321484	5.431249897490299E-4	16.278426807087428	-78.59404440780443
885000	-3484.8019403542094	-3421.2667182541154	-63.535222100094046	-3421.2667182541154	40.9404120837791	206.21065025514514	0.7499861726599342	0.05341959772785922	2.5153351999000266	0.4312452023721169	0.05341959772785922	2.5153351999000266	0.4312452023721169	0.13146410463619465	4.82783025478903E-4	4.166712233557849E-9	0.1406881627833391	4.46921723540825E-4	17.758609902501078	-81.59308405828567
886000	-3505.4976263768704	-3422.6831859518798	-82.81444042499042	-3422.6831859518798	54.30246198179817	241.44060350599113	0.7499861726599342	0.05341959772785922	2.5901798500138034	0.3564005522583403	0.05341959772785922	2.5901798500138034	0.3564005522583403	0.1757972676328163	4.6139887260606126E-4	9.260315150250432E-9	0.20399348878898135	4.668695223073936E-4	30.89089942418284	-82.68939130297137
887000	-3510.5447931529593	-3429.693411438422	-80.85138171453734	-3429.693411438422	43.34283312021036	194.63491350286023	0.7499861726599342	0.05341959772785922	2.5901798500138034	0.3564005522583403	0.05341959772785922	2.5901798500138034	0.3564005522583403	0.28129026315386074	5.388597831780335E-4	2.0462625133195758E-8	0.26176246224360034	5.54433304086503E-4	16.891555485566055	-79.38736084055003
888000	-3530.3729076447544	-3431.672403665157	-98.70050397959719	-3431.672403665157	70.87125660278147	246.17483875871542	0.7499861726599342	0.05341959772785922	2.382756320906681	0.5638240813654626	0.05341959772785922	2.382756320906681	0.5638240813654626	0.3349369118695405	4.5226988891141284E-4	5.860688783646941E-8	0.47024943727677093	5.288328512629773E-4	18.100882122069628	-79.59655058449891
889000	-3491.793056688814	-3432.7903890662187	-59.002667622595204	-3432.7903890662187	42.70593987721817	199.92087352005086	0.7499861726599342	0.05341959772785922	2.382756320906681	0.5638240813654626	0.05341959772785922	2.382756320906681	0.5638240813654626	0.152366787401917	4.83903267456028E-4	3.753602843450395E-9	0.13114728833960448	4.6359048059040585E-4	18.906894882963833	-79.62350430646936
890000	-3476.1597428795535	-3437.818688643793	-38.34105423576058	-3437.818688643793	47.87576236696457	226.62807583065538	0.7499861726599342	0.1963280383467944	2.382756320906681	0.4209156407465274	0.1963280383467944	2.382756320906681	0.4209156407465274	0.05593322730491925	4.6471179216120016E-4	8.960003561687541E-10	0.06560380199879286	4.6040628400053805E-4	21.17397042507995	-83.13331597629525
891000	-3506.8790580369196	-3426.7237401260613	-80.15531791085814	-3426.7237401260613	52.66403994578066	274.8151408579536	0.7499861726599342	0.1963280383467944	2.4971530545537957	0.30651890709941265	0.1963280383467944	2.4971530545537957	0.30651890709941265	0.16661269829562161	3.506354207613478E-4	3.4220248613325415E-9	0.16728609356449092	3.550822809317935E-4	30.900953502309918	-88.12815210986297
892000	-3497.5179026311052	-3436.639904301475	-60.877998329630216	-3436.639904301475	65.28186603000826	256.0489589599533	0.7499861726599342	0.1963280383467944	2.4971530545537957	0.30651890709941265	0.1963280383467944	2.4971530545537957	0.30651890709941265	0.12961593898490306	4.097106465191274E-4	2.4341460418651575E-9	0.11620603665006474	4.2208078961726727E-4	15.431826196342167	-87.84264322230482
893000	-3525.822529729172	-3431.4384760151593	-94.3840537140128	-3431.4384760151593	52.53543512430989	230.72978966382686	0.7499861726599342	0.04096948300572298	2.366521600973055	0.5925089160212246	0.04096948300572298	2.366521600973055	0.5925089160212246	0.2586646679576631	5.062451948298364E-4	1.686480692251736E-8	0.28122721674837997	4.4639857490795477E-4	28.196642935539007	-82.54401831048828
894000	-3483.1905162200333	-3430.4714132272347	-52.71910299279849	-3430.4714132272347	57.027887879115355	246.63768256538424	0.7499861726599342	0.04096948300572298	2.366521600973055	0.5925089160212246	0.04096948300572298	2.366521600973055	0.5925089160212246	0.09980644885522982	3.966811862244354E-4	1.4758580229316863E-9	0.09991740712023554	3.83907425128973E-4	17.18642601550638	-86.82756500761194
895000	-3498.600078695294	-3430.9379768645413	-67.6621018307526	-3430.9379768645413	55.25048716651026	212.5432012627285	0.7499861726599342	0.04096948300572298	2.366521600973055	0.5925089160212246	0.04096948300572298	2.366521600973055	0.5925089160212246	0.22701438894330903	4.546702077282864E-4	7.098574301480214E-9	0.1742134339140871	4.891926100134407E-4	20.10306448259646	-76.95429521334792
896000	-3491.79453742538	-3436.715338437758	-55.079198987621844	-3436.715338437758	46.58700444384529	203.6152402267647	0.7499861726599342	0.04096948300572298	2.366521600973055	0.5925089160212246	0.04096948300572298	2.366521600973055	0.5925089160212246	0.1337328984390872	5.350423289499475E-4	3.065701568771218E-9	0.10737073304569222	4.968962918069484E-4	17.76123616006776	-79.41187400020695
897000	-3488.2382848658362	-3433.3300467888293	-54.90823807700692	-3433.3300467888293	42.76216021810865	177.50170445857185	0.7499861726599342	0.22106510091470824	2.366521600973055	0.4124132981122393	0.22106510091470824	2.366521600973055	0.4124132981122393	0.13241958091989514	5.140425261598471E-4	5.1019027208066476E-9	0.13611764561189454	5.170438643916688E-4	13.921484606346562	-76.24094122613876
898000	-3497.5714647834366	-3437.383381427367	-60.18808335606932	-3437.383381427367	49.720700514946806	204.36131214071315	0.7499861726599342	0.22106510091470824	2.366521600973055	0.4124132981122393	0.22106510091470824	2.366521600973055	0.4124132981122393	0.1401552743679961	5.927861554349812E-4	6.844498984142618E-9	0.14520379574234524	5.612896201311093E-4	18.8135382454487	-78.4323186183029
899000	-3495.9148888198865	-3430.1552999223136	-65.7595888975728	-3430.1552999223136	31.240727292932473	149.62400760296822	0.7499861726599342	0.22106510091470824	2.366521600973055	0.4124132981122393	0.22106510091470824	2.366521600973055	0.4124132981122393	0.17619927761500176	6.227157600953965E-4	1.5125927555182712E-8	0.19062135181047868	6.160869096925383E-4	13.5240586910112	-74.77263944352573
900000	-3529.089811330569	-3423.1528066085284	-105.93700472204065	-3423.1528066085284	39.32256336998947	179.11257920637308	0.7499861726599342	0.22106510091470824	2.366521600973055	0.4124132981122393	0.22106510091470824	2.366521600973055	0.4124132981122393	0.5474594091211885	5.455829062493713E-4	1.082391691348978E-7	0.5876563107502071	5.748652394196691E-4	13.08389570415858	-80.2704908769176
901000	-3503.5874703896006	-3425.4404442853515	-78.14702610424905	-3425.4404442853515	36.83367197244912	164.7057505824695	0.7499861726599342	0.05486700663432309	2.5327196952534403	0.4124132981122393	0.05486700663432309	2.5327196952534403	0.4124132981122393	0.300287480685209	5.316362587839151E-4	1.9142312389021762E-8	0.268432643350489	5.599435619496958E-4	14.313660302719256	-75.86909037990378
902000	-3498.760300192088	-3435.0857450359067	-63.674555156181384	-3435.0857450359067	26.83768961037947	134.7439123614939	0.7499861726599342	0.05486700663432309	2.5327196952534403	0.4124132981122393	0.05486700663432309	2.5327196952534403	0.4124132981122393	0.24393864026595138	7.748167875751848E-4	1.5504125449717206E-8	0.15956111470854611	7.593795870241898E-4	15.499741129651852	-71.44511034055861
903000	-3523.01804198355	-3445.1546840971687	-77.86335788638145	-3445.1546840971687	53.72579696318165	214.97469657772422	0.7499861726599342	0.05486700663432309	2.5327196952534403	0.4124132981122393	0.05486700663432309	2.5327196952534403	0.4124132981122393	0.22805857793030193	4.8753839423979487E-4	1.567718842437173E-8	0.23996831970619878	5.397315263192715E-4	15.753709066873233	-81.69165648160488
904000	-3506.6420419888746	-3425.832715679422	-80.80932630945227	-3425.832715679422	34.48267151932801	192.7809236828287	0.7499861726599342	0.05486700663432309	2.5327196952534403	0.4124132981122393	0.05486700663432309	2.5327196952534403	0.4124132981122393	0.19575017101409636	5.414508473543243E-4	1.4239253539041817E-8	0.2255528974773281	5.174565797617119E-4	15.40469092359678	-84.28162817964494
905000	-3512.6768283797296	-3416.1862723394215	-96.49055604030812	-3416.1862723394215	47.38453552811062	255.23429280835458	0.7499861726599342	0.05486700663432309	2.5327196952534403	0.4124132981122393	0.05486700663432309	2.5327196952534403	0.4124132981122393	0.3160041337269829	3.641812975921551E-4	9.729769514535335E-9	0.29013191446976305	3.409066713654535E-4	20.097945830984642	-89.82028269416843
906000	-3512.1095873584386	-3429.0255480572796	-83.084039301159	-3429.0255480572796	42.167034657784974	166.76299812418776	0.7499861726599342	0.05486700663432309	2.5327196952534403	0.4124132981122393	0.05486700663432309	2.5327196952534403	0.4124132981122393	0.31119203161159675	6.852707713170719E-4	6.917296024160579E-8	0.36430318309175186	7.184684312422489E-4	14.487077002779506	-73.57133753893174
907000	-3504.737314468729	-3426.5102410144455	-78.22707345428375	-3426.5102410144455	33.24849983831062	148.84169325071502	0.7499861726599342	0.05486700663432309	2.5327196952534403	0.4124132981122393	0.05486700663432309	2.5327196952534403	0.4124132981122393	0.3487265540947359	6.484038281637161E-4	4.3549711544956123E-8	0.33725543572970584	6.692735902571351E-4	14.729092472503838	-73.03402501182805
908000	-3527.4099049600723	-3436.0639447866492	-91.3459601734232	-3436.0639447866492	36.2196904639823	160.30183940478148	0.7499861726599342	0.05486700663432309	2.5327196952534403	0.4124132981122393	0.05486700663432309	2.5327196952534403	0.4124132981122393	0.35472015919387456	6.157668741145234E-4	5.845792652836529E-8	0.368102176409218	6.124893601221521E-4	11.774329598873065	-77.01872810753939
909000	-3504.060368522894	-3440.120205129169	-63.94016339372505	-3440.120205129169	32.44425470846378	138.9172138248332	0.7499861726599342	0.20804931371336016	2.3795373881744033	0.4124132981122393	0.20804931371336016	2.3795373881744033	0.4124132981122393	0.2084706421837592	6.906737301873515E-4	1.94274242213433E-8	0.20838204453697884	6.815591020950986E-4	10.900924321573475	-71.47255416052612
910000	-3500.0604014995974	-3435.6616769795573	-64.39872452004009	-3435.6616769795573	50.25515051137059	186.35049468703312	0.7499861726599342	0.20804931371336016	2.3795373881744033	0.4124132981122393	0.20804931371336016	2.3795373881744033	0.4124132981122393	0.20132076313923888	4.978974596427832E-4	1.0143014640014101E-8	0.19089950077334855	5.350959085389946E-4	13.991471448891565	-74.96999636488164
911000	-3517.924894462904	-3430.4187379199298	-87.50615654297403	-3430.4187379199298	37.961717799388985	157.30309210739208	0.7499861726599342	0.06566976373512359	2.3795373881744033	0.5547928480904759	0.06566976373512359	2.3795373881744033	0.5547928480904759	0.3729952919210101	5.834427575403423E-4	6.307037407115962E-8	0.3818775245806816	6.93172788799665E-4	17.657616691268764	-73.0915742487008
912000	-3527.336580393804	-3439.887840541595	-87.4487398522092	-3439.887840541595	45.33369016108537	168.78423083746327	0.7499861726599342	0.06566976373512359	2.249108084112221	0.6852221521526584	0.06566976373512359	2.249108084112221	0.6852221521526584	0.3673492398611779	5.238983079455943E-4	5.208309609231096E-8	0.3465322834401339	6.292105076213088E-4	10.654422496386221	-74.77349735411566
913000	-3515.1203012808814	-3437.0495730835914	-78.07072819728998	-3437.0495730835914	42.138734440168804	178.8873241734873	0.7499861726599342	0.06566976373512359	2.249108084112221	0.6852221521526584	0.06566976373512359	2.249108084112221	0.6852221521526584	0.2631517397445298	6.212330826826916E-4	3.137092163391185E-8	0.28030371075646515	6.780443463496724E-4	17.740318665360263	-75.43648302250133
914000	-3524.1409055258578	-3429.7895759058138	-94.35132962004388	-3429.7895759058138	78.14081055571597	293.49225011309807	0.7499861726599342	0.06566976373512359	2.249108084112221	0.6852221521526584	0.06566976373512359	2.249108084112221	0.6852221521526584	0.23538140751715123	3.607134500935498E-4	1.567737440026672E-8	0.29694048237169185	4.3495752075422395E-4	19.336271775636206	-85.59527812266535
915000	-3514.48389560601	-3427.7895207173274	-86.6943748886823	-3427.7895207173274	28.64004562831781	153.44309640437677	0.7499861726599342	0.23542032759978399	2.249108084112221	0.515471588287998	0.23542032759978399	2.249108084112221	0.515471588287998	0.36590473910720195	5.975848778530894E-4	3.627090678341635E-8	0.3867720366431314	5.336282917424143E-4	17.630720506782556	-75.64994956734746
916000	-3543.0012636102424	-3435.9315826220104	-107.06968098823194	-3435.9315826220104	35.62576838490288	159.709016916352	0.7499861726599342	0.09626462642699996	2.388263785285005	0.515471588287998	0.09626462642699996	2.388263785285005	0.515471588287998	0.4800372683515945	5.993495288405126E-4	1.010067137258693E-7	0.6333451887059819	4.935533828421055E-4	11.655250923374345	-76.79677553242063
917000	-3540.5126435002976	-3416.766112870503	-123.74653062979428	-3416.766112870503	40.73787742154653	220.38850178684044	0.7499861726599342	0.09626462642699996	2.388263785285005	0.515471588287998	0.09626462642699996	2.388263785285005	0.515471588287998	0.6976327100951502	4.955840996910737E-4	1.0509700504883441E-7	0.7317545461943388	4.435860627296521E-4	17.478342366205883	-87.66011450466713
918000	-3540.1612245059573	-3429.4294499928396	-110.73177451311773	-3429.4294499928396	29.168705188572524	156.1196915213236	0.7499861726599342	0.09626462642699996	2.388263785285005	0.515471588287998	0.09626462642699996	2.388263785285005	0.515471588287998	0.5352083529052349	5.244375321812116E-4	1.0545579147572138E-7	0.6398686052494268	4.900238702741609E-4	15.857642510961647	-76.74371891892267
919000	-3526.8354023411634	-3429.685994118166	-97.14940822299742	-3429.685994118166	28.501894333031636	142.56907813382315	0.7499861726599342	0.09626462642699996	2.388263785285005	0.515471588287998	0.09626462642699996	2.388263785285005	0.515471588287998	0.42477199649980385	8.553170434077539E-4	2.36517885779639E-7	0.5945669159813183	7.568252295705721E-4	11.820853041236118	-74.65889249291297
920000	-3522.619353094331	-3428.4631340331193	-94.15621906121156	-3428.4631340331193	24.014544030816374	118.23906965455909	0.7499861726599342	0.09626462642699996	2.388263785285005	0.515471588287998	0.09626462642699996	2.388263785285005	0.515471588287998	0.4395353192472339	7.373248222492289E-4	1.893793982110605E-7	0.5654652468803937	7.101559396439224E-4	11.12215935090695	-70.60592443032029
921000	-3534.683916897589	-3426.903154312398	-107.78076258519123	-3426.903154312398	23.24205192045525	109.7112057895909	0.7499861726599342	0.09626462642699996	2.388263785285005	0.515471588287998	0.09626462642699996	2.388263785285005	0.515471588287998	0.5727861336503208	7.523380655097122E-4	3.888864772499417E-7	0.8854322850953261	5.846549272999574E-4	12.205546519888326	-67.31398680478439
922000	-3552.981142292564	-3432.863167177264	-120.11797511530011	-3432.863167177264	32.95460994419631	143.4818271278898	0.7499861726599342	0.09626462642699996	2.388263785285005	0.515471588287998	0.09626462642699996	2.388263785285005	0.515471588287998	0.7003234319980418	7.872198510193906E-4	6.282891062880893E-7	0.8829416420584741	6.977239970811189E-4	9.773262129393215	-71.78719384574123
923000	-3542.4530836848617	-3419.4974019455303	-122.9556817393315	-3419.4974019455303	39.889552623753836	154.83309634406697	0.7499861726599342	0.09626462642699996	2.388263785285005	0.515471588287998	0.09626462642699996	2.388263785285005	0.515471588287998	0.9229908007348891	5.241107948288422E-4	4.776049156627814E-7	1.0462267540197132	5.208445225332264E-4	11.075040637886156	-70.96369785820136
924000	-3559.5746273969653	-3429.279168828439	-130.2954585685262	-3429.279168828439	39.712000501838745	166.31423841686865	0.7499861726599342	0.09626462642699996	2.388263785285005	0.515471588287998	0.09626462642699996	2.388263785285005	0.515471588287998	0.8481264648303843	5.58324465101685E-4	4.5270430929141987E-7	1.0381187654879593	4.824057214996914E-4	11.529332035811574	-75.07142874339188
925000	-3532.1316309961644	-3424.15361546564	-107.97801553052422	-3424.15361546564	34.456566633220106	171.3496116982093	0.7499861726599342	0.09626462642699996	2.388263785285005	0.515471588287998	0.09626462642699996	2.388263785285005	0.515471588287998	0.41061258587390514	6.198842577649005E-4	7.103399018803908E-8	0.4905932011486061	5.036814037430849E-4	14.24379703079783	-78.38298220865737
926000	-3536.044536875265	-3438.4029529111085	-97.64158396415645	-3438.4029529111085	46.945813992309596	185.45041579642103	0.7499861726599342	0.09626462642699996	2.388263785285005	0.515471588287998	0.09626462642699996	2.388263785285005	0.515471588287998	0.32776881953707204	5.202247223452607E-4	4.36812609214413E-8	0.37176763661749984	5.307043690492964E-4	16.547724064898382	-76.87195897953369
927000	-3541.9817461810885	-3443.1356493744047	-98.84609680668375	-3443.1356493744047	32.31215898869384	137.81712872571666	0.7499861726599342	0.09626462642699996	2.388263785285005	0.515471588287998	0.09626462642699996	2.388263785285005	0.515471588287998	0.4336487854926776	8.318830004549974E-4	1.785478117561121E-7	0.5144953003777817	7.059793403101799E-4	9.6674010850026	-72.26584428061541
928000	-3509.6125635144526	-3435.9338223467776	-73.6787411676749	-3435.9338223467776	41.862845264659704	190.353673371074	0.7499861726599342	0.09626462642699996	2.5170245600795997	0.38671081349340286	0.09626462642699996	2.5170245600795997	0.38671081349340286	0.22907976253288362	5.404615013200805E-4	1.2740091249469448E-8	0.20023228115410538	5.828764971342495E-4	19.41649210794161	-79.53456457620405
929000	-3499.689001107672	-3427.8691473988774	-71.81985370879471	-3427.8691473988774	41.259144260573436	201.85667377396248	0.7499861726599342	0.09626462642699996	2.5170245600795997	0.38671081349340286	0.09626462642699996	2.5170245600795997	0.38671081349340286	0.16771563913593968	5.900498548000888E-4	1.2858098617253552E-8	0.18620466436845548	5.948086458429326E-4	19.518530694748954	-79.56718078940088
930000	-3521.716587839523	-3428.5167494701805	-93.19983836934244	-3428.5167494701805	89.10253907327731	335.91917488979334	0.7499861726599342	0.09626462642699996	2.5170245600795997	0.38671081349340286	0.09626462642699996	2.5170245600795997	0.38671081349340286	0.2641486913271478	3.342899777258849E-4	7.810412874787076E-9	0.250094211149026	3.5635820187282475E-4	25.511927394713904	-88.93055158826022
931000	-3489.787797946764	-3433.4118708974347	-56.37592704932921	-3433.4118708974347	46.94688910506247	223.57867604731894	0.7499861726599342	0.09626462642699996	2.5170245600795997	0.38671081349340286	0.09626462642699996	2.5170245600795997	0.38671081349340286	0.10199901546092831	4.32965988923893E-4	2.3731540701394874E-9	0.11349046010750512	4.360904459482785E-4	19.91291225344613	-83.11254035942314
932000	-3544.6977083968854	-3435.291866936606	-109.4058414602795	-3435.291866936606	60.22334703731923	235.32081656105376	0.7499861726599342	0.09626462642699996	2.5170245600795997	0.38671081349340286	0.09626462642699996	2.5170245600795997	0.38671081349340286	0.3663407748610411	3.733609893198182E-4	1.4968852002005118E-8	0.35770073953253945	2.8700356024769056E-4	12.773667556209165	-86.04884960801682
933000	-3513.2095496950565	-3423.622296981721	-89.58725271333563	-3423.622296981721	68.78509935513786	289.0462534668097	0.7499861726599342	0.09626462642699996	2.5170245600795997	0.38671081349340286	0.09626462642699996	2.5170245600795997	0.38671081349340286	0.20499807273975756	3.5697212604160694E-4	6.094900415919085E-9	0.2087558785584566	3.57009172690482E-4	30.829679771164976	-87.17309972959414
934000	-3513.757003108562	-3442.4834498431715	-71.27355326539073	-3442.4834498431715	51.43626780751338	271.2255249898387	0.7499861726599342	0.09626462642699996	2.5170245600795997	0.38671081349340286	0.09626462642699996	2.5170245600795997	0.38671081349340286	0.16699929196356786	5.131802718660427E-4	5.743985872328476E-9	0.13973761629974712	5.496295451310054E-4	21.446950633616822	-89.38076123991125
935000	-3524.4247906636515	-3443.9964469411375	-80.42834372251404	-3443.9964469411375	44.268209006597246	209.76230960563495	0.7499861726599342	0.09626462642699996	2.5170245600795997	0.38671081349340286	0.09626462642699996	2.5170245600795997	0.38671081349340286	0.28398927674437974	3.686714527885814E-4	8.026330717438734E-9	0.23726796665762517	4.071510548795532E-4	17.279977333893413	-81.08408010553055
936000	-3457.653989762356	-3423.030319675342	-34.623670087014226	-3423.030319675342	42.94504354680709	200.11446338562078	0.7499861726599342	0.09626462642699996	2.5170245600795997	0.38671081349340286	0.09626462642699996	2.5170245600795997	0.38671081349340286	0.0746270467377923	5.342032064743208E-4	1.1934561731410474E-9	0.06554624311050439	5.290715182227169E-4	21.47224688198834	-79.84636485567579
937000	-3495.5340686750765	-3434.1921046419507	-61.3419640331259	-3434.1921046419507	44.5953770807809	194.652643283953	0.7499861726599342	0.09626462642699996	2.5170245600795997	0.38671081349340286	0.09626462642699996	2.5170245600795997	0.38671081349340286	0.1549110205075669	5.445569470742022E-4	6.112678005327289E-9	0.14388512083472346	5.334093320248732E-4	20.12676041511657	-77.94254365955392
938000	-3468.16266716286	-3425.3153895341115	-42.847277628748714	-3425.3153895341115	63.84886515664114	268.16127919052866	0.7499861726599342	0.09626462642699996	2.5170245600795997	0.38671081349340286	0.09626462642699996	2.5170245600795997	0.38671081349340286	0.06714948301752106	4.33509614327153E-4	9.979405342970724E-10	0.07119619479056646	4.4371984628012077E-4	23.440938730578303	-84.95549838790402
939000	-3515.4570526940915	-3429.2196621221537	-86.23739057193781	-3429.2196621221537	38.983997924788234	195.47069112404182	0.7499861726599342	0.09626462642699996	2.5170245600795997	0.38671081349340286	0.09626462642699996	2.5170245600795997	0.38671081349340286	0.24380337654587073	4.7751896760321345E-4	2.1657632007283672E-8	0.28928456527648533	5.075423994151023E-4	17.683725376327278	-81.29854322764098
940000	-3510.3290751825048	-3428.1251078512605	-82.20396733124431	-3428.1251078512605	40.21126130119452	195.47967660356645	0.7499861726599342	0.09626462642699996	2.5170245600795997	0.38671081349340286	0.09626462642699996	2.5170245600795997	0.38671081349340286	0.245984163917561	4.4765057402190814E-4	1.0399045589664424E-8	0.22565706252940754	4.338074108111357E-4	20.94369833972723	-79.67611942122979
941000	-3516.460573045652	-3427.8359145967534	-88.62465844889878	-3427.8359145967534	41.803962827581856	196.88524837036957	0.8319039549855445	0.09626462642699996	2.5170245600795997	0.38671081349340286	0.09626462642699996	2.5170245600795997	0.38671081349340286	0.2985264668624131	4.884877822390123E-4	1.8582842868943854E-8	0.306316773720037	4.393231508934667E-4	16.89507022381584	-80.41530658216095
942000	-3503.3739784234003	-3428.455152727846	-74.9188256955544	-3428.455152727846	44.635841882015264	197.01695056526512	0.8319039549855445	0.09626462642699996	2.5170245600795997	0.38671081349340286	0.09626462642699996	2.5170245600795997	0.38671081349340286	0.18357120413412206	4.2250887710431104E-4	7.101989660033285E-9	0.20290461972939455	4.0039409668043323E-4	13.120980450965233	-82.75007366458051
943000	-3506.747783746009	-3429.0100294773106	-77.73775426869841	-3429.0100294773106	43.36726128599041	223.4400056672506	0.8319039549855445	0.09626462642699996	2.5170245600795997	0.38671081349340286	0.09626462642699996	2.5170245600795997	0.38671081349340286	0.24140330925562345	4.5788177938346634E-4	6.8377842944361165E-9	0.17875169718029332	4.577599915461668E-4	21.19171953618344	-83.69978152517429
944000	-3508.2961858540903	-3426.1581338170386	-82.13805203705182	-3426.1581338170386	55.81594072296078	234.2229967300036	0.8319039549855445	0.09626462642699996	2.5170245600795997	0.38671081349340286	0.09626462642699996	2.5170245600795997	0.38671081349340286	0.23544883319702903	4.505093138791041E-4	1.0884724728526878E-8	0.23196807210022977	4.422326157926728E-4	20.970568430313403	-81.9589645350433
945000	-3522.656826393696	-3423.040386984294	-99.6164394094019	-3423.040386984294	38.27023751259888	165.7260784785483	0.8319039549855445	0.09626462642699996	2.5170245600795997	0.38671081349340286	0.09626462642699996	2.5170245600795997	0.38671081349340286	0.47727385032564146	7.32145990061363E-4	1.1782759013533032E-7	0.5053815765068891	6.791531394046318E-4	14.175170527464553	-75.77699371530929
946000	-3517.198296231811	-3431.4946292870577	-85.70366694475321	-3431.4946292870577	36.57029625488666	192.69273789141587	0.8319039549855445	0.09626462642699996	2.5170245600795997	0.38671081349340286	0.09626462642699996	2.5170245600795997	0.38671081349340286	0.2653627191733569	5.064416597893038E-4	1.5088209114080478E-8	0.27989833027099464	4.2105700369352554E-4	16.99570857421585	-82.17963621809635
947000	-3513.4665801416127	-3417.292558971342	-96.17402117027069	-3417.292558971342	42.98838411238279	219.6643378442707	0.8319039549855445	0.09626462642699996	2.5170245600795997	0.38671081349340286	0.09626462642699996	2.5170245600795997	0.38671081349340286	0.32338265006134015	4.948406261131443E-4	2.1737681368106033E-8	0.3326541873902678	4.1568295658138215E-4	23.58701269971074	-82.35554419177097
948000	-3517.9179005603014	-3432.712273340519	-85.20562721978224	-3432.712273340519	32.44409935286453	153.246530629052	0.8319039549855445	0.09626462642699996	2.5170245600795997	0.38671081349340286	0.09626462642699996	2.5170245600795997	0.38671081349340286	0.30900709076904714	5.513738954623679E-4	3.6253621813244E-8	0.32479353533306715	5.485403125696975E-4	13.8604733320159	-74.36135276888469
949000	-3513.6210421310298	-3424.4933363570976	-89.12770577393212	-3424.4933363570976	33.275308019714416	160.42466329157793	0.7288262893482528	0.09626462642699996	2.5170245600795997	0.38671081349340286	0.09626462642699996	2.5170245600795997	0.38671081349340286	0.4388718322175915	6.947079957391177E-4	3.3103332642654805E-8	0.27555839396998133	6.820444584450028E-4	22.945292850403273	-75.62670973683248
950000	-3541.3232210331457	-3443.0258505389984	-98.29737049414713	-3443.0258505389984	38.44758930377593	160.64128387264935	0.7288262893482528	0.09626462642699996	2.6205198527454017	0.28321552082760104	0.09626462642699996	2.6205198527454017	0.28321552082760104	0.5067915399776911	6.685672452610944E-4	1.1842790952239942E-7	0.5513119279187392	6.253513603210185E-4	13.842404277465404	-74.36137938061817
951000	-3518.7197525077704	-3427.0108789013907	-91.70887360637978	-3427.0108789013907	37.46320677119635	186.42491559377385	0.7288262893482528	0.09626462642699996	2.6205198527454017	0.28321552082760104	0.09626462642699996	2.6205198527454017	0.28321552082760104	0.3545780826113672	5.424489808976626E-4	3.9452582289695196E-8	0.3930665972730071	5.550064214124866E-4	15.608174267159606	-82.61163321662316
952000	-3529.7351902195287	-3418.3477948790364	-111.38739534049208	-3418.3477948790364	39.0551252953279	223.44898654277839	0.7288262893482528	0.09626462642699996	2.3850028919156983	0.5187324816573043	0.09626462642699996	2.3850028919156983	0.5187324816573043	0.5611799466460777	4.692613271923976E-4	5.230113095530138E-8	0.5101891608846364	5.254812140960867E-4	18.450371145795476	-87.8891218024666
953000	-3518.295131504119	-3439.3784438266766	-78.91668767744243	-3439.3784438266766	24.923715078776482	128.4678136441158	0.7288262893482528	0.09626462642699996	2.3850028919156983	0.5187324816573043	0.09626462642699996	2.3850028919156983	0.5187324816573043	0.32267109400175514	7.496103592838857E-4	5.051348707994802E-8	0.3175242256367119	7.071645931864339E-4	12.259365751889336	-73.00158092767019
954000	-3496.5652763537505	-3436.717209608791	-59.84806674495955	-3436.717209608791	28.613924862799266	133.62287532849302	0.7288262893482528	0.09626462642699996	2.3850028919156983	0.5187324816573043	0.09626462642699996	2.3850028919156983	0.5187324816573043	0.17669615234984676	6.923765363335631E-4	1.5711244333323352E-8	0.18049976085023783	6.823386180284023E-4	15.472186848723153	-70.79583821320844
955000	-3528.889410361195	-3439.6093661856457	-89.28004417554949	-3439.6093661856457	27.276530682614315	132.54342814959472	0.7288262893482528	0.09626462642699996	2.5782286746694294	0.32550669890357314	0.09626462642699996	2.5782286746694294	0.32550669890357314	0.4735161655358372	8.254596135477248E-4	1.1337608388735672E-7	0.41629351852239155	8.11470954457612E-4	11.223683161972728	-72.01639311647845
956000	-3520.659897573879	-3433.146946620121	-87.5129509537579	-3433.146946620121	25.254517658389773	128.91474431620986	0.7288262893482528	0.09626462642699996	2.5782286746694294	0.32550669890357314	0.09626462642699996	2.5782286746694294	0.32550669890357314	0.3984254043723981	7.900521318457664E-4	7.20095706801257E-8	0.3816360545613199	7.356672598774242E-4	8.91252808920083	-75.0269990727047
957000	-3513.845744324843	-3448.049982200236	-65.79576212460685	-3448.049982200236	28.588473975104428	136.0569652354505	0.7288262893482528	0.09626462642699996	2.451417092954286	0.4523182806187168	0.09626462642699996	2.451417092954286	0.4523182806187168	0.26329189404301034	6.320092882334547E-4	1.8654655912599693E-8	0.21794784696687616	6.684772757767746E-4	12.560338246055213	-71.57491865066228
958000	-3512.7555795141875	-3429.659020827352	-83.09655868683554	-3429.659020827352	32.10745567937393	181.60100948974127	0.7288262893482528	0.09626462642699996	2.451417092954286	0.4523182806187168	0.09626462642699996	2.451417092954286	0.4523182806187168	0.29319147507800847	5.617434805036332E-4	2.372794987129258E-8	0.27796451320675203	5.486147913421664E-4	16.285969698945276	-80.71395539863407
959000	-3508.819984111686	-3426.0629799220874	-82.75700418959882	-3426.0629799220874	41.953789238550826	191.42180381231702	0.7288262893482528	0.09626462642699996	2.451417092954286	0.4523182806187168	0.09626462642699996	2.451417092954286	0.4523182806187168	0.2753366476091359	4.939541513387863E-4	1.7943423441568916E-8	0.2503999730960758	5.48627325882743E-4	29.258608880892364	-79.17115826960483
960000	-3504.3138813193164	-3427.8373990442924	-76.47648227502408	-3427.8373990442924	51.86503287215058	243.22542569196628	0.7288262893482528	0.09626462642699996	2.451417092954286	0.4523182806187168	0.09626462642699996	2.451417092954286	0.4523182806187168	0.22020556041877978	4.0177118734557724E-4	6.836335987415118E-9	0.19523153042706534	4.4955099772184894E-4	22.295123980787675	-83.96615751085206
961000	-3533.2300015515366	-3429.8510983971996	-103.37890315433705	-3429.8510983971996	47.08966142609391	209.59669126157902	0.7288262893482528	0.09626462642699996	2.451417092954286	0.4523182806187168	0.09626462642699996	2.451417092954286	0.4523182806187168	0.3948553644740765	5.263448170867319E-4	1.0384870607383583E-7	0.5194212488317661	6.423511601668031E-4	14.193510247254508	-81.61302842442085
962000	-3536.745159737558	-3427.83521850853	-108.9099412290278	-3427.83521850853	50.96209121450989	210.386264000693	0.7288262893482528	0.09626462642699996	2.451417092954286	0.4523182806187168	0.09626462642699996	2.451417092954286	0.4523182806187168	0.5181308467332219	5.455843926230356E-4	1.2888522243490982E-7	0.5365357026104244	6.508625755232036E-4	14.26865259556021	-81.77438489810122
963000	-3536.22427883259	-3426.322024947408	-109.9022538851819	-3426.322024947408	44.35600506799672	164.40105778745925	0.7288262893482528	0.09626462642699996	2.451417092954286	0.4523182806187168	0.09626462642699996	2.451417092954286	0.4523182806187168	0.5713630569016019	5.845137339553505E-4	1.873785960411425E-7	0.6194394680197338	6.100206690955951E-4	11.199221547474384	-74.15084775307307
964000	-3501.690881854102	-3428.771027270537	-72.91985458356491	-3428.771027270537	36.749668260868866	171.22861509132798	0.7288262893482528	0.09626462642699996	2.451417092954286	0.4523182806187168	0.09626462642699996	2.451417092954286	0.4523182806187168	0.22831645500524342	6.46148209548814E-4	2.041298629340885E-8	0.22056410094742204	6.366548784532641E-4	19.473243674850465	-76.34062054179998
965000	-3506.871412601035	-3431.471194060482	-75.40021854055291	-3431.471194060482	28.347104803140468	148.46871809612134	0.7288262893482528	0.09626462642699996	2.451417092954286	0.4523182806187168	0.09626462642699996	2.451417092954286	0.4523182806187168	0.20107142507979575	6.971577771608E-4	2.3393292750093464E-8	0.2347859451599255	6.408064773170785E-4	19.490721819918136	-75.49971817858892
966000	-3474.5196537856036	-3436.002004442956	-38.517649342647694	-3436.002004442956	36.445414344193075	166.30823844317663	0.7288262893482528	0.1233523152698353	2.4243294041114503	0.4523182806187168	0.1233523152698353	2.4243294041114503	0.4523182806187168	0.10812896345754096	5.271209793727088E-4	1.6130779719620092E-9	0.07884578733273306	5.155205632360389E-4	12.296817732466565	-78.97624806203854
967000	-3521.423004753622	-3433.6563783308516	-87.76662642277066	-3433.6563783308516	41.928173539651155	204.88650821878474	0.7288262893482528	0.1233523152698353	2.4243294041114503	0.4523182806187168	0.1233523152698353	2.4243294041114503	0.4523182806187168	0.23285178867500206	5.94645029580939E-4	2.992500896369558E-8	0.28246148790660314	5.923169255720513E-4	16.78113801538835	-81.93866447377944
968000	-3502.75366204186	-3429.146760127249	-73.60690191461097	-3429.146760127249	36.20603803502839	165.9147674362396	0.7288262893482528	0.1233523152698353	2.4243294041114503	0.4523182806187168	0.1233523152698353	2.4243294041114503	0.4523182806187168	0.20269412509012852	4.947349021898423E-4	1.2251042798453952E-8	0.23456580441695304	4.859411078531977E-4	16.495595007508392	-76.09846257372945
969000	-3531.681281838414	-3430.278089232299	-101.40319260611537	-3430.278089232299	41.4837152024227	195.88891845755938	0.7288262893482528	0.1233523152698353	2.4243294041114503	0.4523182806187168	0.1233523152698353	2.4243294041114503	0.4523182806187168	0.4278801495428179	5.651463434458145E-4	5.2775193030620234E-8	0.3961721212047668	5.509623208202495E-4	19.323532020351035	-79.78667752011373
970000	-3531.9263399544566	-3418.4919204204793	-113.4344195339772	-3418.4919204204793	41.54705241173852	213.2594882534996	0.7288262893482528	0.1233523152698353	2.4243294041114503	0.4523182806187168	0.1233523152698353	2.4243294041114503	0.4523182806187168	0.5830057925557465	4.684162137911707E-4	7.397207491496228E-8	0.5752046318910083	4.6244466215193463E-4	19.148814130512825	-82.39933815876583
971000	-3523.868859071957	-3418.6931729726643	-105.1756860992928	-3418.6931729726643	35.05141623230223	185.0369118152086	0.7288262893482528	0.1233523152698353	2.3547449119015487	0.5219027728286185	0.1233523152698353	2.3547449119015487	0.5219027728286185	0.43299552709274053	5.480070263936824E-4	7.83415333389928E-8	0.509886796996222	5.310662548528236E-4	16.604086112577807	-79.94983155371763
972000	-3526.9925097676687	-3427.6414518420393	-99.3510579256293	-3427.6414518420393	44.700403832745685	188.33695255258505	0.7288262893482528	0.1233523152698353	2.3547449119015487	0.5219027728286185	0.1233523152698353	2.3547449119015487	0.5219027728286185	0.410893220498107	5.743173530555195E-4	6.003684807784367E-8	0.4265758228443258	5.547011976392721E-4	15.214003115003097	-78.89967763128716
973000	-3506.806001704374	-3425.9747259935857	-80.8312757107882	-3425.9747259935857	46.209017411227194	179.30395936208947	0.7288262893482528	0.1233523152698353	2.456820601037911	0.4198270836922562	0.1233523152698353	2.456820601037911	0.4198270836922562	0.28207440502555575	5.909436323483664E-4	4.213057099386042E-8	0.3214785977087443	7.161616535824495E-4	16.963397749308246	-75.6427705147658
974000	-3520.433382112667	-3424.419710111934	-96.0136720007332	-3424.419710111934	43.62857627545984	189.6413079340141	0.7288262893482528	0.1233523152698353	2.456820601037911	0.4198270836922562	0.1233523152698353	2.456820601037911	0.4198270836922562	0.39901184172226745	5.779373425845344E-4	7.339755114939671E-8	0.4702308370298057	6.129300991962121E-4	15.90006979494859	-78.3852426062495
975000	-3509.401498792587	-3426.369570726651	-83.03192806593594	-3426.369570726651	32.020236406221116	154.86215409733336	0.7288262893482528	0.1233523152698353	2.456820601037911	0.4198270836922562	0.1233523152698353	2.456820601037911	0.4198270836922562	0.3191641305587463	6.618432226784291E-4	3.930285945237144E-8	0.3270712434784229	6.186067886341384E-4	12.976370889035302	-76.15833766054925
976000	-3509.2442441310304	-3430.330166498861	-78.91407763216918	-3430.330166498861	36.40709650229846	174.00906865228615	0.7288262893482528	0.1233523152698353	2.456820601037911	0.4198270836922562	0.1233523152698353	2.456820601037911	0.4198270836922562	0.24649713383470037	4.249083707017423E-4	1.2903808189383111E-8	0.27283529808230883	4.360648884869885E-4	13.40687499117134	-78.19799900684063
977000	-3504.9485646000435	-3427.8221211742343	-77.12644342580903	-3427.8221211742343	30.814125721769173	168.4762035438586	0.7288262893482528	0.1233523152698353	2.5005452659760317	0.37610241875413575	0.1233523152698353	2.5005452659760317	0.37610241875413575	0.28186795270557613	5.852718373679634E-4	1.6688777826834844E-8	0.23071746326006	5.524383417854443E-4	15.372447084104572	-78.92316782793209
978000	-3532.776876695442	-3449.2625170818733	-83.51435961356847	-3449.2625170818733	42.30529008865625	184.21876760862895	0.7288262893482528	0.1233523152698353	2.5005452659760317	0.37610241875413575	0.1233523152698353	2.5005452659760317	0.37610241875413575	0.2569295002394214	5.602196077899167E-4	1.8941253514239468E-8	0.2815241912548857	4.841832716346146E-4	17.313040678980535	-78.61928006246833
979000	-3526.6775477717406	-3433.5017149252544	-93.1758328464862	-3433.5017149252544	46.53805780712526	193.4618282716511	0.7288262893482528	0.1233523152698353	2.5005452659760317	0.37610241875413575	0.1233523152698353	2.5005452659760317	0.37610241875413575	0.33011610579259704	4.6591612307132877E-4	3.753408688989102E-8	0.38488150764731816	5.098979468351484E-4	20.015673246858267	-77.7036013080357
980000	-3505.2652419207107	-3426.1147145169507	-79.15052740375997	-3426.1147145169507	43.15117402094879	182.59163302714572	0.7288262893482528	0.1233523152698353	2.4143853150277	0.4622623697024672	0.1233523152698353	2.4143853150277	0.4622623697024672	0.301046393191512	5.215156756884344E-4	1.4594869139809E-8	0.25828857832002916	4.8330418427841847E-4	16.650785472962305	-76.89557214048553
981000	-3525.871523847098	-3433.350577645405	-92.52094620169312	-3433.350577645405	57.70070841446447	246.15720371578124	0.5991247127648752	0.1233523152698353	2.4143853150277	0.4622623697024672	0.1233523152698353	2.4143853150277	0.4622623697024672	0.2683463550742129	4.074112467515666E-4	1.2042321571400602E-8	0.2721808663332952	3.9650900982026057E-4	22.202161656741566	-83.2650910241168
982000	-3521.0642807117156	-3427.5224846106194	-93.54179610109622	-3427.5224846106194	38.76947469670611	193.66399551002684	0.8266770129016554	0.1233523152698353	2.4143853150277	0.4622623697024672	0.1233523152698353	2.4143853150277	0.4622623697024672	0.35221695053733726	4.486855441433664E-4	2.5264938323089063E-8	0.34693690441248365	4.5472013273513477E-4	15.052800459145608	-82.17770396025267
983000	-3517.493095931088	-3426.699425062481	-90.79367086860682	-3426.699425062481	48.74268495677711	193.06397997101394	0.8266770129016554	0.1233523152698353	2.4143853150277	0.4622623697024672	0.1233523152698353	2.4143853150277	0.4622623697024672	0.3330899323553964	5.444840702841373E-4	3.6399294641656047E-8	0.33704684830862586	5.811488014736216E-4	16.00955653896466	-77.32835296866509
984000	-3526.6872374663253	-3429.6161037516026	-97.07113371472266	-3429.6161037516026	46.19254338276177	191.31836332600244	0.8266770129016554	0.1233523152698353	2.4143853150277	0.4622623697024672	0.1233523152698353	2.4143853150277	0.4622623697024672	0.46406130872562273	4.6262109335961065E-4	5.452523827826376E-8	0.4518870900623952	5.587254532726315E-4	14.097662903478346	-78.47655155398957
985000	-3504.726713577438	-3435.1589933012565	-69.56772027618172	-3435.1589933012565	71.79506033791321	262.9633759431967	0.8266770129016554	0.1233523152698353	2.4143853150277	0.4622623697024672	0.1233523152698353	2.4143853150277	0.4622623697024672	0.1658459202954798	4.4676016232217234E-4	5.896006111341472E-9	0.1678446234699326	4.6651084871572563E-4	24.641824391878323	-80.62241059780717
986000	-3520.0463790109775	-3424.4288921965876	-95.61748681438978	-3424.4288921965876	59.08454460360889	226.86382963105095	0.7602836177985417	0.1233523152698353	2.4143853150277	0.4622623697024672	0.1233523152698353	2.4143853150277	0.4622623697024672	0.3657466323129501	4.912640521369447E-4	5.235173175696839E-8	0.407767567414458	6.349238580454448E-4	15.229633243550255	-81.8727585104811
987000	-3495.9431692964713	-3419.6432261336986	-76.29994316277289	-3419.6432261336986	41.998330789933696	159.46889572648607	0.7602836177985417	0.1233523152698353	2.585902057607729	0.29074562712243807	0.1233523152698353	2.585902057607729	0.29074562712243807	0.33040201544744946	6.269296417603696E-4	3.7793190641729936E-8	0.2943648416879853	6.741196116116404E-4	14.138231105114238	-71.87900746596338
988000	-3516.9770457745662	-3419.998277642186	-96.9787681323802	-3419.998277642186	34.293933923016525	138.74023910265913	0.7602836177985417	0.1233523152698353	2.585902057607729	0.29074562712243807	0.1233523152698353	2.585902057607729	0.29074562712243807	0.5036640206584521	6.579006991238062E-4	1.4314708756269955E-7	0.5320198571273012	6.979838994474999E-4	12.05554663462774	-70.30094342972667
989000	-3534.828369129642	-3429.9812613921144	-104.84710773752768	-3429.9812613921144	31.54920704637983	134.08239860036792	0.7602836177985417	0.1233523152698353	2.585902057607729	0.29074562712243807	0.1233523152698353	2.585902057607729	0.29074562712243807	0.5250270066474677	8.09183710910751E-4	2.990737055167272E-7	0.5779594969981958	8.15506291762384E-4	10.591517617605199	-70.89206276674444
990000	-3502.031115209462	-3436.5202499805528	-65.51086522890914	-3436.5202499805528	25.2245387968326	117.08590968044061	0.7602836177985417	0.1233523152698353	2.585902057607729	0.29074562712243807	0.1233523152698353	2.585902057607729	0.29074562712243807	0.20572050297870553	7.485043950843731E-4	2.9072642428136717E-8	0.22192065617885812	7.256869381823367E-4	9.625201798272188	-69.90759367868446
991000	-3517.5488027029064	-3434.174893390965	-83.37390931194145	-3434.174893390965	31.798102107606255	146.6779077577034	0.7602836177985417	0.1233523152698353	2.585902057607729	0.29074562712243807	0.1233523152698353	2.585902057607729	0.29074562712243807	0.31495040501821797	5.711322709438594E-4	2.9365789713107346E-8	0.2802937351716441	5.564588941988882E-4	15.596714173778423	-73.22532195403596
992000	-3513.7684793847784	-3441.1085755762347	-72.65990380854396	-3441.1085755762347	32.63494390727013	157.2831233424079	0.7602836177985417	0.1233523152698353	2.585902057607729	0.29074562712243807	0.1233523152698353	2.585902057607729	0.29074562712243807	0.23435365461956725	7.167143021316617E-4	2.4423505594646737E-8	0.22840788294940775	6.799446485391663E-4	14.35469910189236	-76.47224592969425
993000	-3486.989996600985	-3433.3790873210924	-53.61090927989251	-3433.3790873210924	37.955168647769966	170.61765465623915	0.7602836177985417	0.1233523152698353	2.585902057607729	0.29074562712243807	0.1233523152698353	2.585902057607729	0.29074562712243807	0.13666839473807613	5.527637185510257E-4	6.004245197829834E-9	0.1371655737326276	5.600205274544088E-4	18.22266202154653	-75.43907354254493
994000	-3503.9194318910995	-3432.113432567666	-71.8059993234331	-3432.113432567666	37.35294754347111	174.4300598946383	0.7602836177985417	0.1233523152698353	2.585902057607729	0.29074562712243807	0.1233523152698353	2.585902057607729	0.29074562712243807	0.22303854017770472	6.071712055830403E-4	1.5022879764417605E-8	0.200942317678591	5.901708959830703E-4	19.355814444908113	-77.19995887124196
995000	-3502.149834761408	-3424.810297295819	-77.33953746558896	-3424.810297295819	44.20690923637081	185.87160779170262	0.7602836177985417	0.1233523152698353	2.585902057607729	0.29074562712243807	0.1233523152698353	2.585902057607729	0.29074562712243807	0.23332011427560911	5.030838407539812E-4	2.1675814257905507E-8	0.2588980966057061	5.942819408233122E-4	17.72678012679204	-77.20631177673201
996000	-3526.3512574821416	-3433.1663644167515	-93.18489306539003	-3433.1663644167515	48.736579469117814	197.18039879653992	0.7602836177985417	0.1233523152698353	2.41292955287627	0.46371813185389726	0.1233523152698353	2.41292955287627	0.46371813185389726	0.378932567186398	5.389314742730672E-4	3.374514674203265E-8	0.33109557277486146	5.330394761201996E-4	16.10158900583016	-77.51168675408528
997000	-3522.2406341386713	-3429.6842115260383	-92.55642261263306	-3429.6842115260383	47.93736804832956	195.16993672158912	0.7602836177985417	0.1233523152698353	2.41292955287627	0.46371813185389726	0.1233523152698353	2.41292955287627	0.46371813185389726	0.37881948209867367	5.118020021161919E-4	2.501469570586417E-8	0.3316907853827751	4.768744974478458E-4	18.833685856397743	-77.72714459151554
998000	-3487.712509363107	-3431.205527906905	-56.50698145620224	-3431.205527906905	30.62569655582767	161.26696937499688	0.7602836177985417	0.054080156891901765	2.482201711254204	0.46371813185389726	0.054080156891901765	2.482201711254204	0.46371813185389726	0.1610577842740573	5.730095440007922E-4	5.7522381267167896E-9	0.13594667230156238	5.720347232870697E-4	13.383373983271499	-78.96847858971071
999000	-3494.490519861461	-3421.9504384497973	-72.54008141166369	-3421.9504384497973	35.12330732779539	145.50904738336166	0.7602836177985417	0.054080156891901765	2.482201711254204	0.46371813185389726	0.054080156891901765	2.482201711254204	0.46371813185389726	0.26801362210190993	6.792659497457398E-4	2.8795287163023385E-8	0.2515975304281603	6.813208092411718E-4	14.219968627874817	-71.08984397086097
1000000	-3515.065251857319	-3427.9607152524554	-87.1045366048635	-3427.9607152524554	44.74239104355672	166.03403217085656	0.7602836177985417	0.20337529383474567	2.482201711254204	0.31442299491105336	0.20337529383474567	2.482201711254204	0.31442299491105336	0.34593506899631776	6.766763233498033E-4	6.155243993458239E-8	0.3614015853702441	6.540126001516798E-4	11.357775660764837	-73.4799339627841
1001000	-3495.6013278851765	-3427.7341227274187	-67.86720515775782	-3427.7341227274187	45.42906707735604	189.99296835441663	0.7239315182985823	0.08216999288774157	2.4304382467502186	0.48739176036203846	0.08216999288774157	2.4304382467502186	0.48739176036203846	0.21510453774088475	4.797664093830284E-4	7.776275897834383E-9	0.18988541995483552	4.8222386759055755E-4	16.5484810720545	-78.13762360888965
1002000	-3480.5772575042206	-3429.3494991696584	-51.22775833456237	-3429.3494991696584	27.782940415262264	135.23504413785187	0.7239315182985823	0.18900868003292998	2.4304382467502186	0.38055307321685006	0.18900868003292998	2.4304382467502186	0.38055307321685006	0.16187659007821933	6.047345719291653E-4	7.804821385956862E-9	0.14521595515136354	6.180818035442947E-4	11.391789814140907	-72.90545104857529
1003000	-3514.3092559198876	-3428.8949834146397	-85.41427250524808	-3428.8949834146397	24.970687876771546	125.50942351150067	0.7239315182985823	0.08593821607235429	2.533508710710794	0.38055307321685006	0.08593821607235429	2.533508710710794	0.38055307321685006	0.4502249996702749	9.062673602355115E-4	1.0796342565124575E-7	0.38638633726216604	9.302814103877298E-4	10.013517307786705	-72.61117812671193
1004000	-3506.0334486649685	-3426.9092495028235	-79.12419916214485	-3426.9092495028235	27.015451229399623	138.16976292205624	0.7239315182985823	0.08593821607235429	2.4120273509550914	0.5020344329725529	0.08593821607235429	2.4120273509550914	0.5020344329725529	0.2612826555788591	6.289550115403943E-4	3.4779916334600504E-8	0.3090152849810928	6.079584879663393E-4	16.319283666595148	-72.79192894455493
1005000	-3519.426437845185	-3426.2197952374268	-93.206642607758	-3426.2197952374268	27.84527566584441	152.53639756517092	0.7239315182985823	0.08593821607235429	2.4120273509550914	0.5020344329725529	0.08593821607235429	2.4120273509550914	0.5020344329725529	0.3763636917203716	6.23673783023277E-4	6.22387356989853E-8	0.4130003145273418	6.218533306841463E-4	16.319283666595148	-76.4584793287019
1006000	-3532.776919162281	-3441.2924612606153	-91.4844579016658	-3441.2924612606153	28.389681484710188	141.33548332753494	0.7239315182985823	0.08593821607235429	2.4120273509550914	0.5020344329725529	0.08593821607235429	2.4120273509550914	0.5020344329725529	0.356811826694543	8.951867485315261E-4	1.016088618230429E-7	0.4139508571006389	7.893069195957196E-4	12.239368633979872	-75.71007746621368
1007000	-3520.7314658685373	-3428.808350408379	-91.92311546015867	-3428.808350408379	25.43027711472204	131.3210010788697	0.7239315182985823	0.0765361107528432	2.530383589525665	0.39308029972149044	0.0765361107528432	2.530383589525665	0.39308029972149044	0.41980762510014114	8.281800773647323E-4	1.0885641079137904E-7	0.3932678928342727	8.337150668044495E-4	10.409111596382498	-74.52653916227969
1008000	-3533.870233165748	-3441.1580235830916	-92.71220958265617	-3441.1580235830916	30.516720120760244	156.33518805797527	0.7239315182985823	0.0765361107528432	2.530383589525665	0.39308029972149044	0.0765361107528432	2.530383589525665	0.39308029972149044	0.44002547860714564	7.431004195812443E-4	1.0591751520003194E-7	0.4389029959152117	7.603452588987132E-4	15.892383902935741	-74.95599250905587
1009000	-3510.5407056488775	-3432.7559925172623	-77.78471313161512	-3432.7559925172623	32.090528642149806	168.06148847239035	0.7239315182985823	0.0765361107528432	2.530383589525665	0.39308029972149044	0.0765361107528432	2.530383589525665	0.39308029972149044	0.2946060341073581	5.263244929517587E-4	1.775975888703373E-8	0.2705556680598235	5.201752731535333E-4	15.892383902935741	-77.62914265553451
1010000	-3533.2009382969363	-3435.4575582554976	-97.74338004143873	-3435.4575582554976	32.17556304505071	170.10491420028913	0.7239315182985823	0.0765361107528432	2.492288726276848	0.4311751629703075	0.0765361107528432	2.492288726276848	0.4311751629703075	0.3948485765812501	6.079459345981389E-4	5.513352283848402E-8	0.39995533963811014	5.655672098077814E-4	12.914905639481816	-81.51262422945355
1011000	-3529.8932944648636	-3418.067587463314	-111.82570700154953	-3418.067587463314	32.213999891565265	160.85388981158584	0.7239315182985823	0.0765361107528432	2.492288726276848	0.4311751629703075	0.0765361107528432	2.492288726276848	0.4311751629703075	0.5328759853207582	5.268670402897907E-4	1.278421321543999E-7	0.6583173334945945	5.067874203951227E-4	15.459820334615706	-76.23483500200476
1012000	-3530.4826521807677	-3427.674439430844	-102.80821274992391	-3427.674439430844	31.192337425847807	168.0418405805207	0.7239315182985823	0.0765361107528432	2.492288726276848	0.4311751629703075	0.0765361107528432	2.492288726276848	0.4311751629703075	0.6460353679438742	5.498842274248105E-4	6.166615062775485E-8	0.5472146052937458	5.437500760924095E-4	13.272697773087527	-80.05162252639025
1013000	-3534.9281821315667	-3432.8490066104027	-102.07917552116396	-3432.8490066104027	36.19194932406675	161.52601930462336	0.7239315182985823	0.06419671684882794	2.492288726276848	0.44351455687432273	0.06419671684882794	2.492288726276848	0.44351455687432273	0.6207188924817578	5.768345092793803E-4	1.154065790593206E-7	0.5626764706412405	7.146911060680208E-4	16.473095433065993	-75.10916695039563
1014000	-3529.9681850342126	-3429.2132902481417	-100.7548947860709	-3429.2132902481417	29.288578641339107	150.33467963865567	0.7239315182985823	0.06419671684882794	2.6293002748782492	0.3065030082729215	0.06419671684882794	2.6293002748782492	0.3065030082729215	0.543191807941349	6.267871016705539E-4	1.135561799004568E-7	0.6100646556304397	5.551927503254524E-4	15.605881475816908	-74.47291818545105
1015000	-3512.865063363679	-3427.2861260894088	-85.57893727427039	-3427.2861260894088	26.42864484436452	133.6613981624432	0.7239315182985823	0.06419671684882794	2.6293002748782492	0.3065030082729215	0.06419671684882794	2.6293002748782492	0.3065030082729215	0.3875371870119745	7.377917163148528E-4	9.376908085592053E-8	0.4667214410895878	6.902953080580298E-4	14.288306646282502	-72.07785977222223
1016000	-3521.8170357166928	-3428.2074219049164	-93.60961381177637	-3428.2074219049164	29.61892599809939	143.25537165963433	0.7239315182985823	0.06419671684882794	2.520206887157447	0.4155963959937238	0.06419671684882794	2.520206887157447	0.4155963959937238	0.3941342919438233	8.349675636423681E-4	1.1415092703985424E-7	0.5099790017691619	6.574319461064175E-4	12.5873274906558	-73.67615615192449
1017000	-3519.344514427748	-3441.564710358183	-77.77980406956493	-3441.564710358183	30.67488004516304	141.23783032159338	0.7239315182985823	0.06419671684882794	2.520206887157447	0.4155963959937238	0.06419671684882794	2.520206887157447	0.4155963959937238	0.27784041912449287	6.739098927303162E-4	3.883849034425998E-8	0.2990242239206333	6.851190416037755E-4	14.575425930618017	-71.58038737563142
1018000	-3523.5285350139593	-3422.069746130449	-101.45878888351025	-3422.069746130449	28.03910071542174	122.06012010582856	0.7239315182985823	0.06419671684882794	2.520206887157447	0.4155963959937238	0.06419671684882794	2.520206887157447	0.4155963959937238	0.6682842915764751	8.782677958955816E-4	2.587116019059582E-7	0.704909930953572	7.263740241145234E-4	12.145793804811921	-68.7389788760297
1019000	-3534.407018935972	-3430.894809529079	-103.51220940689292	-3430.894809529079	22.385521085672675	104.26200462775616	0.7239315182985823	0.06419671684882794	2.520206887157447	0.4155963959937238	0.06419671684882794	2.520206887157447	0.4155963959937238	0.660387280393102	0.0010602562217115182	5.204303260171507E-7	0.7678343146058902	8.714709929937101E-4	9.914439012306763	-66.0239391392194
1020000	-3528.3994863870194	-3428.0989805879153	-100.30050579910404	-3428.0989805879153	21.68727560315267	109.62162354868902	0.7239315182985823	0.14253863711626288	2.441864966890012	0.4155963959937238	0.14253863711626288	2.441864966890012	0.4155963959937238	0.580856708792055	7.937665139443006E-4	2.188122443371376E-7	0.6155880064689786	7.157563502306915E-4	9.526255065599363	-70.30109366670888
1021000	-3538.8044665819543	-3435.4681903381597	-103.3362762437948	-3435.4681903381597	21.96422327865606	103.0246933164285	0.7239315182985823	0.14253863711626288	2.441864966890012	0.4155963959937238	0.14253863711626288	2.441864966890012	0.4155963959937238	0.6222716827086426	8.343958390755338E-4	2.836685124934634E-7	0.7191064591883977	6.433792891355274E-4	10.940756629997761	-65.07296104064055
1022000	-3528.1010475233597	-3421.2847235543486	-106.81632396901124	-3421.2847235543486	24.919878782458774	110.86774945949291	0.7239315182985823	0.14253863711626288	2.441864966890012	0.4155963959937238	0.14253863711626288	2.441864966890012	0.4155963959937238	0.7392625508732869	7.743769620577434E-4	4.864513531727462E-7	0.9390783945448047	6.844287473700817E-4	9.443793398661665	-65.89446981491412
1023000	-3548.5027599563905	-3438.978070164201	-109.52468979218912	-3438.978070164201	29.359063846432075	126.01949269182825	0.7239315182985823	0.14253863711626288	2.441864966890012	0.4155963959937238	0.14253863711626288	2.441864966890012	0.4155963959937238	0.6250814420946695	0.0010269706488133597	4.19240814189825E-7	0.5758762422023962	9.209460724661427E-4	9.645792029633688	-68.76567886757073
1024000	-3537.7377176777695	-3428.7624964657102	-108.97522121205935	-3428.7624964657102	27.670466921825987	147.10745085935997	0.7239315182985823	0.14253863711626288	2.441864966890012	0.4155963959937238	0.14253863711626288	2.441864966890012	0.4155963959937238	0.6584409469738175	5.148390516596056E-4	1.1325044064854572E-7	0.7641569696980258	4.5272093208555565E-4	14.87882949191704	-75.71683461018925
1025000	-3532.662009091842	-3423.9937632640385	-108.66824582780349	-3423.9937632640385	33.44752019424071	151.29099753775841	0.7239315182985823	0.14253863711626288	2.441864966890012	0.4155963959937238	0.14253863711626288	2.441864966890012	0.4155963959937238	0.6747769004052113	6.421705173427752E-4	1.7392849553423487E-7	0.6932336714864207	5.964061573471585E-4	12.98871263541919	-73.91860647627722
1026000	-3523.996263112649	-3437.5908326252543	-86.40543048739478	-3437.5908326252543	26.11301409253852	125.9077189376819	0.7239315182985823	0.14253863711626288	2.441864966890012	0.4155963959937238	0.14253863711626288	2.441864966890012	0.4155963959937238	0.3346163678683862	6.230198553342132E-4	5.500799166995709E-8	0.417695960510399	5.179784758534378E-4	17.730279732368334	-70.40648083623381
1027000	-3512.7129321643824	-3431.3019367224456	-81.41099544193686	-3431.3019367224456	27.31972598442324	125.23093764971915	0.7239315182985823	0.14253863711626288	2.441864966890012	0.4155963959937238	0.14253863711626288	2.441864966890012	0.4155963959937238	0.3346163678683862	8.199067591014098E-4	6.011961866556416E-8	0.346891345509594	6.845310391438147E-4	14.645470870814222	-69.29513041393274
1028000	-3514.3504863942558	-3431.3181058953937	-83.03238049886204	-3431.3181058953937	26.662332049902773	131.51141952395247	0.7239315182985823	0.14253863711626288	2.441864966890012	0.4155963959937238	0.14253863711626288	2.441864966890012	0.4155963959937238	0.31486891187545235	6.901363233866739E-4	4.737299006831397E-8	0.3139113172546865	6.714577865604132E-4	11.861141918740751	-72.50385489931062
1029000	-3524.1866353463415	-3443.712397752203	-80.47423759413871	-3443.712397752203	26.612338903961763	124.84290676769675	0.7239315182985823	0.14253863711626288	2.441864966890012	0.4155963959937238	0.14253863711626288	2.441864966890012	0.4155963959937238	0.36295002089003187	9.699925321231726E-4	1.1167157774224901E-7	0.3294196997702806	9.95789000324131E-4	11.725589332718432	-70.069466263176
1030000	-3528.599551273014	-3435.3822167729736	-93.21733450004048	-3435.3822167729736	20.01584801000272	94.62869627384971	0.7239315182985823	0.14253863711626288	2.441864966890012	0.4155963959937238	0.14253863711626288	2.441864966890012	0.4155963959937238	0.4873556069722382	0.0010044102411380955	4.185599071714707E-7	0.5546160615181384	0.0011093410314346685	12.449895312924511	-63.957853033967446
1031000	-3535.8328502413774	-3434.8732125311094	-100.95963771026784	-3434.8732125311094	25.480215104224104	135.02674726322647	0.7239315182985823	0.14253863711626288	2.441864966890012	0.4155963959937238	0.14253863711626288	2.441864966890012	0.4155963959937238	0.38586907892475125	7.818798248919851E-4	1.0265805391269879E-7	0.4906405718696629	5.591993925646298E-4	15.928735042448038	-73.98711276225912
1032000	-3526.0269921087156	-3432.6055533339195	-93.42143877479617	-3432.6055533339195	25.137027092321897	131.04148324321832	0.7239315182985823	0.08144962740675674	2.502953976599518	0.4155963959937238	0.08144962740675674	2.502953976599518	0.4155963959937238	0.3747422873599016	6.551452529512998E-4	7.865823563005395E-8	0.43286304408782983	5.873163301805506E-4	12.784381304888106	-72.9042221872152
1033000	-3519.152743429377	-3432.2967854761123	-86.855957953265	-3432.2967854761123	24.46599945129702	127.32501510701222	0.7239315182985823	0.08144962740675674	2.502953976599518	0.4155963959937238	0.08144962740675674	2.502953976599518	0.4155963959937238	0.39363749194264663	7.159752723727558E-4	9.055296694298157E-8	0.40554876578315435	7.343589763554033E-4	8.818491835081712	-75.0361617879774
1034000	-3506.879280011804	-3425.605391434909	-81.2738885768949	-3425.605391434909	23.19499191895159	111.86918058655591	0.7239315182985823	0.08144962740675674	2.502953976599518	0.4155963959937238	0.08144962740675674	2.502953976599518	0.4155963959937238	0.44419222618851306	7.890971119830348E-4	1.2273556069466272E-7	0.40109939587480303	8.904207179698886E-4	10.024555167929876	-67.8143792693775
1035000	-3526.073850215798	-3430.2711272089177	-95.80272300688027	-3430.2711272089177	35.77908542938939	163.69409626491182	0.7239315182985823	0.08144962740675674	2.502953976599518	0.4155963959937238	0.08144962740675674	2.502953976599518	0.4155963959937238	0.4636762977367903	5.692238360100058E-4	7.488781910132713E-8	0.48576464456884677	6.223852129538626E-4	13.177614593598287	-76.28453058374151
1036000	-3515.049667830082	-3430.587099552627	-84.46256827745512	-3430.587099552627	32.41531697852706	156.58265021030135	0.7239315182985823	0.08144962740675674	2.4250326197350676	0.4935177528581743	0.08144962740675674	2.4250326197350676	0.4935177528581743	0.3303427759758873	6.5056213971731E-4	4.5246332755856614E-8	0.35750791786871966	6.404820186661573E-4	19.1072551340501	-74.91712226507848
1037000	-3515.9769842419846	-3431.6845597617867	-84.29242448019798	-3431.6845597617867	25.719549089956093	129.34174315138924	0.7239315182985823	0.08144962740675674	2.4250326197350676	0.4935177528581743	0.08144962740675674	2.4250326197350676	0.4935177528581743	0.3968618037579695	6.586927227647119E-4	6.589253446337635E-8	0.4291372479822348	6.202825591582855E-4	11.90567773075173	-72.26842549839913
1038000	-3517.27799575957	-3433.7562737850467	-83.5217219745232	-3433.7562737850467	25.554643452993155	137.83819457802855	0.7239315182985823	0.08144962740675674	2.4250326197350676	0.4935177528581743	0.08144962740675674	2.4250326197350676	0.4935177528581743	0.28827566342332583	7.979853363675411E-4	4.9637160951790165E-8	0.28685332735312435	7.394595208148611E-4	13.515623257259545	-74.08450060696987
1039000	-3526.4916368876643	-3428.3704615870206	-98.12117530064378	-3428.3704615870206	72.07836811180923	272.1038835058502	0.7239315182985823	0.08144962740675674	2.4250326197350676	0.4935177528581743	0.08144962740675674	2.4250326197350676	0.4935177528581743	0.39455530754622	3.3154996401252155E-4	1.575807893221574E-8	0.3294372629513576	3.927363511526095E-4	17.169479657854932	-85.7726720434372
1040000	-3504.570284966961	-3424.871891544601	-79.69839342235987	-3424.871891544601	52.34647185095723	194.4960609160515	0.7239315182985823	0.08144962740675674	2.4250326197350676	0.4935177528581743	0.08144962740675674	2.4250326197350676	0.4935177528581743	0.25284298074537315	4.82267193799E-4	2.442037959068097E-8	0.2923161260936818	5.511486310701422E-4	14.130630540267251	-77.0135741853562
1041000	-3514.833907343363	-3418.7786094318644	-96.05529791149881	-3418.7786094318644	48.64499118856213	203.65841969922056	0.7239315182985823	0.08144962740675674	2.4250326197350676	0.4935177528581743	0.08144962740675674	2.4250326197350676	0.4935177528581743	0.329628915517826	4.306501453945323E-4	2.713606926585267E-8	0.35938550886626325	4.5172180523848573E-4	23.81653639051794	-78.55359069502373
1042000	-3522.6973179474617	-3431.886752642173	-90.8105653052887	-3431.886752642173	35.330074299061394	180.69781038464285	0.7239315182985823	0.08144962740675674	2.5369821145910354	0.3815682580022064	0.08144962740675674	2.5369821145910354	0.3815682580022064	0.32158752901188226	4.654065565610502E-4	1.9252593881066853E-8	0.30967735579114075	4.1949579676850565E-4	15.459749078016765	-79.62677379539556
1043000	-3489.620657360314	-3424.9391511476097	-64.68150621270453	-3424.9391511476097	48.914036111224235	216.55863897939287	0.7239315182985823	0.08144962740675674	2.5369821145910354	0.3815682580022064	0.08144962740675674	2.5369821145910354	0.3815682580022064	0.16919488753698503	4.883068362201255E-4	4.2307793682960076E-9	0.1352452304587926	4.65623947564973E-4	24.48863300173262	-79.85705279962671
1044000	-3487.3751502075147	-3431.84539352971	-55.52975667780507	-3431.84539352971	49.48314147818207	222.55029706755855	0.7239315182985823	0.08144962740675674	2.5369821145910354	0.3815682580022064	0.08144962740675674	2.5369821145910354	0.3815682580022064	0.10289644301748983	3.70798116035691E-4	1.7504608518065265E-9	0.11184959693417881	3.666527936636346E-4	15.014854549618338	-84.41447907371116
1045000	-3515.2773448437924	-3426.8055019702147	-88.47184287357767	-3426.8055019702147	48.5447098858248	236.6843251056413	0.7239315182985823	0.08144962740675674	2.5369821145910354	0.3815682580022064	0.08144962740675674	2.5369821145910354	0.3815682580022064	0.2379131114605421	3.999773722395967E-4	1.106423369063965E-8	0.270558674837046	4.1591905286629213E-4	27.277451226222365	-83.1927199065292
1046000	-3480.217741790542	-3422.0964323112976	-58.12130947924444	-3422.0964323112976	54.03004606271233	227.76158763515747	0.7239315182985823	0.08144962740675674	2.5369821145910354	0.3815682580022064	0.08144962740675674	2.5369821145910354	0.3815682580022064	0.1210747245103894	4.469087423526395E-4	2.8959207656958686E-9	0.11932955837550639	4.4206915599179767E-4	16.686804737764817	-83.29828334353414
1047000	-3521.500511490385	-3427.8645955812785	-93.63591590910649	-3427.8645955812785	33.873345627525694	183.04900032497832	0.7239315182985823	0.08144962740675674	2.5369821145910354	0.3815682580022064	0.08144962740675674	2.5369821145910354	0.3815682580022064	0.27077416533729115	5.657822697745324E-4	3.20559661170695E-8	0.32432322406344966	5.299711243286183E-4	24.77620280784428	-79.21158748618593
1048000	-3533.942393780249	-3445.6018805864674	-88.3405131937814	-3445.6018805864674	29.620283377139376	145.7765774347932	0.7239315182985823	0.08144962740675674	2.5369821145910354	0.3815682580022064	0.08144962740675674	2.5369821145910354	0.3815682580022064	0.34010470355250094	5.227025371172648E-4	3.5062191503466356E-8	0.3653621981344931	4.982588130592205E-4	11.502760959476491	-74.50578807046664
1049000	-3520.327692299437	-3423.760090462863	-96.56760183657407	-3423.760090462863	24.581178924209024	124.89453012401528	0.7239315182985823	0.08144962740675674	2.5369821145910354	0.3815682580022064	0.08144962740675674	2.5369821145910354	0.3815682580022064	0.4743469556449921	9.159008702839741E-4	2.1943517936308845E-7	0.5339606194597567	9.224212467506393E-4	9.85135188866589	-73.1976970732782
1050000	-3523.6708224317704	-3425.7284050344956	-97.94241739727491	-3425.7284050344956	25.540856633250925	128.55087697573987	0.7239315182985823	0.08144962740675674	2.5369821145910354	0.3815682580022064	0.08144962740675674	2.5369821145910354	0.3815682580022064	0.4323940859098495	6.92600593092082E-4	1.2879804509076555E-7	0.5542212224127174	6.562874034262555E-4	16.09110336526266	-71.05330372895635
1051000	-3528.5245807940937	-3442.168748704549	-86.3558320895446	-3442.168748704549	25.079064252313838	121.55944979614317	0.7239315182985823	0.08144962740675674	2.5369821145910354	0.3815682580022064	0.08144962740675674	2.5369821145910354	0.3815682580022064	0.30945240650471467	9.942100446358275E-4	1.824958685964889E-7	0.4279582161907439	0.0010070127633725805	13.835947386718273	-69.21220847557575
1052000	-3533.7914567815656	-3432.929729186213	-100.86172759535265	-3432.929729186213	21.623405583191634	89.84473511004278	0.7239315182985823	0.08144962740675674	2.5369821145910354	0.3815682580022064	0.08144962740675674	2.5369821145910354	0.3815682580022064	0.7989588766254381	0.0010086459015458864	8.686775564554887E-7	0.8907426847513947	9.984372057808162E-4	6.97483202221688	-60.60286653927465
1053000	-3521.08066500524	-3427.5532439432723	-93.52742106196773	-3427.5532439432723	20.4923744637507	91.98579446996112	0.7239315182985823	0.08144962740675674	2.5369821145910354	0.3815682580022064	0.08144962740675674	2.5369821145910354	0.3815682580022064	0.6334618413220274	0.0011838159297772987	8.764318136677283E-7	0.8397433843478334	0.0011373098990695605	8.519256081835346	-62.80381307564539
1054000	-3518.5074962701133	-3419.64248341938	-98.86501285073355	-3419.64248341938	23.116708165768323	111.25795099713307	0.7239315182985823	0.08144962740675674	2.5369821145910354	0.3815682580022064	0.08144962740675674	2.5369821145910354	0.3815682580022064	0.5992960862785354	8.439052792654627E-4	2.4027848929666445E-7	0.6720559258483767	7.92176907332401E-4	16.5164131809951	-68.27205935384474
1055000	-3532.2058300236836	-3432.23778342626	-99.96804659742322	-3432.23778342626	24.49649487790741	119.93531231815138	0.7239315182985823	0.08144962740675674	2.5369821145910354	0.3815682580022064	0.08144962740675674	2.5369821145910354	0.3815682580022064	0.4824926598098265	7.953199121939942E-4	1.5951011602725794E-7	0.5626867900794529	6.285828627633639E-4	10.203801568320177	-71.31019342627006
1056000	-3519.6498805623614	-3432.211079813511	-87.43880074885075	-3432.211079813511	20.7455980066441	101.90629754724256	0.7239315182985823	0.08144962740675674	2.5369821145910354	0.3815682580022064	0.08144962740675674	2.5369821145910354	0.3815682580022064	0.3511279142134375	8.950470825598317E-4	2.1208624405563778E-7	0.581464866340885	7.601130611555624E-4	8.701330991800075	-66.83520952464232
1057000	-3546.3706113006365	-3437.4194900542498	-108.95112124638665	-3437.4194900542498	32.274509153049	145.74171756931696	0.7239315182985823	0.08144962740675674	2.5369821145910354	0.3815682580022064	0.08144962740675674	2.5369821145910354	0.3815682580022064	0.5581832672083578	6.708415042122269E-4	1.3354799353975592E-7	0.6844912940452103	5.474930577231068E-4	9.168022304895306	-80.12572658638871
1058000	-3540.371711725713	-3426.603802526185	-113.76790919952781	-3426.603802526185	28.042294329842438	146.84034203806104	0.7239315182985823	0.08144962740675674	2.5369821145910354	0.3815682580022064	0.08144962740675674	2.5369821145910354	0.3815682580022064	0.5786984402206579	7.208170841216196E-4	2.1350134891514484E-7	0.6681916917045487	6.619914542743819E-4	14.869785140369501	-75.66804298219878
1059000	-3519.472213333501	-3431.288380426573	-88.18383290692763	-3431.288380426573	22.584233874429778	112.46630550725718	0.7239315182985823	0.08144962740675674	2.5369821145910354	0.3815682580022064	0.08144962740675674	2.5369821145910354	0.3815682580022064	0.37939680070726595	7.66596874384145E-4	1.3097423295667492E-7	0.4938452167498289	7.633853301334744E-4	12.761439712041478	-68.71762287283242
1060000	-3539.3836874129606	-3437.570384382573	-101.81330303038729	-3437.570384382573	26.6790642751092	121.99848310532984	0.7239315182985823	0.08144962740675674	2.5369821145910354	0.3815682580022064	0.08144962740675674	2.5369821145910354	0.3815682580022064	0.5159493241661363	7.330541691715847E-4	1.943160374153676E-7	0.6566608310855702	7.3071017577881E-4	9.078126435724883	-71.15042280121345
1061000	-3524.827039154654	-3423.710709777443	-101.11632937721095	-3423.710709777443	26.738588296098	117.09606437930242	0.7239315182985823	0.08144962740675674	2.5369821145910354	0.3815682580022064	0.08144962740675674	2.5369821145910354	0.3815682580022064	0.6180133903181589	7.572354967430665E-4	3.638102199444279E-7	0.8069866649252277	7.309222095666773E-4	10.34762054910126	-67.3165265153754
1062000	-3540.225772720403	-3438.2513864845637	-101.97438623583903	-3438.2513864845637	24.67342734510285	115.76219522696633	0.7239315182985823	0.08144962740675674	2.5369821145910354	0.3815682580022064	0.08144962740675674	2.5369821145910354	0.3815682580022064	0.6620617596827822	8.556394632595969E-4	7.814848304063686E-7	0.92915171369056	9.283210564131907E-4	11.013228785732574	-68.44413422169137
1063000	-3529.846725347629	-3418.9366761158035	-110.91004923182581	-3418.9366761158035	24.447145428942804	115.68334537610771	0.7239315182985823	0.08144962740675674	2.5369821145910354	0.3815682580022064	0.08144962740675674	2.5369821145910354	0.3815682580022064	0.7993443642930699	8.798496348415899E-4	5.352665091814846E-7	0.9405041383299007	7.263390783385183E-4	10.899648271923539	-68.01955488028572
1064000	-3535.392718711701	-3421.9835599060543	-113.40915880564683	-3421.9835599060543	33.2586132960627	145.54919061492146	0.7239315182985823	0.08144962740675674	2.5369821145910354	0.3815682580022064	0.08144962740675674	2.5369821145910354	0.3815682580022064	0.951269737899209	7.81683410141999E-4	8.669332209343655E-7	1.144923953969241	9.006220428573486E-4	15.198218149662381	-71.57763483130718
1065000	-3536.9092430357837	-3423.4682973958706	-113.44094563991295	-3423.4682973958706	35.58209525971611	162.3343641873036	0.7239315182985823	0.08144962740675674	2.5369821145910354	0.3815682580022064	0.08144962740675674	2.5369821145910354	0.3815682580022064	0.8144745250107731	5.912644833308887E-4	3.076690885834428E-7	0.9649712779234961	6.629765558024641E-4	14.621677423691404	-74.52955389893197
1066000	-3532.0793429805726	-3424.6942782572655	-107.38506472330718	-3424.6942782572655	27.798155067765954	137.0030865508311	0.7239315182985823	0.08144962740675674	2.5369821145910354	0.3815682580022064	0.08144962740675674	2.5369821145910354	0.3815682580022064	0.7767052201059274	7.203259773026269E-4	3.9995690390372405E-7	0.8839423165379164	7.635791094442988E-4	14.436107090668658	-71.82260068235107
1067000	-3534.627739365681	-3429.560777007707	-105.0669623579736	-3429.560777007707	27.28797443169169	140.55386717321656	0.7239315182985823	0.17551149942747024	2.442920242570322	0.3815682580022064	0.17551149942747024	2.442920242570322	0.3815682580022064	0.6397500769479081	7.892123502737142E-4	1.9419735689144833E-7	0.6108209623607824	7.632676849887748E-4	16.59911290146623	-73.88787524019612
1068000	-3537.3286156489044	-3426.8112064875536	-110.5174091613509	-3426.8112064875536	22.22301919837773	116.31516600681186	0.7239315182985823	0.17551149942747024	2.442920242570322	0.3815682580022064	0.17551149942747024	2.442920242570322	0.3815682580022064	0.6068226762858857	8.697435414284809E-4	4.2850141869455295E-7	0.8448404733944798	7.530799971520134E-4	9.8880999821812	-70.91082879323875
1069000	-3523.6407652730254	-3422.9112753722	-100.72948990082523	-3422.9112753722	25.041932161833323	118.44653884847548	0.7750373412787527	0.17551149942747024	2.442920242570322	0.3815682580022064	0.17551149942747024	2.442920242570322	0.3815682580022064	0.5277709493120484	8.24016291527413E-4	2.483757595327238E-7	0.651390828806105	7.183000703722167E-4	7.828955552758311	-72.0257636486371
1070000	-3529.3874761320058	-3429.5151169710425	-99.87235916096316	-3429.5151169710425	27.747512936572708	116.90246607134578	0.7750373412787527	0.07445985678397735	2.543971885213815	0.3815682580022064	0.07445985678397735	2.543971885213815	0.3815682580022064	0.6116617908711213	0.0010100252445536403	4.193822740017442E-7	0.665469920618851	0.0010337485867152679	15.276580283442193	-66.63695809172118
1071000	-3519.128522039672	-3420.327973178794	-98.80054886087851	-3420.327973178794	23.735466787488456	93.17741229578871	0.7750373412787527	0.07445985678397735	2.543971885213815	0.3815682580022064	0.07445985678397735	2.543971885213815	0.3815682580022064	0.9214943270931384	0.0010402014946007583	1.1441446476560218E-6	1.079636780130175	0.0010952820803049167	7.04566266768856	-60.778375005844474
1072000	-3535.7478043795545	-3431.65213908269	-104.0956652968644	-3431.65213908269	24.60717935822163	109.89307836888922	0.7750373412787527	0.07445985678397735	2.543971885213815	0.3815682580022064	0.07445985678397735	2.543971885213815	0.3815682580022064	0.8772677954809255	0.0010255058376808996	9.811828409688226E-7	1.1155722371359564	9.339276113381272E-4	13.992595961657807	-65.78374627070527
1073000	-3529.564636491392	-3425.668256708515	-103.89637978287696	-3425.668256708515	34.005605864226006	140.24090742020857	0.7750373412787527	0.07445985678397735	2.543971885213815	0.3815682580022064	0.07445985678397735	2.543971885213815	0.3815682580022064	0.860690632793814	7.1727564381185E-4	6.714718993221374E-7	1.2047098607006477	8.132429807859829E-4	11.413223915812804	-70.25540048562621
1074000	-3529.053600090396	-3426.1399148836917	-102.9136852067039	-3426.1399148836917	30.096550123376446	130.25151906069848	0.7750373412787527	0.07445985678397735	2.543971885213815	0.3815682580022064	0.07445985678397735	2.543971885213815	0.3815682580022064	0.5959942161884622	7.397938949403953E-4	4.793312901481155E-7	1.0257110146676256	7.94787498378687E-4	10.818212709771915	-71.30551571530641
1075000	-3516.9450697689076	-3414.398237615178	-102.54683215372978	-3414.398237615178	30.32385093333522	132.3331526035931	0.7750373412787527	0.07445985678397735	2.543971885213815	0.3815682580022064	0.07445985678397735	2.543971885213815	0.3815682580022064	0.7237313743626809	7.074680694443245E-4	2.51297681782607E-7	0.8194982632613694	6.938341656863014E-4	10.908943152623767	-71.26951435915608
1076000	-3520.0422505810216	-3423.5204010978073	-96.5218494832144	-3423.5204010978073	26.866162470421667	122.8322355926069	0.7750373412787527	0.0432706278036354	2.543971885213815	0.4127574869825483	0.0432706278036354	2.543971885213815	0.4127574869825483	0.5277370429326275	6.918625628100767E-4	1.8041368701488308E-7	0.6294161641322461	6.755648075176238E-4	10.110023590933974	-70.55353149440838
1077000	-3523.9537204792996	-3434.4720330367654	-89.48168744253417	-3434.4720330367654	30.72506888369319	121.80315764528879	0.7750373412787527	0.0432706278036354	2.6718007000600754	0.28492867213628803	0.0432706278036354	2.6718007000600754	0.28492867213628803	0.4593951900554503	7.717354773979809E-4	1.9178520193184898E-7	0.6017521563648832	7.396839993822837E-4	9.621697077811975	-67.30181246237689
1078000	-3544.443015513636	-3441.393793947423	-103.04922156621292	-3441.393793947423	26.722460997666285	133.53050376013204	0.7750373412787527	0.0432706278036354	2.6718007000600754	0.28492867213628803	0.0432706278036354	2.6718007000600754	0.28492867213628803	0.5666340383840212	8.209940153986904E-4	2.2840349655945696E-7	0.542508566206617	8.32159994608964E-4	13.01945136412561	-72.95428859734157
1079000	-3537.861895666124	-3440.352448206354	-97.50944745976987	-3440.352448206354	34.719992055412064	169.52012835989655	0.7750373412787527	0.0432706278036354	2.6718007000600754	0.28492867213628803	0.0432706278036354	2.6718007000600754	0.28492867213628803	0.34763035382264823	5.313809957265166E-4	6.427248684695064E-8	0.4978302541396612	4.956572903402118E-4	16.72686951046166	-76.75358968667872
1080000	-3523.629385081063	-3433.7218358119662	-89.90754926909665	-3433.7218358119662	43.95736459347221	210.46331157953708	0.7750373412787527	0.0990767001322811	2.6159946277314297	0.28492867213628803	0.0990767001322811	2.6159946277314297	0.28492867213628803	0.25748247848592964	4.1925266094276157E-4	1.1940457560150943E-8	0.25575916904458695	3.9368711899646225E-4	19.545042424432282	-81.09341803957368
1081000	-3511.139278827881	-3432.754249249	-78.38502957888053	-3432.754249249	38.385540167313565	163.61333150274027	0.7750373412787527	0.0990767001322811	2.6159946277314297	0.28492867213628803	0.0990767001322811	2.6159946277314297	0.28492867213628803	0.2874430537993166	7.165079511761207E-4	4.720073448001107E-8	0.3204872404475328	6.858414857282319E-4	18.20826489217084	-73.82424805333117
1082000	-3504.797384821905	-3428.409119616859	-76.388265205046	-3428.409119616859	24.21932216093014	121.06288185242744	0.7750373412787527	0.0990767001322811	2.6159946277314297	0.28492867213628803	0.0990767001322811	2.6159946277314297	0.28492867213628803	0.33084457867300704	8.095329510914921E-4	5.2716017708888354E-8	0.32844576854447494	7.020341856281655E-4	11.187152570558004	-70.26092562520213
1083000	-3513.4966551526104	-3438.248579596634	-75.24807555597629	-3438.248579596634	34.86244131822249	158.39645650909944	0.7750373412787527	0.0990767001322811	2.6159946277314297	0.28492867213628803	0.0990767001322811	2.6159946277314297	0.28492867213628803	0.2627765138947066	6.284868013753279E-4	2.4727698428377832E-8	0.2489741794454278	6.411751285690075E-4	21.221375304399004	-74.95291329848727
1084000	-3509.8559928247387	-3440.8440395802045	-69.01195324453433	-3440.8440395802045	34.2543744217324	133.2205413203111	0.7750373412787527	0.0990767001322811	2.6159946277314297	0.28492867213628803	0.0990767001322811	2.6159946277314297	0.28492867213628803	0.3074942780665861	7.42254416025399E-4	3.8036830639721736E-8	0.24826087930848503	7.892452086366194E-4	9.928182981146165	-69.6961449373499
1085000	-3515.8858579911534	-3439.826419467201	-76.05943852395231	-3439.826419467201	45.16798235810879	195.21384665898	0.7750373412787527	0.0990767001322811	2.4465237568067497	0.45439954306096786	0.0990767001322811	2.4465237568067497	0.45439954306096786	0.2365167299014283	5.213703077332232E-4	1.7378728279209137E-8	0.23174195466580647	5.743323352662142E-4	12.311963025399796	-82.13910754470002
1086000	-3489.095601767657	-3425.1776631204166	-63.91793864724043	-3425.1776631204166	44.74655961892044	212.52617536204835	0.7750373412787527	0.0990767001322811	2.4465237568067497	0.45439954306096786	0.0990767001322811	2.4465237568067497	0.45439954306096786	0.1582689358341509	4.830719198655483E-4	5.309465459842779E-9	0.14875976261685483	4.985157201729732E-4	21.40934290565945	-81.81713237965752
1087000	-3519.312935968013	-3431.7441746942895	-87.56876127372327	-3431.7441746942895	60.4430686232973	264.3488684327929	0.7750373412787527	0.0990767001322811	2.545285664302544	0.3556376355651736	0.0990767001322811	2.545285664302544	0.3556376355651736	0.29175372491636664	3.8148897259541597E-4	7.246806742938918E-9	0.2210370182329483	3.748605415732717E-4	17.65021665348085	-87.31503469655564
1088000	-3492.3062953814433	-3432.233840601014	-60.07245478042943	-3432.233840601014	44.127542664874795	211.3985321262747	0.7750373412787527	0.0990767001322811	2.545285664302544	0.3556376355651736	0.0990767001322811	2.545285664302544	0.3556376355651736	0.14552486375823095	5.613645455534755E-4	5.140022419656097E-9	0.12867834784582458	5.758711090560716E-4	23.486223243320243	-79.9242049396928
1089000	-3492.0560317798395	-3428.7168679050374	-63.33916387480213	-3428.7168679050374	44.99666101822473	191.014339784382	0.7750373412787527	0.0990767001322811	2.545285664302544	0.3556376355651736	0.0990767001322811	2.545285664302544	0.3556376355651736	0.16246143753415587	4.665079290968322E-4	6.1479965559301E-9	0.1539864678172154	4.886928107528556E-4	16.194993561702795	-77.53410266244535
1090000	-3500.2991808135853	-3427.449115503937	-72.85006530964826	-3427.449115503937	51.55322251123067	233.01458418826672	0.7750373412787527	0.0990767001322811	2.545285664302544	0.3556376355651736	0.0990767001322811	2.545285664302544	0.3556376355651736	0.21261941533735426	4.914783809043995E-4	7.783861499227259E-9	0.17754275077209594	5.085468323978464E-4	17.66330452031546	-84.2329456372733
1091000	-3499.1245209113463	-3426.154459797296	-72.97006111405013	-3426.154459797296	53.25407664205628	204.55741101017438	0.7750373412787527	0.0990767001322811	2.545285664302544	0.3556376355651736	0.0990767001322811	2.545285664302544	0.3556376355651736	0.1817300879844204	5.043072520262796E-4	1.1404147126082645E-8	0.21443752336912408	4.799496754999268E-4	17.3596748673691	-76.54137091397607
1092000	-3497.90829912098	-3429.528935764089	-68.37936335689088	-3429.528935764089	40.19957110983802	184.17232450427147	0.7750373412787527	0.0990767001322811	2.545285664302544	0.3556376355651736	0.0990767001322811	2.545285664302544	0.3556376355651736	0.23603397808673268	4.928598749626943E-4	7.736509051142E-9	0.18125024028133546	5.131405033925818E-4	15.224794592960535	-78.32328371939036
1093000	-3538.582406722645	-3434.110518490642	-104.47188823200304	-3434.110518490642	52.942673013002846	232.72260783732315	0.7750373412787527	0.0990767001322811	2.545285664302544	0.3556376355651736	0.0990767001322811	2.545285664302544	0.3556376355651736	0.3566076710492523	5.248803663600368E-4	3.278140187141963E-8	0.35753123050097635	4.983659729708941E-4	12.220720021632431	-90.20585151320581
1094000	-3543.189509608587	-3451.45297529559	-91.73653431299687	-3451.45297529559	29.859916916283286	155.79767428151217	0.7750373412787527	0.0990767001322811	2.6409991175915444	0.2599241822761731	0.0990767001322811	2.6409991175915444	0.2599241822761731	0.38628591422725966	6.175466117666963E-4	5.970969395659925E-8	0.3652901037349482	6.953598987102909E-4	12.014036098207113	-77.83379273806462
1095000	-3531.765372568607	-3432.392565793664	-99.37280677494319	-3432.392565793664	31.42648625141957	147.69364626583578	0.7750373412787527	0.0990767001322811	2.447211801466203	0.4537114984015145	0.0990767001322811	2.447211801466203	0.4537114984015145	0.4061307021401052	6.744967001049545E-4	1.2049315161196684E-7	0.47732154169936875	6.817697564766149E-4	10.150737355402521	-75.95217271975056
1096000	-3504.876055597251	-3431.618780170675	-73.25727542657548	-3431.618780170675	36.98404885011281	154.57213563950387	0.7750373412787527	0.0990767001322811	2.447211801466203	0.4537114984015145	0.0990767001322811	2.447211801466203	0.4537114984015145	0.30500321704174294	5.861014266858507E-4	2.394137022633028E-8	0.2537469261469967	6.799100929285844E-4	12.597486547309986	-74.15504648533992
1097000	-3534.627897635312	-3430.076658884923	-104.55123875038927	-3430.076658884923	29.96398298128209	131.57165960131059	0.7750373412787527	0.0990767001322811	2.447211801466203	0.4537114984015145	0.0990767001322811	2.447211801466203	0.4537114984015145	0.6105105797312805	7.827938540483975E-4	4.400325266705024E-7	0.734983950462906	8.388658440431993E-4	10.43777228110783	-70.3906757482924
1098000	-3517.9486103914096	-3428.0836849408515	-89.86492545055826	-3428.0836849408515	37.633658263519024	160.00307879192306	0.7750373412787527	0.0990767001322811	2.447211801466203	0.4537114984015145	0.0990767001322811	2.447211801466203	0.4537114984015145	0.3338800319435399	5.377781341498403E-4	4.622774999890413E-8	0.36527372639446565	5.660361430345766E-4	13.089767234876243	-74.953339593386
1099000	-3514.294520677283	-3423.1812829305495	-91.11323774673326	-3423.1812829305495	50.16716045642235	196.51226989304914	0.7750373412787527	0.0990767001322811	2.447211801466203	0.4537114984015145	0.0990767001322811	2.447211801466203	0.4537114984015145	0.28239790194613557	4.224763046867576E-4	1.7063353621710694E-8	0.29460229004836785	4.1852442899332473E-4	26.470515590874957	-77.06652708658935
1100000	-3485.007846045392	-3430.088330232206	-54.9195158131862	-3430.088330232206	37.99657095994994	173.4071230653699	0.7750373412787527	0.0990767001322811	2.447211801466203	0.4537114984015145	0.0990767001322811	2.447211801466203	0.4537114984015145	0.15492721650480035	6.003016587990091E-4	6.588399114173691E-9	0.1331149146596567	6.155060249458126E-4	16.098361542670638	-78.07794770304876
1101000	-3507.4080708521924	-3429.8214327459746	-77.58663810621775	-3429.8214327459746	42.69727398323286	209.06568011877755	0.7750373412787527	0.0990767001322811	2.447211801466203	0.4537114984015145	0.0990767001322811	2.447211801466203	0.4537114984015145	0.22288029663551817	4.598258275754246E-4	1.0970117423650403E-8	0.22325121325907013	5.019752815274002E-4	18.782503569452018	-81.26091034354374
1102000	-3513.2643211775994	-3435.7089983870505	-77.55532279054906	-3435.7089983870505	47.31802093269087	184.3371492933626	0.7750373412787527	0.0990767001322811	2.447211801466203	0.4537114984015145	0.0990767001322811	2.447211801466203	0.4537114984015145	0.25836567727712306	5.548574001210315E-4	2.2106725307050237E-8	0.2607698549993454	5.37253104101867E-4	15.184919011831594	-74.85111067923552
1103000	-3517.532192080066	-3420.448781060641	-97.0834110194252	-3420.448781060641	66.17639849267054	265.1227040896446	0.7750373412787527	0.0990767001322811	2.3332987385232404	0.5676245613444769	0.0990767001322811	2.3332987385232404	0.5676245613444769	0.34164839027062827	3.607546787852701E-4	1.2647682378795402E-8	0.33185746171568775	3.297138441816196E-4	14.213469372559324	-86.26521416545573
1104000	-3531.0348324755128	-3419.7082231528875	-111.3266093226252	-3419.7082231528875	43.90222653826117	211.1197809347912	0.7750373412787527	0.0990767001322811	2.3332987385232404	0.5676245613444769	0.0990767001322811	2.3332987385232404	0.5676245613444769	0.4386716381238328	5.367172103212887E-4	4.706180886232726E-8	0.42757955884676546	4.772757488772396E-4	14.60017506226569	-85.44788914720414
1105000	-3506.3340171383193	-3434.6560795453975	-71.67793759292171	-3434.6560795453975	31.700042134048683	150.99201578747864	0.7750373412787527	0.0990767001322811	2.3332987385232404	0.5676245613444769	0.0990767001322811	2.3332987385232404	0.5676245613444769	0.2572799964014977	5.166288672546566E-4	1.7829395913671716E-8	0.25202342243143633	5.43034551590276E-4	12.318776926376158	-74.8871364690455
1106000	-3539.9614986567267	-3438.9313012909256	-101.03019736580126	-3438.9313012909256	39.603210942766594	187.38841880479134	0.7750373412787527	0.0990767001322811	2.3332987385232404	0.5676245613444769	0.0990767001322811	2.3332987385232404	0.5676245613444769	0.42126320206228235	6.711256883191663E-4	5.444761214056951E-8	0.39096336294548895	5.538732702281165E-4	13.27655020185454	-79.93267758723584
1107000	-3512.0178144674724	-3429.4828584591164	-82.53495600835599	-3429.4828584591164	40.09641531049476	221.89478622312646	0.7750373412787527	0.0990767001322811	2.3332987385232404	0.5676245613444769	0.0990767001322811	2.3332987385232404	0.5676245613444769	0.24126774215175162	3.8272139015090863E-4	9.058539591758627E-9	0.24352034399448394	4.124351865214342E-4	25.23331554854496	-83.1015243587633
1108000	-3512.50412217712	-3429.0131061211987	-83.49101605592134	-3429.0131061211987	41.25695893513478	209.07793542891307	0.7750373412787527	0.0990767001322811	2.3332987385232404	0.5676245613444769	0.0990767001322811	2.3332987385232404	0.5676245613444769	0.24126774215175162	4.287309941761907E-4	9.528542102366597E-9	0.2369673153295487	4.036239149676678E-4	23.3248956367589	-81.50394038887957
1109000	-3491.839833674249	-3429.104702660877	-62.735131013371564	-3429.104702660877	38.138210763286274	177.59864729046825	0.7750373412787527	0.0990767001322811	2.3332987385232404	0.5676245613444769	0.0990767001322811	2.3332987385232404	0.5676245613444769	0.12375825699759796	5.252327295932413E-4	5.490856073661479E-9	0.15022237437156702	4.91262397332304E-4	18.73894776681318	-77.70422509001034
1110000	-3515.366668546031	-3425.432334860611	-89.93433368542023	-3425.432334860611	35.27526017610591	182.36618161107972	0.7750373412787527	0.0990767001322811	2.3332987385232404	0.5676245613444769	0.0990767001322811	2.3332987385232404	0.5676245613444769	0.3221708539005946	5.49804129592309E-4	3.121922121003481E-8	0.3354883841330604	5.660319701835892E-4	16.469641375251122	-81.11003763122288
1111000	-3529.3607054769627	-3426.780597769023	-102.58010770793972	-3426.780597769023	29.546656393304975	164.6179775335922	0.7750373412787527	0.0990767001322811	2.3332987385232404	0.5676245613444769	0.0990767001322811	2.3332987385232404	0.5676245613444769	0.48362824691055584	5.897382883140939E-4	5.71589474398197E-8	0.39383280667499077	6.309829471336214E-4	15.176911824323884	-78.91448711568908
1112000	-3521.428654033493	-3447.696514617139	-73.73213941635373	-3447.696514617139	41.00176869216637	179.67514545385765	0.7750373412787527	0.0990767001322811	2.3332987385232404	0.5676245613444769	0.0990767001322811	2.3332987385232404	0.5676245613444769	0.2193151263835762	4.92980624841212E-4	1.0976852363412866E-8	0.22463281617813988	4.5612133453107166E-4	14.97657934961433	-78.06362287548795
1113000	-3508.696073319887	-3430.8086898720285	-77.8873834478585	-3430.8086898720285	46.82943647545765	193.15654795597987	0.7750373412787527	0.0990767001322811	2.3332987385232404	0.5676245613444769	0.0990767001322811	2.3332987385232404	0.5676245613444769	0.21580478137464512	4.5397108185797966E-4	1.157828884991243E-8	0.22169588918771926	4.7267139884751396E-4	15.164704266299925	-77.42696274999317
1114000	-3508.159191489218	-3433.1885406382885	-74.9706508509295	-3433.1885406382885	53.80962100480733	219.10945571901175	0.7750373412787527	0.0990767001322811	2.3332987385232404	0.5676245613444769	0.0990767001322811	2.3332987385232404	0.5676245613444769	0.20449077236629712	4.494623311730287E-4	8.955280773186434E-9	0.19569105301313736	4.656364123606997E-4	16.298502804968482	-80.7566339516179
1115000	-3513.546919984165	-3436.240572845894	-77.30634713827101	-3436.240572845894	46.31465377968869	180.23834972885348	0.7750373412787527	0.0990767001322811	2.3332987385232404	0.5676245613444769	0.0990767001322811	2.3332987385232404	0.5676245613444769	0.2994522095001507	5.449376605205752E-4	2.519849778226938E-8	0.2669009168791823	6.12398750312319E-4	17.415657114333193	-74.43173238478822
1116000	-3510.574119807814	-3419.2229912625808	-91.3511285452332	-3419.2229912625808	47.24182563569696	205.5172112395765	0.7750373412787527	0.0990767001322811	2.3332987385232404	0.5676245613444769	0.0990767001322811	2.3332987385232404	0.5676245613444769	0.3578716857879517	4.7512259076595804E-4	3.8743101137024666E-8	0.38190830168236006	5.429081286179731E-4	15.10762726803635	-80.7526206191155
1117000	-3522.8349645170165	-3431.5606010436786	-91.27436347333781	-3431.5606010436786	45.50713488830899	217.53738807598882	0.7750373412787527	0.16398291652584238	2.3332987385232404	0.5027183449509156	0.16398291652584238	2.3332987385232404	0.5027183449509156	0.23714005081462075	4.1592248888105044E-4	1.189751185706754E-8	0.276732630154318	3.6513566991604353E-4	19.73818116405449	-82.00140452441381
1118000	-3490.8220580548177	-3424.686495286452	-66.13556276836562	-3424.686495286452	58.10268170428377	279.8051819151837	0.7750373412787527	0.16398291652584238	2.3332987385232404	0.5027183449509156	0.16398291652584238	2.3332987385232404	0.5027183449509156	0.1330906897876073	3.571807197152505E-4	2.1414750837863634E-9	0.12641627613393777	3.772111270542558E-4	18.969797541958503	-89.00159247810483
1119000	-3519.9346525050396	-3424.9087172450472	-95.02593525999234	-3424.9087172450472	51.39042688599393	253.12185393128834	0.7750373412787527	0.16398291652584238	2.3332987385232404	0.5027183449509156	0.16398291652584238	2.3332987385232404	0.5027183449509156	0.29879818916643286	4.0679065884260344E-4	1.7312706303465792E-8	0.29331516432949745	4.4660547043694546E-4	19.97763778868239	-86.84027476152289
1120000	-3513.9958501757237	-3424.8217294529163	-89.17412072280749	-3424.8217294529163	56.5007871771883	235.74976250756743	0.7750373412787527	0.16398291652584238	2.3332987385232404	0.5027183449509156	0.16398291652584238	2.3332987385232404	0.5027183449509156	0.26708407745109036	4.005023137731173E-4	1.6947353954328056E-8	0.29212801770788654	4.4985108483432015E-4	21.087550336046533	-81.60135835131113
1121000	-3535.2001328050287	-3433.020676570878	-102.17945623415072	-3433.020676570878	45.46381866654248	184.83487442504583	0.7750373412787527	0.16398291652584238	2.3332987385232404	0.5027183449509156	0.16398291652584238	2.3332987385232404	0.5027183449509156	0.380753424090322	5.556686271738188E-4	9.39511367515472E-8	0.4787356580325135	5.821951270044089E-4	15.043522656039713	-77.0195028288766
1122000	-3505.3883677706335	-3429.286509873423	-76.10185789721078	-3429.286509873423	37.93736931227534	174.54747418385244	0.7750373412787527	0.16398291652584238	2.3332987385232404	0.5027183449509156	0.16398291652584238	2.3332987385232404	0.5027183449509156	0.28263275505552277	6.049099335596054E-4	1.6701943835430245E-8	0.22702200153093527	6.022894812858141E-4	18.18523095780777	-77.3671798279799
1123000	-3528.4451225301027	-3428.5601037272563	-99.88501880284645	-3428.5601037272563	32.099280289251496	165.209896308368	0.7750373412787527	0.16398291652584238	2.3332987385232404	0.5027183449509156	0.16398291652584238	2.3332987385232404	0.5027183449509156	0.48616435141575426	6.633695895774507E-4	9.186147331466178E-8	0.4834373242890161	6.674497108885173E-4	11.385578142817739	-80.20287009083812
1124000	-3498.6005377592737	-3429.3651414716896	-69.23539628758425	-3429.3651414716896	40.122874389999495	177.95539100900373	0.7750373412787527	0.2457977105593862	2.2514839444896966	0.5027183449509156	0.2457977105593862	2.2514839444896966	0.5027183449509156	0.18951160211329268	5.574756809394692E-4	1.12615838964245E-8	0.1938186620413548	5.491025260845703E-4	16.14030703881706	-76.46897017017706
1125000	-3485.495412880236	-3433.0780570436173	-52.417355836618555	-3433.0780570436173	47.10389118056067	216.4837191182025	0.7750373412787527	0.2457977105593862	2.2514839444896966	0.5027183449509156	0.2457977105593862	2.2514839444896966	0.5027183449509156	0.09931886871962788	4.5603398167534534E-4	2.2127421165592243E-9	0.10692356980376548	4.4623760618694145E-4	18.78870942116601	-81.49701060524602
1126000	-3490.794559157752	-3434.6881091948476	-56.10644996290424	-3434.6881091948476	34.456199516215925	177.05240991476677	0.7750373412787527	0.2457977105593862	2.2514839444896966	0.5027183449509156	0.2457977105593862	2.2514839444896966	0.5027183449509156	0.13036762628820867	4.9464396088611E-4	3.569213880483189E-9	0.12461250431766399	4.709951404771053E-4	18.61667367729401	-77.90901887951657
1127000	-3486.512947786274	-3445.169153502708	-41.34379428356581	-3445.169153502708	37.719001419844844	178.00102255167744	0.7750373412787527	0.2457977105593862	2.2514839444896966	0.5027183449509156	0.2457977105593862	2.2514839444896966	0.5027183449509156	0.08203305133783684	5.666260828927131E-4	2.470639377289408E-9	0.08416299196954655	5.978273408436787E-4	21.655379097344174	-77.33775953335184
1128000	-3511.713818150778	-3431.4511183697136	-80.26269978106433	-3431.4511183697136	46.27071015031078	213.22256989303042	0.7750373412787527	0.2457977105593862	2.4078635718174803	0.34633871762313173	0.2457977105593862	2.4078635718174803	0.34633871762313173	0.19954536689524868	5.909683314454699E-4	1.695069841083509E-8	0.23105640271910707	5.523763450504786E-4	16.232106746765854	-83.3748963683143
1129000	-3510.4079159903813	-3436.72502226557	-73.68289372481138	-3436.72502226557	38.88224580650931	174.30456021593	0.7750373412787527	0.2457977105593862	2.4078635718174803	0.34633871762313173	0.2457977105593862	2.4078635718174803	0.34633871762313173	0.17124742196585208	5.175687900264924E-4	1.0241246712832524E-8	0.20511952162683963	4.756724569302042E-4	14.885821807958669	-78.54993549955054
1130000	-3515.9885036529145	-3436.446944063334	-79.54155958958057	-3436.446944063334	34.225091742106315	160.06821348748457	0.7750373412787527	0.2457977105593862	2.4078635718174803	0.34633871762313173	0.2457977105593862	2.4078635718174803	0.34633871762313173	0.27633292041050245	6.560143310258042E-4	2.7667667357884804E-8	0.27453781539667677	6.15279593580989E-4	17.560939489037093	-75.05130934771806
1131000	-3514.157726544525	-3428.396748954798	-85.76097758972668	-3428.396748954798	39.67757795659382	191.02961939410486	0.7750373412787527	0.2457977105593862	2.4078635718174803	0.34633871762313173	0.2457977105593862	2.4078635718174803	0.34633871762313173	0.2811300723930745	5.17863366929128E-4	1.8624601015238045E-8	0.27035203899405696	4.7854200186262403E-4	13.07185474122688	-82.08798289883181
1132000	-3510.487584082707	-3438.803232113339	-71.68435196936775	-3438.803232113339	55.754599494797816	200.9478499907413	0.7750373412787527	0.09301481380421733	2.4078635718174803	0.4991216143783006	0.09301481380421733	2.4078635718174803	0.4991216143783006	0.2422263396753829	5.339836697120573E-4	1.6502457450231533E-8	0.20209866642660443	6.358350432408716E-4	19.965881061920726	-75.3752745631218
1133000	-3480.205845095934	-3427.2425801772433	-52.963264918690356	-3427.2425801772433	39.47880796312299	187.47232356846226	0.7750373412787527	0.09301481380421733	2.4078635718174803	0.4991216143783006	0.09301481380421733	2.4078635718174803	0.4991216143783006	0.11609901011106484	5.83950442428393E-4	4.223729851842433E-9	0.12067016074506844	5.316911035293401E-4	14.635938267531834	-79.17040282117897
1134000	-3491.981277505444	-3435.30782797358	-56.67344953186369	-3435.30782797358	28.351099968307075	136.24521158847574	0.7750373412787527	0.09301481380421733	2.510589598622875	0.3963955875729059	0.09301481380421733	2.510589598622875	0.3963955875729059	0.17255616526112494	6.843000039330431E-4	1.0884337230736794E-8	0.15839818186067095	6.70278689764869E-4	15.371318810472456	-72.6855817835695
1135000	-3505.6634294073806	-3427.2034558651008	-78.45997354227984	-3427.2034558651008	35.831767498883806	155.53036978677247	0.7750373412787527	0.09301481380421733	2.510589598622875	0.3963955875729059	0.09301481380421733	2.510589598622875	0.3963955875729059	0.2596136645271963	5.987614464447101E-4	3.140670629424101E-8	0.283089868746348	6.934138964562336E-4	13.188637954967083	-75.13861641128543
1136000	-3507.420132351383	-3424.744934356467	-82.67519799491599	-3424.744934356467	31.071820748171717	155.7053678967152	0.7750373412787527	0.09301481380421733	2.6152134858846594	0.29177170031112115	0.09301481380421733	2.6152134858846594	0.29177170031112115	0.3773983831432717	6.885236821252952E-4	4.88157369023243E-8	0.3200931620341939	7.643214557733812E-4	12.800436963146314	-77.07074249322329
1137000	-3499.446713806999	-3430.8651633598593	-68.58155044713973	-3430.8651633598593	34.449283112428475	148.56763277058644	0.7750373412787527	0.09301481380421733	2.6152134858846594	0.29177170031112115	0.09301481380421733	2.6152134858846594	0.29177170031112115	0.20260561561172852	6.475542406227445E-4	2.6704461083092126E-8	0.23584901322197943	7.224017665289459E-4	14.658612958749163	-71.82492924713138
1138000	-3501.0755351641774	-3425.1596292555737	-75.9159059086038	-3425.1596292555737	51.138648352317574	213.1282343406841	0.7750373412787527	0.09301481380421733	2.6152134858846594	0.29177170031112115	0.09301481380421733	2.6152134858846594	0.29177170031112115	0.2490884428693328	5.369311411162538E-4	1.2301701213822652E-8	0.20797488139541023	5.44011705901963E-4	20.27827431665377	-79.13586565516357
1139000	-3513.8081866906123	-3424.2125391189456	-89.59564757166662	-3424.2125391189456	41.24403321321887	179.95611062797465	0.7750373412787527	0.09301481380421733	2.4627680953763287	0.4442170908194517	0.09301481380421733	2.4627680953763287	0.4442170908194517	0.3714838955631847	5.997362996143625E-4	3.452737656710069E-8	0.3033147126189512	5.970495490696347E-4	16.685371485123625	-77.2796346329233
1140000	-3523.796674285387	-3426.102739560233	-97.69393472515372	-3426.102739560233	34.373806497687085	161.7908129619086	0.7750373412787527	0.09301481380421733	2.4627680953763287	0.4442170908194517	0.09301481380421733	2.4627680953763287	0.4442170908194517	0.3477492216056411	5.413742613657461E-4	5.45977937337666E-8	0.4273369751320765	5.576677360706144E-4	16.93745464946305	-75.75850023157204
1141000	-3515.4688220384664	-3423.6272474770612	-91.84157456140518	-3423.6272474770612	28.412298117251368	144.01740252631564	0.7750373412787527	0.09301481380421733	2.4627680953763287	0.4442170908194517	0.09301481380421733	2.4627680953763287	0.4442170908194517	0.4396397298140981	7.349559907323074E-4	7.771030264344761E-8	0.41322050904449514	7.169205305935667E-4	13.405055841682984	-76.12125387101013
1142000	-3540.544457647051	-3439.9437634937026	-100.60069415334834	-3439.9437634937026	37.973447437229986	178.58019108311936	0.7750373412787527	0.09301481380421733	2.4627680953763287	0.4442170908194517	0.09301481380421733	2.4627680953763287	0.4442170908194517	0.4072899160413356	4.4753581190233295E-4	6.063901843797203E-8	0.4549358281219505	5.099936912062962E-4	18.90635008495108	-76.58248234429053
1143000	-3517.3653024669447	-3426.879497580276	-90.4858048866686	-3426.879497580276	36.79447196969359	165.95888638461204	0.7750373412787527	0.09301481380421733	2.4627680953763287	0.4442170908194517	0.09301481380421733	2.4627680953763287	0.4442170908194517	0.35067076078803944	6.168617769850208E-4	3.3945428628399895E-8	0.34100467185118133	5.319385186098424E-4	14.975766870107796	-76.10566700108767
1144000	-3517.0393979072205	-3429.0710874728484	-87.96831043437223	-3429.0710874728484	38.29339169923442	164.16089580540762	0.7750373412787527	0.09301481380421733	2.4627680953763287	0.4442170908194517	0.09301481380421733	2.4627680953763287	0.4442170908194517	0.36265672267215165	6.434143016048465E-4	5.2359698329549156E-8	0.3624161085780403	6.454815510151973E-4	17.258833635724336	-74.39641572343734
1145000	-3500.0960705249504	-3433.4740220518065	-66.62204847314383	-3433.4740220518065	46.8755809996706	201.97070382899022	0.7750373412787527	0.09301481380421733	2.4627680953763287	0.4442170908194517	0.09301481380421733	2.4627680953763287	0.4442170908194517	0.18444703206046023	4.4791243998239396E-4	7.810315888023065E-9	0.18318004763604845	4.881091673018006E-4	15.147964809624266	-79.31261315524503
1146000	-3527.09297418312	-3428.35317856838	-98.73979561474023	-3428.35317856838	48.23447531763823	245.79769154255547	0.7750373412787527	0.09301481380421733	2.4627680953763287	0.4442170908194517	0.09301481380421733	2.4627680953763287	0.4442170908194517	0.35837546024502137	4.1580442005260514E-4	2.292605321506696E-8	0.35721058104846765	4.5534935776385594E-4	21.184475537399603	-86.91828080658448
1147000	-3521.744047290063	-3432.823093992473	-88.92095329759033	-3432.823093992473	45.196626086392655	218.84565198663952	0.7750373412787527	0.09301481380421733	2.6608022739752926	0.24618291222048805	0.09301481380421733	2.6608022739752926	0.24618291222048805	0.22758032783796994	5.286960391829072E-4	1.9373710075743994E-8	0.2542852082355966	5.211757522947995E-4	23.771138220096432	-81.57927553857938
1148000	-3506.2671684860998	-3434.988677467585	-71.27849101851483	-3434.988677467585	50.88110230130653	229.96732376265481	0.7750373412787527	0.09301481380421733	2.6608022739752926	0.24618291222048805	0.09301481380421733	2.6608022739752926	0.24618291222048805	0.16500043955770743	3.77187039858375E-4	4.0633660113747556E-9	0.1724693486800088	3.6542088786845197E-4	20.95585746559203	-83.26606900624176
1149000	-3499.123260675392	-3435.2087608418638	-63.914499833528254	-3435.2087608418638	59.45537089698702	266.5035601218231	0.7750373412787527	0.09301481380421733	2.6608022739752926	0.24618291222048805	0.09301481380421733	2.6608022739752926	0.24618291222048805	0.10322433197513076	3.812870831991632E-4	1.8083102692946378E-9	0.11063987724746135	3.789105837049402E-4	17.674226507028386	-90.92160896087708
1150000	-3478.1434624165304	-3432.5972326675246	-45.54622974900555	-3432.5972326675246	49.73056243955171	208.752352806958	0.7750373412787527	0.09301481380421733	2.6608022739752926	0.24618291222048805	0.09301481380421733	2.6608022739752926	0.24618291222048805	0.08773109808275649	4.437185026197482E-4	1.7848724968686857E-9	0.09310852029166475	4.617047316385663E-4	15.097666727485016	-82.82089572141892
1151000	-3503.277240508399	-3442.8659378985253	-60.41130260987342	-3442.8659378985253	58.72473714571489	227.02895942454637	0.7750373412787527	0.09301481380421733	2.6608022739752926	0.24618291222048805	0.09301481380421733	2.6608022739752926	0.24618291222048805	0.1325023097854231	4.702384124751555E-4	3.984950883068437E-9	0.1415967506274325	4.5725661387608247E-4	17.52753747064205	-80.26919777384576
1152000	-3481.838449995868	-3433.899339041632	-47.93911095423554	-3433.899339041632	65.35740671969471	233.13606056484727	0.7750373412787527	0.09301481380421733	2.6608022739752926	0.24618291222048805	0.09301481380421733	2.6608022739752926	0.24618291222048805	0.11547007685798966	4.509678275417025E-4	1.749596846147597E-9	0.09139525596386047	4.4644036707843784E-4	17.80517864719655	-79.88491409088363
1153000	-3513.2092126284165	-3423.530601328802	-89.67861129961457	-3423.530601328802	48.66256086341197	221.90621982154198	0.7750373412787527	0.09301481380421733	2.6608022739752926	0.24618291222048805	0.09301481380421733	2.6608022739752926	0.24618291222048805	0.3291150400688795	4.4618987438858654E-4	1.6549978745574377E-8	0.2812307923127804	4.7279427339984114E-4	19.907845248774557	-82.12694815843601
1154000	-3524.6368006532684	-3434.7995335482387	-89.83726710502981	-3434.7995335482387	52.69820395084395	249.558613562135	0.7750373412787527	0.09301481380421733	2.6608022739752926	0.24618291222048805	0.09301481380421733	2.6608022739752926	0.24618291222048805	0.24802225089641664	3.758386959807532E-4	8.584130592482271E-9	0.26436070526688943	3.64453255122718E-4	20.568373115277126	-85.59834148096556
1155000	-3510.274544058321	-3426.539608382697	-83.73493567562411	-3426.539608382697	47.67759061042676	212.2990410554909	0.7750373412787527	0.09301481380421733	2.6608022739752926	0.24618291222048805	0.09301481380421733	2.6608022739752926	0.24618291222048805	0.23305302656463414	4.888375545080552E-4	1.5738575531973904E-8	0.2538633704580719	5.118589934873486E-4	19.51259865123322	-81.01330067221603
1156000	-3516.4480758063205	-3427.1420321315313	-89.30604367478904	-3427.1420321315313	41.06624145222746	204.91475587722914	0.7750373412787527	0.09301481380421733	2.6608022739752926	0.24618291222048805	0.09301481380421733	2.6608022739752926	0.24618291222048805	0.32502381881919096	3.787063397480136E-4	1.4430523080037128E-8	0.3209941578353147	3.8470051168130906E-4	20.283584626521808	-81.35094385369433
1157000	-3519.9493777493376	-3436.5049593267954	-83.44441842254221	-3436.5049593267954	35.05150831321196	169.15276183887423	0.7750373412787527	0.09301481380421733	2.6608022739752926	0.24618291222048805	0.09301481380421733	2.6608022739752926	0.24618291222048805	0.30520487498279525	4.958128545411119E-4	1.9161995477818378E-8	0.290159704000884	4.689429367768673E-4	14.278176530957067	-77.0258970178037
1158000	-3510.7312518439435	-3423.472298456225	-87.25895338771839	-3423.472298456225	52.15080943833896	266.9156424369445	0.7750373412787527	0.09301481380421733	2.6608022739752926	0.24618291222048805	0.09301481380421733	2.6608022739752926	0.24618291222048805	0.2549682996920686	3.3564900147540333E-4	5.213417059358558E-9	0.22240750779900614	3.484255674145091E-4	23.326019944473554	-88.597354691364
1159000	-3490.829047162353	-3429.011872268478	-61.81717489387527	-3429.011872268478	51.97136375942129	211.77381069432263	0.7750373412787527	0.09301481380421733	2.6608022739752926	0.24618291222048805	0.09301481380421733	2.6608022739752926	0.24618291222048805	0.1647725306155854	4.499455069928541E-4	5.226553123664501E-9	0.15225245920265346	4.787402829731374E-4	15.088617366274184	-80.30783945478453
1160000	-3517.2271388766408	-3445.2163294636475	-72.01080941299305	-3445.2163294636475	43.96891815691074	196.06501313240992	0.7750373412787527	0.09301481380421733	2.6608022739752926	0.24618291222048805	0.09301481380421733	2.6608022739752926	0.24618291222048805	0.2143329325860656	4.62509422697759E-4	8.927815792343646E-9	0.19911889548888762	4.7583725633784765E-4	14.45950111363365	-82.30029281722527
1161000	-3530.604434179534	-3434.728364161092	-95.87607001844192	-3434.728364161092	29.51146556380661	140.82318154592426	0.7750373412787527	0.09301481380421733	2.6608022739752926	0.24618291222048805	0.09301481380421733	2.6608022739752926	0.24618291222048805	0.4829201113592142	5.242343526914523E-4	5.4688149244654155E-8	0.426972451770763	5.888542849499234E-4	23.634706876165392	-73.55572695286986
1162000	-3531.3264276448353	-3432.01452075313	-99.3119068917054	-3432.01452075313	38.946594967703874	169.62498384779502	0.7750373412787527	0.09301481380421733	2.6608022739752926	0.24618291222048805	0.09301481380421733	2.6608022739752926	0.24618291222048805	0.4898036355413603	6.729674699458585E-4	1.8084230423758701E-7	0.5655412069976022	8.016608275973001E-4	14.881756299878196	-74.52769444561712
1163000	-3537.900779001619	-3426.900133320998	-111.00064568062074	-3426.900133320998	65.53567988182863	240.77537413495298	0.7750373412787527	0.09301481380421733	2.6608022739752926	0.24618291222048805	0.09301481380421733	2.6608022739752926	0.24618291222048805	0.6098307590399804	3.881776302137074E-4	1.0876136864331395E-7	0.6729797397316187	4.942059051737747E-4	15.303051010709547	-80.06741794547402
1164000	-3541.8039766175593	-3432.657324510436	-109.14665210712326	-3432.657324510436	36.01728298977203	178.08891342027007	0.7750373412787527	0.09301481380421733	2.6608022739752926	0.24618291222048805	0.09301481380421733	2.6608022739752926	0.24618291222048805	0.4212789332413955	5.478617735692838E-4	1.4253091596148457E-7	0.6491112024929543	5.567333216831156E-4	25.038173987958125	-78.22031903861851
1165000	-3541.341516856047	-3428.328395508	-113.01312134804652	-3428.328395508	43.64228371159899	180.57435107397345	0.7750373412787527	0.09301481380421733	2.6608022739752926	0.24618291222048805	0.09301481380421733	2.6608022739752926	0.24618291222048805	0.6527379734384487	5.127930995218938E-4	2.2536461942173059E-7	0.8292066041264516	5.661036999049727E-4	10.822857843970734	-79.3168901008452
1166000	-3541.986832855896	-3425.651477680046	-116.33535517585021	-3425.651477680046	36.74166009322813	158.68195531155206	0.7750373412787527	0.09301481380421733	2.5370136585148826	0.36997152768089825	0.09301481380421733	2.5370136585148826	0.36997152768089825	0.6332433375772029	6.79337264117393E-4	1.8761701414675915E-7	0.7050621237922335	5.14016763049938E-4	11.039625753261287	-76.66462540911476
1167000	-3548.597296540497	-3437.8909658183647	-110.7063307221324	-3437.8909658183647	53.38887291286785	244.95075632872107	0.7750373412787527	0.09301481380421733	2.5370136585148826	0.36997152768089825	0.09301481380421733	2.5370136585148826	0.36997152768089825	0.4200944809519214	5.374044855176113E-4	5.835316111619416E-8	0.44746871506243857	4.811252727379619E-4	23.211097854655648	-83.43809454206948
1168000	-3519.4005772437954	-3442.856533519454	-76.5440437243416	-3442.856533519454	52.7029559231848	217.6611339926887	0.7750373412787527	0.09301481380421733	2.5370136585148826	0.36997152768089825	0.09301481380421733	2.5370136585148826	0.36997152768089825	0.21504976384571503	4.134176138661865E-4	7.064788366445908E-9	0.20567716446109996	4.15765505307577E-4	20.660258988348456	-79.443475273406
1169000	-3514.3497855190585	-3432.3949347929342	-81.95485072612416	-3432.3949347929342	39.648499416625164	181.98332986938135	0.7750373412787527	0.09301481380421733	2.5370136585148826	0.36997152768089825	0.09301481380421733	2.5370136585148826	0.36997152768089825	0.30384080569688954	5.622189951285689E-4	2.7733035976784193E-8	0.28154967590841246	6.136110734942799E-4	12.957817477829753	-78.22776265389544
1170000	-3528.008440041336	-3436.737033562865	-91.27140647847122	-3436.737033562865	49.60725441909405	196.44350230914654	0.7750373412787527	0.09301481380421733	2.5370136585148826	0.36997152768089825	0.09301481380421733	2.5370136585148826	0.36997152768089825	0.34456796411529245	4.546502148670861E-4	5.0058508256624474E-8	0.40070256144177185	5.453039009958255E-4	17.95447176797796	-78.33680635302518
1171000	-3498.0619679443334	-3430.604061383933	-67.45790656040009	-3430.604061383933	39.769666926782264	163.6383858664042	0.7750373412787527	0.09301481380421733	2.5370136585148826	0.36997152768089825	0.09301481380421733	2.5370136585148826	0.36997152768089825	0.14835564129009385	7.573895209670074E-4	1.917722912426828E-8	0.18917199463240342	6.956509940653842E-4	14.417404196166208	-74.09121094916725
1172000	-3514.356199745601	-3422.338698267984	-92.0175014776169	-3422.338698267984	25.850438555952113	135.54418935012643	0.7750373412787527	0.09301481380421733	2.5370136585148826	0.36997152768089825	0.09301481380421733	2.5370136585148826	0.36997152768089825	0.406181103360554	7.21673590583444E-4	9.442339300810734E-8	0.43510807934497303	7.100068380936414E-4	13.242027300181501	-72.99004172574243
1173000	-3520.1917780395393	-3427.833388252636	-92.35838978690333	-3427.833388252636	34.362854372633464	169.89351760357843	0.7750373412787527	0.09301481380421733	2.5370136585148826	0.36997152768089825	0.09301481380421733	2.5370136585148826	0.36997152768089825	0.3433187172583705	6.567739085281231E-4	4.581984070726803E-8	0.3787128800811223	5.783643161095133E-4	14.773248295108148	-77.09134138246799
1174000	-3540.914189280295	-3429.196087723465	-111.71810155682994	-3429.196087723465	34.354665827368635	190.7435813105429	0.7750373412787527	0.09301481380421733	2.5370136585148826	0.36997152768089825	0.09301481380421733	2.5370136585148826	0.36997152768089825	0.5115368934074881	4.3629191494537294E-4	3.180166968518529E-8	0.4391590034550919	3.5717216672185356E-4	18.28197406445255	-82.15700509654174
1175000	-3535.904689890495	-3424.376330241054	-111.52835964944093	-3424.376330241054	37.63183327461931	212.32962122858376	0.7750373412787527	0.18703536074050592	2.442993111578594	0.36997152768089825	0.18703536074050592	2.442993111578594	0.36997152768089825	0.5028865287572502	4.883726841813584E-4	4.731052355743993E-8	0.4708145652065831	4.592320199887008E-4	30.756223690169424	-82.86807652985007
1176000	-3512.1599575403643	-3435.183030011162	-76.97692752920227	-3435.183030011162	33.08175325509518	168.61809350572497	0.7750373412787527	0.18703536074050592	2.442993111578594	0.36997152768089825	0.18703536074050592	2.442993111578594	0.36997152768089825	0.2300920983772929	5.948760963113678E-4	1.6263889571585532E-8	0.23720081383000913	5.38104061849984E-4	16.673550135882028	-78.85593967837637
1177000	-3458.966804628074	-3429.4691363442153	-29.497668283858715	-3429.4691363442153	39.724661728954004	168.0201977382831	0.7750373412787527	0.18703536074050592	2.442993111578594	0.36997152768089825	0.18703536074050592	2.442993111578594	0.36997152768089825	0.067216686472853	5.555048603910156E-4	1.609059115139219E-9	0.07113780662791046	5.656328532611537E-4	12.478268070359261	-75.93473604169743
1178000	-3480.409710849426	-3423.6878329826504	-56.72187786677587	-3423.6878329826504	45.3600510321195	189.86415378414182	0.7750373412787527	0.18703536074050592	2.442993111578594	0.36997152768089825	0.18703536074050592	2.442993111578594	0.36997152768089825	0.12279354803367641	5.588458754954814E-4	5.722808172080733E-9	0.13804296796417365	5.41149463759584E-4	15.711739250757129	-78.00536916783295
1179000	-3509.209202796183	-3437.0957739061187	-72.11342889006421	-3437.0957739061187	27.230940344252453	138.0250978486756	0.7750373412787527	0.18703536074050592	2.442993111578594	0.36997152768089825	0.18703536074050592	2.442993111578594	0.36997152768089825	0.2776985361717733	7.158274345651796E-4	2.3484949872950007E-8	0.22115772656043714	6.674527706992324E-4	14.13857429993646	-72.73842630526147
1180000	-3518.0673502755553	-3429.8819180592222	-88.18543221633304	-3429.8819180592222	27.39155832714672	144.37029160805238	0.7750373412787527	0.18703536074050592	2.442993111578594	0.36997152768089825	0.18703536074050592	2.442993111578594	0.36997152768089825	0.3182399775173033	6.61230222206139E-4	5.026546605253925E-8	0.3352592277863076	6.361592448850295E-4	15.674449877263292	-74.25636629174677
1181000	-3515.4525609272864	-3423.5433635623995	-91.90919736488682	-3423.5433635623995	35.56629037172706	187.59946434690005	0.7750373412787527	0.18703536074050592	2.442993111578594	0.36997152768089825	0.18703536074050592	2.442993111578594	0.36997152768089825	0.29672524952417423	5.769997377296944E-4	4.309477930144087E-8	0.3594806893906013	6.361592448850295E-4	13.958345472408716	-82.31766626969677
1182000	-3518.666218807957	-3439.7252783355666	-78.94094047239068	-3439.7252783355666	35.15855096394725	161.13488553254044	0.7750373412787527	0.031754326444842884	2.3847720956573104	0.5834735778978449	0.031754326444842884	2.3847720956573104	0.5834735778978449	0.3078403199504618	7.20937144884076E-4	3.408949084178225E-8	0.2813782114384523	6.68980071953614E-4	14.731344672517878	-75.41718337302176
1183000	-3512.606491016943	-3433.8597228302438	-78.74676818669904	-3433.8597228302438	64.8431986361552	257.6672949050313	0.7750373412787527	0.031754326444842884	2.3847720956573104	0.5834735778978449	0.031754326444842884	2.3847720956573104	0.5834735778978449	0.2345231546108984	4.059110188312274E-4	5.617956262153909E-9	0.19123308712243864	3.898167567830203E-4	17.208918231422913	-83.85067201375665
1184000	-3515.053523329783	-3435.723903968022	-79.32961936176083	-3435.723903968022	38.39766714838271	168.50990132124826	0.7750373412787527	0.031754326444842884	2.3847720956573104	0.5834735778978449	0.031754326444842884	2.3847720956573104	0.5834735778978449	0.2789416348942431	4.991516026039814E-4	1.453497554265398E-8	0.25698013628965893	4.8146299144965593E-4	12.847759191174093	-78.11940268167555
1185000	-3482.3193558343046	-3431.5644541352826	-50.75490169902201	-3431.5644541352826	41.94258062898819	200.50111916119286	0.7750373412787527	0.031754326444842884	2.3847720956573104	0.5834735778978449	0.031754326444842884	2.3847720956573104	0.5834735778978449	0.10414922714339467	4.7023353985459177E-4	2.0950087027183217E-9	0.09748712097435695	4.747240606081649E-4	14.539889145577911	-83.72367050168796
1186000	-3538.2984567569556	-3449.5054470826744	-88.7930096742811	-3449.5054470826744	34.03372734600647	153.1885403776207	0.7750373412787527	0.031754326444842884	2.3847720956573104	0.5834735778978449	0.031754326444842884	2.3847720956573104	0.5834735778978449	0.3636500096064997	6.346052090310558E-4	7.133772764648723E-8	0.40211369285656334	6.863300057320517E-4	18.44682646075479	-74.44652447508264
1187000	-3519.327147152066	-3426.8247078381983	-92.50243931386797	-3426.8247078381983	28.842328889208442	132.49773035014914	0.7750373412787527	0.031754326444842884	2.3847720956573104	0.5834735778978449	0.031754326444842884	2.3847720956573104	0.5834735778978449	0.43184536910665283	7.567959308612347E-4	1.0524232093326562E-7	0.4653434945278412	7.099454240281298E-4	19.87207622841047	-71.49688348612644
1188000	-3533.5346476763193	-3427.3660368169667	-106.16861085935275	-3427.3660368169667	29.7456992567436	154.86100080611553	0.7750373412787527	0.031754326444842884	2.347865870471544	0.6203798030836112	0.031754326444842884	2.347865870471544	0.6203798030836112	0.3832442784091641	6.358804634795803E-4	9.198248884736189E-8	0.5279038556182326	5.16173958985131E-4	13.576883099345133	-77.05820527198773
1189000	-3529.854134279084	-3425.6610877413327	-104.19304653775121	-3425.6610877413327	27.384805527937395	149.76565611244362	0.7750373412787527	0.031754326444842884	2.347865870471544	0.6203798030836112	0.031754326444842884	2.347865870471544	0.6203798030836112	0.5171430872073481	5.818106455601681E-4	5.933284752987201E-8	0.47180941581858254	4.993387141620019E-4	18.370429367858424	-75.98961082018496
1190000	-3546.1059047867548	-3459.5516288319723	-86.5542759547827	-3459.5516288319723	25.662362394482525	137.46585730537268	0.7750373412787527	0.031754326444842884	2.5442822262580873	0.4239634472970677	0.031754326444842884	2.5442822262580873	0.4239634472970677	0.3907990513840831	6.454358943187328E-4	4.896383464581918E-8	0.3441491773004083	6.387391942855457E-4	13.237731849213638	-73.95542095153
1191000	-3534.4076063617617	-3434.261204683707	-100.14640167805484	-3434.261204683707	38.2019774212622	188.4760500377298	0.7750373412787527	0.20733645451617827	2.368700098186752	0.4239634472970677	0.20733645451617827	2.368700098186752	0.4239634472970677	0.5004731373116412	6.002869512160268E-4	6.857904096522546E-8	0.46735129895768956	5.991776917681316E-4	18.68429651765334	-80.04215612880706
1192000	-3517.633091435109	-3419.617832688392	-98.01525874671677	-3419.617832688392	47.39812134263467	218.37829973061997	0.7750373412787527	0.11822218420378157	2.614036966722037	0.2677408490741793	0.11822218420378157	2.614036966722037	0.2677408490741793	0.38198514838664793	4.454427950343135E-4	3.0507863383382104E-8	0.4080431410643599	4.4201796499557976E-4	20.853335215294017	-82.05306160525991
1193000	-3535.7951716740336	-3427.5762866359614	-108.21888503807213	-3427.5762866359614	52.12644859282291	215.86099457743222	0.7750373412787527	0.11822218420378157	2.614036966722037	0.2677408490741793	0.11822218420378157	2.614036966722037	0.2677408490741793	0.598037043125344	3.9173765222951364E-4	2.7417855004566978E-8	0.46902120103281536	3.7122882027947854E-4	15.129879665660296	-80.3902182582994
1194000	-3506.3688777140687	-3427.5129019619085	-78.85597575216002	-3427.5129019619085	47.68192240698695	213.2431785470114	0.7750373412787527	0.11822218420378157	2.614036966722037	0.2677408490741793	0.11822218420378157	2.614036966722037	0.2677408490741793	0.26496105572795964	4.005215256266976E-4	7.3195980303018365E-9	0.21510207586130597	4.198353583110948E-4	21.4079333454985	-79.61762410007648
1195000	-3500.359901386286	-3432.735590656379	-67.62431072990672	-3432.735590656379	44.59297372791925	201.89987119679773	0.7750373412787527	0.11822218420378157	2.614036966722037	0.2677408490741793	0.11822218420378157	2.614036966722037	0.2677408490741793	0.18640014355704154	3.6095575498698985E-4	4.076558247699734E-9	0.1734932842602423	3.565297596495452E-4	16.19335077709373	-80.1154734182726
1196000	-3503.4996576936546	-3425.283668729037	-78.21598896461755	-3425.283668729037	39.73327921992492	194.72064208016812	0.7750373412787527	0.11822218420378157	2.614036966722037	0.2677408490741793	0.11822218420378157	2.614036966722037	0.2677408490741793	0.2676174138064098	5.167453379670909E-4	1.2440279322880283E-8	0.21340104804949783	5.260592903708433E-4	14.310244865035664	-82.41128319150917
1197000	-3532.2545043777277	-3441.2523896675916	-91.00211471013617	-3441.2523896675916	32.804981836037555	145.34934720786896	0.7750373412787527	0.11822218420378157	2.614036966722037	0.2677408490741793	0.11822218420378157	2.614036966722037	0.2677408490741793	0.373322486367574	6.488146145964355E-4	1.0370062102008552E-7	0.4612990905153021	7.260778324878317E-4	14.788082632279293	-72.20117080344089
1198000	-3517.7815305179865	-3434.603650599268	-83.17787991871874	-3434.603650599268	35.9924509086161	155.54011654039002	0.7750373412787527	0.11822218420378157	2.614036966722037	0.2677408490741793	0.11822218420378157	2.614036966722037	0.2677408490741793	0.36877594140351116	6.547568455501488E-4	5.1740047685908206E-8	0.33274683364172436	7.111699446159332E-4	10.643135680114531	-74.40435050398645
1199000	-3520.639865505687	-3421.5070382138147	-99.13282729187213	-3421.5070382138147	28.20385013172728	141.8085370823884	0.7750373412787527	0.11822218420378157	2.614036966722037	0.2677408490741793	0.11822218420378157	2.614036966722037	0.2677408490741793	0.528798782548544	6.756907131125929E-4	9.150092663457162E-8	0.4418895162718627	6.642287136717983E-4	14.252879472417492	-74.89496291168305
1200000	-3512.329575908908	-3423.067505275263	-89.26207063364451	-3423.067505275263	34.67564344203075	153.92571887386705	0.7750373412787527	0.11822218420378157	2.614036966722037	0.2677408490741793	0.11822218420378157	2.614036966722037	0.2677408490741793	0.41922679488177417	7.375348925046493E-4	7.837027168307656E-8	0.36597597923216274	7.859801160163334E-4	15.10921602641271	-73.27024780032319
1201000	-3489.3391067895614	-3432.080045325849	-57.25906146371257	-3432.080045325849	33.745611638952624	164.55514804609584	0.7750373412787527	0.11822218420378157	2.614036966722037	0.2677408490741793	0.11822218420378157	2.614036966722037	0.2677408490741793	0.11628489627913831	8.135443266332841E-4	1.1197776967456472E-8	0.13415553280778755	7.633371758437769E-4	17.021217617623524	-76.30933353201534
1202000	-3516.5351047559866	-3427.075203192404	-89.45990156358258	-3427.075203192404	36.16923895956551	183.24518607484313	0.7750373412787527	0.11822218420378157	2.614036966722037	0.2677408490741793	0.11822218420378157	2.614036966722037	0.2677408490741793	0.29425054390774785	5.565459080503017E-4	3.085757438727988E-8	0.3395245902322628	4.828270236900124E-4	15.180432836754118	-79.44182777919879
1203000	-3507.637943072229	-3433.854581453013	-73.78336161921591	-3433.854581453013	59.12933835787997	240.02186223361343	0.7750373412787527	0.11822218420378157	2.614036966722037	0.2677408490741793	0.11822218420378157	2.614036966722037	0.2677408490741793	0.21620354623548024	3.7015651529796566E-4	5.842494403709814E-9	0.19727743766283118	3.965653187051805E-4	16.589482820845724	-82.5607204516455
1204000	-3510.8807933874687	-3437.315114410643	-73.56567897682552	-3437.315114410643	47.486882693106764	202.32144437085665	0.7750373412787527	0.11822218420378157	2.614036966722037	0.2677408490741793	0.11822218420378157	2.614036966722037	0.2677408490741793	0.1709519167068154	5.49892661293077E-4	1.1896364494728686E-8	0.19782380796720156	5.444079619722768E-4	19.392855444876698	-79.39988422384413
1205000	-3498.088394606632	-3432.9140373974974	-65.17435720913436	-3432.9140373974974	48.62612706656557	193.40296043402128	0.7750373412787527	0.11822218420378157	2.614036966722037	0.2677408490741793	0.11822218420378157	2.614036966722037	0.2677408490741793	0.18015249770162334	5.073173871143522E-4	8.840880224721935E-9	0.1833206584066379	5.025092192377799E-4	14.514237784885294	-77.33045168517869
1206000	-3506.0919795720447	-3430.6839454610117	-75.40803411103293	-3430.6839454610117	58.98742965114566	219.24761096299474	0.7750373412787527	0.11822218420378157	2.614036966722037	0.2677408490741793	0.11822218420378157	2.614036966722037	0.2677408490741793	0.1753583879466455	4.6129995646696745E-4	8.466196651956823E-9	0.18637228854331003	4.7273178733388645E-4	17.228080533869175	-77.86811181403637
1207000	-3487.7423432728774	-3424.2972180584907	-63.445125214386835	-3424.2972180584907	40.18830093448428	174.77885887940585	0.7750373412787527	0.11822218420378157	2.614036966722037	0.2677408490741793	0.11822218420378157	2.614036966722037	0.2677408490741793	0.19529749203807198	5.5231834852567E-4	9.475481905146895E-9	0.1753965698716166	5.894550327648995E-4	15.174127135567268	-77.23138750082998
1208000	-3520.1688735159155	-3427.5773325719674	-92.59154094394799	-3427.5773325719674	44.045269656821326	175.93907054863598	0.7750373412787527	0.11822218420378157	2.614036966722037	0.2677408490741793	0.11822218420378157	2.614036966722037	0.2677408490741793	0.36043506917641843	5.936719259569512E-4	5.487411389827807E-8	0.37158200420177073	5.924682350478129E-4	13.276938387532722	-76.25139507934534
1209000	-3503.818135374369	-3437.938782021947	-65.87935335242165	-3437.938782021947	39.2311329092144	165.89986181515982	0.7750373412787527	0.11822218420378157	2.614036966722037	0.2677408490741793	0.11822218420378157	2.614036966722037	0.2677408490741793	0.1944459182707142	7.149349910848764E-4	1.9158854100214552E-8	0.1936798778839733	7.227058161512885E-4	17.42450873765489	-74.49630371125266
1210000	-3478.6990100762014	-3427.0320263418453	-51.66698373435604	-3427.0320263418453	42.172774652215494	207.12810856366121	0.7750373412787527	0.11822218420378157	2.614036966722037	0.2677408490741793	0.11822218420378157	2.614036966722037	0.2677408490741793	0.12037473943331506	5.833229773427114E-4	3.691076161492045E-9	0.10271607564976351	5.926149751906727E-4	16.295252752484604	-82.91956247584733
1211000	-3507.3471461737367	-3430.838946433495	-76.50819974024174	-3430.838946433495	61.305712938279456	255.97655319673402	0.7750373412787527	0.11822218420378157	2.614036966722037	0.2677408490741793	0.11822218420378157	2.614036966722037	0.2677408490741793	0.18670864553712518	4.606729720266457E-4	7.836851681476185E-9	0.1903757647314108	4.453703358795985E-4	20.85974875559749	-83.68010132340842
1212000	-3480.4548132697832	-3428.091697308028	-52.36311596175532	-3428.091697308028	49.438014337641036	242.3165896124451	0.7750373412787527	0.11822218420378157	2.614036966722037	0.2677408490741793	0.11822218420378157	2.614036966722037	0.2677408490741793	0.11867594732683202	3.617192390949214E-4	1.1545845762185425E-9	0.09165462994675604	3.7112141128539146E-4	18.850400448877163	-85.82755454080667
1213000	-3471.482685236766	-3425.5814130766116	-45.90127216015413	-3425.5814130766116	72.15538845516996	316.30363973186064	0.7750373412787527	0.11822218420378157	2.614036966722037	0.2677408490741793	0.11822218420378157	2.614036966722037	0.2677408490741793	0.06844457014745929	2.7131124293163194E-4	2.9611614335061034E-10	0.0628799363297913	2.7960702721286333E-4	21.469412485828176	-92.87400423534343
1214000	-3529.0104880151516	-3448.98849555267	-80.02199246248186	-3448.98849555267	43.047267288789044	201.41963349870642	0.7750373412787527	0.11822218420378157	2.614036966722037	0.2677408490741793	0.11822218420378157	2.614036966722037	0.2677408490741793	0.29063416079169674	3.6125522268098725E-4	7.541685955217682E-9	0.24606549943760397	3.589990440170873E-4	18.92511352139402	-80.29823209139612
1215000	-3530.034617023668	-3421.380285543478	-108.65433148018998	-3421.380285543478	48.18531755646596	211.7479401930976	0.7750373412787527	0.11822218420378157	2.614036966722037	0.2677408490741793	0.11822218420378157	2.614036966722037	0.2677408490741793	0.4730046810185779	4.5265089730328595E-4	5.9044110794074725E-8	0.5867084563569626	4.06445556369489E-4	18.92511352139402	-80.83896046432368
1216000	-3519.2765542022603	-3424.1526176693274	-95.123936532933	-3424.1526176693274	50.49224538901896	195.79673927821824	0.7750373412787527	0.11822218420378157	2.614036966722037	0.2677408490741793	0.11822218420378157	2.614036966722037	0.2677408490741793	0.30530447958912366	4.572608716087003E-4	3.148730001468412E-8	0.3821686489423516	4.4055355125252095E-4	14.32396813905125	-77.78487757685451
1217000	-3515.119134093802	-3426.460417251905	-88.65871684189754	-3426.460417251905	56.19129980550409	201.28374220656218	0.7750373412787527	0.11822218420378157	2.614036966722037	0.2677408490741793	0.11822218420378157	2.614036966722037	0.2677408490741793	0.34206887544847925	4.247715096456818E-4	2.310368598242887E-8	0.3445645969994995	4.299368419367457E-4	18.13190536967963	-75.66673922666335
1218000	-3496.328858668672	-3439.3996849216674	-56.929173747004995	-3439.3996849216674	47.910675621726185	192.90246053611907	0.7750373412787527	0.11822218420378157	2.614036966722037	0.2677408490741793	0.11822218420378157	2.614036966722037	0.2677408490741793	0.16580592725438717	5.34816320683047E-4	4.727253607086859E-9	0.1318174903551807	5.274286725829464E-4	13.172331571081743	-77.83361882413327
1219000	-3503.6196679333107	-3435.106393171932	-68.51327476137871	-3435.106393171932	59.027411725337025	260.058859529571	0.7750373412787527	0.11822218420378157	2.4869087148367996	0.39486910095941674	0.11822218420378157	2.4869087148367996	0.39486910095941674	0.15162653730370748	4.080121432139749E-4	3.5165893724381645E-9	0.14478488948053955	4.036016180849761E-4	23.558014351114554	-84.66073428512729
1220000	-3508.917590927759	-3429.4706562768997	-79.44693465085949	-3429.4706562768997	50.36830148238856	244.21362249349744	0.7750373412787527	0.11822218420378157	2.4869087148367996	0.39486910095941674	0.11822218420378157	2.4869087148367996	0.39486910095941674	0.205221043708142	4.051185376623054E-4	4.704019608609549E-9	0.17666110444070915	3.662959791375756E-4	18.379306020067478	-85.98834255633565
1221000	-3510.346502469722	-3426.6745832157403	-83.67191925398154	-3426.6745832157403	42.08746889989965	181.85605168700494	0.7750373412787527	0.11822218420378157	2.4869087148367996	0.39486910095941674	0.11822218420378157	2.4869087148367996	0.39486910095941674	0.25695149623253744	4.853569270599935E-4	2.6387348271543233E-8	0.32803605202722935	5.015246089202374E-4	11.72060425735195	-79.48144281757733
1222000	-3506.7877178538765	-3429.6741976232643	-77.11352023061242	-3429.6741976232643	48.43462529596691	217.90065196314967	0.7750373412787527	0.11822218420378157	2.4869087148367996	0.39486910095941674	0.11822218420378157	2.4869087148367996	0.39486910095941674	0.26273318168667414	5.497250192391855E-4	1.5520069928689277E-8	0.22278516856455494	6.034495385569668E-4	16.660390969640986	-82.87904539732912
1223000	-3488.0144599269597	-3425.1481912278646	-62.866268699095066	-3425.1481912278646	46.072884563390566	207.78148025783014	0.7750373412787527	0.11822218420378157	2.4869087148367996	0.39486910095941674	0.11822218420378157	2.4869087148367996	0.39486910095941674	0.1466137179353847	5.003424771852765E-4	4.585726622076679E-9	0.13451060320623148	4.8671794836518495E-4	18.40589102045084	-81.61495475837707
1224000	-3486.5791087964158	-3422.667900460484	-63.91120833593188	-3422.667900460484	50.1274377792434	197.8035170920195	0.7750373412787527	0.11822218420378157	2.4869087148367996	0.39486910095941674	0.11822218420378157	2.4869087148367996	0.39486910095941674	0.16400747398456936	4.953646398077076E-4	7.874866253009596E-9	0.16883007747405449	5.275451751560468E-4	17.600769690393196	-77.08154421374644
1225000	-3484.9938854347224	-3429.7457307394725	-55.24815469524983	-3429.7457307394725	47.34680727425175	195.3975704347537	0.7750373412787527	0.06000440276111725	2.4869087148367996	0.45308688240208106	0.06000440276111725	2.4869087148367996	0.45308688240208106	0.13840302473048882	5.252990203350647E-4	4.6272660117566025E-9	0.1307723043507158	5.336802879175442E-4	19.82612775864426	-77.05738362694349
1226000	-3496.9772148135744	-3431.6828512066436	-65.29436360693093	-3431.6828512066436	42.592258176830036	196.07657402525425	0.7750373412787527	0.06000440276111725	2.4869087148367996	0.45308688240208106	0.06000440276111725	2.4869087148367996	0.45308688240208106	0.14442263923328486	5.137502362123263E-4	6.24408501853751E-9	0.16008591119708607	4.953539140826625E-4	23.513822935041095	-79.4377311569452
1227000	-3491.997361231376	-3432.8119023460804	-59.18545888529562	-3432.8119023460804	43.48802936960996	220.5012487233298	0.7750373412787527	0.06000440276111725	2.4869087148367996	0.45308688240208106	0.06000440276111725	2.4869087148367996	0.45308688240208106	0.1250751211352525	4.82238647071545E-4	2.6657568132331803E-9	0.11107215704802294	4.8015971698328684E-4	25.5073800430373	-83.81988094900869
1228000	-3500.9860032509596	-3426.4669460490836	-74.51905720187592	-3426.4669460490836	46.861491737367636	205.73027438505375	0.7750373412787527	0.06000440276111725	2.4869087148367996	0.45308688240208106	0.06000440276111725	2.4869087148367996	0.45308688240208106	0.23982914788234938	5.31951301138349E-4	1.2192499410640204E-8	0.19880050233843505	5.936264630270711E-4	22.40873216719454	-79.70030800468722
1229000	-3518.631474732104	-3429.9453383569476	-88.68613637515658	-3429.9453383569476	38.62516714432704	159.75414044953632	0.7750373412787527	0.06000440276111725	2.4869087148367996	0.45308688240208106	0.06000440276111725	2.4869087148367996	0.45308688240208106	0.3182944110416547	7.093452261276306E-4	3.671639271049367E-8	0.3072987537725039	5.770207820386815E-4	14.707911851069891	-73.08651368581593
1230000	-3510.6353906059207	-3424.4723283215385	-86.16306228438225	-3424.4723283215385	45.25537284564165	197.84771149943137	0.7750373412787527	0.06000440276111725	2.4869087148367996	0.45308688240208106	0.06000440276111725	2.4869087148367996	0.45308688240208106	0.3054412478110531	4.997073623445209E-4	1.8500085329672185E-8	0.28798035398557287	4.518698565079617E-4	14.683730533351167	-79.23240161748797
1231000	-3509.080255492065	-3432.5722457767997	-76.50800971526544	-3432.5722457767997	36.717536360799905	178.93126242265737	0.7750373412787527	0.06000440276111725	2.5902843700196723	0.3497112272192083	0.06000440276111725	2.5902843700196723	0.3497112272192083	0.2971764771433207	5.566094335841665E-4	1.4131133421444954E-8	0.2190715901481342	5.512829312767355E-4	19.779159835399827	-77.04184884476763
1232000	-3535.0127414132694	-3441.646389886744	-93.36635152652514	-3441.646389886744	33.75491344035474	160.75878660063873	0.7750373412787527	0.06000440276111725	2.5902843700196723	0.3497112272192083	0.06000440276111725	2.5902843700196723	0.3497112272192083	0.36544354018321074	5.588155764979761E-4	2.5530440496463003E-8	0.3270161820350998	4.599873609751995E-4	15.577479204939129	-75.97154784553123
1233000	-3527.717849283512	-3426.2287578726923	-101.48909141081978	-3426.2287578726923	36.224748801463946	161.37590204344954	0.7750373412787527	0.06000440276111725	2.5902843700196723	0.3497112272192083	0.06000440276111725	2.5902843700196723	0.3497112272192083	0.4604401574005921	6.57529769492219E-4	9.25049651498214E-8	0.4463485976924074	6.087394087036909E-4	18.37709284119858	-74.31091500512792
1234000	-3525.58180367649	-3440.525592527068	-85.05621114942203	-3440.525592527068	28.973959213723724	141.90594856942317	0.7750373412787527	0.06000440276111725	2.5902843700196723	0.3497112272192083	0.06000440276111725	2.5902843700196723	0.3497112272192083	0.27284189795640124	6.462650089974372E-4	5.737510657682613E-8	0.36165652663597975	6.370351417502723E-4	10.220433069415725	-76.26491109763073
1235000	-3511.999707457776	-3440.787611610776	-71.21209584700017	-3440.787611610776	39.13047938487832	164.3927585560581	0.7750373412787527	0.06000440276111725	2.5902843700196723	0.3497112272192083	0.06000440276111725	2.5902843700196723	0.3497112272192083	0.24800267016087657	6.8503278699379E-4	2.3815462984921146E-8	0.22830973308868294	7.066896103997318E-4	13.223901588992007	-75.5398977634467
1236000	-3493.515968309381	-3426.21245102269	-67.30351728669125	-3426.21245102269	59.253138840511305	235.94610466996227	0.7750373412787527	0.06000440276111725	2.515193021670111	0.42480257556876927	0.06000440276111725	2.515193021670111	0.42480257556876927	0.1516122814615056	4.409496211965675E-4	5.767584608863363E-9	0.1650026330597075	4.545358084454413E-4	18.04529273057541	-81.63324447947879
1237000	-3500.7118312499424	-3433.0428334834205	-67.6689977665218	-3433.0428334834205	50.141165962742704	197.03498325595692	0.7750373412787527	0.13274991199878788	2.4424475124324405	0.42480257556876927	0.13274991199878788	2.4424475124324405	0.42480257556876927	0.2247865996738757	5.342699199738E-4	1.066914245792633E-8	0.1900186689159692	5.466579397483633E-4	15.605368030112206	-76.7722078380302
1238000	-3488.446564278128	-3430.2732432886432	-58.173320989484566	-3430.2732432886432	41.43490961696233	199.7063068170137	0.7750373412787527	0.13274991199878788	2.4424475124324405	0.42480257556876927	0.13274991199878788	2.4424475124324405	0.42480257556876927	0.15184387590176476	4.7725810316434403E-4	3.3379533675293025E-9	0.12370372176392079	4.79737373194585E-4	14.2182222302374	-83.63333915612719
1239000	-3498.398682059292	-3430.5568711387773	-67.84181092051435	-3430.5568711387773	32.52466796089056	142.2863989147096	0.7750373412787527	0.13274991199878788	2.4424475124324405	0.42480257556876927	0.13274991199878788	2.4424475124324405	0.42480257556876927	0.20693142421525343	6.778701913308991E-4	2.4218945603644057E-8	0.21609295364136277	7.058334927691964E-4	11.34374172799917	-72.88395305137249
1240000	-3511.3852418794236	-3436.0575663399277	-75.32767553949583	-3436.0575663399277	32.848267792169395	138.04780462514753	0.7750373412787527	0.13274991199878788	2.4424475124324405	0.42480257556876927	0.13274991199878788	2.4424475124324405	0.42480257556876927	0.33519585716459516	7.126895485371101E-4	4.146457492890566E-8	0.2954394987442365	6.989077392293582E-4	10.92871938833882	-71.35442723872869
1241000	-3530.4645428906224	-3443.7512382393097	-86.71330465131251	-3443.7512382393097	29.41512771942987	142.6399551868526	0.7750373412787527	0.13274991199878788	2.4424475124324405	0.42480257556876927	0.13274991199878788	2.4424475124324405	0.42480257556876927	0.29231312657051023	5.815120613195374E-4	3.14829908447119E-8	0.3391352468721684	5.119241265011657E-4	13.493902424377474	-73.14434278178436
1242000	-3516.8134183875277	-3436.299393417977	-80.51402496955059	-3436.299393417977	39.8468687873351	184.77195987584878	0.7750373412787527	0.13274991199878788	2.4424475124324405	0.42480257556876927	0.13274991199878788	2.4424475124324405	0.42480257556876927	0.26867971863548784	5.909275030356218E-4	1.6423020758194303E-8	0.24136772399011913	5.387249873570541E-4	12.38634241535074	-81.66933274167567
1243000	-3515.582090115616	-3421.093833528473	-94.48825658714297	-3421.093833528473	52.52394756959341	205.79308675733742	0.7750373412787527	0.13274991199878788	2.4424475124324405	0.42480257556876927	0.13274991199878788	2.4424475124324405	0.42480257556876927	0.3478550100241117	4.8421618323789885E-4	3.359456379684313E-8	0.3479331035185233	4.95309818760642E-4	15.30850738256021	-79.2612446025415
1244000	-3482.5633021788053	-3430.948616522919	-51.61468565588598	-3430.948616522919	44.188448254977544	189.58141334030276	0.7750373412787527	0.13274991199878788	2.4424475124324405	0.42480257556876927	0.13274991199878788	2.4424475124324405	0.42480257556876927	0.10668406894396826	4.911321768454304E-4	2.97305619406421E-9	0.1140680997560049	4.872172088604306E-4	11.96795029635308	-81.70977919070785
1245000	-3494.0708658427984	-3425.374009332711	-68.69685651008733	-3425.374009332711	41.57905556086618	189.79492695867518	0.7750373412787527	0.13274991199878788	2.4424475124324405	0.42480257556876927	0.13274991199878788	2.4424475124324405	0.42480257556876927	0.17490387627733117	4.508262345775006E-4	7.0097482303787245E-9	0.18001472853033268	4.622301577515895E-4	17.512827970680167	-79.71148831250751
1246000	-3505.2274946482603	-3432.768371298613	-72.45912334964694	-3432.768371298613	35.74064386401298	140.79383122179883	0.7750373412787527	0.13274991199878788	2.4424475124324405	0.42480257556876927	0.13274991199878788	2.4424475124324405	0.42480257556876927	0.33999159458809414	7.756296687248107E-4	4.417914292846381E-8	0.3024149988656925	8.096450450378504E-4	12.439914860193912	-69.48472326004752
1247000	-3504.7096001422146	-3436.1241044397566	-68.5854957024579	-3436.1241044397566	33.08553118794764	144.39859575983323	0.7750373412787527	0.13274991199878788	2.4424475124324405	0.42480257556876927	0.13274991199878788	2.4424475124324405	0.42480257556876927	0.28715672053795566	6.752868422270538E-4	1.0122001848099848E-8	0.15481963529833892	6.26983567141721E-4	9.34821321995717	-75.45084803922633
1248000	-3495.916014105936	-3434.2596156410063	-61.65639846492958	-3434.2596156410063	58.9445668961999	228.54998253940823	0.7750373412787527	0.13274991199878788	2.4424475124324405	0.42480257556876927	0.13274991199878788	2.4424475124324405	0.42480257556876927	0.14778485732184476	4.6152978775632677E-4	4.447343318387438E-9	0.14407636100351875	4.7102367795471444E-4	21.63629948681015	-79.67197615881781
1249000	-3478.8708754894387	-3419.5266640584523	-59.344211430986405	-3419.5266640584523	52.70665695600851	259.3779927706702	0.7750373412787527	0.13274991199878788	2.4424475124324405	0.42480257556876927	0.13274991199878788	2.4424475124324405	0.42480257556876927	0.0979649175701439	3.611228278900438E-4	1.545210881382025E-9	0.1054535023051979	3.686305333391434E-4	26.07746689267448	-85.76546837527508
1250000	-3501.887456574407	-3423.940529935491	-77.94692663891622	-3423.940529935491	55.573924852561355	231.6958188958754	0.7750373412787527	0.13274991199878788	2.4424475124324405	0.42480257556876927	0.13274991199878788	2.4424475124324405	0.42480257556876927	0.2043521215410763	4.2587555294160855E-4	7.73248732085168E-9	0.19782502144844097	4.3677166330552603E-4	20.631221435857203	-81.7660220828082
1251000	-3508.6071597913556	-3426.0604269584023	-82.54673283295335	-3426.0604269584023	60.54596024353705	224.075918789617	0.7750373412787527	0.13274991199878788	2.4424475124324405	0.42480257556876927	0.13274991199878788	2.4424475124324405	0.42480257556876927	0.3289376485150878	4.8261049128045015E-4	1.7180377528349543E-8	0.2706400959236753	5.035013637113963E-4	14.654078058709507	-80.09775741402407
1252000	-3496.5273760539653	-3427.9903617708082	-68.53701428315688	-3427.9903617708082	30.074515893258024	170.26961776374057	0.7750373412787527	0.13274991199878788	2.4424475124324405	0.42480257556876927	0.13274991199878788	2.4424475124324405	0.42480257556876927	0.1608936762538623	6.24791861368726E-4	1.2354178562266585E-8	0.1774139055534435	6.281980871225362E-4	15.467925799813841	-80.87136266647065
1253000	-3528.0348033308596	-3422.250009598516	-105.78479373234345	-3422.250009598516	26.23993938348047	132.3794687653564	0.7750373412787527	0.13274991199878788	2.4424475124324405	0.42480257556876927	0.13274991199878788	2.4424475124324405	0.42480257556876927	0.5723584354325701	7.531334597920081E-4	2.1428876161364099E-7	0.5703217457948369	7.543641128995427E-4	13.828681041907139	-72.55865933663617
1254000	-3522.062097795368	-3430.4452958187176	-91.6168019766505	-3430.4452958187176	28.074190004636286	129.75580661765486	0.7750373412787527	0.13274991199878788	2.4424475124324405	0.42480257556876927	0.13274991199878788	2.4424475124324405	0.42480257556876927	0.3864375196036609	8.884548422140422E-4	1.720080556457192E-7	0.5090260980462273	7.682492411369391E-4	13.89847506859282	-70.27435112116638
1255000	-3511.938168174149	-3425.614171587964	-86.3239965861849	-3425.614171587964	23.20623417480614	120.41049462752075	0.7750373412787527	0.13274991199878788	2.4424475124324405	0.42480257556876927	0.13274991199878788	2.4424475124324405	0.42480257556876927	0.3769624144795492	7.277194069294042E-4	7.363850707848898E-8	0.40741589940077344	6.398501996210287E-4	16.826226932386817	-70.36297592411685
1256000	-3521.358823214569	-3430.8471896593314	-90.51163355523755	-3430.8471896593314	24.494932453402985	135.92768863111067	0.7750373412787527	0.13274991199878788	2.4424475124324405	0.42480257556876927	0.13274991199878788	2.4424475124324405	0.42480257556876927	0.4434522882418667	6.513551065107321E-4	6.650605405776839E-8	0.41286082708287053	6.53348685386057E-4	13.866525297088291	-74.38270559262881
1257000	-3523.265781682373	-3439.5930260283053	-83.67275565406777	-3439.5930260283053	28.437388163570027	143.99336224611065	0.7750373412787527	0.13274991199878788	2.4424475124324405	0.42480257556876927	0.13274991199878788	2.4424475124324405	0.42480257556876927	0.33601518776447803	7.392095062143746E-4	6.054756932343677E-8	0.3386349264990897	6.924859599897657E-4	12.901816279195303	-74.74025372177597
1258000	-3509.7375877745744	-3434.768903161986	-74.9686846125885	-3434.768903161986	41.87198657069665	174.16500389627853	0.7750373412787527	0.13274991199878788	2.4424475124324405	0.42480257556876927	0.13274991199878788	2.4424475124324405	0.42480257556876927	0.2203740957357483	7.302205321412473E-4	2.347433153274167E-8	0.2139893148577208	7.262721326340213E-4	10.829312610459036	-79.66901035390708
1259000	-3512.1255694530428	-3435.7926160284264	-76.33295342461628	-3435.7926160284264	49.73236177556821	204.45971901112742	0.7750373412787527	0.13274991199878788	2.4424475124324405	0.42480257556876927	0.13274991199878788	2.4424475124324405	0.42480257556876927	0.2571027777007992	5.674151184518713E-4	1.6394452122179294E-8	0.22978839954375496	5.994586092845154E-4	24.58309526505058	-77.98662402185437
1260000	-3504.400194562195	-3426.4066569902743	-77.99353757192036	-3426.4066569902743	39.36781713496322	190.9713658339723	0.7750373412787527	0.1844045762758079	2.448052338492968	0.3675430852312217	0.1844045762758079	2.448052338492968	0.3675430852312217	0.2294050947047537	4.909367070034862E-4	2.222964160511252E-8	0.2836050644693967	5.107161307262093E-4	18.806983342497762	-79.70727439759031
1261000	-3510.0556039862136	-3427.8434267131406	-82.2121772730728	-3427.8434267131406	50.86312818186492	259.10643706724045	0.7750373412787527	0.1844045762758079	2.448052338492968	0.3675430852312217	0.1844045762758079	2.448052338492968	0.3675430852312217	0.21468033226572564	3.476658349176949E-4	4.611566072243628E-9	0.1984225023440254	3.3512352256606404E-4	23.13296752850967	-87.52060625760389
1262000	-3494.8718492290895	-3435.6352216579025	-59.23662757118702	-3435.6352216579025	51.33222041709435	249.32652538132294	0.7750373412787527	0.1844045762758079	2.448052338492968	0.3675430852312217	0.1844045762758079	2.448052338492968	0.3675430852312217	0.11981560894116003	3.7578339190037514E-4	1.6465678455728795E-9	0.10637818941798972	3.803776825425163E-4	26.083633210184388	-85.9335407673268
1263000	-3529.6492415456332	-3429.8123438189778	-99.83689772665537	-3429.8123438189778	47.965958254686576	203.70679925641286	0.7750373412787527	0.1844045762758079	2.448052338492968	0.3675430852312217	0.1844045762758079	2.448052338492968	0.3675430852312217	0.34767529253490803	4.832618013948092E-4	2.21572474415858E-8	0.35191060328260476	3.9652116974029847E-4	12.643236565895748	-83.00898149715796
1264000	-3525.847292201864	-3424.5858580268055	-101.26143417505844	-3424.5858580268055	38.90571662945917	187.3395688142297	0.7750373412787527	0.1844045762758079	2.448052338492968	0.3675430852312217	0.1844045762758079	2.448052338492968	0.3675430852312217	0.36016254827650995	5.323877964304718E-4	2.6092571144674335E-8	0.33282868181951664	4.130614181872271E-4	18.243690445388538	-78.08186683588292
1265000	-3532.291490648908	-3439.767588272835	-92.52390237607315	-3439.767588272835	43.69303873793789	202.7782377660836	0.7750373412787527	0.1844045762758079	2.448052338492968	0.3675430852312217	0.1844045762758079	2.448052338492968	0.3675430852312217	0.31509176880654327	6.171662956421244E-4	4.6814381700030807E-8	0.3471697041972094	6.005306920335736E-4	16.570056630392024	-80.16966640310832
1266000	-3508.8004677930935	-3427.94159380882	-80.85887398427367	-3427.94159380882	53.24376216949797	222.83373964040106	0.7750373412787527	0.2453332475825386	2.448052338492968	0.30661441392449096	0.2453332475825386	2.448052338492968	0.30661441392449096	0.19328187279551468	4.3455378029177223E-4	1.0990607844650953E-8	0.21988826507815987	4.609628519536471E-4	27.638765692622595	-80.69630624971259
1267000	-3525.1367916614367	-3438.035089739464	-87.10170192197243	-3438.035089739464	42.504496807517576	171.3762308787261	0.7750373412787527	0.2453332475825386	2.448052338492968	0.30661441392449096	0.2453332475825386	2.448052338492968	0.30661441392449096	0.3897516495744183	6.115612762878182E-4	5.025034165450451E-8	0.3580506178093813	6.444736321021268E-4	14.902088874014634	-73.81665952499286
1268000	-3532.72934395709	-3439.4659253667874	-93.2634185903024	-3439.4659253667874	44.38624679645143	187.67292700897966	0.7750373412787527	0.2453332475825386	2.448052338492968	0.30661441392449096	0.2453332475825386	2.448052338492968	0.30661441392449096	0.30624001793296335	6.848727160194271E-4	7.876062046388758E-8	0.3905930715047391	7.490750449718043E-4	19.133513020347987	-77.7396357694423
1269000	-3517.334933870148	-3435.976905305106	-81.35802856504198	-3435.976905305106	50.86680644280872	209.42527058696118	0.7750373412787527	0.2453332475825386	2.448052338492968	0.30661441392449096	0.2453332475825386	2.448052338492968	0.30661441392449096	0.2180115081410823	5.329583487155882E-4	2.0413708071424412E-8	0.250192982524813	5.337474490335572E-4	17.425317525858528	-78.71565377423939
1270000	-3504.7854153434396	-3436.658786238832	-68.12662910460777	-3436.658786238832	56.84509266609448	226.01148468446195	0.7750373412787527	0.2453332475825386	2.448052338492968	0.30661441392449096	0.2453332475825386	2.448052338492968	0.30661441392449096	0.13801144584724295	3.6747270266461007E-4	3.350094420547409E-9	0.1521866082283534	3.676109293046576E-4	15.756482253094093	-83.11474845364118
1271000	-3495.697035737456	-3436.8888056972814	-58.808230040174756	-3436.8888056972814	40.17927105950046	186.21779891938445	0.7750373412787527	0.2453332475825386	2.448052338492968	0.30661441392449096	0.2453332475825386	2.448052338492968	0.30661441392449096	0.13742476107332122	5.748802168777877E-4	5.7081171930894576E-9	0.1302856318849405	5.651276072266518E-4	14.820984598287732	-80.67221744655826
1272000	-3489.2405721752207	-3433.6575591639885	-55.583013011232396	-3433.6575591639885	47.16064494827943	195.44152326312604	0.7750373412787527	0.2453332475825386	2.448052338492968	0.30661441392449096	0.2453332475825386	2.448052338492968	0.30661441392449096	0.15099117189488115	5.681187064166424E-4	6.15248076241615E-9	0.13551977260582543	5.894898665108147E-4	14.650758116830145	-78.5040565823261
1273000	-3489.713003886119	-3431.1262450843506	-58.586758801768696	-3431.1262450843506	38.746869710604535	181.87054085610072	0.7750373412787527	0.2453332475825386	2.345361387159904	0.4093053652575546	0.2453332475825386	2.345361387159904	0.4093053652575546	0.17999021461692744	4.990664051168084E-4	4.467907607885068E-9	0.13379421108514716	5.231939543365588E-4	19.174527341876892	-77.52389231126085
1274000	-3511.289296734875	-3435.0823554938333	-76.20694124104126	-3435.0823554938333	51.077935596739536	231.2110426143529	0.7750373412787527	0.2453332475825386	2.345361387159904	0.4093053652575546	0.2453332475825386	2.345361387159904	0.4093053652575546	0.24914620432960813	3.5349493055473644E-4	3.997576958897531E-9	0.19088958951585175	3.4414544109649333E-4	16.829165973812025	-85.09888166935755
1275000	-3528.571517940588	-3431.9755691189675	-96.59594882162023	-3431.9755691189675	45.13143799055606	247.62752374373076	0.7750373412787527	0.2453332475825386	2.345361387159904	0.4093053652575546	0.2453332475825386	2.345361387159904	0.4093053652575546	0.3091253952575326	3.8679290344074957E-4	1.1483484373217017E-8	0.2633358724484264	4.3043940671614277E-4	32.69018936436201	-85.91397073948303
1276000	-3503.923337547393	-3427.9343761599257	-75.98896138746731	-3427.9343761599257	79.43124624156289	296.9570282060832	0.7750373412787527	0.2453332475825386	2.345361387159904	0.4093053652575546	0.2453332475825386	2.345361387159904	0.4093053652575546	0.21347004274169862	3.3768067586324946E-4	3.868700899487965E-9	0.17737793839447594	3.5476607683592777E-4	22.32180037967283	-84.91478157044413
1277000	-3510.9475263887634	-3428.155287281111	-82.79223910765226	-3428.155287281111	50.11212549175133	236.30674779788293	0.7750373412787527	0.2453332475825386	2.345361387159904	0.4093053652575546	0.2453332475825386	2.345361387159904	0.4093053652575546	0.22007908764650028	3.4133482395804654E-4	6.254080093499279E-9	0.2252995704720258	3.471307730678697E-4	17.316570102712294	-85.62272702889706
1278000	-3516.534722106063	-3428.620764933619	-87.9139571724441	-3428.620764933619	48.93873309565669	230.83628314471147	0.7750373412787527	0.2453332475825386	2.345361387159904	0.4093053652575546	0.2453332475825386	2.345361387159904	0.4093053652575546	0.22511697953789345	4.649079018214033E-4	9.069697868078664E-9	0.21547505908986728	4.0418874082438696E-4	15.912301715097353	-86.90523045667473
1279000	-3499.227962824074	-3426.8766257294296	-72.35133709464446	-3426.8766257294296	42.812433044164734	193.58205964954072	0.7750373412787527	0.2453332475825386	2.345361387159904	0.4093053652575546	0.2453332475825386	2.345361387159904	0.4093053652575546	0.2613360730750243	4.7294295671650567E-4	7.824309176086206E-9	0.19488365870556562	4.965062622569513E-4	18.641104909370693	-78.16449234054343
1280000	-3508.8225541957436	-3428.0077675496345	-80.81478664610918	-3428.0077675496345	47.87234530329055	229.7962294538358	0.7750373412787527	0.2453332475825386	2.345361387159904	0.4093053652575546	0.2453332475825386	2.345361387159904	0.4093053652575546	0.17391519845686262	4.0390140040428397E-4	7.183697434072802E-9	0.20013905256273115	4.134536672452943E-4	17.74466545969879	-86.25376184582007
1281000	-3501.319333597756	-3431.01924436119	-70.30008923656615	-3431.01924436119	53.81930637962517	205.7955454263385	0.7750373412787527	0.2453332475825386	2.345361387159904	0.4093053652575546	0.2453332475825386	2.345361387159904	0.4093053652575546	0.18385716028687837	4.656983102873248E-4	8.052000436246083E-9	0.18392316079412507	4.5870824635527304E-4	12.467487129240743	-79.01315736323316
1282000	-3507.5321363040866	-3421.2003764058845	-86.33175989820201	-3421.2003764058845	36.20232604667636	153.05534786088745	0.7750373412787527	0.04486019919525672	2.545834435547186	0.4093053652575546	0.04486019919525672	2.545834435547186	0.4093053652575546	0.34631552456528	7.278699590202208E-4	5.985123406130979E-8	0.34327424444648685	6.963169018585329E-4	10.260138203406473	-75.55774250657797
1283000	-3517.620998676607	-3422.116441444585	-95.50455723202245	-3422.116441444585	33.52028965562645	166.40219076384963	0.7750373412787527	0.2125861211961332	2.3781085135463096	0.4093053652575546	0.2125861211961332	2.3781085135463096	0.4093053652575546	0.3507586850703997	5.90190930376587E-4	3.047866811152939E-8	0.3282501342657068	4.6769264304811125E-4	13.91092878117659	-78.64081973102638
1284000	-3515.929643876991	-3426.9153074216097	-89.0143364553815	-3426.9153074216097	32.99072790228318	167.34483860001367	0.7750373412787527	0.2125861211961332	2.3781085135463096	0.4093053652575546	0.2125861211961332	2.3781085135463096	0.4093053652575546	0.3484813782818797	5.843334844593699E-4	4.460013001822452E-8	0.3748401220303138	5.69211349325459E-4	14.643862192275229	-78.17945295586917
1285000	-3519.2908229874997	-3432.950693418316	-86.34012956918397	-3432.950693418316	32.8164693491106	162.09148402439692	0.7750373412787527	0.09593635689192571	2.4947582778505173	0.4093053652575546	0.09593635689192571	2.4947582778505173	0.4093053652575546	0.27664530680464905	6.736978362742272E-4	4.570438783068961E-8	0.32844578361331844	6.333206299626174E-4	12.063417903323069	-79.03463095220351
1286000	-3489.9329303369454	-3433.3250827370157	-56.60784759992993	-3433.3250827370157	39.04773667606986	179.4128429084379	0.7750373412787527	0.09593635689192571	2.4947582778505173	0.4093053652575546	0.09593635689192571	2.4947582778505173	0.4093053652575546	0.15896439346106578	4.6821807195742944E-4	3.6241242021601356E-9	0.12308821825178205	4.831705679451102E-4	20.610763171437736	-77.05061995772226
1287000	-3511.017166260129	-3439.702602601668	-71.31456365846138	-3439.702602601668	42.26287444791878	185.04981653775107	0.7750373412787527	0.09593635689192571	2.4947582778505173	0.4093053652575546	0.09593635689192571	2.4947582778505173	0.4093053652575546	0.24824057954482454	4.933126966916306E-4	9.997173233411576E-9	0.22300180500376884	4.5665448914327116E-4	13.312998592977037	-78.14027687792314
1288000	-3507.7762264140238	-3440.407696408298	-67.36853000572572	-3440.407696408298	40.84797997834755	167.13264905273354	0.7750373412787527	0.09593635689192571	2.61874471166488	0.2853189314431922	0.09593635689192571	2.61874471166488	0.2853189314431922	0.174475330106436	6.828084450676469E-4	1.677550271114631E-8	0.18670892349750978	6.67299116839079E-4	15.813678827537926	-74.55235345061602
1289000	-3502.3420262748705	-3426.341510775127	-76.0005154997436	-3426.341510775127	46.269966313209686	178.95523402886482	0.7750373412787527	0.09593635689192571	2.61874471166488	0.2853189314431922	0.09593635689192571	2.61874471166488	0.2853189314431922	0.2651318813741777	4.830757966292729E-4	1.8139767881592203E-8	0.2544404539613692	5.329039218820771E-4	16.595120221554428	-74.1032026838341
1290000	-3509.283859406886	-3426.6265223464075	-82.65733706047894	-3426.6265223464075	56.334572012121626	232.57205327364642	0.7750373412787527	0.09593635689192571	2.4339850252469577	0.47007861786111427	0.09593635689192571	2.4339850252469577	0.47007861786111427	0.25031277445779687	4.0618931570759906E-4	1.0469579695173372E-8	0.24157884224697337	4.293623858389146E-4	13.93011274265566	-84.99689239263621
1291000	-3503.9736571895282	-3423.979287742955	-79.9943694465732	-3423.979287742955	58.18908719539853	236.89821317886071	0.7750373412787527	0.09593635689192571	2.4339850252469577	0.47007861786111427	0.09593635689192571	2.4339850252469577	0.47007861786111427	0.3050621735158227	4.434464822871493E-4	1.231927546762426E-8	0.22475918518427493	5.290550332342042E-4	20.93258847390347	-80.43940028150274
1292000	-3511.9823992406123	-3433.519465767558	-78.46293347305418	-3433.519465767558	47.544294189094465	177.954992291142	0.7750373412787527	0.09593635689192571	2.4339850252469577	0.47007861786111427	0.09593635689192571	2.4339850252469577	0.47007861786111427	0.2872240575336579	5.373730448272942E-4	2.6165998006384296E-8	0.2858725268467527	5.441039789880153E-4	15.7824294686619	-74.07978534200774
1293000	-3516.4814756301753	-3429.1013201650644	-87.38015546511103	-3429.1013201650644	33.239928865554496	164.00702159548865	0.7750373412787527	0.09593635689192571	2.4339850252469577	0.47007861786111427	0.09593635689192571	2.4339850252469577	0.47007861786111427	0.26882783567611385	6.232816760809408E-4	4.463792617553443E-8	0.3350729469051569	6.208232032651175E-4	16.33783992987751	-76.49224823513588
1294000	-3503.534986757774	-3439.764936215823	-63.77005054195063	-3439.764936215823	36.51143074138477	153.79366751832137	0.7750373412787527	0.09593635689192571	2.4339850252469577	0.47007861786111427	0.09593635689192571	2.4339850252469577	0.47007861786111427	0.20909357718753888	6.427683558555209E-4	1.8675783337164583E-8	0.21286648423460586	6.530981915552103E-4	14.364561082664338	-72.84684880303156
1295000	-3495.387128933213	-3431.2654100469404	-64.12171888627238	-3431.2654100469404	41.76232406161479	166.9087483815116	0.7750373412787527	0.09593635689192571	2.4339850252469577	0.47007861786111427	0.09593635689192571	2.4339850252469577	0.47007861786111427	0.25087519368745653	6.728030202018184E-4	1.9392762373743703E-8	0.19843207682822928	7.407710066867621E-4	13.150155645084869	-74.0980153322659
1296000	-3517.301380824619	-3425.9820079404863	-91.31937288413282	-3425.9820079404863	27.628137188453927	126.72577830677176	0.7750373412787527	0.09593635689192571	2.4339850252469577	0.47007861786111427	0.09593635689192571	2.4339850252469577	0.47007861786111427	0.3947913866550802	8.46970442521546E-4	1.220491685717153E-7	0.4360859258429423	7.626827864159154E-4	11.190120260490925	-70.49591039966126
1297000	-3533.808611455043	-3439.5092912337623	-94.2993202212804	-3439.5092912337623	35.913261295597046	146.31610371310742	0.7750373412787527	0.09593635689192571	2.4339850252469577	0.47007861786111427	0.09593635689192571	2.4339850252469577	0.47007861786111427	0.4425002198917352	8.005821215375955E-4	2.064040165665203E-7	0.5317108854217718	8.47224090129101E-4	17.853744551497392	-70.52470410489596
1298000	-3530.8861786714715	-3425.441283674582	-105.44489499688964	-3425.441283674582	37.02853943402006	160.9447145065706	0.7750373412787527	0.09593635689192571	2.5463565194670186	0.35770712364105334	0.09593635689192571	2.5463565194670186	0.35770712364105334	0.4261428733456611	6.485700846948976E-4	1.185619724911854E-7	0.5714576240681475	5.594060668299849E-4	17.762985066156173	-74.64755265852388
1299000	-3525.8499644065646	-3421.51196665447	-104.33799775209461	-3421.51196665447	35.695219321822755	153.18620437294325	0.7750373412787527	0.09593635689192571	2.4182107962826302	0.48585284682544183	0.09593635689192571	2.4182107962826302	0.48585284682544183	0.5731475970262718	6.863267998357546E-4	1.1694305534920923E-7	0.5189945783691134	6.330322444685095E-4	11.595374529369714	-74.60969985893938
1300000	-3530.4903311265243	-3426.6778604949072	-103.81247063161723	-3426.6778604949072	40.39213512761342	174.26300840712526	0.7750373412787527	0.09593635689192571	2.4182107962826302	0.48585284682544183	0.09593635689192571	2.4182107962826302	0.48585284682544183	0.4703491368866325	5.138231513004286E-4	6.760550959964947E-8	0.5001673889137743	4.871433801671997E-4	20.931468727860235	-76.1194043919839
1301000	-3524.5948461533667	-3430.0522794675594	-94.54256668580734	-3430.0522794675594	30.010188809883225	156.29843708675514	0.7750373412787527	0.09593635689192571	2.4182107962826302	0.48585284682544183	0.09593635689192571	2.4182107962826302	0.48585284682544183	0.43435442571188215	6.947764244325729E-4	7.589079303467465E-8	0.3900463975002192	7.386923859809322E-4	20.52270329793787	-76.39923080492125
1302000	-3507.9209307441674	-3433.399350671774	-74.52158007239377	-3433.399350671774	38.62903218031088	177.36009614062553	0.7750373412787527	0.09593635689192571	2.4182107962826302	0.48585284682544183	0.09593635689192571	2.4182107962826302	0.48585284682544183	0.2380821592101514	5.637450366225269E-4	1.6480462269409937E-8	0.2463709707340882	5.250996033824906E-4	18.77560885817158	-77.35567982782449
1303000	-3508.8112195958483	-3420.8465591866425	-87.96466040920605	-3420.8465591866425	62.742025967549054	230.56187134881327	0.7750373412787527	0.09593635689192571	2.4182107962826302	0.48585284682544183	0.09593635689192571	2.4182107962826302	0.48585284682544183	0.30638739618214855	4.282230285488002E-4	3.0581548765118625E-8	0.3522980258480249	4.977042897856099E-4	15.372983376017558	-80.09663583438578
1304000	-3542.467148771728	-3438.5213697042186	-103.94577906750939	-3438.5213697042186	43.93086234940931	195.2164301597123	0.7750373412787527	0.09593635689192571	2.4182107962826302	0.48585284682544183	0.09593635689192571	2.4182107962826302	0.48585284682544183	0.43377816133589875	4.909788752086192E-4	2.962968995938668E-8	0.43559994276307556	3.982495591028474E-4	15.729200283535828	-80.44047047769509
1305000	-3541.7505492973537	-3428.797323491909	-112.95322580544442	-3428.797323491909	39.642296399349576	199.76863986839007	0.7750373412787527	0.09593635689192571	2.4182107962826302	0.48585284682544183	0.09593635689192571	2.4182107962826302	0.48585284682544183	0.39559093936903317	4.8027510549956054E-4	3.803034949856194E-8	0.4776813481450751	3.5274352056013166E-4	16.07972568273549	-81.9244284548226
1306000	-3538.9702998162065	-3429.066894474668	-109.90340534153843	-3429.066894474668	40.21280042919851	189.21883684328668	0.7750373412787527	0.09593635689192571	2.538635373693004	0.36542826941506834	0.09593635689192571	2.538635373693004	0.36542826941506834	0.5024837932484209	5.319218749065574E-4	6.228370912060964E-8	0.49846834132349865	4.523713105181323E-4	15.591527953099549	-80.46677666688558
1307000	-3503.9935471141766	-3431.7464644258175	-72.24708268835893	-3431.7464644258175	43.87096335321989	193.49288635330598	0.7750373412787527	0.09593635689192571	2.538635373693004	0.36542826941506834	0.09593635689192571	2.538635373693004	0.36542826941506834	0.16592693493068175	5.863249732918251E-4	1.3915254333144501E-8	0.19580126817995383	6.310605831442409E-4	16.944649055622836	-79.79966303182412
1308000	-3522.833622550865	-3439.4810123208217	-83.35261023004344	-3439.4810123208217	74.8299792519489	295.5649816196763	0.7750373412787527	0.09593635689192571	2.642692283461248	0.261371359646824	0.09593635689192571	2.642692283461248	0.261371359646824	0.2207834010766479	3.920753383322697E-4	7.181263879102272E-9	0.2108020456530449	4.262639879061555E-4	20.73475443190358	-88.51690234431837
1309000	-3499.872179345776	-3435.632983981397	-64.23919536437936	-3435.632983981397	46.33268267785911	204.47440528257226	0.7750373412787527	0.09593635689192571	2.642692283461248	0.261371359646824	0.09593635689192571	2.642692283461248	0.261371359646824	0.17200858980500833	4.470330370251794E-4	3.008367616061032E-9	0.12709597655052446	4.1343477431080613E-4	14.98552570502818	-83.35056956471225
1310000	-3512.4115413043905	-3428.9544856994835	-83.4570556049069	-3428.9544856994835	34.692905765647126	165.73150557054555	0.7750373412787527	0.09593635689192571	2.642692283461248	0.261371359646824	0.09593635689192571	2.642692283461248	0.261371359646824	0.314541941395018	6.919388601318029E-4	3.96697052678939E-8	0.3029505404155587	6.584060239278676E-4	16.28872355432566	-76.42215933209815
1311000	-3513.933964167982	-3427.198452431443	-86.73551173653921	-3427.198452431443	40.562949036269224	168.86229975255713	0.7750373412787527	0.09593635689192571	2.642692283461248	0.261371359646824	0.09593635689192571	2.642692283461248	0.261371359646824	0.27663521512079764	5.090360104151822E-4	2.2966954573381485E-8	0.31632139816741617	4.993152191615802E-4	17.9293626141861	-73.90493653280969
1312000	-3511.3903765104774	-3423.881738627907	-87.50863788257037	-3423.881738627907	48.935543966666195	226.26018758042002	0.7750373412787527	0.09593635689192571	2.642692283461248	0.261371359646824	0.09593635689192571	2.642692283461248	0.261371359646824	0.27238864607357127	3.910147842097275E-4	1.0469042373433283E-8	0.26461861326614583	4.137761670269323E-4	17.9293626141861	-84.07696120773959
1313000	-3513.739293769711	-3423.7842337385337	-89.95506003117734	-3423.7842337385337	65.72835787021579	281.03781445024026	0.7750373412787527	0.09593635689192571	2.642692283461248	0.261371359646824	0.09593635689192571	2.642692283461248	0.261371359646824	0.27211926047816165	4.0978892121918824E-4	1.0344786644873183E-8	0.22618621826690188	4.385832990721824E-4	21.947600918618267	-87.49320795865768
1314000	-3515.803755120179	-3433.642840082749	-82.16091503743039	-3433.642840082749	41.79858461082815	167.3037178267511	0.7750373412787527	0.09593635689192571	2.642692283461248	0.261371359646824	0.09593635689192571	2.642692283461248	0.261371359646824	0.3311770486382693	6.338383440501962E-4	3.007516766339656E-8	0.26899605097359724	6.412432540481123E-4	9.732051040072975	-78.21577447087306
1315000	-3521.176767018132	-3429.1484493655607	-92.02831765257147	-3429.1484493655607	39.397763052809	185.5967469227475	0.7750373412787527	0.09593635689192571	2.642692283461248	0.261371359646824	0.09593635689192571	2.642692283461248	0.261371359646824	0.38888650878266745	6.41668458704527E-4	1.0101947728738652E-7	0.43055851453388794	8.180491814541035E-4	15.348243429028534	-79.66768956212854
1316000	-3499.293248778772	-3437.124700337502	-62.16854844126998	-3437.124700337502	47.155119965685984	201.96017084916076	0.7750373412787527	0.09593635689192571	2.642692283461248	0.261371359646824	0.09593635689192571	2.642692283461248	0.261371359646824	0.1560340034338084	4.512714278813338E-4	3.756108485264882E-9	0.13969457562760607	4.4573978639822416E-4	10.716271017729364	-83.79766304239769
1317000	-3493.003983688751	-3434.594038450816	-58.40994523793499	-3434.594038450816	65.65047212113191	280.7977894652996	0.7750373412787527	0.09593635689192571	2.642692283461248	0.261371359646824	0.09593635689192571	2.642692283461248	0.261371359646824	0.13259739349349756	3.4641017523971533E-4	1.1443838404071698E-9	0.09696917991171627	3.567354779363048E-4	27.23274948380754	-86.05125861897433
1318000	-3498.427777298359	-3420.602391418371	-77.825385879988	-3420.602391418371	53.10791997431107	204.2630043837137	0.7750373412787527	0.09593635689192571	2.642692283461248	0.261371359646824	0.09593635689192571	2.642692283461248	0.261371359646824	0.28574488585503693	4.824061533600342E-4	1.4828845903366361E-8	0.22762888653431557	5.708315131594416E-4	22.772738147487207	-77.83505873722336
1319000	-3512.6763345047752	-3428.062285816986	-84.6140486877892	-3428.062285816986	58.51751677682486	228.57332056299182	0.7750373412787527	0.09593635689192571	2.642692283461248	0.261371359646824	0.09593635689192571	2.642692283461248	0.261371359646824	0.22440690704191277	4.6610306760882283E-4	1.4963604745087523E-8	0.24994516793386654	4.6507888144556726E-4	15.986673028709747	-81.36333764691139
1320000	-3476.618319586687	-3431.646905993784	-44.97141359290318	-3431.646905993784	59.69052259473859	244.0662782967682	0.7750373412787527	0.09593635689192571	2.642692283461248	0.261371359646824	0.09593635689192571	2.642692283461248	0.261371359646824	0.07124942977195894	4.1490343175340955E-4	1.2418141378484657E-9	0.08184423901545429	4.278062011564128E-4	15.449521137430429	-84.55426615628822
1321000	-3517.776080637676	-3432.8032198310643	-84.97286080661164	-3432.8032198310643	49.012082219497934	216.46870874825302	0.7750373412787527	0.09593635689192571	2.642692283461248	0.261371359646824	0.09593635689192571	2.642692283461248	0.261371359646824	0.27661269744311	5.521150024793611E-4	2.4465502112566165E-8	0.28553483907838345	5.727413510079063E-4	18.26989179268821	-80.93288724243644
1322000	-3487.6243563665826	-3430.6212864573945	-57.00306990918798	-3430.6212864573945	50.79551277452222	221.88361086425013	0.7750373412787527	0.09593635689192571	2.642692283461248	0.261371359646824	0.09593635689192571	2.642692283461248	0.261371359646824	0.13174829481601716	4.314162246671556E-4	3.2379592464419476E-9	0.1267953278224068	4.55349280728083E-4	20.023687524468468	-80.96129314111347
1323000	-3462.5261947255976	-3442.7641575131415	-19.762037212456104	-3442.7641575131415	45.42232468214178	184.0962804039521	0.7750373412787527	0.09593635689192571	2.642692283461248	0.261371359646824	0.09593635689192571	2.642692283461248	0.261371359646824	0.05312268699415267	4.7951790205213914E-4	6.239080808176355E-10	0.050972704261283475	4.8469183845056027E-4	12.768007562168364	-76.9558670902746
1324000	-3495.345710068569	-3428.3786721343868	-66.96703793418247	-3428.3786721343868	41.24679879981534	174.7113711985252	0.7750373412787527	0.09593635689192571	2.642692283461248	0.261371359646824	0.09593635689192571	2.642692283461248	0.261371359646824	0.18000713367771565	6.143641537236614E-4	1.546551215643831E-8	0.1970083542874044	6.322217281886056E-4	19.79574849606849	-75.90456376180983
1325000	-3516.4615241927722	-3428.0122590695173	-88.44926512325507	-3428.0122590695173	41.750407618807735	178.82580825380532	0.7750373412787527	0.09593635689192571	2.642692283461248	0.261371359646824	0.09593635689192571	2.642692283461248	0.261371359646824	0.2981260808503589	6.884733462838984E-4	5.5105597567408576E-8	0.3583950233756919	6.756793786926021E-4	18.34439023081834	-76.03738067290124
1326000	-3523.689014474132	-3427.8032371447043	-95.88577732942753	-3427.8032371447043	62.819883729975146	226.7436833719654	0.7750373412787527	0.09593635689192571	2.642692283461248	0.261371359646824	0.09593635689192571	2.642692283461248	0.261371359646824	0.42566117211109283	4.080105812493019E-4	2.6175438541651363E-8	0.4020181788829353	4.2512160899703264E-4	15.67575223379739	-79.88218955616442
1327000	-3518.0327519087923	-3427.8160863443954	-90.21666556439679	-3427.8160863443954	41.8607342031481	175.4701311837379	0.7750373412787527	0.09593635689192571	2.642692283461248	0.261371359646824	0.09593635689192571	2.642692283461248	0.261371359646824	0.2859395833048416	4.3113001996932936E-4	1.2926243399062537E-8	0.2614505842148266	3.7560280780047793E-4	17.134989868452408	-76.0517010741231
1328000	-3494.914734469068	-3432.8003487943424	-62.11438567472598	-3432.8003487943424	50.1528421579391	211.92796212274024	0.7750373412787527	0.09593635689192571	2.642692283461248	0.261371359646824	0.09593635689192571	2.642692283461248	0.261371359646824	0.17403204313383927	5.418972194558032E-4	6.0716865160289536E-9	0.14285486122732252	5.653129767636178E-4	17.65374363893013	-80.50073092412161
1329000	-3541.229962640863	-3440.060600376752	-101.16936226411083	-3440.060600376752	50.72646474575582	202.9568996548707	0.7750373412787527	0.09593635689192571	2.642692283461248	0.261371359646824	0.09593635689192571	2.642692283461248	0.261371359646824	0.4991993539837001	5.432317935067457E-4	1.1439675996890989E-7	0.5132025447518295	7.497556596349445E-4	16.99290659501948	-78.46135006349948
1330000	-3509.0678297825366	-3433.6383118966814	-75.42951788585503	-3433.6383118966814	48.68917417834867	220.64926410305577	0.7750373412787527	0.09593635689192571	2.642692283461248	0.261371359646824	0.09593635689192571	2.642692283461248	0.261371359646824	0.2011756086236077	3.691584987111471E-4	6.108355130164104E-9	0.21041979536187674	3.7744138093349043E-4	17.578674665350338	-83.7134588695474
1331000	-3515.1022354618426	-3429.7242058273396	-85.37802963450311	-3429.7242058273396	70.99355806356576	240.32834491546387	0.7750373412787527	0.09593635689192571	2.642692283461248	0.261371359646824	0.09593635689192571	2.642692283461248	0.261371359646824	0.2175666222261866	4.3498984862309426E-4	1.887395029885948E-8	0.2749822234864623	5.006533933406182E-4	20.68195938273292	-77.75751126408453
1332000	-3534.2962098210287	-3423.649297523027	-110.64691229800137	-3423.649297523027	64.37030600613087	262.5103330356868	0.7750373412787527	0.09593635689192571	2.642692283461248	0.261371359646824	0.09593635689192571	2.642692283461248	0.261371359646824	0.5428528603516262	3.8660622925686247E-4	2.5392885214578576E-8	0.46921629924310104	3.597208961089808E-4	19.879086337922914	-84.42822535497858
1333000	-3539.644224008931	-3431.648965658739	-107.99525835019186	-3431.648965658739	54.102700335309194	218.8975866848244	0.7750373412787527	0.09593635689192571	2.642692283461248	0.261371359646824	0.09593635689192571	2.642692283461248	0.261371359646824	0.36002401932708467	5.414899989752265E-4	6.827742767095715E-8	0.426013731456264	5.620781204959412E-4	26.41549607592736	-79.01395621390283
1334000	-3504.205514867551	-3434.4965641487424	-69.7089507188082	-3434.4965641487424	36.4278370490548	173.61744439163553	0.7750373412787527	0.09593635689192571	2.642692283461248	0.261371359646824	0.09593635689192571	2.642692283461248	0.261371359646824	0.17562490000770462	4.81086486960962E-4	8.311317496646647E-9	0.19504859162800314	4.5081144277963925E-4	14.100995618904498	-77.3508031197823
1335000	-3517.9683917873886	-3442.0598321747384	-75.90855961265005	-3442.0598321747384	47.78028478036468	189.77650438079837	0.7750373412787527	0.09593635689192571	2.642692283461248	0.261371359646824	0.09593635689192571	2.642692283461248	0.261371359646824	0.2975639502220714	5.579956633226375E-4	1.774379240582351E-8	0.2313267202280509	6.360697258111267E-4	21.99247195842825	-75.53852075015514
1336000	-3525.091775073674	-3437.9559003963823	-87.13587467729162	-3437.9559003963823	61.233759995099405	208.36134930640267	0.7750373412787527	0.09593635689192571	2.466043496535994	0.43802014657207783	0.09593635689192571	2.466043496535994	0.43802014657207783	0.3063945495129882	5.156174332912264E-4	5.428685196869824E-8	0.3996779676784066	5.962795981496086E-4	14.334134096751201	-75.23987791353498
1337000	-3517.3886015277512	-3429.536357331212	-87.85224419653906	-3429.536357331212	46.679510848408896	187.66327048595312	0.7750373412787527	0.09593635689192571	2.466043496535994	0.43802014657207783	0.09593635689192571	2.466043496535994	0.43802014657207783	0.31976724077470686	5.023242284222851E-4	2.2286964831983003E-8	0.29976492861184123	4.838242655028446E-4	16.598654465232745	-76.3030715947926
1338000	-3519.0493868111403	-3439.5920401014614	-79.45734670967882	-3439.5920401014614	33.773453930796556	148.50507870321903	0.7750373412787527	0.09593635689192571	2.466043496535994	0.43802014657207783	0.09593635689192571	2.466043496535994	0.43802014657207783	0.2694213014751895	7.300934998572589E-4	4.587951261213248E-8	0.29752282367376787	7.72539440983693E-4	11.586310948440863	-74.71331653682425
1339000	-3523.8611139423124	-3441.856262194855	-82.00485174745751	-3441.856262194855	35.64755263146358	157.02354419811223	0.7750373412787527	0.09593635689192571	2.6391073962231704	0.2649562468849016	0.09593635689192571	2.6391073962231704	0.2649562468849016	0.2752285379363901	6.942808460088054E-4	4.6158528526105304E-8	0.3009983049797295	7.578525631615524E-4	20.519671165328383	-73.68558239913663
1340000	-3509.4958519807983	-3430.512712787472	-78.9831391933262	-3430.512712787472	37.00684261569525	185.3324761431617	0.7750373412787527	0.09593635689192571	2.6391073962231704	0.2649562468849016	0.09593635689192571	2.6391073962231704	0.2649562468849016	0.18958516834680958	6.869540239756999E-4	2.282551275800007E-8	0.2262514882223609	6.566118441182452E-4	18.88629711573039	-79.79454513545728
1341000	-3522.242066343392	-3430.8106235089513	-91.43144283444046	-3430.8106235089513	56.60091532102761	278.2989355928832	0.7750373412787527	0.09593635689192571	2.6391073962231704	0.2649562468849016	0.09593635689192571	2.6391073962231704	0.2649562468849016	0.2487292499297491	3.9267667841376874E-4	7.082368703755049E-9	0.2248250487455531	3.74095956543019E-4	21.924439018720047	-89.8171683477958
1342000	-3530.233224367433	-3433.955601743505	-96.27762262392808	-3433.955601743505	54.709840553408654	265.0640030030676	0.7750373412787527	0.09593635689192571	2.6391073962231704	0.2649562468849016	0.09593635689192571	2.6391073962231704	0.2649562468849016	0.3325586648666046	3.3584226364796933E-4	9.120624428616946E-9	0.28281440702971433	3.4769093373569315E-4	18.96287827487797	-90.42644481346305
1343000	-3523.7919762537085	-3428.8262935649677	-94.96568268874069	-3428.8262935649677	44.63708484133715	215.69076470144333	0.7750373412787527	0.09593635689192571	2.6391073962231704	0.2649562468849016	0.09593635689192571	2.6391073962231704	0.2649562468849016	0.37000046681160864	5.15209932282321E-4	2.9625770645721353E-8	0.3433000464317934	5.256270296503938E-4	28.10800143097634	-81.18415315354055
1344000	-3524.7344445438694	-3427.029903471723	-97.70454107214596	-3427.029903471723	51.083846696244144	209.56412370831637	0.7750373412787527	0.09593635689192571	2.6391073962231704	0.2649562468849016	0.09593635689192571	2.6391073962231704	0.2649562468849016	0.3408453591831415	5.515180454286473E-4	5.154975202746564E-8	0.39136383382434287	5.847996362302987E-4	16.293183355157595	-80.11967519750603
1345000	-3539.3516133752237	-3428.8944472895846	-110.45716608563919	-3428.8944472895846	38.68994843972628	204.8603494167775	0.7750373412787527	0.09593635689192571	2.6391073962231704	0.2649562468849016	0.09593635689192571	2.6391073962231704	0.2649562468849016	0.5001226080650062	4.98974720403687E-4	6.852106507412456E-8	0.494251887999969	5.009583214807971E-4	20.613743929184643	-82.27259883757783
1346000	-3508.108455469426	-3428.9654271808768	-79.14302828854929	-3428.9654271808768	57.392462695275725	275.758563845767	0.7750373412787527	0.09593635689192571	2.6391073962231704	0.2649562468849016	0.09593635689192571	2.6391073962231704	0.2649562468849016	0.1464101222520834	3.093730616694788E-4	2.4292785213593867E-9	0.1660563511721544	3.0141010215531584E-4	30.162564535438488	-86.55728186750885
1347000	-3517.128371621258	-3427.128630252107	-89.99974136915075	-3427.128630252107	47.34278092861972	189.8281227336837	0.7750373412787527	0.09593635689192571	2.6391073962231704	0.2649562468849016	0.09593635689192571	2.6391073962231704	0.2649562468849016	0.3057647810421316	5.861121870279349E-4	3.2668626348646027E-8	0.30736642937992753	5.376455713898541E-4	13.649459749632456	-78.62203889875343
1348000	-3535.075338266442	-3430.6094761936824	-104.46586207275962	-3430.6094761936824	36.34702715345423	183.17486462421098	0.7750373412787527	0.09593635689192571	2.6391073962231704	0.2649562468849016	0.09593635689192571	2.6391073962231704	0.2649562468849016	0.42969006134389504	5.115424289647062E-4	8.403094571943148E-8	0.5964260217151489	4.5442092239770187E-4	16.59896598284895	-79.62038353691472
1349000	-3524.524358262586	-3418.199661537575	-106.32469672501048	-3418.199661537575	39.82534135469004	192.8152176824263	0.7750373412787527	0.09593635689192571	2.503054321298217	0.40100932180985494	0.09593635689192571	2.503054321298217	0.40100932180985494	0.6169774399414402	5.284437761785284E-4	5.025336542556425E-8	0.41844168095348666	5.657042894582296E-4	13.473596122839021	-83.08478204204359
1350000	-3530.686815486513	-3419.5897651680825	-111.09705031843026	-3419.5897651680825	47.4201964430202	200.15646742672982	0.7750373412787527	0.09593635689192571	2.503054321298217	0.40100932180985494	0.09593635689192571	2.503054321298217	0.40100932180985494	0.49674205340378164	4.735492553092366E-4	7.383987448833109E-8	0.5449493139927604	4.7193361108695725E-4	20.84088164549977	-78.93545029419691
1351000	-3485.797687907318	-3420.984536709785	-64.81315119753279	-3420.984536709785	49.206280928450965	229.19530826574191	0.7750373412787527	0.09593635689192571	2.503054321298217	0.40100932180985494	0.09593635689192571	2.503054321298217	0.40100932180985494	0.12427825179684515	4.5405804843344255E-4	3.2935531499451172E-9	0.12545098970080507	4.4437135825799065E-4	19.049708033985613	-85.08163117322508
1352000	-3499.3458864149316	-3427.990887815582	-71.35499859934932	-3427.990887815582	43.817305504441535	199.5072812970918	0.7750373412787527	0.09593635689192571	2.503054321298217	0.40100932180985494	0.09593635689192571	2.503054321298217	0.40100932180985494	0.1772052229544668	4.498614814136461E-4	7.118584556302286E-9	0.18525298635223705	4.472876849083315E-4	18.409899424997644	-78.94612430990396
1353000	-3517.8151346835352	-3429.721241078556	-88.09389360497936	-3429.721241078556	66.48138202855053	258.5292821382217	0.7750373412787527	0.09593635689192571	2.503054321298217	0.40100932180985494	0.09593635689192571	2.503054321298217	0.40100932180985494	0.2770604912290955	3.704332125532426E-4	1.1354442099179821E-8	0.27551646643327976	3.8391522287435105E-4	21.319864144171977	-82.42711715554937
1354000	-3514.731721558517	-3426.007964750488	-88.723756808029	-3426.007964750488	47.558899870438196	210.11061320265716	0.7750373412787527	0.09593635689192571	2.503054321298217	0.40100932180985494	0.09593635689192571	2.503054321298217	0.40100932180985494	0.28904680696501167	4.4571289351583995E-4	1.7320571623141287E-8	0.3037889778931317	4.333833924958934E-4	14.856410066052081	-81.72282741623252
1355000	-3511.7305138863885	-3426.2361862082807	-85.49432767810798	-3426.2361862082807	48.962750486138695	216.4940696463841	0.7750373412787527	0.09593635689192571	2.503054321298217	0.40100932180985494	0.09593635689192571	2.503054321298217	0.40100932180985494	0.2417970635144123	4.5719822561413466E-4	1.5291366205165315E-8	0.2649972199877022	4.555515932941834E-4	14.000185368917379	-84.87065013417354
1356000	-3513.94417030744	-3429.366776323392	-84.5773939840478	-3429.366776323392	56.34653704433761	234.23184513666126	0.7750373412787527	0.09593635689192571	2.503054321298217	0.40100932180985494	0.09593635689192571	2.503054321298217	0.40100932180985494	0.23578701894161358	4.4332459512076824E-4	1.4268203112543469E-8	0.26576372323734304	4.253485313391783E-4	16.90129549384733	-83.21826195539172
1357000	-3491.9139741833965	-3421.0722247079793	-70.84174947541715	-3421.0722247079793	51.6116762059694	223.97209348117272	0.7750373412787527	0.09593635689192571	2.503054321298217	0.40100932180985494	0.09593635689192571	2.503054321298217	0.40100932180985494	0.1788007173647404	3.9904853004955036E-4	6.068411814878708E-9	0.19239053619948887	4.052535883970114E-4	17.002322166709465	-82.11213797918263
1358000	-3501.585881963283	-3427.441036503866	-74.14484545941716	-3427.441036503866	48.13402938756041	201.42374344204137	0.7750373412787527	0.09593635689192571	2.503054321298217	0.40100932180985494	0.09593635689192571	2.503054321298217	0.40100932180985494	0.2171692821177561	5.039002539158423E-4	1.0315144930775992E-8	0.21188296825928266	4.6226307557848344E-4	13.440627815384078	-79.28538108556934
1359000	-3501.346444692609	-3423.108270701452	-78.23817399115693	-3423.108270701452	37.08380409445838	177.89271329594658	0.7750373412787527	0.09593635689192571	2.503054321298217	0.40100932180985494	0.09593635689192571	2.503054321298217	0.40100932180985494	0.23297563052083717	6.336909578777873E-4	1.674972949240795E-8	0.2217382584028348	5.508825613892272E-4	14.369293985826063	-78.97081586084464
1360000	-3518.9856016526255	-3428.823656164297	-90.16194548832831	-3428.823656164297	46.52013332478532	229.22371909745303	0.7750373412787527	0.09593635689192571	2.503054321298217	0.40100932180985494	0.09593635689192571	2.503054321298217	0.40100932180985494	0.2021193558614239	4.0987287189645004E-4	9.789885604288692E-9	0.24776831475843006	3.812582722406998E-4	16.020313239449784	-87.61284680775327
1361000	-3497.806507232143	-3429.172021083487	-68.6344861486559	-3429.172021083487	40.456845132937104	191.91530723283674	0.7750373412787527	0.09593635689192571	2.503054321298217	0.40100932180985494	0.09593635689192571	2.503054321298217	0.40100932180985494	0.2168161790760279	5.581508094728475E-4	8.144991258192748E-9	0.16233899069031046	5.617231612064574E-4	22.373263055002372	-79.09447475626881
1362000	-3508.4736740244534	-3433.8295301952535	-74.64414382919992	-3433.8295301952535	48.8055295711376	221.81468442144654	0.7750373412787527	0.09593635689192571	2.503054321298217	0.40100932180985494	0.09593635689192571	2.503054321298217	0.40100932180985494	0.2025330048566331	3.806154603638754E-4	4.951319185511295E-9	0.19462709052336558	3.716240389749815E-4	25.150544485169654	-82.01098417791057
1363000	-3505.9631213708053	-3428.4138589269396	-77.54926244386587	-3428.4138589269396	69.06978389646494	293.09649601930454	0.7750373412787527	0.09593635689192571	2.503054321298217	0.40100932180985494	0.09593635689192571	2.503054321298217	0.40100932180985494	0.18283057650206574	3.535390971785496E-4	3.9085628413981175E-9	0.1717420375340772	3.748795660875558E-4	20.068773925305265	-89.52234224292125
1364000	-3497.7852457378813	-3433.9927428623996	-63.7925028754818	-3433.9927428623996	47.11296133720552	212.671868739883	0.7750373412787527	0.15875915416419234	2.503054321298217	0.33818652453758835	0.15875915416419234	2.503054321298217	0.33818652453758835	0.11008026502447718	4.0479187864024833E-4	2.735163684477738E-9	0.13017254609724865	3.899141487116201E-4	21.18371192305544	-80.50216921434175
1365000	-3500.2807665367295	-3435.3502774185667	-64.93048911816291	-3435.3502774185667	42.54424623217629	192.6075305890207	0.7750373412787527	0.15875915416419234	2.503054321298217	0.33818652453758835	0.15875915416419234	2.503054321298217	0.33818652453758835	0.1384286116951051	4.3950112104784614E-4	3.836049098151293E-9	0.13781922556774506	4.2745540909231285E-4	16.423966184398424	-79.91060816170602
1366000	-3507.8212802527432	-3426.6479271387707	-81.1733531139727	-3426.6479271387707	50.617926275390616	220.32918321367237	0.7750373412787527	0.15875915416419234	2.503054321298217	0.33818652453758835	0.15875915416419234	2.503054321298217	0.33818652453758835	0.18476443853667243	3.781358876047927E-4	9.084610007284857E-9	0.23219423134588354	4.2745540909231285E-4	22.782080474377672	-80.23697641350527
1367000	-3496.6780534013333	-3423.8806842723493	-72.7973691289838	-3423.8806842723493	77.64741371241804	301.5956292068586	0.7750373412787527	0.15875915416419234	2.503054321298217	0.33818652453758835	0.15875915416419234	2.503054321298217	0.33818652453758835	0.15763170052132536	3.296089302844595E-4	2.0898788077786947E-9	0.14325353508607888	3.0824975760458917E-4	19.229147574559438	-88.7495959955809
1368000	-3504.3702132926646	-3427.251048716782	-77.11916457588265	-3427.251048716782	69.17789870954923	295.4757212453987	0.7750373412787527	0.15875915416419234	2.503054321298217	0.33818652453758835	0.15875915416419234	2.503054321298217	0.33818652453758835	0.14709650863224388	3.1391484969239266E-4	2.7036177298485158E-9	0.16930358629507156	3.0824975760458917E-4	19.895760082278194	-89.25965541224264
1369000	-3517.2043365411328	-3432.907942168204	-84.29639437292866	-3432.907942168204	49.09189382530455	216.30121104059356	0.7750373412787527	0.15875915416419234	2.503054321298217	0.33818652453758835	0.15875915416419234	2.503054321298217	0.33818652453758835	0.23024756845641767	4.8626309456224976E-4	1.78212405602922E-8	0.26877380668298545	4.864287047257131E-4	14.459413574832908	-84.24403023170032
1370000	-3530.3458877911567	-3431.6244166655356	-98.72147112562102	-3431.6244166655356	61.034559336461825	232.3340971517488	0.7750373412787527	0.15875915416419234	2.503054321298217	0.33818652453758835	0.15875915416419234	2.503054321298217	0.33818652453758835	0.5528359355828076	4.0716500354625793E-4	3.9561558129507134E-8	0.424788492472381	5.474649591906812E-4	16.54136607164874	-80.1965372000324
1371000	-3538.9342457624653	-3438.576947462795	-100.35729829967029	-3438.576947462795	41.619192647835575	171.3966599354459	0.7750373412787527	0.15875915416419234	2.503054321298217	0.33818652453758835	0.15875915416419234	2.503054321298217	0.33818652453758835	0.58130243519471	5.031629432297433E-4	1.0357055116959968E-7	0.5608399261033099	6.197412281268164E-4	19.365112742967337	-74.45624116971966
1372000	-3529.3754756000735	-3429.988005170281	-99.38747042979222	-3429.988005170281	50.99974215653323	227.51665628005634	0.8173488439886607	0.15875915416419234	2.503054321298217	0.33818652453758835	0.15875915416419234	2.503054321298217	0.33818652453758835	0.31761546167247023	3.301556210295233E-4	1.6711836770829557E-8	0.3545054710041518	3.488094243062761E-4	26.039838994506646	-81.14855078303337
1373000	-3514.5982175912823	-3437.956113283492	-76.64210430779036	-3437.956113283492	33.64385640722247	175.40779195932467	0.8173488439886607	0.15875915416419234	2.503054321298217	0.33818652453758835	0.15875915416419234	2.503054321298217	0.33818652453758835	0.22428239363545982	5.095339780519418E-4	1.1236275929632456E-8	0.20924272457838192	5.189478111350651E-4	26.65333945892255	-78.20796114365781
1374000	-3498.0147332206843	-3439.138119045192	-58.876614175492364	-3439.138119045192	33.84640441344596	155.1823303461117	0.8173488439886607	0.15875915416419234	2.503054321298217	0.33818652453758835	0.15875915416419234	2.503054321298217	0.33818652453758835	0.1896991134737135	7.154480148266808E-4	1.345904580518184E-8	0.15558308911106225	7.576282415858082E-4	16.1918499324253	-74.85189228866504
1375000	-3507.7068581136577	-3427.589890017942	-80.11696809571616	-3427.589890017942	38.73528183333553	185.57945840956302	0.8173488439886607	0.15875915416419234	2.503054321298217	0.33818652453758835	0.15875915416419234	2.503054321298217	0.33818652453758835	0.20753698603250192	5.028029572110424E-4	9.67353586718038E-9	0.21395496929905766	4.4346889684651034E-4	12.365288834733276	-82.71099826665815
1376000	-3502.0798087036223	-3427.5937835911473	-74.48602511247525	-3427.5937835911473	54.99405732610108	247.27318374132696	0.8173488439886607	0.15875915416419234	2.503054321298217	0.33818652453758835	0.15875915416419234	2.503054321298217	0.33818652453758835	0.2044391109613076	4.1215595855038765E-4	3.883686086525985E-9	0.15889630368706734	3.7146485519196917E-4	19.005568265209437	-83.62269258307424
1377000	-3522.02141675798	-3426.537418588657	-95.48399816932304	-3426.537418588657	45.13806119600889	227.67171051822078	0.6745148145260484	0.15875915416419234	2.503054321298217	0.33818652453758835	0.15875915416419234	2.503054321298217	0.33818652453758835	0.3115471087720253	4.1320032234075117E-4	1.6034043425587473E-8	0.3160300326718686	3.8553156927264085E-4	15.187202663065678	-85.81181709733809
1378000	-3510.393329618198	-3438.046146722928	-72.3471828952704	-3438.046146722928	38.92832949262279	185.9409123575274	0.6745148145260484	0.03667365338773619	2.503054321298217	0.4602720253140445	0.03667365338773619	2.503054321298217	0.4602720253140445	0.20876971085871915	6.167234574201996E-4	1.6711051233453606E-8	0.2024354607095086	6.716407432481208E-4	18.05494523371598	-79.19582134777667
1379000	-3535.376892012187	-3436.5394269752046	-98.83746503698237	-3436.5394269752046	36.99631996850253	169.26101899077594	0.6745148145260484	0.03667365338773619	2.503054321298217	0.4602720253140445	0.03667365338773619	2.503054321298217	0.4602720253140445	0.2745512089001053	5.665702102211762E-4	4.778892370792204E-8	0.38460527716084886	5.406579268165856E-4	12.73571689168645	-77.70336194223023
1380000	-3521.7350516034185	-3432.7222147417615	-89.01283686165696	-3432.7222147417615	32.80684562558182	150.33294800488594	0.6745148145260484	0.03667365338773619	2.503054321298217	0.4602720253140445	0.03667365338773619	2.503054321298217	0.4602720253140445	0.3960376381635387	5.675624288878902E-4	4.1103965913095046E-8	0.37678455976295333	5.411738609587454E-4	10.836042899840667	-76.54836027605927
1381000	-3514.509947107267	-3431.0851732707565	-83.42477383651054	-3431.0851732707565	35.550758224491744	163.70774231321883	0.6745148145260484	0.20653479470262615	2.503054321298217	0.2904108839991545	0.20653479470262615	2.503054321298217	0.2904108839991545	0.3032772913599432	5.642515212603976E-4	3.3668792897995904E-8	0.3337895375974695	5.859314867205193E-4	14.744794802204394	-75.17818102691108
1382000	-3521.935053992155	-3441.2984146800904	-80.63663931206476	-3441.2984146800904	44.89100038427877	187.04733649705065	0.6745148145260484	0.20653479470262615	2.503054321298217	0.2904108839991545	0.20653479470262615	2.503054321298217	0.2904108839991545	0.23485705931449657	4.3775357514524055E-4	1.4514554870915632E-8	0.2886590559640044	4.215713167167499E-4	14.98228998838858	-77.62628095434592
1383000	-3538.3204023680664	-3433.1606676618994	-105.1597347061672	-3433.1606676618994	60.45600459107178	237.3890878031113	0.7773593619117549	0.20653479470262615	2.503054321298217	0.2904108839991545	0.20653479470262615	2.503054321298217	0.2904108839991545	0.4098934732756584	3.7468051624037907E-4	3.1363517498851727E-8	0.427655545505583	4.177023895045544E-4	26.36873212629878	-81.51143181852466
1384000	-3513.340950829584	-3426.6808403015434	-86.66011052804046	-3426.6808403015434	48.4867118322152	196.18831215839006	0.7773593619117549	0.20653479470262615	2.503054321298217	0.2904108839991545	0.20653479470262615	2.503054321298217	0.2904108839991545	0.3588352987656833	4.919940421736539E-4	3.615711376233875E-8	0.35553130648209574	5.641275055979852E-4	17.587233229954418	-76.2761137567171
1385000	-3507.3352921878795	-3424.554086543212	-82.78120564466751	-3424.554086543212	56.032513568922326	267.031890547218	0.7773593619117549	0.08094194227332233	2.503054321298217	0.41600373642845834	0.08094194227332233	2.503054321298217	0.41600373642845834	0.257646934668572	3.355593675500589E-4	4.0508481167485724E-9	0.1888739662292479	3.3996710090264956E-4	26.012617148085724	-85.52694104889285
1386000	-3499.086232601333	-3425.4736618028437	-73.61257079848933	-3425.4736618028437	46.00106697078652	220.0748223620602	0.7773593619117549	0.08094194227332233	2.503054321298217	0.41600373642845834	0.08094194227332233	2.503054321298217	0.41600373642845834	0.1828314302493116	4.581732739148427E-4	8.076759810576291E-9	0.18581995935701925	5.228246652845489E-4	18.532914136475476	-83.41545785437371
1387000	-3501.610966948019	-3427.1788451254693	-74.43212182254935	-3427.1788451254693	54.18133902628697	228.69257654433883	0.7773593619117549	0.08094194227332233	2.503054321298217	0.41600373642845834	0.08094194227332233	2.503054321298217	0.41600373642845834	0.2380244769967683	4.096252816843018E-4	5.941750187600165E-9	0.19351582362316194	4.065472662733823E-4	18.154313046040276	-81.86271020710471
1388000	-3541.085627948552	-3444.6123642230723	-96.47326372547963	-3444.6123642230723	29.15002592904994	141.26195449523783	0.7773593619117549	0.08094194227332233	2.328343189049052	0.5907148686776236	0.08094194227332233	2.328343189049052	0.5907148686776236	0.4266053058835896	7.429975322744872E-4	1.5134448400745843E-7	0.46666477697507225	7.792463800866774E-4	9.932497034628545	-75.6314462545289
1389000	-3527.3505473829605	-3429.905952550469	-97.44459483249153	-3429.905952550469	40.38177801181097	160.25122948144465	0.7773593619117549	0.08094194227332233	2.328343189049052	0.5907148686776236	0.08094194227332233	2.328343189049052	0.5907148686776236	0.5020081831669517	5.929388912332047E-4	6.410597021658598E-8	0.4352286477460507	5.564608016387472E-4	9.915672322605396	-75.41748981892178
1390000	-3520.078613651124	-3427.6315962650883	-92.44701738603582	-3427.6315962650883	46.04296899301797	202.55713581613688	0.7773593619117549	0.08094194227332233	2.460586666662154	0.4584713910645215	0.08094194227332233	2.460586666662154	0.4584713910645215	0.32336659820683755	5.270926966676254E-4	3.388932916422998E-8	0.36288648786632566	4.967506306216759E-4	15.964045396507682	-81.76278692015924
1391000	-3518.787338858494	-3422.1521269089	-96.63521194959414	-3422.1521269089	34.893070721594846	164.7274988939565	0.7773593619117549	0.08094194227332233	2.460586666662154	0.4584713910645215	0.08094194227332233	2.460586666662154	0.4584713910645215	0.41277736316177693	5.945481261494418E-4	7.719360119399687E-8	0.519698817966886	5.430489356174921E-4	11.557063968161188	-78.18162573560012
1392000	-3540.867427968239	-3428.852873970501	-112.01455399773802	-3428.852873970501	23.645745303221116	118.03559041108473	0.7773593619117549	0.08094194227332233	2.460586666662154	0.4584713910645215	0.08094194227332233	2.460586666662154	0.4584713910645215	0.5822728492537546	0.001018452751199738	5.968043269234812E-7	0.8073389191824132	8.04278447775646E-4	13.544774097512386	-70.2776449978238
1393000	-3535.254387955574	-3426.7039345372127	-108.55045341836156	-3426.7039345372127	25.59718783881043	120.91823214381017	0.7773593619117549	0.1537892555298025	2.537701423393832	0.3085093210763632	0.1537892555298025	2.537701423393832	0.3085093210763632	0.5773360295162988	7.346350982584276E-4	1.7085490206571988E-7	0.6200730892617788	5.929637910213395E-4	8.772712782245454	-73.34191512337169
1394000	-3530.302482183129	-3426.9512766656408	-103.3512055174884	-3426.9512766656408	25.423376069843098	118.46525336013386	0.7773593619117549	0.1537892555298025	2.537701423393832	0.3085093210763632	0.1537892555298025	2.537701423393832	0.3085093210763632	0.5695085548708855	9.249722504476367E-4	4.0908068384237135E-7	0.868540581736325	6.646068521329975E-4	10.449216774145729	-69.32026409305925
1395000	-3534.994975704328	-3424.8079889972782	-110.18698670704983	-3424.8079889972782	23.17916324864259	105.70496599128683	0.7773593619117549	0.1537892555298025	2.537701423393832	0.3085093210763632	0.1537892555298025	2.537701423393832	0.3085093210763632	0.5598108126180998	0.001046822551929011	5.827547862514263E-7	0.8111851176437176	7.314478358720535E-4	9.976769761339797	-65.53908372334416
1396000	-3538.9097113371963	-3430.7650730250366	-108.14463831215981	-3430.7650730250366	33.296334000521	142.902124480643	0.7773593619117549	0.1537892555298025	2.537701423393832	0.3085093210763632	0.1537892555298025	2.537701423393832	0.3085093210763632	0.710351910034403	6.376418904966196E-4	1.9956080748551525E-7	0.6195241474356724	7.786933793190514E-4	9.400972248727665	-73.01578572090344
1397000	-3521.8531616174946	-3429.5491589183493	-92.30400269914544	-3429.5491589183493	25.373388166431443	134.4104596916503	0.7773593619117549	0.1537892555298025	2.447079838099415	0.3991309063707804	0.1537892555298025	2.447079838099415	0.3991309063707804	0.4262033180465846	7.245084653102709E-4	1.1708792703275792E-7	0.4616779760630637	8.044683580586131E-4	13.25845332419114	-73.48378712471117
1398000	-3522.138352297176	-3442.5061327473663	-79.63221954980959	-3442.5061327473663	24.22386442079092	122.50151515412767	0.7773593619117549	0.1537892555298025	2.447079838099415	0.3991309063707804	0.1537892555298025	2.447079838099415	0.3991309063707804	0.3277297107855459	8.288114924155567E-4	7.743120538322356E-8	0.3376539134676171	9.213509487503303E-4	11.888243558221205	-70.19838304680347
1399000	-3522.578043977232	-3436.1234428369094	-86.45460114032268	-3436.1234428369094	22.38129168785975	120.24130224373344	0.7773593619117549	0.1537892555298025	2.447079838099415	0.3991309063707804	0.1537892555298025	2.447079838099415	0.3991309063707804	0.4263232856384522	7.615075010456687E-4	8.788618007167626E-8	0.35768429764465354	8.274270143590162E-4	11.49078186474019	-72.31454863775915
1400000	-3523.356089140313	-3429.038146414453	-94.31794272586	-3429.038146414453	26.533504814936535	129.42129383146593	0.7773593619117549	0.1537892555298025	2.447079838099415	0.3991309063707804	0.1537892555298025	2.447079838099415	0.3991309063707804	0.4995991288618944	8.71561129493527E-4	2.448119349218153E-7	0.6118151824286222	8.875174044991993E-4	15.711745053789185	-70.52936045174724
1401000	-3530.8808710323765	-3421.4217727843397	-109.45909824803657	-3421.4217727843397	25.30231946577753	140.6409036023154	0.7773593619117549	0.1537892555298025	2.447079838099415	0.3991309063707804	0.1537892555298025	2.447079838099415	0.3991309063707804	0.6064962169494433	7.972685965702988E-4	1.8338281347739924E-7	0.565495547804235	7.302219516527302E-4	13.799210461749967	-75.37154113216253
1402000	-3518.027598996225	-3426.908524964107	-91.11907403211823	-3426.908524964107	29.805012004174685	148.37764724897582	0.7773593619117549	0.1537892555298025	2.447079838099415	0.3991309063707804	0.1537892555298025	2.447079838099415	0.3991309063707804	0.4646468703088051	5.659603259349649E-4	5.257596668983296E-8	0.4172230132009588	5.733185554414968E-4	13.121884167164415	-75.05008807065614
1403000	-3522.8911806358565	-3420.5510297999685	-102.34015083588781	-3420.5510297999685	31.157502239300698	157.05309067764347	0.6953100715012587	0.1537892555298025	2.447079838099415	0.3991309063707804	0.1537892555298025	2.447079838099415	0.3991309063707804	0.5475886444293745	6.289460068563988E-4	1.00109236891447E-7	0.5770899041599051	5.804038985492805E-4	11.715398067623706	-78.07189814635966
1404000	-3538.1205011669044	-3428.6393589404174	-109.4811422264869	-3428.6393589404174	28.737927802345336	152.8731510295808	0.6953100715012587	0.053157700033496444	2.5477113935957214	0.3991309063707804	0.053157700033496444	2.5477113935957214	0.3991309063707804	0.5342243508033195	7.639020337412471E-4	1.5064449771921455E-7	0.5690892512936698	6.204026777032603E-4	12.83817691301885	-77.52638510288594
1405000	-3537.0390881121575	-3427.630259615958	-109.4088284961995	-3427.630259615958	30.648721229709917	162.1502373262419	0.6953100715012587	0.053157700033496444	2.5477113935957214	0.3991309063707804	0.053157700033496444	2.5477113935957214	0.3991309063707804	0.5663075154743968	5.390350155995659E-4	1.0678877595384627E-7	0.5957838504448878	5.201891548213593E-4	19.357432204398716	-75.81569474091735
1406000	-3523.507262289924	-3424.0475518932494	-99.45971039667427	-3424.0475518932494	27.743100661652615	134.38318775003287	0.6953100715012587	0.053157700033496444	2.5477113935957214	0.3991309063707804	0.053157700033496444	2.5477113935957214	0.3991309063707804	0.48595048944782926	8.021639835984409E-4	1.7312775979693898E-7	0.5064793441400222	7.4327193798076E-4	12.917153476594	-73.41525563339884
1407000	-3514.7136092752107	-3430.1732588180453	-84.54035045716554	-3430.1732588180453	22.58850922769863	107.5660123758168	0.6953100715012587	0.053157700033496444	2.5477113935957214	0.3991309063707804	0.053157700033496444	2.5477113935957214	0.3991309063707804	0.5148039263827032	8.124489977480837E-4	2.03934336922934E-7	0.5885968820448503	8.363221538385243E-4	11.623513527941055	-67.05235265631408
1408000	-3525.1467271154206	-3439.377538366147	-85.76918874927388	-3439.377538366147	28.874979421798557	119.68443611279886	0.6953100715012587	0.053157700033496444	2.5477113935957214	0.3991309063707804	0.053157700033496444	2.5477113935957214	0.3991309063707804	0.45913178472542865	8.555114722274575E-4	1.7950411230440114E-7	0.5655164537230519	8.379527687625076E-4	7.591567164695865	-70.04582659282477
1409000	-3517.843498012375	-3419.271418214241	-98.57207979813421	-3419.271418214241	25.94215379920413	116.44182261495985	0.6953100715012587	0.053157700033496444	2.5477113935957214	0.3991309063707804	0.053157700033496444	2.5477113935957214	0.3991309063707804	0.5108374727819932	8.119279225199026E-4	3.034465317937004E-7	0.7310825633720053	7.122546832165948E-4	12.302021383034756	-67.893682315217
1410000	-3528.3212458056455	-3427.98882375696	-100.33242204868579	-3427.98882375696	21.74641242152931	109.10878087474626	0.8167330387388366	0.053157700033496444	2.5477113935957214	0.3991309063707804	0.053157700033496444	2.5477113935957214	0.3991309063707804	0.4991030754515877	0.0010843469652847193	3.8602433275524894E-7	0.6600226470824205	8.42884525149905E-4	11.97440804590862	-68.41310755211198
1411000	-3523.424905586415	-3425.1483160399193	-98.27658954649584	-3425.1483160399193	27.278322348717776	127.7689746994362	0.8167330387388366	0.12079429343797284	2.5477113935957214	0.33149431296630405	0.12079429343797284	2.5477113935957214	0.33149431296630405	0.41329156244135085	8.13531610000799E-4	2.062125299587932E-7	0.6065401863038298	7.015673232244661E-4	16.50092466782363	-70.03359707229235
1412000	-3509.111638119265	-3428.1255679064157	-80.98607021284936	-3428.1255679064157	29.247485919288362	145.19205569956185	0.8167330387388366	0.12079429343797284	2.5477113935957214	0.33149431296630405	0.12079429343797284	2.5477113935957214	0.33149431296630405	0.27864086583687997	7.527797111726067E-4	4.7905232068829056E-8	0.31304399236787944	6.821651214363881E-4	13.999805622656009	-73.67837087781514
1413000	-3524.442449816872	-3424.2111546616834	-100.23129515518842	-3424.2111546616834	22.624623264418826	120.48814939887544	0.8167330387388366	0.12079429343797284	2.5477113935957214	0.33149431296630405	0.12079429343797284	2.5477113935957214	0.33149431296630405	0.5176617454079449	8.99970043267944E-4	1.7896428627801974E-7	0.5015408207355956	8.544934576398057E-4	11.87037670092947	-71.93285332848899
1414000	-3532.917314560446	-3430.6442569017768	-102.27305765866903	-3430.6442569017768	30.038318563931465	163.18651277861974	0.8167330387388366	0.12079429343797284	2.5477113935957214	0.33149431296630405	0.12079429343797284	2.5477113935957214	0.33149431296630405	0.5132887798565021	6.995570340578115E-4	8.200967019488563E-8	0.48090115476953393	6.420717128522099E-4	11.367148387545816	-81.46090321284413
1415000	-3545.278862065596	-3429.947921848318	-115.3309402172779	-3429.947921848318	31.049925904551056	162.71881928197314	0.8167330387388366	0.12079429343797284	2.5477113935957214	0.33149431296630405	0.12079429343797284	2.5477113935957214	0.33149431296630405	0.691472003924998	6.28602164139362E-4	1.0663742784602093E-7	0.5276503069443232	5.857908368724385E-4	16.161699316677044	-76.73482521706433
1416000	-3536.8453339794382	-3418.7991662532827	-118.04616772615552	-3418.7991662532827	28.21119589597962	167.71508328132813	0.8167330387388366	0.12079429343797284	2.5477113935957214	0.33149431296630405	0.12079429343797284	2.5477113935957214	0.33149431296630405	0.6216060449636576	6.365109183042166E-4	1.2154541985764538E-7	0.5653579591571553	5.850244354447873E-4	23.981284248882286	-79.96777064806909
1417000	-3538.1530318392165	-3428.759031155244	-109.39400068397238	-3428.759031155244	31.19122833759546	164.57346905975604	0.8167330387388366	0.12079429343797284	2.5477113935957214	0.33149431296630405	0.12079429343797284	2.5477113935957214	0.33149431296630405	0.6246220782220315	5.416676884606156E-4	1.500426286731872E-7	0.7854698256791522	4.808883170491518E-4	14.302002053667833	-78.33712584991501
1418000	-3516.5955949576414	-3432.11084388077	-84.48475107687152	-3432.11084388077	20.17889374235415	104.24642183666477	0.8167330387388366	0.12079429343797284	2.5477113935957214	0.33149431296630405	0.12079429343797284	2.5477113935957214	0.33149431296630405	0.38480949465597286	9.806367310507072E-4	1.544592033845704E-7	0.4208921421729826	9.724990008621875E-4	8.659591963542958	-68.92650515274595
1419000	-3525.8346890326884	-3431.3951111165948	-94.4395779160935	-3431.3951111165948	28.17217168737298	141.16463540426741	0.8167330387388366	0.12079429343797284	2.5477113935957214	0.33149431296630405	0.12079429343797284	2.5477113935957214	0.33149431296630405	0.4106281760767643	7.462716400485212E-4	8.413945750241173E-8	0.45900515837543965	6.326150883181376E-4	13.755719952559575	-72.9099588230741
1420000	-3528.5034735531685	-3429.041281540182	-99.46219201298685	-3429.041281540182	27.845754620185446	137.3899288814417	0.8167330387388366	0.12079429343797284	2.5477113935957214	0.33149431296630405	0.12079429343797284	2.5477113935957214	0.33149431296630405	0.602260611613937	6.325732503178216E-4	2.518989325336358E-7	0.7411471176597917	7.169721189001696E-4	14.240047491701377	-72.75072881548746
1421000	-3538.352274355939	-3434.7376216627486	-103.61465269319034	-3434.7376216627486	36.65077347310755	167.12791836972846	0.8167330387388366	0.12079429343797284	2.5477113935957214	0.33149431296630405	0.12079429343797284	2.5477113935957214	0.33149431296630405	0.5913572478058811	5.574646182630715E-4	7.735077571770383E-8	0.5777473312191154	4.988463813149749E-4	13.653249866946236	-75.65707092593784
1422000	-3537.737690019686	-3434.447143849878	-103.29054616980761	-3434.447143849878	28.80180412529816	147.26215091599417	0.8167330387388366	0.12079429343797284	2.5477113935957214	0.33149431296630405	0.12079429343797284	2.5477113935957214	0.33149431296630405	0.37055374250372913	6.049984609045218E-4	7.214327986608744E-8	0.5263056007633662	5.295669576146717E-4	14.419000202452349	-75.54075387607993
1423000	-3525.246635476948	-3433.487707382908	-91.75892809404031	-3433.487707382908	34.49483525055626	193.44456693212263	0.8167330387388366	0.12079429343797284	2.5477113935957214	0.33149431296630405	0.12079429343797284	2.5477113935957214	0.33149431296630405	0.2831049715507421	5.624930352864044E-4	3.295414830166262E-8	0.3163737332052319	5.756215918882789E-4	16.37203097082369	-84.50060733543425
1424000	-3499.7163422315098	-3434.221369843926	-65.49497238758381	-3434.221369843926	27.91149049450561	150.70697496203064	0.8167330387388366	0.12079429343797284	2.5477113935957214	0.33149431296630405	0.12079429343797284	2.5477113935957214	0.33149431296630405	0.18879103787859255	5.621861708690121E-4	1.0019379683792392E-8	0.18518319695579183	5.253779074859432E-4	16.771676157452582	-75.13647295867949
1425000	-3504.945407886169	-3445.315362967683	-59.63004491848598	-3445.315362967683	26.877617770316444	137.23265708662143	0.8167330387388366	0.12079429343797284	2.5477113935957214	0.33149431296630405	0.12079429343797284	2.5477113935957214	0.33149431296630405	0.18370949920220966	6.096060206628843E-4	8.544682337500004E-9	0.1553222184669112	5.789935193949759E-4	16.771676157452582	-73.3402479206673
1426000	-3501.9251732453936	-3435.3638315836074	-66.56134166178619	-3435.3638315836074	42.189709334768295	206.93200684564437	0.8167330387388366	0.12079429343797284	2.5477113935957214	0.33149431296630405	0.12079429343797284	2.5477113935957214	0.33149431296630405	0.14670971751129497	4.7894844659619295E-4	5.5532765311064104E-9	0.15139460861403634	5.00193665309285E-4	12.944144149723815	-85.9380265007129
1427000	-3502.9714756605495	-3430.7567022240905	-72.21477343645898	-3430.7567022240905	40.78535910764386	186.3419751534376	0.8167330387388366	0.12079429343797284	2.5477113935957214	0.33149431296630405	0.12079429343797284	2.5477113935957214	0.33149431296630405	0.17655363030060914	4.583416079756671E-4	7.305321135307532E-9	0.18696574483539674	4.389831742065033E-4	12.763802113163633	-80.10440781688968
1428000	-3504.1037382899704	-3437.007149984464	-67.09658830550642	-3437.007149984464	37.56739950034705	183.60767680299898	0.6563331900986893	0.12079429343797284	2.5477113935957214	0.33149431296630405	0.12079429343797284	2.5477113935957214	0.33149431296630405	0.1494559045348074	6.41345709795533E-4	1.1723895725145322E-8	0.16519040614981684	6.498830760643632E-4	14.519093468702183	-80.05272260065381
1429000	-3518.231662280051	-3428.858932080343	-89.37273019970783	-3428.858932080343	40.639154537698424	168.34595349985955	0.6563331900986893	0.12079429343797284	2.3873123365584887	0.4918933700035368	0.12079429343797284	2.3873123365584887	0.4918933700035368	0.42116280271295764	6.797832793818888E-4	9.911989472236029E-8	0.4729984376613157	6.894179291299875E-4	15.227476282504913	-74.87517235402505
1430000	-3504.226151885918	-3432.4655401110754	-71.76061177484281	-3432.4655401110754	40.350535629842284	183.78592020665192	0.6563331900986893	0.12079429343797284	2.3873123365584887	0.4918933700035368	0.12079429343797284	2.3873123365584887	0.4918933700035368	0.1763290363309596	5.047583792869969E-4	1.4031384961147233E-8	0.22169212358589643	5.406780115741703E-4	14.970609748068446	-78.53528055487683
1431000	-3519.6737192499127	-3444.8110629673124	-74.86265628260021	-3444.8110629673124	43.1635330299292	177.48140878244712	0.6563331900986893	0.12079429343797284	2.604933426434211	0.2742722801278147	0.12079429343797284	2.604933426434211	0.2742722801278147	0.2958492157922782	5.719474485193562E-4	2.105415640276914E-8	0.25770344975237836	5.932597477013218E-4	13.550109430424849	-76.35518334725475
1432000	-3522.2137384546822	-3433.6120049091123	-88.60173354556973	-3433.6120049091123	43.57131599084613	174.56159348787884	0.6076299297016995	0.12079429343797284	2.604933426434211	0.2742722801278147	0.12079429343797284	2.604933426434211	0.2742722801278147	0.3312523244795202	5.243725051720958E-4	3.507390606441935E-8	0.3774192760665296	5.108133642999178E-4	12.462221259478586	-76.51870316871228
1433000	-3516.917719984519	-3428.338421480759	-88.57929850376	-3428.338421480759	35.23062643646669	167.56180443532773	0.7312133396131095	0.12079429343797284	2.604933426434211	0.2742722801278147	0.12079429343797284	2.604933426434211	0.2742722801278147	0.3700235170357629	6.313579374319908E-4	3.896620789157737E-8	0.34057811067677096	6.436261171090292E-4	13.407853763334263	-78.22816237789512
1434000	-3525.8207583895555	-3432.194162313308	-93.62659607624734	-3432.194162313308	34.901117825018865	163.71481059027005	0.7312133396131095	0.12079429343797284	2.604933426434211	0.2742722801278147	0.12079429343797284	2.604933426434211	0.2742722801278147	0.4968859180467466	6.470267822087691E-4	5.3270610761837363E-8	0.3762433011502735	6.610024491679592E-4	12.808429541832476	-76.24178956010337
1435000	-3500.126143710912	-3438.553728515657	-61.57241519525488	-3438.553728515657	25.417942073611748	125.48170402090325	0.7312133396131095	0.12079429343797284	2.604933426434211	0.2742722801278147	0.12079429343797284	2.604933426434211	0.2742722801278147	0.18239976293166976	7.573154005287841E-4	1.6848018167652042E-8	0.17796005803066858	7.082468350141709E-4	7.610971008436189	-76.00122973378687
1436000	-3513.351512757504	-3430.652390515497	-82.6991222420074	-3430.652390515497	46.23116918532672	187.97202174969703	0.7312133396131095	0.12079429343797284	2.604933426434211	0.2742722801278147	0.12079429343797284	2.604933426434211	0.2742722801278147	0.26921689736605375	5.046476572468756E-4	2.5058911969162688E-8	0.29686179323696305	5.140707443938507E-4	13.47341665756162	-76.96371764974391
1437000	-3502.8944945516973	-3432.404371636298	-70.49012291539916	-3432.404371636298	49.47108035436469	201.61059140442944	0.7312133396131095	0.12079429343797284	2.604933426434211	0.2742722801278147	0.12079429343797284	2.604933426434211	0.2742722801278147	0.20353588643752604	4.492754334070745E-4	9.768191656848737E-9	0.21219960472971872	4.931003732636861E-4	21.19703730217349	-78.0442255855927
1438000	-3493.5270057700614	-3427.4311174788586	-66.09588829120288	-3427.4311174788586	47.67079533665496	197.37557452343103	0.7312133396131095	0.12079429343797284	2.604933426434211	0.2742722801278147	0.12079429343797284	2.604933426434211	0.2742722801278147	0.19742606579507616	4.1808798693936447E-4	5.1679449697038866E-9	0.16524904428931866	4.323084370896947E-4	20.96444930001494	-77.61641545414362
1439000	-3500.3526514498653	-3431.1224117693105	-69.23023968055506	-3431.1224117693105	65.79260140134983	251.44800061869842	0.7312133396131095	0.12079429343797284	2.604933426434211	0.2742722801278147	0.12079429343797284	2.604933426434211	0.2742722801278147	0.1506623621208266	4.010253757410494E-4	4.236565997409691E-9	0.15881395247337277	4.131562062448677E-4	24.086987201687304	-82.04531802050192
1440000	-3512.0268144597608	-3437.101606822113	-74.92520763764772	-3437.101606822113	42.6080388597954	170.4705902076071	0.7312133396131095	0.12079429343797284	2.604933426434211	0.2742722801278147	0.12079429343797284	2.604933426434211	0.2742722801278147	0.27933146155037675	6.288157269742069E-4	2.7173027985080994E-8	0.23995717020113005	6.833073734387596E-4	13.64884225375265	-74.76395754258762
1441000	-3490.0143231043025	-3434.278408718614	-55.735914385688524	-3434.278408718614	45.46325339445217	182.00882821584685	0.7326335156464002	0.12079429343797284	2.4237524057786	0.45545330078342594	0.12079429343797284	2.4237524057786	0.45545330078342594	0.13704106582747913	6.561187040930906E-4	8.76046617911732E-9	0.14181468939665165	6.575836009515817E-4	16.067422446910037	-75.2434978947857
1442000	-3503.8834690746116	-3420.403640740994	-83.47982833361743	-3420.403640740994	43.49618063497715	202.68185414871994	0.7326335156464002	0.12079429343797284	2.4237524057786	0.45545330078342594	0.12079429343797284	2.4237524057786	0.45545330078342594	0.2717704504853383	4.753570063281463E-4	1.8525703337410685E-8	0.26684670063094307	5.42343833752122E-4	16.81817566035766	-80.89239707124807
1443000	-3507.9295181834873	-3421.2045536370497	-86.72496454643779	-3421.2045536370497	35.561414708539104	164.0672872437449	0.7326335156464002	0.12079429343797284	2.4237524057786	0.45545330078342594	0.12079429343797284	2.4237524057786	0.45545330078342594	0.29711866360454486	5.962154332619577E-4	3.594169003719464E-8	0.3035850865109921	5.981589634271907E-4	22.17645279843998	-75.33048024450191
1444000	-3507.543351402719	-3420.999956890568	-86.54339451215137	-3420.999956890568	29.76974287194879	160.17483263372117	0.7326335156464002	0.12079429343797284	2.4237524057786	0.45545330078342594	0.12079429343797284	2.4237524057786	0.45545330078342594	0.2984277230875167	6.315710635550715E-4	3.931810939473413E-8	0.3509896001061992	5.911070832220487E-4	21.342883025662026	-76.60452058419035
1445000	-3520.433864061316	-3430.4492814044133	-89.9845826569028	-3430.4492814044133	32.97586652058628	159.5953241478371	0.7326335156464002	0.12079429343797284	2.4237524057786	0.45545330078342594	0.12079429343797284	2.4237524057786	0.45545330078342594	0.4139556747321211	5.621265264152698E-4	3.86720952401644E-8	0.35885691561103056	5.594783398159968E-4	18.696711272734596	-74.74948072058415
1446000	-3515.243825456318	-3424.6160870634103	-90.62773839290787	-3424.6160870634103	33.27617805120482	164.29070769782606	0.7326335156464002	0.12079429343797284	2.4237524057786	0.45545330078342594	0.12079429343797284	2.4237524057786	0.45545330078342594	0.31035006698362305	5.21481025074651E-4	4.20716095647885E-8	0.3836688837519507	5.104978155262705E-4	16.097100830981432	-77.28448457008162
1447000	-3509.9256456009925	-3438.843413940652	-71.08223166034008	-3438.843413940652	36.96737483424488	173.87326744962738	0.7326335156464002	0.12079429343797284	2.4237524057786	0.45545330078342594	0.12079429343797284	2.4237524057786	0.45545330078342594	0.1924251259690989	6.425049538170533E-4	1.5893464696803866E-8	0.20189632306370936	6.146086415806706E-4	16.73940569047694	-75.93346626608171
1448000	-3522.5046359629087	-3427.4555280613613	-95.04910790154719	-3427.4555280613613	29.870911153004073	164.0597796763255	0.7326335156464002	0.12079429343797284	2.4237524057786	0.45545330078342594	0.12079429343797284	2.4237524057786	0.45545330078342594	0.3621753629951242	6.401119695154992E-4	6.808474159470819E-8	0.3999632439211109	6.58760175080821E-4	15.13828897302034	-79.85076881684236
1449000	-3508.9216626079387	-3432.6412834501084	-76.28037915783037	-3432.6412834501084	37.937345365358155	183.32222686744555	0.7326335156464002	0.12079429343797284	2.4237524057786	0.45545330078342594	0.12079429343797284	2.4237524057786	0.45545330078342594	0.24357450353619728	6.40709821974139E-4	2.2598213369534568E-8	0.23288488390724207	6.738159575181433E-4	19.394597509732222	-77.84621156554203
1450000	-3534.297705227437	-3436.525898268169	-97.77180695926808	-3436.525898268169	30.41882651792005	169.02108445415757	0.7326335156464002	0.12079429343797284	2.6000056768792734	0.27920002968275226	0.12079429343797284	2.6000056768792734	0.27920002968275226	0.4724542934521841	6.208277363888094E-4	8.584563621629181E-8	0.4300790369158636	8.199650559055759E-4	24.52955581069327	-78.25429276840705
1451000	-3520.784964332388	-3425.8590451872137	-94.9259191451744	-3425.8590451872137	49.83741841304102	205.71013607671327	0.7326335156464002	0.12079429343797284	2.6000056768792734	0.27920002968275226	0.12079429343797284	2.6000056768792734	0.27920002968275226	0.3967753511865392	5.035931930136025E-4	3.938070657984339E-8	0.3807553904199875	5.578141656013569E-4	19.638007661244036	-79.00501713442318
1452000	-3528.1774276477613	-3438.118074302938	-90.05935334482336	-3438.118074302938	30.97651834890004	153.17978842507682	0.7326335156464002	0.12079429343797284	2.6000056768792734	0.27920002968275226	0.12079429343797284	2.6000056768792734	0.27920002968275226	0.393153543484108	6.108232717259546E-4	4.628139392021046E-8	0.37971681678102065	5.732261629174429E-4	17.532534664168473	-74.63430648667384
1453000	-3528.2130967376634	-3435.7123509287117	-92.50074580895163	-3435.7123509287117	24.04285836607847	116.98077264828252	0.7326335156464002	0.12079429343797284	2.6000056768792734	0.27920002968275226	0.12079429343797284	2.6000056768792734	0.27920002968275226	0.4584846830912323	7.995044195839777E-4	1.0384304686671738E-7	0.497920080148706	6.122972225813564E-4	10.720482799790881	-69.86284540831656
1454000	-3530.8885127551007	-3422.158891788821	-108.7296209662797	-3422.158891788821	40.951491982886296	160.2961565470527	0.7326335156464002	0.12079429343797284	2.6000056768792734	0.27920002968275226	0.12079429343797284	2.6000056768792734	0.27920002968275226	0.554195721419769	5.718233863795068E-4	1.1897906062918174E-7	0.5297066511577629	6.338405063221193E-4	17.191857400158995	-73.05993186215215
1455000	-3528.887945066062	-3423.0463325779883	-105.84161248807366	-3423.0463325779883	27.95221307209102	116.37109628378555	0.7326335156464002	0.12079429343797284	2.6000056768792734	0.27920002968275226	0.12079429343797284	2.6000056768792734	0.27920002968275226	0.7263506216372291	9.177372967549314E-4	5.753507613421284E-7	0.7501583421057808	0.001100788092141692	10.293921475536584	-67.02644618932344
1456000	-3521.136541879728	-3420.4567040062598	-100.67983787346819	-3420.4567040062598	26.996483917648494	117.07508038788669	0.7326335156464002	0.12079429343797284	2.6000056768792734	0.27920002968275226	0.12079429343797284	2.6000056768792734	0.27920002968275226	0.6179631802144425	8.010096186603822E-4	6.372717943914729E-7	0.8947881508348586	0.0010155822992212052	10.864678503336384	-68.25374605037763
1457000	-3532.2989401715195	-3430.8323415743967	-101.46659859712264	-3430.8323415743967	24.94668987025653	128.11767284120197	0.7326335156464002	0.12079429343797284	2.4639689224542445	0.4152367841077813	0.12079429343797284	2.4639689224542445	0.4152367841077813	0.5815838670616535	8.106788668341512E-4	3.2096230994924367E-7	0.721721079989745	8.150959414295318E-4	16.125411074033426	-72.6042899671989
1458000	-3538.510268492783	-3431.9966037581717	-106.51366473461135	-3431.9966037581717	24.33535778551135	131.1843009315096	0.7326335156464002	0.12079429343797284	2.4639689224542445	0.4152367841077813	0.12079429343797284	2.4639689224542445	0.4152367841077813	0.5379681385278011	8.873475177766513E-4	2.434465757385011E-7	0.6141906397596215	8.493773808482579E-4	12.344921202072312	-75.19303117266662
1459000	-3538.090283585784	-3432.606570473627	-105.48371311215706	-3432.606570473627	30.941682199709998	157.7990040171116	0.7326335156464002	0.12079429343797284	2.4639689224542445	0.4152367841077813	0.12079429343797284	2.4639689224542445	0.4152367841077813	0.5209477299722609	6.548235705612463E-4	1.9581139951293276E-7	0.6610062620310578	6.22425032578835E-4	15.46171106852611	-76.544219548463
1460000	-3515.1037481820968	-3436.2010431619337	-78.90270502016291	-3436.2010431619337	26.85870414376199	132.86243717195683	0.7326335156464002	0.12079429343797284	2.4639689224542445	0.4152367841077813	0.12079429343797284	2.4639689224542445	0.4152367841077813	0.3347263328015628	8.219948480270782E-4	4.0702520101204155E-8	0.2427800306883209	7.739317210463462E-4	15.121985688571622	-71.26447112471465
1461000	-3517.4173469491484	-3429.3124203614043	-88.10492658774422	-3429.3124203614043	40.327832391607465	177.0005232831629	0.7326335156464002	0.12079429343797284	2.4639689224542445	0.4152367841077813	0.12079429343797284	2.4639689224542445	0.4152367841077813	0.31123878562075946	5.143916098484359E-4	2.3470894921878348E-8	0.2718116649027329	5.598610332209381E-4	8.15091365883236	-88.09528008959289
1462000	-3508.27994530345	-3428.082590384359	-80.19735491909134	-3428.082590384359	31.96913398614979	143.52780053093488	0.7326335156464002	0.12079429343797284	2.4639689224542445	0.4152367841077813	0.12079429343797284	2.4639689224542445	0.4152367841077813	0.29992875276944386	7.057115674262179E-4	5.768567999538051E-8	0.3478868103484419	6.670732836465003E-4	10.639111086516596	-73.03996684060672
1463000	-3502.214193961287	-3424.5521395221376	-77.66205443914941	-3424.5521395221376	31.945408288405602	155.44406271212742	0.7326335156464002	0.12079429343797284	2.4639689224542445	0.4152367841077813	0.12079429343797284	2.4639689224542445	0.4152367841077813	0.25676465452024877	6.841830421382264E-4	2.8344044496307765E-8	0.27435729967638356	6.239822278282877E-4	12.831665110314738	-76.26609265951504
1464000	-3494.554932407306	-3424.6387469947113	-69.91618541259471	-3424.6387469947113	41.71636834916172	183.73058837748977	0.7326335156464002	0.12079429343797284	2.547525502854804	0.3316802037072221	0.12079429343797284	2.547525502854804	0.3316802037072221	0.15977961941631047	5.339561845667457E-4	8.076008154131124E-9	0.1590990094670914	5.47293506407163E-4	10.743376507687223	-84.1847069245565
1465000	-3530.186450613526	-3432.443849822742	-97.74260079078431	-3432.443849822742	27.741613159499217	149.0796668814428	0.7326335156464002	0.12079429343797284	2.547525502854804	0.3316802037072221	0.12079429343797284	2.547525502854804	0.3316802037072221	0.4434249071280577	5.231140006649263E-4	2.5290203751268033E-8	0.32468595036270503	4.390431052577175E-4	18.993151513012528	-75.9928558034168
1466000	-3523.510210238067	-3424.770123309595	-98.74008692847178	-3424.770123309595	34.8662917931893	179.66558911099372	0.7326335156464002	0.12079429343797284	2.547525502854804	0.3316802037072221	0.12079429343797284	2.547525502854804	0.3316802037072221	0.3621700676233451	4.754341802790849E-4	4.173436237190097E-8	0.4576902024188304	4.270086821040086E-4	22.16853181621218	-79.28152355121492
1467000	-3538.7919541289302	-3425.6003851693463	-113.19156895958383	-3425.6003851693463	25.24243779374646	127.00393955613441	0.7326335156464002	0.12079429343797284	2.547525502854804	0.3316802037072221	0.12079429343797284	2.547525502854804	0.3316802037072221	0.6884068726590459	7.577263840201922E-4	4.3820350035057046E-7	0.9822411476355672	6.046691214955157E-4	13.016901953797571	-71.66508895988147
1468000	-3525.74274203806	-3422.8497804377944	-102.8929616002655	-3422.8497804377944	25.0523826794673	120.75272257679836	0.7326335156464002	0.12079429343797284	2.547525502854804	0.3316802037072221	0.12079429343797284	2.547525502854804	0.3316802037072221	0.7034364470906138	8.836557583960677E-4	4.962092166236015E-7	0.7910623987350608	9.7467178262999E-4	11.626961806393874	-70.20127710660606
1469000	-3531.387819885713	-3423.5537157525373	-107.83410413317557	-3423.5537157525373	32.09174695547754	166.6983328048897	0.7326335156464002	0.12079429343797284	2.547525502854804	0.3316802037072221	0.12079429343797284	2.547525502854804	0.3316802037072221	0.5095660922296515	5.651607755046469E-4	1.420360224184523E-7	0.6184197425299719	6.579247039680738E-4	17.674772562565067	-77.5796325634961
1470000	-3528.3886166037523	-3426.686989373603	-101.7016272301492	-3426.686989373603	25.90243742904928	136.02440199085447	0.7326335156464002	0.12079429343797284	2.547525502854804	0.3316802037072221	0.12079429343797284	2.547525502854804	0.3316802037072221	0.4870317935733997	7.104739220084634E-4	1.670462574374494E-7	0.4814357104048691	7.90299510969603E-4	15.956247638223477	-72.49285668351015
1471000	-3530.6044822495633	-3433.2362262356837	-97.36825601387967	-3433.2362262356837	25.949078858459252	134.65462142873918	0.7326335156464002	0.12079429343797284	2.547525502854804	0.3316802037072221	0.12079429343797284	2.547525502854804	0.3316802037072221	0.4694818097562944	6.42006841962256E-4	1.8325745670730573E-7	0.647910352994571	7.140072708397448E-4	10.472972788689823	-74.08320814312505
1472000	-3541.143610333295	-3434.765586920421	-106.37802341287416	-3434.765586920421	26.785963765373097	140.69243382203902	0.7326335156464002	0.12079429343797284	2.4009905047258044	0.47821520183622157	0.12079429343797284	2.4009905047258044	0.47821520183622157	0.6009213901078262	7.696537067840175E-4	2.1804921272042344E-7	0.6390108760801513	7.593692753883526E-4	16.965163373692707	-73.05103083386093
1473000	-3540.1223603393264	-3426.5914337822496	-113.53092655707661	-3426.5914337822496	39.563468903506404	188.69799613497943	0.7326335156464002	0.12079429343797284	2.4009905047258044	0.47821520183622157	0.12079429343797284	2.4009905047258044	0.47821520183622157	0.6777921609642404	4.730635047603097E-4	1.3674095900179296E-7	0.7649372967252117	4.748917818569852E-4	14.828159872051213	-79.50509645672267
1474000	-3520.778107356725	-3426.97923505655	-93.79887230017482	-3426.97923505655	36.24297983718978	191.6170416284623	0.7326335156464002	0.12079429343797284	2.4009905047258044	0.47821520183622157	0.12079429343797284	2.4009905047258044	0.47821520183622157	0.3097606637976708	6.0330688094657E-4	4.000495377827349E-8	0.34641227502368166	5.926290162363251E-4	12.915790894573199	-84.11742421116432
1475000	-3523.684108472486	-3432.3503039422394	-91.33380453024651	-3432.3503039422394	47.07789453962421	215.93061779401955	0.7326335156464002	0.12079429343797284	2.4009905047258044	0.47821520183622157	0.12079429343797284	2.4009905047258044	0.47821520183622157	0.23078886820324626	4.3066572814456715E-4	1.7152545268466698E-8	0.29384703377829646	4.3823202740129476E-4	19.897859688356768	-82.47097008104575
1476000	-3512.5981152744157	-3431.5027693691627	-81.09534590525283	-3431.5027693691627	44.337181276669014	195.9770067713555	0.7326335156464002	0.12079429343797284	2.4009905047258044	0.47821520183622157	0.12079429343797284	2.4009905047258044	0.47821520183622157	0.27118745990150483	4.2223402482450645E-4	1.0969831835499904E-8	0.2498735539963776	4.240634236987262E-4	13.929464491640928	-82.24627907198547
1477000	-3485.2023762907193	-3429.1994852981798	-56.00289099253968	-3429.1994852981798	44.336067804435466	203.44812010697584	0.7326335156464002	0.12079429343797284	2.4009905047258044	0.47821520183622157	0.12079429343797284	2.4009905047258044	0.47821520183622157	0.11641331564763632	5.978167420581459E-4	5.177162380224164E-9	0.117196306504103	5.9912780074076E-4	15.687124348634688	-81.9365932964817
1478000	-3504.2588738710815	-3425.066670893187	-79.19220297789444	-3425.066670893187	46.31531236140015	182.00215216136482	0.7326335156464002	0.12079429343797284	2.4009905047258044	0.47821520183622157	0.12079429343797284	2.4009905047258044	0.47821520183622157	0.32171903222831116	6.063544032110218E-4	3.367598463534102E-8	0.2855384847614726	6.849507332023783E-4	12.999030082088387	-76.90260929522854
1479000	-3531.4562851979736	-3432.905283582858	-98.55100161511568	-3432.905283582858	34.03834788494413	154.9256052009497	0.7326335156464002	0.12079429343797284	2.4009905047258044	0.47821520183622157	0.12079429343797284	2.4009905047258044	0.47821520183622157	0.434024598898153	6.777693882692866E-4	2.0340720073188867E-7	0.5317648616036199	7.709582249343817E-4	13.93191858725035	-73.01098504075603
1480000	-3543.0512709767863	-3424.042797594012	-119.00847338277438	-3424.042797594012	58.64670060821276	232.62254099190446	0.7326335156464002	0.12079429343797284	2.4009905047258044	0.47821520183622157	0.12079429343797284	2.4009905047258044	0.47821520183622157	0.7562622907295411	4.3861471149263297E-4	2.55465220804216E-7	0.9457221400788207	5.722603653378573E-4	20.760563249864962	-80.38461383320744
1481000	-3548.1009198764064	-3422.160427130907	-125.94049274549954	-3422.160427130907	71.83512578591012	256.77793017708825	0.7326335156464002	0.12079429343797284	2.4009905047258044	0.47821520183622157	0.12079429343797284	2.4009905047258044	0.47821520183622157	0.9286486542619901	3.5527982450582235E-4	3.161578098689773E-7	1.1586749414282629	5.114890251421752E-4	22.546591497223265	-80.40550668634899
1482000	-3543.286980496956	-3425.165190520464	-118.12178997649204	-3425.165190520464	62.95220929675032	250.65393984671834	0.7326335156464002	0.12079429343797284	2.4009905047258044	0.47821520183622157	0.12079429343797284	2.4009905047258044	0.47821520183622157	0.7576163747423689	3.385888065205791E-4	7.037111937460936E-8	0.782845146447795	4.3789415376644254E-4	27.909506034401783	-81.20036919877556
1483000	-3500.4637990608867	-3432.488419128976	-67.97537993191052	-3432.488419128976	38.25790476154721	176.2365672877893	0.7326335156464002	0.12079429343797284	2.4009905047258044	0.47821520183622157	0.12079429343797284	2.4009905047258044	0.47821520183622157	0.16050297897777022	5.711693063191576E-4	1.1255117539125944E-8	0.18371049165341916	5.650065620641955E-4	11.376120713982415	-79.79251518126183
1484000	-3502.397788818694	-3431.8902081567926	-70.50758066190156	-3431.8902081567926	42.90603133353089	163.7789967997847	0.7326335156464002	0.12079429343797284	2.4009905047258044	0.47821520183622157	0.12079429343797284	2.4009905047258044	0.47821520183622157	0.2649905264024131	5.078667990054825E-4	1.602441703835829E-8	0.23299002407839056	5.492115633546442E-4	13.73163193850519	-72.92550949548676
1485000	-3534.8394891718676	-3431.3335830782626	-103.50590609360515	-3431.3335830782626	45.25278660639501	175.96179156084352	0.7326335156464002	0.12079429343797284	2.5914777048545963	0.28772800170742996	0.12079429343797284	2.5914777048545963	0.28772800170742996	0.4665301784019744	7.171696818472789E-4	3.22262148876115E-7	0.6225183580744214	8.594772291754469E-4	13.259733062167054	-76.85989746568703
1486000	-3532.9824184801414	-3426.0534159824847	-106.92900249765661	-3426.0534159824847	46.75437138674081	195.79108147008392	0.7326335156464002	0.12079429343797284	2.5914777048545963	0.28772800170742996	0.12079429343797284	2.5914777048545963	0.28772800170742996	0.581519201298578	5.099281488243715E-4	2.2244387151755686E-7	0.7497368039451854	6.624634740375784E-4	14.47995765355895	-79.03842640713727
1487000	-3510.8088229391456	-3422.3834954441363	-88.42532749500928	-3422.3834954441363	35.7473353751053	181.8177579304097	0.7326335156464002	0.12079429343797284	2.5914777048545963	0.28772800170742996	0.12079429343797284	2.5914777048545963	0.28772800170742996	0.2990928443434626	6.15814687600225E-4	3.4308818858157926E-8	0.31557854955072806	5.616238783028235E-4	18.89775459106953	-78.20112827733362
1488000	-3510.272658173001	-3430.393292628761	-79.87936554424004	-3430.393292628761	35.06249477384715	194.5348072234587	0.7326335156464002	0.24525709614456934	2.4670149021479997	0.28772800170742996	0.24525709614456934	2.4670149021479997	0.28772800170742996	0.22383815117965247	5.026922150134119E-4	1.0192270772100419E-8	0.21229600811855312	4.6893056247460785E-4	22.289382299441435	-81.79073845525932
1489000	-3482.081043062149	-3429.9667120712743	-52.114330990874805	-3429.9667120712743	37.81637404365431	193.91052978476154	0.7326335156464002	0.24525709614456934	2.4670149021479997	0.28772800170742996	0.24525709614456934	2.4670149021479997	0.28772800170742996	0.10952879678038566	5.042650517116597E-4	2.8522926338389095E-9	0.10942505376693704	4.879908908581642E-4	16.571574760995723	-81.78024777163105
1490000	-3482.2349898321972	-3429.096282202288	-53.13870762990927	-3429.096282202288	38.38169863848464	202.06311232518607	0.7326335156464002	0.08528822571433312	2.626983772578236	0.28772800170742996	0.08528822571433312	2.626983772578236	0.28772800170742996	0.11560267481562164	5.090357294111378E-4	2.9922306219448067E-9	0.10727168710588178	5.228679740029155E-4	16.1679388173421	-83.88690929395275
1491000	-3507.4976014271924	-3428.9405036835424	-78.55709774365002	-3428.9405036835424	50.741611386800514	224.48160021265832	0.7326335156464002	0.08528822571433312	2.4385578110912487	0.4761539631944175	0.08528822571433312	2.4385578110912487	0.4761539631944175	0.20809447787664814	5.137075258004956E-4	1.21149445100642E-8	0.21409120540702342	4.977782290464368E-4	16.780800899397036	-83.53944988484888
1492000	-3475.2936289433533	-3436.6829563352767	-38.6106726080764	-3436.6829563352767	37.43390027176463	169.5264687584227	0.7326335156464002	0.08528822571433312	2.4385578110912487	0.4761539631944175	0.08528822571433312	2.4385578110912487	0.4761539631944175	0.0939321233171728	5.071631244841299E-4	1.682932299016696E-9	0.08138195288481694	5.021400881354812E-4	12.611442232170866	-79.57192361085555
1493000	-3475.189046603014	-3433.03350622375	-42.155540379263904	-3433.03350622375	35.16602861545141	182.58426720976274	0.7326335156464002	0.08528822571433312	2.5972766998033445	0.31743507448232183	0.08528822571433312	2.5972766998033445	0.31743507448232183	0.08973726479168753	4.550356610221819E-4	1.139332374121931E-9	0.07488361222467398	4.375174875917952E-4	13.874207765314116	-82.02281827168288
1494000	-3507.462705760307	-3432.6343894070837	-74.82831635322347	-3432.6343894070837	53.37798154892785	242.25094453390855	0.7326335156464002	0.08528822571433312	2.5972766998033445	0.31743507448232183	0.08528822571433312	2.5972766998033445	0.31743507448232183	0.1862358872894562	4.4070089013414275E-4	5.747166008325978E-9	0.18212874025100248	4.4157370259176977E-4	18.188547048208907	-84.8243154514269
1495000	-3512.323659145827	-3440.335934683011	-71.98772446281603	-3440.335934683011	47.63723368660655	200.6782500071722	0.7326335156464002	0.08528822571433312	2.5972766998033445	0.31743507448232183	0.08528822571433312	2.5972766998033445	0.31743507448232183	0.20883392720532024	4.7600417617795436E-4	8.198319529363419E-9	0.19253389366595797	4.635761467580649E-4	18.731235825554933	-78.9252597453398
1496000	-3533.933137781032	-3435.823717225225	-98.10942055580702	-3435.823717225225	52.000252779712895	206.11076716971442	0.7326335156464002	0.08528822571433312	2.5972766998033445	0.31743507448232183	0.08528822571433312	2.5972766998033445	0.31743507448232183	0.457009836317837	4.17928311915078E-4	4.5532609912468306E-8	0.44994634883621915	4.824262055089871E-4	20.644484813921117	-77.4909036768429
1497000	-3527.564763549034	-3427.109368998359	-100.45539455067492	-3427.109368998359	53.84105614292559	209.2647026244892	0.7326335156464002	0.1643167072401397	2.3440186868723365	0.49166460588752325	0.1643167072401397	2.3440186868723365	0.49166460588752325	0.4111682870486359	4.4979787548864647E-4	6.919168790285768E-8	0.48196744967648	5.378324090511133E-4	16.997765011202958	-78.98555529624387
1498000	-3501.633250720275	-3433.4813160238214	-68.15193469645355	-3433.4813160238214	32.955915391867904	180.1057054837674	0.7326335156464002	0.05493279914211549	2.3440186868723365	0.6010485139855475	0.05493279914211549	2.3440186868723365	0.6010485139855475	0.15855643958173393	6.433758553738303E-4	9.01520678795527E-9	0.14808598793433628	6.026862695858416E-4	15.622837923177004	-80.54114046730047
1499000	-3495.963702345859	-3435.831900311271	-60.13180203458817	-3435.831900311271	41.92507469634059	185.22586023738086	0.7326335156464002	0.05493279914211549	2.3440186868723365	0.6010485139855475	0.05493279914211549	2.3440186868723365	0.6010485139855475	0.15925032808558745	6.211141646429706E-4	7.614003463768534E-9	0.14819249871119863	5.975043417084657E-4	19.47105040458955	-77.87653917697206
1500000	-3537.663898547417	-3438.2366807310555	-99.42721781636146	-3438.2366807310555	58.84536450961821	239.34991922071814	0.7326335156464002	0.05493279914211549	2.3440186868723365	0.6010485139855475	0.05493279914211549	2.3440186868723365	0.6010485139855475	0.3411850654077934	4.838234308625775E-4	2.490175909639875E-8	0.30141005977569113	4.886633961676077E-4	19.03674637637337	-83.44097973225477
