#
#model:
#
#<?xml version="1.0" encoding="UTF-8" standalone="no"?><input id="posterior" spec="beast.base.inference.CompoundDistribution">
#    <distribution id="prior" spec="beast.base.inference.CompoundDistribution">
#        <distribution id="BayesianSkyline.t:HRTV_S_BEAST" spec="beast.base.evolution.tree.coalescent.BayesianSkyline">
#            <parameter dimension="5" id="bPopSizes.t:HRTV_S_BEAST" lower="0.0" name="popSizes" spec="beast.base.inference.parameter.RealParameter">380.0</parameter>
#            <groupSizes dimension="5" id="bGroupSizes.t:HRTV_S_BEAST" spec="beast.base.inference.parameter.IntegerParameter">1</groupSizes>
#            <treeIntervals id="BSPTreeIntervals.t:HRTV_S_BEAST" spec="beast.base.evolution.tree.TreeIntervals">
#                <tree id="Tree.t:HRTV_S_BEAST" spec="beast.base.evolution.tree.Tree">
#                    <trait id="dateTrait.t:HRTV_S_BEAST" spec="beast.base.evolution.tree.TraitSet" traitname="date" value="HRTV-23_T_S_2019=2019,HRTV-26_T_S_2019=2019,HRTV-404_T_S_2021=2021,HRTV-100_T_S_2022=2022,HRTV-187_T_S_2022=2022,HRTV-056F_T_S_2023=2023,HRTV-504_T_S_2019=2019,HRTV-432R_T_S_2023=2023,HRTV-642T_T_S_2023=2023,JX005843_H_S_MO_2009=2009,OQ688983.1_T_S_MO_2012=2012,OQ688989.1_T_S_MO_2012=2012,OQ688986.1_T_S_KS_2015=2015,OQ688993.1_H_S_OK_2017=2017,MZ440341_T_S_NY_2018=2018,MZ440344_T_S_NY_2018=2018,NC_024496_H_S_MO_2009=2009,KJ740146_H_S_TN_2013=2013,OQ688998.1_H_S_KY_2017=2017,OQ689001.1_H_S_MO_2017=2017">
#                        <taxa id="TaxonSet.HRTV_S_BEAST" spec="beast.base.evolution.alignment.TaxonSet">
#                        </taxa>
#                    </trait>
#                    <taxonset idref="TaxonSet.HRTV_S_BEAST"/>
#                </tree>
#            </treeIntervals>
#        </distribution>
#        <distribution id="MarkovChainedPopSizes.t:HRTV_S_BEAST" parameter="@bPopSizes.t:HRTV_S_BEAST" shape="1.5" spec="beast.base.inference.distribution.MarkovChainDistribution" useLogNormal="true"/>
#        <prior id="ORCRatePriorDistribution.c:HRTV_S_BEAST" name="distribution">
#            <parameter dimension="38" id="ORCRates.c:HRTV_S_BEAST" lower="1.0E-100" name="x" spec="beast.base.inference.parameter.RealParameter">0.5</parameter>
#            <LogNormal id="LogNormalDistributionModel.0" meanInRealSpace="true" name="distr">
#                <parameter estimate="false" id="RealParameter.2" name="M" spec="beast.base.inference.parameter.RealParameter">1.0</parameter>
#                <parameter id="ORCsigma.c:HRTV_S_BEAST" lower="0.0" name="S" spec="beast.base.inference.parameter.RealParameter">0.2</parameter>
#            </LogNormal>
#        </prior>
#        <prior id="ORCsigmaPrior.c:HRTV_S_BEAST" name="distribution" x="@ORCsigma.c:HRTV_S_BEAST">
#            <Gamma id="Gamma.0" name="distr">
#                <parameter estimate="false" id="RealParameter.3" name="alpha" spec="beast.base.inference.parameter.RealParameter">5.0</parameter>
#                <parameter estimate="false" id="RealParameter.4" name="beta" spec="beast.base.inference.parameter.RealParameter">0.05</parameter>
#            </Gamma>
#        </prior>
#        <prior id="ORCucldMeanPrior.c:HRTV_S_BEAST" name="distribution">
#            <parameter id="ORCucldMean.c:HRTV_S_BEAST" name="x" spec="beast.base.inference.parameter.RealParameter">0.0016226</parameter>
#            <Gamma id="Gamma.1" name="distr">
#                <alpha id="Function$Constant.1" spec="beast.base.core.Function$Constant" value="0.1"/>
#                <beta id="Function$Constant.2" spec="beast.base.core.Function$Constant" value="100.0"/>
#            </Gamma>
#        </prior>
#        <prior id="Standard_TPM3_rates_prior.s:HRTV_S_BEAST" name="distribution">
#            <parameter dimension="3" id="TPM3rates.s:HRTV_S_BEAST" lower="0.0" name="x" spec="beast.base.inference.parameter.RealParameter">1.0 1.0 1.0</parameter>
#            <distr id="Dirichlet.0" spec="beast.base.inference.distribution.Dirichlet">
#                <alpha id="Function$Constant.0" spec="beast.base.core.Function$Constant" value="1.0 1.0 1.0"/>
#            </distr>
#        </prior>
#        <prior id="PropInvariantPrior.s:HRTV_S_BEAST" name="distribution">
#            <parameter id="proportionInvariant.s:HRTV_S_BEAST" lower="0.0" name="x" spec="beast.base.inference.parameter.RealParameter" upper="1.0">0.769</parameter>
#            <Uniform id="Uniform.2" name="distr"/>
#        </prior>
#    </distribution>
#    <distribution id="likelihood" spec="beast.base.inference.CompoundDistribution" useThreads="true">
#        <distribution data="@HRTV_S_BEAST" id="treeLikelihood.HRTV_S_BEAST" spec="beast.base.evolution.likelihood.ThreadedTreeLikelihood" tree="@Tree.t:HRTV_S_BEAST">
#            <siteModel id="SiteModel.s:HRTV_S_BEAST" proportionInvariant="@proportionInvariant.s:HRTV_S_BEAST" spec="beast.base.evolution.sitemodel.SiteModel">
#                <parameter estimate="false" id="mutationRate.s:HRTV_S_BEAST" lower="0.0" name="mutationRate" spec="beast.base.inference.parameter.RealParameter">1.0</parameter>
#                <parameter estimate="false" id="gammaShape.s:HRTV_S_BEAST" lower="0.1" name="shape" spec="beast.base.inference.parameter.RealParameter">1.0</parameter>
#                <substModel id="Standard_TPM3.s:HRTV_S_BEAST" rates="@TPM3rates.s:HRTV_S_BEAST" spec="substmodels.nucleotide.TPM3"/>
#            </siteModel>
#            <branchRateModel clock.rate="@ORCucldMean.c:HRTV_S_BEAST" id="OptimisedRelaxedClock.c:HRTV_S_BEAST" rates="@ORCRates.c:HRTV_S_BEAST" spec="beast.base.evolution.branchratemodel.UCRelaxedClockModel" tree="@Tree.t:HRTV_S_BEAST">
#                <LogNormal S="@ORCsigma.c:HRTV_S_BEAST" id="ORCLogNormalDistributionModel.c:HRTV_S_BEAST" meanInRealSpace="true" name="distr">
#                    <parameter estimate="false" id="RealParameter.1" name="M" spec="beast.base.inference.parameter.RealParameter">1.0</parameter>
#                </LogNormal>
#            </branchRateModel>
#        </distribution>
#    </distribution>
#</input>
#
Sample	posterior	likelihood	prior	treeLikelihood	Tree.height	Tree.treeLength	proportionInvariant	RateAC-Standard_TPM3	RateAG-Standard_TPM3	RateAT-Standard_TPM3	RateCG-Standard_TPM3	RateCT-Standard_TPM3	RateGT-Standard_TPM3	ORCsigma	ORCRatesStat.mean	ORCRatesStat.variance	ORCRatesStat.coefficientOfVariation	ORCucldMean	BayesianSkyline	bPopSizes.1	bPopSizes.2	bPopSizes.3	bPopSizes.4	bPopSizes.5	bGroupSizes.1	bGroupSizes.2	bGroupSizes.3	bGroupSizes.4	bGroupSizes.5
0	-19860.222313591956	-4227.600365701563	-15632.621947890391	-4227.600365701563	2.140765619778144E307	Infinity	0.8205999737279986	0.826086921450622	2.0383985574184162	0.13551452113095752	0.826086921450622	2.0383985574184162	0.13551452113095752	0.08482011022152426	0.0	0.0	0.0	7.6821671144162E-310	-13477.673635788857	8.263940888323352E307	3.422885006413113E307	4.017600154065795E307	2.4331851727681334E307	5.0719750213405145E306	6	4	5	2	2
1000	-19989.178537646596	-4366.872572433747	-15622.305965212849	-4366.872572433747	2.5416671710855794E307	1.567958466270831E308	0.8205999737279986	0.826086921450622	2.0383985574184162	0.13551452113095752	0.826086921450622	2.0383985574184162	0.13551452113095752	0.06819847996830923	1.33859878067763E-309	0.0	0.0	1.348029384564144E-309	-13474.40957226615	1.6415941361047849E308	1.2601982155914321E308	4.803029435622935E307	2.483082265566137E307	3.24796611952922E307	1	3	4	3	8
2000	-20108.35312291106	-4503.959764313571	-15604.39335859749	-4503.959764313571	9.011285441473907E306	5.883828370009053E307	0.8205999737279986	0.826086921450622	2.0383985574184162	0.13551452113095752	0.826086921450622	2.0383985574184162	0.13551452113095752	0.07879582785451102	1.1117630828456213E-308	0.0	0.0	1.1023846871317785E-308	-13453.560524636014	4.3301011241009024E307	2.001922858259545E307	1.398896427980363E307	7.784417005631379E306	4.428771243127304E306	3	3	7	5	1
3000	-20095.730770140803	-4502.024677000236	-15593.706093140567	-4502.024677000236	1.4365583200760542E307	1.1538781571750518E308	0.8205999737279986	0.6546308556927072	2.0383985574184162	0.30697058688887235	0.6546308556927072	2.0383985574184162	0.30697058688887235	0.044120505269861464	2.14380154241151E-309	0.0	0.0	2.13247961483862E-309	-13466.310893101365	7.252081768167515E307	2.9964126143534053E307	2.941619676802055E307	1.0960280240279142E307	4.3728380258246504E306	1	7	4	5	2
4000	-19950.38647607332	-4317.96987277939	-15632.41660329393	-4317.96987277939	1.8741650286706195E307	1.3360705546096074E308	0.8205999737279986	0.6546308556927072	2.0383985574184162	0.30697058688887235	0.6546308556927072	2.0383985574184162	0.30697058688887235	0.1044450432123463	1.140210696926423E-309	0.0	0.0	1.092646506685195E-309	-13469.904187271226	6.315073517416937E307	3.254578311583483E307	1.531776109480615E307	1.8110918495743728E307	5.670472081539658E306	4	5	1	7	2
5000	-19755.29569207275	-4103.394512766759	-15651.901179305989	-4103.394512766759	3.355818688265707E307	Infinity	0.8205999737279986	0.6546308556927072	2.0383985574184162	0.30697058688887235	0.6546308556927072	2.0383985574184162	0.30697058688887235	0.15312513777725636	0.0	0.0	0.0	7.1524742277637E-310	-13481.157237729869	1.7170959034318185E308	6.185971606153753E307	1.6844343838948188E307	1.548603729463617E307	6.49703978800684E306	1	7	5	4	2
6000	-19907.64496935097	-4246.386799057007	-15661.258170293964	-4246.386799057007	1.0523492578069676E308	Infinity	0.8205999737279986	0.6546308556927072	2.0383985574184162	0.30697058688887235	0.6546308556927072	2.0383985574184162	0.30697058688887235	0.14080217371729575	0.0	0.0	0.0	1.24392183608046E-309	-13486.820271019686	1.7170959034318185E308	1.0337889953827845E308	7.178625460511902E307	8.588598874690333E307	5.124350870351183E307	2	2	6	3	6
7000	-20123.60471487351	-4477.750889400599	-15645.853825472912	-4477.750889400599	1.0878721165570735E308	Infinity	0.8205999737279986	0.6546308556927072	2.0383985574184162	0.30697058688887235	0.6546308556927072	2.0383985574184162	0.30697058688887235	0.07780346277724785	0.0	0.0	0.0	6.1321500598375E-310	-13482.566825657212	1.2791155147701098E308	5.37184060777289E307	2.1890809618573276E307	2.236860956643017E307	2.308661035264651E307	6	2	1	3	7
8000	-20095.571389883335	-4458.816589460525	-15636.75480042281	-4458.816589460525	1.9997128121354937E307	Infinity	0.8205999737279986	0.5955192688838878	2.0975101442272357	0.30697058688887235	0.5955192688838878	2.0975101442272357	0.30697058688887235	0.13455613913773934	0.0	0.0	0.0	4.35929305198067E-310	-13470.671647266461	1.2791155147701098E308	2.4234511622946213E307	3.9249521375718277E307	1.7598165339951186E307	6.000440435853648E306	6	2	2	4	5
9000	-20141.475987456928	-4449.644600919462	-15691.831386537466	-4449.644600919462	1.9429507617282658E307	Infinity	0.8205999737279986	0.5955192688838878	2.0975101442272357	0.30697058688887235	0.5955192688838878	2.0975101442272357	0.30697058688887235	0.5086301783322092	0.0	0.0	0.0	2.73620436205099E-309	-13472.340724098969	1.4414570375376175E308	4.684358431419264E307	2.8049410499845506E307	1.9409594928428257E307	1.5294333308397994E307	5	3	6	1	4
10000	-20103.551392916088	-4463.0386349188775	-15640.512757997212	-4463.0386349188775	1.4071782655536273E307	1.094945649639671E308	0.8205999737279986	0.5955192688838878	2.0975101442272357	0.30697058688887235	0.5955192688838878	2.0975101442272357	0.30697058688887235	0.13302252050599894	2.995508164164193E-309	0.0	0.0	2.89631742688398E-309	-13466.488109627633	1.4063593478148605E308	4.827011428123502E307	2.835987740163948E307	9.827627633222315E306	1.3244489248770765E307	5	2	4	1	7
11000	-19757.790015696613	-4101.887239397904	-15655.902776298712	-4101.887239397904	9.594402524458648E306	8.579884579877698E307	0.8205999737279986	0.5955192688838878	2.0975101442272357	0.30697058688887235	0.5955192688838878	2.0975101442272357	0.30697058688887235	0.28545033931893565	3.25029623291737E-309	0.0	0.0	3.308035425437446E-309	-13463.160329630291	1.0396496682090175E308	3.8361016905429205E307	3.653453160222894E307	1.3260540130709379E307	4.9056317113649326E306	1	2	4	2	10
12000	-19665.654564801967	-4011.8224212161604	-15653.832143585807	-4011.8224212161604	6.815355555641182E306	7.580257420900379E307	0.8205999737279986	0.4753886524919824	2.0239145468224886	0.5006968006855247	0.4753886524919824	2.0239145468224886	0.5006968006855247	0.25220437508690163	4.301409085565363E-309	0.0	0.0	4.5259797705683E-309	-13460.522381322404	1.081856647942507E308	1.189892011976033E308	5.395836163046189E307	1.9887019518097695E307	6.568308113710334E306	5	1	3	4	6
13000	-19843.426952302532	-4208.973795648238	-15634.453156654296	-4208.973795648238	3.5650990543904586E306	2.6920350981550587E307	0.8205999737279986	0.4753886524919824	2.0239145468224886	0.5006968006855247	0.4753886524919824	2.0239145468224886	0.5006968006855247	0.2779525346579294	9.91506336382077E-309	0.0	0.0	9.82231570031271E-309	-13438.305365168862	1.6957989803421617E307	1.1047622914253157E307	2.8576198866045324E306	1.2191111880134814E307	2.4216747393782156E306	4	4	2	3	6
14000	-19851.48901542748	-4206.737546787291	-15644.75146864019	-4206.737546787291	4.854796014637014E306	4.06367024272772E307	0.8205999737279986	0.4753886524919824	2.0239145468224886	0.5006968006855247	0.4753886524919824	2.0239145468224886	0.5006968006855247	0.25107081716663937	1.7083719175858935E-308	0.0	0.0	1.633990742535332E-308	-13447.853176322225	2.4528591900524984E307	1.0366004072431965E307	9.26650369068892E306	4.520003893812174E306	1.663796042065091E306	8	5	3	1	2
15000	-19883.929111081896	-4235.205280265899	-15648.723830815996	-4235.205280265899	4.1112132023634904E306	3.6407219418030263E307	0.8205999737279986	0.5659451453681055	2.0239145468224886	0.41014030780940164	0.5659451453681055	2.0239145468224886	0.41014030780940164	0.25546877481244984	4.958736356809347E-309	0.0	0.0	5.26465483323838E-309	-13450.303546012075	1.2895200230403672E307	2.3805549744684193E307	2.7956069071533854E307	6.814235523329225E306	8.821856823203359E306	10	4	1	3	1
16000	-19865.900517987502	-4193.314369162756	-15672.586148824746	-4193.314369162756	1.222340546795512E307	8.071703426515655E307	0.8205999737279986	0.38635308038636484	2.2035066118042295	0.41014030780940164	0.38635308038636484	2.2035066118042295	0.41014030780940164	0.35992063947622455	1.048517431866652E-309	0.0	0.0	1.03738759080052E-309	-13460.806308338102	2.6039906925761087E307	1.1074068051119483E307	1.8212576075261216E307	3.036320192567041E307	1.8831403608981982E307	1	4	5	3	6
17000	-20069.84199205291	-4383.597715968296	-15686.244276084612	-4383.597715968296	2.5056133139772936E307	1.0929641443131945E308	0.8205999737279986	0.19473298948453316	2.2035066118042295	0.6017603987112333	0.19473298948453316	2.2035066118042295	0.6017603987112333	0.5669737034175164	5.927292581205487E-309	0.0	0.0	7.407756193014837E-309	-13461.988689984284	4.74330299800333E307	4.2623826321163765E307	3.927084932328105E307	1.9452933995404375E307	1.1574370853528132E307	2	3	2	2	10
18000	-20110.463732654523	-4440.561204395417	-15669.902528259106	-4440.561204395417	2.2758094881846337E307	Infinity	0.8205999737279986	0.19473298948453316	2.3543440765977617	0.45092293391770116	0.19473298948453316	2.3543440765977617	0.45092293391770116	0.25981438438856475	0.0	0.0	0.0	1.77921102219149E-309	-13470.72322329693	1.0079658877171208E308	3.8223050317672605E307	1.2283113497161898E307	1.9345044028252417E307	1.0420075994556827E307	5	2	3	5	4
19000	-20066.561737246895	-4389.460908969614	-15677.100828277282	-4389.460908969614	1.5749515338890637E307	Infinity	0.8205999737279986	0.19473298948453316	2.449298238274001	0.3559687722414617	0.19473298948453316	2.449298238274001	0.3559687722414617	0.34250893140138144	0.0	0.0	0.0	2.767164748515086E-309	-13467.256892339763	1.2621445175747777E308	8.147422511764599E307	4.1800163926188415E307	1.4913028167930714E307	2.0873992757208626E306	3	6	2	1	7
20000	-19771.876276679115	-4154.699946722375	-15617.176329956741	-4154.699946722375	5.3879663763115533E306	2.984854834387421E307	0.8205999737279986	0.19473298948453316	2.449298238274001	0.3559687722414617	0.19473298948453316	2.449298238274001	0.3559687722414617	0.188118194899025	2.1372023458679466E-308	0.0	0.0	2.031372541626021E-308	-13434.25525935966	3.530998096563918E307	5.998856720379756E306	6.753074703685463E306	3.9080735599442254E306	1.8869626710479512E306	3	3	1	3	9
21000	-20030.969220453422	-4416.872412430384	-15614.096808023036	-4416.872412430384	5.817147995460373E306	3.8204868452547697E307	0.8205999737279986	0.5007681452011971	2.449298238274001	0.049933616524797775	0.5007681452011971	2.449298238274001	0.049933616524797775	0.1643689699256509	3.82488467105109E-309	0.0	0.0	3.891877616800544E-309	-13435.841854264305	6.825063521744996E307	1.951227730103133E307	3.1832083370730785E306	2.1062357533356747E306	1.2726024518591054E306	1	4	1	3	10
22000	-20096.13199225141	-4457.975593420141	-15638.156398831266	-4457.975593420141	1.1329311946962307E307	8.396952408295426E307	0.8205999737279986	0.5007681452011971	2.449298238274001	0.049933616524797775	0.5007681452011971	2.449298238274001	0.049933616524797775	0.15958331408248957	1.1541313832188596E-308	0.0	0.0	1.117275212180585E-308	-13451.949089167321	1.4893861114886752E308	3.0305210703727544E307	1.4051325277392207E307	5.813262507163382E306	3.929044718474215E306	1	2	4	3	9
23000	-19851.347948541268	-4193.421098310756	-15657.926850230513	-4193.421098310756	1.2388754809411532E307	1.1779888530024712E308	0.8205999737279986	0.21657143826693442	2.449298238274001	0.3341303234590604	0.21657143826693442	2.449298238274001	0.3341303234590604	0.2389044504056707	6.87525627540584E-309	0.0	0.0	6.81589929349184E-309	-13466.025203482282	1.7200178109849176E308	6.235414487368806E307	3.970971172942711E307	3.593191953112854E307	1.0028541826046109E307	1	1	6	3	8
24000	-19939.57839267226	-4283.334668198367	-15656.243724473896	-4283.334668198367	3.3036020113182994E307	1.4721306828272933E308	0.8205999737279986	0.21657143826693442	2.449298238274001	0.3341303234590604	0.21657143826693442	2.449298238274001	0.3341303234590604	0.19961683670300337	2.934465681932076E-309	0.0	0.0	2.79912574498492E-309	-13464.635077471467	4.975730908340005E307	9.154951854255852E307	7.465842757371278E307	1.0972456409244191E307	1.156771889347773E307	1	1	5	5	7
25000	-20064.196125397564	-4382.42672640798	-15681.769398989583	-4382.42672640798	1.1417300026028176E308	Infinity	0.8205999737279986	0.21657143826693442	2.449298238274001	0.3341303234590604	0.21657143826693442	2.449298238274001	0.3341303234590604	0.3160619442061546	0.0	0.0	0.0	1.92891996674239E-309	-13475.062186673527	9.699064126412572E307	6.098523263765285E307	2.835273683694089E307	3.2708706127660244E307	7.096639622392465E307	7	1	7	3	1
26000	-19966.526189968914	-4282.134995983468	-15684.391193985446	-4282.134995983468	6.957477196566225E307	Infinity	0.8205999737279986	0.21657143826693442	2.449298238274001	0.3341303234590604	0.21657143826693442	2.449298238274001	0.3341303234590604	0.22868677152046174	0.0	0.0	0.0	1.87351685956406E-309	-13490.286777251204	1.117720640343612E308	5.828704645898681E307	4.468927751215402E307	4.530817707265024E307	1.9215887008371068E307	6	3	4	1	5
27000	-19910.991001152343	-4245.326700671494	-15665.664300480848	-4245.326700671494	5.074940380779094E307	Infinity	0.8205999737279986	0.21657143826693442	2.449298238274001	0.3341303234590604	0.21657143826693442	2.449298238274001	0.3341303234590604	0.25702746425560097	0.0	0.0	0.0	3.5575411635396E-309	-13471.907366264062	6.716945215444103E307	7.962043248632225E307	2.2826719972230777E307	1.6699342696739355E307	2.1886764706812134E307	2	4	9	3	1
28000	-19752.88336827908	-4099.666579584924	-15653.216788694157	-4099.666579584924	1.974696500746322E307	Infinity	0.8205999737279986	0.21657143826693442	2.233297245435299	0.5501313162977626	0.21657143826693442	2.233297245435299	0.5501313162977626	0.17082331657325464	0.0	0.0	0.0	2.35119265862449E-309	-13476.907469497539	1.5023347270336136E308	4.3278656853152746E307	1.8322544257983856E307	2.377215280776327E307	1.8827035484239088E307	8	2	3	5	1
29000	-19824.973602890757	-4203.830230020547	-15621.143372870209	-4203.830230020547	1.4624787192695333E307	1.351292499383384E308	0.8205999737279986	0.5759955674219085	2.233297245435299	0.1907071871427885	0.5759955674219085	2.233297245435299	0.1907071871427885	0.08428731722411939	3.602228901476664E-309	0.0	0.0	3.650644272842354E-309	-13471.669506864277	1.0366201671824177E308	8.059639373424295E307	2.668222755503379E307	1.3955424542100698E307	8.590459675824008E306	6	5	4	3	1
30000	-19799.54915619678	-4169.305666119658	-15630.243490077122	-4169.305666119658	1.8888018740734522E307	1.5437828853748834E308	0.8205999737279986	0.8416882908773562	1.9676045219798515	0.1907071871427885	0.8416882908773562	1.9676045219798515	0.1907071871427885	0.10433365437992909	6.71002495578065E-310	0.0	0.0	6.7944296939751E-310	-13472.56858879702	6.579915734510834E307	5.108227343737317E307	6.703404497211965E307	3.980943059847274E307	1.3723449044814103E307	2	2	3	7	5
31000	-19673.95877093754	-4013.2238891328075	-15660.734881804734	-4013.2238891328075	3.012670002466481E307	Infinity	0.8205999737279986	0.8416882908773562	1.9676045219798515	0.1907071871427885	0.8416882908773562	1.9676045219798515	0.1907071871427885	0.1470099645165794	0.0	0.0	0.0	4.0558754583524E-310	-13484.044118690217	1.0108272169125832E308	8.303677297878942E307	4.785901999443029E307	2.8347816730555387E307	2.1428045516446036E307	9	2	1	4	3
32000	-20276.371772246162	-4572.88499271865	-15703.486779527513	-4572.88499271865	5.376990261465949E307	Infinity	0.8205999737279986	0.8416882908773562	1.9676045219798515	0.1907071871427885	0.8416882908773562	1.9676045219798515	0.1907071871427885	0.3778563973149069	0.0	0.0	0.0	4.196486618290593E-309	-13489.667837526362	1.0108272169125832E308	9.133322917603605E307	7.499737225262999E307	4.334808031160271E307	3.799002012841717E307	8	1	1	4	5
33000	-20097.76278158412	-4432.738523025828	-15665.024258558293	-4432.738523025828	7.548578272434006E307	Infinity	0.8205999737279986	0.8416882908773562	1.9676045219798515	0.1907071871427885	0.8416882908773562	1.9676045219798515	0.1907071871427885	0.13546027677744407	0.0	0.0	0.0	1.273309593357493E-309	-13485.66944308483	1.7643940420606E308	1.2251423256467844E308	3.508697296197598E307	8.117208478069638E307	3.670891905445269E307	2	3	1	5	8
34000	-19989.788513464617	-4353.8278747319255	-15635.960638732691	-4353.8278747319255	7.173179791042698E306	6.072552945644399E307	0.8205999737279986	0.3064368917036463	2.5028559211535613	0.1907071871427885	0.3064368917036463	2.5028559211535613	0.1907071871427885	0.21674781278295646	9.799597994737447E-309	0.0	0.0	1.0482825964716427E-308	-13452.332726188813	6.035580914371543E307	2.436393746811932E307	6.747175197737037E306	3.1651016104201E306	2.6813967189620514E306	8	1	2	4	4
35000	-19747.024847330566	-4085.918062485787	-15661.10678484478	-4085.918062485787	1.0255936755192282E307	1.1902710477195097E308	0.8205999737279986	0.3064368917036463	2.5028559211535613	0.1907071871427885	0.3064368917036463	2.5028559211535613	0.1907071871427885	0.32727206313744445	2.04143106003071E-309	0.0	0.0	2.08423833726919E-309	-13460.391868449462	6.766946560686766E307	3.8600047866198576E307	1.5167604795231946E307	4.695068688070832E306	2.520243877197488E306	4	4	3	4	4
36000	-19903.595993690506	-4230.36642033582	-15673.229573354685	-4230.36642033582	6.117958980816113E307	Infinity	0.8205999737279986	0.3064368917036463	2.5028559211535613	0.1907071871427885	0.3064368917036463	2.5028559211535613	0.1907071871427885	0.23173593531838457	0.0	0.0	0.0	1.866952422032746E-309	-13474.015442918635	1.6418153217141843E308	2.2283169194389072E307	1.2541502543743916E307	3.619200985654936E307	1.6427296910627576E307	5	3	6	1	4
37000	-19775.829992323044	-4131.507452438629	-15644.322539884417	-4131.507452438629	9.337741923351724E306	1.173406103730534E308	0.8205999737279986	0.3064368917036463	2.219862442390399	0.4737006659059509	0.3064368917036463	2.219862442390399	0.4737006659059509	0.1591078666510088	2.02959661339347E-309	0.0	0.0	2.147959216463654E-309	-13459.876994649389	1.4918506281316635E308	6.565610757639603E307	1.467992931152326E307	1.239790532726265E307	5.420738095452722E306	4	3	1	7	4
38000	-19659.15596580639	-3979.8219697632385	-15679.33399604315	-3979.8219697632385	1.2411970413514257E307	1.46859596442882E308	0.8205999737279986	0.3064368917036463	1.7666873684425866	0.9268757398537633	0.3064368917036463	1.7666873684425866	0.9268757398537633	0.4348837267357154	7.9976296512161E-310	0.0	0.0	8.6532885487909E-310	-13464.364179810516	1.1536860632661628E308	1.6265379948143348E307	2.533440766529579E307	1.0976953779105068E307	2.9775341465798784E306	5	3	2	6	3
39000	-19738.63686110894	-4073.1129999941213	-15665.523861114818	-4073.1129999941213	2.1835922686151622E307	Infinity	0.634453661245289	0.3064368917036463	1.7666873684425866	0.9268757398537633	0.3064368917036463	1.7666873684425866	0.9268757398537633	0.2663239586742398	0.0	0.0	0.0	3.48757596981937E-310	-13474.680953984736	1.6040587466385043E308	5.6495758721207E307	4.413813948655206E307	1.649684389902333E307	8.005026214144237E306	5	4	1	3	6
40000	-19816.25587470924	-4151.036647199528	-15665.219227509711	-4151.036647199528	1.5939349341258166E307	1.1620736858960497E308	0.634453661245289	0.3064368917036463	1.7666873684425866	0.9268757398537633	0.3064368917036463	1.7666873684425866	0.9268757398537633	0.28231269978993445	2.96655937940605E-309	0.0	0.0	3.0230976547046E-309	-13465.663184814459	2.226814663462103E307	3.08633629532264E307	5.940184001204796E307	2.32181554905354E307	4.863316972527796E306	1	1	9	5	3
41000	-20239.3372744925	-4565.13457919561	-15674.202695296892	-4565.13457919561	1.4487820836760537E307	1.2056756010699216E308	0.634453661245289	0.3064368917036463	1.7666873684425866	0.9268757398537633	0.3064368917036463	1.7666873684425866	0.9268757398537633	0.25817006915108626	1.631505919605593E-309	0.0	0.0	1.582316756211346E-309	-13469.623580019677	5.536324176575727E307	5.865141846665374E307	2.4964705702894585E307	1.0080546463310905E307	9.666895161287044E306	3	8	4	3	1
42000	-20132.770184926558	-4457.500349931472	-15675.269834995086	-4457.500349931472	3.192396687039334E307	Infinity	0.634453661245289	0.3064368917036463	1.7666873684425866	0.9268757398537633	0.3064368917036463	1.7666873684425866	0.9268757398537633	0.2789267783270607	0.0	0.0	0.0	1.51282334025208E-309	-13480.131651132067	1.2969152081092254E308	5.369196880927512E307	1.9094132591530298E307	1.2661092794543942E307	8.861308266167438E306	6	9	1	1	2
43000	-20221.85641160219	-4559.612847809559	-15662.243563792634	-4559.612847809559	4.878548981377326E307	Infinity	0.634453661245289	0.3064368917036463	1.7666873684425866	0.9268757398537633	0.3064368917036463	1.7666873684425866	0.9268757398537633	0.17501576287620982	0.0	0.0	0.0	5.44841444093699E-309	-13478.736629398609	9.388212352360129E307	1.0267637102474815E308	7.483251116046499E307	3.8756139870592553E307	1.602881325517124E307	1	11	1	1	5
44000	-19745.88360109785	-4102.57344149828	-15643.310159599567	-4102.57344149828	1.6458169820669724E307	1.5621834820586947E308	0.634453661245289	0.3064368917036463	1.7666873684425866	0.9268757398537633	0.3064368917036463	1.7666873684425866	0.9268757398537633	0.12598759260695225	2.262330476023717E-309	0.0	0.0	2.240026600129175E-309	-13474.50008490121	9.353452643856713E307	7.428305351698885E307	3.3881006003893746E307	1.0434682106713614E307	1.3064707982887138E307	1	12	2	1	3
45000	-19893.260102487708	-4234.555242810961	-15658.704859676745	-4234.555242810961	3.4438090723353304E307	Infinity	0.634453661245289	0.3064368917036463	1.7666873684425866	0.9268757398537633	0.3064368917036463	1.7666873684425866	0.9268757398537633	0.16191568209303175	0.0	0.0	0.0	1.908773082834526E-309	-13478.050350482254	1.6785649003428216E308	1.4339454867246881E308	2.7766219004961584E307	2.641662138794838E307	1.8679996961266412E307	1	6	8	2	2
46000	-20145.00191281087	-4494.440595293929	-15650.56131751694	-4494.440595293929	3.6131988925403595E307	Infinity	0.634453661245289	0.3064368917036463	2.403620662733572	0.28994244556277793	0.3064368917036463	2.403620662733572	0.28994244556277793	0.1628191808950806	0.0	0.0	0.0	1.856454406602267E-309	-13476.152488533851	9.839085307316264E307	6.304237125325221E307	2.4294852378363217E307	1.5196596010370294E307	2.0203272931501434E307	3	8	1	4	3
47000	-20090.988968742535	-4426.007088102341	-15664.981880640195	-4426.007088102341	4.4714234665241686E307	Infinity	0.634453661245289	0.7984105418132553	1.911647012623963	0.28994244556277793	0.7984105418132553	1.911647012623963	0.28994244556277793	0.1897317409098639	0.0	0.0	0.0	1.36802891292183E-310	-13486.828306926283	1.7004572345662183E308	5.765226500886753E307	2.7178856218711755E307	3.178201116759755E307	1.638228254148343E307	5	2	2	5	5
48000	-20457.730807013457	-4771.265678553128	-15686.46512846033	-4771.265678553128	1.3751490314865002E308	Infinity	0.634453661245289	0.34539565210894596	2.3646619023282724	0.28994244556277793	0.34539565210894596	2.3646619023282724	0.28994244556277793	0.17962156533611157	0.0	0.0	0.0	8.67175417448297E-310	-13495.871953804004	1.7004572345662183E308	4.719720102348815E307	5.820142344004038E307	1.5087806442474386E307	4.1041056810239115E307	4	1	11	1	2
49000	-20135.22692238356	-4471.266578032055	-15663.960344351504	-4471.266578032055	3.8895271297289745E307	Infinity	0.634453661245289	0.34539565210894596	2.3646619023282724	0.28994244556277793	0.34539565210894596	2.3646619023282724	0.28994244556277793	0.1148271761190761	0.0	0.0	0.0	1.167287119751657E-309	-13490.21537885759	1.2940964798081125E308	9.746596805073142E307	5.257486030144341E307	3.493326780833107E307	7.47801898466591E307	10	1	2	2	4
50000	-20037.390281940447	-4330.3209111970755	-15707.069370743373	-4330.3209111970755	1.1640649885085017E308	Infinity	0.634453661245289	0.34539565210894596	2.3646619023282724	0.28994244556277793	0.34539565210894596	2.3646619023282724	0.28994244556277793	0.2473552738350473	0.0	0.0	0.0	1.93024588450265E-310	-13499.598199233416	1.0989548873591235E308	9.00047457509385E307	1.4005542178321687E308	8.876532981639841E307	4.954251909232711E307	8	3	2	1	5
51000	-19883.749515613537	-4169.988879850023	-15713.760635763514	-4169.988879850023	1.1609772000586843E308	Infinity	0.634453661245289	0.34539565210894596	2.3646619023282724	0.28994244556277793	0.34539565210894596	2.3646619023282724	0.28994244556277793	0.33855425019726615	0.0	0.0	0.0	4.45019528458657E-310	-13490.57576318908	9.901548505372672E307	6.807069953492171E307	4.929463727313746E307	6.724048053472744E307	5.497061375471943E307	1	2	1	1	14
52000	-19993.47091611097	-4315.301291679641	-15678.169624431332	-4315.301291679641	1.6002916166117707E308	Infinity	0.634453661245289	0.34539565210894596	2.3646619023282724	0.28994244556277793	0.34539565210894596	2.3646619023282724	0.28994244556277793	0.1804389129985111	0.0	0.0	0.0	2.5293932751616E-310	-13492.086994813888	3.20425907328864E307	5.434911824421526E307	8.320850977730203E307	9.853376748455368E307	7.472964550666654E307	1	2	1	1	14
53000	-19939.45528366135	-4276.49849511639	-15662.956788544963	-4276.49849511639	3.5921919856009193E307	Infinity	0.634453661245289	0.34539565210894596	2.3646619023282724	0.28994244556277793	0.34539565210894596	2.3646619023282724	0.28994244556277793	0.1414445033837656	0.0	0.0	0.0	1.10877704056836E-309	-13475.141518528515	8.644786669203543E307	7.64452731726387E307	2.7163593506783765E307	6.378877636821775E307	4.003778387067239E307	1	3	1	2	12
54000	-20094.03435770945	-4449.450180388532	-15644.584177320918	-4449.450180388532	7.834551773810297E306	5.779744278178294E307	0.634453661245289	0.34539565210894596	1.7577652093547154	0.8968391385363349	0.34539565210894596	1.7577652093547154	0.8968391385363349	0.24104239139918426	1.1339926238597607E-308	0.0	0.0	1.083251702502196E-308	-13453.551394089649	3.24052057753296E307	2.865519739956783E307	2.948222642594701E307	1.3652912452992702E307	9.665719366182009E306	1	2	2	2	12
55000	-20030.780908020468	-4407.863396540863	-15622.917511479607	-4407.863396540863	7.920370251305191E306	4.568433300071237E307	0.634453661245289	0.34539565210894596	1.7577652093547154	0.8968391385363349	0.34539565210894596	1.7577652093547154	0.8968391385363349	0.17631145990742683	1.861966022595386E-309	0.0	0.0	2.03802402550173E-309	-13448.512312151179	6.238394811060807E307	1.4260261350912209E307	6.497738367358052E306	5.333477529770289E306	9.243943037513694E306	3	5	1	6	4
56000	-20133.217962282266	-4478.826767544332	-15654.391194737933	-4478.826767544332	1.8067723325939078E307	6.1292949942748E307	0.634453661245289	0.34539565210894596	1.7577652093547154	0.8968391385363349	0.34539565210894596	1.7577652093547154	0.8968391385363349	0.3380603185042415	3.80148145215545E-309	0.0	0.0	3.683335801716495E-309	-13449.248752469688	2.4356292927727547E307	1.9650539032585833E307	3.018189401028413E307	9.899617387414894E306	5.3588506635285645E306	1	5	3	3	7
57000	-19919.43174135303	-4271.624433729654	-15647.807307623374	-4271.624433729654	1.2790311340337184E307	9.778588880744068E307	0.634453661245289	0.34539565210894596	1.7577652093547154	0.8968391385363349	0.34539565210894596	1.7577652093547154	0.8968391385363349	0.17617782904900106	4.39598861335333E-309	0.0	0.0	4.74270515462401E-309	-13465.613138305082	6.408194160565389E307	1.7846708113235013E307	2.1854419189924244E307	1.630956594280557E307	1.0670404512658685E307	3	2	8	3	3
58000	-20232.59142154569	-4570.417281363804	-15662.174140181885	-4570.417281363804	1.1478979005873664E307	9.822405740614022E307	0.634453661245289	0.34539565210894596	1.7577652093547154	0.8968391385363349	0.34539565210894596	1.7577652093547154	0.8968391385363349	0.3017962423450546	5.17899560127958E-309	0.0	0.0	5.33523728623387E-309	-13461.079331366507	8.153308626137663E307	2.6528508265624997E307	3.250574864912159E307	2.873647073667404E307	8.608482332619979E306	2	3	6	1	7
59000	-20123.412216799414	-4480.2886825330115	-15643.123534266404	-4480.2886825330115	8.860982289818412E306	8.867931296575714E307	0.634453661245289	1.06545424037777	1.7577652093547154	0.17678055026751083	1.06545424037777	1.7577652093547154	0.17678055026751083	0.16192155817373421	9.48801950008203E-309	0.0	0.0	9.682131671608404E-309	-13460.380896835037	8.925882616204256E307	2.518276485579038E307	3.0329862505939604E307	1.1423901012803037E307	7.172535897067837E306	3	2	2	2	10
60000	-20309.003342314387	-4633.968400320805	-15675.034941993583	-4633.968400320805	4.100366628907211E306	5.617315104328043E307	0.634453661245289	1.06545424037777	1.7577652093547154	0.17678055026751083	1.06545424037777	1.7577652093547154	0.17678055026751083	0.5691164290924983	2.155212228998375E-308	0.0	0.0	1.800843556348348E-308	-13443.795349753764	7.66739074433993E307	2.0293403919848778E307	1.1344284078730953E307	7.945762857176048E306	2.6947538914687957E306	3	1	2	5	8
61000	-20284.066797466097	-4620.749530645748	-15663.317266820348	-4620.749530645748	7.714212018643816E307	Infinity	0.634453661245289	0.4608502290198798	2.3623692207126057	0.17678055026751083	0.4608502290198798	2.3623692207126057	0.17678055026751083	0.15756709880471828	0.0	0.0	0.0	2.18842811261417E-309	-13482.089165733856	1.1122945760869058E308	4.488618975563376E307	3.0504434315238047E307	2.0632069737133146E307	3.264716374336235E307	7	1	2	2	7
62000	-20089.097861506423	-4425.69436793951	-15663.403493566911	-4425.69436793951	2.078049651094677E307	Infinity	0.634453661245289	0.2935266982896185	2.529692751442867	0.17678055026751083	0.2935266982896185	2.529692751442867	0.17678055026751083	0.15414227427110236	0.0	0.0	0.0	3.813670507239544E-309	-13476.276376963255	1.3279170466351634E308	6.412604019332106E307	4.304409113216463E307	1.2792891630388002E307	9.497864715527808E306	4	3	7	1	4
63000	-20056.62606153862	-4398.712128829256	-15657.913932709364	-4398.712128829256	1.3497934287136619E307	9.65542647468349E307	0.634453661245289	0.2935266982896185	1.584915168256929	1.121558133453449	0.2935266982896185	1.584915168256929	1.121558133453449	0.2726185028342525	1.574383201213814E-309	0.0	0.0	1.476599603847237E-309	-13462.765872284104	7.174276857816082E307	4.409624153451726E307	1.7279833437583319E307	1.9686600071986388E307	9.85042833578605E306	5	3	1	7	3
64000	-19934.284833301706	-4274.260759215215	-15660.02407408649	-4274.260759215215	4.347555231050672E306	4.235468912051594E307	0.7884273537831481	0.2935266982896185	1.584915168256929	1.121558133453449	0.2935266982896185	1.584915168256929	1.121558133453449	0.41185007187505984	1.0947876156508793E-308	0.0	0.0	9.74452987618825E-309	-13438.483782205352	6.809122295538171E307	2.823539923057375E307	8.949983414682983E306	3.073033423999579E306	1.0683209339612087E306	2	1	7	3	6
65000	-19970.89666161375	-4308.7554613980565	-15662.141200215694	-4308.7554613980565	1.9849478883696837E307	Infinity	0.7884273537831481	0.2935266982896185	1.584915168256929	1.121558133453449	0.2935266982896185	1.584915168256929	1.121558133453449	0.2657428881039559	0.0	0.0	0.0	2.02965974522135E-309	-13471.820019512741	1.631867051981715E308	7.920848886960444E307	1.64386635967786E307	8.09919126841273E306	3.495797458507534E306	5	5	1	1	7
66000	-20242.044943088607	-4570.2995309938115	-15671.745412094797	-4570.2995309938115	1.749641075134153E307	Infinity	0.7884273537831481	0.2935266982896185	1.584915168256929	1.121558133453449	0.2935266982896185	1.584915168256929	1.121558133453449	0.3324268091439514	0.0	0.0	0.0	1.49571656829366E-309	-13468.987552355988	9.930219859383819E307	7.144232675372869E307	4.9911401122668335E306	3.574091102798961E306	3.828518929858038E306	10	1	1	1	6
67000	-20022.229016566303	-4352.984427344921	-15669.244589221382	-4352.984427344921	9.519149287938783E306	1.3426587932689285E308	0.7884273537831481	0.2935266982896185	1.584915168256929	1.121558133453449	0.2935266982896185	1.584915168256929	1.121558133453449	0.5064868521497775	3.99265315436944E-309	0.0	0.0	4.03001514125038E-309	-13455.256302710079	7.848588102764286E307	1.5097911567888802E307	8.331565577847406E306	9.952012613192137E305	7.886362943196828E305	7	4	2	5	1
68000	-20062.833981868072	-4446.336703983137	-15616.497277884935	-4446.336703983137	2.7856721728632006E306	3.913118522163475E307	0.7884273537831481	0.2935266982896185	1.584915168256929	1.121558133453449	0.2935266982896185	1.584915168256929	1.121558133453449	0.1773934342357734	1.913534116647361E-308	0.0	0.0	1.9291283425831207E-308	-13437.470590742063	2.418347000196629E307	8.02753995225309E306	2.826758074960232E306	7.253809964689394E305	2.171962403604446E305	6	2	4	6	1
69000	-20167.771996056166	-4533.620846928975	-15634.15114912719	-4533.620846928975	8.643047550592653E306	6.469844095574503E307	0.7884273537831481	0.7239344156814862	1.0191794279093325	1.2568861564091778	0.7239344156814862	1.0191794279093325	1.2568861564091778	0.1986034376289102	1.402129278042982E-308	0.0	0.0	1.4140728095797116E-308	-13445.615754479048	4.297602700429579E307	1.7772681711940498E307	2.9772387718252296E306	1.9226214326073812E306	3.7998240994621374E306	6	1	5	2	5
70000	-20166.450380448296	-4567.858979145825	-15598.591401302469	-4567.858979145825	7.302201829624355E306	5.563711718520326E307	0.7884273537831481	1.2993905964765102	1.0191794279093325	0.6814299756141536	1.2993905964765102	1.0191794279093325	0.6814299756141536	0.07827996001586521	2.133196087718723E-309	0.0	0.0	2.169973423794527E-309	-13447.95975562247	4.975891989478718E307	2.252508374451304E307	1.0292383219448781E307	6.933648132466752E306	4.476878857585904E306	4	2	2	1	10
71000	-20253.19468468	-4588.081110948012	-15665.113573731987	-4588.081110948012	1.2663709146738993E307	1.0622590254309798E308	0.7884273537831481	1.2993905964765102	1.0191794279093325	0.6814299756141536	1.2993905964765102	1.0191794279093325	0.6814299756141536	0.3585049549411322	1.18408086527651E-309	0.0	0.0	1.207010246487014E-309	-13466.570240393363	6.988966502556919E307	3.4855697280251963E307	1.4204457636584537E307	1.30369146234066E307	1.0837227923005495E307	7	3	5	3	1
72000	-20254.834969417414	-4620.748045499858	-15634.086923917557	-4620.748045499858	7.952414498947465E306	4.1335302328467873E307	0.7884273537831481	1.2993905964765102	1.0191794279093325	0.6814299756141536	1.2993905964765102	1.0191794279093325	0.6814299756141536	0.22764050081763773	7.14943906597866E-309	0.0	0.0	7.36678919217115E-309	-13446.428783170724	2.460063445446777E307	3.6311058548951446E307	7.906386104415756E306	6.354102149958949E306	2.6693778662474473E306	1	5	1	10	2
73000	-20103.410074007163	-4468.647386955042	-15634.762687052122	-4468.647386955042	5.457639676515211E306	3.791592495617568E307	0.7884273537831481	1.2993905964765102	1.0191794279093325	0.6814299756141536	1.2993905964765102	1.0191794279093325	0.6814299756141536	0.2684508309475907	1.075279845230841E-308	0.0	0.0	1.096774576172501E-308	-13440.372009456087	2.7808930640335125E307	2.730344433122363E307	8.424920304278655E306	4.2545504778343665E306	2.957403856195955E306	4	2	1	10	2
74000	-20056.85152251321	-4404.80493423684	-15652.046588276371	-4404.80493423684	2.456855274237272E306	2.2246309842319586E307	0.7884273537831481	0.7902451204192601	1.0191794279093325	1.1905754516714038	0.7902451204192601	1.0191794279093325	1.1905754516714038	0.3990133875479982	4.1013776449938835E-308	0.0	0.0	4.3668780757466005E-308	-13435.614642675517	2.5624905642773985E307	2.996796589541631E307	1.1776667932201238E307	4.1934512550002314E306	2.5951993272004326E306	4	1	1	2	11
75000	-19771.093144854298	-4128.327458126416	-15642.76568672788	-4128.327458126416	7.046998803114938E306	4.713642304471875E307	0.7884273537831481	0.7902451204192601	1.7403283726074705	0.4694265069732656	0.7902451204192601	1.7403283726074705	0.4694265069732656	0.3122343364451921	2.35172625501718E-309	0.0	0.0	2.30563715149039E-309	-13444.461343705416	7.295994325911909E307	1.2146339167967253E307	4.1364865343852914E306	8.114751891213476E306	1.795101996850199E307	2	7	3	6	1
76000	-19799.104438918548	-4125.352926752702	-15673.751512165845	-4125.352926752702	2.478694350650905E307	Infinity	0.7884273537831481	0.7902451204192601	1.7403283726074705	0.4694265069732656	0.7902451204192601	1.7403283726074705	0.4694265069732656	0.22914315948387393	0.0	0.0	0.0	1.636532684255235E-309	-13469.477565633368	1.3568843846954511E308	2.619432096001174E307	1.228062461532595E307	5.4251910639177344E306	1.0118582542514497E307	3	8	5	2	1
77000	-19924.825394301584	-4254.976092395995	-15669.84930190559	-4254.976092395995	3.011251075994377E307	Infinity	0.7884273537831481	0.7902451204192601	1.7403283726074705	0.4694265069732656	0.7902451204192601	1.7403283726074705	0.4694265069732656	0.24845991942915346	0.0	0.0	0.0	1.088355974358406E-309	-13474.885669448953	1.0890553424512446E308	8.595065279509164E307	4.487395660839699E307	1.2308169106552162E307	1.304071675539609E307	3	4	7	4	1
78000	-20002.877236337157	-4382.545770994373	-15620.331465342784	-4382.545770994373	1.6202974283170713E307	1.1327101088978134E308	0.7884273537831481	0.7902451204192601	1.7403283726074705	0.4694265069732656	0.7902451204192601	1.7403283726074705	0.4694265069732656	0.10766627648019053	2.674879524126775E-309	0.0	0.0	2.736219160622826E-309	-13458.303489649319	1.001467234159254E308	1.275725023138177E307	1.0957051144908124E307	1.8387867588964986E307	1.6743213302966078E307	2	3	6	6	2
79000	-19929.44692271793	-4273.070746419994	-15656.376176297936	-4273.070746419994	1.403199642054051E307	1.4300853415100628E308	0.7884273537831481	1.0046228435297353	1.7403283726074705	0.2550487838627904	1.0046228435297353	1.7403283726074705	0.2550487838627904	0.18680504449277135	2.397178159225825E-309	0.0	0.0	2.312230010801244E-309	-13467.167919855605	1.5180569117974823E308	2.605085243111063E307	1.0559053120274308E307	6.107172309085189E306	5.807501719879437E306	5	5	3	1	5
80000	-20069.475099787334	-4400.299396082829	-15669.175703704506	-4400.299396082829	1.8506101919112843E307	1.6914452881769998E308	0.7884273537831481	1.0046228435297353	1.7403283726074705	0.2550487838627904	1.0046228435297353	1.7403283726074705	0.2550487838627904	0.3128121457303046	2.46666641465406E-309	0.0	0.0	2.42302297654205E-309	-13472.061224284318	1.0209197143872432E308	3.120090358304003E307	2.8856537659090934E307	1.6060783990595543E307	1.0467638823359964E307	4	6	1	5	3
81000	-20464.508716925888	-4830.944506205075	-15633.564210720813	-4830.944506205075	2.1628973779898024E307	1.7740568030775252E308	0.7884273537831481	1.0046228435297353	1.7403283726074705	0.2550487838627904	1.0046228435297353	1.7403283726074705	0.2550487838627904	0.08183033673149152	2.508161994905873E-309	0.0	0.0	2.49516445171373E-309	-13474.14558416332	8.858255796193998E307	7.127095883757852E307	5.114514594685241E307	6.18994109674289E306	7.72263587295483E306	7	3	2	5	2
82000	-19857.66190728269	-4180.667104187724	-15676.994803094967	-4180.667104187724	2.364444968529897E307	Infinity	0.7884273537831481	1.0046228435297353	1.7403283726074705	0.2550487838627904	1.0046228435297353	1.7403283726074705	0.2550487838627904	0.290407672682869	0.0	0.0	0.0	9.1840912110691E-310	-13475.321482794836	1.5391277060096275E308	2.9562689056429925E307	2.398450613998006E307	1.6129554763973309E307	8.812133083328524E306	7	1	3	3	5
83000	-20089.992995309465	-4434.369040696827	-15655.623954612638	-4434.369040696827	9.054983209494221E306	1.019815626346665E308	0.7884273537831481	0.17308444301458292	1.7403283726074705	1.0865871843779429	0.17308444301458292	1.7403283726074705	1.0865871843779429	0.22461279143376597	7.83027290889674E-310	0.0	0.0	8.03191015724276E-310	-13462.245338288067	6.428475024073426E307	6.286784900939054E307	2.4720794886632646E307	8.12355850593664E306	2.524380545940434E306	3	3	4	6	3
84000	-20019.86512623331	-4425.095244651205	-15594.769881582106	-4425.095244651205	2.869466831893557E306	2.596391276609223E307	0.7884273537831481	0.17308444301458292	2.0721780617055887	0.7547374952798245	0.17308444301458292	2.0721780617055887	0.7547374952798245	0.10764958511520409	3.25352532961877E-309	0.0	0.0	3.23396629051738E-309	-13437.06675173338	4.751972171881663E307	9.700470023233129E306	1.3319041093315676E307	5.28719670635655E306	1.948158893383951E306	1	4	1	3	10
85000	-20244.66363213997	-4607.032722896548	-15637.630909243424	-4607.032722896548	1.0476985726649376E307	4.205630983727616E307	0.7884273537831481	0.17308444301458292	2.0721780617055887	0.7547374952798245	0.17308444301458292	2.0721780617055887	0.7547374952798245	0.24799816125204127	2.3820595196650668E-308	0.0	0.0	2.813097241118453E-308	-13442.922207815047	5.822194715741262E307	5.681626643700507E307	2.6261593445484016E307	1.391271791113531E307	5.709362197325017E306	1	1	1	3	13
86000	-20015.75935017084	-4369.843558939019	-15645.915791231819	-4369.843558939019	1.221723314587459E307	7.799897636602519E307	0.7884273537831481	0.17308444301458292	2.0721780617055887	0.7547374952798245	0.17308444301458292	2.0721780617055887	0.7547374952798245	0.18264124165061307	6.47959847078762E-309	0.0	0.0	6.57725229870317E-309	-13455.23917040458	4.653242087510518E307	9.302984272008832E306	1.057917727526391E307	1.0264392631703456E307	9.389837221892342E306	3	1	1	9	5
87000	-19917.12381980136	-4268.145530030382	-15648.978289770976	-4268.145530030382	1.9687971782900155E307	1.1667562975252146E308	0.7884273537831481	0.17308444301458292	2.0721780617055887	0.7547374952798245	0.17308444301458292	2.0721780617055887	0.7547374952798245	0.19432900994252414	1.061711178307565E-309	0.0	0.0	1.08511182616899E-309	-13465.983293618317	1.0071139133122671E308	4.750094526716343E307	2.3745284202413114E307	3.045296910493929E307	7.137723429420928E306	4	3	4	5	3
88000	-19989.08257733948	-4320.5088629705215	-15668.573714368958	-4320.5088629705215	7.791140226055483E306	5.917833583475451E307	0.7884273537831481	0.17308444301458292	2.0721780617055887	0.7547374952798245	0.17308444301458292	2.0721780617055887	0.7547374952798245	0.38272282789868106	8.09703247401437E-309	0.0	0.0	7.131479510371866E-309	-13456.868992864465	4.313881398103251E307	1.68814564540159E307	2.185800804624015E307	1.5383499726014027E307	1.054347507324027E307	1	2	5	7	4
89000	-20112.705300109166	-4492.229160679018	-15620.47613943015	-4492.229160679018	2.8305472742529615E307	1.4787011634531919E308	0.7884273537831481	0.7099368135399252	1.5353256911802464	0.7547374952798245	0.7099368135399252	1.5353256911802464	0.7547374952798245	0.07662738608913407	1.208175216992594E-309	0.0	0.0	1.219997745693674E-309	-13470.059681548128	1.3006035033545184E308	5.694377073026924E307	6.517658621414081E307	1.0877475613313658E307	1.2623938303979082E307	2	4	3	4	6
90000	-19961.201667117857	-4271.8861430557245	-15689.315524062135	-4271.8861430557245	2.8999682499453575E307	Infinity	0.7884273537831481	0.5233435432118079	1.7219189615083637	0.7547374952798245	0.5233435432118079	1.7219189615083637	0.7547374952798245	0.34860482907963175	0.0	0.0	0.0	1.52190347929515E-309	-13478.823964482543	1.6611208167497509E308	8.840762017628699E307	8.248812758548232E307	5.646947920196922E307	1.616414354830076E307	2	9	1	3	4
91000	-19792.94043679058	-4125.215080011629	-15667.725356778952	-4125.215080011629	4.416970581308111E307	Infinity	0.7884273537831481	0.5233435432118079	1.7219189615083637	0.7547374952798245	0.5233435432118079	1.7219189615083637	0.7547374952798245	0.2142075341262737	0.0	0.0	0.0	3.14954231294204E-309	-13473.287874597981	1.2713137080354044E308	7.219841086914473E307	2.2244985907368232E307	1.8536915192536376E307	1.928097529161408E307	3	5	8	1	2
92000	-19987.221972847758	-4344.966182717163	-15642.255790130595	-4344.966182717163	3.0458353973210925E307	Infinity	0.7884273537831481	0.5233435432118079	1.7219189615083637	0.7547374952798245	0.5233435432118079	1.7219189615083637	0.7547374952798245	0.11226691190535748	0.0	0.0	0.0	2.19335382678393E-309	-13477.588544082644	1.5665474625555784E308	9.925033111191396E307	5.38874332024923E307	2.5361008039221197E307	1.3379157486960832E307	3	3	8	4	1
93000	-20050.94229315248	-4359.87717029016	-15691.065122862317	-4359.87717029016	6.410963303883117E307	Infinity	0.7884273537831481	0.43509596948611057	1.810166535234061	0.7547374952798245	0.43509596948611057	1.810166535234061	0.7547374952798245	0.20504378912032833	0.0	0.0	0.0	3.0742441204727E-310	-13502.182975420956	9.683425406825577E307	7.265073049461507E307	5.100123901085009E307	4.694170158721363E307	4.845538574227822E307	11	1	4	2	1
94000	-19910.90453628156	-4240.677928811678	-15670.22660746988	-4240.677928811678	4.475451334238651E307	Infinity	0.7884273537831481	0.43509596948611057	1.810166535234061	0.7547374952798245	0.43509596948611057	1.810166535234061	0.7547374952798245	0.21827189842561517	0.0	0.0	0.0	6.31191415423E-310	-13484.02636213105	7.867889029626696E307	4.527340452010093E307	4.2973907771396473E307	3.5178872046895745E307	2.765635356411857E307	7	2	4	5	1
95000	-19826.482248332322	-4135.2374380935025	-15691.244810238819	-4135.2374380935025	1.118978335704344E308	Infinity	0.7884273537831481	0.43509596948611057	1.810166535234061	0.7547374952798245	0.43509596948611057	1.810166535234061	0.7547374952798245	0.25398731109074485	0.0	0.0	0.0	4.48260289933343E-310	-13491.87709890195	8.655264034404073E307	1.41651651151403E308	1.0260054135042946E308	1.1691712438888228E308	5.195549340841812E307	3	3	11	1	1
96000	-20368.14776760202	-4649.83605435192	-15718.311713250097	-4649.83605435192	7.368900744813028E307	Infinity	0.7884273537831481	0.43509596948611057	1.810166535234061	0.7547374952798245	0.43509596948611057	1.810166535234061	0.7547374952798245	0.46081740359387974	0.0	0.0	0.0	2.20137045101173E-309	-13489.048574881168	1.0846985830055739E308	7.684496076353711E307	1.771173636422496E308	1.0971374500344873E308	3.135322745346396E307	5	4	4	4	2
97000	-19713.094448835265	-4083.964973701204	-15629.129475134061	-4083.964973701204	1.3081777712512468E307	8.849660197737201E307	0.7884273537831481	0.43509596948611057	1.810166535234061	0.7547374952798245	0.43509596948611057	1.810166535234061	0.7547374952798245	0.16592026016077757	2.536716304478084E-309	0.0	0.0	2.578441507149604E-309	-13458.285127783867	8.35809152252613E307	3.6787009940674225E307	1.92559020557355E307	7.37357646044582E306	2.109426305396353E306	3	1	4	10	1
98000	-20050.25771368882	-4438.733768455644	-15611.523945233175	-4438.733768455644	9.183407868664625E306	8.296365201111241E307	0.7884273537831481	0.43509596948611057	1.810166535234061	0.7547374952798245	0.43509596948611057	1.810166535234061	0.7547374952798245	0.11581804142265142	4.60990981932692E-309	0.0	0.0	4.66297586803453E-309	-13454.834227630528	1.1796645708683821E308	4.634782590973612E307	1.7765162335313505E307	5.869426075687148E306	2.8091670355717335E306	3	1	8	4	3
99000	-19827.148223714015	-4163.184808036442	-15663.963415677572	-4163.184808036442	5.372295334015918E306	7.185408065963105E307	0.7884273537831481	0.43509596948611057	1.810166535234061	0.7547374952798245	0.43509596948611057	1.810166535234061	0.7547374952798245	0.43980179798530866	2.418929745700816E-309	0.0	0.0	2.32696395277559E-309	-13450.284416573895	1.0618552640164922E308	1.180524720785217E308	2.625216628803456E307	3.590527053470157E306	2.5248116287995862E306	2	1	8	5	3
100000	-19775.073914102133	-4144.379681279129	-15630.694232823003	-4144.379681279129	9.884030322398381E306	1.172772003798514E308	0.7884273537831481	0.43509596948611057	1.810166535234061	0.7547374952798245	0.43509596948611057	1.810166535234061	0.7547374952798245	0.13595528349902708	2.963115435647953E-309	0.0	0.0	3.129975170169205E-309	-13462.711446473926	1.0776435917469154E308	4.85504112160286E307	9.943753792406884E306	3.55852687283564E306	1.6301526221797298E306	4	6	5	3	1
101000	-20022.568547918305	-4365.717995989564	-15656.850551928741	-4365.717995989564	1.2695964692135396E307	1.145030835416678E308	0.7884273537831481	0.43509596948611057	1.810166535234061	0.7547374952798245	0.43509596948611057	1.810166535234061	0.7547374952798245	0.18931618951041854	6.597473575962296E-309	0.0	0.0	7.213401215031797E-309	-13465.420056508565	7.549681871529807E307	6.302433596405919E307	1.752155958697524E307	4.5466585640593894E306	3.851718098868519E306	3	9	2	4	1
102000	-19983.26661569445	-4334.904814988593	-15648.361800705858	-4334.904814988593	2.7326940899522574E307	1.4708943583520786E308	0.7884273537831481	0.43509596948611057	1.810166535234061	0.7547374952798245	0.43509596948611057	1.810166535234061	0.7547374952798245	0.13161635311202796	4.72741841121285E-309	0.0	0.0	4.75230024613825E-309	-13471.744303337902	1.0912572430749397E308	6.506021375039071E307	2.2507139888454755E307	2.486763843648078E307	1.5363355928872808E307	2	6	6	3	2
103000	-20539.722817569054	-4874.755353809912	-15664.967463759142	-4874.755353809912	7.960051868506561E307	Infinity	0.7884273537831481	0.43509596948611057	1.810166535234061	0.7547374952798245	0.43509596948611057	1.810166535234061	0.7547374952798245	0.16665908616781416	0.0	0.0	0.0	2.230485725101865E-309	-13486.730664826642	7.812839545686361E307	5.163482952173927E307	6.307290629686259E307	4.520069541063205E307	2.2051125636706686E307	7	3	5	1	3
104000	-20245.75173661447	-4555.9491140468535	-15689.802622567617	-4555.9491140468535	5.340744088044002E307	Infinity	0.7884273537831481	0.43509596948611057	1.810166535234061	0.7547374952798245	0.43509596948611057	1.810166535234061	0.7547374952798245	0.24092738260766475	0.0	0.0	0.0	1.271232202384525E-309	-13491.09645888072	1.384142573609163E308	1.3323867263909178E308	9.14997907364308E307	1.2811421628494523E308	8.514928654841507E307	2	1	5	2	9
105000	-20204.12758315805	-4497.206259645001	-15706.92132351305	-4497.206259645001	5.942227049004912E307	Infinity	0.7884273537831481	0.43509596948611057	1.810166535234061	0.7547374952798245	0.43509596948611057	1.810166535234061	0.7547374952798245	0.4038959626789464	0.0	0.0	0.0	3.04374471074297E-309	-13489.141554163234	1.489778761966718E308	1.0515644858805172E308	8.870912360702606E307	4.2573389029873323E307	4.120986671850165E307	5	4	4	2	4
106000	-19876.276177545093	-4205.225303413672	-15671.050874131422	-4205.225303413672	6.819938464836872E307	Infinity	0.7884273537831481	0.43509596948611057	2.557272195176098	0.007631835337787218	0.43509596948611057	2.557272195176098	0.007631835337787218	0.13442606630819143	0.0	0.0	0.0	3.27886994186877E-310	-13494.652260042942	9.218247750773486E307	1.2574911388434529E308	8.147037651837499E307	6.817084059815558E307	1.0207579599805045E308	4	6	2	2	5
107000	-20049.796421685744	-4321.972129932899	-15727.824291752844	-4321.972129932899	1.6256502924764745E308	Infinity	0.7884273537831481	0.43509596948611057	2.557272195176098	0.007631835337787218	0.43509596948611057	2.557272195176098	0.007631835337787218	0.38704922372742	0.0	0.0	0.0	6.8247953116077E-310	-13506.904442832887	9.655399685804275E307	1.2693661277878479E308	1.7357591367404496E308	1.4480729889763824E308	1.1521180165496377E308	2	1	9	2	5
108000	-19981.934183849116	-4298.77504402252	-15683.159139826597	-4298.77504402252	8.844773926265984E307	Infinity	0.7884273537831481	0.43509596948611057	2.557272195176098	0.007631835337787218	0.43509596948611057	2.557272195176098	0.007631835337787218	0.1496837502961352	0.0	0.0	0.0	4.04460486051245E-310	-13499.961650482603	1.4760214852787543E308	1.1637308887695551E308	1.7357591367404496E308	1.338554518775496E308	7.764390219281652E307	3	5	6	3	2
109000	-20088.63942508193	-4415.650465592857	-15672.98895948907	-4415.650465592857	7.927237298221404E307	Infinity	0.7884273537831481	0.43509596948611057	2.557272195176098	0.007631835337787218	0.43509596948611057	2.557272195176098	0.007631835337787218	0.13167352684816405	0.0	0.0	0.0	6.6329317682974E-310	-13501.572542560669	1.5547669996990148E308	7.940879869056009E307	1.134223026214301E308	8.870590693875782E307	3.784581366603063E307	4	1	3	10	1
110000	-20369.520176746493	-4660.298817576063	-15709.221359170431	-4660.298817576063	5.51029320912147E307	Infinity	0.7884273537831481	0.43509596948611057	2.557272195176098	0.007631835337787218	0.43509596948611057	2.557272195176098	0.007631835337787218	0.4559926171330126	0.0	0.0	0.0	3.028950597962906E-309	-13485.913648336586	1.4801594618256752E308	9.788286369827643E307	7.167997500037257E307	4.920826395644265E307	2.9245871446491353E307	3	1	11	1	3
111000	-19938.032632603652	-4291.981724954113	-15646.05090764954	-4291.981724954113	1.4464634442410263E307	8.79907540248025E307	0.7884273537831481	0.43509596948611057	2.557272195176098	0.007631835337787218	0.43509596948611057	2.557272195176098	0.007631835337787218	0.17492899177332794	6.41324640164113E-309	0.0	0.0	6.447056995096003E-309	-13455.311232690754	7.43075941388527E307	2.3264290604574146E307	1.0252452424759478E307	1.703568960131958E307	1.801105568620213E307	3	2	4	3	7
112000	-20038.584199406	-4362.742589823297	-15675.841609582703	-4362.742589823297	1.201260094940447E307	8.82732335832622E307	0.7884273537831481	0.43509596948611057	2.557272195176098	0.007631835337787218	0.43509596948611057	2.557272195176098	0.007631835337787218	0.47539957271518835	4.863237906475573E-309	0.0	0.0	5.30030483951563E-309	-13458.414747064278	5.325111573173323E307	3.3607955115399863E307	9.381568648890606E306	1.2565879447074648E307	1.0936356476572491E307	5	1	2	10	1
113000	-20103.448421876405	-4442.441462320407	-15661.006959555996	-4442.441462320407	7.288711292042064E306	7.815410016517998E307	0.7884273537831481	0.43509596948611057	2.557272195176098	0.007631835337787218	0.43509596948611057	2.557272195176098	0.007631835337787218	0.3143843101845525	1.7269996214122265E-308	0.0	0.0	1.5892496632051863E-308	-13454.7415231188	1.4204436802533607E308	5.433186950721196E307	1.4472315205953158E307	4.517828561324537E306	4.177352025121294E306	3	3	4	5	4
114000	-20150.77727792298	-4548.943227959203	-15601.83404996378	-4548.943227959203	4.918278192877245E306	2.5518832179249564E307	0.7884273537831481	0.43509596948611057	2.557272195176098	0.007631835337787218	0.43509596948611057	2.557272195176098	0.007631835337787218	0.11351501477685784	6.136529021290688E-308	0.0	0.0	5.877449781593837E-308	-13437.91272162507	1.8978698769317777E307	1.51170821940526E307	3.694466572428207E306	2.0872475855049238E306	2.9144334914896655E306	2	6	2	8	1
115000	-20107.240144443407	-4470.384478650689	-15636.85566579272	-4470.384478650689	1.9040200371183272E306	2.3027699291955606E307	0.7884273537831481	0.43509596948611057	2.557272195176098	0.007631835337787218	0.43509596948611057	2.557272195176098	0.007631835337787218	0.31117590256637906	3.5634293135510405E-308	0.0	0.0	3.8857614742049286E-308	-13431.820524247558	2.1744583202050927E307	8.898909285769256E306	2.6157334807498406E306	2.066218407573798E306	2.9004381326148118E305	5	4	5	3	2
116000	-19751.339062521012	-4099.8586739492375	-15651.480388571776	-4099.8586739492375	9.928571600092808E306	9.667344579895083E307	0.7884273537831481	0.43509596948611057	2.557272195176098	0.007631835337787218	0.43509596948611057	2.557272195176098	0.007631835337787218	0.20348261055680672	2.897829045578753E-309	0.0	0.0	2.864501943874375E-309	-13460.785421306024	1.501614356466899E308	2.839542876592135E307	1.9538690207322504E307	6.995531989771426E306	5.194840342101549E306	4	4	4	5	2
117000	-20271.80979984417	-4609.5740041464105	-15662.23579569776	-4609.5740041464105	2.298216304155638E307	1.2734818376268392E308	0.7884273537831481	0.43509596948611057	2.557272195176098	0.007631835337787218	0.43509596948611057	2.557272195176098	0.007631835337787218	0.2228950202468207	4.251789653538945E-309	0.0	0.0	4.58004128980671E-309	-13464.956475935078	4.563136758665646E307	2.9113421426161903E307	2.5690071167426936E307	1.8540511295661456E307	5.93463046869204E306	2	8	7	1	1
118000	-19899.97911415795	-4233.137257075535	-15666.841857082416	-4233.137257075535	4.177247642010013E307	Infinity	0.7884273537831481	0.43509596948611057	2.557272195176098	0.007631835337787218	0.43509596948611057	2.557272195176098	0.007631835337787218	0.24117897722710943	0.0	0.0	0.0	1.82970368016665E-309	-13472.283142566086	1.5194296763321391E308	2.1778894043134978E307	2.4777205848136266E307	1.1340897174269284E307	1.3097569489465435E307	4	1	1	7	6
119000	-19888.9054118527	-4269.788908796581	-15619.116503056117	-4269.788908796581	1.3828697132809827E307	9.785225069734856E307	0.7884273537831481	0.43509596948611057	2.557272195176098	0.007631835337787218	0.43509596948611057	2.557272195176098	0.007631835337787218	0.10209579665382788	1.016864417864107E-309	0.0	0.0	9.8684472873444E-310	-13467.493151812076	2.4869920359624896E307	1.8440777685675102E307	1.5430927691660326E307	7.149080440970483E306	2.912926256386347E306	7	1	5	2	4
120000	-19873.013124332043	-4195.243405495368	-15677.769718836675	-4195.243405495368	1.3901073666344797E307	9.729550099119756E307	0.7884273537831481	0.43509596948611057	1.7559805821176986	0.8089234483961867	0.43509596948611057	1.7559805821176986	0.8089234483961867	0.3497182456777106	2.744863126055496E-309	0.0	0.0	2.8912966812105E-309	-13464.955742302016	2.9391123218115363E307	2.9785651089738374E307	3.209147308083296E307	2.170264187458953E307	6.78608959380941E306	1	2	7	5	4
121000	-19925.18039059367	-4273.908605384811	-15651.271785208859	-4273.908605384811	1.212101292511506E307	9.103722109033673E307	0.7884273537831481	0.43509596948611057	1.7559805821176986	0.8089234483961867	0.43509596948611057	1.7559805821176986	0.8089234483961867	0.18100990318811166	7.176261652894025E-309	0.0	0.0	7.18876200603923E-309	-13463.73026307315	2.574369073868344E307	1.044407497821539E307	2.399892372042552E307	2.621412414855645E307	5.2381520290011385E306	9	2	1	4	3
122000	-20218.306175834554	-4551.536879677745	-15666.76929615681	-4551.536879677745	3.939657006060242E307	Infinity	0.7884273537831481	0.43509596948611057	1.7559805821176986	0.8089234483961867	0.43509596948611057	1.7559805821176986	0.8089234483961867	0.1899517936060353	0.0	0.0	0.0	1.2117100963529E-309	-13481.521968942237	5.925922554495693E307	4.4726727955032783E307	2.2740067122002255E307	6.020233632619597E306	1.7192039023443202E307	9	4	2	2	2
123000	-20070.254802491192	-4398.391535538722	-15671.86326695247	-4398.391535538722	3.5842046279347483E307	1.7928002687872304E308	0.7884273537831481	0.43509596948611057	1.7559805821176986	0.8089234483961867	0.43509596948611057	1.7559805821176986	0.8089234483961867	0.2663596147061821	2.046521576146384E-309	0.0	0.0	1.993363555498575E-309	-13470.220905504822	1.278210502384373E308	1.9080512511917562E307	1.611377947071555E307	1.7802712992706538E307	1.2151669976677194E307	5	2	4	5	3
124000	-20093.633495938848	-4442.7636212570405	-15650.869874681808	-4442.7636212570405	7.893613577959023E306	1.0067442360105166E308	0.7884273537831481	0.43509596948611057	1.7559805821176986	0.8089234483961867	0.43509596948611057	1.7559805821176986	0.8089234483961867	0.2657609189650243	5.510528013591164E-309	0.0	0.0	5.401539717127894E-309	-13458.41969020643	9.070448159622265E307	2.180937374237509E307	7.91064296361815E306	8.248364638417963E306	3.4618193098680625E306	6	5	6	1	1
125000	-20249.917345435715	-4604.890739482918	-15645.026605952795	-4604.890739482918	9.192915587543981E306	4.761832117002701E307	0.7884273537831481	0.43509596948611057	1.7559805821176986	0.8089234483961867	0.43509596948611057	1.7559805821176986	0.8089234483961867	0.22289029525575746	8.659054571678876E-309	0.0	0.0	8.836794084406755E-309	-13453.24104961444	3.199854929787956E307	7.733889094907289E306	1.6085636807095955E307	7.02512923942631E306	2.768726067503192E306	2	3	1	10	3
126000	-19829.44677852689	-4176.70371830565	-15652.74306022124	-4176.70371830565	2.824805559576243E306	2.2424258292551247E307	0.7884273537831481	0.43509596948611057	1.7559805821176986	0.8089234483961867	0.43509596948611057	1.7559805821176986	0.8089234483961867	0.543304890234873	1.5666461542368325E-308	0.0	0.0	1.7016404593453346E-308	-13431.773169255268	3.6173955836339423E307	5.669732347085656E306	4.6687929105445926E306	2.153658545750471E306	3.441341686668445E306	2	7	3	5	2
127000	-19884.461099858287	-4238.776536787177	-15645.68456307111	-4238.776536787177	7.884426870373182E306	5.71316739911545E307	0.7884273537831481	0.43509596948611057	1.7559805821176986	0.8089234483961867	0.43509596948611057	1.7559805821176986	0.8089234483961867	0.28484993459742175	4.865266690039003E-309	0.0	0.0	4.851947579694565E-309	-13447.818116456896	4.0479196202529916E307	1.4229013752655042E307	3.011438529105835E306	4.4403102147925727E306	8.253384141982806E306	2	6	9	1	1
128000	-20049.60846023301	-4397.585207967349	-15652.023252265659	-4397.585207967349	2.4654224943725657E307	Infinity	0.7884273537831481	0.43509596948611057	1.7559805821176986	0.8089234483961867	0.43509596948611057	1.7559805821176986	0.8089234483961867	0.15165421917458216	0.0	0.0	0.0	1.291357810455687E-309	-13472.719118231857	1.6972628461978474E308	2.377736778233175E307	1.5894374112029228E307	8.349170685818463E306	9.418415443401734E306	1	6	5	1	6
129000	-20004.474084295543	-4334.228656359973	-15670.245427935572	-4334.228656359973	9.704653771840534E306	1.0185416356758012E308	0.7884273537831481	0.43509596948611057	1.7559805821176986	0.8089234483961867	0.43509596948611057	1.7559805821176986	0.8089234483961867	0.3703199203418829	2.950769116765075E-309	0.0	0.0	2.72646048350351E-309	-13460.596838697737	1.4568066304632782E308	4.3167009339192483E307	1.432228859824604E307	9.748421139593236E306	1.3014500169457195E307	1	4	8	1	5
130000	-20199.88260014287	-4547.153447111016	-15652.729153031854	-4547.153447111016	1.1921202237686099E307	6.645551696810602E307	0.7884273537831481	0.43509596948611057	1.7559805821176986	0.8089234483961867	0.43509596948611057	1.7559805821176986	0.8089234483961867	0.32544670164582595	1.3733837383766667E-308	0.0	0.0	1.3361682837991744E-308	-13447.25513939195	1.0466669797561824E308	1.1748594492396017E308	7.266459871285736E307	7.248173728001443E306	6.447570831459015E306	1	1	1	1	15
131000	-19812.64508422985	-4195.443873265696	-15617.201210964156	-4195.443873265696	2.2741113287088534E306	1.470695985514986E307	0.7884273537831481	0.43509596948611057	1.7559805821176986	0.8089234483961867	0.43509596948611057	1.7559805821176986	0.8089234483961867	0.2714986017980002	2.167425422381645E-308	0.0	0.0	2.2637866685407045E-308	-13419.28967904054	5.223473872933047E307	2.1131602612620364E307	4.157256663073452E306	1.5648667640552716E306	1.578277617044113E306	1	1	2	9	6
132000	-19793.674139902272	-4169.881965250888	-15623.792174651382	-4169.881965250888	1.0080861000220764E306	9.647779965848225E306	0.7884273537831481	0.43509596948611057	1.7559805821176986	0.8089234483961867	0.43509596948611057	1.7559805821176986	0.8089234483961867	0.4993569064718047	3.419131642451791E-308	0.0	0.0	4.31730534886825E-308	-13409.34122597435	9.815146722952139E306	1.076519635645158E307	7.748707080388724E306	6.310332384137966E305	2.8699820425189903E305	3	3	1	4	8
133000	-19823.236440070974	-4230.895240678799	-15592.341199392175	-4230.895240678799	1.3860449109657769E306	1.6727975910415427E307	0.7884273537831481	0.43509596948611057	1.7559805821176986	0.8089234483961867	0.43509596948611057	1.7559805821176986	0.8089234483961867	0.2064824146993148	1.5417609687043374E-308	0.0	0.0	1.5817666329026674E-308	-13417.177514512032	2.8586731985956174E307	5.445899317558086E306	2.764344506186153E306	4.3197944465062E305	3.791894054362029E305	2	4	3	3	7
134000	-20079.72524907657	-4450.964832937031	-15628.760416139541	-4450.964832937031	2.290091446435875E306	2.7654954653561035E307	0.7884273537831481	0.43509596948611057	0.8046730268267966	1.7602310036870885	0.43509596948611057	0.8046730268267966	1.7602310036870885	0.3661250614163423	4.15252919349442E-309	0.0	0.0	3.981580346890097E-309	-13425.82609733721	1.3924590973801483E308	2.2465101559235266E307	3.394824551884141E306	1.2423541775139745E306	4.579277879087951E305	2	3	4	3	7
135000	-20006.567265036894	-4378.961203281904	-15627.60606175499	-4378.961203281904	1.9993495649539828E306	1.9358392478390883E307	0.7884273537831481	0.4530480070285798	0.8046730268267966	1.7422789661446192	0.4530480070285798	0.8046730268267966	1.7422789661446192	0.2748934568212053	1.7621550208047687E-308	0.0	0.0	1.546861228751E-308	-13425.033598229507	2.465921104871045E307	8.518338589451668E306	3.1233198770541794E306	1.600372607360894E306	1.931234994595017E306	2	2	2	6	7
136000	-19755.87852065535	-4147.391963223884	-15608.486557431466	-4147.391963223884	2.278263052261864E306	1.4674252999188774E307	0.7884273537831481	0.4530480070285798	0.8046730268267966	1.7422789661446192	0.4530480070285798	0.8046730268267966	1.7422789661446192	0.21642411868580333	1.34640971865735E-308	0.0	0.0	1.332852469105388E-308	-13425.255563454826	4.905742725717962E306	8.067614101598238E306	1.881838400051391E306	9.175304738839119E305	1.5261825487471688E306	2	3	8	5	1
137000	-20311.699322541983	-4713.202169680678	-15598.497152861306	-4713.202169680678	1.2430533677167656E306	1.4479783413469032E307	0.7884273537831481	0.4530480070285798	0.8046730268267966	1.7422789661446192	0.4530480070285798	0.8046730268267966	1.7422789661446192	0.21944428627015983	5.670249318346156E-309	0.0	0.0	5.594981242003457E-309	-13417.809466160425	1.207369086329213E307	1.0516807595007869E307	3.9623718741152996E306	1.1420080303916829E306	2.6286152865572194E305	1	4	6	1	7
138000	-20130.081596637872	-4524.287056156987	-15605.794540480885	-4524.287056156987	2.733438595105018E306	2.4122326508572586E307	0.7884273537831481	0.4530480070285798	0.8046730268267966	1.7422789661446192	0.4530480070285798	0.8046730268267966	1.7422789661446192	0.17965184799342007	6.207555901979407E-309	0.0	0.0	5.982073764702986E-309	-13432.63364733275	8.718975039584564E306	3.604187342366673E306	1.0858278813715871E306	1.72315803004043E306	1.720532168579156E306	8	1	4	1	5
139000	-20030.441676321294	-4376.2161766710615	-15654.225499650232	-4376.2161766710615	7.26265282879192E306	8.416518480009791E307	0.7884273537831481	0.12271388611665435	0.8046730268267966	2.0726130870565447	0.12271388611665435	0.8046730268267966	2.0726130870565447	0.35524648442395373	9.955831090179497E-309	0.0	0.0	9.04221018923711E-309	-13445.08261674691	4.87660750659244E307	4.195480520942887E307	1.7817296305777444E307	2.4923793947740072E306	7.945698525215612E305	4	4	1	4	6
140000	-19856.656040486014	-4206.813096689273	-15649.842943796742	-4206.813096689273	1.46770558819012E307	1.506735700640421E308	0.7884273537831481	0.12271388611665435	0.8046730268267966	2.0726130870565447	0.12271388611665435	0.8046730268267966	2.0726130870565447	0.1714542586858483	1.282304583744694E-309	0.0	0.0	1.19813058080565E-309	-13470.815802838031	7.425599596905017E307	1.7459200575595786E307	7.271400170221261E306	7.594685106526634E306	3.073556578557659E306	3	3	3	8	2
141000	-19858.496057034507	-4236.0469085015975	-15622.449148532907	-4236.0469085015975	2.877148968804751E306	2.296036789192927E307	0.7884273537831481	0.12271388611665435	0.8046730268267966	2.0726130870565447	0.12271388611665435	0.8046730268267966	2.0726130870565447	0.23708487963902647	3.063582597279142E-308	0.0	0.0	2.96078081060953E-308	-13434.184639071646	1.779944298283688E307	1.7261843758829522E307	7.957648187546072E306	3.288288276683997E306	9.970407987287844E305	6	2	4	2	5
142000	-20102.80840326153	-4462.576499666201	-15640.23190359533	-4462.576499666201	1.610600090052024E307	9.856920450358943E307	0.7884273537831481	0.12271388611665435	0.8046730268267966	2.0726130870565447	0.12271388611665435	0.8046730268267966	2.0726130870565447	0.1429673579936595	4.789822524341785E-309	0.0	0.0	4.874420141417136E-309	-13463.209842927201	7.697930174923878E307	5.688440274771886E307	1.0773213787509985E307	1.0518915581958608E307	5.521936673449183E306	5	4	6	3	1
143000	-20007.27017051178	-4323.992869806616	-15683.277300705162	-4323.992869806616	1.6791570212317204E307	Infinity	0.7884273537831481	0.12271388611665435	1.9670794292025717	0.9102066846807695	0.12271388611665435	1.9670794292025717	0.9102066846807695	0.44065034997663166	0.0	0.0	0.0	1.24022050861483E-309	-13468.61916143653	1.3563977070747614E308	1.0073322526081247E308	2.0156531618387227E307	4.632274779451219E306	6.765752285474309E306	4	4	6	4	1
144000	-19927.54905894047	-4271.5128844075425	-15656.036174532926	-4271.5128844075425	1.5807348085475044E307	Infinity	0.7884273537831481	0.12271388611665435	1.9670794292025717	0.9102066846807695	0.12271388611665435	1.9670794292025717	0.9102066846807695	0.1528802159459813	0.0	0.0	0.0	7.2413853689321E-310	-13473.508609035518	1.7283292795861843E308	1.1371585981767413E308	3.4651491891211195E307	1.290223364668571E307	3.899296968605311E306	4	3	7	4	1
145000	-20210.239505093654	-4519.6517560205175	-15690.587749073138	-4519.6517560205175	1.39909099808348E307	1.4834348580949452E308	0.7884273537831481	0.12271388611665435	2.680480545220414	0.1968055686629271	0.12271388611665435	2.680480545220414	0.1968055686629271	0.4058361244025215	5.55772596470145E-310	0.0	0.0	5.31118368909677E-310	-13466.959236905219	1.3298053133171494E308	3.031569962714793E307	1.726069652410961E307	2.4683489854023424E306	1.6842659407764647E306	7	6	1	1	4
146000	-20045.085896865614	-4406.068834810424	-15639.017062055189	-4406.068834810424	9.480573092950715E306	1.0276741231738608E308	0.7884273537831481	0.12271388611665435	2.680480545220414	0.1968055686629271	0.12271388611665435	2.680480545220414	0.1968055686629271	0.1511819888079893	5.091296456220977E-309	0.0	0.0	5.161552745527665E-309	-13463.533967918645	8.491251092009235E307	3.978067823956612E307	2.3299823137600234E307	1.0159601294686558E307	2.3122070599088707E306	7	4	4	2	2
147000	-19966.622093735605	-4288.2872627268	-15678.334831008806	-4288.2872627268	2.5300150147251784E307	Infinity	0.7884273537831481	0.12271388611665435	2.680480545220414	0.1968055686629271	0.12271388611665435	2.680480545220414	0.1968055686629271	0.25298711982025585	0.0	0.0	0.0	2.13074203820722E-309	-13479.521633882401	1.1923874898150525E308	6.003448193924882E307	2.279922374236621E307	1.7351113707650695E307	6.578626572451708E306	8	5	2	1	3
148000	-19971.328971081333	-4329.121906182904	-15642.207064898428	-4329.121906182904	2.2932496482434066E307	Infinity	0.7884273537831481	1.0518377951728946	1.7513566361641737	0.1968055686629271	1.0518377951728946	1.7513566361641737	0.1968055686629271	0.13106060104467485	0.0	0.0	0.0	8.27514559066603E-310	-13480.551593604969	7.742657329046984E307	1.106578964268862E307	1.0233328103158889E307	5.338426074199792E306	5.749256918361394E306	11	1	5	1	1
149000	-19817.322146868424	-4141.916324169782	-15675.405822698642	-4141.916324169782	2.790236244900536E307	Infinity	0.7884273537831481	1.0518377951728946	1.7513566361641737	0.1968055686629271	1.0518377951728946	1.7513566361641737	0.1968055686629271	0.23148323233381116	0.0	0.0	0.0	1.922801502184957E-309	-13481.531200081094	7.634883518680744E307	2.1001217441800943E307	2.8070304511557303E307	1.60683498092808E307	1.481251033837427E307	7	3	2	5	2
150000	-19879.123674342725	-4213.850053386924	-15665.273620955802	-4213.850053386924	6.615034681662157E307	Infinity	0.7884273537831481	1.0518377951728946	1.7513566361641737	0.1968055686629271	1.0518377951728946	1.7513566361641737	0.1968055686629271	0.16880666984043244	0.0	0.0	0.0	3.2818262340655E-310	-13489.366383831028	1.5055617084412913E308	9.10693594485663E307	9.661770063179113E307	4.133640084618425E307	3.8954543943671224E307	7	1	4	5	2
151000	-20023.2068983847	-4347.33176146833	-15675.875136916367	-4347.33176146833	8.519616533169828E307	Infinity	0.7884273537831481	1.0518377951728946	1.7513566361641737	0.1968055686629271	1.0518377951728946	1.7513566361641737	0.1968055686629271	0.2353451293361345	0.0	0.0	0.0	1.79329898767444E-309	-13484.964661065378	1.5055617084412913E308	8.24690934148434E307	5.923007410995518E307	7.503781359061212E307	2.553925726191817E307	5	3	4	2	5
152000	-20101.346120842187	-4441.872862535731	-15659.473258306454	-4441.872862535731	3.0462847229314125E307	Infinity	0.7884273537831481	1.0518377951728946	1.7513566361641737	0.1968055686629271	1.0518377951728946	1.7513566361641737	0.1968055686629271	0.14232239210777295	0.0	0.0	0.0	6.3331093043342E-310	-13484.711778468898	1.6772200648278478E308	1.1110328323393243E308	3.0387086235120593E307	1.1680392907666347E307	4.181080554595432E306	4	6	5	2	2
153000	-19605.47321256469	-3963.130132492001	-15642.343080072691	-3963.130132492001	7.895596948639567E306	8.259992398582334E307	0.7884273537831481	1.0518377951728946	1.7513566361641737	0.1968055686629271	1.0518377951728946	1.7513566361641737	0.1968055686629271	0.20334711795091392	3.43578096341292E-309	0.0	0.0	3.51735296010536E-309	-13458.386245841233	3.40445695516383E307	2.250698257169193E307	1.4016938769092635E307	3.3331451294143684E306	1.9231011648505032E306	8	4	4	1	2
154000	-19890.56738858625	-4269.873046768187	-15620.694341818062	-4269.873046768187	3.008008625358865E306	1.7593026239077875E307	0.7884273537831481	1.0518377951728946	1.7513566361641737	0.1968055686629271	1.0518377951728946	1.7513566361641737	0.1968055686629271	0.23083920297373178	2.042760590157963E-308	0.0	0.0	2.23362000219371E-308	-13430.679670707386	1.5437360971700176E307	8.124918078684561E306	5.399693324244699E306	6.254433015663941E306	1.2563135730566522E306	4	1	4	4	6
155000	-19737.28862645207	-4102.3699140566905	-15634.91871239538	-4102.3699140566905	5.4951373451112826E306	4.455977852435599E307	0.7884273537831481	0.18356040793626427	2.619634023400804	0.1968055686629271	0.18356040793626427	2.619634023400804	0.1968055686629271	0.23284354286143297	1.720036200260303E-309	0.0	0.0	1.668379820284575E-309	-13451.107911974606	2.4939405553156235E307	1.2756538621172352E307	1.1079565979197903E307	1.0824455273457454E307	2.863520659517062E306	2	3	4	2	8
156000	-19659.174775867734	-4002.753509379962	-15656.42126648777	-4002.753509379962	1.2181566515511043E307	1.2998036054113304E308	0.7884273537831481	0.18356040793626427	2.619634023400804	0.1968055686629271	0.18356040793626427	2.619634023400804	0.1968055686629271	0.20778026128008223	2.35543590291567E-309	0.0	0.0	2.34150133935887E-309	-13465.84693509144	1.1280668934789962E308	4.026876686072058E307	9.578441795284071E306	1.3996597790179213E307	5.0417177662046737E306	6	3	2	5	3
157000	-20124.466644220738	-4433.983074616527	-15690.48356960421	-4433.983074616527	7.782118785933826E307	Infinity	0.7884273537831481	0.18356040793626427	2.619634023400804	0.1968055686629271	0.18356040793626427	2.619634023400804	0.1968055686629271	0.2540699306298378	0.0	0.0	0.0	1.100923270991137E-309	-13492.013834183652	1.6484258475652548E308	3.855866198101998E307	3.5310075428769353E307	2.5044663566575684E307	1.5381914195930456E307	9	4	2	1	3
158000	-20339.544011986796	-4663.546030205688	-15675.997981781109	-4663.546030205688	4.71513987929022E307	Infinity	0.7884273537831481	0.18356040793626427	2.619634023400804	0.1968055686629271	0.18356040793626427	2.619634023400804	0.1968055686629271	0.21026723966450234	0.0	0.0	0.0	5.404411629788424E-309	-13488.71112847654	8.070802816324455E307	5.01701732600873E307	6.804460341250183E307	4.386239908247632E307	5.973203616109471E306	2	3	6	6	2
159000	-20294.786513886436	-4665.495812770123	-15629.290701116312	-4665.495812770123	4.521483209112868E307	Infinity	0.7884273537831481	0.18356040793626427	2.619634023400804	0.1968055686629271	0.18356040793626427	2.619634023400804	0.1968055686629271	0.07442698110459925	0.0	0.0	0.0	9.4364552534964E-310	-13476.602219695056	6.90679932085657E307	6.456556558897737E307	3.4531495707980973E307	1.7724260789808763E307	2.1626510629023674E307	2	6	1	5	5
160000	-19992.24018960403	-4331.266277133055	-15660.973912470972	-4331.266277133055	2.59934858833599E307	Infinity	0.7884273537831481	0.18356040793626427	2.619634023400804	0.1968055686629271	0.18356040793626427	2.619634023400804	0.1968055686629271	0.1661371880271536	0.0	0.0	0.0	5.0915266277926E-310	-13482.711684631528	1.5014704157705809E308	5.175521437807096E307	9.117691365971827E307	4.078935652304236E307	2.1663456663265894E307	8	2	1	2	6
161000	-19810.622339427573	-4157.069920655962	-15653.55241877161	-4157.069920655962	2.96084374693439E307	Infinity	0.7884273537831481	0.18356040793626427	2.619634023400804	0.1968055686629271	0.18356040793626427	2.619634023400804	0.1968055686629271	0.13946298476441202	0.0	0.0	0.0	1.04977810682109E-309	-13480.413698979673	1.1492494973094524E308	1.0358663155258484E308	1.728831219039575E307	1.4619590775377018E307	7.754802595491027E306	10	3	2	3	1
162000	-20145.443565725567	-4472.457820183321	-15672.985745542248	-4472.457820183321	4.347938935839796E307	Infinity	0.7884273537831481	0.18356040793626427	2.619634023400804	0.1968055686629271	0.18356040793626427	2.619634023400804	0.1968055686629271	0.254794475838401	0.0	0.0	0.0	1.179060190650147E-309	-13484.333043367415	6.126961543506805E307	7.553960986501871E307	7.215050546651518E307	5.647228618967621E307	3.578407161325912E307	1	4	10	2	2
163000	-20139.23236921598	-4461.53517161857	-15677.69719759741	-4461.53517161857	1.2479427680111717E308	Infinity	0.7884273537831481	0.18356040793626427	2.619634023400804	0.1968055686629271	0.18356040793626427	2.619634023400804	0.1968055686629271	0.24727522571062002	0.0	0.0	0.0	2.8195566258337E-310	-13485.686881751797	9.17544138599803E307	4.177498821702783E307	7.215050546651518E307	7.447384746014713E307	6.871887749996458E307	5	2	6	5	1
164000	-20021.381148145912	-4336.652242768569	-15684.728905377344	-4336.652242768569	1.5236774703360063E307	8.122515169755613E307	0.7884273537831481	0.18356040793626427	2.619634023400804	0.1968055686629271	0.18356040793626427	2.619634023400804	0.1968055686629271	0.5632096664415438	5.66622532947627E-309	0.0	0.0	7.380072187041586E-309	-13459.06742655709	5.172171213988511E307	2.3093880768388033E307	2.115566180798227E307	3.779755785800624E307	3.2110877009686745E306	1	2	13	2	1
165000	-19894.44456987178	-4220.467076206909	-15673.97749366487	-4220.467076206909	3.783227014114219E307	1.7506924822458633E308	0.7884273537831481	0.18356040793626427	2.619634023400804	0.1968055686629271	0.18356040793626427	2.619634023400804	0.1968055686629271	0.2429230008910314	2.32368951489394E-309	0.0	0.0	1.90200064676627E-309	-13467.403813652592	8.944901289329082E307	3.3501675774494577E307	1.0752884116645326E307	8.63605585457596E306	9.152081595235137E306	2	5	5	5	2
166000	-19947.75150129219	-4318.031065436681	-15629.720435855508	-4318.031065436681	6.983854247271552E306	8.290765152918297E307	0.7884273537831481	0.18356040793626427	2.619634023400804	0.1968055686629271	0.18356040793626427	2.619634023400804	0.1968055686629271	0.14376076231207696	1.061228631922527E-308	0.0	0.0	1.037343140075545E-308	-13450.94365661696	1.4092144651608462E308	2.413562526616588E307	9.002247500068432E306	4.0723601959380733E306	1.4219974458073086E306	4	2	7	4	2
167000	-19813.170245552832	-4170.634300531789	-15642.535945021042	-4170.634300531789	8.744812836420478E306	7.976041506687884E307	0.7884273537831481	0.18356040793626427	2.619634023400804	0.1968055686629271	0.18356040793626427	2.619634023400804	0.1968055686629271	0.17381126563356694	1.19219073925303E-309	0.0	0.0	1.208275162833885E-309	-13455.07493924587	1.4208998317561526E308	2.3485853900569764E307	1.5411716952331464E307	1.1839086742772783E307	2.939746947885987E306	3	2	9	3	2
168000	-19932.229790077996	-4292.791797939368	-15639.437992138628	-4292.791797939368	3.632519738691104E306	4.889015462056106E307	0.7884273537831481	0.18356040793626427	2.619634023400804	0.1968055686629271	0.18356040793626427	2.619634023400804	0.1968055686629271	0.23145841387930505	1.400133895206109E-308	0.0	0.0	1.273005247533398E-308	-13447.271766282734	6.200419318123677E307	3.0599125339455564E307	1.2048214178449863E307	7.998498299282976E306	3.7625081032613815E306	3	4	1	3	8
169000	-19967.956826413214	-4334.2919527043105	-15633.664873708904	-4334.2919527043105	1.1249069445055212E307	7.906043654355078E307	0.7884273537831481	0.18356040793626427	2.619634023400804	0.1968055686629271	0.18356040793626427	2.619634023400804	0.1968055686629271	0.1928568046049121	6.944416251620757E-309	0.0	0.0	7.240803228952255E-309	-13449.492736804768	9.649142705005306E307	4.3861511264738687E307	9.445181673100558E306	7.172417964504865E306	4.7096075740006084E306	2	3	1	7	6
170000	-19863.525584835403	-4215.211637182921	-15648.313947652481	-4215.211637182921	6.93780049967481E306	6.467941672534264E307	0.7884273537831481	0.18356040793626427	2.619634023400804	0.1968055686629271	0.18356040793626427	2.619634023400804	0.1968055686629271	0.29311637734146384	2.0840817479848E-309	0.0	0.0	2.202296174228204E-309	-13453.425081667094	7.360889297199099E307	2.2372808115655158E307	1.621664568281857E307	7.972784239070864E306	4.833596105822859E306	4	2	2	4	7
171000	-19892.994507204614	-4273.160012160531	-15619.834495044084	-4273.160012160531	1.4822751108898967E307	1.3171513391459406E308	0.7884273537831481	0.18356040793626427	2.619634023400804	0.1968055686629271	0.18356040793626427	2.619634023400804	0.1968055686629271	0.09299157657298535	2.674597596360436E-309	0.0	0.0	2.649780467973024E-309	-13461.020800786717	9.180223844279923E307	1.7817351733046723E307	3.260967779943911E306	1.7290894152141906E306	3.485621242066326E306	8	2	1	7	1
172000	-20131.920676824557	-4448.741078803743	-15683.179598020815	-4448.741078803743	2.4830526151389413E307	Infinity	0.7884273537831481	0.18356040793626427	1.8234497067651474	0.9929898852985838	0.18356040793626427	1.8234497067651474	0.9929898852985838	0.4547403308276233	0.0	0.0	0.0	1.299932092371635E-309	-13470.762670815873	9.995750181141134E307	1.570016542419452E307	5.89358579570094E306	7.133882266433868E306	1.0874411558632147E307	8	2	1	4	4
173000	-20046.778483899627	-4372.152008188877	-15674.62647571075	-4372.152008188877	4.4817484761103714E307	Infinity	0.7884273537831481	0.18356040793626427	1.8234497067651474	0.9929898852985838	0.18356040793626427	1.8234497067651474	0.9929898852985838	0.21680166766332956	0.0	0.0	0.0	2.222687115630564E-309	-13484.432506369172	1.4548497336844713E308	1.4178568252858106E308	5.228900437161836E307	2.567530348658527E307	7.256788326691454E306	7	5	1	4	2
174000	-20140.376678723893	-4453.396878366082	-15686.979800357809	-4453.396878366082	2.6107618254070827E307	1.7268230711516627E308	0.7884273537831481	0.18356040793626427	1.8234497067651474	0.9929898852985838	0.18356040793626427	1.8234497067651474	0.9929898852985838	0.36710778958265766	2.229947391084236E-309	0.0	0.0	2.054861562722324E-309	-13476.065576167695	2.8737744022288483E307	3.501579120431336E307	1.288859635574804E307	1.5793381004220107E307	3.872399957499284E306	2	5	6	4	2
175000	-19969.169237092843	-4301.146838245259	-15668.022398847585	-4301.146838245259	1.4865466269217822E307	8.935349229410059E307	0.7884273537831481	0.9262438447780803	1.8234497067651474	0.25030644845676775	0.9262438447780803	1.8234497067651474	0.25030644845676775	0.28104847661511817	6.584437115113376E-309	0.0	0.0	6.25102515414757E-309	-13460.973832685728	1.623666406965077E308	5.134874362986752E307	1.3107409661131882E307	3.107476555868385E307	1.0716410846151095E307	2	6	1	2	8
176000	-20268.909065935295	-4620.849242751756	-15648.059823183541	-4620.849242751756	2.3042568311672166E307	1.3956582745141031E308	0.7884273537831481	0.9262438447780803	1.8234497067651474	0.25030644845676775	0.9262438447780803	1.8234497067651474	0.25030644845676775	0.1628383014663906	3.852313556452853E-309	0.0	0.0	3.89376687321597E-309	-13468.627449126365	5.938137695502314E307	4.554822743286068E307	1.7942904357990761E307	1.34896459505468E307	4.5738593570694965E306	3	6	7	2	1
177000	-19978.48491538752	-4357.609082564368	-15620.875832823149	-4357.609082564368	3.475711603916154E306	2.436070141146756E307	0.7884273537831481	0.12213684529923652	2.627556706243991	0.25030644845676775	0.12213684529923652	2.627556706243991	0.25030644845676775	0.15414667597762866	1.6649366866008353E-308	0.0	0.0	1.6213158678361397E-308	-13440.89200769749	5.565407543896835E307	2.4261292607132217E307	5.195703206446156E306	3.542671126534503E306	1.1842575887000593E306	2	7	4	5	1
178000	-20014.620931529735	-4374.213546632488	-15640.407384897246	-4374.213546632488	7.2373923126012E306	6.094948630748847E307	0.7884273537831481	0.12213684529923652	2.627556706243991	0.25030644845676775	0.12213684529923652	2.627556706243991	0.25030644845676775	0.1821377706204977	1.308123166581403E-308	0.0	0.0	1.2693853101353793E-308	-13456.73851778008	4.105393570011143E307	2.9534688332954733E307	4.3281260871913614E307	7.290193451099292E306	1.6228763038312532E306	3	4	6	5	1
179000	-20119.45717275951	-4457.81334024689	-15661.643832512622	-4457.81334024689	9.68171459421364E306	7.43585929518989E307	0.7884273537831481	0.12213684529923652	2.627556706243991	0.25030644845676775	0.12213684529923652	2.627556706243991	0.25030644845676775	0.28763024815449073	1.224810643284071E-308	0.0	0.0	1.2808538325168274E-308	-13461.6160987154	7.556363149352602E307	4.0918304229206527E307	3.621788915803962E307	1.0227224067748403E307	1.330717555330293E307	4	2	6	3	4
180000	-19989.973570084403	-4350.123477444178	-15639.850092640223	-4350.123477444178	1.6965020728055774E307	1.2026324394696914E308	0.7884273537831481	0.12213684529923652	2.627556706243991	0.25030644845676775	0.12213684529923652	2.627556706243991	0.25030644845676775	0.1383411054028613	9.17190851443203E-310	0.0	0.0	9.43047406029085E-310	-13464.564290281647	9.025057285967003E307	2.4458531432085056E307	1.5354208553857813E307	2.0493913483849634E307	1.0676391105263217E307	5	3	6	2	3
181000	-20290.125495045613	-4591.700507553172	-15698.424987492443	-4591.700507553172	6.766508588229129E307	Infinity	0.7884273537831481	0.12213684529923652	2.627556706243991	0.25030644845676775	0.12213684529923652	2.627556706243991	0.25030644845676775	0.4453728062762203	0.0	0.0	0.0	2.50526916700247E-310	-13486.952156201789	1.6338072608754603E308	9.50117260755372E307	8.002856175759044E307	4.4267654316210853E307	2.1280588000327307E307	1	10	2	3	3
182000	-20058.44911720693	-4404.9208829468425	-15653.528234260086	-4404.9208829468425	4.038040704059572E307	Infinity	0.7884273537831481	0.12213684529923652	2.627556706243991	0.25030644845676775	0.12213684529923652	2.627556706243991	0.25030644845676775	0.10964465124474079	0.0	0.0	0.0	1.14112277081311E-309	-13485.692195582043	1.7975601506070492E308	1.3040063984987318E308	6.544254514514596E307	4.359836454103127E307	2.0487348960139964E307	1	4	9	2	3
183000	-20006.68000122403	-4350.397534694425	-15656.282466529607	-4350.397534694425	1.9601262759929122E307	Infinity	0.7884273537831481	0.12213684529923652	2.627556706243991	0.25030644845676775	0.12213684529923652	2.627556706243991	0.25030644845676775	0.1182949988271552	0.0	0.0	0.0	1.79910369604216E-309	-13476.848855070799	1.7975601506070492E308	1.3040063984987318E308	2.8444634549584603E307	1.4015804626456185E307	4.5050320575416384E306	2	7	4	2	4
184000	-19763.80866475118	-4111.598584107877	-15652.210080643303	-4111.598584107877	8.299666674571678E306	1.0606876726839172E308	0.7884273537831481	0.12213684529923652	2.627556706243991	0.25030644845676775	0.12213684529923652	2.627556706243991	0.25030644845676775	0.2335599083903613	5.171558092328173E-309	0.0	0.0	5.934993695331047E-309	-13462.810401890734	7.129753319818251E307	2.3409214502559273E307	1.485640003952189E307	6.437056869715644E306	2.4893991712021405E306	11	2	1	3	2
185000	-19848.060101627176	-4239.342008354113	-15608.718093273064	-4239.342008354113	2.3680525501339884E306	2.8151127942254755E307	0.7884273537831481	0.12213684529923652	2.627556706243991	0.25030644845676775	0.12213684529923652	2.627556706243991	0.25030644845676775	0.1507698403515281	1.079657921367957E-308	0.0	0.0	1.026957303295965E-308	-13432.893682415246	2.71357305787871E307	8.552709792794712E306	3.134223140675602E306	1.7432023264346504E306	1.2908100152423631E306	7	1	2	3	6
186000	-19980.539756150654	-4337.939410242413	-15642.60034590824	-4337.939410242413	3.7011223733836117E306	4.3671439760499256E307	0.7884273537831481	0.12213684529923652	2.627556706243991	0.25030644845676775	0.12213684529923652	2.627556706243991	0.25030644845676775	0.35405261070464644	1.16579843461551E-308	0.0	0.0	1.280596056409158E-308	-13444.370073516287	2.5930179758861917E307	8.61349459130287E306	3.4670485071534264E306	2.1431305932684497E306	1.6359809548801277E306	7	2	4	2	4
187000	-19949.58839625124	-4311.741212431353	-15637.847183819888	-4311.741212431353	3.91523180464232E306	4.001129263888611E307	0.7884273537831481	0.12213684529923652	2.627556706243991	0.25030644845676775	0.12213684529923652	2.627556706243991	0.25030644845676775	0.22349947455089914	1.83106822452874E-308	0.0	0.0	1.734360052234695E-308	-13447.648017309082	6.68120188960644E307	1.6794748342557845E307	9.245424048114674E306	3.745807772834004E306	2.2127745321628916E306	4	5	3	2	5
188000	-20186.305007345883	-4557.309196512105	-15628.99581083378	-4557.309196512105	1.1174633966426417E307	9.129948923592716E307	0.7884273537831481	0.12213684529923652	2.627556706243991	0.25030644845676775	0.12213684529923652	2.627556706243991	0.25030644845676775	0.1166600323733995	5.7664823835875E-309	0.0	0.0	5.43495607652806E-309	-13454.542556245058	7.502279735241342E307	4.518255492820036E307	1.0860534329448745E307	8.964546783777249E306	3.044697749976722E306	2	6	2	5	4
189000	-20104.43151692536	-4473.059696607437	-15631.371820317921	-4473.059696607437	5.1157507115167136E306	4.910131866863077E307	0.7884273537831481	0.12213684529923652	2.1448200933323482	0.7330430613684107	0.12213684529923652	2.1448200933323482	0.7330430613684107	0.18137674742211937	3.08910326685871E-309	0.0	0.0	3.332000263416717E-309	-13448.73830849197	5.958749331399342E307	2.1645388512235804E307	1.396042791666021E307	4.348609640102465E306	1.0923842673506403E306	2	6	1	7	3
190000	-19969.779947127463	-4327.114508635516	-15642.665438491947	-4327.114508635516	1.19402866994119E307	8.230642720607511E307	0.7884273537831481	0.12213684529923652	2.1448200933323482	0.7330430613684107	0.12213684529923652	2.1448200933323482	0.7330430613684107	0.20685940699728583	1.070538840654314E-309	0.0	0.0	1.04098109233839E-309	-13459.513170280447	3.724905125553104E307	2.455728081281031E307	8.28936114013336E306	5.434292017764521E306	1.674943304059084E306	8	1	1	8	1
191000	-19743.163915604702	-4072.063192628858	-15671.100722975845	-4072.063192628858	2.1210083681185964E307	1.3404107115378642E308	0.7884273537831481	0.12213684529923652	2.1448200933323482	0.7330430613684107	0.12213684529923652	2.1448200933323482	0.7330430613684107	0.31395028253539037	7.93831801961637E-310	0.0	0.0	8.16382261713243E-310	-13465.478357064674	1.3030745084219844E308	3.2484772460855814E307	3.75967263821314E307	2.376543443911707E307	5.87615286157607E306	1	3	5	8	2
192000	-19660.259993303687	-4007.874302783114	-15652.385690520574	-4007.874302783114	9.181464918893483E306	6.107334330088664E307	0.7884273537831481	0.12213684529923652	2.672678643971773	0.2051845107289858	0.12213684529923652	2.672678643971773	0.2051845107289858	0.28905336743856336	7.362240154616863E-309	0.0	0.0	7.03328330465857E-309	-13452.884921791692	2.791640622980255E307	1.0444945192619547E307	1.4423445859836332E307	1.2809551436990884E307	4.5717098445751616E306	1	5	4	6	3
193000	-20117.947619320104	-4509.078024718547	-15608.86959460156	-4509.078024718547	1.245325881517331E307	4.143764956300181E307	0.7884273537831481	0.12213684529923652	2.672678643971773	0.2051845107289858	0.12213684529923652	2.672678643971773	0.2051845107289858	0.13866275415833557	2.1461060263157413E-308	0.0	0.0	2.030646550217388E-308	-13439.584142977603	5.912557482258548E306	9.235441008069165E306	2.952279859251872E306	3.111587363909814E306	5.536470726286556E306	3	7	5	2	2
194000	-19937.636252226355	-4312.7294886977115	-15624.906763528643	-4312.7294886977115	4.2137509889869873E306	2.2710958871374513E307	0.7884273537831481	0.12213684529923652	2.672678643971773	0.2051845107289858	0.12213684529923652	2.672678643971773	0.2051845107289858	0.3010276641035361	2.316146056045718E-308	0.0	0.0	2.630703449613562E-308	-13432.021610769394	7.26701390744134E306	9.922303832566726E306	3.054190998058185E306	3.071909157823354E306	1.9455518733790168E306	4	4	2	7	2
195000	-19936.820686553565	-4332.119224776355	-15604.701461777211	-4332.119224776355	1.0664366912757796E306	1.222080554634608E307	0.7884273537831481	0.12213684529923652	2.672678643971773	0.2051845107289858	0.12213684529923652	2.672678643971773	0.2051845107289858	0.28467585346146457	1.173864205920321E-308	0.0	0.0	1.264873047106418E-308	-13414.292549563608	1.845546223558622E307	6.853619216645701E306	1.659611958153268E306	1.5448816677236996E306	1.4375213550058894E305	1	5	3	6	4
196000	-19776.34496816984	-4156.5864482636825	-15619.758519906158	-4156.5864482636825	2.2493903190499564E306	3.296319136265996E307	0.7884273537831481	0.12213684529923652	2.672678643971773	0.2051845107289858	0.12213684529923652	2.672678643971773	0.2051845107289858	0.22585954668284206	1.3692198351490475E-308	0.0	0.0	1.468918965278229E-308	-13432.273688291003	3.7397667865045953E307	2.142676682720234E307	2.5539609403532428E306	1.4966936698190627E306	6.899005244144897E305	1	5	6	4	3
197000	-20050.16876054987	-4451.371138701653	-15598.797621848218	-4451.371138701653	1.1877929360900994E306	1.7388922160877257E307	0.7884273537831481	0.12213684529923652	2.672678643971773	0.2051845107289858	0.12213684529923652	2.672678643971773	0.2051845107289858	0.23085361530503784	5.860481060985743E-308	0.0	0.0	5.866649610037035E-308	-13413.958341274056	3.178754074545137E307	8.798281894553593E306	2.428320758834075E306	1.315270976843982E306	2.743384175989245E305	1	2	3	10	3
198000	-20207.001964173778	-4582.352852041641	-15624.649112132136	-4582.352852041641	2.1296901623976282E306	1.7992397992282718E307	0.7884273537831481	0.12213684529923652	1.7202178338751073	1.1576453208256516	0.12213684529923652	1.7202178338751073	1.1576453208256516	0.25754435767347555	5.599661754432237E-309	0.0	0.0	5.39673133073187E-309	-13432.725675725254	1.188435333881793E307	7.516190977281309E306	3.6029880254907464E306	3.2775923022673153E306	9.547749537132383E305	4	2	3	4	6
199000	-19871.474344191836	-4250.41120368547	-15621.063140506367	-4250.41120368547	3.1227797771226116E306	1.4973423265841766E307	0.7884273537831481	0.12213684529923652	2.835599252998585	0.0422639017021742	0.12213684529923652	2.835599252998585	0.0422639017021742	0.26584901014160617	1.892639811683201E-308	0.0	0.0	1.9353210422764187E-308	-13426.957954001988	1.545193113257969E307	9.052501377546049E306	6.628688003650759E306	2.6841263798478417E306	3.077730590094581E306	2	2	3	6	6
200000	-19960.474053808586	-4329.928701721948	-15630.545352086638	-4329.928701721948	1.0406478699286792E306	1.2700574410732328E307	0.7884273537831481	0.12213684529923652	2.835599252998585	0.0422639017021742	0.12213684529923652	2.835599252998585	0.0422639017021742	0.38349691324199187	1.5685649560884623E-308	0.0	0.0	1.571805233492513E-308	-13423.853481027561	5.984325127366472E307	1.7480900785448024E307	2.765968600947354E306	3.2026724633590086E306	6.279291880163852E305	2	2	5	3	7
201000	-19950.663188467137	-4302.483691026355	-15648.179497440784	-4302.483691026355	3.326326063343659E306	3.010334758212133E307	0.7884273537831481	0.12213684529923652	2.835599252998585	0.0422639017021742	0.12213684529923652	2.835599252998585	0.0422639017021742	0.4706818484841236	2.6139961354548174E-308	0.0	0.0	2.3824182503304055E-308	-13422.703855094971	1.0843685892168525E308	6.60043320251031E306	2.1571172108188738E306	1.1531925548629759E306	1.0583074836028233E306	2	4	3	8	2
202000	-19958.95757203742	-4354.793132815718	-15604.1644392217	-4354.793132815718	9.142833623153932E306	7.99141735848268E307	0.7884273537831481	0.12213684529923652	2.835599252998585	0.0422639017021742	0.12213684529923652	2.835599252998585	0.0422639017021742	0.09234847010041251	6.031953252440425E-309	0.0	0.0	5.98438929546795E-309	-13453.318016618998	3.254855166380728E307	1.6116767894633916E307	7.655958349989309E306	2.514377735541641E306	1.57891780158354E306	4	4	1	4	6
203000	-20048.20563399534	-4420.701825902731	-15627.503808092612	-4420.701825902731	5.1431508847908406E306	7.171949460241325E307	0.7884273537831481	0.12213684529923652	2.835599252998585	0.0422639017021742	0.12213684529923652	2.835599252998585	0.0422639017021742	0.1822820272001852	1.39747133349955E-309	0.0	0.0	1.47454628446188E-309	-13439.877008122172	8.020774618976682E307	1.1890864518555578E308	1.733223700431701E307	2.0507446751693807E306	5.048442518647421E305	1	1	7	8	2
204000	-19820.359642722527	-4159.2375791719105	-15661.122063550618	-4159.2375791719105	7.27554435396366E306	5.240687786376071E307	0.7884273537831481	0.12213684529923652	2.835599252998585	0.0422639017021742	0.12213684529923652	2.835599252998585	0.0422639017021742	0.42734235495632106	6.114176245781507E-309	0.0	0.0	6.299442506568637E-309	-13442.721962970441	9.006072145177443E307	5.617581123249432E307	2.4326318359939115E307	4.7848738513303856E306	4.462073778636727E306	1	2	2	9	5
205000	-19838.936118001147	-4180.759913226861	-15658.176204774287	-4180.759913226861	7.361128459155617E306	7.121077608923342E307	0.7884273537831481	0.12213684529923652	2.835599252998585	0.0422639017021742	0.12213684529923652	2.835599252998585	0.0422639017021742	0.25772243929900196	4.8784728410152E-309	0.0	0.0	4.6531197242995E-309	-13458.635657417106	4.386997496554746E307	2.6904210754266675E307	2.0299398956266053E307	1.6577172917861592E307	4.462073778636727E306	1	1	2	7	8
206000	-19953.64277911818	-4286.010371298705	-15667.632407819476	-4286.010371298705	6.38340044142015E306	5.493169787282524E307	0.7884273537831481	0.12213684529923652	2.835599252998585	0.0422639017021742	0.12213684529923652	2.835599252998585	0.0422639017021742	0.4777795672816731	6.58684259184141E-309	0.0	0.0	6.993649044462827E-309	-13454.11137018454	5.23961329727566E307	2.862585844034212E307	1.8777301829845256E307	4.62716322051054E306	5.2165589537493555E306	1	4	7	5	2
207000	-19984.32888178462	-4340.153159900003	-15644.175721884618	-4340.153159900003	9.886334257622933E306	7.361525192989872E307	0.7884273537831481	0.12213684529923652	2.835599252998585	0.0422639017021742	0.12213684529923652	2.835599252998585	0.0422639017021742	0.1764897945976518	1.91322206549009E-309	0.0	0.0	1.83635391136731E-309	-13457.892714708309	5.855754000495623E307	2.515811389833526E307	1.8777301829845256E307	4.967148890873131E306	1.8385268675602677E306	1	6	9	1	2
208000	-20081.42985081474	-4441.705252093387	-15639.724598721356	-4441.705252093387	2.432045295418677E307	1.7930419079555405E308	0.7884273537831481	0.12213684529923652	2.835599252998585	0.0422639017021742	0.12213684529923652	2.835599252998585	0.0422639017021742	0.132400246919649	3.79164318303788E-309	0.0	0.0	3.73954117506095E-309	-13471.114425328582	8.479486130161905E307	2.8446572870671487E307	3.27314573108245E307	1.298396067330734E307	5.5015488999345205E306	1	4	11	1	2
209000	-20132.114077027778	-4505.290214130743	-15626.823862897036	-4505.290214130743	1.853786932474308E307	1.1139927508342559E308	0.7884273537831481	0.12213684529923652	2.835599252998585	0.0422639017021742	0.12213684529923652	2.835599252998585	0.0422639017021742	0.12135837863723987	7.08992991529807E-310	0.0	0.0	7.38892206943035E-310	-13462.370916943004	1.2496369338293885E308	6.646912203271561E307	2.9292991086345276E307	8.875033710630368E306	6.162487977365854E306	2	4	3	1	9
210000	-20017.727282551336	-4344.72659053342	-15673.000692017915	-4344.72659053342	1.9021874140270923E307	1.661032762518414E308	0.6297355196280926	0.12213684529923652	2.835599252998585	0.0422639017021742	0.12213684529923652	2.835599252998585	0.0422639017021742	0.2438816061129237	7.0718159512037E-310	0.0	0.0	6.45652000870545E-310	-13471.3035425338	6.998888314474376E307	1.1162032206198029E308	1.265012209720884E307	1.6976301593131472E307	1.5943388777404685E307	3	4	2	7	3
211000	-20027.24115463814	-4359.8438186265885	-15667.397336011552	-4359.8438186265885	3.3063572278198493E307	Infinity	0.6297355196280926	0.12213684529923652	2.835599252998585	0.0422639017021742	0.12213684529923652	2.835599252998585	0.0422639017021742	0.1950911661634386	0.0	0.0	0.0	2.4932277469806E-310	-13484.870179165513	1.4457619412681273E308	8.930974437701522E307	4.002953390983937E307	3.7228724316333087E307	9.200378016998486E306	3	3	7	2	4
212000	-19889.353866119953	-4221.7583865746665	-15667.595479545287	-4221.7583865746665	1.6817725723359927E307	Infinity	0.6297355196280926	0.12213684529923652	2.835599252998585	0.0422639017021742	0.12213684529923652	2.835599252998585	0.0422639017021742	0.22813854692865862	0.0	0.0	0.0	9.1047288501894E-310	-13472.3810958123	1.6487326131756533E308	1.0423292815904739E308	2.470445165432642E307	7.249772675787694E306	5.640888484131047E306	3	5	7	3	1
213000	-19630.809885250525	-3988.277448464208	-15642.532436786316	-3988.277448464208	1.1652617668243422E307	1.242339045616113E308	0.6297355196280926	0.12213684529923652	2.835599252998585	0.0422639017021742	0.12213684529923652	2.835599252998585	0.0422639017021742	0.2302230422587199	2.30320021944264E-309	0.0	0.0	2.2010873904431E-309	-13455.56614134943	1.5295242369783153E308	3.0481942514141637E307	8.316409610843144E306	2.456712239897647E306	1.782025551061416E306	5	3	4	2	5
214000	-20004.828403099455	-4350.400408378566	-15654.42799472089	-4350.400408378566	1.4260336451417802E307	1.5809947006633447E308	0.6297355196280926	0.12213684529923652	2.835599252998585	0.0422639017021742	0.12213684529923652	2.835599252998585	0.0422639017021742	0.2180375477480725	2.535143433417545E-309	0.0	0.0	2.46310066521809E-309	-13463.623632887973	8.456550800654242E307	3.3953554251207E307	1.3225661445609382E307	7.578231211511143E306	1.2439794863868114E306	4	4	4	2	5
215000	-20045.267792168594	-4413.372779211469	-15631.895012957126	-4413.372779211469	6.279646203379088E306	8.100549825706264E307	0.6297355196280926	0.12213684529923652	2.835599252998585	0.0422639017021742	0.12213684529923652	2.835599252998585	0.0422639017021742	0.17339936398178246	4.567259068939923E-309	0.0	0.0	4.605071384946766E-309	-13453.766770100472	9.920149683398844E307	5.626416199013815E307	1.8619610159348846E307	5.998391749898222E306	1.5954803249149125E306	4	4	4	2	5
216000	-20035.001441009605	-4401.458716406683	-15633.542724602921	-4401.458716406683	5.790977808661159E306	8.738404420873985E307	0.6297355196280926	0.12213684529923652	2.835599252998585	0.0422639017021742	0.12213684529923652	2.835599252998585	0.0422639017021742	0.20466507423212713	5.193742870020195E-309	0.0	0.0	4.99109479809585E-309	-13448.716201616726	5.302863240133647E307	2.715407323083783E307	1.5723921011100468E307	5.5791386445764165E306	9.496432444757507E305	2	4	2	5	6
217000	-20224.41891140173	-4590.921583952129	-15633.497327449602	-4590.921583952129	7.591486568368231E306	1.1114985744380573E308	0.6297355196280926	0.12213684529923652	2.835599252998585	0.0422639017021742	0.12213684529923652	2.835599252998585	0.0422639017021742	0.19160637362501404	1.30651223978879E-309	0.0	0.0	1.209139276832243E-309	-13444.371527419547	1.0802452507324848E308	7.286394212777693E307	1.9284397998468392E307	1.408103827472892E306	1.6870273404866197E306	1	5	3	5	5
218000	-19777.33842711495	-4110.664423222063	-15666.67400389289	-4110.664423222063	4.8161305065165394E306	6.34366915533742E307	0.6297355196280926	0.12213684529923652	2.835599252998585	0.0422639017021742	0.12213684529923652	2.835599252998585	0.0422639017021742	0.4747060212981242	2.94470447546358E-309	0.0	0.0	2.947056673912885E-309	-13445.409464946842	1.0677469256661941E308	7.590303592355812E307	3.235506805092188E307	3.60394529317206E306	7.914179520751378E305	1	5	3	8	2
219000	-19700.886940256656	-4084.911158893862	-15615.975781362795	-4084.911158893862	6.081376859198617E306	5.599817170438249E307	0.6297355196280926	0.3199807371535303	2.637755361144291	0.0422639017021742	0.3199807371535303	2.637755361144291	0.0422639017021742	0.12047986944923642	7.8248647573447E-309	0.0	0.0	8.09443580655646E-309	-13443.900539898988	1.059492554805791E308	4.979438669141257E307	9.228394735411262E306	4.8325330979281894E306	2.1643789764514152E306	2	4	3	2	8
220000	-20067.53174567431	-4412.640301133874	-15654.891444540435	-4412.640301133874	7.622928999982352E306	6.443591967245063E307	0.6297355196280926	0.3199807371535303	1.6363852928045188	1.0436339700419466	0.3199807371535303	1.6363852928045188	1.0436339700419466	0.3849855131635037	5.78003664903684E-309	0.0	0.0	6.41008824385816E-309	-13448.667875247076	1.5569781393242458E308	8.729135449925845E307	1.9449698900262764E307	5.171482687446648E306	1.3438835657095899E306	3	3	3	4	6
221000	-20340.85217719913	-4704.093227468391	-15636.758949730738	-4704.093227468391	8.902428564362652E306	6.846178981342856E307	0.6297355196280926	0.3199807371535303	1.6363852928045188	1.0436339700419466	0.3199807371535303	1.6363852928045188	1.0436339700419466	0.1711403516862996	1.7067718261093334E-308	0.0	0.0	1.6875536245771363E-308	-13457.810273749508	8.966402769709435E307	4.196631350621397E307	2.672583064872455E307	1.2738796177280275E307	5.808995869267819E306	4	3	2	5	5
222000	-20429.732698625736	-4783.542792137205	-15646.189906488531	-4783.542792137205	8.338950915515938E306	6.834352628795129E307	0.6297355196280926	0.3199807371535303	1.6363852928045188	1.0436339700419466	0.3199807371535303	1.6363852928045188	1.0436339700419466	0.2726641183471726	5.577453817344104E-309	0.0	0.0	5.891143431836814E-309	-13456.782502521575	2.270202614619178E307	1.1989404319312925E307	1.275861084013353E307	5.589976055835173E306	3.4614920459034837E306	4	4	4	6	1
223000	-20155.498887884845	-4548.931671002995	-15606.567216881851	-4548.931671002995	4.30878352171331E306	2.5418282123133636E307	0.6297355196280926	0.0711374204395625	1.6363852928045188	1.2924772867559144	0.0711374204395625	1.6363852928045188	1.2924772867559144	0.15589977795742402	1.014765174691292E-308	0.0	0.0	1.0573034016082417E-308	-13436.132013143086	1.7511661634925375E307	5.178491297020176E306	5.638982218105027E306	6.118815512543358E306	3.5376305606931814E306	1	5	8	2	3
224000	-19907.19083475911	-4287.454377630721	-15619.736457128389	-4287.454377630721	5.728839088082928E306	4.2433989177992776E307	0.6297355196280926	0.0711374204395625	1.6363852928045188	1.2924772867559144	0.0711374204395625	1.6363852928045188	1.2924772867559144	0.11989758957147632	2.917125998652076E-309	0.0	0.0	2.900777503513255E-309	-13446.959936328643	2.576066325761405E307	5.4824656846263197E306	4.33741989878884E306	9.273797073726672E306	3.840988882310176E306	4	1	4	5	5
225000	-19936.077373388234	-4322.8155040127485	-15613.261869375485	-4322.8155040127485	2.5683119378058888E306	2.1739118048816123E307	0.6297355196280926	0.0711374204395625	1.6363852928045188	1.2924772867559144	0.0711374204395625	1.6363852928045188	1.2924772867559144	0.21350550285324157	2.187148310282906E-308	0.0	0.0	2.1440557647292636E-308	-13431.708185110703	2.0384312724237684E307	9.711343267054939E306	4.7370108393387075E306	1.9846844558902558E306	1.5357968714175638E306	4	1	1	2	11
226000	-19876.78095725963	-4293.623833577898	-15583.15712368173	-4293.623833577898	1.405311746269558E306	1.387296523678206E307	0.6297355196280926	0.0711374204395625	1.6363852928045188	1.2924772867559144	0.0711374204395625	1.6363852928045188	1.2924772867559144	0.10670766669611696	6.26791127712178E-309	0.0	0.0	6.19062084746805E-309	-13420.038773961765	5.979551733084097E307	8.828617947016994E306	1.9739900661813613E306	1.564360206377456E306	1.2760790944931371E306	2	2	2	10	3
227000	-20174.915821019298	-4579.052183155532	-15595.863637863766	-4579.052183155532	2.556424976986659E306	2.8483551611604383E307	0.6297355196280926	0.0711374204395625	1.6363852928045188	1.2924772867559144	0.0711374204395625	1.6363852928045188	1.2924772867559144	0.099155611967536	5.06031640912134E-309	0.0	0.0	5.127098750165435E-309	-13434.263741884559	2.9450108926046064E307	6.36360023795716E306	4.0741065460121475E306	9.217555928306799E305	4.24954782702001E305	4	5	6	3	1
228000	-20017.162753599536	-4408.676663641588	-15608.486089957949	-4408.676663641588	8.60503458342788E305	9.923629207326076E306	0.6297355196280926	0.0711374204395625	1.6363852928045188	1.2924772867559144	0.0711374204395625	1.6363852928045188	1.2924772867559144	0.3613795897384687	3.6322780463984523E-308	0.0	0.0	3.9842832657170587E-308	-13416.494733928948	3.746407782715198E306	2.3718853547140484E306	9.43148102921597E305	2.1312073860134847E305	5.162332019761384E304	3	8	5	2	1
229000	-20053.500267408563	-4436.4179405315535	-15617.08232687701	-4436.4179405315535	5.4161846126501125E305	5.2262569604301325E306	0.6297355196280926	0.0711374204395625	1.6363852928045188	1.2924772867559144	0.0711374204395625	1.6363852928045188	1.2924772867559144	0.4615385975450369	3.831880717166069E-308	0.0	0.0	3.4476237011470585E-308	-13406.211517252592	1.978773900561217E306	1.4603120754422376E306	3.274393145329701E305	1.2775271139810723E305	1.1548730053515518E305	6	8	1	3	1
230000	-19947.394444356913	-4368.449283381836	-15578.945160975078	-4368.449283381836	4.602738831923877E305	4.615354280021914E306	0.6297355196280926	0.7841705932252263	1.6363852928045188	0.5794441139702506	0.7841705932252263	1.6363852928045188	0.5794441139702506	0.1576466626332992	1.1596352422555291E-307	0.0	0.0	1.1713568295725714E-307	-13404.404167987717	2.5537826954950396E306	1.548367626546721E306	5.5407249821614015E305	3.3925905068768982E305	3.1063624096832664E305	1	10	1	5	2
231000	-20110.41556240552	-4523.531596356455	-15586.883966049065	-4523.531596356455	5.786165923534977E305	6.150744593699904E306	0.6297355196280926	0.7841705932252263	1.6363852928045188	0.5794441139702506	0.7841705932252263	1.6363852928045188	0.5794441139702506	0.22693299996275812	2.882782169752619E-308	0.0	0.0	2.8786520219508286E-308	-13407.791942818138	3.4469671858305643E306	1.836815136028886E306	6.4780902986936336E305	3.3682303671312084E305	2.4217503197039415E305	8	3	1	6	1
232000	-19872.700202680007	-4267.848874281187	-15604.85132839882	-4267.848874281187	6.068144132375877E305	5.379351066976045E306	0.6297355196280926	0.7841705932252263	1.6363852928045188	0.5794441139702506	0.7841705932252263	1.6363852928045188	0.5794441139702506	0.3204262304777187	3.742113778335917E-308	0.0	0.0	3.6601844712911E-308	-13410.29282645232	4.8489974810859115E306	2.34872762463087E306	1.126120577945845E306	5.009972733121694E305	5.4567649284805415E305	4	8	1	4	2
233000	-20175.74861339609	-4563.608750612611	-15612.139862783477	-4563.608750612611	1.7993564250460714E306	1.0577752892677149E307	0.6297355196280926	0.7841705932252263	1.6363852928045188	0.5794441139702506	0.7841705932252263	1.6363852928045188	0.5794441139702506	0.3136653188866056	1.011480764166388E-308	0.0	0.0	9.79133459500054E-309	-13421.309398461659	3.524146182866345E306	2.3768448125093792E306	3.591008329671738E306	9.360054925304171E305	1.3585278485384178E306	2	10	1	4	2
234000	-20358.441486148287	-4791.810481560369	-15566.631004587916	-4791.810481560369	3.396542504665985E306	2.017913964564408E307	0.6297355196280926	0.7841705932252263	1.6363852928045188	0.5794441139702506	0.7841705932252263	1.6363852928045188	0.5794441139702506	0.07099493953838114	3.8034081688798444E-308	0.0	0.0	3.784110171152185E-308	-13434.069641068381	6.7536346101751E306	3.42100280609749E306	2.9762984224616224E306	1.2477583791907833E306	1.0408161879880054E306	7	1	5	1	5
235000	-20157.823464056462	-4503.207929646476	-15654.615534409988	-4503.207929646476	6.214695891022505E306	4.60364375054268E307	0.6297355196280926	0.7841705932252263	1.6363852928045188	0.5794441139702506	0.7841705932252263	1.6363852928045188	0.5794441139702506	0.3887990285841839	7.67011667665165E-309	0.0	0.0	8.646078914280565E-309	-13449.190995787963	1.6478890300085215E307	2.1205290927158697E307	7.414847249052847E306	3.435261885103258E306	2.385102931266281E306	3	8	2	5	1
236000	-20111.66005724388	-4449.3770008267475	-15662.283056417133	-4449.3770008267475	1.3221228717371887E307	4.566422482663323E307	0.6297355196280926	0.7841705932252263	1.6363852928045188	0.5794441139702506	0.7841705932252263	1.6363852928045188	0.5794441139702506	0.49542339468364927	7.13124939096809E-309	0.0	0.0	6.806425504606617E-309	-13442.298636932263	1.0680261878358799E307	5.784568236885613E306	7.855030453282587E306	1.1339253946755065E307	4.13124476711768E306	3	2	5	1	8
237000	-20362.993433908778	-4677.218392712791	-15685.775041195988	-4677.218392712791	2.1195212076324484E307	1.0527649395788856E308	0.6297355196280926	0.7841705932252263	1.6363852928045188	0.5794441139702506	0.7841705932252263	1.6363852928045188	0.5794441139702506	0.39945151548874586	4.985295516542964E-309	0.0	0.0	4.482347488139927E-309	-13463.908709085637	2.23008179122443E307	2.6710429097849196E307	4.502359216450681E307	2.1663374458286743E307	1.353142766258519E307	3	4	3	1	8
238000	-20247.11183540893	-4576.599988205868	-15670.511847203063	-4576.599988205868	4.07545202592257E307	Infinity	0.6297355196280926	0.7841705932252263	1.6363852928045188	0.5794441139702506	0.7841705932252263	1.6363852928045188	0.5794441139702506	0.16524973308055085	0.0	0.0	0.0	2.9996779885659E-309	-13485.970245616425	1.12070608633855E308	1.2650679601070198E308	2.5725367914190064E307	4.962333913373498E307	1.1846190637218116E307	1	9	5	1	3
239000	-20314.359674287316	-4663.971372029973	-15650.388302257343	-4663.971372029973	1.6841999354769312E307	1.1728213965798321E308	0.6297355196280926	0.7841705932252263	1.6363852928045188	0.5794441139702506	0.7841705932252263	1.6363852928045188	0.5794441139702506	0.16769279755172603	2.45652906072485E-309	0.0	0.0	2.30747778473407E-309	-13464.485529219424	1.087096474195024E308	6.744951845510071E307	1.8380758714469776E307	1.9949181892948076E307	1.557781160637742E307	2	1	4	8	4
240000	-20110.9105885527	-4474.710229679211	-15636.200358873488	-4474.710229679211	1.2724186534406465E307	8.875523119063273E307	0.6297355196280926	0.7841705932252263	1.6363852928045188	0.5794441139702506	0.7841705932252263	1.6363852928045188	0.5794441139702506	0.16076331013122572	2.76295103664177E-309	0.0	0.0	2.62897998130894E-309	-13454.808494579758	1.2339377055815503E308	6.938011560878577E307	9.857086206696563E306	9.176308625311946E306	7.369809440491862E306	2	1	7	8	1
241000	-19858.40431781137	-4178.385393425339	-15680.018924386031	-4178.385393425339	2.7031507516244874E307	1.683108578279757E308	0.6297355196280926	0.7841705932252263	1.6363852928045188	0.5794441139702506	0.7841705932252263	1.6363852928045188	0.5794441139702506	0.3329246828562131	9.42839530222326E-310	0.0	0.0	1.04341153778524E-309	-13469.533492912444	9.129279081815484E307	8.295122808950323E307	1.0587714694108388E307	2.003745913411548E307	1.10997537699796E307	4	2	7	5	1
242000	-20082.078101818024	-4408.562666944182	-15673.515434873842	-4408.562666944182	4.206040934313893E307	Infinity	0.6297355196280926	0.7841705932252263	1.6363852928045188	0.5794441139702506	0.7841705932252263	1.6363852928045188	0.5794441139702506	0.38883536996601653	0.0	0.0	0.0	1.29213764811907E-309	-13474.145549843926	1.1069772634981942E308	3.97295619519228E307	2.355322990778421E307	2.003745913411548E307	1.8229465857894916E307	1	2	11	3	2
243000	-19948.92235575081	-4289.004155359914	-15659.918200390894	-4289.004155359914	1.2913821740174312E307	1.218056764543223E308	0.6297355196280926	0.7841705932252263	1.6363852928045188	0.5794441139702506	0.7841705932252263	1.6363852928045188	0.5794441139702506	0.2180573396726888	1.826266875295196E-309	0.0	0.0	1.89525550185805E-309	-13468.85398219093	6.45172563390396E307	4.891725162369723E307	3.123614638839635E307	1.0507281540014029E307	1.0688358907512646E307	1	5	1	3	9
244000	-19845.20993338262	-4196.515888920691	-15648.694044461927	-4196.515888920691	6.558873387681985E306	4.777703186088589E307	0.6297355196280926	0.7841705932252263	2.0336615345960247	0.18216787217874464	0.7841705932252263	2.0336615345960247	0.18216787217874464	0.344711699018417	5.18688232208844E-309	0.0	0.0	5.208770165366967E-309	-13447.427871213134	9.353072210849239E307	2.6635513932999793E307	6.508997630493676E306	8.158050976884251E306	2.485648456520872E306	2	5	5	2	5
245000	-19777.566207299737	-4144.74019125917	-15632.826016040568	-4144.74019125917	1.932823471497501E307	9.26368222347045E307	0.6297355196280926	0.7841705932252263	2.0336615345960247	0.18216787217874464	0.7841705932252263	2.0336615345960247	0.18216787217874464	0.1546117921862664	1.38762901672629E-309	0.0	0.0	1.34413442735185E-309	-13460.99258558124	4.613157926226577E307	2.785722919641495E307	2.3856493118570543E307	2.1139992871245805E307	6.328677716342891E306	1	5	5	4	4
246000	-19802.931158922107	-4137.380542907577	-15665.550616014529	-4137.380542907577	8.407309321013508E306	4.656204636474311E307	0.6297355196280926	0.7841705932252263	2.0336615345960247	0.18216787217874464	0.7841705932252263	2.0336615345960247	0.18216787217874464	0.4710601431272298	2.71946286817836E-309	0.0	0.0	3.22918878157597E-309	-13446.972029315191	3.8669643083679934E307	2.1834599554572228E307	1.8877247649671295E307	5.4662356780599E306	1.6754412655469173E306	2	1	2	13	1
247000	-19560.217401871712	-3912.728339960493	-15647.48906191122	-3912.728339960493	6.53017218768335E306	4.544309917764507E307	0.6297355196280926	0.7841705932252263	2.0336615345960247	0.18216787217874464	0.7841705932252263	2.0336615345960247	0.18216787217874464	0.28028888692288023	2.900327608462024E-309	0.0	0.0	2.68688061233799E-309	-13449.151087195376	4.560126455731763E307	2.0559346159455047E307	1.1735711465658648E307	7.034936701639886E306	2.7613004251765944E306	1	1	6	9	2
248000	-19924.175990263924	-4261.155990679785	-15663.019999584138	-4261.155990679785	2.2574202262404834E307	8.934782437767058E307	0.8177592195066157	0.7841705932252263	2.0336615345960247	0.18216787217874464	0.7841705932252263	2.0336615345960247	0.18216787217874464	0.30139284671337047	5.87691915583042E-309	0.0	0.0	5.958161464539467E-309	-13461.134855786711	1.1140568861008285E308	4.656215435868293E307	1.481269959942872E307	1.7062950796232298E307	9.341725680167362E306	4	1	4	7	3
249000	-19996.728547384708	-4325.682299684638	-15671.046247700071	-4325.682299684638	5.340454045283923E307	Infinity	0.8177592195066157	0.7841705932252263	2.0336615345960247	0.18216787217874464	0.7841705932252263	2.0336615345960247	0.18216787217874464	0.15477070536192647	0.0	0.0	0.0	3.7108681160672E-310	-13493.03419623754	1.3833394038081076E308	9.77464662105859E307	1.1621290439908965E308	7.26411219922094E307	4.610915183653431E307	4	5	1	7	2
250000	-19976.814899637797	-4326.720147197238	-15650.094752440558	-4326.720147197238	1.0968728131409208E307	9.68201443467222E307	0.8177592195066157	0.13452695237841927	2.0336615345960247	0.8318115130255517	0.13452695237841927	2.0336615345960247	0.8318115130255517	0.20078854965616252	5.71956113569816E-309	0.0	0.0	5.645087368951484E-309	-13463.658129832937	6.856635237309374E307	4.863380848892075E307	2.685205449495928E307	9.997547381110408E306	4.1654068162806185E306	2	8	4	4	1
251000	-19983.42892529268	-4318.156384500025	-15665.272540792654	-4318.156384500025	1.927258293585808E307	1.6178604906434087E308	0.8177592195066157	0.13452695237841927	2.0336615345960247	0.8318115130255517	0.13452695237841927	2.0336615345960247	0.8318115130255517	0.20242934229122947	8.13392697323793E-310	0.0	0.0	7.68447937597275E-310	-13473.033098838765	1.482969541470877E308	7.73909146604492E307	1.9125214892775986E307	1.5005862681280681E307	8.450642188418811E306	1	10	3	4	1
252000	-20146.03575104515	-4477.727761700228	-15668.307989344921	-4477.727761700228	6.590215478842586E307	Infinity	0.8177592195066157	0.13452695237841927	2.0336615345960247	0.8318115130255517	0.13452695237841927	2.0336615345960247	0.8318115130255517	0.1270986714064928	0.0	0.0	0.0	1.476412882062655E-309	-13488.360508960977	1.7726853292423825E308	1.1102828714101095E308	5.199412795770788E307	3.389214561677612E307	2.4351160411066165E307	2	8	1	6	2
253000	-19984.56908523452	-4292.755475860824	-15691.813609373696	-4292.755475860824	9.842543675957777E307	Infinity	0.8177592195066157	0.13452695237841927	2.0336615345960247	0.8318115130255517	0.13452695237841927	2.0336615345960247	0.8318115130255517	0.25730747163735707	0.0	0.0	0.0	3.5585139027959E-310	-13485.057748017874	1.1893374639459142E308	1.1424978934742176E308	7.318662893523036E307	3.148899147948426E307	3.324799952662343E307	2	7	1	2	7
254000	-20053.337390275756	-4393.305075375506	-15660.03231490025	-4393.305075375506	2.2464545611649852E307	1.0923112732549691E308	0.8177592195066157	0.13452695237841927	2.0336615345960247	0.8318115130255517	0.13452695237841927	2.0336615345960247	0.8318115130255517	0.2823606510825732	1.967476556030567E-309	0.0	0.0	1.935052740772583E-309	-13460.623173122325	4.0172670468079004E307	1.2524360029949062E307	1.4356536733155226E307	1.7489535037794213E307	5.391075987308994E306	5	1	5	5	3
255000	-19718.375296405975	-4065.5469337851478	-15652.828362620829	-4065.5469337851478	2.770161357342348E307	1.6816207575195248E308	0.8177592195066157	0.13452695237841927	2.0336615345960247	0.8318115130255517	0.13452695237841927	2.0336615345960247	0.8318115130255517	0.14694229569754913	1.450381951367257E-309	0.0	0.0	1.43215279326407E-309	-13473.795227928582	1.5522442913328252E308	9.603182165485287E307	7.529220666960254E307	2.334735307595096E307	8.377361496530269E306	4	2	1	6	6
256000	-19879.20389937979	-4239.701715664319	-15639.50218371547	-4239.701715664319	1.1443966279083558E307	1.0095798024714341E308	0.8177592195066157	0.13452695237841927	2.0336615345960247	0.8318115130255517	0.13452695237841927	2.0336615345960247	0.8318115130255517	0.14454801106064755	6.50656851272699E-309	0.0	0.0	6.49687226074678E-309	-13461.080943699642	5.15767541483647E307	5.217456558092212E307	7.507558591098974E306	8.365704267718306E306	7.056357478833434E306	3	3	2	8	3
257000	-20046.6484033035	-4412.569298890197	-15634.079104413306	-4412.569298890197	1.5545571799561262E307	1.0827304677705997E308	0.8177592195066157	0.13452695237841927	2.0336615345960247	0.8318115130255517	0.13452695237841927	2.0336615345960247	0.8318115130255517	0.11529609018145293	3.161554858952403E-309	0.0	0.0	3.19614732931107E-309	-13464.186080864692	1.162430218355961E308	5.587217933032853E307	2.6027779162296155E307	9.831522984763421E306	1.5659586515886445E307	2	4	8	2	3
258000	-20003.958504819755	-4320.790510911454	-15683.167993908302	-4320.790510911454	5.634683201426767E307	Infinity	0.8177592195066157	0.13452695237841927	2.0336615345960247	0.8318115130255517	0.13452695237841927	2.0336615345960247	0.8318115130255517	0.3350759180155313	0.0	0.0	0.0	3.14337937726103E-309	-13479.319116774735	5.599775867895127E307	3.032700473424843E307	2.6560366161938077E307	1.756281688511783E307	2.637113706933559E307	13	2	2	1	1
259000	-20008.62070883304	-4340.549668635716	-15668.071040197327	-4340.549668635716	1.1859358044111688E307	9.77118992881599E307	0.8177592195066157	0.13452695237841927	2.0336615345960247	0.8318115130255517	0.13452695237841927	2.0336615345960247	0.8318115130255517	0.3206364095919764	3.895401125305685E-309	0.0	0.0	3.741137059627883E-309	-13464.237310756534	6.323069182772547E307	6.019531414797211E307	3.150061962394241E307	1.484222911809494E307	9.89408849089908E306	3	6	2	7	1
260000	-19953.810464124443	-4288.912912851374	-15664.89755127307	-4288.912912851374	3.0509413791152434E307	Infinity	0.8177592195066157	0.13452695237841927	2.0336615345960247	0.8318115130255517	0.13452695237841927	2.0336615345960247	0.8318115130255517	0.20740223612518452	0.0	0.0	0.0	1.85953422451671E-309	-13483.143800553262	1.593707894671997E308	9.356661525877954E307	3.712617493410118E307	2.9410707631798675E307	8.795090840971991E306	3	2	5	7	2
261000	-20444.967452291832	-4789.619284689102	-15655.348167602731	-4789.619284689102	1.346664460941266E307	9.030651259486556E307	0.8177592195066157	0.13452695237841927	2.0336615345960247	0.8318115130255517	0.13452695237841927	2.0336615345960247	0.8318115130255517	0.20740223612518452	1.101180552341917E-308	0.0	0.0	1.1213603578899705E-308	-13461.60371929484	4.192680435036431E307	1.3825209582418345E307	1.0810912481944545E307	2.4888601491524472E306	2.7313115042555516E306	4	1	12	1	1
262000	-20139.144399577668	-4525.476720389769	-15613.667679187898	-4525.476720389769	1.379753410127923E307	6.612011822793421E307	0.8177592195066157	0.13452695237841927	2.0336615345960247	0.8318115130255517	0.13452695237841927	2.0336615345960247	0.8318115130255517	0.12105310351747299	2.68660490435148E-309	0.0	0.0	2.669377290428294E-309	-13451.125536436442	6.751222495276338E307	2.871516259179214E307	8.973794099425556E306	4.1051346580113125E306	2.7052155847216354E306	3	3	4	5	4
263000	-20038.945150545547	-4415.528622711381	-15623.416527834166	-4415.528622711381	1.872348375887339E307	7.145430187730344E307	0.8177592195066157	0.13452695237841927	2.0336615345960247	0.8318115130255517	0.13452695237841927	2.0336615345960247	0.8318115130255517	0.15419765262823482	1.61993503495509E-308	0.0	0.0	1.5510630691319333E-308	-13448.899647123159	4.352746995038214E307	1.5768283467208935E307	3.253817431134318E306	6.043069321254829E306	4.97125796590977E306	2	4	3	9	1
264000	-19833.63903135935	-4178.490551576007	-15655.148479783344	-4178.490551576007	1.9199604025795269E307	1.1502494581025595E308	0.8177592195066157	0.13452695237841927	2.0336615345960247	0.8318115130255517	0.13452695237841927	2.0336615345960247	0.8318115130255517	0.26017009870847385	4.265780328111103E-309	0.0	0.0	4.12965197839542E-309	-13460.480189464226	1.6835995236818563E308	6.523352791122072E307	1.8431627557818734E307	1.6071342896539745E307	8.162353461008594E306	1	3	11	3	1
265000	-20235.77027596549	-4561.7358539171155	-15674.034422048373	-4561.7358539171155	2.4977914096602353E307	1.627538002416748E308	0.8177592195066157	0.13452695237841927	2.0336615345960247	0.8318115130255517	0.13452695237841927	2.0336615345960247	0.8318115130255517	0.2670257359149212	5.14454569049239E-309	0.0	0.0	5.256942050742014E-309	-13472.790815770035	1.6737993932716873E308	6.303837462203236E307	2.5363762337672254E307	1.1327521057904714E307	6.943368273955577E306	2	8	4	4	1
266000	-20260.153535462807	-4595.2576312003	-15664.895904262505	-4595.2576312003	2.0536425129510438E307	1.2334799296471132E308	0.8177592195066157	0.13452695237841927	2.0336615345960247	0.8318115130255517	0.13452695237841927	2.0336615345960247	0.8318115130255517	0.31222951128936305	1.2801623735469E-309	0.0	0.0	1.37604165709241E-309	-13460.723716837962	8.326921250063953E307	2.813772250215571E307	1.1417940474004574E307	1.4546272911432038E306	1.5302745080070025E306	1	11	1	4	2
267000	-20039.853747126042	-4407.035097589653	-15632.81864953639	-4407.035097589653	3.3291229500470845E306	4.0759415119426346E307	0.8177592195066157	0.13452695237841927	2.0336615345960247	0.8318115130255517	0.13452695237841927	2.0336615345960247	0.8318115130255517	0.2344365796642382	8.91345025429673E-309	0.0	0.0	8.72736866214908E-309	-13440.306819848032	5.486787602893974E307	3.3447443837673285E307	1.710782117263167E307	3.3003334727524896E306	5.982620877106768E305	1	1	11	1	5
268000	-19960.770242225826	-4290.879060386594	-15669.891181839233	-4290.879060386594	1.5427249452811532E307	9.495044295547164E307	0.8177592195066157	0.13452695237841927	2.0336615345960247	0.8318115130255517	0.13452695237841927	2.0336615345960247	0.8318115130255517	0.4146981031025752	4.05814344102367E-309	0.0	0.0	4.326851631418523E-309	-13463.291031826171	5.623753125041042E307	5.647896864659433E307	4.40328696071836E307	1.8455774977692308E307	6.519473248746205E306	1	5	5	3	5
269000	-20130.813610648962	-4444.072175353593	-15686.741435295371	-4444.072175353593	6.298799349361601E307	Infinity	0.8177592195066157	0.13452695237841927	2.0336615345960247	0.8318115130255517	0.13452695237841927	2.0336615345960247	0.8318115130255517	0.16991002832950172	0.0	0.0	0.0	2.33856798972116E-310	-13495.71815914086	1.4732301742094093E308	3.6308711893858683E307	2.2195217100713311E307	7.727321249234036E306	1.2205057176355714E307	13	2	2	1	1
270000	-20250.32296709562	-4584.026397253145	-15666.296569842474	-4584.026397253145	4.498678607481899E307	Infinity	0.8177592195066157	0.13452695237841927	2.0336615345960247	0.8318115130255517	0.13452695237841927	2.0336615345960247	0.8318115130255517	0.2071758300529316	0.0	0.0	0.0	6.8142355925348E-310	-13485.206721641214	1.4822319516327586E308	1.0930614225988981E308	2.051512531906896E307	1.0879607171962356E307	8.185715802339263E306	2	13	2	1	1
271000	-20166.019253516726	-4503.106091868861	-15662.913161647866	-4503.106091868861	1.5768534507653961E307	1.4573485484879424E308	0.8177592195066157	0.13452695237841927	2.0336615345960247	0.8318115130255517	0.13452695237841927	2.0336615345960247	0.8318115130255517	0.2029473000958122	2.817209710711597E-309	0.0	0.0	2.752820163109228E-309	-13474.355670665756	1.604410997263603E308	8.454900237157236E307	4.48551872709245E307	3.2563715895877033E307	3.041409615562733E307	2	1	7	4	5
272000	-19992.050138150273	-4313.665714244441	-15678.38442390583	-4313.665714244441	3.83189257304571E307	Infinity	0.8177592195066157	0.13452695237841927	2.0336615345960247	0.8318115130255517	0.13452695237841927	2.0336615345960247	0.8318115130255517	0.2576077632725003	0.0	0.0	0.0	1.564304119052616E-309	-13482.037621418593	6.915316941586391E307	1.3362810911307123E308	8.739287591785538E307	2.9288754797884215E307	1.460574426733735E307	2	2	9	4	2
273000	-19860.786022809996	-4183.06229492339	-15677.723727886605	-4183.06229492339	4.462787307205268E307	Infinity	0.8177592195066157	0.13452695237841927	2.0336615345960247	0.8318115130255517	0.13452695237841927	2.0336615345960247	0.8318115130255517	0.21084783083364841	0.0	0.0	0.0	1.49518147229297E-309	-13481.454973963897	1.4394390074819224E308	5.258232857733468E307	5.729127532473044E307	1.4426152865953913E308	2.972433126297703E307	3	3	7	2	4
274000	-19921.97783957653	-4249.970761682662	-15672.00707789387	-4249.970761682662	6.658959797916546E307	Infinity	0.8177592195066157	0.13452695237841927	2.0336615345960247	0.8318115130255517	0.13452695237841927	2.0336615345960247	0.8318115130255517	0.20052581392665472	0.0	0.0	0.0	9.89660320483937E-310	-13483.690081603556	1.4394390074819224E308	1.6479311165626344E308	7.548809843876847E307	3.2404090823949174E307	1.6701839020336242E307	3	2	3	10	1
275000	-20252.11163104313	-4544.838651363056	-15707.272979680074	-4544.838651363056	4.536822445671082E307	Infinity	0.8177592195066157	0.13452695237841927	2.0336615345960247	0.8318115130255517	0.13452695237841927	2.0336615345960247	0.8318115130255517	0.4392466317677436	0.0	0.0	0.0	1.86875012852487E-310	-13487.4524472007	1.1117505254417425E308	1.4940837073289032E308	8.140390556580486E307	2.1343168419129592E307	2.494030785403479E307	3	1	12	2	1
276000	-19873.585660087083	-4186.78059209798	-15686.805067989102	-4186.78059209798	4.4255476122395773E307	Infinity	0.8177592195066157	0.13452695237841927	2.0336615345960247	0.8318115130255517	0.13452695237841927	2.0336615345960247	0.8318115130255517	0.2602880060850127	0.0	0.0	0.0	7.16103004785213E-310	-13487.703071150634	1.7919177505926132E308	9.66867896089052E307	4.4356395015509246E307	2.3724131720824586E307	1.1293413847177426E307	10	1	2	5	1
277000	-20142.531914925894	-4502.561259465967	-15639.970655459925	-4502.561259465967	2.3639242988307874E307	1.4933838496785704E308	0.8177592195066157	0.13452695237841927	2.0336615345960247	0.8318115130255517	0.13452695237841927	2.0336615345960247	0.8318115130255517	0.15832236376479522	3.69184555424577E-310	0.0	0.0	3.80584673833504E-310	-13469.105678896456	1.4113117909894876E308	4.632817160331746E307	5.709108944514534E307	1.932818078074189E307	1.112607827039346E307	1	6	3	1	8
278000	-19754.116494724873	-4112.384817069137	-15641.731677655736	-4112.384817069137	8.679929062943522E306	4.113054717603796E307	0.8177592195066157	0.13452695237841927	2.381530927268574	0.4839421203530023	0.13452695237841927	2.381530927268574	0.4839421203530023	0.24430711144175554	1.4768537620323473E-308	0.0	0.0	1.32220336255276E-308	-13441.926719576028	7.291030490155094E307	6.438524258814274E306	6.196659978977206E306	4.199739079846156E306	8.10030462415656E306	3	10	1	1	4
279000	-19900.869525390364	-4256.457551108552	-15644.411974281813	-4256.457551108552	5.207715499530744E306	4.788141745338754E307	0.8177592195066157	0.13452695237841927	2.381530927268574	0.4839421203530023	0.13452695237841927	2.381530927268574	0.4839421203530023	0.23729808175165584	1.05082013602034E-308	0.0	0.0	1.0026529297840144E-308	-13443.612673079127	1.074611590933673E308	2.462009724782676E307	6.043664560222486E306	5.5113138955969894E306	2.1728099125072404E306	3	2	2	1	11
280000	-19932.11395857024	-4274.967030621441	-15657.146927948801	-4274.967030621441	8.242973369147882E306	6.486411985567312E307	0.8177592195066157	0.13452695237841927	2.381530927268574	0.4839421203530023	0.13452695237841927	2.381530927268574	0.4839421203530023	0.307234679986247	1.524120127126177E-309	0.0	0.0	1.51135932153967E-309	-13455.448098411998	5.524190657690822E307	9.672902993384454E306	1.413951894476184E307	1.3540957782633204E307	1.2840876331228688E307	4	3	1	7	4
281000	-20292.470584289716	-4645.3537815908585	-15647.116802698858	-4645.3537815908585	1.4195209153895673E307	8.738727879420811E307	0.8177592195066157	0.13452695237841927	2.381530927268574	0.4839421203530023	0.13452695237841927	2.381530927268574	0.4839421203530023	0.18879576217946586	1.891020781387701E-308	0.0	0.0	1.8826244115861933E-308	-13460.604159168895	3.130952257777759E307	2.575326236530586E307	2.1838574022886706E307	1.1982101931196787E307	5.631644182897257E306	2	6	4	6	1
282000	-20116.871492922608	-4474.710384947973	-15642.161107974634	-4474.710384947973	2.0418625338805053E307	1.5025779631940467E308	0.8177592195066157	0.13452695237841927	2.381530927268574	0.4839421203530023	0.13452695237841927	2.381530927268574	0.4839421203530023	0.11509002208107134	2.805540578391494E-309	0.0	0.0	2.8630363724856E-309	-13470.481460523004	6.136108974993995E307	5.720084287722441E307	8.334501706908491E307	9.79200004985652E306	1.3314551719055821E307	4	7	1	4	3
283000	-20305.530559908897	-4620.535251341319	-15684.995308567577	-4620.535251341319	4.2120623672033417E307	Infinity	0.8177592195066157	0.13452695237841927	2.381530927268574	0.4839421203530023	0.13452695237841927	2.381530927268574	0.4839421203530023	0.3053539962527533	0.0	0.0	0.0	5.625581292890095E-309	-13481.71529361493	1.2841275266137187E308	1.7850606089582898E308	6.718959345541063E307	2.2303226285747185E307	2.5744125876986953E307	1	5	1	3	9
284000	-19829.79755884892	-4165.711530526842	-15664.086028322077	-4165.711530526842	3.3678948864596713E307	Infinity	0.8177592195066157	0.13452695237841927	2.381530927268574	0.4839421203530023	0.13452695237841927	2.381530927268574	0.4839421203530023	0.15339829893383836	0.0	0.0	0.0	1.34712676955123E-309	-13483.045399704863	1.2841275266137187E308	1.1865740169858751E308	6.255840174337996E307	3.790003335940773E307	5.314619430058408E307	1	2	3	2	11
285000	-19929.928699032123	-4244.6122969299395	-15685.316402102184	-4244.6122969299395	1.2552649575897325E307	1.0577588611393215E308	0.8177592195066157	0.13452695237841927	2.381530927268574	0.4839421203530023	0.13452695237841927	2.381530927268574	0.4839421203530023	0.4580811718236408	8.86643720856235E-310	0.0	0.0	9.12871656769596E-310	-13464.726975774185	4.834731813713703E307	1.3612544304908667E307	5.143239465140437E307	2.976028304700715E307	1.1791982921720233E307	1	1	4	4	9
286000	-20346.289103975352	-4698.7291838401925	-15647.559920135158	-4698.7291838401925	6.566753144564108E306	3.756975781069766E307	0.8177592195066157	0.32513487535857877	1.5194513016188709	1.155413823022546	0.32513487535857877	1.5194513016188709	1.155413823022546	0.3259093142519595	3.19493527365793E-309	0.0	0.0	3.09874708420494E-309	-13444.35844023852	3.4634704851330245E307	4.486558903641918E307	2.532253466373231E307	1.260557455399671E307	5.351432156347429E306	1	2	2	2	12
287000	-20199.16089526243	-4555.433311397885	-15643.727583864546	-4555.433311397885	2.367224711108722E307	1.106867004100856E308	0.8177592195066157	0.32513487535857877	1.5194513016188709	1.155413823022546	0.32513487535857877	1.5194513016188709	1.155413823022546	0.16364304475211144	8.87389436843411E-309	0.0	0.0	9.22815870160003E-309	-13461.677407931664	7.075455213576355E307	5.661742467052428E307	1.0636435361789985E308	3.8444443938099804E307	1.445968014728072E307	1	1	2	2	13
288000	-20324.260384974434	-4653.410922558041	-15670.84946241639	-4653.410922558041	1.709116271859386E307	1.232958209354001E308	0.8177592195066157	0.32513487535857877	1.5194513016188709	1.155413823022546	0.32513487535857877	1.5194513016188709	1.155413823022546	0.3571488413072934	5.297018518568427E-309	0.0	0.0	4.83754138341331E-309	-13463.503481479922	8.814204376582156E307	2.351378027715514E307	1.4185988941467334E307	6.294445339934023E306	1.0379884550482765E307	3	4	10	1	1
289000	-19868.43175483523	-4195.540246800475	-15672.891508034756	-4195.540246800475	2.423685937796125E307	Infinity	0.8177592195066157	0.32513487535857877	1.5194513016188709	1.155413823022546	0.32513487535857877	1.5194513016188709	1.155413823022546	0.2164657656361676	0.0	0.0	0.0	2.285784348663294E-309	-13478.814755456571	1.73261753383922E308	3.781783140522844E307	2.820363567856017E307	3.460314979041134E307	2.9520529449846863E307	1	12	2	3	1
290000	-19855.855542429028	-4177.993524186498	-15677.862018242531	-4177.993524186498	4.24212620042668E307	Infinity	0.8177592195066157	0.7653055486986207	1.5194513016188709	0.715243149682504	0.7653055486986207	1.5194513016188709	0.715243149682504	0.24731614915331152	0.0	0.0	0.0	3.90245707230237E-310	-13482.82210066241	7.240319782194095E307	9.342906405968856E307	1.0228531453294545E308	6.159428222018274E307	4.755301710981621E307	1	4	1	7	6
291000	-19924.94829821993	-4259.188837954426	-15665.759460265504	-4259.188837954426	5.903478141416653E307	Infinity	0.8177592195066157	0.7653055486986207	1.5194513016188709	0.715243149682504	0.7653055486986207	1.5194513016188709	0.715243149682504	0.13245963985072984	0.0	0.0	0.0	3.9929202262942E-310	-13484.858981877607	4.85122752012758E307	5.804530832417917E307	5.420469083401496E307	1.0219485580856143E308	1.853251612242061E307	1	2	3	5	8
292000	-20128.872183805874	-4480.848424708153	-15648.023759097721	-4480.848424708153	5.403677446668571E307	Infinity	0.8177592195066157	0.3523566956670702	1.5194513016188709	1.1281920027140546	0.3523566956670702	1.5194513016188709	1.1281920027140546	0.1255575952898518	0.0	0.0	0.0	6.600369674281666E-309	-13475.304194920678	7.199017636328728E307	7.687738855674782E307	6.160574774395902E307	4.799662706477866E307	4.190958410093124E307	2	2	2	7	6
293000	-19926.182390005266	-4236.163469182284	-15690.018920822982	-4236.163469182284	1.0640158915170875E308	Infinity	0.8177592195066157	0.3523566956670702	1.5194513016188709	1.1281920027140546	0.3523566956670702	1.5194513016188709	1.1281920027140546	0.2707994271256731	0.0	0.0	0.0	1.1022032717773E-309	-13492.982459806879	1.5423250105246469E308	1.2834906494819884E308	1.6406452141396487E308	6.465360755340812E307	1.9957693327752567E307	1	2	4	11	1
294000	-20107.100062492435	-4404.542681596868	-15702.557380895565	-4404.542681596868	1.1450357226923434E308	Infinity	0.8177592195066157	0.3523566956670702	1.5194513016188709	1.1281920027140546	0.3523566956670702	1.5194513016188709	1.1281920027140546	0.1782070954181788	0.0	0.0	0.0	5.7429359675272E-310	-13507.06621959684	1.204840226558796E308	1.7754694031695035E308	1.1900079401002133E308	8.140023370541263E307	1.1994675543384494E308	2	6	4	4	3
295000	-20393.980025075434	-4687.958260077712	-15706.02176499772	-4687.958260077712	9.734879080016776E307	Infinity	0.8177592195066157	0.3523566956670702	1.5194513016188709	1.1281920027140546	0.3523566956670702	1.5194513016188709	1.1281920027140546	0.22813152243519044	0.0	0.0	0.0	1.2984826377114E-310	-13501.988796876449	1.651086938454724E308	1.2512342919466012E308	1.2765953272245215E308	1.5164852559613906E308	1.5574089195564285E308	4	3	5	4	3
296000	-19963.192636972704	-4274.433439555665	-15688.75919741704	-4274.433439555665	8.244100135051967E307	Infinity	0.8654052052044102	0.3523566956670702	1.5194513016188709	1.1281920027140546	0.3523566956670702	1.5194513016188709	1.1281920027140546	0.26466860281699367	0.0	0.0	0.0	4.3944356935138E-310	-13489.468271584354	1.7811182190264672E308	1.2512342919466012E308	1.0249915158800762E308	1.079060262523068E308	5.792355859616831E307	1	6	3	5	4
297000	-20106.95901610078	-4417.291241249505	-15689.667774851276	-4417.291241249505	1.0931093401026753E308	Infinity	0.8654052052044102	0.3523566956670702	1.5194513016188709	1.1281920027140546	0.3523566956670702	1.5194513016188709	1.1281920027140546	0.1868260303798953	0.0	0.0	0.0	3.3378749003543E-310	-13500.765109004818	1.5644553265789962E308	1.4331168686993155E308	9.5684617672758E307	1.4423254311213583E308	1.699188883702485E308	1	5	5	1	7
298000	-19989.576126436146	-4271.898298957392	-15717.677827478754	-4271.898298957392	4.4243150014873424E307	Infinity	0.8654052052044102	0.3523566956670702	1.5194513016188709	1.1281920027140546	0.3523566956670702	1.5194513016188709	1.1281920027140546	0.491160511191961	0.0	0.0	0.0	8.69101779463427E-310	-13491.200560801013	1.5644553265789962E308	9.732164438336342E307	1.1736104550102598E308	9.481718333631122E307	5.310812723163829E307	8	4	2	1	4
299000	-19958.02812623223	-4295.611684933467	-15662.416441298763	-4295.611684933467	2.8756460554792056E307	Infinity	0.8654052052044102	0.3523566956670702	1.5194513016188709	1.1281920027140546	0.3523566956670702	1.5194513016188709	1.1281920027140546	0.17048435646163465	0.0	0.0	0.0	9.98178952112154E-310	-13483.406898769994	1.2410045708986616E308	8.137393420639338E307	7.700501667797033E307	9.364420717232851E307	1.6321838908716767E307	3	6	1	2	7
300000	-19976.170165234984	-4314.566326801008	-15661.603838433975	-4314.566326801008	2.260467778713598E307	Infinity	0.8654052052044102	0.3523566956670702	1.7795845461113264	0.8680587582215993	0.3523566956670702	1.7795845461113264	0.8680587582215993	0.21050459246084677	0.0	0.0	0.0	1.01175129085918E-309	-13477.482198079873	9.220776577859305E307	5.89101459631007E307	3.393246108664101E307	1.7086746877013416E307	7.833449205506207E306	8	1	2	1	7
301000	-19791.419318825017	-4120.5683817832605	-15670.850937041756	-4120.5683817832605	2.196218501554817E307	Infinity	0.8654052052044102	0.3523566956670702	1.7795845461113264	0.8680587582215993	0.3523566956670702	1.7795845461113264	0.8680587582215993	0.2032203764670878	0.0	0.0	0.0	1.339571664677974E-309	-13477.279944151536	1.193273888912116E308	8.585146716457612E307	3.0221549550492524E307	2.3876505290034137E307	1.5112621277614193E307	7	2	2	4	4
302000	-19856.095100389954	-4186.856724131514	-15669.23837625844	-4186.856724131514	2.653867565170344E307	Infinity	0.8654052052044102	0.3523566956670702	1.7795845461113264	0.8680587582215993	0.3523566956670702	1.7795845461113264	0.8680587582215993	0.22389073969308199	0.0	0.0	0.0	4.57266213353926E-310	-13480.422787528369	1.2564142009494658E308	6.681099804872532E307	3.550775315537956E307	1.60280905720111E307	1.2818311208244678E307	6	5	1	4	3
303000	-19809.449643003863	-4178.639681820103	-15630.809961183759	-4178.639681820103	7.482418415763934E306	7.334974138089217E307	0.8654052052044102	0.3523566956670702	1.7795845461113264	0.8680587582215993	0.3523566956670702	1.7795845461113264	0.8680587582215993	0.22767677317506824	2.23251109265838E-309	0.0	0.0	2.171328046493696E-309	-13449.94024684159	6.288580054173858E307	2.9020582042030144E307	1.3345105831565357E307	5.0127885972274E306	3.4026282087510865E306	6	2	2	2	7
304000	-19766.08735751508	-4164.479868937196	-15601.607488577883	-4164.479868937196	6.673383434591738E306	8.258775107893869E307	0.8654052052044102	0.3523566956670702	1.7795845461113264	0.8680587582215993	0.3523566956670702	1.7795845461113264	0.8680587582215993	0.10118930322930574	2.787263191251253E-309	0.0	0.0	2.72368816239012E-309	-13447.144788616552	9.091422690393773E307	3.173470636317889E307	1.2260553057642163E307	3.1774196268544586E306	7.026467072994954E305	6	1	2	4	6
305000	-20084.452606639326	-4413.956959582573	-15670.495647056754	-4413.956959582573	8.377110586384894E306	1.1004584740735311E308	0.8654052052044102	0.3523566956670702	1.7795845461113264	0.8680587582215993	0.3523566956670702	1.7795845461113264	0.8680587582215993	0.44761217100845746	2.37688289531784E-309	0.0	0.0	2.286195512869636E-309	-13452.542253617783	8.651633364816E307	7.087046874949667E307	1.7713815783513438E307	3.7732222550485947E306	1.4532449185889043E306	5	2	2	2	8
306000	-20070.820022367156	-4393.417066028456	-15677.4029563387	-4393.417066028456	1.0946141543977688E307	1.27042143594243E308	0.8654052052044102	0.3523566956670702	1.7795845461113264	0.8680587582215993	0.3523566956670702	1.7795845461113264	0.8680587582215993	0.4204339199676754	3.29741144359236E-309	0.0	0.0	3.44446249343685E-309	-13461.633727070237	1.5030362768176077E308	1.1511212990012292E308	4.4592224145701404E307	6.382291901875073E306	1.915429015374204E306	5	2	4	2	6
307000	-19917.995584700635	-4281.832266064547	-15636.163318636089	-4281.832266064547	9.256998074155714E306	1.136679809119324E308	0.8654052052044102	0.3523566956670702	1.7795845461113264	0.8680587582215993	0.3523566956670702	1.7795845461113264	0.8680587582215993	0.16173748059271123	3.432384755957256E-309	0.0	0.0	3.4560152436014E-309	-13457.834864199129	1.7477096312697136E308	1.0748386596889116E308	2.3535601004983264E307	7.770931435404415E306	2.503456774650421E306	3	1	9	2	4
308000	-20013.228979781932	-4341.691278644637	-15671.537701137293	-4341.691278644637	6.347590140735747E306	6.442609298434709E307	0.8654052052044102	0.3523566956670702	1.7795845461113264	0.8680587582215993	0.3523566956670702	1.7795845461113264	0.8680587582215993	0.4752575741837529	4.42625074704456E-309	0.0	0.0	4.63184726944227E-309	-13452.961525898705	1.4892320462397801E308	7.049491421015074E307	1.7936117264319477E307	7.015659716624169E306	7.497472264118241E306	2	2	4	10	1
309000	-19994.78664289778	-4331.61313129402	-15663.17351160376	-4331.61313129402	9.480261154541171E306	9.021772753743667E307	0.8654052052044102	0.3523566956670702	1.7795845461113264	0.8680587582215993	0.3523566956670702	1.7795845461113264	0.8680587582215993	0.25468354376642677	2.618100289146984E-309	0.0	0.0	2.673529671517495E-309	-13460.106260548495	1.3790700228773285E308	1.0989411652603308E308	8.854215075757142E307	1.4483318738095359E307	4.21945900779202E306	2	2	3	6	6
310000	-19965.09128959756	-4276.646697941832	-15688.444591655727	-4276.646697941832	3.416060693917057E307	Infinity	0.8654052052044102	0.3523566956670702	1.7795845461113264	0.8680587582215993	0.3523566956670702	1.7795845461113264	0.8680587582215993	0.43416382479034327	0.0	0.0	0.0	1.664990951503374E-309	-13471.041933895493	1.279814332298074E308	5.388316781873858E307	6.905321870584111E307	4.008709335583003E307	1.0915577574699107E307	1	5	1	2	10
311000	-19945.08576972703	-4257.542604200916	-15687.543165526113	-4257.542604200916	1.8018919678466786E307	1.489519141320829E308	0.8654052052044102	0.3523566956670702	1.7795845461113264	0.8680587582215993	0.3523566956670702	1.7795845461113264	0.8680587582215993	0.41520830014702803	3.809362796564085E-309	0.0	0.0	3.443991149069996E-309	-13472.701710952364	1.0566647047986142E308	7.300770748598418E307	4.986834379995621E307	3.367791607477047E307	1.4115121512095984E307	2	1	9	5	2
312000	-19948.894206728	-4283.172226331482	-15665.72198039652	-4283.172226331482	1.199938432319891E307	1.23724867512925E308	0.8654052052044102	0.3523566956670702	1.7795845461113264	0.8680587582215993	0.3523566956670702	1.7795845461113264	0.8680587582215993	0.2070474833509394	4.79788688512459E-309	0.0	0.0	4.897850231706525E-309	-13464.11259386827	1.4321395853625825E308	1.4169080244414504E308	8.938825366679207E307	1.9768318107715885E307	7.92751374610367E306	3	1	3	6	6
313000	-20381.061720485137	-4747.800561528182	-15633.261158956953	-4747.800561528182	1.7764028566750858E307	1.1501531613763831E308	0.8654052052044102	0.3523566956670702	2.454432858561604	0.19321044577132152	0.3523566956670702	2.454432858561604	0.19321044577132152	0.11640415635967934	2.5149543570461E-309	0.0	0.0	2.40462066744252E-309	-13467.066103217925	6.54775837744772E307	5.410210549561914E307	3.180352640683315E307	1.4865745587221087E307	6.32934773780276E306	3	1	3	9	3
314000	-20106.894799985563	-4419.8116969219245	-15687.083103063638	-4419.8116969219245	3.2573560397219306E307	Infinity	0.8654052052044102	1.0717385081642887	1.7350510460643858	0.19321044577132152	1.0717385081642887	1.7350510460643858	0.19321044577132152	0.3046449612475533	0.0	0.0	0.0	1.43022098053129E-309	-13482.440338359147	1.4473110324988006E308	9.028965559865187E307	3.7146626878904276E307	2.288991726153708E307	7.860205363782432E306	9	1	3	2	4
315000	-20200.29046547984	-4546.473850855623	-15653.816614624217	-4546.473850855623	1.1838365339339242E307	1.0782207547431166E308	0.8654052052044102	1.0717385081642887	1.2330002917736622	0.6952612000620451	1.0717385081642887	1.2330002917736622	0.6952612000620451	0.19558549630308983	1.61679272928542E-309	0.0	0.0	1.561688061661807E-309	-13466.661352396055	5.822238135199147E307	2.5941562094602253E307	1.0222903912587305E307	1.3874021262259293E307	9.5895439302946E306	9	2	1	3	4
316000	-19868.8949176132	-4187.203414450315	-15681.691503162885	-4187.203414450315	1.9710010117059792E307	Infinity	0.8654052052044102	1.0717385081642887	1.2330002917736622	0.6952612000620451	1.0717385081642887	1.2330002917736622	0.6952612000620451	0.28154301864770565	0.0	0.0	0.0	2.082509481093705E-309	-13476.596324296066	8.980419218633066E307	4.808604712183022E307	1.9977080721743112E307	1.8279479407016136E307	6.069139572435954E306	6	6	2	1	4
317000	-19979.821716361665	-4354.998739846535	-15624.82297651513	-4354.998739846535	1.9213396741522355E307	1.4509128499611484E308	0.8118808572272336	1.0717385081642887	1.2330002917736622	0.6952612000620451	1.0717385081642887	1.2330002917736622	0.6952612000620451	0.0877599514978464	3.441023215042023E-309	0.0	0.0	3.437427916088443E-309	-13470.020722485553	1.2153490049977576E308	1.931617741625406E307	3.6406696136346345E307	1.6522291784952058E307	1.481639769800585E307	4	6	4	1	4
318000	-19959.237454388087	-4307.517617252864	-15651.719837135222	-4307.517617252864	6.61272048090985E306	5.452800419174192E307	0.8118808572272336	1.0717385081642887	1.2330002917736622	0.6952612000620451	1.0717385081642887	1.2330002917736622	0.6952612000620451	0.3008056196008978	5.023317723499827E-309	0.0	0.0	5.59485170008254E-309	-13455.01283931913	3.598486186867938E307	3.0359674536000753E307	9.591950456638717E306	8.13260039199195E306	7.401083761710297E306	8	5	1	1	4
319000	-20082.053104021412	-4408.335292724189	-15673.717811297225	-4408.335292724189	1.3658637203761666E307	1.384087701873393E308	0.8118808572272336	1.0717385081642887	1.2330002917736622	0.6952612000620451	1.0717385081642887	1.2330002917736622	0.6952612000620451	0.3403814187522926	9.84936767403436E-310	0.0	0.0	1.206577349244017E-309	-13467.371062175187	5.820126445482568E307	2.4153210587761414E307	1.303744870766207E307	3.605820024638078E306	1.58650281449079E306	7	5	1	5	1
320000	-20115.707557746322	-4434.811124267154	-15680.896433479167	-4434.811124267154	3.5743545382982277E307	Infinity	0.8118808572272336	1.0717385081642887	1.7867415790764416	0.14151991275926556	1.0717385081642887	1.7867415790764416	0.14151991275926556	0.3293891582747078	0.0	0.0	0.0	6.77194609590383E-310	-13484.24276669479	1.5230008503844248E308	9.226873636603662E307	5.986363758039335E307	2.5390984626607927E307	9.395549180682357E306	7	5	4	2	1
321000	-20166.89534040523	-4474.151321648258	-15692.744018756972	-4474.151321648258	2.3962508342063164E307	Infinity	0.8118808572272336	1.0717385081642887	1.7867415790764416	0.14151991275926556	1.0717385081642887	1.7867415790764416	0.14151991275926556	0.3408101941346397	0.0	0.0	0.0	1.58679108957448E-309	-13478.03466583438	5.537885219337502E307	3.7257917197375555E307	7.653343553252302E307	1.8062370727645274E307	6.448809463272661E306	8	1	4	5	1
322000	-20399.423144537424	-4704.966470209007	-15694.456674328418	-4704.966470209007	3.165303636487286E307	Infinity	0.8118808572272336	1.0717385081642887	1.7867415790764416	0.14151991275926556	1.0717385081642887	1.7867415790764416	0.14151991275926556	0.34618206360840925	0.0	0.0	0.0	1.95535926944369E-309	-13479.043943423965	1.4107157215961427E308	7.629372687638747E307	5.245281878574141E307	4.450877973808474E307	2.1036801245770723E307	1	3	7	5	3
323000	-20051.1774314239	-4414.785722708478	-15636.391708715424	-4414.785722708478	7.774760030037533E306	4.686189537292967E307	0.8118808572272336	1.0717385081642887	1.7867415790764416	0.14151991275926556	1.0717385081642887	1.7867415790764416	0.14151991275926556	0.16674045147015643	1.1713418993670426E-308	0.0	0.0	1.121287234559911E-308	-13450.67075115424	2.7169399535218935E307	2.8017461261964956E307	1.1915477060311655E307	1.726116541987111E307	7.320641355581612E306	3	2	1	8	5
324000	-20167.505435900122	-4502.573302742583	-15664.932133157541	-4502.573302742583	6.019266020571971E306	5.387022808692264E307	0.8118808572272336	1.0717385081642887	1.7867415790764416	0.14151991275926556	1.0717385081642887	1.7867415790764416	0.14151991275926556	0.3799257807351732	1.40505514493247E-308	0.0	0.0	1.1815662463114976E-308	-13444.52460406196	7.02695501305581E307	2.8198903642292426E307	1.0376094367398666E307	3.476551226387265E306	3.774099291830945E306	2	1	5	6	5
325000	-20144.203246579047	-4531.34055590987	-15612.862690669179	-4531.34055590987	1.3273531609919496E306	1.2425564639081064E307	0.8118808572272336	1.0717385081642887	1.7867415790764416	0.14151991275926556	1.0717385081642887	1.7867415790764416	0.14151991275926556	0.23528496173122435	1.1032239340048407E-308	0.0	0.0	1.1019625866400884E-308	-13423.490039509352	1.0199313827899583E307	1.6069020806629185E307	2.7971131022683083E306	2.4389292793146772E306	7.351135850168282E305	3	2	2	6	6
326000	-19775.95598372841	-4171.299030935647	-15604.656952792762	-4171.299030935647	3.662450055845996E306	2.1001595266166083E307	0.8118808572272336	1.0717385081642887	1.7867415790764416	0.14151991275926556	1.0717385081642887	1.7867415790764416	0.14151991275926556	0.16107384319571136	2.3597591420339104E-308	0.0	0.0	2.2187479574741705E-308	-13432.601544376083	1.0508006786915427E307	1.2070245685334627E307	8.58124371232204E306	4.059412695653967E306	3.0800426532265244E306	3	3	1	8	4
327000	-19777.97867078907	-4155.115292978374	-15622.863377810698	-4155.115292978374	2.7631275264237844E306	2.8401480363060387E307	0.8118808572272336	1.0717385081642887	1.7867415790764416	0.14151991275926556	1.0717385081642887	1.7867415790764416	0.14151991275926556	0.2288658588445907	1.1827513540434E-308	0.0	0.0	1.1663223972226927E-308	-13437.7823236248	1.395751308009647E307	1.7538206699888508E307	3.890275138190856E306	3.877684734504471E306	1.454666457465253E306	3	8	1	1	6
328000	-19961.366437643763	-4307.134249811264	-15654.232187832498	-4307.134249811264	3.7653547443282157E306	4.3741416742461096E307	0.8118808572272336	1.0717385081642887	1.7867415790764416	0.14151991275926556	1.0717385081642887	1.7867415790764416	0.14151991275926556	0.4262015947972726	6.71021014125455E-309	0.0	0.0	6.838576117123523E-309	-13441.894747489343	2.52752721943758E307	4.328164618691868E307	4.3318982845711186E306	7.264120946433125E305	5.736485650081919E305	2	6	5	3	3
329000	-19949.15694057104	-4302.818233941114	-15646.338706629927	-4302.818233941114	6.085387689883249E306	5.452344348234722E307	0.8118808572272336	1.0717385081642887	1.7867415790764416	0.14151991275926556	1.0717385081642887	1.7867415790764416	0.14151991275926556	0.2503312684048472	6.03237858444953E-310	0.0	0.0	6.13971909886764E-310	-13448.766795201947	1.108438398876161E308	4.0218075375405693E307	1.1337825390493333E307	8.460904750586492E306	1.9951872665902255E306	2	3	6	2	6
330000	-19982.775553221094	-4349.296804193195	-15633.4787490279	-4349.296804193195	1.9245232314974585E307	Infinity	0.8118808572272336	1.0717385081642887	1.7867415790764416	0.14151991275926556	1.0717385081642887	1.7867415790764416	0.14151991275926556	0.08120380474605547	0.0	0.0	0.0	2.64355033962108E-309	-13476.436047061856	1.1325892325876061E308	7.03290431650443E307	8.441783308410815E307	1.2208627685150248E307	1.563739446448737E306	4	5	2	4	4
331000	-20112.464241023612	-4440.206121109486	-15672.258119914124	-4440.206121109486	2.7472071078896086E307	1.502676515280321E308	0.8118808572272336	1.0717385081642887	1.7867415790764416	0.14151991275926556	1.0717385081642887	1.7867415790764416	0.14151991275926556	0.29178940618074034	2.07896135877748E-309	0.0	0.0	2.144230091726777E-309	-13468.617114480825	6.950379623823832E307	2.1217027282436212E307	4.198385573158294E307	5.592719050676172E306	4.618828029468674E306	4	1	6	6	2
332000	-19786.602431336345	-4177.460871727685	-15609.141559608659	-4177.460871727685	3.4004682310113206E306	2.415069475469477E307	0.8118808572272336	1.0717385081642887	1.7867415790764416	0.14151991275926556	1.0717385081642887	1.7867415790764416	0.14151991275926556	0.15125960473172315	1.200758354644188E-308	0.0	0.0	1.2284481369556195E-308	-13435.45989185178	9.470275788227987E306	4.433562737045647E306	1.1974460371448343E307	6.846370790674487E306	2.053972655981407E306	1	5	2	2	9
333000	-20008.961152321244	-4369.592103216632	-15639.36904910461	-4369.592103216632	5.938822451543136E306	6.4301829935579E307	0.8118808572272336	1.0717385081642887	1.7867415790764416	0.14151991275926556	1.0717385081642887	1.7867415790764416	0.14151991275926556	0.21789581464571559	1.052207943994278E-308	0.0	0.0	1.0754379912714696E-308	-13453.078019727287	6.005696936031213E307	2.3498650878750447E307	3.1121285825949565E307	9.437543263913792E306	3.3645414929438554E306	1	3	5	1	9
334000	-19855.445464636523	-4203.295549128475	-15652.14991550805	-4203.295549128475	1.7239627755622249E307	1.0060332388525407E308	0.8118808572272336	1.0717385081642887	1.7867415790764416	0.14151991275926556	1.0717385081642887	1.7867415790764416	0.14151991275926556	0.2433739551775215	3.16717965828685E-309	0.0	0.0	3.289802141352067E-309	-13461.16656831062	8.099641539562376E307	3.293400537641905E307	1.4865024872813956E307	6.649847060401964E306	1.2682642028220903E307	1	3	5	2	8
335000	-20039.723979239727	-4371.03938455419	-15668.684594685536	-4371.03938455419	2.511824187128682E307	1.0357626961722164E308	0.8118808572272336	1.0717385081642887	1.7867415790764416	0.14151991275926556	1.0717385081642887	1.7867415790764416	0.14151991275926556	0.3393398397245284	3.686765951912223E-309	0.0	0.0	4.44616228131154E-309	-13460.988997890616	4.188331776406386E307	6.002321754159214E307	2.8255610651370636E307	9.339390034705292E306	1.074582646566632E307	1	6	1	1	10
336000	-20199.529155149932	-4551.956880096016	-15647.572275053915	-4551.956880096016	2.0893284924587206E307	1.3627010787042683E308	0.8118808572272336	1.0717385081642887	1.7867415790764416	0.14151991275926556	1.0717385081642887	1.7867415790764416	0.14151991275926556	0.14368376813527192	7.786266544281983E-309	0.0	0.0	7.56728735582882E-309	-13471.652257640017	7.386449733538482E307	6.191576074516124E307	1.9804174874854744E307	3.3521638264765615E307	1.4407942956881682E307	4	7	4	1	3
337000	-20050.228211383655	-4392.654325038181	-15657.573886345475	-4392.654325038181	2.2372196699052214E307	Infinity	0.8118808572272336	1.0717385081642887	1.7867415790764416	0.14151991275926556	1.0717385081642887	1.7867415790764416	0.14151991275926556	0.2230356142683336	0.0	0.0	0.0	2.52905343991681E-309	-13472.11584279247	1.3295629724288936E308	6.59170057272902E307	1.5729186824972257E307	1.9929206471566984E307	9.629238084104383E306	3	3	3	7	3
338000	-19944.96311865056	-4262.856855431485	-15682.106263219075	-4262.856855431485	2.029873644655214E307	1.7451374403284427E308	0.8118808572272336	0.310280427537281	1.7867415790764416	0.9029779933862733	0.310280427537281	1.7867415790764416	0.9029779933862733	0.36112437536478853	1.358962511511176E-309	0.0	0.0	1.382505549622807E-309	-13476.558744772714	1.2612401695941778E308	3.763949312121474E307	5.364993361729092E307	3.7689255840398275E307	1.1247601716514559E307	3	5	3	5	3
339000	-20267.087458709975	-4584.6669831159825	-15682.420475593992	-4584.6669831159825	5.233594962266997E307	Infinity	0.8118808572272336	0.310280427537281	1.7867415790764416	0.9029779933862733	0.310280427537281	1.7867415790764416	0.9029779933862733	0.2808062998329987	0.0	0.0	0.0	1.366292059119865E-309	-13487.97298499556	8.948121107333394E307	5.548476796646257E307	2.2946599642594585E307	1.2247994846408855E307	7.931428486805278E306	8	2	5	1	3
340000	-20226.583942708297	-4560.981382671181	-15665.602560037118	-4560.981382671181	2.804477075869742E307	Infinity	0.8118808572272336	0.310280427537281	1.7867415790764416	0.9029779933862733	0.310280427537281	1.7867415790764416	0.9029779933862733	0.17303656763193218	0.0	0.0	0.0	8.84190213439556E-310	-13480.308407454871	1.2316832248532633E308	9.30441375171782E307	9.003149742881152E307	3.19346327811756E307	1.7742459189889953E307	4	3	6	3	3
341000	-20021.263612982024	-4316.886091907482	-15704.377521074543	-4316.886091907482	8.382125048489307E307	Infinity	0.8118808572272336	0.310280427537281	1.7867415790764416	0.9029779933862733	0.310280427537281	1.7867415790764416	0.9029779933862733	0.27602458756447906	0.0	0.0	0.0	1.80625025967358E-309	-13492.301256862827	1.0001196936656867E308	8.884624029436641E307	1.2575436738112047E308	5.210776098553958E307	9.708517197572164E307	9	5	1	3	1
342000	-20177.94682757979	-4484.695044164626	-15693.251783415168	-4484.695044164626	3.8713007109295507E307	Infinity	0.8118808572272336	0.310280427537281	1.7867415790764416	0.9029779933862733	0.310280427537281	1.7867415790764416	0.9029779933862733	0.31006636774796337	0.0	0.0	0.0	4.7051965130505E-310	-13484.923820673179	1.2739389435168918E308	5.593887621529683E307	5.675549857982295E307	3.8288736293292857E307	1.6904462892566346E307	9	1	1	6	2
343000	-20187.872716977843	-4540.600618529845	-15647.272098447998	-4540.600618529845	1.8823648428710744E307	Infinity	0.8118808572272336	0.310280427537281	1.7867415790764416	0.9029779933862733	0.310280427537281	1.7867415790764416	0.9029779933862733	0.0997282647582554	0.0	0.0	0.0	1.14066930942528E-309	-13476.336728240427	8.021904768131659E307	7.079749523365818E307	6.543794751319687E307	9.66699939564954E307	1.4675829315645474E307	6	1	1	3	8
344000	-19945.40128823228	-4290.693369294465	-15654.707918937813	-4290.693369294465	1.9465500233366607E307	Infinity	0.8118808572272336	0.310280427537281	1.7867415790764416	0.9029779933862733	0.310280427537281	1.7867415790764416	0.9029779933862733	0.17717673467752143	0.0	0.0	0.0	2.164900372649247E-309	-13476.211015736368	1.7790212677145142E308	9.476222452034457E307	4.611955515050582E307	1.346302277462814E307	6.746038866617689E306	2	3	4	7	3
345000	-19684.879209786566	-4046.83461944032	-15638.044590346246	-4046.83461944032	1.530294293792129E307	1.0664830896689794E308	0.8118808572272336	0.310280427537281	1.7867415790764416	0.9029779933862733	0.310280427537281	1.7867415790764416	0.9029779933862733	0.1805869233969106	4.30508365536235E-309	0.0	0.0	4.377564482183214E-309	-13459.18368773404	1.4796229088557694E308	2.83697780417477E307	2.66677040358206E307	1.3466410011954744E307	4.6855461139551346E306	3	3	4	1	8
346000	-19966.717823334548	-4318.336740704106	-15648.38108263044	-4318.336740704106	1.361976453164863E307	9.362460886088642E307	0.8118808572272336	0.310280427537281	1.7867415790764416	0.9029779933862733	0.310280427537281	1.7867415790764416	0.9029779933862733	0.1990205979408938	7.49293699882408E-309	0.0	0.0	7.372533351154867E-309	-13461.276139431691	5.280432998401364E307	2.412065952751281E307	8.105354071394089E306	4.7525311237528956E306	3.236234163835801E306	3	10	2	2	2
347000	-20039.40621234013	-4369.188561842142	-15670.217650497989	-4369.188561842142	5.714816123659938E307	Infinity	0.8118808572272336	0.310280427537281	1.7867415790764416	0.9029779933862733	0.310280427537281	1.7867415790764416	0.9029779933862733	0.23400042105136434	0.0	0.0	0.0	3.271057158271486E-309	-13477.71185985849	7.370888130895697E307	6.586094091105895E307	1.7413851826364784E307	1.5715059639559659E307	2.690725159639265E307	10	2	4	2	1
348000	-20224.90150482978	-4526.288009976027	-15698.613494853755	-4526.288009976027	8.594712081479987E307	Infinity	0.8118808572272336	0.310280427537281	1.7867415790764416	0.9029779933862733	0.310280427537281	1.7867415790764416	0.9029779933862733	0.28278847387677847	0.0	0.0	0.0	5.1975571570211E-310	-13493.91972250419	3.778437427046724E307	5.105297418057272E307	1.7213154675703917E308	5.526904447086953E307	4.451205202439473E307	7	2	1	8	1
349000	-20317.377996081497	-4626.216556265241	-15691.161439816256	-4626.216556265241	3.2733122186857103E307	Infinity	0.8118808572272336	0.310280427537281	1.7867415790764416	0.9029779933862733	0.310280427537281	1.7867415790764416	0.9029779933862733	0.3497278667851859	0.0	0.0	0.0	1.88589315389426E-309	-13484.494503040558	1.0410343122700246E308	1.1199210400006021E308	4.262074046493407E307	1.543552277640139E307	1.2269682414736124E307	8	4	4	2	1
350000	-19984.55026073423	-4315.519229304127	-15669.031031430104	-4315.519229304127	5.585706213828509E307	Infinity	0.8118808572272336	0.310280427537281	1.7867415790764416	0.9029779933862733	0.310280427537281	1.7867415790764416	0.9029779933862733	0.17385904522213358	0.0	0.0	0.0	4.4013133813752E-310	-13490.79291988611	1.304439562257617E308	9.645050978546052E307	3.255482514292803E307	2.8481644658674155E307	1.7074225638618248E307	11	3	1	3	1
351000	-19961.218153809372	-4327.008616969178	-15634.209536840195	-4327.008616969178	2.9164987998283737E307	Infinity	0.8118808572272336	0.310280427537281	1.7867415790764416	0.9029779933862733	0.310280427537281	1.7867415790764416	0.9029779933862733	0.09814671599885855	0.0	0.0	0.0	1.091193671122527E-309	-13475.425035185865	4.2491985127982815E307	7.304420940058728E307	3.5258904538776343E307	1.4085922237927072E307	1.8745017464324312E307	10	2	1	3	3
352000	-20380.384928436673	-4710.848210244464	-15669.53671819221	-4710.848210244464	6.451519136088557E307	Infinity	0.8118808572272336	0.310280427537281	1.7867415790764416	0.9029779933862733	0.310280427537281	1.7867415790764416	0.9029779933862733	0.22302813625955287	0.0	0.0	0.0	9.56030893912873E-310	-13480.799481366957	1.1656736773966883E308	3.6168392888567525E307	5.844507503352241E307	5.008283229443283E307	3.009397040258082E307	7	2	2	5	3
353000	-19809.10313687892	-4196.747682421633	-15612.355454457285	-4196.747682421633	1.06777103321959E307	6.886521253991246E307	0.8118808572272336	0.310280427537281	1.7867415790764416	0.9029779933862733	0.310280427537281	1.7867415790764416	0.9029779933862733	0.09351233407055912	2.30962266458771E-309	0.0	0.0	2.40069225034426E-309	-13458.924383090822	5.832241321288154E307	3.447693771142134E307	2.1405421515699207E307	8.15432478541928E306	5.878346009247313E306	6	3	5	3	2
354000	-19822.62639562417	-4236.362075988201	-15586.26431963597	-4236.362075988201	1.8241586814163218E307	8.005814849675198E307	0.8118808572272336	0.310280427537281	1.7867415790764416	0.9029779933862733	0.310280427537281	1.7867415790764416	0.9029779933862733	0.04216716254946151	3.39245304002994E-309	0.0	0.0	3.444143337706173E-309	-13453.089158556697	6.69915182748985E307	7.588170918510568E306	8.602518148463798E306	6.446715192083911E306	8.449045918554118E306	6	7	1	2	3
355000	-19539.787660031587	-3955.0353001367644	-15584.752359894823	-3955.0353001367644	2.5182712235468592E306	2.1999068956592079E307	0.8118808572272336	0.310280427537281	1.7867415790764416	0.9029779933862733	0.310280427537281	1.7867415790764416	0.9029779933862733	0.10720354969584404	6.79752954473528E-309	0.0	0.0	6.80438437732871E-309	-13429.893564415761	1.4669538604771132E307	2.529581018286603E306	3.331559189916981E306	4.26172709043115E306	1.1245215773437515E306	3	3	2	5	6
356000	-19956.322216017972	-4334.389733955108	-15621.932482062864	-4334.389733955108	6.816343943372953E306	3.7848483316024625E307	0.8118808572272336	0.310280427537281	1.7867415790764416	0.9029779933862733	0.310280427537281	1.7867415790764416	0.9029779933862733	0.20008234545084252	8.246050640221115E-309	0.0	0.0	8.49066092302711E-309	-13442.168126196108	2.9762301911811984E307	1.1204827068962135E307	7.402509077976507E306	5.994865573913106E306	3.4203095736009793E306	3	1	4	3	8
357000	-20366.252244034295	-4745.358765778217	-15620.893478256077	-4745.358765778217	1.82190377020502E307	7.568835398875965E307	0.8118808572272336	0.310280427537281	1.7867415790764416	0.9029779933862733	0.310280427537281	1.7867415790764416	0.9029779933862733	0.13714329679743623	1.708116656295963E-309	0.0	0.0	1.783657251426175E-309	-13452.273001546495	3.5644018170833405E307	1.7774138503189097E307	5.915706929165333E306	1.2479408823800783E307	5.585391863637214E306	3	2	5	3	6
358000	-20085.483367711295	-4446.903213690682	-15638.580154020614	-4446.903213690682	9.821065016351502E306	8.801383528756702E307	0.8118808572272336	0.310280427537281	1.7867415790764416	0.9029779933862733	0.310280427537281	1.7867415790764416	0.9029779933862733	0.23939891670627372	1.14730810753135E-309	0.0	0.0	1.21141190270068E-309	-13456.039159719085	5.389651052933106E307	5.845212410535938E307	2.073133724739986E307	1.0086826454387949E307	2.6321752396989163E306	3	2	1	7	6
359000	-19869.050360525398	-4231.894080822559	-15637.156279702838	-4231.894080822559	5.4178436000614954E306	4.87860630883717E307	0.8118808572272336	0.310280427537281	1.7867415790764416	0.9029779933862733	0.310280427537281	1.7867415790764416	0.9029779933862733	0.23843378907602397	1.062501853298527E-308	0.0	0.0	1.123680129288962E-308	-13446.729189993395	4.4438793815382506E307	2.752267998733077E307	6.248791285705833E306	1.7116800180522678E306	1.3651486551314677E306	5	1	5	3	5
360000	-20044.029012529758	-4403.868558203939	-15640.160454325818	-4403.868558203939	1.025865344243836E307	7.518130041880065E307	0.8118808572272336	0.310280427537281	1.7867415790764416	0.9029779933862733	0.310280427537281	1.7867415790764416	0.9029779933862733	0.20760299288019954	4.698145509366464E-309	0.0	0.0	4.398036963206707E-309	-13456.164237745317	5.632723337100642E307	2.0969884795467963E307	9.958186551788561E306	5.951797921972378E306	3.670655144739517E306	5	1	5	3	5
361000	-20046.64332631773	-4413.1885296313385	-15633.454796686392	-4413.1885296313385	1.3377538988021963E307	1.526888017189542E308	0.8118808572272336	0.824539770735154	1.7867415790764416	0.38871865018840024	0.824539770735154	1.7867415790764416	0.38871865018840024	0.11657249427604997	3.39188969087454E-309	0.0	0.0	3.416293573102315E-309	-13466.648263726158	1.7874342101353097E308	1.1955129940188283E308	6.573919572857873E307	2.0511854155572427E307	8.217164831812049E306	4	1	5	1	8
362000	-20063.593348650684	-4415.569157349217	-15648.024191301465	-4415.569157349217	1.3405891583387788E307	8.234858529961091E307	0.8118808572272336	0.824539770735154	1.7867415790764416	0.38871865018840024	0.824539770735154	1.7867415790764416	0.38871865018840024	0.2283531879622103	1.4935356686199166E-308	0.0	0.0	1.451577578749692E-308	-13454.994414573652	1.224046534460621E308	2.1940380356580434E307	1.500975758448475E307	6.878900002158076E306	4.5042924802545993E306	2	3	5	5	4
363000	-20030.85822240361	-4407.202681165636	-15623.655541237975	-4407.202681165636	6.57433837734966E306	6.762058636805078E307	0.8118808572272336	0.824539770735154	1.7867415790764416	0.38871865018840024	0.824539770735154	1.7867415790764416	0.38871865018840024	0.1119285347572262	6.494585694425703E-309	0.0	0.0	6.60793740823791E-309	-13451.406438554222	5.2078747366774E307	4.7940298997563E307	1.4122809549383725E307	7.50137196364825E306	2.1565209094604623E306	5	1	3	7	3
364000	-19816.314556745787	-4218.62529264945	-15597.689264096336	-4218.62529264945	3.5546884666880485E306	5.244459384413459E307	0.8118808572272336	0.824539770735154	1.6854518268796084	0.4900084023852336	0.824539770735154	1.6854518268796084	0.4900084023852336	0.09720595100433724	3.62661091800508E-309	0.0	0.0	3.595138846627284E-309	-13438.782150051285	3.622619950386912E307	1.6061401254939383E307	1.0696693681121694E307	1.414329511096556E306	1.043906116930758E306	5	2	3	6	3
365000	-19932.06100257816	-4308.663103667656	-15623.397898910503	-4308.663103667656	3.967476954304882E306	5.368305056202214E307	0.8118808572272336	0.824539770735154	1.6854518268796084	0.4900084023852336	0.824539770735154	1.6854518268796084	0.4900084023852336	0.22348236996059	1.110371967451581E-308	0.0	0.0	1.1653104270480247E-308	-13443.594028276058	5.810846273579857E307	1.2064124560297732E307	6.048865117550098E306	3.3782293256683955E306	1.5410187691758695E306	5	2	1	8	3
366000	-19992.336752825893	-4406.019839370115	-15586.316913455777	-4406.019839370115	3.105805417050249E306	4.224394316141866E307	0.8118808572272336	0.824539770735154	1.6854518268796084	0.4900084023852336	0.824539770735154	1.6854518268796084	0.4900084023852336	0.0721359126541825	4.541876191270105E-309	0.0	0.0	4.593650578006725E-309	-13440.675248968339	3.1329178547745864E307	1.128666243279062E307	3.3425160306967204E306	2.583612979778221E306	1.4581887214021018E306	5	2	1	8	3
367000	-20035.952139968424	-4387.929396429067	-15648.022743539357	-4387.929396429067	5.091329752501334E306	4.733630622950571E307	0.8118808572272336	0.10294312261395111	1.6854518268796084	1.2116050505064364	0.10294312261395111	1.6854518268796084	1.2116050505064364	0.2798136338752182	2.156100175139145E-308	0.0	0.0	2.19623262532422E-308	-13450.236671809833	4.422564372577271E307	2.2172423677227138E307	9.742126690243009E306	3.2500899233321154E306	1.7610588329312767E306	5	3	6	1	4
368000	-19900.48149206202	-4256.089695643284	-15644.391796418735	-4256.089695643284	1.7332745646886264E307	7.147296566263449E307	0.8118808572272336	0.10294312261395111	1.6854518268796084	1.2116050505064364	0.10294312261395111	1.6854518268796084	1.2116050505064364	0.21140064113102897	8.44991181784442E-309	0.0	0.0	8.26293714654123E-309	-13454.667035515573	4.3495510383622544E307	1.488411235720755E307	6.831274784166088E306	6.269882743743948E306	5.168891958154873E306	7	3	1	1	7
369000	-20250.663532021932	-4565.527751286289	-15685.135780735643	-4565.527751286289	1.7159882158565295E307	1.2977753216151614E308	0.8118808572272336	0.10294312261395111	2.8131415026400903	0.08391537474595445	0.10294312261395111	2.8131415026400903	0.08391537474595445	0.33524642297176865	5.114053347119106E-309	0.0	0.0	4.56732093077662E-309	-13467.786370623122	9.317843766388383E307	6.535970057585324E307	2.2432560720812399E307	1.4806667546532277E307	7.283645436489869E306	1	7	3	6	2
370000	-20249.40807632792	-4572.276907913542	-15677.131168414378	-4572.276907913542	2.659011066098413E307	1.5169385813186385E308	0.8118808572272336	0.10294312261395111	2.8131415026400903	0.08391537474595445	0.10294312261395111	2.8131415026400903	0.08391537474595445	0.3518281286899909	6.984376467135254E-309	0.0	0.0	6.375538662596494E-309	-13470.064818758445	2.776613858452854E307	4.0180953641945183E307	3.493785959921192E307	3.2959822357633377E307	7.914891797162055E306	1	12	1	3	2
371000	-20069.730183373635	-4409.876503720019	-15659.853679653615	-4409.876503720019	4.612851285384114E307	Infinity	0.8118808572272336	0.10294312261395111	2.8131415026400903	0.08391537474595445	0.10294312261395111	2.8131415026400903	0.08391537474595445	0.2150686186044934	0.0	0.0	0.0	2.37242386154477E-309	-13475.0518242849	9.014301416851742E307	3.421816249539099E307	2.88045582087164E307	1.5619551819592915E307	8.353575980132113E306	3	4	10	1	1
372000	-19848.905010805884	-4201.1249548317655	-15647.780055974119	-4201.1249548317655	3.7865234564071894E307	Infinity	0.8118808572272336	0.10294312261395111	2.8131415026400903	0.08391537474595445	0.10294312261395111	2.8131415026400903	0.08391537474595445	0.11467260519445394	0.0	0.0	0.0	2.04105904115198E-309	-13479.050763199188	4.0704544436779087E307	3.4413079521801576E307	5.563663187074537E307	3.1106820398387287E307	2.3435386947795284E307	1	1	6	4	7
373000	-20085.196775317738	-4457.527478266858	-15627.66929705088	-4457.527478266858	2.1410470993159324E307	1.3398914722404784E308	0.8118808572272336	0.10294312261395111	2.8131415026400903	0.08391537474595445	0.10294312261395111	2.8131415026400903	0.08391537474595445	0.09679736297638734	2.529320490260106E-309	0.0	0.0	2.52395169402174E-309	-13468.307984062603	1.35828099524754E308	8.363033139342968E307	2.0866035028319077E307	1.8521214036791526E307	1.4065881771572843E307	1	1	1	11	5
374000	-20124.571448241535	-4449.9482403494985	-15674.623207892038	-4449.9482403494985	1.9160773483518752E307	Infinity	0.8118808572272336	0.10294312261395111	1.4969031700816742	1.4001537073043706	0.10294312261395111	1.4969031700816742	1.4001537073043706	0.28641310000013814	0.0	0.0	0.0	1.558899576112636E-309	-13469.437844542756	1.0005835752524859E308	9.139621408837765E307	8.071183396041835E307	1.8521214036791526E307	7.315441844718866E306	4	1	1	1	12
375000	-20198.051868601393	-4559.500881903681	-15638.550986697712	-4559.500881903681	4.455353642956871E306	4.1378711622191425E307	0.8118808572272336	0.10294312261395111	1.4969031700816742	1.4001537073043706	0.10294312261395111	1.4969031700816742	1.4001537073043706	0.27991294678993534	1.933194729603281E-308	0.0	0.0	1.861192965077992E-308	-13438.892087676079	4.1809987111052047E307	1.6479297045134033E307	1.1694081488722707E307	5.825609328600753E306	2.790212918566817E306	4	1	1	1	12
376000	-20129.450549114466	-4469.9649677596935	-15659.485581354775	-4469.9649677596935	4.064132568604249E306	4.374933833532848E307	0.8118808572272336	0.10294312261395111	1.4969031700816742	1.4001537073043706	0.10294312261395111	1.4969031700816742	1.4001537073043706	0.3838988801890423	1.9340166182122116E-308	0.0	0.0	1.7154075233536044E-308	-13445.336785572199	6.880820716897702E307	1.0522229426838984E307	2.970997398395222E306	2.6651982793259174E306	2.478693088173957E306	4	4	5	1	5
377000	-20403.040898325875	-4784.3660386921965	-15618.67485963368	-4784.3660386921965	4.5803382477768686E306	5.733878262206792E307	0.8118808572272336	0.10294312261395111	1.4969031700816742	1.4001537073043706	0.10294312261395111	1.4969031700816742	1.4001537073043706	0.14836158265135946	2.9319936972175893E-308	0.0	0.0	2.972411648634368E-308	-13442.463228878823	8.514055379721601E307	1.6820406986700815E307	3.240948661617831E306	1.3927110824666155E306	2.0223463499224833E306	4	4	6	1	4
378000	-19949.233669355082	-4333.768353594591	-15615.465315760493	-4333.768353594591	4.539053689329347E306	4.2559682774183423E307	0.8118808572272336	0.8754660823265287	1.4969031700816742	0.627630747591793	0.8754660823265287	1.4969031700816742	0.627630747591793	0.16076435036310335	2.400058425029017E-309	0.0	0.0	2.419156875573255E-309	-13443.602307820776	4.3315115598553204E307	8.518622972164208E306	4.3989031459807546E306	6.123109911340512E306	2.846102205044211E306	5	6	3	3	2
379000	-19892.573929449478	-4208.875968358555	-15683.697961090922	-4208.875968358555	1.9452861750450194E307	Infinity	0.8118808572272336	0.8754660823265287	1.4969031700816742	0.627630747591793	0.8754660823265287	1.4969031700816742	0.627630747591793	0.4166428587392976	0.0	0.0	0.0	1.527308467391363E-309	-13473.173695643416	1.287520474365764E308	9.339968617601032E307	2.097894045292836E307	1.345301128445804E307	7.15225803163184E306	5	5	5	3	1
380000	-20168.20474710378	-4505.114497474617	-15663.090249629166	-4505.114497474617	1.9490248300070568E307	1.7053292970305297E308	0.8118808572272336	0.8754660823265287	1.4969031700816742	0.627630747591793	0.8754660823265287	1.4969031700816742	0.627630747591793	0.20057967054880055	1.79330814920529E-309	0.0	0.0	1.822095557116277E-309	-13473.894406321855	1.0320804196056388E308	4.627970910803555E307	1.4641014607717285E307	4.84648706728513E307	7.93578949731607E306	7	5	3	2	2
381000	-20190.136451237962	-4534.646994888645	-15655.489456349316	-4534.646994888645	1.5706815211492096E307	1.0199173430079607E308	0.8118808572272336	0.8754660823265287	1.4969031700816742	0.627630747591793	0.8754660823265287	1.4969031700816742	0.627630747591793	0.22977936232085153	9.04781434142728E-309	0.0	0.0	8.96781293371619E-309	-13465.632063075924	3.7077244337676034E307	2.16556973529457E307	2.1929827277212526E307	1.1638041573385698E307	1.1004374564529574E307	3	6	4	5	1
382000	-19795.681644273693	-4199.549742534692	-15596.131901739	-4199.549742534692	3.977003403936908E306	2.636385590143409E307	0.8118808572272336	0.8754660823265287	1.4969031700816742	0.627630747591793	0.8754660823265287	1.4969031700816742	0.627630747591793	0.07400465522177724	1.9918108885201024E-308	0.0	0.0	1.9582942468567046E-308	-13439.755051532775	8.698096989756767E307	2.0023279584696495E307	5.97832782277892E306	6.56341901151428E306	1.351250947636514E306	1	4	11	2	1
383000	-19720.58799984477	-4077.032122026826	-15643.555877817946	-4077.032122026826	6.532677359883198E306	5.042825282417638E307	0.8118808572272336	0.8754660823265287	1.4969031700816742	0.627630747591793	0.8754660823265287	1.4969031700816742	0.627630747591793	0.3271096458290576	6.398814327526025E-309	0.0	0.0	7.004902675418144E-309	-13448.00555007064	4.909437284548908E307	1.903744660304419E307	1.0086108221364822E307	9.371043413670861E306	5.65804836267435E306	1	4	4	1	9
384000	-19840.70176442279	-4219.410281821391	-15621.291482601397	-4219.410281821391	2.6428391465276043E307	1.3829910861488016E308	0.8118808572272336	0.8754660823265287	1.4969031700816742	0.627630747591793	0.8754660823265287	1.4969031700816742	0.627630747591793	0.10009130502803106	2.025355343713624E-309	0.0	0.0	2.041897547068136E-309	-13464.814925509343	1.0594519959602439E308	6.503204673431309E307	6.045219243075192E307	1.695092523456758E307	9.502763376985032E306	1	6	1	4	7
385000	-20034.241206026352	-4352.849703862996	-15681.391502163355	-4352.849703862996	4.268678428196293E307	Infinity	0.8118808572272336	0.8754660823265287	1.4969031700816742	0.627630747591793	0.8754660823265287	1.4969031700816742	0.627630747591793	0.3067751861257156	0.0	0.0	0.0	1.725181929757764E-309	-13476.65384990274	1.6172324261637657E308	7.9610833388324E307	3.0260159755065983E307	1.7467774234180798E307	5.881977565123177E307	1	5	2	10	1
386000	-20008.281599882495	-4347.2617623155875	-15661.01983756691	-4347.2617623155875	5.060590376759152E307	Infinity	0.8118808572272336	1.732129976226004	0.6402392761821988	0.627630747591793	1.732129976226004	0.6402392761821988	0.627630747591793	0.1219542062327735	0.0	0.0	0.0	3.8337115677634E-310	-13487.771500010022	1.468779011485787E308	6.357779910675194E307	4.94841027678345E307	4.510227001735898E307	3.5303575601138723E307	6	5	1	4	3
387000	-20307.923527172887	-4609.284730641805	-15698.638796531082	-4609.284730641805	1.1321969514341533E308	Infinity	0.8118808572272336	1.732129976226004	0.6402392761821988	0.627630747591793	1.732129976226004	0.6402392761821988	0.627630747591793	0.23156802578762703	0.0	0.0	0.0	2.4179261541509E-310	-13499.504383583026	1.6513395128529963E308	1.190215460808069E308	1.290896079736283E308	6.878170851119558E307	2.281532943858954E307	9	1	3	2	4
388000	-19847.619105859907	-4168.694079535649	-15678.92502632426	-4168.694079535649	3.2887775506814804E307	Infinity	0.8118808572272336	1.732129976226004	0.6402392761821988	0.627630747591793	1.732129976226004	0.6402392761821988	0.627630747591793	0.3809635379728471	0.0	0.0	0.0	9.4515913066944E-310	-13472.790192067243	1.5806362497738268E308	3.138310093796485E307	2.6530061343437106E307	3.367912294776456E307	1.7598674891226417E307	3	1	11	3	1
389000	-19766.89748888097	-4092.1490778523003	-15674.748411028671	-4092.1490778523003	3.6045909072791304E307	Infinity	0.8118808572272336	0.932734609593348	0.8930947366531538	1.1741706537534942	0.932734609593348	0.8930947366531538	1.1741706537534942	0.25495683229335964	0.0	0.0	0.0	1.57149537779928E-309	-13473.05669533709	1.3809378014060998E308	5.627772777756384E307	3.9602590940901674E307	3.2067791576676614E307	1.8356526543920123E307	2	4	2	9	2
390000	-19868.30337891351	-4203.7835752013825	-15664.519803712128	-4203.7835752013825	2.5626160436793924E307	Infinity	0.8118808572272336	0.932734609593348	0.8930947366531538	1.1741706537534942	0.932734609593348	0.8930947366531538	1.1741706537534942	0.24761459186754467	0.0	0.0	0.0	5.54465596393005E-310	-13466.337029740625	1.3809378014060998E308	1.747527176364518E308	1.4323455221894853E308	1.1997879358660328E307	1.0513598518294422E307	1	1	2	3	12
391000	-20287.291970200444	-4609.9469647057795	-15677.345005494666	-4609.9469647057795	2.7171686411999167E307	Infinity	0.8118808572272336	0.932734609593348	0.8930947366531538	1.1741706537534942	0.932734609593348	0.8930947366531538	1.1741706537534942	0.3052486186347493	0.0	0.0	0.0	1.702557077869415E-309	-13470.987567630618	1.5362165747349572E308	8.625213443758094E307	5.203722975452218E307	3.266618285206709E307	1.393770758843564E307	1	1	2	6	9
392000	-19962.54137929939	-4318.755903058097	-15643.785476241294	-4318.755903058097	1.3318164649461113E307	7.081803381077681E307	0.8118808572272336	0.932734609593348	1.3604711198992596	0.7067942705073884	0.932734609593348	1.3604711198992596	0.7067942705073884	0.22545213801895533	4.24570123907681E-309	0.0	0.0	4.360133834750637E-309	-13455.537475277584	5.550175885952549E307	1.378238481194396E308	3.585445649515206E307	3.5069430942905735E307	1.327950901881351E307	1	1	2	1	14
393000	-20056.444492334464	-4421.636972084176	-15634.807520250288	-4421.636972084176	2.0236718187771695E307	1.0000196040797177E308	0.8118808572272336	0.932734609593348	1.3604711198992596	0.7067942705073884	0.932734609593348	1.3604711198992596	0.7067942705073884	0.13360431702888095	8.139688240275934E-309	0.0	0.0	7.88416642727061E-309	-13464.05668194171	5.759392110515043E307	3.590864137674712E307	3.753535440215866E307	4.568712730655896E307	1.618203154367888E307	4	2	6	1	6
394000	-19794.477792566177	-4154.293092859645	-15640.184699706533	-4154.293092859645	8.30701163698816E306	5.4004064729054E307	0.8118808572272336	0.932734609593348	1.3604711198992596	0.7067942705073884	0.932734609593348	1.3604711198992596	0.7067942705073884	0.26085478710058974	3.824010405302074E-309	0.0	0.0	3.82844927507473E-309	-13449.767584217716	4.917289237917212E307	1.3578974079285414E307	1.2417059862703343E307	4.3617252848989447E306	3.4887124659031086E306	7	1	2	4	5
395000	-19886.52112969441	-4240.314508707975	-15646.206620986437	-4240.314508707975	3.599870488823297E307	1.6536049921886809E308	0.8118808572272336	0.932734609593348	1.3604711198992596	0.7067942705073884	0.932734609593348	1.3604711198992596	0.7067942705073884	0.1704754514402612	1.20079063116737E-309	0.0	0.0	1.212675090563696E-309	-13466.696604124209	1.0462757370652721E308	4.215311915951382E307	1.1408733526119748E307	4.9717931317689457E306	7.729868866644995E306	7	1	1	4	6
396000	-19835.156682442124	-4220.866386935717	-15614.290295506406	-4220.866386935717	4.183638522085603E306	2.936592743712914E307	0.8118808572272336	0.932734609593348	1.3604711198992596	0.7067942705073884	0.932734609593348	1.3604711198992596	0.7067942705073884	0.17438863974970828	1.0944908753021664E-308	0.0	0.0	1.1682669908944934E-308	-13439.883108949945	1.440827530131544E307	1.9969983524693945E307	8.999859487599421E306	2.5469179491636422E306	1.7064083645166726E306	7	1	3	6	2
397000	-19671.719614897407	-4038.1336958507322	-15633.585919046674	-4038.1336958507322	5.716281718842328E306	5.971605046264089E307	0.8118808572272336	0.932734609593348	1.3604711198992596	0.7067942705073884	0.932734609593348	1.3604711198992596	0.7067942705073884	0.20493409221640554	6.2294853487286E-310	0.0	0.0	6.3817860810333E-310	-13448.574341066143	3.0790632423788684E307	1.9969248467009503E307	6.484238924116982E306	9.30693252785137E305	1.2518191172884472E306	8	1	3	1	6
398000	-20134.52552479544	-4467.490469062657	-15667.035055732786	-4467.490469062657	4.3697316450775954E306	3.283870463541466E307	0.8118808572272336	0.932734609593348	1.3604711198992596	0.7067942705073884	0.932734609593348	1.3604711198992596	0.7067942705073884	0.5157260430701142	4.430305132985764E-309	0.0	0.0	4.092083855247536E-309	-13443.21121371936	3.489339645012567E307	1.7320164410245544E307	8.245369065712654E306	1.6737329501226525E306	1.2209535480093243E306	6	1	7	2	3
399000	-20228.485118526027	-4587.469455451041	-15641.015663074988	-4587.469455451041	1.256781076686204E307	7.98409169971527E307	0.8118808572272336	0.932734609593348	1.0448560882659637	1.0224093021406844	0.932734609593348	1.0448560882659637	1.0224093021406844	0.22303602395724462	9.83025973382536E-309	0.0	0.0	1.067519666028635E-308	-13454.324714510021	4.0813315022887464E307	7.7691656720864E306	7.803068309872916E306	6.847832056350108E306	5.254411191035055E306	5	5	2	5	2
400000	-20388.33646691441	-4760.69188850366	-15627.644578410751	-4760.69188850366	7.71877907718626E306	5.42278940041922E307	0.8118808572272336	0.932734609593348	1.899815708482628	0.1674496819240201	0.932734609593348	1.899815708482628	0.1674496819240201	0.1922401650119237	2.5836679238917944E-308	0.0	0.0	2.684448566908588E-308	-13451.776280663355	4.317392805185223E307	1.9076684557365445E307	1.733284623338857E307	5.640785897094913E306	1.9646587335158358E306	5	6	2	3	3
401000	-20162.607841932884	-4495.430636646495	-15667.17720528639	-4495.430636646495	2.2463473261760132E307	1.1534013456341973E308	0.8118808572272336	0.932734609593348	1.899815708482628	0.1674496819240201	0.932734609593348	1.899815708482628	0.1674496819240201	0.3102082012366	2.668661240592085E-309	0.0	0.0	2.907732394697825E-309	-13465.16953865067	2.057045919163353E307	3.337629588301887E307	3.2288484668309813E307	1.8264872238356364E307	1.2131077820039056E307	1	6	3	7	2
402000	-19963.2838425078	-4301.258383209577	-15662.025459298224	-4301.258383209577	4.941346339243321E307	Infinity	0.8118808572272336	0.932734609593348	1.899815708482628	0.1674496819240201	0.932734609593348	1.899815708482628	0.1674496819240201	0.11570253695275699	0.0	0.0	0.0	8.8929531028243E-310	-13488.38074138697	1.103502348676438E308	7.485943641334578E307	3.1317586951242646E307	6.337174093232299E307	5.744209632374373E307	6	2	3	5	3
403000	-20053.298284844903	-4419.026724706449	-15634.271560138455	-4419.026724706449	1.944323796759456E307	1.5751841400658934E308	0.8118808572272336	0.932734609593348	1.899815708482628	0.1674496819240201	0.932734609593348	1.899815708482628	0.1674496819240201	0.10537302134033938	4.079060908345226E-309	0.0	0.0	4.042897759145614E-309	-13470.529574086118	9.426459796517823E307	7.671558548142739E307	2.3105427497104924E307	1.105913219519835E307	6.490572234918816E306	4	4	3	5	3
404000	-20287.81190472874	-4661.951486871678	-15625.860417857064	-4661.951486871678	8.536698617946574E306	6.390743463661988E307	0.8118808572272336	0.932734609593348	0.9787382491055331	1.0885271413011148	0.932734609593348	0.9787382491055331	1.0885271413011148	0.15137638476153742	4.67374285196404E-309	0.0	0.0	4.79649216422032E-309	-13457.474214380683	7.77088195394474E307	3.027077547829485E307	2.9437279145293964E307	1.17676243075845E307	1.1171491451355108E307	5	3	1	8	2
405000	-20246.652746717013	-4564.202969170228	-15682.449777546784	-4564.202969170228	5.387271610372841E307	Infinity	0.8118808572272336	1.453996192603824	0.4574766660950571	1.0885271413011148	1.453996192603824	0.4574766660950571	1.0885271413011148	0.22500390332497733	0.0	0.0	0.0	3.71335922153794E-310	-13489.973593841103	1.565325935476472E308	1.2317224449296487E308	1.1829746618462149E308	4.33981463535321E307	2.8027077770017914E307	5	3	2	7	2
406000	-20257.122562886798	-4590.5840213328875	-15666.53854155391	-4590.5840213328875	1.6476880358166078E307	1.2030139527444235E308	0.8118808572272336	1.453996192603824	0.4574766660950571	1.0885271413011148	1.453996192603824	0.4574766660950571	1.0885271413011148	0.33353810616590573	1.298857202256733E-309	0.0	0.0	1.436824710256217E-309	-13468.499593305805	6.48470233815784E307	4.465648522965306E307	3.002349699697385E307	2.7908304599113597E307	7.09687445946083E306	4	4	4	5	2
407000	-20328.885410713752	-4653.063730577798	-15675.821680135952	-4653.063730577798	6.355769966272665E307	Infinity	0.8118808572272336	0.8888369345471897	1.0226359241516914	1.0885271413011148	0.8888369345471897	1.0226359241516914	1.0885271413011148	0.30938271202948614	0.0	0.0	0.0	1.30482272287926E-309	-13474.933441385438	9.662828313838415E307	3.2118117464037553E307	1.4038168354515994E307	1.5498812883261238E307	1.8057695467750363E307	5	1	7	4	2
408000	-20167.525858421533	-4480.849568296812	-15686.676290124722	-4480.849568296812	3.0257998327296017E307	Infinity	0.8118808572272336	0.0011039774038056338	1.0226359241516914	1.976260098444499	0.0011039774038056338	1.0226359241516914	1.976260098444499	0.3729314666003141	0.0	0.0	0.0	1.374375431864125E-309	-13478.92976405523	7.131122634003392E307	2.268318101327537E307	3.54028309881786E307	2.3870369494720586E307	9.458969969084341E306	9	4	2	1	3
409000	-19935.00412847098	-4266.286423716243	-15668.717704754737	-4266.286423716243	1.6722756655588122E307	1.3173065724200373E308	0.8118808572272336	0.0011039774038056338	1.0226359241516914	1.976260098444499	0.0011039774038056338	1.0226359241516914	1.976260098444499	0.37850757331313356	7.7820560604845E-310	0.0	0.0	8.13752898341937E-310	-13469.289800350776	5.213334855269285E307	4.0610077405729265E307	1.4141637935978627E307	9.405274082933935E306	7.596989454458789E306	9	4	1	4	1
410000	-19827.856435296562	-4172.767573493116	-15655.088861803446	-4172.767573493116	1.226661823809886E307	9.825654442428845E307	0.8118808572272336	1.4326948277703	1.0226359241516914	0.5446692480780044	1.4326948277703	1.0226359241516914	0.5446692480780044	0.27518971128832825	2.38715903794579E-309	0.0	0.0	2.41933509668916E-309	-13462.582814603167	3.654147219149664E307	5.591361069860191E307	1.1876455194704434E307	8.964892577113025E306	9.6309840821734E306	12	1	1	2	3
411000	-20209.109040329186	-4575.562619488459	-15633.546420840727	-4575.562619488459	1.5067709275440383E307	1.2443663345255648E308	0.8118808572272336	1.4326948277703	1.0226359241516914	0.5446692480780044	1.4326948277703	1.0226359241516914	0.5446692480780044	0.10057847337760689	2.017068834138804E-309	0.0	0.0	2.073612766274206E-309	-13470.45781399192	5.746141415479525E307	2.5329305504189865E307	2.449010118440458E307	1.9211392237137296E307	1.619265479287744E307	8	2	6	1	2
412000	-19998.106419560772	-4337.533983785509	-15660.572435775264	-4337.533983785509	7.928317889304103E307	Infinity	0.8118808572272336	1.079180550862565	1.0226359241516914	0.8981835249857395	1.079180550862565	1.0226359241516914	0.8981835249857395	0.13442821509501562	0.0	0.0	0.0	1.958777112683103E-309	-13489.30906681665	1.0931629881140627E308	1.1038511735973442E308	4.197155226612909E307	3.4113165091553326E307	4.2505968356322646E307	1	3	11	3	1
413000	-19773.731893972683	-4102.725666777816	-15671.006227194866	-4102.725666777816	4.20982006042482E307	Infinity	0.8118808572272336	0.7577319669050716	1.627099106597059	0.6151689264978653	0.7577319669050716	1.627099106597059	0.6151689264978653	0.16667770131772616	0.0	0.0	0.0	5.2254840100395E-310	-13488.68566073493	1.716334393450584E308	7.159054633503901E307	7.874365862425421E307	2.9465687820493634E307	7.095970232339245E306	5	7	1	5	1
414000	-19732.477591797193	-4078.969437445338	-15653.508154351855	-4078.969437445338	5.484255392102283E307	Infinity	0.8118808572272336	0.7577319669050716	1.627099106597059	0.6151689264978653	0.7577319669050716	1.627099106597059	0.6151689264978653	0.09011710530559354	0.0	0.0	0.0	8.3108897779699E-310	-13493.67424660416	1.0702671344411847E308	5.672588675792197E307	1.7460345604949408E307	1.7068407723170804E307	2.3584026846452813E307	10	4	2	2	1
415000	-19967.724373877754	-4271.69436310829	-15696.030010769464	-4271.69436310829	2.508946428912809E307	Infinity	0.8118808572272336	0.7577319669050716	1.627099106597059	0.6151689264978653	0.7577319669050716	1.627099106597059	0.6151689264978653	0.33779129360404303	0.0	0.0	0.0	9.4366084984001E-310	-13481.5479887783	1.389024878851504E308	6.665417761861227E307	1.3268774276141612E307	1.138172152897777E307	1.3339546975698966E307	8	6	1	2	2
416000	-19937.615306927182	-4324.216884152674	-15613.398422774508	-4324.216884152674	1.229963523066853E307	7.398462288223324E307	0.8118808572272336	0.1979809201798336	2.186850153322297	0.6151689264978653	0.1979809201798336	2.186850153322297	0.6151689264978653	0.08407187584444643	3.23727325432225E-309	0.0	0.0	3.306037747626394E-309	-13455.343468497507	7.706813970718179E307	3.4804212668977455E307	1.7598464677121578E307	1.0924390253101915E307	4.260526014722035E306	3	1	1	12	2
417000	-19872.01485542091	-4245.368081976876	-15626.646773444036	-4245.368081976876	1.34958995523864E307	1.6964223358000177E308	0.8118808572272336	0.1979809201798336	2.186850153322297	0.6151689264978653	0.1979809201798336	2.186850153322297	0.6151689264978653	0.07982342764884846	6.1060149089539E-310	0.0	0.0	6.05908423632557E-310	-13465.10152301681	1.5826681627787202E308	9.346909336707806E307	3.3041802348572374E307	1.8312620343644515E307	6.519559721171402E306	3	1	7	2	6
418000	-19973.44743525824	-4297.894717434807	-15675.552717823435	-4297.894717434807	1.8380743291561937E307	Infinity	0.8118808572272336	0.1979809201798336	2.186850153322297	0.6151689264978653	0.1979809201798336	2.186850153322297	0.6151689264978653	0.3333851170724852	0.0	0.0	0.0	1.34940451625829E-309	-13469.47390876388	1.6525091527565568E308	1.0548182479739505E308	3.7670726144726947E307	1.584329675931768E307	5.39660228605534E306	3	4	1	5	6
419000	-20154.531175126063	-4476.945669783432	-15677.585505342631	-4476.945669783432	5.24981507091701E307	Infinity	0.8118808572272336	0.1979809201798336	2.186850153322297	0.6151689264978653	0.1979809201798336	2.186850153322297	0.6151689264978653	0.23048361693001485	0.0	0.0	0.0	2.03067345326579E-309	-13483.355092982361	1.6525091527565568E308	1.6958336675553609E308	6.493999434767686E307	2.913707464983177E307	1.0865725356085966E307	3	1	1	7	7
420000	-19978.762980805375	-4335.8639034135595	-15642.899077391814	-4335.8639034135595	8.483179149468422E306	8.225806264927686E307	0.8118808572272336	0.1979809201798336	2.186850153322297	0.6151689264978653	0.1979809201798336	2.186850153322297	0.6151689264978653	0.2035098959162448	5.74890449052842E-309	0.0	0.0	5.77229416767321E-309	-13458.063591762048	1.0352692799371056E307	4.0966333529744636E307	1.377823649286843E307	2.461825049969749E307	9.128646864376656E306	3	2	1	6	7
421000	-19877.652027837208	-4201.344944220863	-15676.307083616346	-4201.344944220863	1.1233163526146263E307	1.1835560682335894E308	0.8118808572272336	0.1979809201798336	2.186850153322297	0.6151689264978653	0.1979809201798336	2.186850153322297	0.6151689264978653	0.3311406314102538	4.502195736107396E-309	0.0	0.0	4.34046980063583E-309	-13460.679780734152	1.7331933534374388E308	1.1254895787034465E308	3.130599326457793E307	1.0376333177151352E307	4.286801321886224E306	1	3	1	9	5
422000	-20181.884318493747	-4541.357195656864	-15640.527122836882	-4541.357195656864	9.254747355054708E306	5.995959291559383E307	0.8118808572272336	0.1979809201798336	2.186850153322297	0.6151689264978653	0.1979809201798336	2.186850153322297	0.6151689264978653	0.2533342444555498	1.55592463375764E-309	0.0	0.0	1.619169633558857E-309	-13451.67809046868	9.67723332872652E307	4.471559408278601E307	2.302925953260631E307	6.955151933409499E306	1.3495543479244845E306	4	2	1	10	2
423000	-19930.20399019594	-4279.052184414991	-15651.151805780948	-4279.052184414991	1.7955164859155753E307	1.1648151347450327E308	0.8118808572272336	0.1979809201798336	2.186850153322297	0.6151689264978653	0.1979809201798336	2.186850153322297	0.6151689264978653	0.21239852599041345	2.424075387324487E-309	0.0	0.0	2.4160723493152E-309	-13456.820873235725	1.459727404509542E308	4.736539726308234E307	2.5180420001441237E307	4.412226939308529E306	6.875522187161182E306	2	3	5	7	2
424000	-19939.722673084452	-4274.936626264541	-15664.78604681991	-4274.936626264541	6.204260386086956E306	4.2704359001949044E307	0.8118808572272336	0.1979809201798336	2.186850153322297	0.6151689264978653	0.1979809201798336	2.186850153322297	0.6151689264978653	0.4815071325468345	1.256763422978133E-308	0.0	0.0	1.308875345738682E-308	-13444.349059838274	1.1185331022921115E308	1.1017758224896144E308	1.169218368705122E307	4.112673577314255E306	1.643459404096104E306	2	2	6	4	5
425000	-20002.642253615577	-4356.255442246963	-15646.386811368615	-4356.255442246963	1.5213804163047325E307	1.0083019442119391E308	0.8118808572272336	0.1979809201798336	2.186850153322297	0.6151689264978653	0.1979809201798336	2.186850153322297	0.6151689264978653	0.1710208526652351	1.667544807069197E-309	0.0	0.0	1.670567983415277E-309	-13465.22253015251	2.901782061423132E307	1.6016666961319862E307	1.5184033484133243E307	9.50735686107191E306	3.0137643942007693E306	2	7	5	4	1
426000	-20080.69085881387	-4445.658080520356	-15635.032778293511	-4445.658080520356	6.852280408182962E306	4.905883276720602E307	0.8118808572272336	0.1979809201798336	2.186850153322297	0.6151689264978653	0.1979809201798336	2.186850153322297	0.6151689264978653	0.21511442796050523	2.309764718102084E-309	0.0	0.0	2.431138562667617E-309	-13451.286221553957	1.5279911015778758E307	3.8420858631289623E307	6.245791679657146E306	8.936433044394498E306	5.465073953617642E306	1	1	1	14	2
427000	-20095.264484322008	-4469.802700341284	-15625.461783980723	-4469.802700341284	1.08189326245765E307	4.96296909920471E307	0.8118808572272336	0.1979809201798336	2.186850153322297	0.6151689264978653	0.1979809201798336	2.186850153322297	0.6151689264978653	0.1710364753139045	7.732454827632904E-309	0.0	0.0	7.57519938344279E-309	-13444.054443255302	1.1285207642176317E307	7.017137431365592E306	6.542877088531287E306	1.2272007179327133E307	9.925000084201023E306	1	4	3	7	4
428000	-20036.220377815123	-4409.745725364595	-15626.474652450528	-4409.745725364595	2.1945103187008406E306	1.6234967829224376E307	0.8118808572272336	0.8952501233595863	1.489580950142544	0.6151689264978653	0.8952501233595863	1.489580950142544	0.6151689264978653	0.30453244572227534	1.995506640758631E-308	0.0	0.0	1.8832857642038347E-308	-13431.248945797586	9.213933362267135E306	9.434154526060066E306	5.709036211014411E306	3.0585818685946835E306	2.6778352769058143E306	2	2	7	6	2
429000	-20125.034348832276	-4512.399110158831	-15612.635238673445	-4512.399110158831	3.0406070898981154E306	1.815875772358631E307	0.8118808572272336	0.8952501233595863	1.489580950142544	0.6151689264978653	0.8952501233595863	1.489580950142544	0.6151689264978653	0.20654420126949222	3.5734640815319726E-308	0.0	0.0	3.527189721949492E-308	-13431.091236615417	1.5259902647937265E307	1.1110807337427866E307	7.665463002064884E306	2.627941838036553E306	3.7614072702155526E306	1	2	2	5	9
430000	-20037.814197550153	-4433.119629086251	-15604.694568463901	-4433.119629086251	6.585803111227983E306	2.474720524235638E307	0.8118808572272336	0.8952501233595863	1.489580950142544	0.6151689264978653	0.8952501233595863	1.489580950142544	0.6151689264978653	0.16333075406119923	6.941677049534642E-308	0.0	0.0	7.416384701345526E-308	-13427.423157236066	8.72819993983782E306	3.9212738035556655E306	2.484990405075585E306	1.225700215847293E306	4.251529917246143E306	3	1	1	13	1
431000	-19935.602032449624	-4328.03865878709	-15607.563373662533	-4328.03865878709	3.6432554788164465E306	4.349429376332642E307	0.8118808572272336	0.8952501233595863	1.489580950142544	0.6151689264978653	0.8952501233595863	1.489580950142544	0.6151689264978653	0.1498902772953216	5.454772885689036E-309	0.0	0.0	5.426011481831233E-309	-13433.507019450124	5.924212251477862E307	1.7310244400282167E307	3.9640734059336275E306	4.382522807470727E306	1.2129638842797494E306	3	1	7	5	3
432000	-19861.593180872213	-4215.3607832069665	-15646.232397665246	-4215.3607832069665	1.4936228494396788E307	1.0154265959269977E308	0.8118808572272336	0.8952501233595863	1.489580950142544	0.6151689264978653	0.8952501233595863	1.489580950142544	0.6151689264978653	0.2816239762007174	3.081420435836254E-309	0.0	0.0	2.982405690220904E-309	-13443.826382749801	6.875525602944541E307	9.785391037857426E306	4.7293525067895916E306	3.525228704188241E306	5.346545048970581E306	3	1	10	4	1
433000	-20235.43021138904	-4583.36611619536	-15652.064095193682	-4583.36611619536	9.1964169255102E306	7.6968789188502465E307	0.8118808572272336	0.8952501233595863	1.489580950142544	0.6151689264978653	0.8952501233595863	1.489580950142544	0.6151689264978653	0.24721625389202265	3.48666743843026E-309	0.0	0.0	3.449058942854666E-309	-13454.495733743579	1.098206397014201E308	1.6444491554948082E307	7.507274852999554E306	3.8149466352086885E306	2.5461163220265455E306	3	10	1	3	2
434000	-20318.22814976503	-4671.01795982862	-15647.210189936408	-4671.01795982862	1.3807593327370797E307	9.010050760630453E307	0.8118808572272336	1.309330403810331	1.489580950142544	0.20108864604712057	1.309330403810331	1.489580950142544	0.20108864604712057	0.24660877898250447	1.816574749914682E-309	0.0	0.0	1.84475851056756E-309	-13459.042279587835	4.63045630616749E307	2.853068723748504E307	1.0392679294769308E307	9.705841350590796E306	1.1525844874743138E307	4	1	5	5	4
435000	-19996.121306092704	-4339.655786402581	-15656.465519690124	-4339.655786402581	1.3242319378739905E307	7.705454294958285E307	0.8118808572272336	0.39107165320339976	2.4078397007494754	0.20108864604712057	0.39107165320339976	2.4078397007494754	0.20108864604712057	0.340931608099256	2.96502025089519E-309	0.0	0.0	3.097549562423646E-309	-13454.629980108084	4.2604765325987113E307	5.199910956986291E307	1.7949349173917434E307	4.199945211491648E306	5.909023292644012E306	4	1	8	4	2
436000	-19782.858040446983	-4162.75380533949	-15620.104235107492	-4162.75380533949	3.084311900207906E306	2.3729119735249375E307	0.8118808572272336	0.39107165320339976	2.4078397007494754	0.20108864604712057	0.39107165320339976	2.4078397007494754	0.20108864604712057	0.23457554242689252	4.218162007561334E-309	0.0	0.0	4.444768699471233E-309	-13432.540159463499	4.45542198504885E307	5.88165112287174E306	4.297319310509266E306	1.2683966313378428E306	8.405675558004033E305	3	2	8	3	3
437000	-19756.91365987098	-4151.979975182551	-15604.933684688429	-4151.979975182551	5.0389484294605777E306	2.7835696470998542E307	0.8118808572272336	0.39107165320339976	2.4078397007494754	0.20108864604712057	0.39107165320339976	2.4078397007494754	0.20108864604712057	0.18280764669674252	1.788863908607783E-308	0.0	0.0	1.909561126537725E-308	-13434.48855906892	1.0480326675528746E307	5.332091172421451E306	1.8303177360352236E306	1.886213184784475E306	3.120092582733619E306	3	6	4	1	5
438000	-19857.742688921076	-4203.736815737046	-15654.00587318403	-4203.736815737046	7.32348924474773E306	4.4446605129818316E307	0.8118808572272336	0.39107165320339976	2.4078397007494754	0.20108864604712057	0.39107165320339976	2.4078397007494754	0.20108864604712057	0.3162093197514554	1.21192173314835E-308	0.0	0.0	1.1527678340703806E-308	-13444.37177508014	3.056059636542898E307	2.2302760975076042E307	3.325603600898138E306	4.634082931871211E306	6.485402689964385E306	1	5	3	9	1
439000	-19954.363596507457	-4347.221485304624	-15607.142111202835	-4347.221485304624	6.043040525311555E306	6.292953936155355E307	0.8118808572272336	0.39107165320339976	2.4078397007494754	0.20108864604712057	0.39107165320339976	2.4078397007494754	0.20108864604712057	0.060559050917378336	1.408862007120719E-308	0.0	0.0	1.4384406610817786E-308	-13454.219185829128	4.354230210954832E307	2.37532655670735E307	7.641269363825154E306	1.2142333823058802E307	4.475829410153577E306	2	2	4	2	9
440000	-20315.779997844857	-4653.470590277323	-15662.309407567533	-4653.470590277323	4.449998091911912E307	Infinity	0.8118808572272336	0.39107165320339976	2.4078397007494754	0.20108864604712057	0.39107165320339976	2.4078397007494754	0.20108864604712057	0.1669015487858801	0.0	0.0	0.0	5.81369664027252E-309	-13476.462293534281	1.7394670041394086E308	3.1773169901485685E307	5.738942670880861E307	3.742371916712853E307	1.2065800586335889E307	2	6	7	2	2
441000	-19941.450845465297	-4257.974459687094	-15683.476385778202	-4257.974459687094	3.9846669892719674E307	Infinity	0.8118808572272336	0.06813383707737347	2.7307775168755017	0.20108864604712057	0.06813383707737347	2.7307775168755017	0.20108864604712057	0.20819924448332522	0.0	0.0	0.0	1.392214488912817E-309	-13484.475962790517	1.635593839345774E308	6.057494862413137E307	2.1875787141435692E307	1.0022926744435307E307	6.378480043760076E306	11	2	2	2	2
442000	-19973.29276323709	-4323.42419518844	-15649.868568048649	-4323.42419518844	2.0332702257496633E307	Infinity	0.8118808572272336	0.06813383707737347	2.7307775168755017	0.20108864604712057	0.06813383707737347	2.7307775168755017	0.20108864604712057	0.1723662080822645	0.0	0.0	0.0	3.96902433077727E-310	-13474.941071475518	1.2362555514386616E308	4.775348908591541E307	2.7435009561450457E307	1.3407076067219488E307	5.250894873481736E306	8	4	1	3	3
443000	-19735.11658069081	-4071.115687277545	-15664.000893413264	-4071.115687277545	4.597161914439639E307	Infinity	0.8118808572272336	0.06813383707737347	2.7307775168755017	0.20108864604712057	0.06813383707737347	2.7307775168755017	0.20108864604712057	0.14217643727518828	0.0	0.0	0.0	3.17984341974084E-310	-13486.278528228133	1.2362555514386616E308	1.2665657429636806E308	1.5032496438840298E308	2.637247083283816E307	1.083991251107115E307	8	2	3	1	5
444000	-19738.432812470477	-4065.979346605775	-15672.4534658647	-4065.979346605775	3.34380485224619E307	Infinity	0.8118808572272336	0.06813383707737347	2.7307775168755017	0.20108864604712057	0.06813383707737347	2.7307775168755017	0.20108864604712057	0.2621552599939906	0.0	0.0	0.0	7.4455170450141E-310	-13483.786113218965	1.2362555514386616E308	4.60200469568683E307	4.074842018130472E307	4.041726533689923E307	1.8007315862593712E307	5	2	3	5	4
445000	-20034.293092416552	-4377.812856591958	-15656.480235824594	-4377.812856591958	3.0140973446619994E307	1.6605811763593771E308	0.8118808572272336	0.06813383707737347	2.7307775168755017	0.20108864604712057	0.06813383707737347	2.7307775168755017	0.20108864604712057	0.1885799812389032	7.56631176447103E-310	0.0	0.0	7.39255876190607E-310	-13472.168257794652	1.640517716691008E308	8.039680095943452E307	3.8819203705861026E307	2.007631702499017E307	1.2619150933589218E307	1	5	3	6	4
446000	-19668.696004652425	-3983.925743317417	-15684.770261335008	-3983.925743317417	4.2099799580730307E307	Infinity	0.8118808572272336	0.06813383707737347	2.7307775168755017	0.20108864604712057	0.06813383707737347	2.7307775168755017	0.20108864604712057	0.23213724169384908	0.0	0.0	0.0	8.6233974802957E-310	-13481.068424805766	1.4710102279660558E308	1.0519065567820723E308	4.008767676343092E307	3.2354023673894714E307	1.1908480574060696E307	4	7	1	2	5
447000	-19581.18109778747	-3926.255260635454	-15654.925837152015	-3926.255260635454	4.3561893443220453E307	Infinity	0.8118808572272336	0.06813383707737347	2.7307775168755017	0.20108864604712057	0.06813383707737347	2.7307775168755017	0.20108864604712057	0.17063972773932207	0.0	0.0	0.0	1.9955285179497E-310	-13478.110148953883	1.4710102279660558E308	5.102016220043396E307	1.4317862408983347E307	7.633974612198563E306	6.309628305833749E306	4	8	4	2	1
448000	-20061.859326647696	-4365.972366790861	-15695.886959856836	-4365.972366790861	5.824763308618092E307	Infinity	0.8118808572272336	0.06813383707737347	2.7307775168755017	0.20108864604712057	0.06813383707737347	2.7307775168755017	0.20108864604712057	0.2875513962818651	0.0	0.0	0.0	4.3129726573803E-310	-13490.031446974617	8.257012930019087E307	5.102016220043396E307	1.0667770021607684E308	1.5686615189842053E308	1.3529688171514218E308	7	3	1	7	1
449000	-20151.631815920136	-4464.773790902247	-15686.85802501789	-4464.773790902247	4.41168393316242E307	Infinity	0.8118808572272336	0.06813383707737347	2.7307775168755017	0.20108864604712057	0.06813383707737347	2.7307775168755017	0.20108864604712057	0.24544012725110737	0.0	0.0	0.0	2.130450427956847E-309	-13487.772108340336	1.167030729113592E308	6.469123003488799E307	7.75977041537456E307	6.792861585651809E307	1.695532056781223E308	7	3	1	7	1
450000	-20061.284419577918	-4358.280706402886	-15703.003713175032	-4358.280706402886	3.223247112802714E307	Infinity	0.8118808572272336	0.06813383707737347	2.7307775168755017	0.20108864604712057	0.06813383707737347	2.7307775168755017	0.20108864604712057	0.5395819975442042	0.0	0.0	0.0	1.211476866819794E-309	-13478.569573779228	8.035341526489433E307	3.129921795878373E307	5.032864059961449E307	2.0720629277107103E307	1.0702434179219828E307	9	5	3	1	1
451000	-20028.55051276969	-4340.883134370353	-15687.667378399337	-4340.883134370353	5.918309547119776E307	Infinity	0.8118808572272336	0.06813383707737347	2.7307775168755017	0.20108864604712057	0.06813383707737347	2.7307775168755017	0.20108864604712057	0.25175077211242247	0.0	0.0	0.0	9.40234748047804E-310	-13492.650190740409	1.3455030203368451E308	5.966349894741555E307	3.3324117079864413E307	1.856018183831861E307	5.989945531310086E306	9	5	3	1	1
452000	-20286.149126960423	-4586.0579538315	-15700.091173128923	-4586.0579538315	1.0625429659283163E308	Infinity	0.8118808572272336	0.06813383707737347	2.0271838424080157	0.9046823205146066	0.06813383707737347	2.0271838424080157	0.9046823205146066	0.24813402226118617	0.0	0.0	0.0	1.03619833230683E-309	-13502.176500485213	1.2877712960160744E308	1.2425532406495478E308	4.476605260142361E307	5.259389515466333E307	4.812591826642559E307	1	8	3	2	5
453000	-20117.965345969616	-4451.710336933928	-15666.255009035689	-4451.710336933928	1.516978332431214E307	1.0639447117830014E308	0.8118808572272336	0.06813383707737347	2.0271838424080157	0.9046823205146066	0.06813383707737347	2.0271838424080157	0.9046823205146066	0.3084927511209783	4.865112612902606E-309	0.0	0.0	5.27205148584621E-309	-13466.704012128614	8.323832657375818E307	5.004457957391986E307	7.681453258633158E307	2.0611234341055075E307	7.1624674279541E306	2	2	7	3	5
454000	-20076.861200721913	-4402.81036430363	-15674.05083641828	-4402.81036430363	1.634105150581965E307	1.5344424927452689E308	0.8118808572272336	0.06813383707737347	2.0271838424080157	0.9046823205146066	0.06813383707737347	2.0271838424080157	0.9046823205146066	0.3409014548292926	1.227225546489325E-309	0.0	0.0	1.22353468981718E-309	-13467.914211554462	1.3869402724958415E308	6.849963499462937E307	1.628394089038483E307	9.239603032334926E306	5.428331898399958E306	5	2	4	4	4
455000	-20106.804005043858	-4520.0428710168235	-15586.761134027036	-4520.0428710168235	1.0301426711055416E307	6.113886740926821E307	0.8118808572272336	0.06813383707737347	2.0271838424080157	0.9046823205146066	0.06813383707737347	2.0271838424080157	0.9046823205146066	0.04866198706215945	5.69318975907637E-309	0.0	0.0	5.759076139277944E-309	-13451.780874639051	1.741368789281113E308	6.841293295026569E307	1.628394089038483E307	5.402861581249011E306	4.715398670061944E306	2	2	1	12	2
456000	-20066.057349380408	-4439.251498412442	-15626.805850967967	-4439.251498412442	9.840455064273052E306	4.4749777987834954E307	0.8118808572272336	0.06813383707737347	2.0271838424080157	0.9046823205146066	0.06813383707737347	2.0271838424080157	0.9046823205146066	0.18953590245251203	2.5318687404545786E-308	0.0	0.0	2.387801506053697E-308	-13440.248655866215	8.871155382175952E307	1.5836129710436278E307	9.203019767096387E306	3.449847364459687E306	5.0316123242715765E306	2	1	1	12	3
457000	-19902.17417373734	-4279.562337883403	-15622.611835853937	-4279.562337883403	5.1421165610543167E306	3.9567590369688527E307	0.8118808572272336	0.06813383707737347	2.0271838424080157	0.9046823205146066	0.06813383707737347	2.0271838424080157	0.9046823205146066	0.14389946030155987	1.377652751568112E-308	0.0	0.0	1.378056808042639E-308	-13447.06421975086	3.290966525291107E307	1.3545359781472518E307	5.5721320368114234E306	6.644101986117165E306	6.007176720407317E306	3	1	2	5	8
458000	-20173.820671000427	-4498.937035572758	-15674.88363542767	-4498.937035572758	2.5333567370912695E307	1.4893270058016097E308	0.8118808572272336	0.06813383707737347	2.0271838424080157	0.9046823205146066	0.06813383707737347	2.0271838424080157	0.9046823205146066	0.27618908115604734	2.42466925671632E-309	0.0	0.0	2.289338275029874E-309	-13470.495860764167	1.6603413679191547E308	7.157495478936672E307	3.766208597180097E307	1.8457133150703643E307	1.0852741501832299E307	2	2	6	5	4
459000	-20292.274373776556	-4606.14145888789	-15686.132914888667	-4606.14145888789	1.568330043276319E308	Infinity	0.8118808572272336	0.06813383707737347	2.0271838424080157	0.9046823205146066	0.06813383707737347	2.0271838424080157	0.9046823205146066	0.24937899671067862	0.0	0.0	0.0	1.11039087813948E-309	-13491.660250365301	9.395460147411692E307	1.3340141666256007E308	1.210776009176084E308	5.794213844897546E307	8.796455836695989E307	10	2	1	3	3
460000	-20005.487366473448	-4294.188901831516	-15711.29846464193	-4294.188901831516	3.936402744718018E307	Infinity	0.8118808572272336	0.06813383707737347	2.0271838424080157	0.9046823205146066	0.06813383707737347	2.0271838424080157	0.9046823205146066	0.46558578664563577	0.0	0.0	0.0	3.114081267490974E-309	-13483.548954206133	1.159302959489151E308	7.002618908953119E307	9.743238754478996E307	2.9188189740052847E307	1.4976982919782635E307	4	8	2	4	1
461000	-19978.38384415406	-4342.540351072884	-15635.843493081178	-4342.540351072884	1.0909449470999821E307	8.881240605510103E307	0.8118808572272336	0.06813383707737347	2.0271838424080157	0.9046823205146066	0.06813383707737347	2.0271838424080157	0.9046823205146066	0.15099410781453648	7.56260256060886E-309	0.0	0.0	7.509427257777547E-309	-13463.632953983515	8.830591312435636E307	5.062006766540717E307	3.30024617419086E307	1.4485057698562474E307	4.455808031202868E306	1	9	1	7	1
462000	-20189.00234779293	-4489.231167648522	-15699.77118014441	-4489.231167648522	2.418157751691444E307	1.470441445798326E308	0.8118808572272336	0.6791694827796864	2.0271838424080157	0.2936466748122937	0.6791694827796864	2.0271838424080157	0.2936466748122937	0.6203778654504617	4.02996742570484E-309	0.0	0.0	5.184289145101556E-309	-13469.807286918884	1.4302090776670147E308	5.769092802244114E307	4.477325285722944E307	2.1319564158380748E307	8.572552470299349E306	1	1	8	8	1
463000	-20261.030389592477	-4593.24970200284	-15667.780687589637	-4593.24970200284	3.998519950012916E307	Infinity	0.8118808572272336	0.6791694827796864	2.0271838424080157	0.2936466748122937	0.6791694827796864	2.0271838424080157	0.2936466748122937	0.22601972022039332	0.0	0.0	0.0	2.923776179911335E-309	-13476.405306595505	7.307831787488394E307	3.900322916841636E307	2.873092421153146E307	2.976545015705546E307	2.2326562955503698E307	1	7	1	8	2
464000	-20103.697938886027	-4417.352472145129	-15686.3454667409	-4417.352472145129	4.370776770687521E307	Infinity	0.8118808572272336	0.6791694827796864	2.0271838424080157	0.2936466748122937	0.6791694827796864	2.0271838424080157	0.2936466748122937	0.3271986260422362	0.0	0.0	0.0	1.04623895907088E-309	-13481.071292243098	5.970803495699176E307	1.2174107984694292E308	8.011999186472745E307	4.426509176349276E307	2.905378614860272E307	1	1	4	1	12
465000	-19642.931319146865	-3980.857143973595	-15662.07417517327	-3980.857143973595	5.48216006071994E307	Infinity	0.8118808572272336	0.6791694827796864	2.0271838424080157	0.2936466748122937	0.6791694827796864	2.0271838424080157	0.2936466748122937	0.1577684373356657	0.0	0.0	0.0	3.4517036592485E-310	-13482.783934645513	1.1023909620829544E308	6.101552864280086E307	7.527460161642438E307	3.6798357325230654E307	2.858527870345456E307	1	9	4	4	1
466000	-19832.384071370943	-4186.752490954887	-15645.631580416055	-4186.752490954887	5.340179690234035E307	Infinity	0.8118808572272336	0.6791694827796864	2.0271838424080157	0.2936466748122937	0.6791694827796864	2.0271838424080157	0.2936466748122937	0.10749671042066733	0.0	0.0	0.0	9.1316591122939E-310	-13477.514771697348	1.3365503832465637E308	3.859037538228022E307	1.5329960731732232E307	1.8073203702154133E307	4.664406352349498E307	1	9	6	2	1
467000	-19998.676915895478	-4307.15274822248	-15691.524167672998	-4307.15274822248	2.9036612063798543E307	1.6455171279867923E308	0.8118808572272336	0.6791694827796864	1.5679855727434733	0.7528449444768361	0.6791694827796864	1.5679855727434733	0.7528449444768361	0.40472574516498033	2.48779943612008E-309	0.0	0.0	2.507547185123785E-309	-13471.729678918005	5.048234445022285E307	4.114154679723137E307	2.6749903332853927E307	1.686371181621916E307	8.313347386457894E306	2	10	4	1	2
468000	-19912.830832904772	-4229.201795910425	-15683.629036994349	-4229.201795910425	4.0429181460412726E307	Infinity	0.8118808572272336	0.6791694827796864	1.5679855727434733	0.7528449444768361	0.6791694827796864	1.5679855727434733	0.7528449444768361	0.27730435735464765	0.0	0.0	0.0	6.21071717966623E-310	-13482.225363625214	1.3623514441621E308	8.404611843837758E307	2.8447673487345667E307	1.4450356402588239E307	4.131254490845269E306	2	11	3	2	1
469000	-20168.09559969041	-4482.0478900157195	-15686.047709674689	-4482.0478900157195	3.513449247307372E307	Infinity	0.8118808572272336	0.31375989180154595	1.5679855727434733	1.1182545354549767	0.31375989180154595	1.5679855727434733	1.1182545354549767	0.25698789818277407	0.0	0.0	0.0	7.49377947246394E-310	-13487.011728431511	1.052453478854779E308	4.357474882924872E307	3.0058127763885543E307	5.492295221011579E307	3.923611252880692E307	6	3	3	6	1
470000	-19794.895937030356	-4105.113431698418	-15689.782505331938	-4105.113431698418	7.982171859654925E307	Infinity	0.8118808572272336	0.31375989180154595	1.5679855727434733	1.1182545354549767	0.31375989180154595	1.5679855727434733	1.1182545354549767	0.3743143154707243	0.0	0.0	0.0	6.64564957244686E-310	-13479.603180033015	6.93776325427001E307	3.3876250433399096E307	2.363382325480148E307	2.2579785111413043E307	1.7638696052694885E307	6	3	5	3	2
471000	-19719.217045088437	-4018.5635860090933	-15700.653459079342	-4018.5635860090933	5.103767011329484E307	Infinity	0.8118808572272336	0.31375989180154595	1.5679855727434733	1.1182545354549767	0.31375989180154595	1.5679855727434733	1.1182545354549767	0.3446858549365104	0.0	0.0	0.0	1.072062043407896E-309	-13481.524674188191	1.0601358577760699E308	8.431179665886449E307	6.399278605925259E307	6.240410399598747E307	1.899123651658387E307	4	3	2	2	8
472000	-19918.66582915772	-4243.42349372714	-15675.242335430577	-4243.42349372714	6.784353652904957E307	Infinity	0.8118808572272336	0.31375989180154595	1.5679855727434733	1.1182545354549767	0.31375989180154595	1.5679855727434733	1.1182545354549767	0.16974823943500222	0.0	0.0	0.0	6.6009681391133E-310	-13493.796156308252	1.6390083616087963E308	1.7052358085940407E308	1.0273132455928312E308	3.1798409112878316E307	1.7427218277409633E307	5	3	3	5	3
473000	-20203.952400752794	-4519.487135850801	-15684.465264901994	-4519.487135850801	3.202289058882206E307	Infinity	0.8118808572272336	0.31375989180154595	1.5679855727434733	1.1182545354549767	0.31375989180154595	1.5679855727434733	1.1182545354549767	0.3214066045471253	0.0	0.0	0.0	1.41200369865406E-309	-13483.730437029291	1.101185063500723E308	5.475945725319207E307	4.573251962149628E307	2.5045170134707593E307	9.741437515117208E306	6	2	2	3	6
474000	-19797.84489888785	-4166.171881846134	-15631.673017041716	-4166.171881846134	3.9713838971431196E307	1.3551074206463525E308	0.8118808572272336	0.31375989180154595	2.533593452479092	0.15264665571935798	0.31375989180154595	2.533593452479092	0.15264665571935798	0.13083860843528364	5.27349388906693E-309	0.0	0.0	5.365202566725506E-309	-13463.818478320201	5.356862557813823E307	3.718244166175268E307	5.022357042963263E307	1.6477173401714756E307	2.9787083694863563E307	2	3	5	8	1
475000	-20045.976088777934	-4405.657868419455	-15640.318220358478	-4405.657868419455	1.8413777049893988E307	1.350687206168522E308	0.8118808572272336	0.31375989180154595	2.533593452479092	0.15264665571935798	0.31375989180154595	2.533593452479092	0.15264665571935798	0.11545935205975894	4.952783132871427E-309	0.0	0.0	4.911879337722384E-309	-13470.894699366298	1.3056241877505813E308	1.1184543584835715E308	6.719496554146998E307	3.9537442192774623E307	1.2243357248784432E307	2	3	5	1	8
476000	-19959.74550187576	-4318.016488267122	-15641.72901360864	-4318.016488267122	1.5359617106366087E307	1.4369953838417368E308	0.8118808572272336	0.31375989180154595	2.533593452479092	0.15264665571935798	0.31375989180154595	2.533593452479092	0.15264665571935798	0.1745527631720332	2.0227272069262E-309	0.0	0.0	1.992798518316043E-309	-13468.719405586367	8.145922157166318E307	1.8206878141400712E307	9.027917044368722E306	6.246361191568924E306	1.8758042117846196E306	5	5	5	2	2
477000	-19873.446054554308	-4235.658778203992	-15637.787276350315	-4235.658778203992	9.896183110198865E306	8.23365555461673E307	0.8118808572272336	0.31375989180154595	2.533593452479092	0.15264665571935798	0.31375989180154595	2.533593452479092	0.15264665571935798	0.19132104908213735	1.991565478278746E-309	0.0	0.0	2.07533214853089E-309	-13459.596734957448	1.2559743756636763E308	2.2611479860701834E307	1.526455911198686E307	1.0836122403810751E307	1.009822733736973E307	3	4	4	4	4
478000	-20177.84518483718	-4487.43375270836	-15690.41143212882	-4487.43375270836	3.0363717615690123E307	Infinity	0.8118808572272336	0.31375989180154595	2.533593452479092	0.15264665571935798	0.31375989180154595	2.533593452479092	0.15264665571935798	0.2590050178923309	0.0	0.0	0.0	2.272911848579897E-309	-13485.406892826539	5.678684873110979E307	3.724498905333544E307	6.690259935752538E307	2.589503084384785E307	1.3207683119322785E307	7	7	1	2	2
479000	-20148.776928368625	-4445.454680569828	-15703.322247798797	-4445.454680569828	1.6133148182800807E308	Infinity	0.8118808572272336	0.31375989180154595	2.533593452479092	0.15264665571935798	0.31375989180154595	2.533593452479092	0.15264665571935798	0.3535087905661944	0.0	0.0	0.0	1.79453172530895E-309	-13494.445413701565	1.7075933549806172E308	1.4849625920953921E308	9.828229789095977E307	3.605464041426943E307	4.1023751039934835E307	3	7	1	5	3
480000	-19702.113528385282	-4020.6184803977817	-15681.495047987499	-4020.6184803977817	6.893785759824018E307	Infinity	0.9091188854830026	0.31375989180154595	2.533593452479092	0.15264665571935798	0.31375989180154595	2.533593452479092	0.15264665571935798	0.2663563646615032	0.0	0.0	0.0	3.74800447638346E-310	-13477.544528396053	2.5059702404804252E307	5.13042610583891E307	9.985925673710958E307	9.205006789683432E307	6.980670565590481E307	3	3	3	5	5
481000	-19703.852116134964	-4056.295425504023	-15647.556690630941	-4056.295425504023	3.328205330005238E307	Infinity	0.9091188854830026	0.31375989180154595	2.533593452479092	0.15264665571935798	0.31375989180154595	2.533593452479092	0.15264665571935798	0.13193009678155457	0.0	0.0	0.0	1.27831590758777E-309	-13475.7698237353	6.881237589140301E307	1.009939799377499E308	6.209252091391196E307	3.315899710002838E307	3.359489648192737E307	3	1	8	6	1
482000	-19643.711327799832	-3949.236483953692	-15694.47484384614	-3949.236483953692	6.408513212911751E307	Infinity	0.9091188854830026	0.31375989180154595	2.533593452479092	0.15264665571935798	0.31375989180154595	2.533593452479092	0.15264665571935798	0.25521969166369757	0.0	0.0	0.0	2.07351740365413E-310	-13500.623335371634	1.4256220596638256E308	1.6478206961693596E308	3.8255828144752853E307	3.0878678622722575E307	2.8240556435794513E307	1	10	3	2	3
483000	-19715.27585367948	-4053.2560572007146	-15662.019796478766	-4053.2560572007146	1.7399305908654745E307	1.2324575575430656E308	0.9091188854830026	0.31375989180154595	2.533593452479092	0.15264665571935798	0.31375989180154595	2.533593452479092	0.15264665571935798	0.24382952464583477	9.77711164816446E-310	0.0	0.0	9.3230703640165E-310	-13467.290920206315	6.852680989305014E307	2.564021635298908E307	1.6339501280991745E307	1.880609969173531E307	1.4613240312517392E307	5	5	4	2	3
484000	-19791.25095451867	-4143.332462295024	-15647.918492223644	-4143.332462295024	1.3093165759395165E307	8.937224129662374E307	0.9091188854830026	0.31375989180154595	2.533593452479092	0.15264665571935798	0.31375989180154595	2.533593452479092	0.15264665571935798	0.25853858635418264	1.76249300859424E-309	0.0	0.0	1.871753704443093E-309	-13459.132585032128	6.625745421052544E307	4.3755882080878653E307	1.0853410386675991E307	9.190086206404615E306	1.0697420938744855E307	2	6	1	5	5
485000	-19851.95353474593	-4201.0408282714225	-15650.912706474508	-4201.0408282714225	2.4137341881100703E307	1.0889527424610533E308	0.9091188854830026	0.31375989180154595	2.533593452479092	0.15264665571935798	0.31375989180154595	2.533593452479092	0.15264665571935798	0.1964295042639668	1.33769874120413E-309	0.0	0.0	1.427641147316694E-309	-13462.587997270455	5.124061042664516E307	2.703501179422012E307	1.5440948546710984E307	2.1013563123145792E307	8.121518459086243E306	4	5	3	2	5
486000	-19998.756776882223	-4345.95515506318	-15652.801621819042	-4345.95515506318	2.2609567567904864E307	9.343710064976284E307	0.9091188854830026	0.31375989180154595	2.533593452479092	0.15264665571935798	0.31375989180154595	2.533593452479092	0.15264665571935798	0.2819186162805083	4.75841199887262E-309	0.0	0.0	5.1772645434915E-309	-13456.888431366164	3.6934167192901507E307	2.343608831250201E307	8.041805106275917E306	9.282304546747709E306	6.32679386964784E306	2	3	5	2	7
487000	-19833.326836899487	-4193.324395036777	-15640.002441862709	-4193.324395036777	5.179759845039739E306	4.542416036546645E307	0.9091188854830026	0.1610494522333126	2.6863038920473254	0.15264665571935798	0.1610494522333126	2.6863038920473254	0.15264665571935798	0.3193679521178105	6.22896735777155E-309	0.0	0.0	6.664228645127946E-309	-13447.698263177643	5.342722736120636E307	8.192521095295824E306	1.3644442119255164E307	4.059358349939993E306	3.636214874031139E306	3	2	9	1	4
488000	-20144.842925849232	-4508.010432493081	-15636.832493356153	-4508.010432493081	7.539491992182265E306	5.607988291301031E307	0.9091188854830026	0.1610494522333126	2.6863038920473254	0.15264665571935798	0.1610494522333126	2.6863038920473254	0.15264665571935798	0.19817462955432358	9.3038479953132E-309	0.0	0.0	9.5068590750423E-309	-13454.29486469443	1.733601295412341E307	1.3426082519828594E307	1.0788334254920927E307	6.901400132454137E306	3.4213543975294606E306	3	6	3	6	1
489000	-19847.871504700157	-4215.776112634869	-15632.095392065288	-4215.776112634869	3.2079275688756275E306	2.748842701549215E307	0.9091188854830026	0.1610494522333126	2.6863038920473254	0.15264665571935798	0.1610494522333126	2.6863038920473254	0.15264665571935798	0.24180534567010792	6.388853455965307E-309	0.0	0.0	6.29505970389761E-309	-13437.102978501869	3.4422059421551066E307	1.5912987428672637E307	4.7080821525852794E306	3.272369332531759E306	8.882375379502218E305	1	5	6	4	3
490000	-19712.4460222196	-4023.114803958558	-15689.33121826104	-4023.114803958558	3.753624312346272E307	Infinity	0.9091188854830026	0.1610494522333126	2.6863038920473254	0.15264665571935798	0.1610494522333126	2.6863038920473254	0.15264665571935798	0.4194843701305418	0.0	0.0	0.0	9.40228511816293E-310	-13482.877686139824	1.7142535108983399E308	8.603568816812536E307	5.708111856321936E307	3.4915454711182414E307	9.940293844526682E306	6	5	2	4	2
491000	-19829.250874059842	-4200.3764422212225	-15628.874431838622	-4200.3764422212225	1.235015048536561E307	8.290354438661131E307	0.9091188854830026	0.1610494522333126	1.562377977630645	1.2765725701360384	0.1610494522333126	1.562377977630645	1.2765725701360384	0.1456993675087635	1.42212065468683E-309	0.0	0.0	1.4328500712607E-309	-13460.409855832535	1.1393444738577987E308	3.416399695105619E307	2.0329884518937179E307	8.558199928563899E306	4.9371501020445926E306	2	6	6	4	1
492000	-19810.961867088838	-4167.0905276636695	-15643.871339425166	-4167.0905276636695	8.088959623532241E306	6.930975710055815E307	0.9091188854830026	0.1610494522333126	1.562377977630645	1.2765725701360384	0.1610494522333126	1.562377977630645	1.2765725701360384	0.18384823853176505	3.408692188314597E-309	0.0	0.0	3.254317744819676E-309	-13454.427753707932	4.221880970877723E307	3.700640063974103E307	1.6001510611844185E307	5.392388576579358E306	7.478416556961715E306	1	6	2	9	1
493000	-19730.187578430854	-4075.002991172688	-15655.184587258167	-4075.002991172688	3.964702002297884E306	3.8026436754252855E307	0.9091188854830026	0.1610494522333126	2.357011655402302	0.48193889236438137	0.1610494522333126	2.357011655402302	0.48193889236438137	0.41775404825558843	5.7028917472325E-309	0.0	0.0	6.689032853937136E-309	-13440.936963067134	3.9400715475321453E307	6.609930984778708E307	1.7325435699911126E307	4.617745179133252E306	1.3048008153987166E306	2	3	4	3	7
494000	-19925.293460183908	-4267.990798688646	-15657.302661495263	-4267.990798688646	1.431924413510119E307	1.2171286419193608E308	0.9091188854830026	0.1610494522333126	2.357011655402302	0.48193889236438137	0.1610494522333126	2.357011655402302	0.48193889236438137	0.24543224059138327	7.6004347749169E-310	0.0	0.0	7.02850816037025E-310	-13464.108534842908	1.0629315429408566E308	6.993692007260358E307	2.0258168723312982E307	7.211968528869367E306	6.432951292624516E306	2	4	7	4	2
495000	-19779.310707105542	-4099.3669761949095	-15679.94373091063	-4099.3669761949095	1.3943946218791746E307	Infinity	0.9091188854830026	0.1610494522333126	2.357011655402302	0.48193889236438137	0.1610494522333126	2.357011655402302	0.48193889236438137	0.3239153183101242	0.0	0.0	0.0	1.022448404642945E-309	-13469.240240958334	1.5660447745690262E308	9.642587027361739E307	4.395318242643936E307	8.540523852646975E306	3.1483399301733105E306	2	4	5	7	1
496000	-19818.53276222295	-4199.2540611410595	-15619.27870108189	-4199.2540611410595	7.573855062387953E306	8.171653774025315E307	0.9091188854830026	0.1610494522333126	2.357011655402302	0.48193889236438137	0.1610494522333126	2.357011655402302	0.48193889236438137	0.1324998761373109	2.46642150320708E-309	0.0	0.0	2.347729677267504E-309	-13447.993402245651	1.3177844002486664E308	7.281265217930705E307	7.249993289848918E306	4.475192075329025E306	2.2637338236425176E306	2	3	3	10	1
497000	-20178.18873966163	-4541.807523686791	-15636.38121597484	-4541.807523686791	5.439442939967179E306	4.242683650700097E307	0.9091188854830026	0.1610494522333126	2.357011655402302	0.48193889236438137	0.1610494522333126	2.357011655402302	0.48193889236438137	0.19612535599979702	7.33896581056678E-309	0.0	0.0	7.53562394776831E-309	-13451.149394347609	8.456864081529466E307	4.56051248264096E307	2.0125870064228474E307	9.50518914184507E306	8.44584103906995E306	1	3	2	10	3
498000	-19890.280159736518	-4256.612741543905	-15633.667418192614	-4256.612741543905	5.710339938356133E306	3.586472244911366E307	0.9091188854830026	0.1610494522333126	2.357011655402302	0.48193889236438137	0.1610494522333126	2.357011655402302	0.48193889236438137	0.25044368301152903	3.91774919306514E-309	0.0	0.0	4.12932600272254E-309	-13443.172884342535	4.863570264373983E307	3.3409787983307676E307	3.8776010295316174E307	4.642796642881068E306	5.137027444353058E306	2	3	2	9	3
499000	-19739.5933718504	-4096.176521929574	-15643.416849920824	-4096.176521929574	8.04400139131414E306	8.368665380949057E307	0.9091188854830026	0.1610494522333126	2.357011655402302	0.48193889236438137	0.1610494522333126	2.357011655402302	0.48193889236438137	0.2206976720194499	3.704732369066264E-309	0.0	0.0	3.64359295021072E-309	-13451.81779088076	8.557076205216267E307	8.134350193161417E307	1.2248083648302002E307	4.437652765293402E306	3.374801380049748E306	2	3	5	6	3
500000	-20037.145730074022	-4379.569325654084	-15657.576404419937	-4379.569325654084	6.139501746201787E306	7.508986709813179E307	0.9091188854830026	0.1610494522333126	2.357011655402302	0.48193889236438137	0.1610494522333126	2.357011655402302	0.48193889236438137	0.36898748600457293	1.32433419456831E-309	0.0	0.0	1.125063423297467E-309	-13448.998724651723	5.835672050740819E307	5.306368228046864E307	1.2077877565790575E307	5.294430808332455E306	2.7305024808870893E306	2	3	2	9	3
