#
#model:
#
#<?xml version="1.0" encoding="UTF-8" standalone="no"?><input id="posterior" spec="beast.base.inference.CompoundDistribution">
#    <distribution id="prior" spec="beast.base.inference.CompoundDistribution">
#        <distribution id="BayesianSkyline.t:HRTV_S_BEAST" spec="beast.base.evolution.tree.coalescent.BayesianSkyline">
#            <parameter dimension="5" id="bPopSizes.t:HRTV_S_BEAST" lower="0.0" name="popSizes" spec="beast.base.inference.parameter.RealParameter">380.0</parameter>
#            <groupSizes dimension="5" id="bGroupSizes.t:HRTV_S_BEAST" spec="beast.base.inference.parameter.IntegerParameter">1</groupSizes>
#            <treeIntervals id="BSPTreeIntervals.t:HRTV_S_BEAST" spec="beast.base.evolution.tree.TreeIntervals">
#                <tree id="Tree.t:HRTV_S_BEAST" spec="beast.base.evolution.tree.Tree">
#                    <trait id="dateTrait.t:HRTV_S_BEAST" spec="beast.base.evolution.tree.TraitSet" traitname="date" value="HRTV-23_T_S_2019=2019,HRTV-26_T_S_2019=2019,HRTV-404_T_S_2021=2021,HRTV-100_T_S_2022=2022,HRTV-187_T_S_2022=2022,HRTV-056F_T_S_2023=2023,HRTV-504_T_S_2019=2019,HRTV-432R_T_S_2023=2023,HRTV-642T_T_S_2023=2023,JX005843_H_S_MO_2009=2009,OQ688983.1_T_S_MO_2012=2012,OQ688989.1_T_S_MO_2012=2012,OQ688986.1_T_S_KS_2015=2015,OQ688993.1_H_S_OK_2017=2017,MZ440341_T_S_NY_2018=2018,MZ440344_T_S_NY_2018=2018,NC_024496_H_S_MO_2009=2009,KJ740146_H_S_TN_2013=2013,OQ688998.1_H_S_KY_2017=2017,OQ689001.1_H_S_MO_2017=2017">
#                        <taxa id="TaxonSet.HRTV_S_BEAST" spec="beast.base.evolution.alignment.TaxonSet">
#                        </taxa>
#                    </trait>
#                    <taxonset idref="TaxonSet.HRTV_S_BEAST"/>
#                </tree>
#            </treeIntervals>
#        </distribution>
#        <distribution id="MarkovChainedPopSizes.t:HRTV_S_BEAST" parameter="@bPopSizes.t:HRTV_S_BEAST" shape="1.5" spec="beast.base.inference.distribution.MarkovChainDistribution" useLogNormal="true"/>
#        <prior id="ORCRatePriorDistribution.c:HRTV_S_BEAST" name="distribution">
#            <parameter dimension="38" id="ORCRates.c:HRTV_S_BEAST" lower="1.0E-100" name="x" spec="beast.base.inference.parameter.RealParameter">0.5</parameter>
#            <LogNormal id="LogNormalDistributionModel.0" meanInRealSpace="true" name="distr">
#                <parameter estimate="false" id="RealParameter.2" name="M" spec="beast.base.inference.parameter.RealParameter">1.0</parameter>
#                <parameter id="ORCsigma.c:HRTV_S_BEAST" lower="0.0" name="S" spec="beast.base.inference.parameter.RealParameter">0.2</parameter>
#            </LogNormal>
#        </prior>
#        <prior id="ORCsigmaPrior.c:HRTV_S_BEAST" name="distribution" x="@ORCsigma.c:HRTV_S_BEAST">
#            <Gamma id="Gamma.0" name="distr">
#                <parameter estimate="false" id="RealParameter.3" name="alpha" spec="beast.base.inference.parameter.RealParameter">5.0</parameter>
#                <parameter estimate="false" id="RealParameter.4" name="beta" spec="beast.base.inference.parameter.RealParameter">0.05</parameter>
#            </Gamma>
#        </prior>
#        <prior id="ORCucldMeanPrior.c:HRTV_S_BEAST" name="distribution">
#            <parameter id="ORCucldMean.c:HRTV_S_BEAST" name="x" spec="beast.base.inference.parameter.RealParameter">0.0016226</parameter>
#            <Gamma id="Gamma.1" name="distr">
#                <alpha id="Function$Constant.1" spec="beast.base.core.Function$Constant" value="0.1"/>
#                <beta id="Function$Constant.2" spec="beast.base.core.Function$Constant" value="100.0"/>
#            </Gamma>
#        </prior>
#        <prior id="Standard_TPM3_rates_prior.s:HRTV_S_BEAST" name="distribution">
#            <parameter dimension="3" id="TPM3rates.s:HRTV_S_BEAST" lower="0.0" name="x" spec="beast.base.inference.parameter.RealParameter">1.0 1.0 1.0</parameter>
#            <distr id="Dirichlet.0" spec="beast.base.inference.distribution.Dirichlet">
#                <alpha id="Function$Constant.0" spec="beast.base.core.Function$Constant" value="1.0 1.0 1.0"/>
#            </distr>
#        </prior>
#        <prior id="PropInvariantPrior.s:HRTV_S_BEAST" name="distribution">
#            <parameter id="proportionInvariant.s:HRTV_S_BEAST" lower="0.0" name="x" spec="beast.base.inference.parameter.RealParameter" upper="1.0">0.769</parameter>
#            <Uniform id="Uniform.2" name="distr"/>
#        </prior>
#    </distribution>
#    <distribution id="likelihood" spec="beast.base.inference.CompoundDistribution" useThreads="true">
#        <distribution data="@HRTV_S_BEAST" id="treeLikelihood.HRTV_S_BEAST" spec="beast.base.evolution.likelihood.ThreadedTreeLikelihood" tree="@Tree.t:HRTV_S_BEAST">
#            <siteModel id="SiteModel.s:HRTV_S_BEAST" proportionInvariant="@proportionInvariant.s:HRTV_S_BEAST" spec="beast.base.evolution.sitemodel.SiteModel">
#                <parameter estimate="false" id="mutationRate.s:HRTV_S_BEAST" lower="0.0" name="mutationRate" spec="beast.base.inference.parameter.RealParameter">1.0</parameter>
#                <parameter estimate="false" id="gammaShape.s:HRTV_S_BEAST" lower="0.1" name="shape" spec="beast.base.inference.parameter.RealParameter">1.0</parameter>
#                <substModel id="Standard_TPM3.s:HRTV_S_BEAST" rates="@TPM3rates.s:HRTV_S_BEAST" spec="substmodels.nucleotide.TPM3"/>
#            </siteModel>
#            <branchRateModel clock.rate="@ORCucldMean.c:HRTV_S_BEAST" id="OptimisedRelaxedClock.c:HRTV_S_BEAST" rates="@ORCRates.c:HRTV_S_BEAST" spec="beast.base.evolution.branchratemodel.UCRelaxedClockModel" tree="@Tree.t:HRTV_S_BEAST">
#                <LogNormal S="@ORCsigma.c:HRTV_S_BEAST" id="ORCLogNormalDistributionModel.c:HRTV_S_BEAST" meanInRealSpace="true" name="distr">
#                    <parameter estimate="false" id="RealParameter.1" name="M" spec="beast.base.inference.parameter.RealParameter">1.0</parameter>
#                </LogNormal>
#            </branchRateModel>
#        </distribution>
#    </distribution>
#</input>
#
Sample	posterior	likelihood	prior	treeLikelihood	Tree.height	Tree.treeLength	proportionInvariant	RateAC-Standard_TPM3	RateAG-Standard_TPM3	RateAT-Standard_TPM3	RateCG-Standard_TPM3	RateCT-Standard_TPM3	RateGT-Standard_TPM3	ORCsigma	ORCRatesStat.mean	ORCRatesStat.variance	ORCRatesStat.coefficientOfVariation	ORCucldMean	BayesianSkyline	bPopSizes.1	bPopSizes.2	bPopSizes.3	bPopSizes.4	bPopSizes.5	bGroupSizes.1	bGroupSizes.2	bGroupSizes.3	bGroupSizes.4	bGroupSizes.5
0	-23374.379122354156	-7067.380484869122	-16306.998637485036	-7067.380484869122	1.7187342381011799E307	1.3416457847867426E308	0.5087239417687252	0.0295620254608972	1.582237243055792	1.3882007314833034	0.0295620254608972	1.582237243055792	1.3882007314833034	0.2887183517979488	Infinity	2.9706838496428234	0.3294104121519332	5.358819285567896	-13467.237265199561	5.845778425421135E307	2.875583100501988E307	1.2666198526854143E307	5.954743985154983E306	6.071371062949059E306	12	1	2	2	2
1000	-23383.742650462762	-7067.3804848691225	-16316.36216559364	-7067.3804848691225	1.6361692517557527E307	1.7860892770422139E308	0.5087239417687252	0.0295620254608972	1.582237243055792	1.3882007314833034	0.0295620254608972	1.582237243055792	1.3882007314833034	0.37066642997019117	Infinity	0.11302599702428984	0.31083957525052813	1.0101397532384773	-13470.234457270182	9.159339740197836E307	3.8056169659094873E307	9.271263671700074E306	4.380138774222879E306	5.94697964617457E306	12	1	1	3	2
2000	-23391.450366266414	-7067.380484869122	-16324.06988139729	-7067.380484869122	3.2391196401484225E307	Infinity	0.5087239417687252	0.10891717851985856	1.582237243055792	1.308845578424342	0.10891717851985856	1.582237243055792	1.308845578424342	0.26003117685784344	NaN	0.46751806521810885	0.342770198808239	1.950717775983315	-13475.349098366005	7.344332184591567E307	4.995236490430518E307	1.0901766639855572E307	1.1983929769828557E307	1.900391829816777E307	10	3	3	2	1
3000	-23372.825278430293	-7067.380484869122	-16305.444793561172	-7067.380484869122	1.9972115191248366E307	Infinity	0.5087239417687252	0.10891717851985856	1.582237243055792	1.308845578424342	0.10891717851985856	1.582237243055792	1.308845578424342	0.28483340758152864	NaN	0.11324346342782987	0.24505822188341372	1.3390350403772961	-13470.625272630645	7.334556158625472E307	5.624143237146097E307	1.285000871675701E307	3.2856829624173064E306	8.717487054157093E305	11	1	1	5	1
4000	-23379.721635799917	-7067.380484869122	-16312.341150930795	-7067.380484869122	1.5111644935949391E307	1.5579069934152325E308	0.5087239417687252	0.10891717851985856	1.582237243055792	1.308845578424342	0.10891717851985856	1.582237243055792	1.308845578424342	0.42983581396749976	Infinity	1.6621565884775358	0.36996362263707766	3.632289071214901	-13465.206961644259	7.390270350628541E307	5.275542925619946E307	2.1912437740721134E307	5.764364234629057E306	2.0466388453846632E306	7	3	2	3	4
5000	-23356.722841715913	-7067.380484869122	-16289.342356846792	-7067.380484869122	2.5078148131454016E307	Infinity	0.5087239417687252	0.10891717851985856	1.582237243055792	1.308845578424342	0.10891717851985856	1.582237243055792	1.308845578424342	0.14900579317785154	NaN	0.03476649312895955	0.10438654729733442	1.7883648066839932	-13477.917236506055	1.660541764354815E308	1.6740220657897712E308	7.420819242324576E307	9.457532329625251E306	4.617309746412469E306	5	2	6	2	4
6000	-23371.351440865365	-7067.380484869122	-16303.970955996245	-7067.380484869122	5.318856653085903E307	Infinity	0.5087239417687252	0.10891717851985856	1.582237243055792	1.308845578424342	0.10891717851985856	1.582237243055792	1.308845578424342	0.12643379700414664	0.0	7.64060130472902E-4	0.13510009116912308	0.20573811549024448	-13489.886322532337	8.77547943766376E307	1.2167340327288055E308	7.916592774197288E307	5.902155001607018E307	3.6215583660928364E307	4	1	5	1	8
7000	-23386.439972489352	-7067.380484869122	-16319.059487620232	-7067.380484869122	4.512638053703808E307	Infinity	0.5087239417687252	0.10891717851985856	1.582237243055792	1.308845578424342	0.10891717851985856	1.582237243055792	1.308845578424342	0.18848937156747333	0.0	0.011333397403106071	0.2114629937739916	0.5020846011648563	-13487.553929117628	1.5664157572387406E308	9.605002747916348E307	4.4304463715209343E307	3.23896899187333E307	1.3398216016530685E307	7	2	1	3	6
8000	-25106.419181914163	-8765.656939990937	-16340.762241923227	-8765.656939990937	4.4288362401095814E307	Infinity	0.16567695672649083	0.10891717851985856	1.582237243055792	1.308845578424342	0.10891717851985856	1.582237243055792	1.308845578424342	0.38551696308280425	NaN	0.04211585847059771	0.3655662603503992	0.5803589755393002	-13491.535127241303	1.0564461166248222E308	7.923273062916755E307	3.584489926616967E307	8.100362970718647E307	5.047445009003038E307	11	1	3	2	2
9000	-25087.440481074394	-8765.656939990937	-16321.783541083458	-8765.656939990937	3.7790912910621945E307	Infinity	0.16567695672649083	0.10891717851985856	1.582237243055792	1.308845578424342	0.10891717851985856	1.582237243055792	1.308845578424342	0.2542775813090025	NaN	0.259890045846297	0.26882535545774605	2.0706799484360063	-13485.2504884313	1.0246377600894265E308	7.308314294669378E307	3.141912560186257E307	2.803614564165879E307	1.6873097250766094E307	11	1	4	1	2
10000	-25055.96140311376	-8765.656939990937	-16290.304463122826	-8765.656939990937	1.147229957040669E307	9.07397403819347E307	0.16567695672649083	0.10891717851985856	1.582237243055792	1.308845578424342	0.10891717851985856	1.582237243055792	1.308845578424342	0.24310116291786016	0.06584731178249167	2.364631434988969E-4	0.2305048875927632	0.07015491730018614	-13464.521366509998	4.11770424951279E307	4.597702777687986E307	2.973900075985281E307	1.0046563797222739E307	2.9316679845052E306	9	1	4	3	2
11000	-24235.50927934432	-7966.384074619616	-16269.125204724704	-7966.384074619616	1.0480638114630577E307	7.154428627673701E307	0.2784002037767868	0.10891717851985856	1.582237243055792	1.308845578424342	0.10891717851985856	1.582237243055792	1.308845578424342	0.17973636482956065	0.7713416301727117	0.012249909037207301	0.13873798126475437	0.8116916645469797	-13458.83738964105	4.547167646778458E307	2.7692406639555203E307	1.2033368475386625E307	5.369548072024523E306	4.040132081348296E306	5	4	3	2	5
12000	-24264.055045421006	-7966.384074619616	-16297.67097080139	-7966.384074619616	4.9431783357740694E306	4.563536677135714E307	0.2784002037767868	0.10891717851985856	1.582237243055792	1.308845578424342	0.10891717851985856	1.582237243055792	1.308845578424342	0.4153464586261755	Infinity	16.982324677950793	0.38109851353028273	11.315067886699092	-13449.468463320636	5.650370781117132E307	1.4413483055391048E307	5.381655643531798E306	5.2374856866196905E306	3.640934189336571E306	6	3	1	7	2
13000	-24258.870136464848	-7966.384074619612	-16292.486061845237	-7966.384074619612	4.98692950411651E306	4.2353835213434763E307	0.2784002037767868	0.2156541250912302	1.4755002964844204	1.308845578424342	0.2156541250912302	1.4755002964844204	1.308845578424342	0.36966245921600965	0.9685525460723389	0.15871394554956084	0.40255036841224345	1.0059522219110202	-13448.560988026218	1.8394182878567401E307	9.825823467017228E306	5.549589091131815E306	5.61904502457702E306	3.597845537224271E306	8	4	1	2	4
14000	-24218.198913394106	-7966.384074619612	-16251.814838774493	-7966.384074619612	2.2217094146598044E306	1.6517751355724371E307	0.2784002037767868	0.2156541250912302	1.4755002964844204	1.308845578424342	0.2156541250912302	1.4755002964844204	1.308845578424342	0.27545442414507904	1.494749936193327	0.14102403128665014	0.2545857409267888	1.60327751455682	-13423.591832945367	1.5126212175708385E307	4.746167885543397E306	4.04087597776014E306	2.374674895460811E306	1.3322619559839768E306	5	1	3	1	9
15000	-24272.302430695363	-7966.384074619612	-16305.91835607575	-7966.384074619612	9.089519098552001E306	5.321417123161136E307	0.2784002037767868	0.2156541250912302	1.4755002964844204	1.308845578424342	0.2156541250912302	1.4755002964844204	1.308845578424342	0.5821184913623941	2.1143603169568204	1.3594973573506193	0.579939634233347	2.2458472765485857	-13450.590549406057	2.31225089915165E307	1.908892005024227E307	1.1620273893507664E307	6.490529486060442E306	3.397809159510175E306	3	3	2	2	9
16000	-24253.568823449266	-7966.384074619612	-16287.184748829655	-7966.384074619612	1.810244555883304E307	9.47393489537334E307	0.2784002037767868	0.2156541250912302	1.4755002964844204	1.308845578424342	0.2156541250912302	1.4755002964844204	1.308845578424342	0.21078750535175492	Infinity	0.3257488179979046	0.21887892593043196	2.5104162326541393	-13459.46835246064	2.8140224723822605E307	1.3385433453009098E307	9.123035306348879E306	5.460873510472286E306	8.425800724773241E306	7	3	5	2	2
17000	-22862.367295748805	-6561.6810883675635	-16300.686207381243	-6561.6810883675635	1.306070316541308E307	8.918580087736119E307	0.7405550060620604	0.2156541250912302	1.4755002964844204	1.308845578424342	0.2156541250912302	1.4755002964844204	1.308845578424342	0.2985404528257773	Infinity	1.6168981499615156	0.317444789201111	4.16955364718782	-13460.20228867652	4.1771032910540314E307	8.682569614265019E306	1.0460227129820628E307	5.4803057195393705E306	8.832261711196207E306	6	4	2	3	4
18000	-22834.07831448675	-6561.681088367562	-16272.397226119187	-6561.681088367562	7.58171737853395E306	3.4008528946607933E307	0.7405550060620604	0.04638482249769629	1.6447695990779543	1.308845578424342	0.04638482249769629	1.6447695990779543	1.308845578424342	0.22002888955622407	Infinity	2.0711646057043547	0.20950852869118264	6.496807322629487	-13442.325142101889	5.206795861239456E307	2.0611783525757968E307	1.047268244640671E307	4.680098711722924E306	3.7751420359577065E306	1	3	6	2	7
19000	-22817.5593182896	-6561.681088367562	-16255.878229922038	-6561.681088367562	5.129151637654694E306	2.4819752373931164E307	0.7405550060620604	0.04638482249769629	1.6447695990779543	1.308845578424342	0.04638482249769629	1.6447695990779543	1.308845578424342	0.22002888955622407	5.876741521237718	1.6277146177543773	0.21507928534951365	6.253178793256583	-13435.549345756303	1.4182160292418945E307	5.307684843401629E306	3.2607725016739184E306	2.109374159723469E306	2.591588609014083E306	2	3	6	3	5
20000	-22808.752473866825	-6561.681088367562	-16247.071385499263	-6561.681088367562	1.6619455768426013E306	1.1419037649938304E307	0.7405550060620604	0.04638482249769629	1.6447695990779543	1.308845578424342	0.04638482249769629	1.6447695990779543	1.308845578424342	0.2244280734443886	Infinity	12.495807376805258	0.22491440909479227	15.596410243890345	-13421.271968159512	1.4147156308942933E307	6.816211689535569E306	3.697493988243009E306	9.074023794009422E305	1.1421126218032893E306	1	4	2	4	8
21000	-22803.902857544563	-6561.681088367562	-16242.221769177002	-6561.681088367562	1.7085635681437584E306	9.18472702321473E306	0.7405550060620604	0.04638482249769629	1.6447695990779543	1.308845578424342	0.04638482249769629	1.6447695990779543	1.308845578424342	0.2507856235697346	4.023789222974095	1.0270660689226372	0.24178999128717998	4.31404707190421	-13419.112236460463	4.200703478911505E306	3.891389011890191E306	2.5355862323788413E306	2.5930225069167516E306	2.43826105443892E306	2	2	5	7	3
22000	-22789.635001798095	-6561.681088367562	-16227.953913430534	-6561.681088367562	2.5182193324372233E306	1.0488209900870895E307	0.7405550060620604	0.04638482249769629	1.6447695990779543	1.308845578424342	0.04638482249769629	1.6447695990779543	1.308845578424342	0.21974057630034677	11.914133780565042	5.99319529358184	0.19417107289345695	12.650179763744832	-13411.979031291798	1.149591255024807E306	1.4362874882288014E306	1.6390982955365946E306	1.4419617051139343E306	1.0560209597721079E306	8	6	1	2	2
23000	-22807.25742992111	-6561.681088367562	-16245.576341553546	-6561.681088367562	2.548712996241959E306	1.064673272073676E307	0.7405550060620604	0.04638482249769629	1.6447695990779543	1.308845578424342	0.04638482249769629	1.6447695990779543	1.308845578424342	0.24334908442943998	3.937365992639699	1.059876435956448	0.2456101793055422	4.229547378429224	-13419.364714605077	9.947846157566997E306	3.4500942942150344E306	2.4944801528886694E306	1.8517848036564687E306	1.3831888824288414E306	3	4	7	4	1
24000	-22835.52607563997	-6561.681088367562	-16273.844987272409	-6561.681088367562	2.532222721372034E306	1.6257708946443613E307	0.7405550060620604	0.04638482249769629	1.6447695990779543	1.308845578424342	0.04638482249769629	1.6447695990779543	1.308845578424342	0.30850440676637386	Infinity	27.016952478359837	0.33401957957414863	14.21136801638192	-13430.114703452118	1.1954659593608876E307	5.959281030961858E306	4.2367781858480957E306	1.290455044049828E306	1.4239876016107785E306	4	7	3	3	2
25000	-22825.72821618801	-6561.6810883675635	-16264.047127820448	-6561.6810883675635	2.7813793766029595E306	1.9010737153806897E307	0.7405550060620604	0.04638482249769629	1.6447695990779543	1.308845578424342	0.04638482249769629	1.6447695990779543	1.308845578424342	0.26498342459329494	4.254960509467056	1.5498617677924806	0.2964086683512476	4.2706644641619835	-13429.5496134656	1.0794209927159854E307	4.689361543958993E306	8.875903595680673E306	2.7391221891669888E306	9.437854792122503E305	3	5	1	6	4
26000	-22818.783825992377	-6561.6810883675635	-16257.102737624815	-6561.6810883675635	1.8855802152134688E306	1.997088584664737E307	0.7405550060620604	0.04638482249769629	1.6447695990779543	1.308845578424342	0.04638482249769629	1.6447695990779543	1.308845578424342	0.245197031419078	0.024709528860087843	5.506752338094486E-5	0.29764410179620715	0.026511318738638972	-13430.72023436517	1.3778669146177663E307	2.916681305796242E306	1.8564765175910473E306	2.4483485265060153E306	2.3230496829952853E306	6	2	7	3	1
27000	-22848.45412480662	-6561.6810883675635	-16286.773036439055	-6561.6810883675635	5.17316772804215E306	4.786173347934339E307	0.7405550060620604	0.04638482249769629	1.6447695990779543	1.308845578424342	0.04638482249769629	1.6447695990779543	1.308845578424342	0.30823238829906224	0.00433154550795915	2.537472760634528E-6	0.34711066439492727	0.004392970284511945	-13448.771242491006	7.486122990321818E307	1.3870591668073865E307	1.0235326586232383E307	7.913165389406625E306	3.275302723283599E306	4	4	3	4	4
28000	-22847.501948262696	-6561.6810883675635	-16285.820859895131	-6561.6810883675635	6.36610591766028E306	7.352696616891114E307	0.7405550060620604	0.04638482249769629	1.6447695990779543	1.308845578424342	0.04638482249769629	1.6447695990779543	1.308845578424342	0.34167452823974126	0.001045947362798143	1.234210273766044E-7	0.3482582394441929	0.0010301565445498622	-13451.026860982523	6.825909002246418E307	4.636001961720769E307	1.0832547395589396E307	3.49686982513758E306	1.1921902121169483E306	4	1	3	7	4
29000	-22825.608417115338	-6561.6810883675635	-16263.927328747775	-6561.6810883675635	4.4697378010393344E306	3.759203254966005E307	0.7405550060620604	0.04638482249769629	1.6447695990779543	1.308845578424342	0.04638482249769629	1.6447695990779543	1.308845578424342	0.2296764949325794	0.0017440904947224676	1.42295648393961E-7	0.21937616015193126	0.00166567295470856	-13441.530502924592	3.572230389590511E307	6.459696573190656E306	9.770455343085027E306	2.1850398091063123E306	9.289024340229651E305	2	3	3	10	1
30000	-22793.442924031486	-6561.6810883675635	-16231.761835663921	-6561.6810883675635	4.5934029061828465E306	1.6279150404450453E307	0.7405550060620604	0.04638482249769629	1.6447695990779543	1.308845578424342	0.04638482249769629	1.6447695990779543	1.308845578424342	0.11399112164091015	0.001861918210365516	5.476136674327426E-8	0.12823778507024	0.0018284806890075404	-13427.040787729691	1.0892940787992958E307	3.8453475253038355E307	3.659235938141302E306	1.8716534679828357E306	2.3918077869414452E306	2	2	2	9	4
31000	-22806.990650906886	-6561.6810883675635	-16245.309562539322	-6561.6810883675635	1.1537882125680765E307	4.273155735439284E307	0.7405550060620604	0.04638482249769629	1.6447695990779543	1.308845578424342	0.04638482249769629	1.6447695990779543	1.308845578424342	0.12367976609555335	5.432941067960249E-5	6.592154646404051E-11	0.14720326291219357	5.501085880340247E-5	-13441.207101550473	2.717743393466327E307	2.280441602154626E307	9.231523127477615E306	5.2712098099091436E306	5.539612871511108E306	3	1	2	6	7
32000	-22819.11087362398	-6561.6810883675635	-16257.429785256416	-6561.6810883675635	5.056320966960239E306	2.3532599521453037E307	0.7405550060620604	0.04638482249769629	1.6447695990779543	1.308845578424342	0.04638482249769629	1.6447695990779543	1.308845578424342	0.2628198651058954	3.5378303204941036E-4	1.0890367657509267E-8	0.29041708155024687	3.7355824327678556E-4	-13433.219903366215	2.266136388463128E307	1.0359447868358937E307	8.53930161595671E306	4.431344437889241E306	4.9261213194607745E306	1	2	1	8	7
33000	-22879.525666426824	-6561.6810883675635	-16317.844578059261	-6561.6810883675635	4.186226854987249E307	Infinity	0.7405550060620604	0.20560133439597708	1.6447695990779543	1.1496290665260611	0.20560133439597708	1.6447695990779543	1.1496290665260611	0.3292802302313094	0.0	1.1817322509540457E-10	0.3320591996328533	3.01627980140989E-5	-13472.80501246739	5.224620491607687E307	2.2716885006197766E307	4.770617718514449E307	5.852225807386571E307	4.3298238032927016E307	2	5	1	1	10
34000	-22835.4070192789	-6561.681088367563	-16273.725930911336	-6561.681088367563	1.020477762259345E307	6.823502717498218E307	0.7405550060620604	0.26767232275045244	1.5826986107234788	1.1496290665260611	0.26767232275045244	1.5826986107234788	1.1496290665260611	0.1609650130839134	3.4778641174087705E-5	4.0576238522536814E-11	0.19006863411302788	3.351254382769359E-5	-13459.184066102174	2.661590519572666E307	4.492645230879846E307	2.9148260380406684E307	1.9973831754706935E307	4.5424988952653215E306	3	4	5	2	5
35000	-22883.308376488152	-6561.681088367562	-16321.627288120591	-6561.681088367562	3.013710870602903E307	Infinity	0.7405550060620604	0.26767232275045244	1.5826986107234788	1.1496290665260611	0.26767232275045244	1.5826986107234788	1.1496290665260611	0.3844444142981452	0.0	6.511375272529357E-10	0.39637838222747607	6.698929597630299E-5	-13479.697091101576	1.2319185588773098E308	3.934460058366637E307	4.853476087662782E307	4.564605827923402E307	2.1387122342452297E307	1	1	6	6	5
36000	-22858.06179351186	-6561.681088367562	-16296.3807051443	-6561.681088367562	1.176416301528422E307	9.925111252813567E307	0.7405550060620604	0.26767232275045244	1.5826986107234788	1.1496290665260611	0.26767232275045244	1.5826986107234788	1.1496290665260611	0.26923015651645665	0.0021490820983445075	3.7831396576602863E-7	0.30457106601978534	0.002073202531824269	-13461.466659667603	4.453167229192992E307	2.752777841629091E307	1.6340790920988743E307	1.3311888923307973E307	3.0866132285346275E306	3	1	5	8	2
37000	-22857.29030245267	-6561.681088367562	-16295.60921408511	-6561.681088367562	8.0153618274909E307	Infinity	0.7405550060620604	0.26767232275045244	1.5826986107234788	1.1496290665260611	0.26767232275045244	1.5826986107234788	1.1496290665260611	0.127852575198935	0.0	2.2152839594308543E-7	0.15853562087650952	0.002986235628677157	-13476.821384221816	5.145205191456481E307	2.166479098305845E307	5.966160055412927E307	3.352294696604844E307	5.847490544440585E307	7	6	2	2	2
38000	-24367.230086815754	-8072.612452726586	-16294.617634089167	-8072.612452726586	4.420212520140607E307	Infinity	0.2597024500319818	0.26767232275045244	1.5826986107234788	1.1496290665260611	0.26767232275045244	1.5826986107234788	1.1496290665260611	0.20955998270664933	0.0	1.353729454097547E-7	0.16029531719671544	0.002310673311715534	-13479.053894936775	1.170209861949263E308	1.0102196870633235E308	4.3427701518406833E307	2.6876706257214784E307	1.708338365332356E307	4	5	2	2	6
39000	-24334.35494777999	-8048.776232484417	-16285.578715295575	-8048.776232484417	5.557231346543145E307	Infinity	0.2637806762923567	0.26767232275045244	1.5826986107234788	1.1496290665260611	0.26767232275045244	1.5826986107234788	1.1496290665260611	0.13242400877380803	0.0	7.034372703525745E-5	0.16056897461649605	0.052067741133869756	-13471.019023337743	3.927877792076996E307	2.4251228447354E307	3.2598015611511014E307	2.935822384205369E307	3.9119385833350937E307	2	2	7	4	4
40000	-23035.909860814812	-6773.813004497944	-16262.096856316866	-6773.813004497944	2.7171895220129806E307	1.5819373082115513E308	0.6275388350718921	0.26767232275045244	1.5826986107234788	1.1496290665260611	0.26767232275045244	1.5826986107234788	1.1496290665260611	0.08138081319983811	0.010193231886782055	7.217329711776306E-7	0.0837968089457247	0.010082520858724155	-13467.234802592997	3.0664537629641645E307	3.622379784977303E307	4.916823528167482E307	6.028479467748419E307	9.396171323085562E306	5	3	2	4	5
41000	-23110.950761064316	-6773.813004497944	-16337.137756566372	-6773.813004497944	7.696652584317132E307	Infinity	0.6275388350718921	0.26767232275045244	1.5826986107234788	1.1496290665260611	0.26767232275045244	1.5826986107234788	1.1496290665260611	0.29963020160097387	0.0	5.571974353948707E-5	0.3097558494112267	0.022671024768277672	-13491.726603534205	1.5821507642285933E308	1.4499356109105632E308	9.388449835246025E307	6.028479467748419E307	3.7997477327542745E307	9	5	3	1	1
42000	-23108.355032054482	-6773.813004497946	-16334.542027556534	-6773.813004497946	7.897345513984436E307	Infinity	0.6275388350718921	0.13780284825150368	1.8130255387480434	1.0491716130004454	0.13780284825150368	1.8130255387480434	1.0491716130004454	0.26710353813156357	0.0	2.7414275107798818E-5	0.2886977631055206	0.020023348432600355	-13492.17444574817	1.378132817599339E308	1.2919647133726078E308	1.5109668136148586E308	8.756579602100208E307	7.602689869778153E307	2	1	8	2	6
43000	-23105.288645748762	-6773.813004497946	-16331.475641250814	-6773.813004497946	3.536162814838036E307	Infinity	0.6275388350718921	0.13780284825150368	1.8130255387480434	1.0491716130004454	0.13780284825150368	1.8130255387480434	1.0491716130004454	0.43081322400917776	0.0	1.800614218758696E-5	0.4303293814017941	0.010295558399647756	-13481.443259264226	1.1525169822625745E308	9.546864488697521E307	7.510017466613371E307	3.7751448791272767E307	2.393478990734422E307	3	5	2	8	1
44000	-23092.869234343976	-6773.813004497944	-16319.05622984603	-6773.813004497944	1.2931059433667523E308	Infinity	0.6275388350718921	0.04090176191107911	1.9099266250884679	1.0491716130004454	0.04090176191107911	1.9099266250884679	1.0491716130004454	0.17637971473580927	0.0	4.7702083078555356E-4	0.21997361712348842	0.09992029934334257	-13484.71784643711	9.075360614363694E307	4.58953396972832E307	6.503341346952298E307	9.236607105552213E307	7.523086616073631E307	1	2	10	3	3
45000	-23097.716234164982	-6773.813004497944	-16323.903229667038	-6773.813004497944	7.168071918562209E307	Infinity	0.6275388350718921	0.04090176191107911	1.9099266250884679	1.0491716130004454	0.04090176191107911	1.9099266250884679	1.0491716130004454	0.2903888364194959	0.0	5.293639668976049E-4	0.29336204245454794	0.07808137415294508	-13480.099451959799	9.634220909585216E307	1.2770716493524059E308	6.969095590898304E307	3.794002005594099E307	8.193181040480363E307	2	1	3	6	7
46000	-23108.43812517307	-6773.813004497944	-16334.625120675126	-6773.813004497944	7.147232989428855E307	Infinity	0.6275388350718921	0.04090176191107911	1.9099266250884679	1.0491716130004454	0.04090176191107911	1.9099266250884679	1.0491716130004454	0.41869645199288064	0.0	3.465209814127845E-5	0.45547091426292474	0.012873145519969553	-13482.524820921944	1.4743613611531277E308	4.630662857745136E307	3.966026133956907E307	3.207478320810829E307	3.40146822397003E307	1	7	5	2	4
47000	-23095.95291405382	-6773.813004497944	-16322.139909555879	-6773.813004497944	2.9354781042081093E307	Infinity	0.6275388350718921	0.04090176191107911	1.9099266250884679	1.0491716130004454	0.04090176191107911	1.9099266250884679	1.0491716130004454	0.3718951160850332	0.0	1.6437828044702792E-4	0.3276628770217368	0.03875572315018277	-13477.367569188184	7.576287549842034E307	6.259684807472048E307	4.03575993247957E307	2.2773415969387477E307	1.0111641314274623E307	2	4	7	5	1
48000	-23065.619812997895	-6773.813004497944	-16291.80680849995	-6773.813004497944	2.970431042244507E307	1.7485494971831476E308	0.6275388350718921	0.04090176191107911	1.9099266250884679	1.0491716130004454	0.04090176191107911	1.9099266250884679	1.0491716130004454	0.17556659962595642	0.017866192562583757	8.228500409158126E-6	0.16425421209403493	0.01752643196430464	-13475.961978645653	1.323869222588652E308	8.044097727000234E307	3.195759192626052E307	2.281777365013464E307	1.6465659389771128E307	1	2	8	4	4
49000	-23097.943121261436	-6773.813004497946	-16324.13011676349	-6773.813004497946	1.1396470371141413E308	Infinity	0.6275388350718921	0.21331532373602236	1.7375130632635247	1.0491716130004454	0.21331532373602236	1.7375130632635247	1.0491716130004454	0.24575381345298228	0.0	2.067054017286599E-4	0.26038381586081644	0.05521862347323077	-13487.087234995719	6.155876696405648E307	8.047925902302871E307	2.5867672591413495E307	5.68904900857554E307	5.4856593365096575E307	4	8	3	3	1
50000	-23068.60553585624	-6773.813004497946	-16294.792531358295	-6773.813004497946	7.559490794691386E307	Infinity	0.6275388350718921	0.21331532373602236	1.7375130632635247	1.0491716130004454	0.21331532373602236	1.7375130632635247	1.0491716130004454	0.1311066237564877	0.0	2.178708706209701E-4	0.12598282837862687	0.11478404628378418	-13483.770645387483	1.238955802251722E308	1.0934662237240168E308	7.868410402577713E307	3.590279178898961E307	8.918620101805218E306	4	2	11	1	1
51000	-23092.995228528715	-6773.813004497946	-16319.182224030768	-6773.813004497946	1.9994185554487092E307	1.1726141111037348E308	0.6275388350718921	0.21331532373602236	1.7375130632635247	1.0491716130004454	0.21331532373602236	1.7375130632635247	1.0491716130004454	0.37485862014614574	0.5019040753622064	0.03440658357902677	0.3813852875326065	0.4679552070995102	-13466.633534375842	5.100075818378282E307	5.410032098152399E307	3.7192711182868937E307	3.21791183184896E307	2.66326088629215E307	4	1	1	3	10
52000	-23091.014004837096	-6773.813004497946	-16317.201000339152	-6773.813004497946	1.475836572480259E308	Infinity	0.6275388350718921	0.49014225481743484	1.7375130632635247	0.7723446819190329	0.49014225481743484	1.7375130632635247	0.7723446819190329	0.16623217373918012	0.0	8.490253050249735E-4	0.1741072145449485	0.16293011236590113	-13491.75014970919	1.5649764448812625E308	1.1670335350547594E308	8.148346372740086E307	5.450206942787951E307	4.0237531698566625E307	4	3	1	1	10
53000	-25035.374812399	-8727.202727217977	-16308.172085181026	-8727.202727217977	3.590576335644128E307	Infinity	0.16983707881507984	0.49014225481743484	1.7375130632635247	0.7723446819190329	0.49014225481743484	1.7375130632635247	0.7723446819190329	0.19738203534499554	0.0	0.01932371343283145	0.20125733785086128	0.6970019519496851	-13479.75077896455	8.027882785802144E307	8.911288424988037E307	5.031844411546955E307	2.618959314468619E307	2.9152891929221793E307	1	2	5	1	10
54000	-25026.92706878604	-8727.202727217977	-16299.724341568066	-8727.202727217977	1.1990889492644674E307	1.3400412167248602E308	0.16983707881507984	0.49014225481743484	1.7375130632635247	0.7723446819190329	0.49014225481743484	1.7375130632635247	0.7723446819190329	0.21864655473100164	0.4011676526138055	0.007341281629341505	0.20565506814058487	0.40759768056775236	-13468.842067285566	9.142481460011664E307	4.0744112328925646E307	2.6994318802113354E307	2.604835293568259E307	3.824864056537171E306	8	1	6	1	3
55000	-26486.356612896503	-10151.02241510151	-16335.334197794993	-10151.02241510151	4.696894136036942E307	Infinity	0.06821010076380293	0.49014225481743484	1.7375130632635247	0.7723446819190329	0.49014225481743484	1.7375130632635247	0.7723446819190329	0.3314030958703316	0.0	0.025298093432273502	0.3675799716257612	0.4048396447841298	-13481.350397744474	1.7002763808968126E308	7.43303516169775E307	3.7018111749396775E307	4.4368648151618754E307	2.1820208985865754E307	2	5	8	1	3
56000	-26423.174232755697	-10151.02241510151	-16272.151817654187	-10151.02241510151	2.1430550293095905E307	1.1698409456870961E308	0.06821010076380293	0.49014225481743484	1.7375130632635247	0.7723446819190329	0.49014225481743484	1.7375130632635247	0.7723446819190329	0.0998888402218796	Infinity	0.08263554994968018	0.12013908458144387	2.33760918216367	-13460.980296106982	2.0797895379623649E307	1.5552539205324023E307	3.099147518047154E307	1.236442133439954E307	2.9885980575289293E307	4	6	1	1	7
57000	-26432.701902927976	-10151.02241510151	-16281.679487826468	-10151.02241510151	2.2235819505705405E307	1.3893813333080619E308	0.06821010076380293	0.49014225481743484	1.7375130632635247	0.7723446819190329	0.49014225481743484	1.7375130632635247	0.7723446819190329	0.14959168206346077	0.25752315116746877	0.0014674759630266653	0.15545927992637262	0.25461579606234497	-13463.198629009663	9.192718282580323E306	3.153816721265929E307	4.4337091353288116E307	1.9216471345326355E307	7.619254766854812E306	3	10	3	1	2
58000	-26466.817229033506	-10151.02241510151	-16315.794813931996	-10151.02241510151	1.6063155121367488E307	1.205168696905797E308	0.06821010076380293	0.6241347460815507	1.6035205719994088	0.7723446819190329	0.6241347460815507	1.6035205719994088	0.7723446819190329	0.3137445151125421	0.6703811482759773	0.05596349102370661	0.35534837870703184	0.639099730109065	-13468.190246224156	6.39300955782773E307	4.689354841617608E307	1.2301913789040267E307	9.020158192816543E306	3.6463840125538664E306	8	6	3	1	1
59000	-26447.049735275505	-10151.02241510151	-16296.027320173993	-10151.02241510151	1.7082102109104208E307	1.0627143257879473E308	0.06821010076380293	0.6241347460815507	1.6035205719994088	0.7723446819190329	0.6241347460815507	1.6035205719994088	0.7723446819190329	0.21950224546704916	0.5136487510958415	0.013727924552635468	0.21719031269048783	0.5187855994777211	-13465.140061217047	4.0980068312708577E307	2.4224922098606953E307	4.2202082655477966E307	1.3771089674305698E307	1.5181846735421058E307	8	5	3	2	1
60000	-26465.97234178971	-10151.02241510151	-16314.9499266882	-10151.02241510151	1.2438314126281843E307	9.308591799695808E307	0.06821010076380293	0.5559086127853227	1.6035205719994088	0.840570815215261	0.5559086127853227	1.6035205719994088	0.840570815215261	0.4487336161473896	0.04638226258574624	4.62787090292254E-4	0.46336340086479033	0.04525371327254156	-13461.797889366277	3.6182621347499135E307	2.646090688930687E307	3.244404674756001E307	1.121048399679295E307	3.1353664803429336E306	8	2	6	2	1
61000	-26446.540037306862	-10151.02241510151	-16295.51762220535	-10151.02241510151	4.160141988133422E307	1.5267313426125321E308	0.06821010076380293	0.44837636032694944	1.711052824457782	0.840570815215261	0.44837636032694944	1.711052824457782	0.840570815215261	0.19811618163428266	0.020800304977146432	2.4106632647277738E-5	0.22997418119670093	0.022504117355048953	-13468.841553116143	6.231965624560193E307	3.826104688209783E307	3.4546639408622847E307	1.5162943620017086E307	1.0180393141698463E307	4	5	6	3	1
62000	-25480.79567176687	-9182.045290650032	-16298.750381116837	-9182.045290650032	2.927384339101197E307	1.7446357856356057E308	0.12675283909305546	0.44837636032694944	1.711052824457782	0.840570815215261	0.44837636032694944	1.711052824457782	0.840570815215261	0.1959653801061414	0.0014118709926597922	9.481762922292455E-8	0.22232437023986992	0.0013957063035385175	-13474.925521169682	8.415374013322666E307	4.509101938125532E307	4.758053922089812E307	2.265770209543094E307	1.2350005355384136E307	5	4	6	1	3
63000	-25461.529714065335	-9182.045290650036	-16279.484423415299	-9182.045290650036	4.306066053211318E307	1.2579315190511656E308	0.12675283909305546	0.44837636032694944	1.9145749486113126	0.6370486910617306	0.44837636032694944	1.9145749486113126	0.6370486910617306	0.2012500433506597	8.037232507785505E-4	2.5212121226485208E-8	0.21858702535365654	7.404478237412029E-4	-13459.549980329288	3.0459809856845805E307	2.4031004307075946E307	2.0364766558991282E307	1.6380742173617345E307	1.245709128848411E307	6	4	7	1	1
64000	-25466.569288191873	-9182.045290650036	-16284.523997541837	-9182.045290650036	1.5162772159879416E307	8.891688008286055E307	0.12675283909305546	0.44837636032694944	1.9145749486113126	0.6370486910617306	0.44837636032694944	1.9145749486113126	0.6370486910617306	0.18835761803279857	0.0058014485999719504	1.1393588565309546E-6	0.18977428129194898	0.005641374342795014	-13462.726696013968	5.505928876415174E307	2.9449930472908984E307	5.333254376178625E307	1.8919073569590947E307	1.2280429367783815E307	3	3	4	5	4
65000	-25447.431928357164	-9182.045290650036	-16265.386637707128	-9182.045290650036	2.94534854559051E307	1.6941643012905476E308	0.12675283909305546	0.44837636032694944	1.9145749486113126	0.6370486910617306	0.44837636032694944	1.9145749486113126	0.6370486910617306	0.08109199542753998	0.07028691194912584	3.769387640284438E-5	0.08477253654608138	0.07152612992598363	-13469.925964206639	4.324813171387129E307	4.353355506596289E307	1.4816402114278266E307	3.4957393594785627E307	1.9959358619556555E307	1	3	7	5	3
66000	-25503.488455527997	-9182.045290650036	-16321.443164877961	-9182.045290650036	2.8527754007031943E307	1.337467352560817E308	0.12675283909305546	0.44837636032694944	1.9145749486113126	0.6370486910617306	0.44837636032694944	1.9145749486113126	0.6370486910617306	0.28254051329393737	0.3643567827920377	0.014110257321574839	0.31117527154379493	0.3495269483176737	-13469.171686289206	3.8736610387531397E307	3.5700648458516173E307	5.071549944027479E307	1.5813495418256777E307	2.7249772841326646E307	11	1	1	1	5
67000	-25527.381759992168	-9182.045290650034	-16345.336469342132	-9182.045290650034	6.051817781851506E307	Infinity	0.12675283909305546	0.44837636032694944	1.8116133825670389	0.7400102571060043	0.44837636032694944	1.8116133825670389	0.7400102571060043	0.5380627525154184	0.0	0.009275984517837189	0.6093126813180554	0.13981110669756555	-13477.315149999347	1.5027492685046163E308	1.1894678565201354E308	2.9442304459324336E307	6.963569298189674E307	4.810767963333607E307	3	1	6	6	3
68000	-25528.85234766773	-9182.045290650034	-16346.807057017695	-9182.045290650034	1.1207059390876763E308	Infinity	0.12675283909305546	0.5682872715615706	1.8116133825670389	0.6200993458713832	0.5682872715615706	1.8116133825670389	0.6200993458713832	0.3587877832830841	0.0	1.084304719783589E-4	0.4440778792388294	0.023666532704533772	-13494.050818531125	1.2394599644479574E308	1.2790229140260424E308	1.1816719162307577E308	4.903365147588287E307	6.021383057632235E307	2	7	8	1	1
69000	-25509.372347824567	-9182.045290650036	-16327.327057174532	-9182.045290650036	5.280558227837398E307	Infinity	0.12675283909305546	0.4830100359821312	1.8968906181464782	0.6200993458713832	0.4830100359821312	1.8968906181464782	0.6200993458713832	0.3117557168926803	0.0	1.5018442138494615E-4	0.30277332080197794	0.04362718635337864	-13486.746439985549	1.101859106251513E308	1.455502777018886E308	3.7102267203018173E307	3.250387491439702E307	2.0115895952927053E307	12	2	2	1	2
70000	-25501.99638478559	-9182.045290650036	-16319.951094135553	-9182.045290650036	2.0260635803359801E307	1.5821993494773912E308	0.12675283909305546	0.4830100359821312	1.8968906181464782	0.6200993458713832	0.4830100359821312	1.8968906181464782	0.6200993458713832	0.2467195474332013	0.23454602277724682	0.006451124414791924	0.31702018832082274	0.2507933430473239	-13473.961359145416	1.264137955278646E308	8.153363598754231E307	4.923704186632468E307	4.639473470732693E307	1.65040524440034E307	5	3	6	1	4
71000	-25529.20276939556	-9182.045290650036	-16347.157478745523	-9182.045290650036	2.7523584268013814E307	Infinity	0.12675283909305546	0.4830100359821312	1.8968906181464782	0.6200993458713832	0.4830100359821312	1.8968906181464782	0.6200993458713832	0.5087974761250881	0.0	0.0069958751273397615	0.5586367889611823	0.13427033110805503	-13480.500726541031	9.879920664417314E307	1.0388713639880267E308	4.511539521973785E307	1.967459906328656E307	1.7673640504232675E307	4	2	11	1	1
72000	-25500.118291369792	-9182.045290650036	-16318.073000719758	-9182.045290650036	3.970027948787663E307	Infinity	0.12675283909305546	0.4830100359821312	1.8968906181464782	0.6200993458713832	0.4830100359821312	1.8968906181464782	0.6200993458713832	0.22124132790665832	0.0	0.04199066392880343	0.24080969885380435	0.7899863056823643	-13476.295212732106	1.3497939273475758E308	1.2447913144731863E308	3.247387658428826E307	2.741815925606924E307	2.580941008357918E307	5	2	7	1	4
73000	-24822.734719129352	-8530.394136472096	-16292.340582657258	-8530.394136472096	1.6903018857641515E307	8.812332090550585E307	0.19286379928578973	0.4830100359821312	1.8968906181464782	0.6200993458713832	0.4830100359821312	1.8968906181464782	0.6200993458713832	0.23286668958931833	Infinity	3.47308996828152	0.23461903675656512	8.06921033757293	-13459.450872130816	1.9030007505900387E307	2.9108014271994345E307	1.992003460829776E307	1.1568044100468926E307	5.732289180988962E306	7	3	4	4	1
74000	-24181.466084453677	-7890.841630302807	-16290.62445415087	-7890.841630302807	3.688769039077984E307	1.2831755829827967E308	0.2925509480150948	0.5453259704942911	1.8345746836343182	0.6200993458713832	0.5453259704942911	1.8345746836343182	0.6200993458713832	0.23390416879195025	0.06963162771293945	2.522142520845237E-4	0.2413773217556717	0.06629359536878489	-13462.269416543939	4.0400362952585813E307	4.209779576052854E307	1.6138534710814037E307	1.1115680025039851E307	2.041205643930234E307	6	6	3	3	1
75000	-24189.199257669807	-7890.841630302807	-16298.357627366999	-7890.841630302807	2.1338394691392137E307	1.272764415133908E308	0.2925509480150948	0.5453259704942911	1.8345746836343182	0.6200993458713832	0.5453259704942911	1.8345746836343182	0.6200993458713832	0.306621410809376	0.21091171387756932	0.004034841890924527	0.2862999197437147	0.23800308922383975	-13466.393303728095	6.469578964371787E307	3.308460376719168E307	1.9869752652347048E307	1.5420758751699662E307	6.079823998915629E306	2	1	7	8	1
76000	-24183.71864567646	-7890.841630302807	-16292.877015373653	-7890.841630302807	1.1525367928848036E307	7.546944476610564E307	0.2925509480150948	0.5453259704942911	1.8345746836343182	0.6200993458713832	0.5453259704942911	1.8345746836343182	0.6200993458713832	0.2503357119291925	0.19171288149336696	0.00250096235825124	0.2637562012231006	0.19318165382893251	-13459.253370162472	7.283602460695342E307	4.4551527067933664E307	2.521558408215119E307	5.976808616191966E306	1.9094351508594737E306	3	5	2	8	1
77000	-26658.724915322287	-10337.387484360514	-16321.337430961776	-10337.387484360514	6.514692646382807E306	6.876705334925245E307	0.0605692132770936	0.5453259704942911	1.9649433931635123	0.48973063634218905	0.5453259704942911	1.9649433931635123	0.48973063634218905	0.5724557813032257	0.9394163064894598	0.3300609636424645	0.6576666166136597	0.8661518217548668	-13455.616359743195	3.9357305975967945E307	2.8862637118612506E307	1.6222667755804312E307	5.3159845868161456E306	1.8431434322626013E306	3	5	7	2	2
78000	-26659.711409815907	-10337.387484360514	-16322.323925455392	-10337.387484360514	4.7855512714700284E306	3.923554348903734E307	0.0605692132770936	0.5453259704942911	1.9649433931635123	0.48973063634218905	0.5453259704942911	1.9649433931635123	0.48973063634218905	0.7606581722124398	3.5500780129179614	5.990565874306287	0.7633661890122695	3.027110257915164	-13448.554520915855	3.6527904915734885E307	1.0438996730901639E307	9.284695345884871E306	9.466238538088095E306	3.178853590944928E306	2	5	2	8	2
79000	-26622.469526614128	-10337.387484360514	-16285.082042253613	-10337.387484360514	3.7917424048124967E306	1.9037821999926313E307	0.0605692132770936	0.5453259704942911	1.9649433931635123	0.48973063634218905	0.5453259704942911	1.9649433931635123	0.48973063634218905	0.37298756700532226	Infinity	25.372971259598863	0.47953103975068717	10.618522185709075	-13432.660707180994	9.030645012302184E306	1.1746359296915718E307	6.982013552220097E306	3.838239891777441E306	5.363447524127598E305	4	2	2	8	3
80000	-26613.91113345185	-10337.387484360514	-16276.523649091336	-10337.387484360514	1.6834208544159718E307	8.58062022519376E307	0.0605692132770936	0.5453259704942911	1.9649433931635123	0.48973063634218905	0.5453259704942911	1.9649433931635123	0.48973063634218905	0.1794642086111105	Infinity	1.5349564846828683	0.1597732880224197	7.847773565553609	-13457.737849244777	2.328321079313206E307	1.3809108480950924E307	1.850690217775247E307	2.639444594073114E307	1.5240774174775368E307	3	1	3	8	4
81000	-26587.11093890287	-10337.387484360514	-16249.723454542358	-10337.387484360514	1.7264467108644193E307	1.0995155613835434E308	0.0605692132770936	0.5453259704942911	1.9649433931635123	0.48973063634218905	0.5453259704942911	1.9649433931635123	0.48973063634218905	0.055007504954104336	0.3223408759105949	3.562504325974153E-4	0.05890568319636122	0.3197722270041135	-13464.361452000741	5.084988870033864E307	1.080797828296385E307	4.337557665423606E307	1.6345528360953738E307	1.2687287742848565E307	3	2	7	5	2
82000	-26631.170810151074	-10337.387484360514	-16293.783325790559	-10337.387484360514	1.6884534748614732E307	1.183502328422274E308	0.0605692132770936	0.5453259704942911	1.9649433931635123	0.48973063634218905	0.5453259704942911	1.9649433931635123	0.48973063634218905	0.18589251487283667	0.12543058322721973	4.7968129361990094E-4	0.175573566079867	0.11849198148959557	-13469.5287623033	7.798523335244616E307	4.950466257116946E307	3.0199830435566877E307	2.719834143645174E307	1.1059352383139895E307	3	5	4	6	1
83000	-26661.58182625186	-10337.38748436051	-16324.194341891349	-10337.38748436051	2.256432102025678E307	1.6214398587020104E308	0.0605692132770936	0.7078381891966945	1.802431174461109	0.48973063634218905	0.7078381891966945	1.802431174461109	0.48973063634218905	0.4794311935438987	0.985544289965485	0.1822755220781158	0.43515706901076173	1.0753622737412813	-13472.435486382261	6.054302980318149E307	6.244472355630731E307	1.495202560312731E307	1.281628890266477E307	2.3199430575596846E307	7	3	4	4	1
84000	-26636.36926858549	-10337.38748436051	-16298.981784224981	-10337.38748436051	2.2143389979023248E307	1.3568351554802658E308	0.0605692132770936	0.7078381891966945	1.802431174461109	0.48973063634218905	0.7078381891966945	1.802431174461109	0.48973063634218905	0.21872540710312754	0.1283259005945587	9.572636427878074E-4	0.2297656903403831	0.1313834257341073	-13468.140183280166	4.329872820382739E307	5.273014795565931E307	1.3144631543254725E307	3.879048915755655E306	7.102043619562661E306	8	2	5	2	2
85000	-26645.88477129663	-10337.38748436051	-16308.49728693612	-10337.38748436051	4.755350460263156E307	Infinity	0.0605692132770936	0.7078381891966945	1.802431174461109	0.48973063634218905	0.7078381891966945	1.802431174461109	0.48973063634218905	0.2888568021359697	0.0	2.6652829348918823E-4	0.2015660898514632	0.0840491567904203	-13478.168824871904	5.876813311400384E307	6.934243851097378E307	2.637525446148668E307	4.530765627767577E307	2.212922604030623E307	9	3	3	2	2
86000	-25413.70438199307	-9068.865786744766	-16344.838595248302	-9068.865786744766	4.290188714662155E307	Infinity	0.13630712112160714	0.7078381891966945	1.802431174461109	0.48973063634218905	0.7078381891966945	1.802431174461109	0.48973063634218905	0.43041657971739183	0.0	0.03065101444018373	0.43756494569259025	0.3800110590929493	-13482.312510451893	1.0861810786505604E308	6.608951976737839E307	4.139058298034588E307	7.065908553853106E307	1.02401810049919E308	2	9	4	2	2
87000	-25400.212757036654	-9068.865786744766	-16331.346970291888	-9068.865786744766	7.791359664874187E307	Infinity	0.13630712112160714	0.7078381891966945	1.802431174461109	0.48973063634218905	0.7078381891966945	1.802431174461109	0.48973063634218905	0.2847706521264671	NaN	0.10418479519285205	0.2926246358240331	1.1228281960049884	-13490.752829917466	1.1568664275327602E308	1.085137638353038E308	1.4053696767457668E308	3.1044469858843164E307	1.79902026520692E307	1	10	6	1	1
88000	-25387.456424587377	-9068.865786744766	-16318.590637842613	-9068.865786744766	5.358576150303629E307	Infinity	0.13630712112160714	0.7078381891966945	1.802431174461109	0.48973063634218905	0.7078381891966945	1.802431174461109	0.48973063634218905	0.1855086433288965	0.0	0.012278214705856948	0.20619457598283872	0.5362800954346805	-13486.002885704576	1.7444481808872998E308	1.5476296746264482E308	8.586232718000054E307	4.657111537601173E307	8.477336461386268E307	2	4	5	7	1
89000	-25375.36282494019	-9068.865786744766	-16306.497038195426	-9068.865786744766	2.5043538580646284E307	1.2950271679930594E308	0.13630712112160714	0.7078381891966945	1.802431174461109	0.48973063634218905	0.7078381891966945	1.802431174461109	0.48973063634218905	0.29027625318814076	0.6126385181951982	0.0326634281313287	0.2733353678587909	0.6772129709028752	-13469.3925178448	1.0099992690064702E308	9.148418893389307E307	4.579886981810607E307	3.5367407467934743E307	2.1331382224371224E307	3	4	1	2	9
90000	-24077.832163022173	-7791.12507744339	-16286.707085578782	-7791.12507744339	1.0010112085728415E308	Infinity	0.3123996196347361	0.7078381891966945	1.802431174461109	0.48973063634218905	0.7078381891966945	1.802431174461109	0.48973063634218905	0.0856423709931351	0.0	1.823392008781288E-5	0.08761886575183045	0.04995692067469097	-13487.901636293482	7.152486430928445E307	3.676496503860392E307	2.9751353739245593E307	8.522406441691938E307	6.88581043750045E307	3	2	2	2	10
91000	-22936.88798028872	-6650.121888120449	-16286.766092168273	-6650.121888120449	2.0271627490235652E307	1.7532599414854353E308	0.689418892109121	0.7078381891966945	1.802431174461109	0.48973063634218905	0.7078381891966945	1.802431174461109	0.48973063634218905	0.1287914316018596	0.3066038853232167	0.0017625289158764187	0.13466759110149606	0.3184902153438863	-13474.557919209863	1.2037016111014154E308	1.0363490455261193E308	6.706433280813047E307	1.0254028696841558E307	5.027367800090269E306	1	4	4	9	1
92000	-22927.602265085436	-6650.121888120449	-16277.480376964988	-6650.121888120449	1.721240243821914E307	1.4854189169566401E308	0.689418892109121	0.7078381891966945	1.802431174461109	0.48973063634218905	0.7078381891966945	1.802431174461109	0.48973063634218905	0.12500255847369296	0.029848835406847067	1.088935102330233E-5	0.11103661861010877	0.029011558199122347	-13468.374180678471	1.421621433989541E308	5.530072732750507E307	1.0488062224876212E308	1.1516208080279302E307	6.584674538375478E306	1	4	5	6	3
93000	-22931.79066287316	-6650.121888120449	-16281.668774752712	-6650.121888120449	1.4846423272461799E307	1.1076807499973494E308	0.689418892109121	0.7078381891966945	1.802431174461109	0.48973063634218905	0.7078381891966945	1.802431174461109	0.48973063634218905	0.15315228390259134	0.11814526673268431	3.1982994613885334E-4	0.15329099507204993	0.12188457017155431	-13465.570182063253	1.0541753325257558E308	9.431954375127908E307	3.319147382119058E307	2.1649479813482047E307	1.1812538065947318E307	1	4	4	2	8
94000	-22940.566876294757	-6650.121888120449	-16290.444988174308	-6650.121888120449	1.158163868236833E307	1.0163133592645903E308	0.689418892109121	0.7078381891966945	1.802431174461109	0.48973063634218905	0.7078381891966945	1.802431174461109	0.48973063634218905	0.23229322786650766	0.04078639710905574	7.109423607059911E-5	0.21501929233283765	0.0387351601216077	-13462.037884475847	3.887598812898149E307	4.2562422607503676E307	4.063247204101974E307	1.3726822536618674E307	5.248412026069545E306	1	2	5	3	8
95000	-22934.98848587356	-6650.121888120449	-16284.86659775311	-6650.121888120449	2.13217984676841E307	1.4084786883266807E308	0.689418892109121	0.7078381891966945	1.802431174461109	0.48973063634218905	0.7078381891966945	1.802431174461109	0.48973063634218905	0.15701573696864674	0.07373136544840322	1.253415215097087E-4	0.14536822087021428	0.0771446253797584	-13472.642933640996	4.2094686834778733E307	3.6771355531484196E307	2.686301464770881E307	1.7066129438817166E307	1.4531256713771693E307	1	1	3	6	8
96000	-22945.851580887662	-6650.121888120449	-16295.729692767212	-6650.121888120449	8.748065390471682E307	Infinity	0.689418892109121	0.7078381891966945	1.802431174461109	0.48973063634218905	0.7078381891966945	1.802431174461109	0.48973063634218905	0.14747765883360495	0.0	2.962288284733045E-6	0.16698130685758417	0.010358778078698302	-13476.656901901471	1.3449983693511924E308	3.195685348233272E307	3.563585295681855E307	1.0052930825570212E308	1.1116833386098808E308	1	1	13	1	3
97000	-22968.23453779734	-6650.121888120449	-16318.112649676892	-6650.121888120449	1.404761205949124E308	Infinity	0.689418892109121	0.7078381891966945	1.802431174461109	0.48973063634218905	0.7078381891966945	1.802431174461109	0.48973063634218905	0.22441768125594364	0.0	6.573371009233542E-4	0.2183249163695302	0.11527140597777943	-13482.503525715176	1.437995260877408E308	5.762717999125039E307	8.370950873463954E307	6.419195774264372E307	1.016717531306088E308	1	1	14	1	2
98000	-22971.520667652374	-6650.121888120449	-16321.398779531924	-6650.121888120449	1.2152669910160827E308	Infinity	0.689418892109121	0.7078381891966945	1.802431174461109	0.48973063634218905	0.7078381891966945	1.802431174461109	0.48973063634218905	0.23117056469976527	NaN	0.013572380739466542	0.1853859951215854	0.6259944583881334	-13491.051465256121	5.088691883315432E307	7.178813907149268E307	1.4734257427678783E308	1.2018365869197357E308	8.679879541683881E307	1	7	3	5	3
99000	-22970.403851226856	-6650.121888120449	-16320.281963106409	-6650.121888120449	1.3914623856197292E308	Infinity	0.689418892109121	0.7078381891966945	1.802431174461109	0.48973063634218905	0.7078381891966945	1.802431174461109	0.48973063634218905	0.12150243386237035	0.0	2.51632834880352E-4	0.1553000178916418	0.10255188717781026	-13495.381439270806	3.098592872438037E307	1.1348082349458492E308	1.2623665387009065E308	6.424400057400683E307	6.052726879521152E307	1	4	3	10	1
100000	-22977.518118064894	-6650.121888120449	-16327.396229944445	-6650.121888120449	7.76863789881284E307	Infinity	0.689418892109121	0.7078381891966945	1.802431174461109	0.48973063634218905	0.7078381891966945	1.802431174461109	0.48973063634218905	0.5530970995330067	0.0	0.0023727680778145173	0.507406669923102	0.09585628061435136	-13464.17584884438	9.881600951564063E307	1.1156596952782178E307	1.7794737007455056E307	4.296331063812794E307	3.5834925847417465E307	1	6	10	1	1
101000	-22950.72378159462	-6650.121888120449	-16300.601893474171	-6650.121888120449	1.293123666235978E308	Infinity	0.689418892109121	0.7078381891966945	1.802431174461109	0.48973063634218905	0.7078381891966945	1.802431174461109	0.48973063634218905	0.1633793971483711	0.0	1.7488853004894226E-4	0.15519958934455272	0.0839076546009382	-13480.498941634061	6.848212171896114E307	3.203839244783738E307	2.781189514069751E307	7.25659543880554E307	1.2158009000420857E308	1	6	3	8	1
102000	-22963.061143897008	-6650.121888120449	-16312.939255776559	-6650.121888120449	1.416395205376062E308	Infinity	0.689418892109121	0.9519482786004301	1.628009325450002	0.4200423959495602	0.9519482786004301	1.628009325450002	0.4200423959495602	0.2550868178347748	0.0	0.0011411922674353899	0.21727049101467644	0.16690800347533796	-13482.575579871987	4.919083638502981E307	1.557678599672793E307	2.291067449385229E307	5.160811938930197E307	7.907688412395874E307	1	3	6	5	4
103000	-22999.84983685528	-6650.121888120449	-16349.727948734831	-6650.121888120449	4.957736418829399E307	Infinity	0.689418892109121	0.9519482786004301	1.628009325450002	0.4200423959495602	0.9519482786004301	1.628009325450002	0.4200423959495602	0.5149338464333789	0.0	0.013500611584199225	0.5317827842961416	0.20625224188752825	-13483.014939910057	8.824191127150582E307	5.560805214133413E307	4.1694989058706485E307	5.160811938930197E307	2.5413434514871755E307	3	2	2	9	3
104000	-22983.246717505965	-6650.121888120449	-16333.124829385515	-6650.121888120449	4.64196780967392E307	Infinity	0.689418892109121	0.9519482786004301	1.628009325450002	0.4200423959495602	0.9519482786004301	1.628009325450002	0.4200423959495602	0.2699210297660082	NaN	0.051998909357174536	0.276252912018857	0.8102371174528047	-13489.873625554923	1.2047887660552536E308	9.033477748606344E307	1.368810403357668E308	6.143935874102216E307	2.2398158818861054E307	4	2	7	3	3
105000	-22981.258824999193	-6650.121888120449	-16331.136936878744	-6650.121888120449	2.4652497206540876E307	1.7951050739968557E308	0.689418892109121	0.9519482786004301	1.628009325450002	0.4200423959495602	0.9519482786004301	1.628009325450002	0.4200423959495602	0.3374496591502603	0.2845887786176903	0.01216145560061958	0.40710320393662797	0.2769683731753538	-13476.778899033363	9.72175005270869E307	8.219926423026641E307	6.955455965358331E307	1.8733826195486618E307	2.6966243191794275E307	2	1	11	4	1
106000	-22942.30661954955	-6650.121888120449	-16292.1847314291	-6650.121888120449	1.4022445369381767E307	6.185723011191736E307	0.689418892109121	0.9519482786004301	1.628009325450002	0.4200423959495602	0.9519482786004301	1.628009325450002	0.4200423959495602	0.26824950905197337	2.36531894654946	0.45756688400246454	0.2985383962185019	2.278451668519461	-13453.013073570137	8.784726296839215E307	1.907958517930594E307	1.3671298410707507E307	1.4144799619925901E307	7.278927326325403E306	1	3	6	4	5
107000	-22945.99209521821	-6650.121888120449	-16295.870207097763	-6650.121888120449	1.0070233869493945E307	5.362810094362009E307	0.689418892109121	0.9519482786004301	1.628009325450002	0.4200423959495602	0.9519482786004301	1.628009325450002	0.4200423959495602	0.36261834850362246	2.3332108716502566	0.42386494157984234	0.3120503856547422	2.0697767675112653	-13452.551903699832	5.652900278860134E307	3.625960801490066E307	1.5004502953185783E307	9.464949313483776E306	6.997580550034963E306	1	3	5	8	2
108000	-22935.382235909598	-6650.121888120449	-16285.26034778915	-6650.121888120449	6.504597571269781E306	4.396669822020464E307	0.689418892109121	0.9519482786004301	1.628009325450002	0.4200423959495602	0.9519482786004301	1.628009325450002	0.4200423959495602	0.2375286108364055	3.3032630834153642	1.1157020487420903	0.30311878989703994	3.4051367519233646	-13444.958416292398	1.403815100498147E307	1.1231209362230338E307	2.4455182303391507E307	3.513531741133425E306	2.9101915087478273E306	6	2	2	7	2
109000	-22902.883873296632	-6650.121888120448	-16252.761985176186	-6650.121888120448	1.0992973995970385E307	5.385393595285489E307	0.689418892109121	1.110742814851545	1.628009325450002	0.2612478596984454	1.110742814851545	1.628009325450002	0.2612478596984454	0.12097307742496256	2.027213391165556	0.056090215472399084	0.11494465552546196	2.1016056136290597	-13449.180552587059	1.533610267703714E307	1.4570012525894816E307	5.552590232863446E306	1.1480416384711998E307	3.887814393297815E306	6	3	3	2	5
110000	-22895.813816999944	-6650.121888120448	-16245.691928879498	-6650.121888120448	5.456238274066456E306	2.6736063898976283E307	0.689418892109121	1.110742814851545	1.628009325450002	0.2612478596984454	1.110742814851545	1.628009325450002	0.2612478596984454	0.14101695991534297	1.7193718147473565	0.057531160104413476	0.14136464631975082	1.6578623350375077	-13437.967058780347	6.10439204951242E306	8.217554327186561E306	6.071274418983515E306	2.4436031715367804E306	2.3739918034887785E306	4	1	3	1	10
111000	-22950.82340180185	-6650.121888120448	-16300.7015136814	-6650.121888120448	1.5692033383586272E307	9.83893692647161E307	0.689418892109121	1.110742814851545	1.628009325450002	0.2612478596984454	1.110742814851545	1.628009325450002	0.2612478596984454	0.29601634208632144	1.1273244852321773	0.11244077092550255	0.2928024685286632	1.2345903291309481	-13459.820844006845	2.33505759166915E307	2.7603822535617096E307	4.415532327946274E307	1.4614143187235273E307	5.4549304518293234E306	1	3	6	5	4
112000	-22934.896454479756	-6650.121888120448	-16284.774566359307	-6650.121888120448	8.23464537575391E306	4.0540056564468153E307	0.689418892109121	1.110742814851545	1.628009325450002	0.2612478596984454	1.110742814851545	1.628009325450002	0.2612478596984454	0.27004543545643833	1.9075847703881912	0.26668649954776	0.2727041124149124	1.7808841515859497	-13441.238496096088	1.2310945698784892E307	6.357622867672752E306	2.329223210326182E307	7.988159388522842E306	3.102248155056449E306	2	7	3	4	3
113000	-22940.983718157873	-6650.121888120448	-16290.861830037426	-6650.121888120448	8.560889740765657E306	3.78526534422768E307	0.689418892109121	1.110742814851545	1.628009325450002	0.2612478596984454	1.110742814851545	1.628009325450002	0.2612478596984454	0.4205816400591077	0.25242617347206986	0.012770061229019468	0.404424108011839	0.29034995249883655	-13441.62262591793	6.435661039610277E307	7.378590264088711E306	1.4611790995644167E307	2.509283543290703E306	2.4103590384598162E306	2	8	1	1	7
114000	-22602.65514474557	-6388.525756139366	-16214.129388606207	-6388.525756139366	2.6802870148087124E306	2.0589431348534676E307	0.8895952074875133	1.110742814851545	1.628009325450002	0.2612478596984454	1.110742814851545	1.628009325450002	0.2612478596984454	0.09605122803570135	0.01761316076552725	2.3936188440017788E-6	0.08922594627845294	0.017832750224481313	-13428.279889743095	2.5081936401738467E307	5.40815110944405E306	2.0509333387634884E306	1.8714296247716066E306	7.392712500857414E305	2	4	1	7	5
115000	-22628.15665065163	-6388.525756139366	-16239.630894512262	-6388.525756139366	2.271139992313571E306	1.4973807322231758E307	0.8895952074875133	1.110742814851545	1.628009325450002	0.2612478596984454	1.110742814851545	1.628009325450002	0.2612478596984454	0.2325565197293055	0.007774668282756684	2.8452524341315084E-6	0.2169089500489442	0.008047556609484741	-13426.442100641672	6.986050596625137E306	5.488072796271151E306	3.137616000667643E306	1.4724201342076725E306	8.868054882365893E305	2	1	1	9	6
116000	-22635.800910128353	-6388.525756139366	-16247.275153988985	-6388.525756139366	3.312189362932187E306	1.9252101666698303E307	0.8895952074875133	1.110742814851545	1.628009325450002	0.2612478596984454	1.110742814851545	1.628009325450002	0.2612478596984454	0.32068281887531697	5.507162323905117E-4	2.1010001866903977E-8	0.2533555721900701	6.109333229752679E-4	-13427.025975959745	1.5085992184716588E307	5.96964428701612E306	4.241745188484411E306	2.72906792708217E306	1.4618169819208918E306	2	1	1	13	2
117000	-22645.14729532329	-6388.525756139366	-16256.621539183925	-6388.525756139366	4.49989533096214E306	2.1662341235411839E307	0.8895952074875133	1.110742814851545	1.628009325450002	0.2612478596984454	1.110742814851545	1.628009325450002	0.2612478596984454	0.33188921915746716	8.46445474860383E-5	9.093110351330589E-10	0.33858062012237805	9.137641549915738E-5	-13432.032193208977	2.710699419944052E306	2.349668568745712E306	3.4865848042890765E306	5.114930413259408E306	2.3257328669077438E306	12	1	1	4	1
118000	-22643.475170074962	-6388.525756139368	-16254.949413935592	-6388.525756139368	9.684705379415943E306	4.3766425125167565E307	0.8895952074875133	1.2355897205059638	1.5031624197955833	0.2612478596984454	1.2355897205059638	1.5031624197955833	0.2612478596984454	0.2607686141695134	5.339251423059076E-6	1.498635651624134E-12	0.2317422818628201	5.583940121232018E-6	-13439.102699650697	3.04353339317818E306	4.6468614159337135E306	9.158133810508343E306	6.04113679837663E306	4.392181126008093E306	6	4	6	2	1
119000	-22676.04902672927	-6388.525756139367	-16287.523270589903	-6388.525756139367	5.789430097227548E307	1.6192782401461004E308	0.8895952074875133	1.2355897205059638	1.5031624197955833	0.2612478596984454	1.2355897205059638	1.5031624197955833	0.2612478596984454	0.21468918805087733	4.0602072324473016E-4	1.3305063160281911E-8	0.26481714403630097	4.3204051175109405E-4	-13454.643037363347	1.2601509609496644E307	4.309269853386435E306	1.09695451456746E307	9.769296768919765E306	2.8118300069693337E307	4	4	4	2	5
120000	-22662.130976970264	-6388.525756139368	-16273.605220830897	-6388.525756139368	4.487474020476147E306	3.9455234516533335E307	0.8895952074875133	1.2355897205059638	1.5031624197955833	0.2612478596984454	1.2355897205059638	1.5031624197955833	0.2612478596984454	0.31201208097960825	5.557344853887621E-5	2.3096124454288504E-10	0.2751553811283479	5.464345878243074E-5	-13448.624565808765	1.730788092341051E307	1.0624943926627857E307	9.015576868318957E306	1.260974670567726E307	7.474670905645028E306	4	6	2	2	5
121000	-23511.998068334484	-7211.713227570496	-16300.284840763987	-7211.713227570496	2.2840756220851264E307	1.053756050275347E308	0.4605283191703861	1.4016044213575083	1.5031624197955833	0.09523315884690095	1.4016044213575083	1.5031624197955833	0.09523315884690095	0.34996647258938607	1.9659794049757027E-4	5.448947056070503E-9	0.3552525404487486	2.095556601179811E-4	-13460.394175072452	2.3801960154657736E307	2.0722688583025817E307	9.246344036589779E306	2.0852842208356573E307	1.8057298586220494E307	13	1	1	2	2
122000	-23490.507794111483	-7211.713227570495	-16278.794566540988	-7211.713227570495	3.894557830395499E307	Infinity	0.4605283191703861	1.513096628822065	1.3916702123310265	0.09523315884690095	1.513096628822065	1.3916702123310265	0.09523315884690095	0.1360680089723008	0.0	6.280943946866635E-11	0.14379120026944814	5.442150340637169E-5	-13468.006158377095	1.3525698860922459E307	4.004431109595675E307	6.42127108975101E307	2.303124190763801E307	6.096898642835886E306	8	3	1	5	2
123000	-23486.14774268378	-7211.713227570495	-16274.434515113284	-7211.713227570495	3.491567628908913E307	1.400046492308559E308	0.4605283191703861	1.513096628822065	1.3916702123310265	0.09523315884690095	1.513096628822065	1.3916702123310265	0.09523315884690095	0.21054390277377735	1.975105302194905E-5	1.2986402374598154E-11	0.1756918531286792	2.151263933643446E-5	-13459.971120872964	2.5682007145068297E307	1.2874610538691597E307	1.1592517524367742E307	3.86822007581836E307	3.2907356448522523E307	1	6	3	8	1
124000	-22693.21066236374	-6379.302721565513	-16313.907940798228	-6379.302721565513	2.4849335941558135E307	Infinity	0.9212880163825006	1.513096628822065	1.3916702123310265	0.09523315884690095	1.513096628822065	1.3916702123310265	0.09523315884690095	0.3680975894850007	0.0	3.462285578327321E-11	0.37079136286822595	1.5745976829240365E-5	-13474.357194030592	2.7130646450206365E307	4.3237564160438916E307	6.775002332012397E307	2.7226236245449586E307	1.1525128319486414E307	7	3	4	2	3
125000	-22657.13668472784	-6379.302721565513	-16277.833963162326	-6379.302721565513	8.083730015908719E306	4.882685637703609E307	0.9212880163825006	1.4174391491335787	1.3916702123310265	0.1908906385353874	1.4174391491335787	1.3916702123310265	0.1908906385353874	0.26124537534843467	0.011540956895797363	1.019701292470353E-5	0.2586097589174253	0.012699684555098812	-13449.677560980186	5.237269898777916E307	2.276767045281201E307	9.875430990140919E306	9.276473610573399E306	8.116202908627498E306	2	2	5	5	5
126000	-22640.847085500805	-6379.302721565513	-16261.54436393529	-6379.302721565513	2.2507385806863385E307	7.828645805344144E307	0.9212880163825006	1.4174391491335787	1.3916702123310265	0.1908906385353874	1.4174391491335787	1.3916702123310265	0.1908906385353874	0.2052893451956024	0.010909344843014368	3.0142813809600635E-6	0.1495552776561278	0.01162225184310686	-13449.695769885067	2.0507603930079405E307	1.1786398665058632E307	1.5788704813710367E307	9.507331569128999E306	9.194111612690768E306	2	2	3	5	7
127000	-22681.72895708057	-6379.302721565513	-16302.426235515057	-6379.302721565513	2.2266162342253495E307	1.487037915941214E308	0.9212880163825006	1.4174391491335787	1.3916702123310265	0.1908906385353874	1.4174391491335787	1.3916702123310265	0.1908906385353874	0.22819929072860215	0.046573024687861356	1.4530211425533847E-4	0.25327934525743323	0.04999367091912872	-13472.484755605565	2.471596473051375E307	2.444383561849561E307	3.125919533499585E307	7.065106771108517E306	8.726570650558289E306	7	4	3	3	2
128000	-22690.867246116417	-6379.302721565513	-16311.564524550904	-6379.302721565513	2.090449449962833E307	1.7937833307090564E308	0.9212880163825006	1.4174391491335787	1.3916702123310265	0.1908906385353874	1.4174391491335787	1.3916702123310265	0.1908906385353874	0.2595114417916868	0.373474291197561	0.007564432493944041	0.23401030056617023	0.3840129489347803	-13478.823716913996	8.487141395970471E307	7.341693126793855E307	4.1174585184820506E307	4.867711498287476E307	1.9041144775001145E307	7	2	1	8	1
129000	-22706.38871033193	-6379.302721565513	-16327.085988766414	-6379.302721565513	5.087553012348559E307	Infinity	0.9212880163825006	1.259092255843213	1.3916702123310265	0.3492375318257531	1.259092255843213	1.3916702123310265	0.3492375318257531	0.3338222331601785	0.0	0.005182475597571306	0.3723347297022368	0.20449071266540775	-13482.82837129556	1.4361573470366294E308	8.172545537635936E307	2.0467248622951707E307	1.4027614415588051E307	1.7568405797521573E307	4	5	1	8	1
130000	-22701.86144592325	-6379.302721565513	-16322.558724357734	-6379.302721565513	3.657646211377818E307	Infinity	0.9212880163825006	1.4088813246230532	1.2418811435511863	0.3492375318257531	1.4088813246230532	1.2418811435511863	0.3492375318257531	0.37465979782568715	0.0	4.018440145973685E-4	0.3603926215298697	0.05187339788652652	-13473.115045717848	3.8355596509024623E307	3.9082208918676305E307	1.55661275971719E307	2.7216513315367384E307	1.2882686412856264E307	3	5	5	3	3
131000	-22666.01247300137	-6379.302721565513	-16286.709751435856	-6379.302721565513	1.3040127807779609E308	Infinity	0.9212880163825006	1.4088813246230532	1.2418811435511863	0.3492375318257531	1.4088813246230532	1.2418811435511863	0.3492375318257531	0.12735540097452874	0.0	1.1153045537122865E-4	0.11301310526484287	0.09141430221352562	-13478.735493665037	9.848362281853094E307	2.7436412707303577E307	2.517565620460004E307	2.7234617923903594E307	5.812008172740145E307	3	2	1	5	8
132000	-22708.2320184773	-6379.302721565513	-16328.929296911789	-6379.302721565513	1.1725038824287216E308	Infinity	0.9212880163825006	1.4088813246230532	1.2418811435511863	0.3492375318257531	1.4088813246230532	1.2418811435511863	0.3492375318257531	0.3277551734971895	0.0	1.6690327939315868E-5	0.3214789614385073	0.01332033353382235	-13488.631299410361	4.347284018427295E307	3.733243933696395E307	4.900643017136346E307	9.669183065098144E307	9.582268063624421E307	2	2	1	9	5
133000	-22702.877441167555	-6379.302721565513	-16323.57471960204	-6379.302721565513	1.3330092396834338E308	Infinity	0.9212880163825006	1.490332201500322	1.1191578088619845	0.3905099896376861	1.490332201500322	1.1191578088619845	0.3905099896376861	0.2839334753608627	0.0	4.459275043737099E-6	0.2848687819700665	0.00769227525574804	-13486.335424255516	5.040318245446038E307	2.4707887736425193E307	3.198056514106093E307	6.169305306433712E307	5.750022012650016E307	2	2	2	2	11
134000	-22690.20921443365	-6379.302721565513	-16310.906492868138	-6379.302721565513	4.789880078033106E307	Infinity	0.9212880163825006	1.3755400297955553	1.1191578088619845	0.5053021613424528	1.3755400297955553	1.1191578088619845	0.5053021613424528	0.2717605322983222	0.0	0.014837223626528272	0.26187680821408305	0.46744840695666556	-13472.320350741347	2.7443152128651706E307	6.918727503058197E307	7.770763458899707E307	7.353060043962291E307	2.4089447585304236E307	2	2	1	2	12
135000	-22674.739009612007	-6379.302721565513	-16295.436288046496	-6379.302721565513	6.007858266250761E307	Infinity	0.9212880163825006	1.3755400297955553	1.1191578088619845	0.5053021613424528	1.3755400297955553	1.1191578088619845	0.5053021613424528	0.18572193093586759	0.0	2.0642225278685942E-4	0.18369501946736888	0.08143496923145016	-13474.619256554524	8.102810314494594E307	2.558838499959925E307	2.3801077061774186E307	1.7515888755252941E307	2.793566869531979E307	3	2	3	2	9
136000	-22674.30553105483	-6379.302721565513	-16295.002809489319	-6379.302721565513	8.902155047233206E307	Infinity	0.9212880163825006	1.3755400297955553	1.1191578088619845	0.5053021613424528	1.3755400297955553	1.1191578088619845	0.5053021613424528	0.2582006700177827	0.0	5.143872986683442E-8	0.24501008465273885	8.632430857781534E-4	-13464.086512800108	1.2336671337098975E307	6.380793789903755E306	1.0940551997593357E307	3.3822229121470015E307	2.701477899554675E307	4	1	1	5	8
137000	-22679.2415734321	-6379.302721565513	-16299.938851866587	-6379.302721565513	8.12867341284443E307	Infinity	0.9212880163825006	1.3755400297955553	1.1191578088619845	0.5053021613424528	1.3755400297955553	1.1191578088619845	0.5053021613424528	0.1891600409216678	0.0	3.34939327436843E-7	0.21365040362406068	0.002555640658558113	-13471.06177219258	1.3476351463973812E307	2.5540376544505853E307	1.9030184574035368E307	4.3108701966991693E307	3.9024331324608205E307	4	1	9	3	2
138000	-22693.44453828827	-6379.302721565513	-16314.141816722755	-6379.302721565513	8.834107513278953E307	Infinity	0.9212880163825006	1.3755400297955553	1.1191578088619845	0.5053021613424528	1.3755400297955553	1.1191578088619845	0.5053021613424528	0.2693525920950898	0.0	3.7446724514252314E-7	0.29967311014931647	0.0021897029299659597	-13479.842217215974	8.406302809404952E307	5.215926506338399E307	5.054157694702537E307	7.87286516694339E307	6.479704817082221E307	3	6	5	3	2
139000	-22675.62540906284	-6379.302721565513	-16296.322687497326	-6379.302721565513	5.465527840079953E307	Infinity	0.9212880163825006	1.3755400297955553	0.9697946644339248	0.6546653057705125	1.3755400297955553	0.9697946644339248	0.6546653057705125	0.19218319147321494	0.0	6.395948139792079E-11	0.18826970957826156	4.1693408602503824E-5	-13476.504782984543	9.654655138162047E307	8.21567025442255E307	8.315711808526649E307	3.5967570524698634E307	6.642178839262251E307	2	3	7	6	1
140000	-22675.70943053651	-6379.302721565513	-16296.406708970995	-6379.302721565513	3.594565321703107E307	1.7371111151006192E308	0.9212880163825006	1.3755400297955553	0.9697946644339248	0.6546653057705125	1.3755400297955553	0.9697946644339248	0.6546653057705125	0.24225894169305062	8.89756645496039E-6	5.041686426653142E-12	0.2535603263747843	9.22290026485368E-6	-13470.466015101838	1.1479098554669072E308	5.81409477246412E307	2.9546944680155295E307	2.5863009759835734E307	2.8673884562093863E307	1	3	1	12	2
141000	-22705.12094277332	-6379.302721565513	-16325.818221207808	-6379.302721565513	3.666300435237987E307	1.3811767273839564E308	0.9212880163825006	1.3755400297955553	0.9697946644339248	0.6546653057705125	1.3755400297955553	0.9697946644339248	0.6546653057705125	0.5142276254630149	0.08334647222125514	0.0017312156691632345	0.5943242745245298	0.0702785159357506	-13464.415516127281	1.7898063618226832E308	7.713100566260596E307	2.365186346647336E307	2.5198129627910967E307	2.6510574433489887E307	1	1	5	10	2
142000	-22717.294650435528	-6379.302721565513	-16337.991928870015	-6379.302721565513	9.45819761473831E307	Infinity	0.9212880163825006	1.3755400297955553	0.9697946644339248	0.6546653057705125	1.3755400297955553	0.9697946644339248	0.6546653057705125	0.26856829505323726	0.0	1.2140994750020716E-4	0.21030817231316024	0.04688790295041976	-13496.37271410432	9.96320799616619E307	1.3576653598673594E308	1.3145996944597688E308	7.44568270754668E307	3.4369287917160773E307	1	4	1	11	2
143000	-22700.16006470256	-6379.302721565513	-16320.857343137046	-6379.302721565513	7.243968238813694E307	Infinity	0.9212880163825006	1.3755400297955553	0.9697946644339248	0.6546653057705125	1.3755400297955553	0.9697946644339248	0.6546653057705125	0.21255588996789176	0.0	1.021655045093403E-5	0.20512337864829194	0.015284418566494845	-13490.01644706009	7.735418735548785E307	1.608169695757067E308	1.6289824309019194E308	1.115732687456892E308	1.2358523064135623E308	1	4	1	12	1
144000	-22697.867522949447	-6379.302721565513	-16318.564801383935	-6379.302721565513	5.791396473264924E307	Infinity	0.9212880163825006	1.515965895894687	0.829368798334793	0.6546653057705125	1.515965895894687	0.829368798334793	0.6546653057705125	0.31276347460327897	0.0	4.519339107672773E-6	0.32030183093821424	0.006839027485829563	-13476.906801182433	1.3849463815880215E308	4.904433519435547E307	4.283582967793673E307	3.673587101423826E307	4.992947469968771E307	1	4	2	5	7
145000	-22696.78422788595	-6379.302721565513	-16317.481506320437	-6379.302721565513	1.4973489540925914E308	Infinity	0.9212880163825006	1.515965895894687	0.829368798334793	0.6546653057705125	1.515965895894687	0.829368798334793	0.6546653057705125	0.3194407096717852	0.0	3.35444658250312E-6	0.3209551521822858	0.005508531436216962	-13478.081790533664	2.9438937603044083E307	2.2284514104366774E307	2.640191343912973E307	2.796578661804225E307	4.0160935727952573E307	2	8	1	5	3
146000	-22656.734066567773	-6379.302721565513	-16277.43134500226	-6379.302721565513	1.008666389697707E308	Infinity	0.9212880163825006	1.515965895894687	0.829368798334793	0.6546653057705125	1.515965895894687	0.829368798334793	0.6546653057705125	0.12002301497156836	0.0	1.827135687217434E-9	0.11642355840804848	3.719153181493655E-4	-13473.174428168988	2.329665190643689E307	3.2737383524176364E307	4.726998371999218E307	9.968794097347041E307	6.324882482513706E307	6	7	1	2	3
147000	-23286.36830790141	-6963.784988789942	-16322.58331911147	-6963.784988789942	6.360838324032803E307	Infinity	0.5470594731284337	1.515965895894687	0.829368798334793	0.6546653057705125	1.515965895894687	0.829368798334793	0.6546653057705125	0.29207315511955256	0.0	2.514698832920841E-6	0.22029430574474634	0.007230111716662505	-13489.790959040245	1.7022324694569531E308	1.2266698160225404E308	6.341475663521279E307	4.583390071966487E307	3.3047597477442265E307	6	5	4	2	2
148000	-23292.38958236713	-6963.784988789942	-16328.604593577189	-6963.784988789942	1.2608569948037552E308	Infinity	0.5470594731284337	1.515965895894687	0.829368798334793	0.6546653057705125	1.515965895894687	0.829368798334793	0.6546653057705125	0.21562950754420912	0.0	0.003114453457057606	0.2502352479787294	0.22385127345469197	-13491.398271289607	1.1001687227521856E308	1.2266698160225404E308	5.525345998873194E307	5.943525436141396E307	3.792131455353834E307	11	2	2	2	2
149000	-23268.33274151405	-6963.784988789942	-16304.547752724107	-6963.784988789942	6.966052898358274E307	Infinity	0.5470594731284337	1.515965895894687	0.829368798334793	0.6546653057705125	1.515965895894687	0.829368798334793	0.6546653057705125	0.18146436476214664	0.0	1.1187213506232033E-4	0.17732845831850383	0.056300287648882126	-13478.110704433795	6.317966460508972E307	5.291173508779191E307	7.312247642663881E307	4.417142605867823E307	1.4785902515625965E307	2	2	8	5	2
150000	-23234.355117781204	-6963.784988789942	-16270.570128991261	-6963.784988789942	1.836733707150801E307	1.1708087796992685E308	0.5470594731284337	1.515965895894687	0.829368798334793	0.6546653057705125	1.515965895894687	0.829368798334793	0.6546653057705125	0.10706318226339624	Infinity	0.14488543212670235	0.09345812607666314	3.9988975082551454	-13467.430561643632	2.5309069797799386E307	2.6305760148624846E307	4.597663023621008E307	2.3674482702394216E307	2.912401777747282E307	5	2	1	10	1
151000	-23255.85414565991	-6963.784988789942	-16292.069156869968	-6963.784988789942	1.904472415971153E307	1.4063108740764098E308	0.5470594731284337	1.515965895894687	0.829368798334793	0.6546653057705125	1.515965895894687	0.829368798334793	0.6546653057705125	0.17466576405675974	1.145963104368504	0.04435268646779524	0.1825068193158225	1.170405110300848	-13470.789070525332	5.318364043837895E307	2.1380455349386999E307	2.2058541766805598E307	1.3142389062803058E307	5.3250458247509304E306	2	9	3	2	3
152000	-23231.786511324673	-6963.784988789937	-16268.001522534738	-6963.784988789937	2.3372455742628835E307	1.2161191724031313E308	0.5470594731284337	1.6247125199573915	0.7206221742720886	0.6546653057705125	1.6247125199573915	0.7206221742720886	0.6546653057705125	0.11364488519077265	0.27362768952276284	0.0010147792399393379	0.11193054327183476	0.27804369439974386	-13465.55788636515	2.9981296985354805E307	2.8326733036907404E307	1.6392814856970323E307	3.7537967278625144E306	3.7261902011503543E306	3	9	3	2	2
153000	-23248.931739829553	-6963.784988789937	-16285.146751039614	-6963.784988789937	3.017311852643081E307	Infinity	0.5470594731284337	1.6247125199573915	0.7206221742720886	0.6546653057705125	1.6247125199573915	0.7206221742720886	0.6546653057705125	0.11364488519077265	0.0	0.0020876267001251375	0.11856304430541195	0.3748405251603258	-13476.342416969363	9.514248385052582E307	5.137933569742065E307	2.381972981611756E307	1.9874552432517304E307	2.4178336643427094E307	3	3	3	1	9
154000	-23231.760903270417	-6963.78498878994	-16267.975914480476	-6963.78498878994	2.8087795203429823E307	1.1515631216803395E308	0.5470594731284337	1.6247125199573915	0.7206221742720886	0.6546653057705125	1.6247125199573915	0.7206221742720886	0.6546653057705125	0.12485549831469753	0.4676284466822995	0.00333246801980634	0.12105376823563033	0.48543666003064256	-13464.294974506682	2.38712435955447E307	1.494012292027005E307	2.381972981611756E307	1.5644634832975499E307	8.485099678187084E306	9	3	1	4	2
155000	-23258.344095095268	-6963.78498878994	-16294.559106305327	-6963.78498878994	1.6864974993121353E307	1.340277091655897E308	0.5470594731284337	1.6247125199573915	0.7206221742720886	0.6546653057705125	1.6247125199573915	0.7206221742720886	0.6546653057705125	0.1825055772079372	0.464798434845537	0.009100404786343424	0.19837523469178947	0.4742545952182014	-13469.75388147384	6.777507448904368E307	1.8943223235827414E307	2.4330712939187153E307	1.498703813459549E307	4.308312707606712E306	6	5	1	4	3
156000	-23215.00223680543	-6963.78498878994	-16251.21724801549	-6963.78498878994	1.3273603413718575E307	8.025825056218803E307	0.5470594731284337	1.6247125199573915	0.7206221742720886	0.6546653057705125	1.6247125199573915	0.7206221742720886	0.6546653057705125	0.09182613613846399	Infinity	0.22481135895544246	0.06726511231403821	7.228618360919711	-13460.78015255741	4.0577823076504463E307	3.72372170802249E307	2.446937584912696E307	1.794328680408202E307	1.4745308614024172E307	3	3	8	3	2
157000	-23294.004980258756	-6963.78498878994	-16330.219991468815	-6963.78498878994	3.871215423463941E307	Infinity	0.5470594731284337	1.6247125199573915	0.7206221742720886	0.6546653057705125	1.6247125199573915	0.7206221742720886	0.6546653057705125	0.38559914677281115	0.0	0.09538263499376724	0.4344922012349471	0.7462474151329365	-13477.399235921275	5.383907686605363E307	6.039606513109563E307	5.954977967836157E307	1.1032017469374288E307	6.260330087362846E306	2	6	4	5	2
158000	-23294.230607038033	-6963.78498878994	-16330.445618248092	-6963.78498878994	4.860479587666535E307	Infinity	0.5470594731284337	1.6247125199573915	0.7206221742720886	0.6546653057705125	1.6247125199573915	0.7206221742720886	0.6546653057705125	0.38396357145114285	0.0	3.115154503833337E-4	0.3154447133668252	0.0578438536266391	-13486.71922082	1.6724413879942292E308	1.0749661117601905E308	7.090708440281878E307	8.263883783677253E307	3.81289605450453E307	4	5	2	6	2
159000	-25843.409452348642	-9529.470706284661	-16313.938746063981	-9529.470706284661	2.953380433844237E307	1.75049622506474E308	0.1014544065479727	1.486144467182348	0.7348886032299096	0.778966929587735	1.486144467182348	0.7348886032299096	0.778966929587735	0.23597800479064932	0.5344820242990804	0.021423230129218387	0.26906221289110327	0.5488333412120899	-13476.916297768215	7.119094164685189E307	4.4211408646439115E307	4.719575033153687E307	4.1942278920517477E307	5.051924392974039E307	4	5	2	6	2
160000	-25840.85801106092	-9529.470706284661	-16311.387304776255	-9529.470706284661	6.858413706085449E307	Infinity	0.1014544065479727	1.486144467182348	0.7348886032299096	0.778966929587735	1.486144467182348	0.7348886032299096	0.778966929587735	0.18051803370158664	NaN	0.019271357312861417	0.1688789082287096	0.7848707345269856	-13485.83156828031	9.293886507470422E307	7.724308980355367E307	3.8006071168739846E307	2.261561867810675E307	2.7851062892364227E307	1	8	1	6	3
161000	-22690.659244713028	-6389.490300946282	-16301.168943766746	-6389.490300946282	3.8670882141898136E307	Infinity	0.8878521781059563	1.486144467182348	0.7348886032299096	0.778966929587735	1.486144467182348	0.7348886032299096	0.778966929587735	0.18516396875157262	0.0	8.693322031658758E-4	0.16796340950177677	0.18121041094600793	-13481.488495905352	1.742568849284781E308	8.52189757076744E307	3.6706772603379143E307	2.194354149274875E307	1.5887725150961628E307	1	10	2	2	4
162000	-22712.5703366394	-6389.490300946282	-16323.08003569312	-6389.490300946282	5.611926934802261E307	Infinity	0.8878521781059563	1.5331114140858717	0.7348886032299096	0.7319999826842114	1.5331114140858717	0.7348886032299096	0.7319999826842114	0.23439540206385345	0.0	6.27332251541139E-4	0.24748721687161687	0.10307569071445137	-13487.219345298308	8.519108013400745E307	8.380207035392029E307	6.032719102736727E307	5.02499496659604E307	3.5860146882357206E307	2	1	10	3	3
163000	-22694.917741798155	-6389.4903009462805	-16305.427440851876	-6389.4903009462805	5.77482845894934E307	Infinity	0.8878521781059563	1.5331114140858717	0.6563625405404507	0.8105260453736702	1.5331114140858717	0.6563625405404507	0.8105260453736702	0.18529757057540622	0.0	2.932261121754467E-5	0.17022548473879487	0.03232261952635779	-13486.265186841494	9.645674553469312E307	6.238862165002589E307	8.121395534977638E307	4.541022657002675E307	1.7831963397212679E307	2	1	13	1	2
164000	-22661.643737622537	-6389.4903009462805	-16272.153436676257	-6389.4903009462805	5.770292756424333E307	Infinity	0.8878521781059563	1.5331114140858717	0.6563625405404507	0.8105260453736702	1.5331114140858717	0.6563625405404507	0.8105260453736702	0.06864645637208551	0.0	7.778136542560031E-7	0.04948481667260009	0.017686848081439544	-13490.626570023662	9.208090605875114E307	1.5066144089799677E308	1.5263154478739598E308	8.905912969311925E307	5.680329146181154E307	5	5	1	7	1
165000	-22723.9601287444	-6389.4903009462805	-16334.469827798119	-6389.4903009462805	4.471895227094453E307	Infinity	0.8878521781059563	1.5331114140858717	0.6563625405404507	0.8105260453736702	1.5331114140858717	0.6563625405404507	0.8105260453736702	0.46180159559249156	0.0	7.559798059235043E-6	0.4293781644169964	0.006375262170150235	-13481.019791416209	8.00216457145965E307	6.78818285687961E307	9.635766668231034E307	3.9338913734050367E307	4.114254265419265E307	5	5	1	7	1
166000	-22699.8174268452	-6389.4903009462805	-16310.327125898919	-6389.4903009462805	6.820721994380493E307	Infinity	0.8878521781059563	1.59605355974279	0.6563625405404507	0.747583899716752	1.59605355974279	0.6563625405404507	0.747583899716752	0.24799312495510345	0.0	2.740259220778876E-8	0.2629678267567484	6.46412268709718E-4	-13479.011208484933	9.620749468473063E307	4.2096400182743723E307	5.183792430775052E307	7.438476929974664E307	5.069029976245702E307	5	5	3	5	1
167000	-22720.317021064526	-6389.4903009462805	-16330.826720118244	-6389.4903009462805	4.699041915716049E307	Infinity	0.8878521781059563	1.409825476023823	0.6563625405404507	0.933811983435719	1.409825476023823	0.6563625405404507	0.933811983435719	0.36247660758487604	0.0	8.232669237208146E-7	0.3465834115494436	0.0026830437940318	-13489.106842827023	1.0890715047568297E308	4.4609574000241496E307	5.183792430775052E307	4.319804265726702E307	1.4668025683552786E307	9	2	3	3	2
168000	-22684.3321862402	-6389.4903009462805	-16294.84188529392	-6389.4903009462805	1.9281716146499434E307	1.6053509737827516E308	0.8878521781059563	1.409825476023823	0.6563625405404507	0.933811983435719	1.409825476023823	0.6563625405404507	0.933811983435719	0.1807795011836846	1.659250965889011E-4	1.468724172244761E-9	0.2170122960469607	1.7553681831221826E-4	-13474.35397973207	5.051763878697088E307	5.991060279784973E307	2.991300097465206E307	1.2056232223696931E307	9.715539579923544E306	8	4	3	2	2
169000	-22683.791902544493	-6389.4903009462805	-16294.301601598212	-6389.4903009462805	1.430692887313887E307	1.0869900825623058E308	0.8878521781059563	1.409825476023823	0.6563625405404507	0.933811983435719	1.409825476023823	0.6563625405404507	0.933811983435719	0.21523713772413525	2.996921938660594E-5	4.7868717549910034E-11	0.2287535599310177	2.7628394186186344E-5	-13465.673471336138	6.14557317473673E307	3.9609867791894245E307	7.695687059012004E306	5.898767671611159E306	1.5892540391143938E307	7	4	2	3	3
170000	-23599.140209776284	-7350.133312581545	-16249.006897194738	-7350.133312581545	3.0281427113070027E307	1.1778613892064352E308	0.4191757204310991	1.409825476023823	0.6563625405404507	0.933811983435719	1.409825476023823	0.6563625405404507	0.933811983435719	0.08855790046797221	1.5588050752318153E-4	1.8868654758841392E-10	0.0844379927842522	1.6026406501174257E-4	-13460.451876774081	1.6048354889137862E307	2.012523287043102E307	2.515839268689794E307	2.8563140548294316E307	7.080365497996326E306	7	3	5	1	3
171000	-23648.529905855736	-7350.133312581545	-16298.396593274188	-7350.133312581545	3.1360454882216976E307	Infinity	0.4191757204310991	1.409825476023823	0.6563625405404507	0.933811983435719	1.409825476023823	0.6563625405404507	0.933811983435719	0.2555133045018266	0.0	1.7468097526257484E-9	0.18926579336632746	2.2147559314798578E-4	-13476.232384739762	1.48169114175885E308	8.049571383641187E307	4.955016671731689E307	3.7086531443113986E307	1.807167532824648E307	2	2	2	4	9
172000	-23690.94259604878	-7350.133312581545	-16340.809283467232	-7350.133312581545	6.4559066067696E307	Infinity	0.4191757204310991	1.409825476023823	0.6563625405404507	0.933811983435719	1.409825476023823	0.6563625405404507	0.933811983435719	0.455991454513541	0.0	4.893833658573536E-8	0.5077544761191364	4.3920337592017643E-4	-13479.616977648242	1.0487541503903236E308	1.118107079266692E308	1.541991750686315E308	7.461520154703684E307	3.0018759388693233E307	1	2	1	4	11
173000	-23659.450690532314	-7350.133312581545	-16309.317377950769	-7350.133312581545	2.677751807136672E307	Infinity	0.4191757204310991	1.3256824973651493	0.6563625405404507	1.0179549620943926	1.3256824973651493	0.6563625405404507	1.0179549620943926	0.21175596391450605	0.0	7.529089972991805E-9	0.24127468847576766	3.359013497349934E-4	-13475.696540805022	9.889205253745785E307	1.118107079266692E308	1.1795636853732358E308	5.220301926666267E307	2.560589813190464E307	1	2	2	3	11
174000	-23614.182878770567	-7350.133312581545	-16264.049566189022	-7350.133312581545	2.0515865412941753E307	1.269401526232294E308	0.4191757204310991	1.3256824973651493	0.6563625405404507	1.0179549620943926	1.3256824973651493	0.6563625405404507	1.0179549620943926	0.11493727409976508	1.8300502405040372E-5	4.311932164818847E-12	0.11415162479719915	1.833629555311823E-5	-13467.960251758816	7.863289032027346E307	5.85699608740647E307	1.691528129058772E307	2.0903161127391284E307	1.4517180452739854E307	1	3	2	8	5
175000	-23604.311737511125	-7350.133312581545	-16254.178424929578	-7350.133312581545	1.4203514668157624E307	4.886160200366564E307	0.4191757204310991	1.3256824973651493	0.6563625405404507	1.0179549620943926	1.3256824973651493	0.6563625405404507	1.0179549620943926	0.20470538538437247	2.7380599960625535E-5	2.8296553849525917E-11	0.19281614326504548	2.7319136334244892E-5	-13441.590869188161	8.59356501725272E306	5.938023641417475E306	1.1571313935658394E307	6.879280468546676E306	6.603665975733275E306	2	7	2	6	2
176000	-23669.27252743545	-7350.133312581545	-16319.139214853903	-7350.133312581545	6.849413308467051E307	Infinity	0.4191757204310991	1.3256824973651493	0.6563625405404507	1.0179549620943926	1.3256824973651493	0.6563625405404507	1.0179549620943926	0.37920320329748153	0.0	9.242279719733432E-11	0.4224027138315814	2.064258706701492E-5	-13473.559152755455	1.1799148481585721E308	2.325102893214818E307	2.0292623314568317E307	3.329804301227185E307	2.02750458960622E307	1	8	3	6	1
177000	-23649.23237490395	-7350.133312581545	-16299.099062322402	-7350.133312581545	6.64326270410395E307	Infinity	0.4191757204310991	1.3256824973651493	0.6563625405404507	1.0179549620943926	1.3256824973651493	0.6563625405404507	1.0179549620943926	0.2526832614796188	0.0	5.319756889278631E-10	0.1837555533839414	1.2195735414462005E-4	-13477.82291213654	6.016914791490591E307	4.2427582990224273E307	3.5673283997090345E307	4.41732602506801E307	2.0993559702388176E307	1	12	2	2	2
178000	-23653.384921373305	-7350.133312581545	-16303.251608791757	-7350.133312581545	5.761530728188322E307	Infinity	0.4191757204310991	1.3256824973651493	0.6563625405404507	1.0179549620943926	1.3256824973651493	0.6563625405404507	1.0179549620943926	0.19285138289067205	0.0	3.0233549776337213E-12	0.17807117643115963	9.804453507323993E-6	-13486.285567145049	1.0432674871020875E308	8.341584845842102E307	9.282797810282673E307	4.801892709089047E307	6.932584468825723E307	5	3	7	1	3
179000	-23651.093085539538	-7350.133312581545	-16300.959772957993	-7350.133312581545	3.2956920221327915E307	Infinity	0.4191757204310991	1.3256824973651493	0.6563625405404507	1.0179549620943926	1.3256824973651493	0.6563625405404507	1.0179549620943926	0.2935827783933242	0.0	2.033095441656612E-12	0.2798103225695809	5.141365226845852E-6	-13475.275529422355	5.201163219235063E307	2.5647050196417403E307	3.665847271132841E307	1.790078843435073E307	9.501045862543724E306	1	3	11	1	3
180000	-23600.7170465666	-7350.133312581545	-16250.583733985053	-7350.133312581545	5.780764189412029E307	Infinity	0.4191757204310991	1.3256824973651493	0.6563625405404507	1.0179549620943926	1.3256824973651493	0.6563625405404507	1.0179549620943926	0.0793361797069044	0.0	1.594921284273961E-13	0.07185959962368466	5.500136798256847E-6	-13468.571814734807	1.84745538180132E307	3.0161619001822385E307	6.463709294228299E307	2.7122510775960207E307	2.168500299629288E307	1	3	8	6	1
181000	-23679.964069288042	-7350.133312581545	-16329.830756706495	-7350.133312581545	1.712835453541186E308	Infinity	0.4191757204310991	1.3256824973651493	0.6563625405404507	1.0179549620943926	1.3256824973651493	0.6563625405404507	1.0179549620943926	0.3031514519877099	0.0	5.1226311253767244E-12	0.3020793882975446	7.5926571205242165E-6	-13494.091082215804	1.7321237418374536E308	1.0732647681280885E308	7.517974195719681E307	1.0902717397468277E308	6.22632475279534E307	2	6	3	3	5
182000	-23672.62808829977	-7350.133312581543	-16322.494775718227	-7350.133312581543	3.312378070238367E307	Infinity	0.4191757204310991	1.11871681338289	0.6563625405404507	1.224920646076652	1.11871681338289	0.6563625405404507	1.224920646076652	0.3351336864457047	0.0	4.62906220222832E-10	0.44070687160274247	4.623679700207822E-5	-13481.316089066071	9.75622548619437E307	6.014845276453721E307	3.6430711233750934E307	1.8521272274197602E307	9.531420409787683E306	8	3	2	2	4
183000	-23658.5941351365	-7350.133312581543	-16308.460822554958	-7350.133312581543	2.1988407302005745E307	1.637580687645107E308	0.4191757204310991	1.11871681338289	0.6563625405404507	1.224920646076652	1.11871681338289	0.6563625405404507	1.224920646076652	0.31663811248594065	1.5372829498318035E-4	2.633800970368657E-9	0.3259017258184265	1.546249246879896E-4	-13472.107148540474	1.431095591050282E308	8.912742200967242E307	1.693935942468273E307	1.3736377174952598E307	1.656556071562693E307	5	3	1	6	4
184000	-23695.435332696452	-7350.133312581544	-16345.302020114908	-7350.133312581544	7.202919980026058E307	Infinity	0.4191757204310991	0.9288814668468955	0.8461978870764452	1.224920646076652	0.9288814668468955	0.8461978870764452	1.224920646076652	0.4127993452160857	0.0	4.203088340237926E-10	0.42621182736907165	4.949785319224566E-5	-13496.739232659746	1.5516263967912115E308	1.2696499834434573E308	6.838384480600496E307	1.1701609232637534E308	5.300122161187669E307	4	8	1	2	4
185000	-23647.775950623654	-7350.133312581544	-16297.642638042113	-7350.133312581544	6.857997760088138E307	Infinity	0.4191757204310991	0.9288814668468955	0.8461978870764452	1.224920646076652	0.9288814668468955	0.8461978870764452	1.224920646076652	0.1650392703749554	0.0	4.007413877956141E-11	0.18942885489543443	3.421470876703031E-5	-13481.421220260638	5.081561544352675E307	2.594280936439538E307	3.095498892855241E307	6.677209864330422E307	2.8538484249234815E307	6	7	1	3	2
186000	-23649.30110689233	-7350.133312581544	-16299.167794310788	-7350.133312581544	3.582755912936067E307	Infinity	0.4191757204310991	0.9288814668468955	0.8461978870764452	1.224920646076652	0.9288814668468955	0.8461978870764452	1.224920646076652	0.21251079261242503	0.0	4.334105919673666E-13	0.19681775808921897	3.358895743752559E-6	-13485.482998911573	9.255359315471984E307	6.842815615735176E307	3.783376308079606E307	1.318067851527553E307	8.713999743187262E306	10	3	1	3	2
187000	-23635.878399029585	-7350.133312581544	-16285.74508644804	-7350.133312581544	1.78420890630744E307	1.1140361306332837E308	0.4191757204310991	0.9288814668468955	0.8461978870764452	1.224920646076652	0.9288814668468955	0.8461978870764452	1.224920646076652	0.24359139028753465	8.509729574904037E-6	3.846701985558215E-12	0.2427543288637876	8.400257736648129E-6	-13466.389381341616	3.197507856212434E307	2.7003125352257895E307	2.1255108619732447E307	2.7810403490906165E307	2.1050164705739605E307	6	4	5	2	2
188000	-23644.30635125681	-7350.133312581545	-16294.173038675268	-7350.133312581545	3.832386982036515E307	Infinity	0.4191757204310991	0.9288814668468955	0.674377983186728	1.3967405499663692	0.9288814668468955	0.674377983186728	1.3967405499663692	0.23863758738923635	0.0	5.044325915965725E-16	0.22908019560077186	9.623051848242422E-8	-13477.332616497593	6.523468444259883E307	3.409506523157697E307	3.444376233583349E307	1.6902632842654966E307	6.083618781654046E306	6	4	7	1	1
189000	-23607.067525917584	-7350.133312581545	-16256.934213336037	-7350.133312581545	6.754950783216207E307	Infinity	0.4191757204310991	0.6677377908877284	0.9355216591458951	1.3967405499663692	0.6677377908877284	0.9355216591458951	1.3967405499663692	0.11005107831329021	0.0	4.7781268043860116E-14	0.09137255121413768	2.52777440866539E-6	-13468.17341351669	3.146458531318282E307	1.1107960406692378E307	2.3870922742469735E307	1.2576950249514824E307	1.1367746295189903E307	5	1	4	6	3
190000	-23605.62536262847	-7350.133312581545	-16255.492050046925	-7350.133312581545	1.326139334193154E307	8.577787195803134E307	0.4191757204310991	0.6677377908877284	0.9355216591458951	1.3967405499663692	0.6677377908877284	0.9355216591458951	1.3967405499663692	0.1302365311045048	2.0202594380905494E-5	5.044897577971968E-12	0.10996480741539662	2.027554754264017E-5	-13462.272782206925	3.295295477176818E307	1.1846593918956868E307	1.6543375852313548E307	6.624443158235067E306	7.811174120299867E306	4	4	6	2	3
191000	-23592.47450278871	-7350.133312581545	-16242.341190207166	-7350.133312581545	6.168259038038433E306	2.9378358347565832E307	0.4191757204310991	0.6677377908877284	0.9355216591458951	1.3967405499663692	0.6677377908877284	0.9355216591458951	1.3967405499663692	0.15528578838543905	2.051387982950682E-5	1.0783790953806372E-11	0.16760536319668304	2.0626153552024322E-5	-13437.701367887475	7.336719039077587E306	3.7997692581239117E306	4.870220421119001E306	8.927997825264947E306	6.625091962096604E306	4	1	3	8	3
192000	-23593.52645577745	-7350.133312581545	-16243.393143195903	-7350.133312581545	2.606349148088546E307	7.255257695516697E307	0.4191757204310991	0.6677377908877284	0.9355216591458951	1.3967405499663692	0.6677377908877284	0.9355216591458951	1.3967405499663692	0.18672012940510585	2.3830739458350248E-5	1.2485946329921478E-11	0.13871885278015472	2.6489969858371514E-5	-13442.445374947085	6.489440210174533E306	3.628194210835526E306	5.312125564360573E306	8.927997825264947E306	1.3057639732788348E307	4	1	4	1	9
193000	-23615.05860496158	-7350.133312581545	-16264.925292380034	-7350.133312581545	1.2853021103847914E307	4.672380031403946E307	0.4191757204310991	0.6677377908877284	0.9355216591458951	1.3967405499663692	0.6677377908877284	0.9355216591458951	1.3967405499663692	0.25114151248920574	5.854551275772454E-6	1.6436085251027253E-12	0.2152012343318047	5.599193329711644E-6	-13445.312290649206	1.3851243603710015E307	4.989844193639253E306	8.448766128628166E306	1.0113810130837404E307	5.746275785680334E306	7	1	6	4	1
194000	-23574.830579427995	-7350.133312581545	-16224.69726684645	-7350.133312581545	7.51934891473881E306	2.9724912133973777E307	0.4191757204310991	0.6677377908877284	0.9355216591458951	1.3967405499663692	0.6677377908877284	0.9355216591458951	1.3967405499663692	0.1465021897797688	2.4122298945951467E-6	7.010510845398207E-14	0.11006399012434992	2.3990969447533786E-6	-13435.21978026372	6.91358670052552E306	4.491856645910671E306	4.241047280646904E306	1.3473537531452377E306	4.5114909872931057E306	2	4	7	3	3
195000	-23583.648471802422	-7350.133312581545	-16233.515159220875	-7350.133312581545	4.6369718528914805E306	2.475034974383583E307	0.4191757204310991	0.6677377908877284	0.9355216591458951	1.3967405499663692	0.6677377908877284	0.9355216591458951	1.3967405499663692	0.1977409719415349	3.7956362546814776E-7	2.6203912372596074E-15	0.13966755275775203	3.4908835465919775E-7	-13434.801640913262	9.374357823816182E306	4.604092482892796E306	3.046936906930269E306	3.4464343057240877E306	3.168051770857045E306	6	3	8	1	1
196000	-23636.320387489624	-7350.133312581545	-16286.187074908079	-7350.133312581545	7.636353474747011E306	5.61946695391847E307	0.4191757204310991	0.6677377908877284	0.9355216591458951	1.3967405499663692	0.6677377908877284	0.9355216591458951	1.3967405499663692	0.2956472761877173	1.8492804443288795E-5	4.793136645769632E-11	0.36410511555422415	1.809636370457138E-5	-13452.466148403128	3.0131279902894375E307	1.0857085070648341E307	9.735208965301397E306	8.025770683902794E306	6.177707199879975E306	7	5	1	3	3
197000	-23591.0111936076	-7350.133312581545	-16240.877881026056	-7350.133312581545	9.575549962099405E306	3.7050165494858065E307	0.4191757204310991	0.6677377908877284	0.9355216591458951	1.3967405499663692	0.6677377908877284	0.9355216591458951	1.3967405499663692	0.15432840337085824	3.642271058754708E-5	2.5683433918032373E-11	0.13956571239304372	3.813325602234059E-5	-13439.496576575328	1.374314514861227E307	7.916845921602132E306	1.3895750776218933E307	2.1017555923811137E306	1.890117075792955E306	1	5	3	8	2
198000	-23591.404691607655	-7350.133312581545	-16241.27137902611	-7350.133312581545	3.9506847340319E306	2.6873155962362934E307	0.4191757204310991	0.6677377908877284	0.9355216591458951	1.3967405499663692	0.6677377908877284	0.9355216591458951	1.3967405499663692	0.10190465342465584	2.634428573856958E-4	9.742158020040943E-10	0.11623689141310024	2.672717876728476E-4	-13441.960262312534	7.478709379542979E307	2.917361062107842E307	3.195628826816387E307	7.048267023838957E306	3.694271967045107E306	1	4	2	3	9
199000	-23622.690549706324	-7350.133312581545	-16272.557237124778	-7350.133312581545	8.386773206574405E306	6.601960780986504E307	0.4191757204310991	0.6677377908877284	0.9355216591458951	1.3967405499663692	0.6677377908877284	0.9355216591458951	1.3967405499663692	0.21077615507156747	2.9493103903008248E-5	3.5213922476987505E-11	0.1967457083437029	2.9366938814450093E-5	-13455.181389380745	5.851870540243696E307	5.446927140517027E307	2.5090752564953803E307	1.2435375470057E307	4.900946916071939E306	1	4	1	10	3
200000	-23627.588530417997	-7350.133312581545	-16277.455217836452	-7350.133312581545	1.7125338592065518E307	9.693702956031004E307	0.4191757204310991	0.6677377908877284	0.9355216591458951	1.3967405499663692	0.6677377908877284	0.9355216591458951	1.3967405499663692	0.1626553472784137	7.85697104972876E-4	1.6133955619996287E-8	0.16594316040072188	7.427757294554072E-4	-13462.402427804655	6.746880330954725E307	5.124687058948061E307	3.7855190864670987E307	3.7803534408788275E307	1.0376580494349582E307	1	4	1	6	7
201000	-23654.14670047582	-7350.133312581545	-16304.013387894274	-7350.133312581545	2.492298559788179E307	Infinity	0.4191757204310991	0.6677377908877284	0.9355216591458951	1.3967405499663692	0.6677377908877284	0.9355216591458951	1.3967405499663692	0.2143372005375548	0.0	5.306024742788117E-6	0.2015549625676766	0.011388354840185426	-13477.893320481355	6.855709174039951E307	5.922151090431547E307	3.0285490437329694E307	9.96819357420756E306	3.79027579110686E306	1	7	4	4	3
202000	-23650.945030194413	-7350.1333125815445	-16300.811717612869	-7350.1333125815445	4.574166974698784E307	Infinity	0.4191757204310991	0.4315291857600153	0.9355216591458951	1.6329491550940824	0.4315291857600153	0.9355216591458951	1.6329491550940824	0.13497599767037383	0.0	7.08856585950307E-4	0.1278585591516006	0.208150293856453	-13483.72231421768	1.5994666100652242E308	6.817183265505589E307	1.3019173074804273E308	1.278420354013662E308	1.6122023402678152E307	1	7	4	4	3
203000	-23661.81431399666	-7350.1333125815445	-16311.681001415114	-7350.1333125815445	3.3214368345628146E307	Infinity	0.4191757204310991	0.4315291857600153	0.9355216591458951	1.6329491550940824	0.4315291857600153	0.9355216591458951	1.6329491550940824	0.22575946555944573	0.0	1.7799299065908005E-4	0.2300280368367377	0.05636678986147994	-13477.435327995237	5.562779110673733E307	6.817183265505589E307	4.92285623043668E307	1.1091971060679606E308	2.039895612126933E307	1	5	4	2	7
204000	-23661.022182999874	-7350.1333125815445	-16310.888870418328	-7350.1333125815445	1.1293452541107582E308	Infinity	0.4191757204310991	0.4315291857600153	0.9355216591458951	1.6329491550940824	0.4315291857600153	0.9355216591458951	1.6329491550940824	0.12774910017922997	0.0	5.315654683216713E-10	0.1457368322678221	1.5922714164200234E-4	-13500.670226903423	8.81754432473125E307	1.5362899119195106E308	6.752682297630183E307	3.881374660157149E307	1.6257751121816067E307	1	5	11	1	1
205000	-25785.033950375157	-9450.014505125295	-16335.019445249862	-9450.014505125295	7.306614018158404E307	Infinity	0.10674803228640266	0.4315291857600153	0.9355216591458951	1.6329491550940824	0.4315291857600153	0.9355216591458951	1.6329491550940824	0.3129105624285778	0.0	4.872633021107758E-8	0.3352131734703183	7.241334527155408E-4	-13493.416789973015	1.7196420112322067E308	1.3170938879036979E308	1.0563551791828295E308	1.463737549927954E308	6.372600207283175E307	3	5	8	1	2
206000	-24504.064094984813	-8170.608276857776	-16333.455818127037	-8170.608276857776	1.3337433598739448E308	Infinity	0.24361332801086388	0.4315291857600153	0.9355216591458951	1.6329491550940824	0.4315291857600153	0.9355216591458951	1.6329491550940824	0.38292823738472004	0.0	3.677804852111212E-8	0.4501494164156253	4.546222269828238E-4	-13480.60236949326	4.044099171134266E307	6.148729488104533E307	3.02632137959265E307	9.202829884144921E307	5.891528705930816E307	2	2	8	6	1
207000	-24501.39108559914	-8170.608276857776	-16330.782808741365	-8170.608276857776	1.2654783730222564E308	Infinity	0.24361332801086388	0.4315291857600153	0.9355216591458951	1.6329491550940824	0.4315291857600153	0.9355216591458951	1.6329491550940824	0.3797098781070818	0.0	1.5225266358702414E-7	0.3924864854854638	9.894655746184157E-4	-13482.376382382728	1.064951413997396E308	3.3170949157973557E307	5.415775354508115E307	4.884054034132227E307	6.309281416774705E307	8	4	1	3	3
208000	-24470.694997854203	-8170.608276857776	-16300.086720996425	-8170.608276857776	7.690690939363052E307	Infinity	0.24361332801086388	0.4315291857600153	0.9355216591458951	1.6329491550940824	0.4315291857600153	0.9355216591458951	1.6329491550940824	0.18556601560149197	0.0	1.6475905754183054E-4	0.16718641286717487	0.07508749312112523	-13480.326030518889	1.6363443872625242E307	1.8422264420094398E307	2.1387581318839303E307	4.78048376706961E307	4.970073869710487E307	4	3	4	3	5
209000	-24437.620597734105	-8170.608276857776	-16267.012320876329	-8170.608276857776	4.707871451371721E307	1.5780806177861362E308	0.24361332801086388	0.4315291857600153	0.9355216591458951	1.6329491550940824	0.4315291857600153	0.9355216591458951	1.6329491550940824	0.12757379502573862	0.018750403679512723	4.724716241484705E-6	0.11734561456170756	0.018634975973697687	-13462.322248425597	4.894562389218906E307	1.7690908247859787E307	1.377363709512504E307	1.8407379130148632E307	2.103516898595821E307	4	6	4	3	2
210000	-24438.18373619331	-8170.608276857776	-16267.575459335534	-8170.608276857776	2.078999262875032E307	1.0326908973895292E308	0.24361332801086388	0.4315291857600153	0.9355216591458951	1.6329491550940824	0.4315291857600153	0.9355216591458951	1.6329491550940824	0.11228202860725785	Infinity	0.8818274945717068	0.11026542572203234	8.657369487444145	-13462.657846226408	4.669199239687428E307	1.502827988714979E307	1.3373283763135765E307	9.716977787434595E306	7.83880951881843E306	5	4	7	1	2
211000	-24475.24982118204	-8170.608276857776	-16304.641544324262	-8170.608276857776	1.908296052226381E307	9.89595396602812E307	0.24361332801086388	0.4315291857600153	0.9355216591458951	1.6329491550940824	0.4315291857600153	0.9355216591458951	1.6329491550940824	0.25966072746772006	Infinity	6.737518071443876	0.32302777423062234	8.368980389851997	-13461.684509241568	2.925315742155083E307	2.968530148621361E307	1.8981531344599676E307	1.1887702978540904E307	7.073035385314815E306	8	1	3	5	2
212000	-24448.50620256897	-8170.608276857776	-16277.897925711193	-8170.608276857776	5.0115569926771696E306	2.5525695183199287E307	0.24361332801086388	0.4315291857600153	0.9355216591458951	1.6329491550940824	0.4315291857600153	0.9355216591458951	1.6329491550940824	0.26256862801837383	0.5342902291183103	0.026224904518568775	0.34295610575005914	0.461387736174001	-13439.12926106381	5.4553626870500866E306	1.0535744481709451E307	5.559079851207324E306	2.5800955722530142E306	4.3904738102920806E306	7	5	1	5	1
213000	-24437.807582424844	-8170.608276857788	-16267.199305567055	-8170.608276857788	1.7569054234227227E306	9.722184231257366E306	0.24361332801086388	0.6016919942283723	0.7653588506775382	1.6329491550940824	0.6016919942283723	0.7653588506775382	1.6329491550940824	0.5969286943145568	6.628608772662811	25.26752010654308	0.6580748615867088	9.238349472743675	-13414.670754135206	2.1229190580640165E306	2.6542513040341676E306	1.9123107453655288E306	1.68396909838973E306	3.1713133082246125E305	5	3	1	9	1
214000	-22684.9770789109	-6424.719820443449	-16260.257258467449	-6424.719820443449	4.432412018981713E306	1.6002946071209122E307	0.8438150983892643	0.6016919942283723	0.7653588506775382	1.6329491550940824	0.6016919942283723	0.7653588506775382	1.6329491550940824	0.28415782740438233	1.5235671527842078	0.2625553026462077	0.3311682348302553	1.5529906399532802	-13423.01836137533	2.7837161511954713E306	3.2687248566198235E306	3.569034730225391E306	1.866489423497447E306	2.5874692782294432E306	1	13	3	1	1
215000	-22676.785987925	-6424.719820443449	-16252.06616748155	-6424.719820443449	2.938231070902667E306	1.7167881660729936E307	0.8438150983892643	0.6016919942283723	0.7653588506775382	1.6329491550940824	0.6016919942283723	0.7653588506775382	1.6329491550940824	0.1918869304724478	4.161963564167622	0.6995293733261644	0.19160864021688903	4.139242440149205	-13428.313090508762	8.105569527466313E306	4.474839450326682E306	6.374329308930747E306	5.3569838261727725E306	1.8675058111718507E306	1	11	3	1	3
216000	-22713.92659241555	-6424.71982044345	-16289.206771972102	-6424.71982044345	7.976652195661991E306	5.653261045975962E307	0.8438150983892643	0.6016919942283723	0.8939812133913707	1.50432679238025	0.6016919942283723	0.8939812133913707	1.50432679238025	0.3228257702182134	1.5758218569454907	0.2032222431573511	0.2922986297810144	1.7293467585971354	-13449.946644490557	4.914844666339054E307	1.4794135803998425E307	1.3956629920285507E307	7.25214374150436E306	4.4274866888917964E306	3	8	1	1	6
217000	-22680.077420736394	-6424.71982044345	-16255.357600292944	-6424.71982044345	8.683781066910091E306	3.585926837481468E307	0.8438150983892643	0.6016919942283723	0.8939812133913707	1.50432679238025	0.6016919942283723	0.8939812133913707	1.50432679238025	0.15033227419151468	0.22758184326622882	0.0013594931112341075	0.15545220061986248	0.23165523719437892	-13440.383284122312	3.044446795430209E307	8.977196123880279E306	1.0386760276866105E307	9.195609197906886E306	3.377838421845249E306	1	10	1	1	6
218000	-22708.0399920962	-6424.71982044345	-16283.32017165275	-6424.71982044345	5.2624545460958336E306	3.766065632407328E307	0.8438150983892643	0.6016919942283723	0.8939812133913707	1.50432679238025	0.6016919942283723	0.8939812133913707	1.50432679238025	0.25533108807038946	0.6342990537866289	0.03404106228006134	0.3011136989975634	0.5968362015708458	-13448.428693086234	3.676929747874707E307	1.7154554207979703E307	6.725094353218302E306	4.3681744326923963E306	1.656329047967928E306	8	2	4	2	3
219000	-22725.12449747677	-6424.71982044345	-16300.404677033319	-6424.71982044345	1.2533540911382352E307	7.704975015135595E307	0.8438150983892643	0.6016919942283723	0.8939812133913707	1.50432679238025	0.6016919942283723	0.8939812133913707	1.50432679238025	0.3839484917678965	1.319498601330208	0.17346646303549323	0.3302783409961309	1.334504628831871	-13458.684744680573	3.6126993030895803E307	3.1889433666002887E307	1.4078656127835965E307	6.329933953917937E306	5.123103313794587E306	7	2	4	3	3
220000	-22742.142455345704	-6424.71982044345	-16317.422634902252	-6424.71982044345	5.301521354968179E307	Infinity	0.8438150983892643	0.6016919942283723	0.8939812133913707	1.50432679238025	0.6016919942283723	0.8939812133913707	1.50432679238025	0.32699451918196126	0.0	0.0011086964079824893	0.27716378965276556	0.11595708665070874	-13477.379282333604	1.0807182974024287E308	3.7391972763678347E307	1.820255637902294E307	2.1001983900924219E307	1.9499619956238706E307	3	6	1	4	5
221000	-22757.00891290964	-6424.71982044345	-16332.289092466192	-6424.71982044345	7.264595157259711E307	Infinity	0.8438150983892643	0.6016919942283723	0.8939812133913707	1.50432679238025	0.6016919942283723	0.8939812133913707	1.50432679238025	0.2679351425059753	0.0	2.4631236108296954E-5	0.30765803856976215	0.015455584951932526	-13487.898166984382	7.445825029621094E307	5.294361305139453E307	4.553394425050572E307	4.501771556632571E307	3.1101326382153865E307	3	9	1	2	4
222000	-22750.25003136463	-6424.71982044345	-16325.530210921183	-6424.71982044345	3.225094995552021E307	Infinity	0.8438150983892643	0.6016919942283723	0.8939812133913707	1.50432679238025	0.6016919942283723	0.8939812133913707	1.50432679238025	0.28888433592207813	0.0	5.943762630178336E-5	0.32597872923918253	0.02166768580701887	-13479.014448937422	1.129058502504578E308	7.06207736959881E307	6.837497640314552E307	8.725953410601643E307	4.575074662709638E307	1	9	3	2	4
223000	-22729.810481085424	-6424.71982044345	-16305.090660641974	-6424.71982044345	3.359035695039834E307	Infinity	0.8438150983892643	0.6016919942283723	0.8939812133913707	1.50432679238025	0.6016919942283723	0.8939812133913707	1.50432679238025	0.24016067850742548	0.0	0.0028205036176313543	0.2288329110867342	0.23474606958929822	-13475.775851551816	8.639048768038763E307	1.0573947350781837E308	2.436924595906635E307	1.6752199313778834E307	1.154554336087243E307	3	6	1	8	1
224000	-24236.491013572067	-7911.07449157378	-16325.416521998288	-7911.07449157378	5.392620793770814E307	Infinity	0.2886883440859218	0.6016919942283723	0.8939812133913707	1.50432679238025	0.6016919942283723	0.8939812133913707	1.50432679238025	0.3128373122885949	NaN	0.058630052002287984	0.3583676333843375	0.6776504311619653	-13476.1286764218	9.58318424385764E307	5.135930116293828E307	6.365012635954336E307	2.5042362280669484E307	3.8939204558401405E307	3	4	1	8	3
225000	-24258.182594943377	-7911.07449157378	-16347.108103369597	-7911.07449157378	6.71840674988468E307	Infinity	0.2886883440859218	0.6016919942283723	0.8939812133913707	1.50432679238025	0.6016919942283723	0.8939812133913707	1.50432679238025	0.3104496972527947	NaN	0.5095436873114656	0.3368644794632136	2.1796239864825586	-13492.65601562031	1.4954301657627783E308	1.2638529733100563E308	8.435736218313007E307	9.957504437626472E307	5.146900122276159E307	3	1	2	9	4
226000	-24200.278689161285	-7911.07449157378	-16289.204197587507	-7911.07449157378	4.264052382880537E307	Infinity	0.2886883440859218	0.6016919942283723	0.8939812133913707	1.50432679238025	0.6016919942283723	0.8939812133913707	1.50432679238025	0.09426259742922946	NaN	0.03514146292655975	0.10189412060418755	1.8507097657070541	-13484.305024567677	1.4122604545231516E308	7.100202095294325E307	4.4897952183351124E307	4.082196945019087E307	1.9263061763272344E307	8	2	2	3	4
227000	-24237.365027521875	-7911.074491573779	-16326.290535948096	-7911.074491573779	2.755702502717632E307	Infinity	0.2886883440859218	0.5323445302724334	0.9633286773473095	1.50432679238025	0.5323445302724334	0.9633286773473095	1.50432679238025	0.3071797016945183	NaN	1.0501868828953185	0.3357943768168975	2.7476511893052584	-13475.272029967899	9.916221985181131E307	5.579393484997387E307	1.8563153859044907E307	1.8657824363951306E307	2.347854892938033E307	8	2	6	2	1
228000	-24218.9874542264	-7911.074491573779	-16307.912962652621	-7911.074491573779	3.350948062146645E307	1.2911290975983823E308	0.2886883440859218	0.5323445302724334	0.9633286773473095	1.50432679238025	0.5323445302724334	0.9633286773473095	1.50432679238025	0.2732394288668158	Infinity	1.5563574755843568	0.30960196813527613	3.9949414399486405	-13464.765859451409	4.846795215344071E307	4.1375383470247803E307	4.822656779099615E307	1.947573308937451E307	1.974555894608519E307	3	7	2	6	1
229000	-24244.458552147044	-7911.074491573779	-16333.384060573264	-7911.074491573779	7.19769781659849E307	Infinity	0.2886883440859218	0.5323445302724334	0.9633286773473095	1.50432679238025	0.5323445302724334	0.9633286773473095	1.50432679238025	0.26193864458940663	NaN	0.21427437476559225	0.2696209010622796	1.7162080485814084	-13489.111641976004	7.07105661276207E307	6.474314941222691E307	1.4219461431409305E308	6.557660180660255E307	4.136582759835875E307	4	6	5	2	2
230000	-24189.996590190447	-7911.074491573779	-16278.92209861667	-7911.074491573779	8.849873196113732E307	Infinity	0.2886883440859218	0.5323445302724334	0.9633286773473095	1.50432679238025	0.5323445302724334	0.9633286773473095	1.50432679238025	0.0669081491282491	NaN	0.004823104204677073	0.06669122415763469	1.0389368029160644	-13487.072700076998	1.5277099983990029E308	8.094501006881213E307	1.1822807828415677E308	5.72944247701414E307	5.525993449750951E307	7	5	1	2	4
231000	-24225.181904978548	-7911.074491573779	-16314.10741340477	-7911.074491573779	9.244865670113056E307	Infinity	0.2886883440859218	0.5323445302724334	0.9633286773473095	1.50432679238025	0.5323445302724334	0.9633286773473095	1.50432679238025	0.16097293204993027	NaN	0.014505301366262617	0.15450318986928743	0.7666628618843805	-13490.916482093617	9.63958371867654E307	9.098747691395812E307	5.453948263181633E307	4.693947050340469E307	8.25741321825432E307	3	5	5	2	4
232000	-23408.171762463448	-7111.110552308684	-16297.061210154761	-7111.110552308684	4.295369139566537E307	Infinity	0.49352161177216713	0.5323445302724334	0.9633286773473095	1.50432679238025	0.5323445302724334	0.9633286773473095	1.50432679238025	0.18551105368744245	0.0	0.002691175820964407	0.16326027671901203	0.31313381151747455	-13476.20162087298	1.696005820726135E308	3.4617000587717426E307	2.4169356475185355E307	3.470044641804097E307	2.044149759411117E307	2	7	5	2	3
233000	-23425.282530758435	-7111.110552308684	-16314.17197844975	-7111.110552308684	2.749017961574851E307	1.617130754879329E308	0.49352161177216713	0.5323445302724334	0.9633286773473095	1.50432679238025	0.5323445302724334	0.9633286773473095	1.50432679238025	0.34099585922706627	0.6478658721681615	0.0715096280514649	0.37307800452978174	0.8012650351670509	-13470.391236940597	5.765835211328406E307	3.681242700595611E307	3.077832483302806E307	5.183142934062534E307	3.3002445505318783E307	1	7	7	1	3
234000	-23409.152005548276	-7111.110552308684	-16298.041453239592	-7111.110552308684	2.0062589582849077E307	1.0252755887849753E308	0.49352161177216713	0.5323445302724334	0.9633286773473095	1.50432679238025	0.5323445302724334	0.9633286773473095	1.50432679238025	0.22793254405003488	0.10809051582657901	7.770051476069528E-4	0.2602378844433655	0.10548940318269316	-13463.867641507219	1.0929805388682456E308	3.681242700595611E307	2.4509922129739753E307	2.4046781774283925E307	1.5444275462675919E307	1	5	6	4	3
235000	-23415.4209869228	-7111.110552308684	-16304.310434614115	-7111.110552308684	2.1091029214364586E307	9.995706705203403E307	0.49352161177216713	0.5323445302724334	0.9633286773473095	1.50432679238025	0.5323445302724334	0.9633286773473095	1.50432679238025	0.3388034298018295	0.06624802330713232	5.632600572518908E-4	0.3964956015966878	0.05866395499307647	-13459.711564687601	2.1996260381814391E307	9.689048402610207E306	8.358869930852525E306	9.727685595444928E306	1.0803094133907592E307	8	5	1	4	1
236000	-23399.032042971685	-7111.110552308684	-16287.921490663	-7111.110552308684	4.344119374688532E307	Infinity	0.49352161177216713	0.5323445302724334	0.9633286773473095	1.50432679238025	0.5323445302724334	0.9633286773473095	1.50432679238025	0.10169626122246124	NaN	0.011947695858484113	0.11084687638055536	0.9803821532507352	-13479.085217635069	9.988598550503692E307	1.3634315576116628E308	3.841547452515731E307	3.7539595873904853E307	1.2542637605303996E307	8	1	1	8	1
237000	-23420.463257566447	-7111.1105523086835	-16309.352705257765	-7111.1105523086835	9.478987570914884E307	Infinity	0.49352161177216713	0.6603384151632469	0.8353347924564961	1.50432679238025	0.6603384151632469	0.8353347924564961	1.50432679238025	0.11876672101015329	NaN	0.008097447211883005	0.12443791133776742	0.7209164614702401	-13495.230064329931	1.0205041838666446E308	1.441594310491461E308	8.051557518870383E307	7.570725649658951E307	5.222455170024988E307	11	1	1	2	4
238000	-23431.989310765523	-7111.1105523086835	-16320.878758456838	-7111.1105523086835	5.231120671846797E307	Infinity	0.49352161177216713	0.6603384151632469	0.8353347924564961	1.50432679238025	0.6603384151632469	0.8353347924564961	1.50432679238025	0.24168913916491094	0.0	0.010979484753752254	0.2452528079957897	0.44972887746198836	-13486.266167733227	1.51538368338194E308	1.519135133807528E308	5.738080843649718E307	4.128433691835982E307	3.750272692713265E307	6	4	1	2	6
239000	-23426.657807127365	-7111.1105523086835	-16315.54725481868	-7111.1105523086835	2.350067679638681E307	Infinity	0.49352161177216713	0.6603384151632469	0.8353347924564961	1.50432679238025	0.6603384151632469	0.8353347924564961	1.50432679238025	0.22663934485072107	0.0	0.008025811343961065	0.2584518795775021	0.3280452297095048	-13476.708814479864	1.476563716620831E308	5.456774073190257E307	2.8345342715326073E307	8.946849789856912E306	1.2526737452703505E307	5	2	1	8	3
240000	-23431.935431285332	-7111.1105523086835	-16320.824878976648	-7111.1105523086835	5.944705541358132E307	Infinity	0.49352161177216713	0.6603384151632469	0.8353347924564961	1.50432679238025	0.6603384151632469	0.8353347924564961	1.50432679238025	0.3449486569418744	0.0	0.01434011068559323	0.31425653353446187	0.39806123120251435	-13475.195205417687	1.5884704858384962E308	2.1858441195831878E307	1.9300581594264304E307	1.7362329517576546E307	4.620089569977987E307	5	2	1	7	4
241000	-23399.60732775269	-7111.1105523086835	-16288.496775444004	-7111.1105523086835	1.1899870289372104E307	6.731697455661945E307	0.49352161177216713	0.6603384151632469	0.8353347924564961	1.50432679238025	0.6603384151632469	0.8353347924564961	1.50432679238025	0.26763010689202527	Infinity	3.0977507661607158	0.2653037680761992	6.638101805192769	-13455.636380225147	2.1053073443453705E307	1.631137272489922E307	1.330806052807549E307	8.615037527696811E306	5.965909495534906E306	5	2	2	6	4
242000	-23378.04285327165	-7111.1105523086835	-16266.932300962966	-7111.1105523086835	6.621036609092095E306	5.217843068223239E307	0.49352161177216713	0.6603384151632469	0.8353347924564961	1.50432679238025	0.6603384151632469	0.8353347924564961	1.50432679238025	0.16075091716918047	0.379792787447327	0.0038831107321679274	0.1586459465893704	0.3981209229808048	-13453.162043677226	5.453120252349306E307	4.3399853726844267E307	1.1230625654824321E307	6.818547096218793E306	1.802290923285135E306	6	4	3	2	4
243000	-23354.846563317635	-7111.1105523086835	-16243.73601100895	-7111.1105523086835	1.0142784618769338E307	7.500322158240443E307	0.49352161177216713	0.6603384151632469	0.8353347924564961	1.50432679238025	0.6603384151632469	0.8353347924564961	1.50432679238025	0.08633658970099246	0.3643983528059641	6.945657962151833E-4	0.07311092762007983	0.36589520578941415	-13457.25902101873	6.362154468535891E307	2.1158285821750183E307	8.54564798343646E306	8.506347194040393E306	4.4669402017655077E306	6	2	2	8	1
244000	-23376.510284903525	-7111.1105523086835	-16265.399732594842	-7111.1105523086835	9.4043177170066E306	6.10528784869341E307	0.49352161177216713	0.6603384151632469	0.8353347924564961	1.50432679238025	0.6603384151632469	0.8353347924564961	1.50432679238025	0.16052137321705592	0.3342253269810086	0.003047471005713389	0.17045058284220127	0.3234142698363781	-13451.575058423263	6.754155352956968E307	3.499299927197213E307	8.837034751346729E306	3.051365372074286E306	2.848431650059599E306	7	1	4	4	3
245000	-23423.263161122548	-7111.1105523086835	-16312.152608813865	-7111.1105523086835	1.1828696473171767E307	1.0520703482150478E308	0.49352161177216713	0.6603384151632469	0.8353347924564961	1.50432679238025	0.6603384151632469	0.8353347924564961	1.50432679238025	0.4221874248279086	0.030430786113393643	1.7200364613733594E-4	0.4280150169852609	0.0320303963239622	-13463.85648502955	7.347762058109004E307	5.377246434095079E307	2.1305910529891562E307	6.4522716889733E306	4.3840331744600217E306	1	7	4	5	2
246000	-23426.225313498508	-7111.1105523086835	-16315.114761189825	-7111.1105523086835	1.742491611392674E307	1.4011863206702542E308	0.49352161177216713	0.6603384151632469	0.8353347924564961	1.50432679238025	0.6603384151632469	0.8353347924564961	1.50432679238025	0.32664186622560565	0.354507074821306	0.015599433641244814	0.34289967908111574	0.37715779618885803	-13470.741542854597	1.3195770936551559E308	3.988923681802669E307	2.1221342873128805E307	1.5038461223888203E307	3.666685981876517E306	4	2	3	6	4
247000	-23375.0812198057	-7111.1105523086835	-16263.970667497015	-7111.1105523086835	4.4316074574174684E306	3.9964173611690263E307	0.49352161177216713	0.6603384151632469	0.8353347924564961	1.50432679238025	0.6603384151632469	0.8353347924564961	1.50432679238025	0.19295563283114556	2.4226015547929762	0.18402364690676654	0.16939815560743238	2.6216770284066784	-13448.631302361879	3.5658537035967005E307	1.2220434408172839E307	8.217816164070665E306	2.769485097488491E306	3.863291881336014E306	3	8	3	4	1
248000	-23364.16754445576	-7111.1105523086835	-16253.056992147076	-7111.1105523086835	2.6424775010317694E306	2.078252969639519E307	0.49352161177216713	0.6603384151632469	0.8353347924564961	1.50432679238025	0.6603384151632469	0.8353347924564961	1.50432679238025	0.22068371014629606	4.346324447284526	0.5817970545137664	0.17620737801274844	4.114881204573998	-13433.203828551985	1.7278869942286792E307	6.752505660726543E306	3.256695805843869E306	1.8176961957428346E306	1.5579754405635768E306	2	7	1	4	5
249000	-23383.83151504968	-7111.1105523086835	-16272.720962740994	-7111.1105523086835	1.8016947685863705E306	1.8509465549144286E307	0.49352161177216713	0.6603384151632469	0.8353347924564961	1.50432679238025	0.6603384151632469	0.8353347924564961	1.50432679238025	0.3950866152447598	0.35737607947166206	0.011162923263361596	0.29137752540883666	0.33801999241096686	-13426.96259186144	8.10335797747904E306	1.2420755527067118E307	1.0558699483558097E307	5.124107787692792E306	5.543060712309055E305	2	7	1	2	7
250000	-23386.849194044436	-7111.1105523086835	-16275.738641735754	-7111.1105523086835	7.624604963424997E306	3.4942574837631634E307	0.49352161177216713	0.6603384151632469	0.8353347924564961	1.50432679238025	0.6603384151632469	0.8353347924564961	1.50432679238025	0.2988669699051674	0.008295936172198665	7.679001710868835E-6	0.3320131431527608	0.00846518703035275	-13441.339032699476	2.383814471946412E307	6.940229037693816E306	6.997683543889251E306	4.7557255021208986E306	2.995273560324768E306	2	12	2	1	2
251000	-23388.26716369885	-7111.1105523086835	-16277.156611390164	-7111.1105523086835	1.2548987655912166E307	8.63234012338247E307	0.49352161177216713	0.6603384151632469	0.8353347924564961	1.50432679238025	0.6603384151632469	0.8353347924564961	1.50432679238025	0.23234530616987056	0.010415648443034692	3.46626818017014E-6	0.17486250795429478	0.0107986510421957	-13461.488442790942	2.912762525271246E307	1.8581318177548464E307	2.0855594545387723E307	6.122677569464169E306	4.7336054730469757E306	5	5	6	1	2
252000	-23385.883941240314	-7111.1105523086835	-16274.773388931631	-7111.1105523086835	5.243976432477133E307	Infinity	0.49352161177216713	0.6603384151632469	0.8353347924564961	1.50432679238025	0.6603384151632469	0.8353347924564961	1.50432679238025	0.1298747294539691	0.0	2.7364617479027823E-6	0.11787879292117859	0.014048895212101335	-13470.924457136845	5.674351534634704E307	1.1845863634581076E307	1.909721714442526E307	1.6931048210841993E307	2.1426757504634844E307	9	4	3	1	2
253000	-23391.012059563163	-7111.1105523086835	-16279.90150725448	-7111.1105523086835	1.0652392816449478E308	Infinity	0.49352161177216713	0.6603384151632469	0.8353347924564961	1.50432679238025	0.6603384151632469	0.8353347924564961	1.50432679238025	0.08525202312683242	0.0	2.835098136167693E-9	0.08019528695584754	6.517905498872014E-4	-13489.433874957514	1.2637365642247834E308	4.527736755718607E307	1.504487124795608E307	1.8652850770147073E307	3.5231097319139266E307	11	2	1	1	4
254000	-25668.742518233543	-9340.873907928008	-16327.868610305537	-9340.873907928008	6.879666101563586E307	Infinity	0.11447817357403725	0.7173534300459046	0.7783197775738384	1.50432679238025	0.7173534300459046	0.7783197775738384	1.50432679238025	0.4314549233100191	0.0	2.1851509718882578E-8	0.4643152288775988	3.2727150569630413E-4	-13472.857228432293	3.8605343901433457E307	4.265210689539889E307	1.8900690448101028E307	7.374131361742489E307	2.6310154573704314E307	2	5	5	3	4
255000	-25644.62826177524	-9340.873907928008	-16303.754353847233	-9340.873907928008	1.6889582463602496E308	Infinity	0.11447817357403725	0.7173534300459046	0.7783197775738384	1.50432679238025	0.7173534300459046	0.7783197775738384	1.50432679238025	0.2667269959768569	0.0	3.400122446971513E-7	0.25700462265010604	0.0021819871058750494	-13472.728535866858	2.1173584094595408E307	1.871056032231289E307	2.1507360339269274E307	3.906088837343975E307	4.4586365645814115E307	4	5	1	3	6
256000	-22753.011894627074	-6465.676427193273	-16287.335467433799	-6465.676427193273	1.3608962670367592E308	Infinity	0.9795172366511752	0.7173534300459046	0.7783197775738384	1.50432679238025	0.7173534300459046	0.7783197775738384	1.50432679238025	0.11643734646075851	0.0	1.22575612496771E-9	0.11809899076823085	3.03418273466067E-4	-13485.880986571836	4.889267874792871E307	4.565277730638524E307	5.616957259419995E307	3.649251628212632E307	5.067251704362267E307	1	3	3	1	11
257000	-22743.787406983844	-6465.676427193273	-16278.110979790572	-6465.676427193273	2.505391296635238E307	1.7624326431691885E308	0.9795172366511752	0.7173534300459046	0.7783197775738384	1.50432679238025	0.7173534300459046	0.7783197775738384	1.50432679238025	0.11879862131463556	7.646572873352873E-4	9.297391343843439E-9	0.12275059258234472	7.993064750162754E-4	-13474.655168918149	1.1391449372057054E308	6.936414927885249E307	3.530200084435085E307	3.558001660204366E307	1.6250982216318685E307	5	6	3	1	4
258000	-22743.838340582977	-6465.676427193273	-16278.161913389704	-6465.676427193273	2.2051633924083372E307	1.0564959457035166E308	0.9795172366511752	0.7173534300459046	0.7783197775738384	1.50432679238025	0.7173534300459046	0.7783197775738384	1.50432679238025	0.14871577238835593	4.86715553892382E-4	8.091879991175709E-9	0.18488487017381003	4.83235389438915E-4	-13461.348316762205	1.9282937095422092E307	1.5522058099420721E307	1.176705215936769E307	1.3799948144539033E307	9.943866433318459E306	2	6	6	4	1
259000	-22745.1905019709	-6465.676427193273	-16279.514074777628	-6465.676427193273	1.4504901333976808E307	9.017993332574916E307	0.9795172366511752	0.7173534300459046	0.7783197775738384	1.50432679238025	0.7173534300459046	0.7783197775738384	1.50432679238025	0.1994555341586459	0.0016052609079098027	9.164663158248755E-8	0.18533456897085426	0.0016116973340859425	-13462.19855287722	6.662070570655352E307	3.4929501380723E307	1.176705215936769E307	7.680955131828739E306	4.3879641981392753E306	3	4	6	5	1
260000	-22780.894353583095	-6465.676427193273	-16315.217926389822	-6465.676427193273	7.544278887141029E307	Infinity	0.9795172366511752	0.7173534300459046	0.7783197775738384	1.50432679238025	0.7173534300459046	0.7783197775738384	1.50432679238025	0.504131561942277	0.0	9.795733392904182E-8	0.4855039405222723	6.635981784900486E-4	-13463.69144212881	5.704837065516541E307	4.1203662128762256E307	1.598268189639251E307	1.8840375891236293E307	3.0763920069638357E307	1	7	8	1	2
261000	-22733.201812410734	-6465.676427193273	-16267.525385217463	-6465.676427193273	3.1884418956112743E307	1.3735192122695826E308	0.9795172366511752	0.7173534300459046	0.7783197775738384	1.50432679238025	0.7173534300459046	0.7783197775738384	1.50432679238025	0.10866730142724194	8.399585602087628E-4	9.347869839670673E-9	0.11344194650124428	8.723038627875457E-4	-13467.112549496029	7.460882885931435E307	3.0762758175716067E307	1.6620227604742885E307	1.7137098988902877E307	3.247091825391148E307	1	8	1	8	1
262000	-22790.95220609026	-6465.676427193273	-16325.275778896988	-6465.676427193273	4.0951494327045135E307	Infinity	0.9795172366511752	0.7173534300459046	0.7783197775738384	1.50432679238025	0.7173534300459046	0.7783197775738384	1.50432679238025	0.2914169363759054	0.0	1.959228830767523E-8	0.3319059916735384	4.0529330089651716E-4	-13482.608431595254	1.762049858803159E308	1.101104086265554E308	1.4456308983697373E308	6.214592163719803E307	2.0855380905519504E307	1	1	9	1	7
263000	-22794.496678054278	-6465.676427193273	-16328.820250861005	-6465.676427193273	1.2385423661958192E308	Infinity	0.9795172366511752	0.7173534300459046	0.7783197775738384	1.50432679238025	0.7173534300459046	0.7783197775738384	1.50432679238025	0.2530808108863592	0.0	2.914895532570929E-11	0.25836029747943406	2.1206727654371423E-5	-13498.62086473762	9.468024511291717E307	4.146295088999793E307	9.335759819688787E307	7.209724306941696E307	1.7102588088453758E308	4	2	7	2	4
264000	-22817.994240420332	-6465.676427193273	-16352.31781322706	-6465.676427193273	1.5043640201895129E308	Infinity	0.9795172366511752	0.7173534300459046	0.7783197775738384	1.50432679238025	0.7173534300459046	0.7783197775738384	1.50432679238025	0.4093564753783374	0.0	8.347656031827851E-9	0.49045074811204986	1.7589752309148045E-4	-13494.81256900749	9.730549838400779E307	1.0608855591884862E308	1.0473218871015127E308	1.6953434151188367E308	1.1980632685745697E308	5	2	6	2	4
265000	-22755.122018898677	-6465.676427193273	-16289.445591705406	-6465.676427193273	1.255061107340412E308	Infinity	0.9795172366511752	0.7173534300459046	0.7783197775738384	1.50432679238025	0.7173534300459046	0.7783197775738384	1.50432679238025	0.0839712201971679	0.0	5.814190530384855E-7	0.08297457972898722	0.00897224566747178	-13489.834338784147	7.670402878183798E307	4.767238592000376E307	8.397081889386378E307	1.581772002411867E308	5.021062945135417E307	5	3	5	2	4
266000	-22716.92706998504	-6465.676427193273	-16251.250642791765	-6465.676427193273	3.402714370660893E307	1.265964000705708E308	0.9795172366511752	0.7173534300459046	0.7783197775738384	1.50432679238025	0.7173534300459046	0.7783197775738384	1.50432679238025	0.09982014806994677	0.0010449161246011026	8.644194412702328E-9	0.08903508481657697	0.0010508764220651563	-13459.938687552602	2.4106673901575837E307	3.19145629991109E307	1.82674702992677E307	2.497378639342222E307	1.5039151893933802E307	6	4	4	2	3
267000	-23198.909642409988	-6900.016921674763	-16298.892720735224	-6900.016921674763	3.977857879066011E307	1.6728034146609962E308	0.5724595748639602	0.5086418076287209	0.9870313999910221	1.50432679238025	0.5086418076287209	0.9870313999910221	1.50432679238025	0.34486268554368216	2.9738112480536365E-5	9.652799011634156E-11	0.316101634017349	3.232642739920701E-5	-13466.108424676351	4.333139093266415E307	1.2815693662195427E307	1.6413415777044178E307	1.4361372862203702E307	1.6772613792316135E307	7	5	1	2	4
268000	-23188.925639189503	-6900.016921674772	-16288.90871751473	-6900.016921674772	2.5534329742669277E307	1.2381712534663232E308	0.5724595748639602	0.7263743687516632	0.9870313999910221	1.2865942312573078	0.7263743687516632	0.9870313999910221	1.2865942312573078	0.1765242305165493	1.2639406967168409E-5	6.508840906559549E-12	0.21379699953503944	1.2170591488879277E-5	-13465.434040669632	3.33638053137519E307	3.237637746669108E307	1.8384257127837861E307	2.2105082888804859E307	2.350771717445157E307	2	7	2	4	4
269000	-23191.462399379172	-6900.01692167477	-16291.445477704403	-6900.01692167477	4.769460247782554E307	Infinity	0.5724595748639602	0.7263743687516632	0.9870313999910221	1.2865942312573078	0.7263743687516632	0.9870313999910221	1.2865942312573078	0.1848628842611063	0.0	1.2536916869273135E-9	0.16994922007487567	2.0903661082964867E-4	-13476.505989209722	3.0045135706081904E307	2.5480051146296533E307	2.8319942018632657E307	6.501330567211646E307	3.6276922806852237E307	9	1	1	4	4
270000	-23162.76328049805	-6900.016921674774	-16262.746358823277	-6900.016921674774	1.6305543084557244E307	6.544020525648967E307	0.5724595748639602	0.7263743687516632	0.9870313999910221	1.2865942312573078	0.7263743687516632	0.9870313999910221	1.2865942312573078	0.23498061715757712	3.029571901652913E-4	3.1217797043948357E-9	0.1942558617393596	2.9538144403058E-4	-13445.55599776232	6.64334405107448E306	1.0628310589877081E307	2.4924199856701944E307	1.5099587209894996E307	9.663918921342551E306	9	1	1	4	4
271000	-23181.24383681497	-6900.016921674774	-16281.226915140196	-6900.016921674774	1.425713644238329E307	1.4250596920199088E308	0.5724595748639602	0.7263743687516632	0.9870313999910221	1.2865942312573078	0.7263743687516632	0.9870313999910221	1.2865942312573078	0.13469632195765505	6.633699679157831E-4	7.903692289749218E-9	0.1334934686568982	6.576259881093006E-4	-13473.069614774971	8.826461405414436E307	4.126502227929186E307	8.480057312749123E307	2.1990649184186953E307	1.6861240938021813E307	4	6	1	4	4
272000	-23231.618046139134	-6900.016921674774	-16331.601124464361	-6900.016921674774	4.591404785840049E307	Infinity	0.5724595748639602	0.7263743687516632	0.9870313999910221	1.2865942312573078	0.7263743687516632	0.9870313999910221	1.2865942312573078	0.2974109589462109	0.0	4.873427347375249E-7	0.3755517097217676	0.0017913759921940366	-13486.78185827938	1.4050691730323416E308	1.3114527594454802E308	5.509881562077583E307	5.337394415475601E307	3.573245486832896E307	3	4	4	1	7
273000	-23229.811962986674	-6900.016921674774	-16329.7950413119	-6900.016921674774	6.057205204001188E307	Infinity	0.5724595748639602	0.7263743687516632	0.9870313999910221	1.2865942312573078	0.7263743687516632	0.9870313999910221	1.2865942312573078	0.2522004162905307	0.0	0.010135278583225896	0.2787771695693743	0.3602860869365114	-13487.555992323292	1.115111929812657E308	1.4226875969291555E308	6.647892679205198E307	6.50563500206415E307	3.847007001589962E307	1	6	6	2	4
274000	-23241.930075414693	-6900.016921674774	-16341.91315373992	-6900.016921674774	8.753444564171204E307	Infinity	0.5724595748639602	0.7263743687516632	0.9870313999910221	1.2865942312573078	0.7263743687516632	0.9870313999910221	1.2865942312573078	0.31299781441054836	NaN	0.01801348957847574	0.3080961140798824	0.41059987548141647	-13493.374094217268	1.2456659428128544E308	8.782421008778813E307	7.389535246742005E307	4.933501293519595E307	5.373561164504021E307	1	9	1	1	7
275000	-23223.442513398797	-6900.016921674774	-16323.425591724023	-6900.016921674774	8.471971366941339E307	Infinity	0.5724595748639602	0.7263743687516632	0.9870313999910221	1.2865942312573078	0.7263743687516632	0.9870313999910221	1.2865942312573078	0.201103839534782	NaN	0.016537521249134206	0.18677576427809686	0.6761180417534699	-13493.00174800077	1.4586685306886793E308	1.115629509586762E308	7.00607944939702E307	9.574256373824074E307	8.4378940264552E307	5	2	2	9	1
276000	-23212.709328513236	-6900.016921674775	-16312.692406838461	-6900.016921674775	4.4412685424983166E307	Infinity	0.5724595748639602	0.5353071826456799	0.9870313999910221	1.477661417363291	0.5353071826456799	0.9870313999910221	1.477661417363291	0.3066403360700683	NaN	0.10787092836149485	0.28197101249581813	1.2426580262269935	-13476.270142404124	8.26590731737947E307	7.037060971141552E307	3.0273764883478826E307	1.9795139066143726E307	8.114371392404814E306	5	2	2	9	1
277000	-23159.65426190721	-6900.016921674775	-16259.637340232435	-6900.016921674775	9.919958159080354E306	1.0083648496699009E308	0.5724595748639602	0.5353071826456799	0.9870313999910221	1.477661417363291	0.5353071826456799	0.9870313999910221	1.477661417363291	0.09989213945003171	Infinity	0.0479597704712854	0.0945151315408756	2.2763008246169214	-13460.349888482215	8.443867653362113E307	4.0209066263894213E307	1.9704290948468205E307	5.50111470196659E306	2.2876760060360595E306	5	2	2	5	5
278000	-23178.34120773006	-6900.01692167477	-16278.32428605529	-6900.01692167477	1.6519174249454807E307	1.7345344621814832E308	0.5724595748639602	0.5353071826456799	0.92457305304459	1.5401197643097229	0.5353071826456799	0.92457305304459	1.5401197643097229	0.09990375023844628	0.5432893875876016	0.0028576791325956906	0.09617040167254529	0.5259674645652741	-13470.080422793182	1.2272566465940133E308	3.3083454116869403E307	3.579452260208333E307	3.0586297786314183E307	8.830245538790844E306	5	2	2	5	5
279000	-23229.041155946587	-6900.01692167477	-16329.024234271816	-6900.01692167477	3.3208648465845243E307	Infinity	0.5724595748639602	0.5353071826456799	0.92457305304459	1.5401197643097229	0.5353071826456799	0.92457305304459	1.5401197643097229	0.35692099515824927	NaN	1.0984198488826002	0.30863111504328944	3.420671849256906	-13482.219952893525	1.7118911370996191E308	1.0241662427540063E308	8.58323207249958E307	2.9383344934685263E307	7.821068042782564E306	5	2	2	5	5
280000	-23210.38072964222	-6900.01692167477	-16310.36380796745	-6900.01692167477	2.2115550864825714E307	1.4836123776349545E308	0.5724595748639602	0.5353071826456799	0.92457305304459	1.5401197643097229	0.5353071826456799	0.92457305304459	1.5401197643097229	0.27725054705606156	Infinity	0.6482827381317936	0.2600472121954991	2.962533242409859	-13469.769783446445	6.961006467725321E307	5.272285227150972E307	2.7827938659571373E307	3.280456746082327E307	1.2451685911455432E307	5	2	2	3	7
281000	-23225.00614131056	-6900.01692167477	-16324.989219635792	-6900.01692167477	2.0182573978958837E307	1.3763270829037064E308	0.5724595748639602	0.5353071826456799	0.92457305304459	1.5401197643097229	0.5353071826456799	0.92457305304459	1.5401197643097229	0.34233494724309443	0.9816712674751717	0.14805952646603748	0.4026257650393232	0.9827503994980009	-13470.186060140795	2.856573614211442E307	9.338580128843223E307	5.096403502392389E307	3.801599034055685E307	3.426877031744309E307	5	1	3	1	9
282000	-23156.96364492429	-6900.01692167477	-16256.946723249519	-6900.01692167477	8.01270269097624E306	7.642520598169321E307	0.5724595748639602	0.5353071826456799	0.92457305304459	1.5401197643097229	0.5353071826456799	0.92457305304459	1.5401197643097229	0.09307036386021925	Infinity	0.06867322257201536	0.08974483767725037	2.8629925341822915	-13459.787176541486	4.992017537031887E307	3.2945449991231893E307	1.198690739382267E307	5.639652056197148E306	6.320941920319943E306	2	4	10	1	2
283000	-23193.73715254512	-6900.01692167477	-16293.72023087035	-6900.01692167477	2.3644358389717276E307	1.0899738655073728E308	0.5724595748639602	0.5353071826456799	0.92457305304459	1.5401197643097229	0.5353071826456799	0.92457305304459	1.5401197643097229	0.2352932063947986	0.8384787993417252	0.03473089174339954	0.21912625656029097	0.8262797666089607	-13462.985932756725	3.508776805537217E307	2.5412092751686197E307	1.6145235710100142E307	2.4908563135551477E307	8.970011388980048E306	7	4	5	1	2
284000	-23186.87122313667	-6900.01692167477	-16286.8543014619	-6900.01692167477	5.744690235255381E306	3.666168261283553E307	0.5724595748639602	0.5353071826456799	0.92457305304459	1.5401197643097229	0.5353071826456799	0.92457305304459	1.5401197643097229	0.32745577806710385	3.3554747072083226	1.8327534382042205	0.3921023543400678	3.472073086614445	-13444.87172252964	1.0696716907710213E307	1.415566483642577E307	8.115757859754612E306	4.8956945917272306E306	6.661170506923527E306	1	4	5	8	1
285000	-23189.335425341156	-6900.01692167477	-16289.318503666385	-6900.01692167477	1.329573970007587E307	6.683362364498901E307	0.5724595748639602	0.5353071826456799	0.92457305304459	1.5401197643097229	0.5353071826456799	0.92457305304459	1.5401197643097229	0.23518526942410764	Infinity	0.6401838921506738	0.24662639083214202	3.2343347503428617	-13457.431475458647	6.689303671403333E307	1.5533666720213034E307	9.035332387945781E306	7.702003753078195E306	8.209286532272619E306	1	4	5	8	1
286000	-23174.24368238202	-6900.01692167477	-16274.22676070725	-6900.01692167477	1.0513984555318963E307	9.427030794468833E307	0.5724595748639602	0.5353071826456799	0.92457305304459	1.5401197643097229	0.5353071826456799	0.92457305304459	1.5401197643097229	0.1180794647051567	Infinity	0.08385971192263707	0.12205609436540472	2.3259016390225704	-13466.383505683369	3.763124894901192E307	2.076368373690154E307	1.2671735382771188E307	1.0068193561354183E307	7.036917001298624E306	4	5	7	2	1
287000	-23239.9640221161	-6900.01692167477	-16339.94710044133	-6900.01692167477	6.016407232701694E307	Infinity	0.5724595748639602	0.5353071826456799	0.92457305304459	1.5401197643097229	0.5353071826456799	0.92457305304459	1.5401197643097229	0.4042111356753792	NaN	0.3805188588253508	0.5069059363194657	1.1502602577214698	-13478.089091085274	1.0572816362036585E308	4.540913244916913E307	3.8994654008773375E307	2.87398941927125E307	2.4036600394510043E307	4	3	1	2	9
288000	-23209.059160488567	-6900.01692167477	-16309.042238813796	-6900.01692167477	4.586094903014388E307	Infinity	0.5724595748639602	0.5353071826456799	0.92457305304459	1.5401197643097229	0.5353071826456799	0.92457305304459	1.5401197643097229	0.25433543633402417	0.0	3.382232345452356E-5	0.2338514128952854	0.025691328610161303	-13479.933654095572	3.465029221960104E307	1.427354146321753E307	2.523161224471036E307	2.87398941927125E307	3.810201292230638E307	2	6	1	8	2
289000	-23176.529411613163	-6900.01692167477	-16276.512489938394	-6900.01692167477	2.030642954616539E307	1.0875711687737251E308	0.5724595748639602	0.5353071826456799	0.92457305304459	1.5401197643097229	0.5353071826456799	0.92457305304459	1.5401197643097229	0.1629900394894328	0.035273474231416295	2.2898774526921396E-5	0.13978744284942562	0.032685588398735525	-13462.036550236648	7.070797218910541E307	1.1610163063376315E307	1.759442806115844E307	1.1796069563128158E307	8.414622381951741E306	2	4	8	2	3
290000	-23216.928278722116	-6900.01692167477	-16316.911357047347	-6900.01692167477	3.3945036464756897E307	Infinity	0.5724595748639602	0.5353071826456799	0.92457305304459	1.5401197643097229	0.5353071826456799	0.92457305304459	1.5401197643097229	0.26595372149869	0.0	1.364249076711356E-6	0.3121505348023196	0.0036946063719753234	-13480.039696147933	6.981686398851886E307	6.408214614343982E307	3.8453989484277933E307	1.5297377748261663E307	2.56758774473912E307	7	1	3	2	6
291000	-23185.12748537112	-6900.01692167477	-16285.110563696348	-6900.01692167477	4.684306433160198E307	1.75008254517702E308	0.5724595748639602	0.5353071826456799	0.92457305304459	1.5401197643097229	0.5353071826456799	0.92457305304459	1.5401197643097229	0.17669648328042706	0.007376976992201924	1.6405739849747273E-6	0.17197425107201436	0.007552173804303198	-13469.525177651325	3.259339929536232E307	3.673920184861695E307	4.298337518597389E307	1.8283775572646533E307	1.6650908595828075E307	8	1	2	2	6
292000	-23228.730609582388	-6900.01692167477	-16328.713687907617	-6900.01692167477	7.178858246297006E307	Infinity	0.5724595748639602	0.5353071826456799	0.92457305304459	1.5401197643097229	0.5353071826456799	0.92457305304459	1.5401197643097229	0.33505599711325457	NaN	0.19727953125086017	0.4353940208949879	1.0292857098181594	-13477.460028926193	9.531937107749902E307	6.031669906678372E307	6.173053553564998E307	5.746092933385309E307	2.0739833013516278E307	8	1	3	3	4
293000	-23210.989395842047	-6900.01692167477	-16310.972474167276	-6900.01692167477	2.8436232035744237E307	1.6551060795707155E308	0.5724595748639602	0.5353071826456799	0.92457305304459	1.5401197643097229	0.5353071826456799	0.92457305304459	1.5401197643097229	0.23165134650676167	1.0070640467478533	0.06486090913223867	0.2558504396718653	0.9407874215045846	-13472.444049436486	1.3020436926838076E308	1.171260356618117E308	5.148415373735242E307	3.205028136507302E307	2.0420810427826033E307	2	1	3	4	9
294000	-23199.717289530887	-6900.01692167477	-16299.700367856116	-6900.01692167477	3.7985756412893497E307	Infinity	0.5724595748639602	0.5353071826456799	0.92457305304459	1.5401197643097229	0.5353071826456799	0.92457305304459	1.5401197643097229	0.18298944976389947	NaN	0.01363859869542709	0.14806906537979586	0.7967728998585055	-13480.851866559988	5.724075775982589E307	9.77743744669186E307	3.764390932807594E307	4.214659465621214E307	2.2091154984180057E307	2	1	2	5	9
295000	-23194.174779860867	-6900.016921674774	-16294.157858186092	-6900.016921674774	2.1003604115330555E307	1.1222632199380043E308	0.5724595748639602	0.42629150183454423	1.0335887338557257	1.5401197643097229	0.42629150183454423	1.0335887338557257	1.5401197643097229	0.22246052169335803	0.2330203410868154	0.0032911690690615126	0.23601367666880058	0.2484066540753952	-13464.937671684851	2.2818366600869183E307	1.288068303943937E307	2.12181114306235E307	2.4060543113289674E307	1.0612302593646957E307	2	6	1	8	2
296000	-23179.347047885625	-6900.016921674772	-16279.330126210854	-6900.016921674772	2.467313440742478E307	Infinity	0.5724595748639602	0.42629150183454423	1.0335887338557257	1.5401197643097229	0.42629150183454423	1.0335887338557257	1.5401197643097229	0.12986766119042803	0.0	0.0017357522805549568	0.11070748384172965	0.3743634182779887	-13473.859119894481	3.227191268817167E307	4.572818141139192E307	5.426433875253766E307	1.6043453275148354E307	6.712741357757002E306	2	1	12	2	2
297000	-23199.368142345025	-6900.016921674774	-16299.35122067025	-6900.016921674774	1.895758456310982E307	9.453765596467487E307	0.5724595748639602	0.42629150183454423	1.1707013069077339	1.4030071912577147	0.42629150183454423	1.1707013069077339	1.4030071912577147	0.32092856691096106	0.22720868272044453	0.005892549779129429	0.3251670965587178	0.24230258837949636	-13456.50125087755	2.834753101705164E307	1.7091901245005818E307	1.941027736718889E307	7.419227825020533E306	2.960204188947844E307	2	1	5	6	5
298000	-23193.61543877528	-6900.016921674772	-16293.598517100509	-6900.016921674772	1.8103002862839063E307	9.755845098356247E307	0.5724595748639602	0.42629150183454423	1.3501148223803157	1.223593675785133	0.42629150183454423	1.3501148223803157	1.223593675785133	0.22580911500831513	0.00933686349217006	6.473297215135021E-6	0.263009387790682	0.009667847296770225	-13462.31632195073	4.4395723411885016E307	4.551632657241405E307	2.9433444203236114E307	2.7423204932198644E307	1.408824577461718E307	2	1	2	5	9
299000	-23218.004376430545	-6900.016921674772	-16317.987454755772	-6900.016921674772	5.525553049806639E307	Infinity	0.5724595748639602	0.42629150183454423	1.3501148223803157	1.223593675785133	0.42629150183454423	1.3501148223803157	1.223593675785133	0.21379496302163276	0.0	3.520057073777454E-5	0.2601163537414434	0.02275635738901002	-13483.342980670543	1.1645604346975999E308	3.8738640229394813E307	1.9686312209402732E307	3.147947200051957E307	8.309523790596218E307	5	4	2	2	6
300000	-23191.821270247725	-6900.016921674775	-16291.804348572949	-6900.016921674775	1.5067764060005021E307	1.2462797298932817E308	0.5724595748639602	0.29636970172100574	1.4800366224938541	1.223593675785133	0.29636970172100574	1.4800366224938541	1.223593675785133	0.16591316081129948	Infinity	0.6037591667171378	0.15404694443562236	5.0900991402728275	-13471.321285191158	1.4614736883955137E308	7.965475633144297E307	5.790122558539629E307	2.0490169131469223E307	1.3979532378576873E307	4	1	2	2	10
301000	-23176.762457002522	-6900.016921674775	-16276.745535327746	-6900.016921674775	1.1991257543589412E307	7.781949760093938E307	0.5724595748639602	0.29636970172100574	1.4800366224938541	1.223593675785133	0.29636970172100574	1.4800366224938541	1.223593675785133	0.1833996453616712	Infinity	3.193686718240407	0.18136964038531367	9.836558310399196	-13453.286091347092	1.5347605080853797E308	5.114810236743166E307	2.369869422281541E307	1.163212927641655E307	8.850124504107565E306	2	1	2	4	10
302000	-23217.499107831452	-6900.016921674775	-16317.482186156678	-6900.016921674775	1.5226196378943109E307	1.2135669569426825E308	0.5724595748639602	0.29636970172100574	1.4800366224938541	1.223593675785133	0.29636970172100574	1.4800366224938541	1.223593675785133	0.411361516757323	Infinity	0.6064542540805641	0.36960053185080444	2.0578765910109373	-13464.563215501154	1.5078031785026963E308	3.8580191864405523E307	4.1814884466461013E307	1.3612035283145622E307	6.309824955304545E306	2	1	4	1	11
303000	-23217.55298639862	-6900.016921674775	-16317.536064723843	-6900.016921674775	2.461636586548402E307	1.7274256435478206E308	0.5724595748639602	0.29636970172100574	1.4800366224938541	1.223593675785133	0.29636970172100574	1.4800366224938541	1.223593675785133	0.3338511601052083	Infinity	0.17122887520655694	0.3335945197477987	1.2524177361805922	-13469.45885561292	1.120036455707185E308	6.770813937319598E307	5.251752593310411E307	1.2122330053108492E307	1.3212675608737676E307	2	1	5	1	10
304000	-23252.119833086374	-6900.016921674761	-16352.102911411614	-6900.016921674761	9.92937298303145E307	Infinity	0.5724595748639602	0.29636970172100574	1.3691911430650359	1.3344391552139512	0.29636970172100574	1.3691911430650359	1.3344391552139512	0.4665172477143381	0.0	0.02750210098909093	0.6590381225116442	0.23515378722339775	-13480.925099555992	1.7325284700279575E308	9.270864340092729E307	8.850683776070658E307	2.50810785376922E307	2.9442859310535067E307	2	4	2	1	10
305000	-23257.350854991622	-6900.016921674763	-16357.333933316859	-6900.016921674763	5.417114637816306E307	Infinity	0.5724595748639602	0.4232520051069577	1.242308839679084	1.3344391552139512	0.4232520051069577	1.242308839679084	1.3344391552139512	0.630567081825949	0.0	0.07107711648628494	0.5381858133977724	0.47069165171045246	-13485.817455228898	1.011813873690618E308	4.737962312670509E307	4.963421891086642E307	6.01136813295071E307	5.331215291575156E307	2	4	2	1	10
306000	-23209.738814770848	-6900.016921674763	-16309.721893096086	-6900.016921674763	1.4774701172285538E307	1.1680817309486464E308	0.5724595748639602	0.4232520051069577	1.242308839679084	1.3344391552139512	0.4232520051069577	1.242308839679084	1.3344391552139512	0.4014819762546019	0.13987244662858667	0.002900645941357344	0.3468913706345554	0.15769505543553367	-13462.439171887896	1.271195308064282E308	9.018595348520318E307	2.0202578626363551E307	8.552187726508759E306	3.0927830498087255E306	2	2	12	1	2
307000	-23164.44558571576	-6900.016921674763	-16264.428664040995	-6900.016921674763	2.2027589728933505E307	7.752972515652827E307	0.5724595748639602	0.4232520051069577	1.242308839679084	1.3344391552139512	0.4232520051069577	1.242308839679084	1.3344391552139512	0.1497158520500545	0.04114448163041214	3.355001827894326E-5	0.14076824049087605	0.04249256735413061	-13455.405765052621	1.3461602793387564E308	3.4478962282025153E307	1.6119372380425003E307	1.127813830101082E307	1.1213680808826335E307	2	2	1	11	3
308000	-23206.545712893178	-6900.016921674763	-16306.528791218414	-6900.016921674763	3.5613118357257607E307	1.6576240425931425E308	0.5724595748639602	0.4232520051069577	1.242308839679084	1.3344391552139512	0.4232520051069577	1.242308839679084	1.3344391552139512	0.21188834206214	0.2445053644302034	0.00392356817779684	0.2373471077143758	0.2618424314864183	-13470.887036602355	4.620208531537243E307	3.1126280810596706E307	3.7361105131840195E307	7.84383933972063E307	5.157273699642152E307	4	2	9	1	3
309000	-23201.96065852045	-6900.016921674772	-16301.943736845677	-6900.016921674772	5.386691602349281E307	Infinity	0.5724595748639602	0.4232520051069577	1.372553012253524	1.204194982639511	0.4232520051069577	1.372553012253524	1.204194982639511	0.16963961699984537	0.0	0.0010050875072918795	0.19681859716723052	0.15573520450122721	-13475.307112405073	7.006840755861494E307	4.775520665760477E307	2.692703173650015E307	3.9028683770343074E307	2.7119163543443683E307	4	2	6	4	3
310000	-23226.630727877742	-6900.016921674772	-16326.613806202971	-6900.016921674772	6.479890817738065E307	Infinity	0.5724595748639602	0.4232520051069577	1.372553012253524	1.204194982639511	0.4232520051069577	1.372553012253524	1.204194982639511	0.27545613709221795	NaN	0.31129179515457306	0.2463260905594657	2.2074076616058504	-13484.827954845246	7.443841779858949E307	5.282373226784386E307	1.1120176245096769E308	1.3575699970379093E308	9.55937487004018E307	4	10	2	1	2
311000	-23201.24477073573	-6900.016921674772	-16301.227849060959	-6900.016921674772	5.553123149969743E307	Infinity	0.5724595748639602	0.4232520051069577	1.372553012253524	1.204194982639511	0.4232520051069577	1.372553012253524	1.204194982639511	0.15116001450912492	0.0	0.0033441913006809466	0.16472107087326193	0.3595122405105232	-13482.099341421614	1.485971402973047E308	7.04743417455591E307	3.8794850764234105E307	1.9402758940635598E307	1.6977593762533837E307	2	11	2	1	3
312000	-23163.57238451365	-6900.016921674772	-16263.555462838878	-6900.016921674772	3.284974902664438E307	1.0779349442411704E308	0.5724595748639602	0.4232520051069577	1.372553012253524	1.204194982639511	0.4232520051069577	1.372553012253524	1.204194982639511	0.1500001410857053	0.21707445599676395	6.680485953972266E-4	0.11723581837173391	0.22648804117213814	-13456.707650180035	2.921786955450634E307	1.288062316153551E307	2.5943079583570453E307	1.5580631712607741E307	2.096719952820144E307	2	3	4	5	5
313000	-23209.12930721545	-6900.016921674772	-16309.11238554068	-6900.016921674772	1.6970873761057067E307	Infinity	0.5724595748639602	0.4232520051069577	1.372553012253524	1.204194982639511	0.4232520051069577	1.372553012253524	1.204194982639511	0.31470223666913677	0.0	1.1741721368733981E-4	0.29928941775224477	0.038213183162357396	-13470.602197173332	1.2698045180372527E308	8.561599682841354E307	4.710678355716334E307	1.458745351151977E307	5.395025109352877E306	2	5	5	2	5
314000	-23215.049024142794	-6900.016921674772	-16315.032102468023	-6900.016921674772	4.00730887197311E307	Infinity	0.5724595748639602	0.4232520051069577	1.372553012253524	1.204194982639511	0.4232520051069577	1.372553012253524	1.204194982639511	0.24198935391396764	0.0	5.971373486206822E-5	0.24766630157225286	0.030641883679879304	-13482.489636013668	1.2698045180372527E308	4.203410859895067E307	2.9957212837069766E307	3.478344111235467E307	3.108014709262956E307	3	2	4	4	6
315000	-23191.02321886115	-6900.016921674772	-16291.006297186379	-6900.016921674772	3.13931160933511E307	1.7011326720688999E308	0.5724595748639602	0.4232520051069577	1.372553012253524	1.204194982639511	0.4232520051069577	1.372553012253524	1.204194982639511	0.16627727279916457	0.14842508129357523	6.804864871608121E-4	0.17799043600797615	0.1465408366963022	-13470.609200068566	6.363616988384711E307	6.349750834916764E307	3.109348777735584E307	1.6713023335581956E307	1.848052329455233E307	3	1	4	4	7
316000	-23168.819509968867	-6900.016921674766	-16268.802588294102	-6900.016921674766	1.9450014279544237E307	1.4116587337903145E308	0.5724595748639602	0.23041564841124654	1.5653893689492353	1.204194982639511	0.23041564841124654	1.5653893689492353	1.204194982639511	0.09098197381580231	0.7506264422924203	0.0047472876742618055	0.09296976932278538	0.7442643395431742	-13466.594877029836	8.175159090539473E307	6.952519262224305E307	4.05640156905406E307	3.9462476037806416E307	4.4054301385340725E306	3	1	3	3	9
317000	-23132.715541545604	-6900.016921674766	-16232.698619870838	-6900.016921674766	2.5297140979554405E306	2.5594055587762837E307	0.5724595748639602	0.23041564841124654	1.5653893689492353	1.204194982639511	0.23041564841124654	1.5653893689492353	1.204194982639511	0.09440429315460877	5.272447083945614	0.29373226912345696	0.10381423874269798	5.223268101262237	-13431.697396644804	2.52943014754493E307	1.533739473305487E307	1.1616914839206996E307	2.5305304605091724E306	2.0428186080670673E306	1	1	4	2	11
318000	-23179.11944118368	-6900.016921674766	-16279.102519508913	-6900.016921674766	5.0121459042101855E306	3.009744486035115E307	0.5724595748639602	0.23041564841124654	1.5653893689492353	1.204194982639511	0.23041564841124654	1.5653893689492353	1.204194982639511	0.3044239727000131	1.8797482264029335	0.5011694444523884	0.3425326296511799	2.00357199898356	-13441.286432984482	2.681135070129391E307	1.2645762988152963E307	1.5098679353162717E307	5.691372901047114E306	4.047320916770495E306	1	2	4	2	10
319000	-23200.87020433208	-6900.016921674766	-16300.853282657314	-6900.016921674766	2.7012771529754397E307	9.951169122786648E307	0.5724595748639602	0.23041564841124654	1.5653893689492353	1.204194982639511	0.23041564841124654	1.5653893689492353	1.204194982639511	0.2724596569732386	0.43618953904524577	0.0143893450082511	0.29028968177477904	0.40226306159827285	-13461.152342330724	9.24229691630429E307	2.969732030543169E307	3.2086265626030453E307	4.794935473859078E307	1.2310165284994262E307	2	2	8	2	5
320000	-23181.955847539688	-6900.016921674766	-16281.93892586492	-6900.016921674766	1.880609896918312E307	1.0328554573497432E308	0.5724595748639602	0.23041564841124654	1.5653893689492353	1.204194982639511	0.23041564841124654	1.5653893689492353	1.204194982639511	0.1362251405439185	0.8436901436455074	0.017722542964166713	0.16121745812941554	0.8087283230062285	-13464.364770101707	3.483639531721714E307	2.666921468456659E307	1.6408268828376109E307	1.9725918913081855E307	1.8106182454688725E307	2	2	6	1	8
321000	-23215.2836205888	-6900.016921674774	-16315.266698914027	-6900.016921674774	3.5567212084041903E307	1.5119491376411672E308	0.5724595748639602	0.11280557516962897	1.682999442190853	1.204194982639511	0.11280557516962897	1.682999442190853	1.204194982639511	0.35259529627891967	Infinity	1.55011617206067	0.44739191556110697	3.0011110796557587	-13468.809618180141	2.9400769467933913E307	1.068611227168223E307	1.7233189739079104E307	1.4870994233188868E307	1.4160606052789273E307	2	4	1	2	10
322000	-23192.984438543936	-6900.016921674775	-16292.96751686916	-6900.016921674775	1.1999790235840792E307	5.040056227852787E307	0.5724595748639602	0.18471402690531097	1.611090990455171	1.204194982639511	0.18471402690531097	1.611090990455171	1.204194982639511	0.38346797478385714	Infinity	3.6194592515801376	0.40888620804899395	4.6521190458596475	-13443.437676723353	1.8297355233055723E307	1.29103495483295E307	3.7327590837463584E306	5.773312597900347E306	6.142640454077033E306	3	3	6	3	4
323000	-24445.105759486996	-8164.966950569212	-16280.138808917785	-8164.966950569212	1.050781813533157E307	4.2343865521290286E307	0.24451081854796802	0.18471402690531097	1.611090990455171	1.204194982639511	0.18471402690531097	1.611090990455171	1.204194982639511	0.27019727113651265	Infinity	2.0332514366494463	0.3156054701375106	4.593323903812201	-13443.80354316876	1.275822985450595E307	6.195272006185238E306	6.742116134431186E306	1.046230464043107E307	7.9620677301915E306	5	1	6	6	1
324000	-24464.998083478982	-8164.966950569212	-16300.031132909771	-8164.966950569212	5.673857367657852E307	Infinity	0.24451081854796802	0.18471402690531097	1.611090990455171	1.204194982639511	0.18471402690531097	1.611090990455171	1.204194982639511	0.16578816294279639	0.0	0.0012684095461842804	0.16253763269342716	0.20234005370590125	-13471.287586941718	5.471610748253857E307	5.796243378422063E307	1.789037436735361E307	5.335384475076823E307	3.4774880095824586E307	5	7	3	3	1
325000	-24500.542628877567	-8164.966950569212	-16335.575678308354	-8164.966950569212	1.2233707191571457E308	Infinity	0.24451081854796802	0.18471402690531097	1.611090990455171	1.204194982639511	0.18471402690531097	1.611090990455171	1.204194982639511	0.2389577972068856	NaN	0.00826281679270553	0.2662301719589227	0.34266523685057415	-13492.702022327916	9.028698745613234E307	5.927446444056692E307	5.337277953359784E307	1.7367027246952477E308	1.1952229591937507E308	11	3	1	3	1
326000	-24513.8570611186	-8164.966950569212	-16348.89011054939	-8164.966950569212	8.610178814283314E307	Infinity	0.24451081854796802	0.18471402690531097	1.611090990455171	1.204194982639511	0.18471402690531097	1.611090990455171	1.204194982639511	0.29423049480488006	NaN	0.2415128929433265	0.4086213280502457	1.1697590655533334	-13499.692445579936	1.1996823115248868E308	8.116922683987955E307	8.26841524065925E307	4.347097883889109E307	2.5629321806217614E307	10	3	1	3	2
327000	-24491.78088540307	-8164.966950569212	-16326.813934833857	-8164.966950569212	7.645869817020336E307	Infinity	0.24451081854796802	0.18471402690531097	1.611090990455171	1.204194982639511	0.18471402690531097	1.611090990455171	1.204194982639511	0.21541690081812345	NaN	0.08007312904681921	0.22952692069155115	1.2399919550809282	-13490.402052143834	9.252989182383302E307	1.4017215170929032E308	6.584634438336202E307	5.373517403641325E307	4.563167220541067E307	11	3	1	1	3
328000	-24473.977468251956	-8164.966950569212	-16309.010517682746	-8164.966950569212	1.400007329436091E307	7.994131246960082E307	0.24451081854796802	0.18471402690531097	1.611090990455171	1.204194982639511	0.18471402690531097	1.611090990455171	1.204194982639511	0.3599146502919503	Infinity	17.526550985034703	0.4371278666738189	9.314388684774235	-13461.428440176549	4.3947319123760686E307	1.4622796219664543E307	1.5161012666699395E307	6.692000471466435E306	5.874063552294424E306	9	4	1	2	3
329000	-24483.24585991714	-8164.966950569212	-16318.278909347928	-8164.966950569212	3.5407906814559024E307	Infinity	0.24451081854796802	0.002049472345134612	1.722487965513557	1.2754625621413014	0.002049472345134612	1.722487965513557	1.2754625621413014	0.3057778604402483	0.0	3.9637445315691635E-4	0.29050908115087265	0.06998614285006383	-13478.30901503847	5.848218657951441E307	1.7505749280639684E307	5.372424918543657E307	3.696146140025522E307	1.24855040058086E307	9	1	1	6	2
330000	-24433.428950846734	-8164.966950569212	-16268.462000277523	-8164.966950569212	1.3986823312619514E307	1.1717088451779974E308	0.24451081854796802	0.13450767109794032	1.5900297667607513	1.2754625621413014	0.13450767109794032	1.5900297667607513	1.2754625621413014	0.13685157904532727	0.19338370047681278	5.388029890401183E-4	0.12093394027966911	0.1953098404524652	-13461.670346803981	5.78071427633371E307	1.122221383686927E307	1.5342825296410543E307	9.788004955875047E306	1.6607343772357518E306	7	3	1	6	2
331000	-24469.143776816654	-8164.966950569212	-16304.176826247442	-8164.966950569212	1.537679007764382E307	6.98532171915327E307	0.24451081854796802	0.13450767109794032	1.5900297667607513	1.2754625621413014	0.13450767109794032	1.5900297667607513	1.2754625621413014	0.439970851032513	1.4786386318350624	0.4293682683679308	0.44248190573871626	1.559214159649284	-13454.31089555414	1.4138322781587596E307	1.1201896159400185E307	1.3646031349077835E307	1.7750471171147203E307	7.477609719897836E306	4	2	1	5	7
332000	-24444.603856961934	-8164.966950569212	-16279.636906392721	-8164.966950569212	5.32429305795744E307	Infinity	0.24451081854796802	0.13450767109794032	1.5900297667607513	1.2754625621413014	0.13450767109794032	1.5900297667607513	1.2754625621413014	0.1297298616595914	0.0	0.009015652385677881	0.14782764708094412	0.641752550018688	-13460.017088448716	5.95876248876387E307	2.0485243696754202E307	4.205973196781472E306	5.110794779066338E306	2.9898034228648995E307	2	3	3	5	6
333000	-26124.19753503966	-9842.125147781355	-16282.072387258306	-9842.125147781355	1.660821722282793E307	8.441128250957207E307	0.08307393098606997	0.13450767109794032	1.5900297667607513	1.2754625621413014	0.13450767109794032	1.5900297667607513	1.2754625621413014	0.2039800324036599	0.9752436815654439	0.037170107330891614	0.18839210193191955	1.1080990027971913	-13459.226098277097	4.777508958745307E307	3.946864203260716E307	3.2328950169674373E307	1.3171784003958643E307	9.6263421132847E306	1	4	1	7	6
334000	-26127.11868064649	-9842.125147781355	-16284.993532865135	-9842.125147781355	1.5667291823048068E307	8.592380159546148E307	0.08307393098606997	0.13450767109794032	1.5900297667607513	1.2754625621413014	0.13450767109794032	1.5900297667607513	1.2754625621413014	0.19279284603132657	0.09241560446935637	3.583413829655112E-4	0.22046348396625529	0.08631463653764672	-13456.716526713986	5.896492730902428E307	2.1216986293230038E307	1.299652698859517E307	2.3859350944999867E306	6.129799028914476E306	2	5	1	1	10
335000	-24134.463051795385	-7853.584603340756	-16280.878448454629	-7853.584603340756	2.722310885998818E307	1.3431619370174267E308	0.29980660011315824	0.13450767109794032	1.5900297667607513	1.2754625621413014	0.13450767109794032	1.5900297667607513	1.2754625621413014	0.17504215355607158	0.00448386147659702	4.896931028406816E-7	0.160319443297987	0.0044326165681769164	-13466.21239008201	4.079233344944233E307	2.8411108556625684E307	1.0258690933763651E307	2.0232603881445906E306	8.174142696814778E306	2	12	1	1	3
336000	-24103.133395558354	-7853.584603340756	-16249.548792217598	-7853.584603340756	6.464086300216255E306	2.3369890815205114E307	0.29980660011315824	0.13450767109794032	1.5900297667607513	1.2754625621413014	0.13450767109794032	1.5900297667607513	1.2754625621413014	0.16677444051672294	0.09501965589744843	3.1900629610941253E-4	0.2045316404375228	0.08538893916651984	-13429.165258504449	1.3877732822648494E307	5.545657847867377E306	2.4922226898330605E306	2.210261720362598E306	3.020885235092495E306	2	8	5	2	2
337000	-24088.946649748592	-7853.584603340756	-16235.362046407834	-7853.584603340756	9.469836623318843E306	3.218222238195048E307	0.29980660011315824	0.13450767109794032	1.5900297667607513	1.2754625621413014	0.13450767109794032	1.5900297667607513	1.2754625621413014	0.13423514756046984	0.263585150957351	0.0012136522943495028	0.13814838122756418	0.252327857096397	-13429.28883973359	2.461975513504484E306	2.2216999729114375E306	5.098890832689017E306	8.77967505201858E306	5.677827033456032E306	2	6	7	2	2
338000	-24122.732575948638	-7853.584603340756	-16269.147972607881	-7853.584603340756	1.1892037998437597E307	4.038535431975314E307	0.29980660011315824	0.13450767109794032	1.5900297667607513	1.2754625621413014	0.13450767109794032	1.5900297667607513	1.2754625621413014	0.29039347204628313	0.237793027605876	0.0050362210292281195	0.2894245491958654	0.23899089945683388	-13434.016743343496	2.7012893533574907E306	1.9238977103503856E306	2.6755164315660253E306	6.811469032268584E306	7.175098343465007E306	10	4	2	1	2
339000	-24126.07884128964	-7853.584603340756	-16272.494237948884	-7853.584603340756	1.0852131986799434E307	3.4036842691928424E307	0.29980660011315824	0.13450767109794032	1.5900297667607513	1.2754625621413014	0.13450767109794032	1.5900297667607513	1.2754625621413014	0.506598337232696	0.32699337819082924	0.04164152902093095	0.5241983840807706	0.4113067671974122	-13418.43518009476	1.846355232689875E306	1.8174346671798294E306	3.261844422698174E306	8.287135157062383E306	7.137400181221252E306	6	8	2	1	2
340000	-24116.786003082176	-7853.584603340756	-16263.20139974142	-7853.584603340756	2.458645529087356E306	1.0163847697006444E307	0.29980660011315824	0.13450767109794032	1.5900297667607513	1.2754625621413014	0.13450767109794032	1.5900297667607513	1.2754625621413014	0.4524217988411805	0.006192858228743991	9.355683610458428E-6	0.5466018839829933	0.005436095577688313	-13412.374255209555	1.7920374266885314E306	4.391617330031217E305	1.9868362354924096E306	2.4105437392346464E306	2.57824527432634E306	8	2	1	5	3
341000	-24091.614716186923	-7853.584603340755	-16238.030112846169	-7853.584603340755	4.513487667195146E306	1.356553625264383E307	0.29980660011315824	0.13450767109794032	1.5900297667607513	1.2754625621413014	0.13450767109794032	1.5900297667607513	1.2754625621413014	0.2503876168262611	0.010717464576954383	8.489130160512715E-6	0.2601281563607752	0.010605216053556894	-13414.55334987997	1.657619674040312E306	3.568657814451156E306	2.7910438622982816E306	1.3073838398107436E306	1.3077146238586617E306	8	2	3	3	3
342000	-24076.96804421029	-7853.584603340756	-16223.383440869535	-7853.584603340756	5.1981661969469093E306	2.7731441982233844E307	0.29980660011315824	0.13450767109794032	1.5900297667607513	1.2754625621413014	0.13450767109794032	1.5900297667607513	1.2754625621413014	0.1043687950847746	0.0034886816213788225	9.720428498315879E-8	0.09304314116889113	0.0032541818625916076	-13435.230929156665	2.1352913098951383E307	5.546126722399382E306	2.344990926066085E306	1.8850364571346462E306	1.6237317169866118E306	3	9	1	3	3
343000	-24151.171787618106	-7853.584603340756	-16297.587184277352	-7853.584603340756	2.0359419806433145E307	7.358738122665214E307	0.29980660011315824	0.13450767109794032	1.5900297667607513	1.2754625621413014	0.13450767109794032	1.5900297667607513	1.2754625621413014	0.47619946908024696	2.2737965013740912E-4	6.882300461936016E-9	0.4452364493695985	1.7946409413343502E-4	-13454.70287940695	7.701305296547738E306	6.803064512350673E306	4.9674928104845775E306	3.1776178475962695E306	4.602021439231432E306	3	6	1	5	4
344000	-24096.834949067186	-7853.584603340758	-16243.250345726428	-7853.584603340758	1.9953800298901958E306	1.402154807295382E307	0.29980660011315824	0.0240900237559106	1.5900297667607513	1.3858802094833311	0.0240900237559106	1.5900297667607513	1.3858802094833311	0.22387969371613226	2.3601367186780489E-4	2.0831282390576788E-9	0.19105180520182705	2.3492247156926355E-4	-13427.81757717202	6.870944237389473E306	3.127811515645145E306	1.4316189364996132E307	7.17362351611076E306	2.242032784806695E306	1	4	2	3	9
345000	-22863.418546017117	-6596.904220830834	-16266.514325186285	-6596.904220830834	2.362879313994683E307	7.866817908167648E307	0.7193126077348506	0.0240900237559106	1.5900297667607513	1.3858802094833311	0.0240900237559106	1.5900297667607513	1.3858802094833311	0.1978960085140252	2.0002940765467653E-5	1.862504193978267E-11	0.21755235383897636	1.9348747324739444E-5	-13447.766275170688	4.370199749945972E306	1.0359581519117197E307	8.987878332416535E306	7.033542550521777E306	7.538428528339364E306	1	4	2	3	9
346000	-22889.593503880773	-6596.904220830834	-16292.68928304994	-6596.904220830834	2.578602234489059E307	Infinity	0.7193126077348506	0.0240900237559106	1.5900297667607513	1.3858802094833311	0.0240900237559106	1.5900297667607513	1.3858802094833311	0.15464082642548066	0.0	2.515078827412763E-13	0.15115379583005897	3.1739030368514924E-6	-13479.01085929207	1.7841380583768797E308	9.22594050879622E307	5.238719689613265E307	9.486285323140125E307	2.751840087713422E307	1	3	2	5	8
347000	-22905.274820702158	-6596.904220830828	-16308.370599871329	-6596.904220830828	4.526093626535102E307	Infinity	0.7193126077348506	0.18705296893201567	1.5900297667607513	1.2229172643072261	0.18705296893201567	1.5900297667607513	1.2229172643072261	0.2888786410074915	0.0	2.2560606092488404E-12	0.3008568645631903	5.350663246895845E-6	-13477.029918624143	5.885142220009235E307	5.562400386709475E307	4.1507762822132483E307	3.5343387745472557E307	5.097861348276607E307	1	4	2	4	8
348000	-22913.30113444521	-6596.904220830828	-16316.396913614382	-6596.904220830828	8.545259928436269E307	Infinity	0.7193126077348506	0.11473847845439639	1.6623442572383706	1.2229172643072261	0.11473847845439639	1.6623442572383706	1.2229172643072261	0.32764524110286125	0.0	4.0351540123794535E-8	0.30128641381263466	6.153399856347657E-4	-13473.616402188902	3.09159300452769E307	3.3278292577261993E307	2.0928605304350378E307	4.050265017488723E307	8.437177804397163E307	4	1	7	5	2
349000	-22947.17018354925	-6596.904220830828	-16350.265962718422	-6596.904220830828	8.42668435173211E307	Infinity	0.7193126077348506	0.24347557682117896	1.6623442572383706	1.0941801659404435	0.24347557682117896	1.6623442572383706	1.0941801659404435	0.6988715298734971	0.0	1.0176975504575852E-8	0.5637385150792648	1.680597091238297E-4	-13483.382696377517	7.174443625943923E307	6.968912424324594E307	5.35997824937797E307	5.932492262216782E307	5.201205782151977E307	7	2	6	3	1
350000	-22917.863321181452	-6596.904220830828	-16320.959100350625	-6596.904220830828	4.777603290983898E307	Infinity	0.7193126077348506	0.24347557682117896	1.6623442572383706	1.0941801659404435	0.24347557682117896	1.6623442572383706	1.0941801659404435	0.31723326248327965	0.0	8.6308147604631E-5	0.28184472174643876	0.03211249838134239	-13477.948492636011	3.448930224659665E307	8.473762197270024E307	1.110897944202943E308	2.794614394562874E307	1.288755720794529E307	7	5	3	2	2
351000	-22945.257123786152	-6596.904220830828	-16348.352902955325	-6596.904220830828	1.0325220443107817E308	Infinity	0.7193126077348506	0.24347557682117896	1.6623442572383706	1.0941801659404435	0.24347557682117896	1.6623442572383706	1.0941801659404435	0.4836421848473689	0.0	5.968578268813317E-5	0.5414752457579626	0.015557123958557934	-13489.501472627175	1.3025367375515322E308	8.179019067333963E307	6.646798683438117E307	7.514868526871605E307	3.2517507474728115E307	6	7	3	1	2
352000	-22889.739108925285	-6596.904220830828	-16292.834888094456	-6596.904220830828	6.592127111283581E307	Infinity	0.7193126077348506	0.24347557682117896	1.6623442572383706	1.0941801659404435	0.24347557682117896	1.6623442572383706	1.0941801659404435	0.13256151520465012	0.0	9.652683712836692E-8	0.11266388438364955	0.002760431016206124	-13489.257773896947	7.979486110458761E307	1.322904975192218E308	4.4742591306286227E307	2.2440717691988563E307	8.292112987697065E306	7	3	4	1	4
353000	-22879.914215744415	-6596.904220830828	-16283.009994913586	-6596.904220830828	1.4343075821607748E307	8.325601374690001E307	0.7193126077348506	0.24347557682117896	1.6623442572383706	1.0941801659404435	0.24347557682117896	1.6623442572383706	1.0941801659404435	0.23894208019602356	0.012812007689145605	8.734362708995417E-6	0.23377609476092623	0.01340775609632413	-13458.57145685733	4.159458361284283E307	1.7789495714995725E307	1.5112153919838771E307	5.034460397840545E306	5.776995478176567E306	8	2	3	1	5
354000	-22861.310974627035	-6596.904220830828	-16264.406753796207	-6596.904220830828	8.859156411378148E306	8.814944917588448E307	0.7193126077348506	0.24347557682117896	1.6623442572383706	1.0941801659404435	0.24347557682117896	1.6623442572383706	1.0941801659404435	0.10675306696784334	0.04982563977644759	3.727295537313704E-5	0.12350331870850585	0.04912883998742613	-13459.378478269668	8.575219907671461E307	2.099298206895415E307	1.4367837134414232E307	7.278847810621423E306	3.5709767373293827E306	6	5	5	2	1
355000	-22858.906909272257	-6596.904220830831	-16262.002688441426	-6596.904220830831	3.20364664744535E307	1.1310030557536592E308	0.7193126077348506	0.24347557682117896	1.514254728674525	1.2422696945042893	0.24347557682117896	1.514254728674525	1.2422696945042893	0.12147924132688738	0.1707943663073713	4.0985127604876764E-4	0.12042194350796405	0.1699889122269781	-13457.621532482892	4.055825662724688E307	2.1734972223706185E307	5.024505964441344E306	1.3207121610458198E307	7.630213187620508E306	4	6	4	4	1
356000	-22835.86449884555	-6596.904220830836	-16238.960278014714	-6596.904220830836	2.1860117807861763E306	1.6055398663969872E307	0.7193126077348506	0.24347557682117896	1.312224408013764	1.4443000151650502	0.24347557682117896	1.312224408013764	1.4443000151650502	0.14392694464763423	0.4582765211374522	0.005705029320113695	0.16264818208984272	0.45772895295348764	-13429.220643983801	1.0751670561421732E307	5.0337930673586215E306	3.5676122365863015E306	1.3160523514523412E306	1.3633864482657343E306	4	6	4	4	1
357000	-22866.756525983314	-6596.904220830836	-16269.852305152477	-6596.904220830836	1.7922369681998912E306	1.6991902767969499E307	0.7193126077348506	0.24347557682117896	1.312224408013764	1.4443000151650502	0.24347557682117896	1.312224408013764	1.4443000151650502	0.2606789030739129	0.37364540907862764	0.013620340195743931	0.3235429955095085	0.32254131805685066	-13430.152950176986	1.1184813535762533E307	5.916555585232825E306	1.304295385230717E306	1.4092189720694045E306	4.8949368858394465E305	3	7	6	2	1
358000	-22819.196093177303	-6596.904220830836	-16222.291872346466	-6596.904220830836	2.376634792574593E306	1.426335960859599E307	0.7193126077348506	0.24347557682117896	1.312224408013764	1.4443000151650502	0.24347557682117896	1.312224408013764	1.4443000151650502	0.10021751975856397	Infinity	1.84758966438557	0.09895782179882148	13.705642908460828	-13427.760887941451	1.2986204472204525E307	4.1844318047487526E306	3.2020080151416984E306	7.999435724545561E305	1.0385690796546277E306	2	7	6	3	1
359000	-22869.387720283714	-6596.904220830836	-16272.483499452877	-6596.904220830836	2.3322388192486605E307	8.289934426985652E307	0.7193126077348506	0.24347557682117896	1.312224408013764	1.4443000151650502	0.24347557682117896	1.312224408013764	1.4443000151650502	0.20380101132041928	0.7906217653341984	0.026556874341011054	0.20519058580236893	0.8350235158854804	-13449.556648733222	8.744712849340545E306	3.159751782149873E306	1.1189273677987075E307	5.746148485435356E306	3.805720580673287E306	2	3	9	4	1
360000	-22883.365466508512	-6596.904220830835	-16286.46124567768	-6596.904220830835	1.0963586006292273E307	6.035114295124225E307	0.7193126077348506	0.24347557682117896	1.312224408013764	1.4443000151650502	0.24347557682117896	1.312224408013764	1.4443000151650502	0.1989422677374502	1.2123837532240076	0.1129395646210975	0.2653462141354666	1.228562256699122	-13452.958606132293	5.453621921184238E307	2.37629479023469E307	8.034547693254611E306	6.864767292295337E306	3.8838775100148165E306	3	2	8	2	4
361000	-22890.036817069587	-6596.904220830835	-16293.132596238751	-6596.904220830835	7.566312544491867E306	4.523051321132376E307	0.7193126077348506	0.24347557682117896	1.312224408013764	1.4443000151650502	0.24347557682117896	1.312224408013764	1.4443000151650502	0.39063002322762935	Infinity	7.003302667470796	0.32524571456081885	7.759730505993418	-13445.700232935513	7.720175977929008E306	1.2130289737628052E307	1.2826362567595747E307	5.656492434984109E306	3.085207622705463E306	5	5	3	2	4
362000	-22839.336816075876	-6596.904220830835	-16242.432595245042	-6596.904220830835	5.594161373914538E306	3.546342698282757E307	0.7193126077348506	0.24347557682117896	1.312224408013764	1.4443000151650502	0.24347557682117896	1.312224408013764	1.4443000151650502	0.12295344614902676	4.398771401566862	0.23184001848096675	0.10963379525904043	4.466866418367138	-13442.263892269337	1.5894415699735686E307	1.3660310284421232E307	1.413659035760692E307	6.083366294081566E306	2.4217600061147524E306	1	4	6	1	7
363000	-22847.641704037764	-6596.904220830828	-16250.737483206936	-6596.904220830828	9.556483293385823E305	9.059477203323952E306	0.7193126077348506	0.2895902993985314	1.312224408013764	1.3981852925876979	0.2895902993985314	1.312224408013764	1.3981852925876979	0.23238889981065033	2.327187880628015	0.41272604519448575	0.28724371911487256	2.0903857699556707	-13416.442622219756	1.2950880312549797E307	8.12918897486592E306	2.038416007186562E306	1.3664019576303422E306	5.3246226808336585E305	4	1	6	1	7
364000	-22812.36613990459	-6596.904220830828	-16215.46191907376	-6596.904220830828	1.2218948409106639E306	1.3568016085494328E307	0.7193126077348506	0.2895902993985314	1.312224408013764	1.3981852925876979	0.2895902993985314	1.312224408013764	1.3981852925876979	0.1142629764211602	0.21649803844491552	5.812167412081566E-4	0.1104453644530877	0.2180167986356766	-13420.587418202409	1.1015497645166874E307	3.233112643200493E306	2.6877003351008496E306	7.653891577934278E305	4.3409379782743E305	5	2	6	1	5
365000	-22879.861935023506	-6596.90422083083	-16282.957714192677	-6596.90422083083	4.279343276880505E306	2.940147296721984E307	0.7193126077348506	0.2895902993985314	1.4428703412415738	1.267539359359888	0.2895902993985314	1.4428703412415738	1.267539359359888	0.41649322517917403	0.6294123338585774	0.05946011373900423	0.3937640576144744	0.5576660891082026	-13433.09900696454	1.5195812370461794E307	2.324707288831384E306	1.2641836657585357E306	6.854696532467826E305	2.651901811530624E306	5	2	6	1	5
366000	-24016.02400135088	-7778.075783684144	-16237.948217666739	-7778.075783684144	1.6671106897235976E306	1.1534475507493828E307	0.315100591542858	0.32968504448156866	1.4027755961585366	1.267539359359888	0.32968504448156866	1.4027755961585366	1.267539359359888	0.18471076990871865	11.010033939066961	2.426849554468266	0.1405173743243573	10.924251357643573	-13424.200635778101	6.103576341179889E306	3.899653873196121E306	1.2641836657585357E306	3.0058311236191776E306	8.369194381437679E306	5	2	7	4	1
367000	-23211.75921804608	-6980.928707182175	-16230.830510863907	-6980.928707182175	6.3248193530942814E305	5.8832858671218E306	0.5404756411175209	0.32968504448156866	1.4027755961585366	1.267539359359888	0.32968504448156866	1.4027755961585366	1.267539359359888	0.18361880865801444	18.787555491919523	9.944350071039873	0.16137896223918527	19.11474203811835	-13415.734869725868	1.8045476250844132E306	3.9173757981317006E306	3.2916820292062094E306	1.1342334845738031E306	1.462577054255993E306	3	5	5	1	5
368000	-23225.373515466297	-6980.928707182175	-16244.444808284123	-6980.928707182175	3.589227874213786E306	2.5276931026239904E307	0.5404756411175209	0.32968504448156866	1.4027755961585366	1.267539359359888	0.32968504448156866	1.4027755961585366	1.267539359359888	0.14023372004940027	Infinity	5.252810906967465	0.1294387069851646	17.654110568253365	-13436.494433731883	7.08242194740625E306	5.479620910618477E306	7.383701190578622E306	6.776170638054679E306	2.4180798722488423E306	3	6	4	1	5
369000	-23260.748710293923	-6980.928707182175	-16279.820003111749	-6980.928707182175	1.4003208478176445E307	6.596929274083941E307	0.5404756411175209	0.32968504448156866	1.4027755961585366	1.267539359359888	0.32968504448156866	1.4027755961585366	1.267539359359888	0.15507283582629178	Infinity	1.2984832224833358	0.1935930763398231	5.584871645840222	-13452.279314704578	7.094497897166224E307	2.5321246526688795E307	1.7030610395863723E307	3.1580313214494727E306	2.420865896585163E306	3	5	4	1	6
370000	-24621.8513184548	-8354.624732152619	-16267.226586302178	-8354.624732152619	5.0049755509282396E306	2.7460923367991484E307	0.2161327585900761	0.32968504448156866	1.4027755961585366	1.267539359359888	0.32968504448156866	1.4027755961585366	1.267539359359888	0.22158203248424968	5.731091576467198	1.2868312134654258	0.2018866620094384	5.216461674295802	-13438.176228092258	1.6782061112207232E307	1.743147982334044E307	5.868085909420668E306	2.2251792304949166E306	3.818319428641874E306	2	6	4	1	6
371000	-24621.226689877472	-8354.624732152619	-16266.601957724853	-8354.624732152619	3.7268000991531197E306	2.070234224595738E307	0.2161327585900761	0.32968504448156866	1.4027755961585366	1.267539359359888	0.32968504448156866	1.4027755961585366	1.267539359359888	0.24826830868303928	Infinity	8.151137325395707	0.2813159151370202	10.089876852175546	-13431.981214973677	3.7899761356804467E307	5.847751187819372E306	2.5965418800929728E306	9.734690208432392E305	9.770558432542212E305	2	6	5	2	4
372000	-24601.4887761965	-8354.624732152619	-16246.864044043883	-8354.624732152619	8.279032206046241E305	6.085218599995235E306	0.2161327585900761	0.32968504448156866	1.4027755961585366	1.267539359359888	0.32968504448156866	1.4027755961585366	1.267539359359888	0.3064987227794155	9.47631795910066	8.45357810879013	0.3301702664346952	8.546291607572677	-13409.507858801206	3.128158596244377E306	1.3678597248075141E306	1.8576700147320256E306	1.0423072640906406E306	3.251065109646037E305	2	6	5	2	4
373000	-24570.947322061875	-8354.624732152619	-16216.322589909256	-8354.624732152619	1.571832403487965E306	8.495924223416819E306	0.2161327585900761	0.32968504448156866	1.53188511515083	1.1384298403675948	0.32968504448156866	1.53188511515083	1.1384298403675948	0.17227473757888348	1.0149420333748544	0.022486275619715067	0.1463496772674707	1.047324429930466	-13412.641087209473	5.337648002148632E306	2.196645618892825E306	1.0918834549345995E306	1.4399573353506777E306	7.336154827034705E305	2	2	11	2	2
374000	-24594.547299346694	-8354.624732152619	-16239.922567194075	-8354.624732152619	4.3712168618798346E305	2.891017422599791E306	0.2161327585900761	0.32968504448156866	1.53188511515083	1.1384298403675948	0.32968504448156866	1.53188511515083	1.1384298403675948	0.38487865208795463	1.5391742151441135	0.7956849716555502	0.48421821392528575	1.697172589837566	-13396.973757250662	3.3718193732225984E306	1.2580003401698077E306	6.750138029382605E305	3.8586753083381485E305	1.6771855017748953E305	2	2	8	4	3
375000	-24587.057225173394	-8354.624732152619	-16232.432493020775	-8354.624732152619	6.369957882423402E305	4.1107862565883124E306	0.2161327585900761	0.32968504448156866	1.53188511515083	1.1384298403675948	0.32968504448156866	1.53188511515083	1.1384298403675948	0.364097831692734	0.911542676351585	0.11207886384673951	0.3510904093806096	1.1109988104651733	-13400.867370657284	4.622595066634012E306	1.0366605530888526E306	1.835628560777269E306	8.089016666609604E305	2.8636527767896863E305	1	7	3	7	1
376000	-24595.619582630472	-8354.624732152619	-16240.994850477853	-8354.624732152619	6.393786217689035E305	3.375265624135273E306	0.2161327585900761	0.32968504448156866	1.53188511515083	1.1384298403675948	0.32968504448156866	1.53188511515083	1.1384298403675948	0.4301037600956351	3.65553602023212	3.6337292946957667	0.44174583475842005	4.299191475890331	-13398.246662737327	2.2438575443406134E306	1.1344703020541289E306	3.0654239896475194E305	5.122663374023562E305	4.555917670824294E305	1	7	1	7	3
377000	-24537.882968926635	-8354.624732152619	-16183.258236774014	-8354.624732152619	2.3899620280612584E305	2.998722299824137E306	0.2161327585900761	0.32968504448156866	1.53188511515083	1.1384298403675948	0.32968504448156866	1.53188511515083	1.1384298403675948	0.11690467888409456	2.7140536832247086	0.0947198762387423	0.11272338745955278	2.7765277768335817	-13392.120685046586	3.4735817692491406E306	9.328672749877387E305	6.165373638409243E305	8.272553957642766E304	1.8141224529524626E304	6	2	1	9	1
378000	-24514.955539778894	-8354.62473215262	-16160.330807626273	-8354.62473215262	2.326542080475918E305	1.377714830685507E306	0.2161327585900761	0.20508549451491714	1.6564846651174814	1.1384298403675948	0.20508549451491714	1.6564846651174814	1.1384298403675948	0.10314080890818672	3.6842369502171284	0.17777457910875546	0.11344689700362491	3.7430259317050343	-13371.376026949614	1.395511253440318E306	3.567447234724685E305	8.243000851561228E304	3.887660274312624E304	7.58198386889005E304	6	2	1	5	5
379000	-24513.918486666444	-8354.62473215262	-16159.293754513825	-8354.62473215262	1.4244336739276536E305	1.283301335536848E306	0.2161327585900761	0.20508549451491714	1.6564846651174814	1.1384298403675948	0.20508549451491714	1.6564846651174814	1.1384298403675948	0.09876715697213877	0.44247671269708466	0.0015665530298243837	0.08880476877296545	0.4476081958422525	-13380.162298211148	8.929520161937739E305	2.47876840732688E305	3.775758186087388E305	2.5382670658460474E305	1.5405094110829488E305	6	1	1	3	8
380000	-24555.080637174317	-8354.62473215262	-16200.455905021698	-8354.62473215262	1.7044537936110423E305	9.800837430383616E305	0.2161327585900761	0.20508549451491714	1.6564846651174814	1.1384298403675948	0.20508549451491714	1.6564846651174814	1.1384298403675948	0.3706918938484474	10.8296021444153	16.493698082771342	0.43216598180178634	9.706654021519439	-13370.019233061365	9.548567291034991E305	3.2886356907305976E305	1.3163044941871677E305	5.55935173631067E304	8.999536137185015E304	6	1	1	1	10
381000	-24576.213083539566	-8354.62473215262	-16221.588351386945	-8354.62473215262	1.1677647294591977E305	8.811334521777404E305	0.2161327585900761	0.20508549451491714	1.6564846651174814	1.1384298403675948	0.20508549451491714	1.6564846651174814	1.1384298403675948	0.531590830291506	12.084235994449683	36.034941659001916	0.49603910323051137	13.030503333762026	-13376.468044068268	1.4685504868058333E306	2.6043379240460468E305	2.046902122712983E305	1.7978502440301556E305	2.388199325393934E305	4	1	1	3	10
382000	-24587.659395279545	-8354.62473215262	-16233.034663126926	-8354.62473215262	8.71337288614752E305	3.4534111966646683E306	0.2161327585900761	0.20508549451491714	1.6564846651174814	1.1384298403675948	0.20508549451491714	1.6564846651174814	1.1384298403675948	0.28578315036061563	Infinity	693.5850043022134	0.37478721505316753	70.29191153623118	-13394.774558120374	9.635586133428998E305	1.180641962646449E306	6.8983269258359205E305	2.4992416086726537E305	2.8160365663611704E305	5	1	3	3	7
383000	-24899.504596888422	-8662.107521768938	-16237.397075119485	-8662.107521768938	5.242065250219343E305	4.0531052698164096E306	0.17712420322342157	0.20508549451491714	1.6564846651174814	1.1384298403675948	0.20508549451491714	1.6564846651174814	1.1384298403675948	0.2576611324283109	36.96978704896138	189.2092043158073	0.3404988475786485	39.622090229101744	-13403.421683878487	3.5019236179215917E306	1.1970389154388383E306	1.28728373492824E306	6.402244024281119E305	3.682912388713162E305	1	3	7	5	3
384000	-24874.525225007586	-8662.107521768941	-16212.417703238645	-8662.107521768941	1.936152561481643E305	9.833326613359376E305	0.17712420322342157	0.440087775862209	1.6564846651174814	0.9034275590203029	0.440087775862209	1.6564846651174814	0.9034275590203029	0.5789451776139538	6.226754317577107	11.200173859477914	0.5384855823321583	6.688089023872283	-13368.788575268647	8.857767026717766E304	8.410912212397482E304	1.388181906444255E305	1.822087852603198E305	1.316251094593105E305	2	3	7	3	4
385000	-24798.143571755914	-8662.107521768938	-16136.036049986977	-8662.107521768938	1.919266114631319E305	7.401660495415198E305	0.17712420322342157	0.440087775862209	1.6564846651174814	0.9034275590203029	0.440087775862209	1.6564846651174814	0.9034275590203029	0.10279233546524011	0.3044086541208136	0.0010623556934003116	0.10432260362550944	0.3062914226573701	-13355.562536525787	3.2550065253682936E304	3.7796456755521967E304	8.013811130490931E304	1.1723105042795012E305	1.167855113934213E305	7	3	5	3	1
386000	-24837.007360534786	-8662.107521768938	-16174.89983876585	-8662.107521768938	3.3666052336581784E305	1.019071351167115E306	0.17712420322342157	0.440087775862209	1.6564846651174814	0.9034275590203029	0.440087775862209	1.6564846651174814	0.9034275590203029	0.2245835548984177	3.2027703947521817	0.399673242221099	0.20367541003996031	3.127251192741984	-13363.502287495523	1.3041094950856247E305	1.4231024793084216E305	1.5256930543168415E305	5.548537374132978E304	2.7880589873645913E305	9	2	5	2	1
387000	-24857.79557934461	-8662.107521768938	-16195.688057575671	-8662.107521768938	2.5917163065680472E305	8.794967172510084E305	0.17712420322342157	0.440087775862209	1.6564846651174814	0.9034275590203029	0.440087775862209	1.6564846651174814	0.9034275590203029	0.37268555741031134	0.2732901034299783	0.01300378747454214	0.3733742971303284	0.3065128470945037	-13367.089447709828	1.2462417560072029E305	1.6522963148383212E305	6.369842861249867E304	6.034127032060085E304	4.70138799114291E304	5	1	10	2	1
388000	-24837.03872946149	-8662.107521768938	-16174.93120769255	-8662.107521768938	8.57312736978585E304	4.725888717581924E305	0.17712420322342157	0.440087775862209	1.6564846651174814	0.9034275590203029	0.440087775862209	1.6564846651174814	0.9034275590203029	0.2902164375121988	0.00802748063486207	5.797129525648073E-6	0.30090704077552966	0.00799110942415338	-13360.508385763975	4.822304111578163E305	2.4652048108336266E305	1.6829924735638247E305	4.2483957540578415E304	3.544131733615919E304	5	3	3	5	3
389000	-24845.6040658356	-8662.107521768938	-16183.496544066662	-8662.107521768938	1.5532419818615591E305	5.980141442272254E305	0.17712420322342157	0.440087775862209	1.6564846651174814	0.9034275590203029	0.440087775862209	1.6564846651174814	0.9034275590203029	0.3653064059203698	0.19361481267811015	0.004940953180737722	0.3545680628010243	0.22086175168382496	-13361.893864112593	2.6897543416457556E305	1.3548287906125335E305	1.561792547849114E305	9.701484883535095E304	6.929004368709261E304	5	1	1	3	9
390000	-23001.974155449403	-6833.934691115942	-16168.03946433346	-6833.934691115942	5.154883662605306E304	5.758376366539499E305	0.6004331255241714	0.440087775862209	1.6564846651174814	0.9034275590203029	0.440087775862209	1.6564846651174814	0.9034275590203029	0.24971117022297248	0.008892746691313421	5.281755490822124E-6	0.2578601603034905	0.009079063715563844	-13357.49414576087	4.4544329573342675E305	2.8297944759287013E305	9.881269155130585E304	1.0627973880532914E304	2.978966220687989E303	6	4	1	7	1
391000	-22992.519835389725	-6833.934691115938	-16158.585144273786	-6833.934691115938	6.331649040781938E304	3.816268264158779E305	0.6004331255241714	0.7772075947653707	1.3193648462143195	0.9034275590203029	0.7772075947653707	1.3193648462143195	0.9034275590203029	0.20383556817097684	0.0035784696522722158	5.789971644629488E-7	0.20526911329826486	0.0036190563019682324	-13360.509056673734	1.6679479091233613E305	8.537031152243574E304	5.554831336285682E304	2.939637721229148E304	8.560916424000574E303	6	4	2	4	3
392000	-23005.881162363086	-6833.934691115938	-16171.946471247149	-6833.934691115938	7.20247273186975E304	5.4216248107424475E305	0.6004331255241714	0.7772075947653707	1.3193648462143195	0.9034275590203029	0.7772075947653707	1.3193648462143195	0.9034275590203029	0.26187193435558853	0.012451041394749882	1.0250218791316846E-5	0.26125654149361915	0.01304864471048596	-13363.295271228619	3.696332051184041E305	1.862484768938462E305	7.606326852542562E304	4.933092631704113E304	1.296933089232031E304	6	3	5	2	3
393000	-22994.446066766395	-6833.934691115938	-16160.511375650458	-6833.934691115938	3.9457310950821136E304	3.5521783675663616E305	0.6004331255241714	0.7772075947653707	1.3193648462143195	0.9034275590203029	0.7772075947653707	1.3193648462143195	0.9034275590203029	0.1979076714857224	0.41909356730253283	0.008890433271621196	0.22348143447704455	0.42446293549544495	-13348.366315075978	4.734577519792532E305	3.904432532158215E305	4.378242174909536E304	7.851790390582648E303	1.097114212567629E304	3	2	8	1	5
394000	-23007.80432912714	-6833.934691115938	-16173.8696380112	-6833.934691115938	3.010733567534825E304	2.616817105141219E305	0.6004331255241714	0.7772075947653707	1.3193648462143195	0.9034275590203029	0.7772075947653707	1.3193648462143195	0.9034275590203029	0.348437417560926	0.7036589025272173	0.07353258375306798	0.37248526618277455	0.7287927357198632	-13354.310781149163	2.2516997763066254E305	1.8729199753739416E305	7.256762282324339E304	2.6224525000240017E304	3.3291670787928544E304	4	4	6	1	4
395000	-22990.21340689065	-6833.934691115938	-16156.27871577471	-6833.934691115938	4.9133256459059024E305	2.16062776092453E306	0.6004331255241714	0.7772075947653707	1.3193648462143195	0.9034275590203029	0.7772075947653707	1.3193648462143195	0.9034275590203029	0.08031990387078337	0.10325326818734111	4.8538607623108284E-5	0.06716641310968931	0.10561962984286742	-13387.287685172272	8.888454656018592E305	7.554556912539913E305	6.0591325993408035E305	3.12976691757426E305	1.9506790644933873E305	1	2	9	1	6
396000	-23058.40849385937	-6833.934691115938	-16224.473802743432	-6833.934691115938	3.3181439338763284E306	8.282046796874519E306	0.6004331255241714	0.7772075947653707	1.3193648462143195	0.9034275590203029	0.7772075947653707	1.3193648462143195	0.9034275590203029	0.30969360612882285	0.002105257359897559	4.6422979065361054E-7	0.33227585065461535	0.002282202390443098	-13399.28185228667	1.4231754819809837E306	7.005947520084375E305	9.68713577607295E305	1.5469621276489267E306	8.87245645262017E305	1	2	10	1	5
397000	-23049.24860338954	-6833.934691115942	-16215.313912273597	-6833.934691115942	1.6655271406623163E306	7.48673226509534E306	0.6004331255241714	0.7772075947653707	1.3193648462143195	0.9034275590203029	0.7772075947653707	1.3193648462143195	0.9034275590203029	0.24636529782220204	0.006102203174972438	1.1960172308448824E-6	0.188600239517074	0.005937704593749439	-13406.21178031472	1.4913908046072125E306	9.564807384867174E305	6.448809936492051E305	1.3878837738337925E306	1.1616338584380678E306	1	2	9	2	5
398000	-23051.39534364019	-6833.934691115942	-16217.460652524247	-6833.934691115942	8.549908747517815E305	5.603714061824708E306	0.6004331255241714	0.7772075947653707	1.3193648462143195	0.9034275590203029	0.7772075947653707	1.3193648462143195	0.9034275590203029	0.22624184007822512	0.003549964242408511	6.028849898142423E-7	0.2200892533943031	0.003564833569290224	-13403.956901649162	1.0481807500093972E306	1.1763654698527852E306	1.9950773210765564E306	2.2472870939498728E306	6.820962408972639E305	8	2	1	3	5
399000	-23025.421732978368	-6833.934691115942	-16191.487041862425	-6833.934691115942	9.044803382367841E305	6.143006394753717E306	0.6004331255241714	0.7772075947653707	1.3193648462143195	0.9034275590203029	0.7772075947653707	1.3193648462143195	0.9034275590203029	0.0972691811844756	0.0076794931035643966	4.795151615031513E-7	0.08761189238171313	0.007881222173905474	-13412.445597026852	2.763580806695428E306	1.1038019568805087E306	7.623518555912871E305	8.82598942151449E305	6.5448907306251905E305	3	2	2	8	4
400000	-23006.61930894846	-6833.934691115944	-16172.684617832514	-6833.934691115944	4.604362977037326E305	2.329115453282686E306	0.6004331255241714	0.9802792415057455	1.3193648462143195	0.7003559122799281	0.9802792415057455	1.3193648462143195	0.7003559122799281	0.10398475054655272	0.011369834236024686	1.2487104796063845E-6	0.09833498412205821	0.01171473783729142	-13390.432894511092	1.3711023226620657E306	1.3443374093274759E306	4.047033198062037E305	5.6503961555193835E305	3.4157805761557425E305	1	1	7	8	2
401000	-23107.38184637811	-6833.934691115944	-16273.447155262165	-6833.934691115944	2.1215053565493984E306	8.5829440983126E306	0.6004331255241714	0.9802792415057455	1.3193648462143195	0.7003559122799281	0.9802792415057455	1.3193648462143195	0.7003559122799281	0.5757965710411252	0.07456313268013036	0.002838228186168983	0.7091068939121472	0.06703719378830528	-13412.655349623465	2.2173461677554156E307	5.715654923650288E306	1.3943033823924915E306	1.0681768509909755E306	8.586548368971595E305	1	1	7	8	2
402000	-23072.00279051852	-6833.934691115944	-16238.068099402575	-6833.934691115944	9.274001552516086E305	6.321882309920893E306	0.6004331255241714	0.9802792415057455	1.3193648462143195	0.7003559122799281	0.9802792415057455	1.3193648462143195	0.7003559122799281	0.30218382285820405	0.02230831745804723	5.1068685558261255E-5	0.3158701609314063	0.02274629133949486	-13412.865816543133	3.2915081889489244E306	4.403878088829566E306	1.8393276619248082E306	9.710333963106887E305	1.0311594851902542E306	1	2	12	2	2
403000	-23093.718342787008	-6833.934691115944	-16259.783651671065	-6833.934691115944	7.596196607057022E306	2.1527910948219455E307	0.6004331255241714	0.9802792415057455	1.3193648462143195	0.7003559122799281	0.9802792415057455	1.3193648462143195	0.7003559122799281	0.4703716545636877	0.029145683019664727	0.001713957098587066	0.873926380451239	0.04828100741542234	-13412.207661780214	1.461121491576907E306	1.1630791380178992E306	7.525670654446607E305	8.772466304014483E305	1.7365476963694228E306	1	7	3	6	2
404000	-23048.671770344623	-6833.934691115938	-16214.737079228684	-6833.934691115938	2.9038982590396908E305	2.3714584762487663E306	0.6004331255241714	0.8390532232707739	1.200708277355076	0.9602384993741432	0.8390532232707739	1.200708277355076	0.9602384993741432	0.2649710966013831	0.3063028178776324	0.010183392124207812	0.3134178470884323	0.3199983111406849	-13391.651870725877	2.4582757390365398E306	7.422701908573438E305	3.606538347222281E305	1.3691923093119702E305	9.059431729492162E304	2	10	4	2	1
405000	-23053.467663713272	-6833.934691115938	-16219.532972597333	-6833.934691115938	2.170716801043259E306	9.689914481219095E306	0.6004331255241714	0.8390532232707739	1.200708277355076	0.9602384993741432	0.8390532232707739	1.200708277355076	0.9602384993741432	0.19222384345885407	0.24609736978027322	0.0016941845567936572	0.16833731223127674	0.25460927483334034	-13411.636788700529	2.346275886091895E306	1.0787933888067146E306	8.208633140105405E305	7.324568307973164E305	2.182003719059519E306	2	10	1	3	3
406000	-23081.87592119926	-6833.934691115938	-16247.941230083321	-6833.934691115938	4.886456316123126E306	1.669762919220781E307	0.6004331255241714	0.8390532232707739	1.200708277355076	0.9602384993741432	0.8390532232707739	1.200708277355076	0.9602384993741432	0.3468002382056253	0.011639207881681926	1.1201093768115402E-5	0.28294310096260056	0.013464045417613365	-13422.272440123746	4.8511086419139075E306	3.287480106820548E306	1.531792916930303E306	4.871150055976729E305	1.4302855244945602E306	2	10	3	1	3
407000	-23043.366589533543	-6833.934691115938	-16209.431898417606	-6833.934691115938	7.646475721632823E305	3.414186366324706E306	0.6004331255241714	0.8390532232707739	1.200708277355076	0.9602384993741432	0.8390532232707739	1.200708277355076	0.9602384993741432	0.2604982150492461	0.0011141013506660708	8.44000306603857E-8	0.301170815832407	9.77016931555773E-4	-13396.67458921937	1.854395742024072E306	9.426304880086801E305	5.2676893642252954E305	2.89828231421848E305	3.3870641875053636E305	2	11	1	3	2
408000	-23072.70419409834	-6833.934691115945	-16238.769502982395	-6833.934691115945	2.5205839323743354E306	1.3979133799416167E307	0.6004331255241714	0.7633675751057237	1.4449459752120735	0.7916864496821956	0.7633675751057237	1.4449459752120735	0.7916864496821956	0.2154739706278091	8.669419767333123E-4	2.7800731897837254E-8	0.19833655682556053	8.11364809281568E-4	-13425.383890901476	1.1632128893551706E307	5.956771352572919E306	3.9227290396841166E306	3.8030653491681936E306	1.6938122185013934E306	1	1	4	7	6
409000	-23114.390860023457	-6833.934691115942	-16280.456168907516	-6833.934691115942	1.0111411168158727E307	3.583015175745487E307	0.6004331255241714	0.7633675751057237	1.4449459752120735	0.7916864496821956	0.7633675751057237	1.4449459752120735	0.7916864496821956	0.40369883403420004	0.0626275235753168	4.701769592647904E-4	0.37303413899183696	0.058849095643821715	-13438.404971881424	2.274682332699807E307	8.255059898854372E306	1.354833414265198E307	7.995360150672233E306	3.554717868913253E306	1	5	1	6	6
410000	-23102.43611868731	-6833.9346911159455	-16268.501427571364	-6833.9346911159455	4.2129882579432425E306	1.880355949135566E307	0.6004331255241714	0.9116924708080546	1.2966210795097426	0.7916864496821956	0.9116924708080546	1.2966210795097426	0.7916864496821956	0.3988117938720225	0.4622554200762356	0.03771061928013482	0.431543198574312	0.45434348187718304	-13425.652823222052	1.9453643776594873E306	1.5307926927258232E306	1.3204829216598397E306	3.4244709110051646E306	6.171071583511108E306	2	1	4	9	3
411000	-23122.301549233838	-6833.9346911159455	-16288.366858117892	-6833.9346911159455	1.1122302816886905E307	5.108048798229649E307	0.6004331255241714	0.9116924708080546	1.2966210795097426	0.7916864496821956	0.9116924708080546	1.2966210795097426	0.7916864496821956	0.2891786521309877	0.28451310213095365	0.006691682440282799	0.28482230559365296	0.28471591577900274	-13446.804722480863	4.4892743827951843E307	1.067188881858194E307	9.532908889744726E306	3.627875980452379E306	7.765837912120433E306	3	5	4	2	5
412000	-23099.129389610574	-6833.9346911159455	-16265.194698494628	-6833.9346911159455	1.3112269823849338E307	9.460748639440758E307	0.6004331255241714	0.9116924708080546	1.2966210795097426	0.7916864496821956	0.9116924708080546	1.2966210795097426	0.7916864496821956	0.11511087088945669	0.3341874236327904	0.001186429285742568	0.1060460523114526	0.33545049263575455	-13463.581525590875	6.621933442074961E307	4.1611412919732637E307	2.0936143253530621E307	8.11337052031984E306	7.755334633381538E306	3	5	4	2	5
413000	-23154.638759212077	-6833.9346911159455	-16320.704068096133	-6833.9346911159455	7.731533840411963E307	Infinity	0.6004331255241714	0.9116924708080546	1.2966210795097426	0.7916864496821956	0.9116924708080546	1.2966210795097426	0.7916864496821956	0.19727442793197164	NaN	0.01784044329537699	0.20418576680605627	0.646773603311535	-13487.35282312209	1.3617140697098957E308	9.213179316065503E307	8.139996151184036E307	7.538917705454963E307	3.0514221746820333E307	5	3	8	2	1
414000	-23141.427077953595	-6833.9346911159455	-16307.492386837648	-6833.9346911159455	4.4275071620037774E307	Infinity	0.6004331255241714	0.9116924708080546	1.2966210795097426	0.7916864496821956	0.9116924708080546	1.2966210795097426	0.7916864496821956	0.1401761764983639	0.0	0.008319720996797965	0.17538091952452028	0.5295658234242476	-13485.117961089732	1.5948039294160525E308	1.0413496361948521E308	6.351161902363301E307	2.1657887334124593E307	1.8077485971359751E307	3	5	1	9	1
415000	-23109.339582333487	-6833.9346911159455	-16275.40489121754	-6833.9346911159455	1.838237474513583E307	1.4216592369405453E308	0.6004331255241714	0.9116924708080546	1.2966210795097426	0.7916864496821956	0.9116924708080546	1.2966210795097426	0.7916864496821956	0.1107442523339753	0.23614042950371164	7.170716798010273E-4	0.11189667326469885	0.23555517148966848	-13472.354366218196	5.315214126112004E307	2.3318176723419E307	1.5249057920509898E307	8.414466731381009E306	7.972281315382186E306	2	5	10	1	1
416000	-23171.35208560725	-6833.9346911159455	-16337.417394491304	-6833.9346911159455	6.936170287435411E307	Infinity	0.6004331255241714	0.9116924708080546	1.2966210795097426	0.7916864496821956	0.9116924708080546	1.2966210795097426	0.7916864496821956	0.32845887694048537	0.0	0.003702790164778476	0.28513283784157917	0.21674289287676735	-13492.941084451422	1.5576741034153008E308	1.4562908645935144E308	1.0928983001360896E308	4.4102962898917556E307	4.286782395181451E307	2	5	10	1	1
417000	-24724.37834329998	-8443.15952300618	-16281.218820293801	-8443.15952300618	3.26863113135439E307	1.5981496822634247E308	0.204071646725035	0.9116924708080546	1.2966210795097426	0.7916864496821956	0.9116924708080546	1.2966210795097426	0.7916864496821956	0.09970140641543315	0.8988939964639615	0.009962975858664274	0.10887272183054615	0.8980916428853667	-13472.554416019524	5.669061849478538E307	8.161828315559284E307	3.7700588245840245E307	3.527183025103672E307	2.7286051744209243E307	5	3	8	2	1
418000	-24765.001474384484	-8443.15952300618	-16321.841951378305	-8443.15952300618	1.2508193168659904E308	Infinity	0.204071646725035	0.9116924708080546	1.2966210795097426	0.7916864496821956	0.9116924708080546	1.2966210795097426	0.7916864496821956	0.24957600018334683	0.0	7.345099710677296E-6	0.24438405916832898	0.012034677204301049	-13490.317193601186	1.1508422366823193E308	7.171309023886976E307	6.142746141990641E307	6.729978325175374E307	3.6854232745422503E307	3	5	2	2	7
419000	-24740.188021927257	-8443.15952300618	-16297.028498921078	-8443.15952300618	2.42896167001451E307	9.519173842722296E307	0.204071646725035	0.9116924708080546	1.2966210795097426	0.7916864496821956	0.9116924708080546	1.2966210795097426	0.7916864496821956	0.361815966478621	0.10267786945876964	8.233225179526737E-4	0.3274456900115565	0.08331401148345521	-13453.976870362078	8.036601173590904E306	1.1790725367108362E307	1.1400891892059134E307	1.3882560296500118E307	1.1258447017063427E307	1	6	2	3	7
420000	-24717.170833867618	-8443.15952300618	-16274.011310861439	-8443.15952300618	8.314100128394617E306	3.79224113861103E307	0.204071646725035	0.9116924708080546	1.2966210795097426	0.7916864496821956	0.9116924708080546	1.2966210795097426	0.7916864496821956	0.30421725053079224	0.11862626243776271	0.0015502217537923676	0.34943929127531626	0.10496129743384304	-13431.908866715143	2.6460396979949517E306	3.104799083617022E306	7.23884315402189E306	9.711696632417666E305	1.4318245331368983E306	6	5	5	2	1
421000	-24718.36467872969	-8443.15952300618	-16275.20515572351	-8443.15952300618	2.101959493608932E307	9.086105259147105E307	0.204071646725035	0.9116924708080546	1.2966210795097426	0.7916864496821956	0.9116924708080546	1.2966210795097426	0.7916864496821956	0.24746100182915656	0.5294023605366758	0.01416775960527083	0.22353193861440468	0.5626040685030747	-13446.684655543688	2.135746074213984E307	7.254035500416572E306	2.4036596980533564E307	1.827135737906309E307	1.0559723057598E307	1	9	6	2	1
422000	-24747.26895731216	-8443.15952300618	-16304.109434305983	-8443.15952300618	6.741546051243488E307	Infinity	0.204071646725035	0.9116924708080546	1.2966210795097426	0.7916864496821956	0.9116924708080546	1.2966210795097426	0.7916864496821956	0.20232025873341777	0.0	5.854753634641678E-4	0.2227465816763108	0.10966377880382813	-13473.737047099103	3.7701941125453133E307	3.372405071886528E307	6.764962288095574E307	6.144827365092531E307	5.997467083461487E307	1	13	2	2	1
423000	-24735.128412946484	-8443.159523006178	-16291.968889940308	-8443.159523006178	1.6656571311512462E307	9.694163369720728E307	0.204071646725035	0.7864616051145498	1.2966210795097426	0.9169173153757004	0.7864616051145498	1.2966210795097426	0.9169173153757004	0.1752203239387468	0.017445506518039656	1.3732635513920853E-5	0.20866102888326823	0.017507975068907073	-13465.294949267862	6.143682208271867E307	6.048739620010817E307	3.0857288471147406E307	2.1078021889994627E307	1.7737984295373943E307	1	5	3	9	1
424000	-24732.193527428415	-8443.159523006178	-16289.034004422238	-8443.159523006178	5.732368414635679E307	Infinity	0.204071646725035	0.7864616051145498	1.2966210795097426	0.9169173153757004	0.7864616051145498	1.2966210795097426	0.9169173153757004	0.1783032815855238	0.0	1.0703744402079736E-10	0.19449548223680913	5.192560901252363E-5	-13474.585909785674	5.6549269853384E307	3.447571393845356E307	1.9481314262361643E307	1.5910567057327663E307	7.688604829205606E306	2	10	2	4	1
425000	-24721.41371381595	-8443.159523006178	-16278.254190809774	-8443.159523006178	1.050034815068206E307	6.826002617470632E307	0.204071646725035	0.7864616051145498	1.2966210795097426	0.9169173153757004	0.7864616051145498	1.2966210795097426	0.9169173153757004	0.2121087334494439	1.502608333154626E-4	1.3614094320615319E-9	0.23176486876215097	1.4930252786168958E-4	-13454.794130246397	3.5468684183280464E307	1.420004401025228E307	1.2883167322007267E307	4.37732020245086E306	5.172863946502259E306	4	5	2	7	1
426000	-24730.45251733302	-8443.159523006178	-16287.292994326843	-8443.159523006178	2.6521036492324074E307	7.210819018761145E307	0.204071646725035	0.7864616051145498	1.2966210795097426	0.9169173153757004	0.7864616051145498	1.2966210795097426	0.9169173153757004	0.289034132456991	0.002856822349540862	1.3338143235352331E-6	0.3894423643743782	0.002903642458806268	-13444.383404283399	2.575080701596926E307	1.742367791009631E307	6.728319124314217E306	8.465086423572728E306	1.5781721154949158E307	4	2	11	1	1
427000	-23201.417601889065	-6896.308178427638	-16305.109423461425	-6896.308178427638	3.207445782408535E307	1.1914951964313406E308	0.5739831744917808	0.7864616051145498	1.2966210795097426	0.9169173153757004	0.7864616051145498	1.2966210795097426	0.9169173153757004	0.38168192246299393	5.142020513645522E-4	3.310819583977825E-8	0.40612572580199124	4.958565816909187E-4	-13458.857839396367	1.383022672019277E308	1.7489403565513461E307	1.0895613725116213E307	2.2374976915324798E307	1.9324631090740994E307	1	6	5	5	2
428000	-23147.226458423323	-6896.3081784276355	-16250.918279995687	-6896.3081784276355	3.8480807224766666E307	1.5074978203730273E308	0.5739831744917808	0.8779384652596349	1.2051442193646575	0.9169173153757004	0.8779384652596349	1.2051442193646575	0.9169173153757004	0.07175293990051014	0.0013279625790875039	1.1234647198791134E-8	0.07669857117258605	0.0013711003776283141	-13465.774173094966	3.287653035207637E307	2.5369715549661663E307	2.112315179288147E307	1.9893478032557013E307	2.15581433516534E307	1	10	1	6	1
429000	-23206.782155279227	-6896.3081784276355	-16310.473976851592	-6896.3081784276355	1.8764169273601933E307	7.4781658985235E307	0.5739831744917808	0.8779384652596349	1.2051442193646575	0.9169173153757004	0.8779384652596349	1.2051442193646575	0.9169173153757004	0.6341160528986696	7.295711783454625E-5	6.182694701544534E-9	0.7638423157413973	1.0195189603988423E-4	-13452.559583479542	5.051127438227527E306	1.2186734951080004E307	1.7875916323792018E307	2.738248323065894E307	1.8453616937075808E307	1	10	1	2	5
430000	-23200.401248073562	-6896.3081784276355	-16304.093069645927	-6896.3081784276355	2.790899331893145E307	1.1639435688787073E308	0.5739831744917808	0.8779384652596349	1.2051442193646575	0.9169173153757004	0.8779384652596349	1.2051442193646575	0.9169173153757004	0.35561415039946875	9.372414782276105E-6	1.3744688939850138E-11	0.34772716463379977	1.0319357979870724E-5	-13465.3002570147	8.239918148787763E307	3.430574508708084E307	2.106438345005707E307	4.103819781941201E307	5.085146249833894E307	1	5	8	1	4
431000	-23162.04103101267	-6896.3081784276355	-16265.732852585035	-6896.3081784276355	2.3689819463616483E307	8.786179635802791E307	0.5739831744917808	0.9670505981190523	1.1160320865052402	0.9169173153757004	0.9670505981190523	1.1160320865052402	0.9169173153757004	0.19958093478416128	3.355960185847136E-7	8.640047788387741E-15	0.22723656446351426	4.0342147154194506E-7	-13452.499924118436	2.433866913095874E307	1.3223827857252113E307	8.052733039455465E306	9.320542829563422E306	1.127621317169898E307	7	1	2	1	8
432000	-23166.804857294155	-6896.3081784276355	-16270.49667886652	-6896.3081784276355	8.162757188910031E306	4.1215714022183576E307	0.5739831744917808	0.9670505981190523	1.3012224712036429	0.7317269306772979	0.9670505981190523	1.3012224712036429	0.7317269306772979	0.34166799732186615	1.6045354708685437E-7	2.3219359443632784E-15	0.3240742780244121	1.4974081912513993E-7	-13444.51690135561	3.7095510792012633E307	1.2269241288710186E307	1.1993866136287104E307	5.485890283782312E306	4.813780459068407E306	1	6	5	1	6
433000	-23173.27251424415	-6896.3081784276355	-16276.964335816512	-6896.3081784276355	1.0089955862148799E307	6.300156705739794E307	0.5739831744917808	0.8198572994713869	1.3012224712036429	0.8789202293249633	0.8198572994713869	1.3012224712036429	0.8789202293249633	0.25459403112389517	7.257040828535962E-6	2.9748815787114456E-12	0.2596387763122149	6.622522627481201E-6	-13454.652831854899	9.098072096638477E306	1.0875999811382943E307	1.4423181323128706E307	2.259408456754405E307	1.6204713854329895E307	3	5	3	2	6
434000	-23231.269151690387	-6896.3081784276355	-16334.96097326275	-6896.3081784276355	4.672184043285567E307	Infinity	0.5739831744917808	0.8198572994713869	1.3012224712036429	0.8789202293249633	0.8198572994713869	1.3012224712036429	0.8789202293249633	0.4755424121230105	0.0	4.82189800656889E-12	0.5357477832543981	4.567510079871696E-6	-13488.184140271109	1.2945231321854E308	8.006449224109034E307	1.1501857124642088E308	9.134572789043774E307	7.292474430762945E307	3	6	1	3	6
435000	-23229.48603089278	-6896.3081784276355	-16333.177852465144	-6896.3081784276355	1.3680249097035342E308	Infinity	0.5739831744917808	0.7902959199652309	1.3012224712036429	0.9084816088311193	0.7902959199652309	1.3012224712036429	0.9084816088311193	0.30519262388145296	0.0	1.6855823266776573E-12	0.2944465698728986	4.100905189381848E-6	-13493.876336487221	1.5932083239191349E308	8.705607946861295E307	1.219436239190273E308	7.847015094897392E307	2.639721755008768E307	2	3	7	6	1
436000	-23228.656060412657	-6896.3081784276355	-16332.347881985022	-6896.3081784276355	1.5653376624546498E308	Infinity	0.5739831744917808	0.8913345591934652	1.3012224712036429	0.807442969602885	0.8913345591934652	1.3012224712036429	0.807442969602885	0.27381910572041546	0.0	5.599826508649846E-12	0.307985615603951	7.85469662993416E-6	-13501.204705373666	1.1966447579500936E308	1.4979278666593323E308	4.291031582778168E307	1.8051423957630293E307	2.8420259306320314E307	2	14	1	1	1
437000	-23193.391776162483	-6896.308178427638	-16297.083597734847	-6896.308178427638	8.465000902162879E307	Infinity	0.5739831744917808	0.8913345591934652	1.1099093339588229	0.9987561068477049	0.8913345591934652	1.1099093339588229	0.9987561068477049	0.21200241443851545	0.0	3.2924228542946287E-12	0.18604918412132346	9.945031374733002E-6	-13482.803499022813	8.356772238472767E307	6.870372229232464E307	4.604601622959486E307	2.3277724473657345E307	2.797453376692482E307	2	4	1	1	11
438000	-23229.286916666406	-6896.308178427638	-16332.978738238768	-6896.308178427638	1.5234244505395446E308	Infinity	0.5739831744917808	0.8913345591934652	1.1099093339588229	0.9987561068477049	0.8913345591934652	1.1099093339588229	0.9987561068477049	0.5225370913721513	0.0	1.1239232785407369E-11	0.4185742499690168	7.775547495534324E-6	-13480.044872339839	5.853989911074314E307	2.670897285505326E307	2.5793910347723505E307	3.518819782261279E307	5.618718829961687E307	9	2	1	6	1
439000	-25138.321898196475	-8799.88808035667	-16338.433817839805	-8799.88808035667	9.943693673438156E307	Infinity	0.16206126107964147	0.8913345591934652	1.1099093339588229	0.9987561068477049	0.8913345591934652	1.1099093339588229	0.9987561068477049	0.44478662482944736	0.0	3.1292742234670806E-11	0.5591009862939913	1.0601590599006518E-5	-13486.70965187235	8.6367574309203845E307	6.444604350644034E307	8.1818916615553125E307	7.915682597013209E307	9.193488778674499E307	1	2	1	11	4
440000	-26098.584302550953	-9851.691813583499	-16246.892488967454	-9851.691813583499	2.1186289080219708E307	1.5760053039716436E308	0.08256789039910788	0.7348473558177128	1.2663965373345751	0.9987561068477049	0.7348473558177128	1.2663965373345751	0.9987561068477049	0.08060921307784497	5.028751272213312E-6	9.65991084462297E-14	0.06211493827124569	5.044939096297831E-6	-13471.995073374399	5.896995331587373E307	6.308086585583695E307	1.794059205920288E307	1.740128493737784E307	1.0529705903180898E307	10	2	1	1	5
441000	-23106.090705536382	-6857.1538876401255	-16248.936817896258	-6857.1538876401255	1.1023553589482706E307	6.847587854197428E307	0.590399524615027	0.7348473558177128	1.2663965373345751	0.9987561068477049	0.7348473558177128	1.2663965373345751	0.9987561068477049	0.14816306530037465	2.4402164828572166E-7	9.023281838581327E-16	0.12218274460808631	2.506348719453207E-7	-13456.614184353912	2.588774470474767E307	1.2812254952507105E307	1.3039481687907387E307	1.2483990957892749E307	7.374376229014869E306	10	1	2	4	2
442000	-23164.027969088842	-6857.153887640126	-16306.874081448716	-6857.153887640126	1.7567061353328417E307	9.751289630426733E307	0.590399524615027	0.7348473558177128	1.468277453706134	0.796875190476146	0.7348473558177128	1.468277453706134	0.796875190476146	0.4148530982846945	4.100207029628499E-7	5.070300406740388E-14	0.5136194434385556	4.0705208628431776E-7	-13460.339374002513	3.073087801705436E307	1.55544125972557E307	9.611689225826464E306	1.4726292282826E307	1.290475878279012E307	1	1	2	5	10
443000	-23142.316600504746	-6857.153887640126	-16285.162712864618	-6857.153887640126	2.3643505538132546E307	1.134217900009583E308	0.590399524615027	0.7348473558177128	1.468277453706134	0.796875190476146	0.7348473558177128	1.468277453706134	0.796875190476146	0.2712826262359544	5.829721183921416E-6	1.2005760967502405E-12	0.17933828923559353	6.499592539369376E-6	-13466.509141044342	6.436810410134524E307	4.655643017485509E307	1.0551263989611307E307	3.4413107196982687E307	3.3276313514913557E307	1	1	2	7	8
444000	-23179.695662497666	-6857.153887640127	-16322.541774857538	-6857.153887640127	3.77160805445775E307	Infinity	0.590399524615027	0.5875851952088634	1.468277453706134	0.9441373510849953	0.5875851952088634	1.468277453706134	0.9441373510849953	0.30781719033032906	0.0	9.844043165473746E-12	0.3597561095764622	8.655419021922326E-6	-13483.51708468638	1.120831069279257E308	1.651031799555194E308	5.314007415780251E307	1.0467457499685906E308	4.590774274770977E307	7	3	2	2	5
445000	-23178.493121605825	-6857.153887640127	-16321.339233965698	-6857.153887640127	1.1983936352517478E308	Infinity	0.590399524615027	0.5875851952088634	1.468277453706134	0.9441373510849953	0.5875851952088634	1.468277453706134	0.9441373510849953	0.28810193123591304	0.0	9.549561898966754E-12	0.2917161909485657	1.0537607489007966E-5	-13488.07247253077	1.59467002829929E308	7.819393308324059E307	5.12136947524168E307	7.016058704036964E307	7.275776928456276E307	3	3	1	6	6
446000	-23180.272247922232	-6857.153887640127	-16323.118360282106	-6857.153887640127	7.71462957545801E307	Infinity	0.590399524615027	0.5875851952088634	1.468277453706134	0.9441373510849953	0.5875851952088634	1.468277453706134	0.9441373510849953	0.2636300976455946	0.0	3.876551815808069E-15	0.2897168208883704	2.0395928956474275E-7	-13492.186520251851	1.3066720909103752E308	1.6817904235989246E308	6.186724909879462E307	4.0522554524476487E307	1.8492111239011804E307	3	5	5	2	4
447000	-23181.697458227773	-6857.153887640127	-16324.543570587644	-6857.153887640127	9.744169145165401E307	Infinity	0.590399524615027	0.5875851952088634	1.468277453706134	0.9441373510849953	0.5875851952088634	1.468277453706134	0.9441373510849953	0.36118225592279274	0.0	4.345467589645942E-14	0.3923867341550268	4.696172383764469E-7	-13476.594753579222	3.2732395657744597E307	2.7798576679734625E307	9.07242840847613E307	6.66668655281183E307	3.9181949503287243E307	3	4	5	2	5
448000	-23156.895649518647	-6857.153887640126	-16299.74176187852	-6857.153887640126	1.0076637146442292E308	Infinity	0.590399524615027	0.4434804055022226	1.6123822434127748	0.9441373510849953	0.4434804055022226	1.6123822434127748	0.9441373510849953	0.1560465322226334	0.0	8.839800800625001E-12	0.17184940330077744	1.7468637708493003E-5	-13481.539941865813	3.3492304747448324E307	6.035418478514132E307	1.2140164786276147E308	4.902721263913326E307	1.225655684450403E308	7	7	1	1	3
449000	-23169.243325111405	-6857.153887640126	-16312.08943747128	-6857.153887640126	1.75236056377561E308	Infinity	0.590399524615027	0.4434804055022226	1.6123822434127748	0.9441373510849953	0.4434804055022226	1.6123822434127748	0.9441373510849953	0.22000827175606258	0.0	1.3351760961748456E-11	0.20011930342532472	1.851330340478672E-5	-13490.087382196041	7.278105465171221E307	1.1886696451374368E308	1.2492656399401546E308	1.22409101269293E308	6.73806254047853E307	4	3	3	6	3
450000	-23165.47870752128	-6857.153887640126	-16308.324819881153	-6857.153887640126	5.36769764963037E307	Infinity	0.590399524615027	0.4434804055022226	1.6123822434127748	0.9441373510849953	0.4434804055022226	1.6123822434127748	0.9441373510849953	0.32816807145257	0.0	1.7097362932498714E-10	0.2886548327872342	4.5686572253764316E-5	-13474.437621692037	1.1958939297291123E308	5.599717400085659E307	2.9929222962721875E307	3.5951399264732663E307	2.588433441966277E307	1	3	1	13	1
451000	-23154.691280727715	-6857.153887640126	-16297.537393087588	-6857.153887640126	8.811735182557716E307	Infinity	0.590399524615027	0.4434804055022226	1.6123822434127748	0.9441373510849953	0.4434804055022226	1.6123822434127748	0.9441373510849953	0.19981260545090007	0.0	1.419332033401902E-11	0.1803970096262091	2.0239071955977452E-5	-13477.527998555854	7.838059251265052E307	2.1883633895166498E307	3.890993489846163E307	9.434394210089098E307	5.077660113735184E307	1	8	1	3	6
452000	-23166.1826006343	-6857.153887640127	-16309.028712994172	-6857.153887640127	1.159517663608958E308	Infinity	0.590399524615027	0.582823700473803	1.4730389484411943	0.9441373510849953	0.582823700473803	1.4730389484411943	0.9441373510849953	0.2667689743248628	0.0	1.974820154929944E-13	0.30462480216734583	1.437078211484809E-6	-13478.01181138879	5.903213326331743E307	1.4845150209819976E307	1.0114475882409822E307	4.587514417447639E307	4.586917084791495E307	5	4	1	3	6
453000	-23178.7949533431	-6857.153887640127	-16321.64106570297	-6857.153887640127	5.932542449009232E307	Infinity	0.590399524615027	0.582823700473803	1.4730389484411943	0.9441373510849953	0.582823700473803	1.4730389484411943	0.9441373510849953	0.26749526773901827	0.0	1.2119399874710499E-14	0.3192246620350982	3.3452985891369686E-7	-13489.751871140412	1.2969708103192904E308	1.3617926195716051E308	8.818764158095296E307	5.154156681771727E307	3.769563402701637E307	7	3	2	2	5
454000	-23158.84225111046	-6857.153887640127	-16301.688363470334	-6857.153887640127	5.656388746422913E307	Infinity	0.590399524615027	0.582823700473803	1.4730389484411943	0.9441373510849953	0.582823700473803	1.4730389484411943	0.9441373510849953	0.28406761002482583	0.0	3.3977038685811577E-14	0.2409008712389251	7.895407858657638E-7	-13479.531801806103	3.0383103479898654E307	2.9265397025017837E307	2.817645371021775E307	5.152142075810155E307	8.466461063684111E307	1	6	4	1	7
455000	-23155.983330810534	-6857.153887640127	-16298.829443170405	-6857.153887640127	3.8417973618600787E307	1.771074308006646E308	0.590399524615027	0.582823700473803	1.4730389484411943	0.9441373510849953	0.582823700473803	1.4730389484411943	0.9441373510849953	0.3379792448412882	7.963247545326805E-8	5.632922901380447E-16	0.3099090157535345	8.229872869936105E-8	-13470.37483856899	6.237054120782661E307	2.5190254652052103E307	2.2133921117473193E307	5.420046073559762E307	3.2178426772688793E307	2	6	1	3	7
456000	-23153.25369735616	-6857.153887640126	-16296.09980971603	-6857.153887640126	7.492703848127207E307	Infinity	0.590399524615027	0.7962886497136779	1.2595739992013195	0.9441373510849953	0.7962886497136779	1.2595739992013195	0.9441373510849953	0.2595717814885815	0.0	7.726951486921555E-17	0.25119252168036765	3.602614315555763E-8	-13477.748814388271	6.448097134935559E307	4.55602856205511E307	6.040299549179646E307	3.255169919794938E307	3.175989716323514E307	3	5	3	1	7
457000	-22749.406690168522	-6477.184849129011	-16272.221841039509	-6477.184849129011	1.3972585086839458E308	Infinity	0.7984940429791825	0.7962886497136779	1.2595739992013195	0.9441373510849953	0.7962886497136779	1.2595739992013195	0.9441373510849953	0.09044485121961057	0.0	4.752734800403726E-18	0.08592493371336533	2.5235240747834812E-8	-13487.150091670108	9.50441479019299E307	1.0636948385338063E308	7.061770787263782E307	6.543708958757445E307	5.756397915715459E307	4	1	3	1	10
458000	-22808.373116367286	-6477.184849129011	-16331.188267238276	-6477.184849129011	8.230736845984787E307	Infinity	0.7984940429791825	0.7962886497136779	1.2595739992013195	0.9441373510849953	0.7962886497136779	1.2595739992013195	0.9441373510849953	0.39370675099425506	0.0	7.378488466251244E-17	0.5087666471858857	1.8174975742485988E-8	-13489.133413360578	1.3829135694568958E308	6.111655595112778E307	5.031747150656745E307	6.364679593080889E307	1.0244284094867024E308	7	8	2	1	1
459000	-22810.970629164673	-6477.184849129011	-16333.785780035661	-6477.184849129011	6.986960555400409E307	Infinity	0.7984940429791825	0.7962886497136779	1.2595739992013195	0.9441373510849953	0.7962886497136779	1.2595739992013195	0.9441373510849953	0.5736412627839662	0.0	5.2946616208371814E-15	0.6388352369397717	1.1898282260939541E-7	-13484.088081052501	1.0108797760831362E308	5.747874074937334E307	6.60672711060584E307	2.1857759932312994E307	1.826909364170762E307	7	2	8	1	1
460000	-22774.933780229116	-6477.184849129012	-16297.748931100103	-6477.184849129012	2.627657171631392E307	1.5001138231221652E308	0.7984940429791825	0.5025995366349066	1.5532631122800908	0.9441373510849953	0.5025995366349066	1.5532631122800908	0.9441373510849953	0.35277014615059565	9.506859882878493E-8	1.1987289351127042E-15	0.3186561837212529	1.1262117960675383E-7	-13469.688233364695	2.8274400991519086E307	4.052302869294242E307	3.1430363016825164E307	1.4069143561275716E307	6.976531347852542E306	9	2	4	1	3
461000	-22797.371607280173	-6477.184849129012	-16320.18675815116	-6477.184849129012	7.842197195867516E307	Infinity	0.7984940429791825	0.5025995366349066	1.5532631122800908	0.9441373510849953	0.5025995366349066	1.5532631122800908	0.9441373510849953	0.28959973952321716	0.0	3.435093387245335E-15	0.2555375155379217	2.1751403343901197E-7	-13490.873494586034	1.481596190500041E308	1.1386445138872113E308	1.5909782602909386E307	1.654839355141908E307	1.9163028288436726E307	9	2	4	1	3
462000	-22762.513191923616	-6477.184849129012	-16285.328342794604	-6477.184849129012	2.118871851686071E307	1.2707855628419931E308	0.7984940429791825	0.5025995366349066	1.5532631122800908	0.9441373510849953	0.5025995366349066	1.5532631122800908	0.9441373510849953	0.20776001102768718	3.591002381911833E-7	6.686263170576378E-15	0.2281857097380472	3.504603049073116E-7	-13468.032524662405	4.1573475586882E307	6.281026374726638E307	4.515663330768212E307	1.386933575597418E307	6.490892610962093E306	9	2	4	1	3
463000	-22727.136903406226	-6477.184849129012	-16249.952054277213	-6477.184849129012	7.596586239388972E306	4.37151335326584E307	0.7984940429791825	0.5025995366349066	1.5532631122800908	0.9441373510849953	0.5025995366349066	1.5532631122800908	0.9441373510849953	0.15118462274328323	5.3177228539770065E-6	4.919425466177511E-13	0.12982388792685087	5.371511238581567E-6	-13449.026814558278	9.07379234726122E307	9.306559059713953E307	2.320683006591663E307	7.568972103753151E306	5.803901469123908E306	1	1	1	14	2
464000	-22739.873618961148	-6477.184849129012	-16262.688769832137	-6477.184849129012	4.103272273120138E306	3.645744029669436E307	0.7984940429791825	0.5025995366349066	1.5532631122800908	0.9441373510849953	0.5025995366349066	1.5532631122800908	0.9441373510849953	0.2506285393702836	2.029786246093016E-6	1.6100655145744639E-13	0.19677849759723715	2.0123414509495015E-6	-13448.1934350248	2.613879760151009E307	8.78527547131998E306	1.4717301118992977E307	3.8539059326007826E306	4.722673036982862E306	1	4	10	3	1
465000	-22708.474485702158	-6477.184849129012	-16231.289636573145	-6477.184849129012	6.892286317363585E305	5.144599030219426E306	0.7984940429791825	0.5025995366349066	1.5532631122800908	0.9441373510849953	0.5025995366349066	1.5532631122800908	0.9441373510849953	0.31345368365528004	3.4619581454765193E-6	1.8410404961925045E-12	0.3830217822807465	3.6373231595843754E-6	-13406.830414390688	1.469109952676805E307	3.2103539720949394E306	7.331087081366343E305	3.392040112159733E305	6.120500153282356E305	1	3	8	1	6
466000	-22721.703063170233	-6477.184849129012	-16244.51821404122	-6477.184849129012	6.384462498826632E306	1.805202519735276E307	0.7984940429791825	0.5025995366349066	1.5532631122800908	0.9441373510849953	0.5025995366349066	1.5532631122800908	0.9441373510849953	0.22702920794405995	7.241613830616163E-5	3.7266774708713974E-10	0.31859518008883736	5.79122944290961E-5	-13414.459480101257	2.1279439532940418E306	1.8117782236339065E306	1.1213832075107507E306	1.4518961219793353E306	3.810449986604202E306	1	3	11	2	2
467000	-22690.21445871067	-6477.184849129012	-16213.02960958166	-6477.184849129012	4.854442701310882E305	2.539148776396398E306	0.7984940429791825	0.5025995366349066	1.5532631122800908	0.9441373510849953	0.5025995366349066	1.5532631122800908	0.9441373510849953	0.43097121769716445	1.4578238250139259E-5	2.8073948758814242E-11	0.40149681358386563	1.5131698610957056E-5	-13389.326235679993	4.01633667254671E305	3.8857568661128885E305	3.516343811686107E305	5.660329193354779E305	5.242735160021753E305	3	1	2	11	2
468000	-22667.539155946215	-6477.184849129011	-16190.354306817204	-6477.184849129011	1.752361676500299E306	5.649069363020916E306	0.7984940429791825	0.3230890003113728	1.5532631122800908	1.1236478874085292	0.3230890003113728	1.5532631122800908	1.1236478874085292	0.1322073171976326	7.513032398869924E-5	9.962695047087739E-11	0.13848973095361855	7.215298055727852E-5	-13399.815842913464	6.594487630224063E305	5.1737248013164505E305	8.549422767033395E305	1.1101642445140178E306	6.689301213292247E305	3	7	2	1	6
469000	-22710.865885740284	-6477.184849129011	-16233.681036611271	-6477.184849129011	1.9443970379353535E306	6.914962912217091E306	0.7984940429791825	0.3230890003113728	1.5532631122800908	1.1236478874085292	0.3230890003113728	1.5532631122800908	1.1236478874085292	0.3655331000589565	5.0904736409308633E-5	2.9048299463625427E-10	0.3238308609151749	4.968834692041628E-5	-13405.960107293975	1.2195968431813924E306	1.1337079023360418E306	4.459712068648445E305	1.0174468707543495E306	1.9662175562670506E306	4	7	1	3	4
470000	-22682.111079120645	-6477.184849129011	-16204.926229991635	-6477.184849129011	1.6942562263261987E306	8.868673065858654E306	0.7984940429791825	0.3230890003113728	1.5532631122800908	1.1236478874085292	0.3230890003113728	1.5532631122800908	1.1236478874085292	0.11773232316131928	4.18903133744841E-6	2.5653320148359583E-13	0.11910819745917123	4.3418552471946E-6	-13415.1029054599	2.8355207574627625E306	3.829238133012266E305	7.970714133920776E305	1.8459294402907773E306	1.4157558847702595E306	4	3	1	2	9
471000	-22737.79031182806	-6477.184849129011	-16260.60546269905	-6477.184849129011	2.3655127814623592E306	1.3285724957858126E307	0.7984940429791825	0.3230890003113728	1.5532631122800908	1.1236478874085292	0.3230890003113728	1.5532631122800908	1.1236478874085292	0.4952210092414813	8.560123494429368E-6	2.0701320267149336E-11	0.5174330400306292	8.809195753865186E-6	-13423.375289698017	3.468064214153632E306	2.165326262977389E306	1.152732925815914E306	8.830063231041513E305	1.1122093560500436E306	10	4	1	2	2
472000	-22711.09511840166	-6477.184849129011	-16233.91026927265	-6477.184849129011	5.853498176823813E306	2.564297190880313E307	0.7984940429791825	0.09119798121875008	1.6961444392644087	1.212657579516834	0.09119798121875008	1.6961444392644087	1.212657579516834	0.18118750713426995	1.8740821232389457E-4	9.219835866966582E-10	0.16364978238403838	1.9073884334012343E-4	-13431.220895536715	6.781695074152293E306	3.296060248292661E306	3.2158252180485745E306	3.475012493170969E306	4.6059262709238875E306	4	5	6	2	2
473000	-22759.221235576886	-6477.184849129011	-16282.036386447875	-6477.184849129011	7.939024997023454E306	4.620691977496723E307	0.7984940429791825	0.09119798121875008	1.6961444392644087	1.212657579516834	0.09119798121875008	1.6961444392644087	1.212657579516834	0.3456130163498031	3.987824699975302E-4	1.778943999292285E-8	0.33465722978533646	3.800625938406738E-4	-13442.46682854373	6.198288737387476E307	7.661957755710201E306	6.519659331521697E306	1.5374097611437467E306	2.5112441080201632E306	6	2	2	5	4
474000	-22773.648647559658	-6477.184849129011	-16296.463798430646	-6477.184849129011	4.501571371964356E306	3.1973218711956894E307	0.7984940429791825	0.20455096737110806	1.5827914531120508	1.212657579516834	0.20455096737110806	1.5827914531120508	1.212657579516834	0.44236738414643945	7.019077662544857E-5	1.6088310768439744E-9	0.5547845779933139	6.465037377000797E-5	-13441.636359210865	1.873592865634223E307	1.251589767389539E307	1.2315373254976092E307	4.438261658215568E306	8.245595354464015E305	7	2	1	8	1
475000	-22737.394589944237	-6477.184849129012	-16260.209740815226	-6477.184849129012	6.17228046145935E306	6.57840379571528E307	0.7984940429791825	0.35341763434959683	1.433924786133562	1.212657579516834	0.35341763434959683	1.433924786133562	1.212657579516834	0.13109121898211382	4.5034080297552405E-4	4.185178049177518E-9	0.13959356204274206	4.6061357328129653E-4	-13455.540428778944	5.608003867428974E307	2.7444383586970756E307	1.5316093134362176E307	6.88185736972618E306	1.4710923960564216E306	4	6	4	4	1
476000	-22758.601773375492	-6477.184849129011	-16281.416924246481	-6477.184849129011	1.8102709291592625E307	Infinity	0.7984940429791825	0.16592033731913675	1.433924786133562	1.400154876547294	0.16592033731913675	1.433924786133562	1.400154876547294	0.14565428511687653	0.0	2.963505587094096E-11	0.13189009014084285	4.2016367292187094E-5	-13477.897109766776	1.7690238215315764E308	9.16431365285995E307	3.70844829293147E307	2.3922669380275915E307	2.300582265192652E307	3	6	8	1	1
477000	-22786.843598749314	-6477.184849129011	-16309.658749620303	-6477.184849129011	5.629986189820361E307	Infinity	0.7984940429791825	0.16592033731913675	1.433924786133562	1.400154876547294	0.16592033731913675	1.433924786133562	1.400154876547294	0.18839157625046196	0.0	5.672903781737761E-12	0.2093124246618841	1.1268135372245902E-5	-13485.760010706843	3.282837421441887E307	1.1361629662199704E308	7.018622466929354E307	1.74139467524644E307	7.265536251261602E306	3	8	6	1	1
478000	-22755.024742141424	-6477.184849129011	-16277.839893012415	-6477.184849129011	6.62100135253037E307	Infinity	0.7984940429791825	0.16592033731913675	1.433924786133562	1.400154876547294	0.16592033731913675	1.433924786133562	1.400154876547294	0.08620359143840346	0.0	2.887302972626032E-7	0.08791225569489315	0.006150967098610363	-13483.832776291827	3.9243960523264873E307	6.032920783371492E307	5.173839104201367E307	4.271577622484862E307	3.0223104377959936E307	3	11	3	1	1
479000	-22774.63815589949	-6477.184849129011	-16297.45330677048	-6477.184849129011	4.90591699717312E307	Infinity	0.7984940429791825	0.16592033731913675	1.433924786133562	1.400154876547294	0.16592033731913675	1.433924786133562	1.400154876547294	0.21472715761423253	0.0	7.492437619735996E-8	0.19486994679972228	0.0015139267849695022	-13474.879867929001	7.942238777433626E307	3.2891634617799934E307	3.4773540693186597E307	4.910820660841958E307	3.9194497770746803E307	2	8	5	1	3
480000	-22733.30937561605	-6477.184849129011	-16256.124526487038	-6477.184849129011	2.7151713239140046E307	1.0188249743015024E308	0.7984940429791825	0.3552613436508453	1.2445837798018535	1.400154876547294	0.3552613436508453	1.2445837798018535	1.400154876547294	0.1504738839907057	0.01390919513938538	3.615123807878692E-6	0.13369639518368134	0.01425309221695202	-13448.252722537307	5.290205804353575E307	7.749881972362474E306	4.2836688841883485E306	1.1334618313842759E307	1.2906658024736865E307	2	6	6	2	3
481000	-22801.60334163151	-6477.184849129011	-16324.4184925025	-6477.184849129011	3.594380522942199E307	1.5747148648291197E308	0.7984940429791825	0.3552613436508453	1.2445837798018535	1.400154876547294	0.3552613436508453	1.2445837798018535	1.400154876547294	0.3730546886324318	0.03420617510834231	1.498254630873828E-4	0.3490441422002817	0.0323603145590852	-13472.786094336563	6.861678779411606E307	4.784351372189359E307	1.153059535379923E307	2.2599960702549653E307	1.6962028371897693E307	3	3	9	2	2
482000	-22729.310548945497	-6477.184849129011	-16252.125699816488	-6477.184849129011	3.5678431352645264E306	3.054556503556089E307	0.7984940429791825	0.3552613436508453	1.2445837798018535	1.400154876547294	0.3552613436508453	1.2445837798018535	1.400154876547294	0.21363445590448618	2.803881020946816E-4	2.4399300534619906E-9	0.18337315062257356	2.7628797020167026E-4	-13436.675596398318	2.5824547806484263E307	2.7914561202843253E307	9.40229374546483E306	8.691623621030815E306	1.5819609045916272E306	3	2	1	1	12
483000	-22740.861135554514	-6477.184849129011	-16263.676286425503	-6477.184849129011	2.8011125767603155E306	3.2917679935644203E307	0.7984940429791825	0.3552613436508453	1.2445837798018535	1.400154876547294	0.3552613436508453	1.2445837798018535	1.400154876547294	0.4315963191127853	1.0475709532556995E-4	1.5994466714996668E-9	0.39452213186308066	1.223260832129706E-4	-13426.21848796662	7.00489232520925E307	3.080241287183599E307	8.920194420145406E306	2.5724294507543584E306	9.951828635761727E305	3	2	1	1	12
484000	-22744.68150731003	-6477.184849129011	-16267.496658181017	-6477.184849129011	4.908537165384951E306	5.670387709604187E307	0.7984940429791825	0.3552613436508453	1.2445837798018535	1.400154876547294	0.3552613436508453	1.2445837798018535	1.400154876547294	0.21597294915060883	3.654412865368474E-5	5.642586000381255E-11	0.19732462372186543	3.8940528412678796E-5	-13448.475876466631	2.3552707117530763E307	2.8478731699486473E307	4.023951009203475E307	2.9663732545737557E307	3.0626834741642603E306	3	2	1	1	12
485000	-22752.31693232079	-6477.184849129011	-16275.132083191778	-6477.184849129011	6.172462478939028E306	4.2632755022485364E307	0.7984940429791825	0.5212937029743675	1.2445837798018535	1.2341225172237718	0.5212937029743675	1.2445837798018535	1.2341225172237718	0.37754383487156556	3.8452555458804615E-4	1.9444445767692216E-8	0.34645074581926266	4.168224989423229E-4	-13441.582409438131	4.1372165352079746E307	2.572209637019507E307	1.0121786097489636E307	2.077172438647817E306	1.474021972861828E306	5	2	1	1	10
486000	-22725.998497943616	-6477.184849129011	-16248.813648814605	-6477.184849129011	1.8243888531707362E307	9.349757662387938E307	0.7984940429791825	0.5212937029743675	1.2445837798018535	1.2341225172237718	0.5212937029743675	1.2445837798018535	1.2341225172237718	0.10131229397407601	0.0010902533228065638	1.1530993847554243E-8	0.09735054462622919	0.0010990749040386016	-13456.41034029985	4.2178048847002283E307	3.789658307384386E307	2.808620313011726E307	7.951065396778456E306	2.9201966398518986E306	1	2	4	5	7
487000	-22766.314175913132	-6477.184849129011	-16289.129326784121	-6477.184849129011	3.9167963961081416E307	1.6277620241707151E308	0.7984940429791825	0.5212937029743675	1.2445837798018535	1.2341225172237718	0.5212937029743675	1.2445837798018535	1.2341225172237718	0.17527152010749913	7.719332141774852E-4	1.9305690561837634E-8	0.17668524774725375	7.756813158054206E-4	-13469.595290611722	7.922430603572518E307	1.32494726928088E308	5.439077093429317E307	2.092022130841992E307	1.9008229204324884E307	3	2	4	2	8
488000	-22758.106430153304	-6477.184849129011	-16280.921581024295	-6477.184849129011	2.7740049420391616E307	1.7158856787576865E308	0.7984940429791825	0.5212937029743675	1.2445837798018535	1.2341225172237718	0.5212937029743675	1.2445837798018535	1.2341225172237718	0.16962700506457284	7.365313638087479E-7	1.3259091860543069E-14	0.15800496507592068	7.290487749428537E-7	-13473.630175955754	1.5894716379787952E308	4.913341158552233E307	6.334392926697435E307	2.450157523976196E307	1.3561533548572102E307	3	5	3	2	6
489000	-22791.38385845338	-6477.184849129011	-16314.199009324371	-6477.184849129011	1.4690392023295138E308	Infinity	0.7984940429791825	0.6812083882358608	1.0846690945403603	1.2341225172237718	0.6812083882358608	1.0846690945403603	1.2341225172237718	0.23476939735838695	0.0	8.004633118806627E-15	0.23615749170941563	3.529799926368625E-7	-13487.258719399333	1.6105217625604358E308	4.617670302432717E307	5.769188039591954E307	3.795845620931162E307	4.0230316102226173E307	7	1	1	4	6
490000	-22817.414240354647	-6477.184849129011	-16340.229391225635	-6477.184849129011	7.589004639026341E307	Infinity	0.7984940429791825	0.6230543933657923	1.142823089410429	1.2341225172237718	0.6230543933657923	1.142823089410429	1.2341225172237718	0.3700942339943365	0.0	2.1668068362891253E-13	0.30337872464493376	1.5905373177955046E-6	-13499.51785769788	1.512068503214209E308	1.0252188581340157E308	7.744669053299519E307	1.3447979419994677E308	1.4089640181196369E308	9	1	4	2	3
491000	-22784.950384647775	-6477.184849129011	-16307.765535518763	-6477.184849129011	3.6911557037608193E307	Infinity	0.7984940429791825	0.6230543933657923	1.142823089410429	1.2341225172237718	0.6230543933657923	1.142823089410429	1.2341225172237718	0.232543646233364	0.0	2.3699878314711916E-9	0.21193372730632495	2.2069451626621675E-4	-13483.801415205084	1.418112399356568E308	9.081443652882622E307	3.3350071044827345E307	1.7174905940666082E307	1.0437553855345134E307	11	1	2	1	4
492000	-22757.45098463434	-6477.184849129012	-16280.266135505326	-6477.184849129012	7.772464247958732E306	4.2464856916435016E307	0.7984940429791825	0.49986798373896313	1.142823089410429	1.357308926850601	0.49986798373896313	1.142823089410429	1.357308926850601	0.2724869871818177	0.004856156380337804	2.7220329518944856E-6	0.3409713809096153	0.00490110560473661	-13445.670949661435	1.2843935045265476E307	3.833345223625492E306	3.427171188219883E306	7.719908508018698E306	8.569096302537214E306	10	1	2	4	2
493000	-22772.95519328348	-6477.184849129012	-16295.770344154467	-6477.184849129012	1.4675627591889475E307	1.0690169554306693E308	0.7984940429791825	0.49986798373896313	1.142823089410429	1.357308926850601	0.49986798373896313	1.142823089410429	1.357308926850601	0.28311094391834557	0.0037569264499323365	8.483241205709263E-7	0.2508624958303006	0.0035827360046084868	-13464.188458745071	6.552164809675533E307	5.958083566598708E307	2.986760808112485E307	3.6703914931227466E306	4.4561809717360344E306	2	9	1	5	2
494000	-22757.360678859324	-6477.184849129012	-16280.175829730311	-6477.184849129012	1.8202125983663052E307	1.55161825896441E308	0.7984940429791825	0.49986798373896313	1.142823089410429	1.357308926850601	0.49986798373896313	1.142823089410429	1.357308926850601	0.13374897270453634	1.0719672331463132E-4	2.5464879334992595E-10	0.1474276426481664	1.1506342433469734E-4	-13469.81108474523	8.469696168829678E307	6.220395512641895E307	1.922698428719723E307	6.139457670829855E306	3.202723532757227E306	2	10	2	3	2
495000	-22770.02393083134	-6477.184849129011	-16292.83908170233	-6477.184849129011	8.473722570689614E306	7.871250202583371E307	0.7984940429791825	0.49986798373896313	1.287650378349381	1.212481637911649	0.49986798373896313	1.287650378349381	1.212481637911649	0.2878139586954432	3.287519552451695E-5	9.793984265205512E-11	0.3037165136972683	3.146789687327573E-5	-13460.53964687523	5.725936632701392E307	5.790326813509351E307	1.8695962307942363E307	2.4034929910164553E306	9.33372916651363E305	4	4	5	1	5
496000	-22729.074438059706	-6477.184849129011	-16251.889588930695	-6477.184849129011	1.0336369339474175E307	7.91778513571565E307	0.7984940429791825	0.49986798373896313	1.287650378349381	1.212481637911649	0.49986798373896313	1.287650378349381	1.212481637911649	0.17653435944499515	6.427942319562674E-4	7.309379403711854E-9	0.13144084579072032	6.471648810171701E-4	-13447.810961595907	5.776754737224928E307	2.8769609269569956E307	6.953515660131133E306	4.1543509423587916E306	1.5099772004690988E306	4	3	2	6	4
497000	-22747.372786975844	-6477.184849129012	-16270.187937846833	-6477.184849129012	3.4500355581597876E306	4.52917355507568E307	0.7984940429791825	0.3448887129384465	1.287650378349381	1.3674609087121656	0.3448887129384465	1.287650378349381	1.3674609087121656	0.24376190136097875	2.630599391192251E-4	4.070937326377008E-9	0.24690608738892836	2.4937642536183266E-4	-13442.44584384146	2.868107127448722E307	1.0219426436549423E307	1.6195702442651577E307	1.5669367105951787E306	3.420859162763075E306	3	2	4	6	4
498000	-22759.77909775701	-6477.184849129012	-16282.594248628	-6477.184849129012	4.054004444690524E306	4.3869988082452297E307	0.7984940429791825	0.3448887129384465	1.287650378349381	1.3674609087121656	0.3448887129384465	1.287650378349381	1.3674609087121656	0.24640540922292897	0.01794149615918054	3.123892620923299E-5	0.32445949661387397	0.01704533080206268	-13443.880939782492	8.039156933007645E307	3.5742516394748693E307	7.195150144435535E306	3.2046309670122333E306	8.34419614099992E305	3	2	4	6	4
499000	-22741.05501210173	-6477.184849129012	-16263.870162972717	-6477.184849129012	5.429781114672728E306	4.224055196126608E307	0.7984940429791825	0.3448887129384465	1.287650378349381	1.3674609087121656	0.3448887129384465	1.287650378349381	1.3674609087121656	0.2060110354701638	0.00171079802871151	1.5956662180721376E-7	0.22651557994448435	0.0017587399704098229	-13448.783080333533	2.8911459002241336E307	1.1721655450108328E307	6.422080251460334E306	4.30932835412656E306	3.287185900207098E306	4	2	4	5	4
500000	-22749.84529157012	-6477.184849129011	-16272.660442441107	-6477.184849129011	5.05637416517792E306	2.7339226022820573E307	0.7984940429791825	0.3448887129384465	1.287650378349381	1.3674609087121656	0.3448887129384465	1.287650378349381	1.3674609087121656	0.3161176281005398	0.02023985530308999	4.892708713899974E-5	0.35059501524146647	0.020246653520403033	-13437.91243107608	1.1216466480420407E307	7.88333619908836E306	6.562864097818304E306	2.799993755270406E306	2.4007620789200793E306	4	1	5	8	1
