#
#model:
#
#<?xml version="1.0" encoding="UTF-8" standalone="no"?><input id="posterior" spec="beast.base.inference.CompoundDistribution">
#    <distribution id="prior" spec="beast.base.inference.CompoundDistribution">
#        <distribution id="BayesianSkyline.t:HRTV_S_BEAST" spec="beast.base.evolution.tree.coalescent.BayesianSkyline">
#            <parameter dimension="5" id="bPopSizes.t:HRTV_S_BEAST" lower="0.0" name="popSizes" spec="beast.base.inference.parameter.RealParameter">380.0</parameter>
#            <groupSizes dimension="5" id="bGroupSizes.t:HRTV_S_BEAST" spec="beast.base.inference.parameter.IntegerParameter">1</groupSizes>
#            <treeIntervals id="BSPTreeIntervals.t:HRTV_S_BEAST" spec="beast.base.evolution.tree.TreeIntervals">
#                <tree id="Tree.t:HRTV_S_BEAST" spec="beast.base.evolution.tree.Tree">
#                    <trait id="dateTrait.t:HRTV_S_BEAST" spec="beast.base.evolution.tree.TraitSet" traitname="date" value="HRTV-23_T_S_2019=2019,HRTV-26_T_S_2019=2019,HRTV-404_T_S_2021=2021,HRTV-100_T_S_2022=2022,HRTV-187_T_S_2022=2022,HRTV-056F_T_S_2023=2023,HRTV-504_T_S_2019=2019,HRTV-432R_T_S_2023=2023,HRTV-642T_T_S_2023=2023,JX005843_H_S_MO_2009=2009,OQ688983.1_T_S_MO_2012=2012,OQ688989.1_T_S_MO_2012=2012,OQ688986.1_T_S_KS_2015=2015,OQ688993.1_H_S_OK_2017=2017,MZ440341_T_S_NY_2018=2018,MZ440344_T_S_NY_2018=2018,NC_024496_H_S_MO_2009=2009,KJ740146_H_S_TN_2013=2013,OQ688998.1_H_S_KY_2017=2017,OQ689001.1_H_S_MO_2017=2017">
#                        <taxa id="TaxonSet.HRTV_S_BEAST" spec="beast.base.evolution.alignment.TaxonSet">
#                        </taxa>
#                    </trait>
#                    <taxonset idref="TaxonSet.HRTV_S_BEAST"/>
#                </tree>
#            </treeIntervals>
#        </distribution>
#        <distribution id="MarkovChainedPopSizes.t:HRTV_S_BEAST" parameter="@bPopSizes.t:HRTV_S_BEAST" shape="1.5" spec="beast.base.inference.distribution.MarkovChainDistribution" useLogNormal="true"/>
#        <prior id="ORCRatePriorDistribution.c:HRTV_S_BEAST" name="distribution">
#            <parameter dimension="38" id="ORCRates.c:HRTV_S_BEAST" lower="1.0E-100" name="x" spec="beast.base.inference.parameter.RealParameter">0.5</parameter>
#            <LogNormal id="LogNormalDistributionModel.0" meanInRealSpace="true" name="distr">
#                <parameter estimate="false" id="RealParameter.2" name="M" spec="beast.base.inference.parameter.RealParameter">1.0</parameter>
#                <parameter id="ORCsigma.c:HRTV_S_BEAST" lower="0.0" name="S" spec="beast.base.inference.parameter.RealParameter">0.2</parameter>
#            </LogNormal>
#        </prior>
#        <prior id="ORCsigmaPrior.c:HRTV_S_BEAST" name="distribution" x="@ORCsigma.c:HRTV_S_BEAST">
#            <Gamma id="Gamma.0" name="distr">
#                <parameter estimate="false" id="RealParameter.3" name="alpha" spec="beast.base.inference.parameter.RealParameter">5.0</parameter>
#                <parameter estimate="false" id="RealParameter.4" name="beta" spec="beast.base.inference.parameter.RealParameter">0.05</parameter>
#            </Gamma>
#        </prior>
#        <prior id="ORCucldMeanPrior.c:HRTV_S_BEAST" name="distribution">
#            <parameter id="ORCucldMean.c:HRTV_S_BEAST" name="x" spec="beast.base.inference.parameter.RealParameter">0.0016226</parameter>
#            <Gamma id="Gamma.1" name="distr">
#                <alpha id="Function$Constant.1" spec="beast.base.core.Function$Constant" value="0.1"/>
#                <beta id="Function$Constant.2" spec="beast.base.core.Function$Constant" value="100.0"/>
#            </Gamma>
#        </prior>
#        <prior id="Standard_TPM3_rates_prior.s:HRTV_S_BEAST" name="distribution">
#            <parameter dimension="3" id="TPM3rates.s:HRTV_S_BEAST" lower="0.0" name="x" spec="beast.base.inference.parameter.RealParameter">1.0 1.0 1.0</parameter>
#            <distr id="Dirichlet.0" spec="beast.base.inference.distribution.Dirichlet">
#                <alpha id="Function$Constant.0" spec="beast.base.core.Function$Constant" value="1.0 1.0 1.0"/>
#            </distr>
#        </prior>
#        <prior id="PropInvariantPrior.s:HRTV_S_BEAST" name="distribution">
#            <parameter id="proportionInvariant.s:HRTV_S_BEAST" lower="0.0" name="x" spec="beast.base.inference.parameter.RealParameter" upper="1.0">0.769</parameter>
#            <Uniform id="Uniform.2" name="distr"/>
#        </prior>
#    </distribution>
#    <distribution id="likelihood" spec="beast.base.inference.CompoundDistribution" useThreads="true">
#        <distribution data="@HRTV_S_BEAST" id="treeLikelihood.HRTV_S_BEAST" spec="beast.base.evolution.likelihood.ThreadedTreeLikelihood" tree="@Tree.t:HRTV_S_BEAST">
#            <siteModel id="SiteModel.s:HRTV_S_BEAST" proportionInvariant="@proportionInvariant.s:HRTV_S_BEAST" spec="beast.base.evolution.sitemodel.SiteModel">
#                <parameter estimate="false" id="mutationRate.s:HRTV_S_BEAST" lower="0.0" name="mutationRate" spec="beast.base.inference.parameter.RealParameter">1.0</parameter>
#                <parameter estimate="false" id="gammaShape.s:HRTV_S_BEAST" lower="0.1" name="shape" spec="beast.base.inference.parameter.RealParameter">1.0</parameter>
#                <substModel id="Standard_TPM3.s:HRTV_S_BEAST" rates="@TPM3rates.s:HRTV_S_BEAST" spec="substmodels.nucleotide.TPM3"/>
#            </siteModel>
#            <branchRateModel clock.rate="@ORCucldMean.c:HRTV_S_BEAST" id="OptimisedRelaxedClock.c:HRTV_S_BEAST" rates="@ORCRates.c:HRTV_S_BEAST" spec="beast.base.evolution.branchratemodel.UCRelaxedClockModel" tree="@Tree.t:HRTV_S_BEAST">
#                <LogNormal S="@ORCsigma.c:HRTV_S_BEAST" id="ORCLogNormalDistributionModel.c:HRTV_S_BEAST" meanInRealSpace="true" name="distr">
#                    <parameter estimate="false" id="RealParameter.1" name="M" spec="beast.base.inference.parameter.RealParameter">1.0</parameter>
#                </LogNormal>
#            </branchRateModel>
#        </distribution>
#    </distribution>
#</input>
#
Sample	posterior	likelihood	prior	treeLikelihood	Tree.height	Tree.treeLength	proportionInvariant	RateAC-Standard_TPM3	RateAG-Standard_TPM3	RateAT-Standard_TPM3	RateCG-Standard_TPM3	RateCT-Standard_TPM3	RateGT-Standard_TPM3	ORCsigma	ORCRatesStat.mean	ORCRatesStat.variance	ORCRatesStat.coefficientOfVariation	ORCucldMean	BayesianSkyline	bPopSizes.1	bPopSizes.2	bPopSizes.3	bPopSizes.4	bPopSizes.5	bGroupSizes.1	bGroupSizes.2	bGroupSizes.3	bGroupSizes.4	bGroupSizes.5
0	-19120.90662994524	-3436.257795603709	-15684.648834341531	-3436.257795603709	7.51458969431871E307	Infinity	0.5436215205168727	0.08522161796952088	2.4117820273151143	0.5029963547153635	0.08522161796952088	2.4117820273151143	0.5029963547153635	0.24292442168953313	0.0	0.0	0.0	2.8579417573998E-310	-13486.72682079707	6.57935133251068E307	7.515757381108046E307	5.110267087947832E307	9.699306130940645E307	8.89097307851006E307	1	1	7	5	5
1000	-19095.579105534693	-3447.277925375509	-15648.301180159182	-3447.277925375509	4.351189587120157E307	Infinity	0.5436215205168727	0.08522161796952088	2.4117820273151143	0.5029963547153635	0.08522161796952088	2.4117820273151143	0.5029963547153635	0.13054289511333583	0.0	0.0	0.0	5.5867986240136E-310	-13473.39757711953	8.47017770556037E307	5.318348273243488E307	5.035663810345192E307	3.1136879799356395E307	4.920927980153154E307	3	3	2	3	8
2000	-19130.3691545701	-3446.6402981419456	-15683.728856428155	-3446.6402981419456	1.7955616049094602E308	Infinity	0.5436215205168727	0.08522161796952088	2.3098861817583534	0.6048922002721244	0.08522161796952088	2.3098861817583534	0.6048922002721244	0.2203925955872609	0.0	0.0	0.0	1.2489846428193E-310	-13496.623467765867	1.4656314773748858E308	1.2160554750780986E308	5.235211748446846E307	1.3880862861644597E308	1.242994054636276E308	2	1	2	4	10
3000	-19101.27496695624	-3447.9063681335883	-15653.368598822652	-3447.9063681335883	5.473888993435192E307	Infinity	0.5436215205168727	0.18086129663541092	2.3098861817583534	0.5092525216062344	0.18086129663541092	2.3098861817583534	0.5092525216062344	0.11294991443359223	0.0	0.0	0.0	3.56602740850203E-310	-13479.882303762664	7.857909963530562E307	5.955505513484431E307	2.620901440307404E307	4.571292153245362E307	3.6803094334827566E307	1	2	2	8	6
4000	-19135.46072850054	-3444.1279230970786	-15691.332805403461	-3444.1279230970786	1.7197424234153514E308	Infinity	0.5436215205168727	0.04392112667598925	2.446826351717775	0.5092525216062344	0.04392112667598925	2.446826351717775	0.5092525216062344	0.17980468230305346	0.0	0.0	0.0	1.1324915936883E-310	-13498.460499661998	1.7210213000619789E308	1.1055350449245722E308	1.4235281799123602E308	1.5262165338348976E308	7.788884168790899E307	2	2	3	8	4
5000	-19103.988251651466	-3436.9378514840378	-15667.050400167429	-3436.9378514840378	1.0104758263703588E308	Infinity	0.5436215205168727	0.04392112667598925	2.446826351717775	0.5092525216062344	0.04392112667598925	2.446826351717775	0.5092525216062344	0.1462007168702242	0.0	0.0	0.0	1.79596698465703E-310	-13486.577912205714	1.2916610358423666E308	2.7125778959738765E307	6.728592061767194E307	9.709077002608221E307	3.2801002434204726E307	1	2	2	11	3
6000	-19138.267792193445	-3457.8467531603324	-15680.421039033114	-3457.8467531603324	5.984918090451056E307	Infinity	0.5436215205168727	0.12530160387460929	2.446826351717775	0.42787204440761434	0.12530160387460929	2.446826351717775	0.42787204440761434	0.23688871660500693	0.0	0.0	0.0	2.7061314753351E-310	-13485.212114881464	1.544840403869907E308	3.890190591021564E307	8.253952748545313E307	6.332382048648464E307	3.947331305940551E307	2	2	1	12	2
7000	-19131.058082768774	-3434.604243046757	-15696.453839722017	-3434.604243046757	6.913753579888642E307	Infinity	0.5436215205168727	0.12530160387460929	2.446826351717775	0.42787204440761434	0.12530160387460929	2.446826351717775	0.42787204440761434	0.3861429438479582	0.0	0.0	0.0	2.7989821322734E-310	-13482.704207436063	2.5263444883893625E307	3.077992935777119E307	7.535571596052559E307	7.532467040293771E307	3.055212914729495E307	4	1	2	6	6
8000	-19111.330208659623	-3441.0832531551337	-15670.246955504488	-3441.0832531551337	5.86813540137356E307	Infinity	0.5436215205168727	0.12530160387460929	2.5352622128565816	0.33943618326880776	0.12530160387460929	2.5352622128565816	0.33943618326880776	0.22568574614887896	0.0	0.0	0.0	3.1227914100909E-310	-13480.832837282782	8.689183088326571E307	4.171298881343271E307	4.781541424658317E307	4.850080903871363E307	3.764458779429923E307	3	1	6	2	7
9000	-19117.263441322986	-3438.434580295002	-15678.828861027985	-3438.434580295002	8.262262272304956E307	Infinity	0.5436215205168727	0.12530160387460929	2.5352622128565816	0.33943618326880776	0.12530160387460929	2.5352622128565816	0.33943618326880776	0.17567969119297713	0.0	0.0	0.0	1.868017537858E-310	-13493.199136055027	6.832769647473567E307	6.98824328397881E307	7.009174343709738E307	2.902521384572847E307	4.4100123983687263E307	2	6	6	1	4
10000	-19123.779699656076	-3441.222399413076	-15682.557300243001	-3441.222399413076	1.5192920490407709E308	Infinity	0.5436215205168727	0.12530160387460929	2.5352622128565816	0.33943618326880776	0.12530160387460929	2.5352622128565816	0.33943618326880776	0.1599477469374601	0.0	0.0	0.0	1.3535626828666E-310	-13498.785669472281	9.923566134003432E307	1.0531821324314628E308	1.6240298659567367E308	1.7304297197602589E308	1.2621885542803465E308	3	6	4	2	4
11000	-19105.10182119492	-3440.4248441481122	-15664.676977046805	-3440.4248441481122	5.286117680493728E307	Infinity	0.7416836524773704	0.12530160387460929	2.5352622128565816	0.33943618326880776	0.12530160387460929	2.5352622128565816	0.33943618326880776	0.15327586861629283	0.0	0.0	0.0	3.2008957146972E-310	-13487.050119937638	1.0340597167342366E308	1.4240549890507829E308	6.670140467887655E307	9.860382249733176E307	9.257280747748067E307	1	3	4	3	8
12000	-19119.48779114843	-3430.4068085458252	-15689.080982602603	-3430.4068085458252	7.679554681177332E307	Infinity	0.7416836524773704	0.12530160387460929	2.5352622128565816	0.33943618326880776	0.12530160387460929	2.5352622128565816	0.33943618326880776	0.309048729472258	0.0	0.0	0.0	2.1853545478588E-310	-13485.81804048307	6.787758791429333E307	6.255420303938324E307	8.245687823768447E307	2.8105778425386874E307	2.5883142708436254E307	5	2	9	2	1
13000	-19062.10528641564	-3425.135578976274	-15636.969707439368	-3425.135578976274	2.60281309353458E307	1.3373150847028044E308	0.7416836524773704	0.12530160387460929	2.5352622128565816	0.33943618326880776	0.12530160387460929	2.5352622128565816	0.33943618326880776	0.11390292861107158	7.32524186844815E-310	0.0	0.0	7.5892226266976E-310	-13465.552650075208	2.6148886509934575E307	2.2271952654324038E307	2.4345567675987906E307	1.7963279744032517E307	5.616758874210419E306	1	5	6	6	1
14000	-19074.844579438064	-3438.261973695983	-15636.582605742082	-3438.261973695983	4.986110905750201E307	Infinity	0.7416836524773704	0.12530160387460929	2.5352622128565816	0.33943618326880776	0.12530160387460929	2.5352622128565816	0.33943618326880776	0.07259933712803512	0.0	0.0	0.0	3.89119430683034E-310	-13483.244617829947	4.498316967924974E307	3.0448571724210685E307	6.912170293463575E307	4.4308504701966835E307	4.893440299751955E307	1	2	1	5	10
15000	-19093.25722358351	-3427.6188299264522	-15665.63839365706	-3427.6188299264522	3.1826102782219494E307	1.4012381879570252E308	0.7416836524773704	0.12530160387460929	2.5352622128565816	0.33943618326880776	0.12530160387460929	2.5352622128565816	0.33943618326880776	0.24752581318302128	7.6851252521978E-310	0.0	0.0	7.63648435911757E-310	-13467.137549065981	3.0978016266431634E307	3.4175017158421045E307	4.01172634266556E307	7.14408401535823E307	4.1614310844863345E307	5	2	6	2	4
16000	-19081.416481915156	-3426.4367175966922	-15654.979764318465	-3426.4367175966922	3.996046064793894E307	Infinity	0.7416836524773704	0.12530160387460929	2.5352622128565816	0.33943618326880776	0.12530160387460929	2.5352622128565816	0.33943618326880776	0.21130769728402884	0.0	0.0	0.0	6.66054128082075E-310	-13470.059183399859	2.8011686293507017E307	2.6194833825506955E307	2.525752463626592E307	8.416110730499623E307	3.0593224012199316E307	2	9	2	1	5
17000	-19094.95074148469	-3424.2863834665313	-15670.664358018155	-3424.2863834665313	5.738859320441561E307	Infinity	0.7416836524773704	0.12530160387460929	2.5352622128565816	0.33943618326880776	0.12530160387460929	2.5352622128565816	0.33943618326880776	0.2317892227731645	0.0	0.0	0.0	3.390126872113E-310	-13481.78748008554	8.574833954864504E307	6.86374268893318E307	5.700057672705415E307	3.6782090533255276E307	3.849574845239452E307	3	6	5	1	4
18000	-19105.328876431588	-3437.904984505441	-15667.423891926148	-3437.904984505441	9.853019683899745E307	Infinity	0.7416836524773704	0.12530160387460929	2.5352622128565816	0.33943618326880776	0.12530160387460929	2.5352622128565816	0.33943618326880776	0.1523410762432673	0.0	0.0	0.0	1.8231070658451E-310	-13493.900295791154	1.4913653661090003E308	4.821025707141428E307	9.652620395290554E307	5.579934736128863E307	2.7363433713053056E307	1	6	6	2	4
19000	-19129.682884396105	-3442.3663037064125	-15687.31658068969	-3442.3663037064125	1.2726927283914198E308	Infinity	0.7416836524773704	0.12530160387460929	2.392756948584734	0.48194144754065515	0.12530160387460929	2.392756948584734	0.48194144754065515	0.16952636569411803	0.0	0.0	0.0	1.1728887156305E-310	-13500.067592704583	1.5330595107983097E308	1.447552305392735E308	1.565160588832138E308	6.696858439684149E307	3.4356421701668785E307	9	1	3	2	4
20000	-19131.70769405263	-3426.0259362616907	-15705.68175779094	-3426.0259362616907	1.1452843671887633E308	Infinity	0.7416836524773704	0.12530160387460929	2.392756948584734	0.48194144754065515	0.12530160387460929	2.392756948584734	0.48194144754065515	0.38677451893306086	0.0	0.0	0.0	2.09776368142322E-310	-13493.571390392917	1.0286572422722886E308	1.0478282532829278E308	7.290238570963496E307	1.3519234800188084E307	1.1392148172596838E307	2	13	1	2	1
21000	-19117.493002712978	-3424.950090661051	-15692.542912051927	-3424.950090661051	4.0591486340658537E307	Infinity	0.7416836524773704	0.12530160387460929	2.392756948584734	0.48194144754065515	0.12530160387460929	2.392756948584734	0.48194144754065515	0.3259421683933979	0.0	0.0	0.0	3.9288149417305E-310	-13478.582799562291	8.333956646459916E307	8.179274889715937E307	7.601458315324839E307	1.5511225958001476E307	1.5117124851313473E307	7	8	1	1	2
22000	-19078.269613780576	-3425.7502287623465	-15652.519385018231	-3425.7502287623465	8.731423851823147E307	Infinity	0.7416836524773704	0.12530160387460929	2.552240545766872	0.32245785035851754	0.12530160387460929	2.552240545766872	0.32245785035851754	0.08111025226396637	0.0	0.0	0.0	2.13898644841887E-310	-13494.355005608844	1.55056617587444E308	1.5187607259659956E308	7.217669400103459E307	1.0454151033546595E308	3.9339900627768404E307	2	9	1	5	2
23000	-19106.95586894118	-3424.0469945170817	-15682.908874424096	-3424.0469945170817	1.1493506730552529E308	Infinity	0.7416836524773704	0.12530160387460929	2.4474027909462936	0.42729560517909565	0.12530160387460929	2.4474027909462936	0.42729560517909565	0.22459191335417844	0.0	0.0	0.0	1.99264544237844E-310	-13489.582969099318	1.200707211576E308	3.237068418273772E307	9.743235250775527E307	1.0635577416115463E308	4.950815170678126E307	3	1	7	4	4
24000	-19104.247579734685	-3432.530101602352	-15671.717478132332	-3432.530101602352	9.912289158738658E307	Infinity	0.7416836524773704	0.12530160387460929	2.4474027909462936	0.42729560517909565	0.12530160387460929	2.4474027909462936	0.42729560517909565	0.15465429632641556	0.0	0.0	0.0	2.37068493351837E-310	-13491.493004617623	1.5694103746248574E308	9.37828410310643E307	5.232464711346222E307	1.0161463757927884E308	6.042155168890351E307	1	1	2	10	5
25000	-19116.56852291258	-3427.1726944369248	-15689.395828475657	-3427.1726944369248	1.2606049584092359E308	Infinity	0.7416836524773704	0.12530160387460929	2.4474027909462936	0.42729560517909565	0.12530160387460929	2.4474027909462936	0.42729560517909565	0.21239218423129314	0.0	0.0	0.0	1.32805300814045E-310	-13500.412820456879	1.5951837035815676E308	8.354283765724186E307	9.607574343473803E307	1.129024790882455E308	1.0849603925350292E308	1	6	6	3	3
26000	-19108.334756493707	-3431.675437895762	-15676.659318597945	-3431.675437895762	6.897252987497631E307	Infinity	0.7416836524773704	0.12530160387460929	2.4474027909462936	0.42729560517909565	0.12530160387460929	2.4474027909462936	0.42729560517909565	0.2658586829186806	0.0	0.0	0.0	3.7268728253855E-310	-13476.563139787258	4.96829591625051E307	4.369554869420968E307	7.408269833638316E307	8.300372302708473E307	5.426546021389094E307	1	6	7	4	1
27000	-19101.47003890864	-3423.7884516392423	-15677.681587269397	-3423.7884516392423	6.959517553573394E307	Infinity	0.7416836524773704	0.12530160387460929	2.4474027909462936	0.42729560517909565	0.12530160387460929	2.4474027909462936	0.42729560517909565	0.2474769309022345	0.0	0.0	0.0	2.8005493921097E-310	-13484.985319765083	3.6903291606200047E307	1.1592860950224112E308	1.0087110118241517E308	9.520261232765246E307	5.927882912162818E307	1	1	2	2	13
28000	-19106.503576716106	-3430.2610858363414	-15676.242490879764	-3430.2610858363414	8.076999248528421E307	Infinity	0.7416836524773704	0.12530160387460929	2.4474027909462936	0.42729560517909565	0.12530160387460929	2.4474027909462936	0.42729560517909565	0.2026491077150035	0.0	0.0	0.0	2.7213530537123E-310	-13484.453254158208	1.018726409043221E308	1.2870144594854645E308	7.503631596217241E307	4.876739490388852E307	4.2694703370458373E307	8	1	2	5	3
29000	-19080.980208140747	-3427.7259576709685	-15653.254250469778	-3427.7259576709685	3.338539712350121E307	1.755991021354318E308	0.7416836524773704	0.12530160387460929	2.4474027909462936	0.42729560517909565	0.12530160387460929	2.4474027909462936	0.42729560517909565	0.16399269213430615	5.50786246809587E-310	0.0	0.0	5.1386953673869E-310	-13472.720175084614	5.906925964916213E307	4.953099635545686E307	4.697387863546773E307	2.3812610994007367E307	2.552223310199823E307	1	2	8	2	6
30000	-19061.990458912853	-3423.0790602703605	-15638.911398642493	-3423.0790602703605	2.1164664992451534E307	1.0227294395967812E308	0.7416836524773704	0.12530160387460929	2.4474027909462936	0.42729560517909565	0.12530160387460929	2.4474027909462936	0.42729560517909565	0.17344374438337198	8.22490804860156E-310	0.0	0.0	7.8847692793946E-310	-13461.20120331786	1.53928473406475E308	5.670554600330542E307	1.9744111639047066E307	2.994667956570683E307	1.4511336742899912E307	1	1	11	3	3
31000	-19083.768700082932	-3430.409816302666	-15653.358883780267	-3430.409816302666	2.777726133543298E307	1.5024228446287364E308	0.7416836524773704	0.2743233934096166	2.4474027909462936	0.2782738156440884	0.2743233934096166	2.4474027909462936	0.2782738156440884	0.24354545949919157	6.0675502855225E-310	0.0	0.0	6.08777398416273E-310	-13469.295047204047	3.9573353931207864E307	3.9671567388765925E307	2.969883155474452E307	2.2408264502531759E307	1.7740032122481702E307	4	5	6	3	1
32000	-19067.576469418775	-3429.022061720641	-15638.554407698135	-3429.022061720641	4.26458508735219E307	Infinity	0.7416836524773704	0.2743233934096166	2.4474027909462936	0.2782738156440884	0.2743233934096166	2.4474027909462936	0.2782738156440884	0.12496079854517347	0.0	0.0	0.0	5.1687132305187E-310	-13472.913436257671	5.236110697811994E307	4.41339275845394E307	6.656017852863064E307	2.81479541327976E307	2.570788181253371E307	4	10	1	1	3
33000	-19087.840022367498	-3440.3306309464206	-15647.509391421077	-3440.3306309464206	2.949535653144427E307	1.313463847965786E308	0.7416836524773704	0.2743233934096166	2.4474027909462936	0.2782738156440884	0.2743233934096166	2.4474027909462936	0.2782738156440884	0.17986877611054136	7.7477449203097E-310	0.0	0.0	8.19562117503533E-310	-13466.018817034286	8.70804448280974E307	3.0672502712209763E307	2.943274202530565E307	3.3050379228825305E307	2.33208321282884E307	1	5	6	2	5
34000	-19057.172755759446	-3455.502572988925	-15601.67018277052	-3455.502572988925	1.552378328548761E307	8.500250497966121E307	0.7416836524773704	0.2743233934096166	2.3434553426941314	0.3822212638962505	0.2743233934096166	2.3434553426941314	0.3822212638962505	0.05782608540007783	1.360378970199033E-309	0.0	0.0	1.362654665324856E-309	-13458.740531006784	1.910392391636849E307	1.393392511064156E307	1.140215296507142E307	1.2995870441813686E307	7.027144773987365E306	5	2	3	7	2
35000	-19111.523525702596	-3443.3635484656893	-15668.159977236908	-3443.3635484656893	4.091172378419526E307	Infinity	0.7416836524773704	0.2743233934096166	2.3434553426941314	0.3822212638962505	0.2743233934096166	2.3434553426941314	0.3822212638962505	0.21884854987558217	0.0	0.0	0.0	3.57072233203505E-310	-13481.598870751826	4.005475268637317E307	2.0343429414176296E307	1.1030017315489241E307	5.896410554014903E307	2.643410481757365E307	11	1	1	3	3
36000	-19061.1053190739	-3441.5016994138814	-15619.603619660018	-3441.5016994138814	3.5862705993222087E307	1.4002591632607485E308	0.7416836524773704	0.2743233934096166	2.3434553426941314	0.3822212638962505	0.2743233934096166	2.3434553426941314	0.3822212638962505	0.0989842532329975	6.8019046172059E-310	0.0	0.0	6.93757618844415E-310	-13461.96948625735	4.3689096227325656E307	3.361012419879059E307	1.4225499268587646E307	2.249145985154993E307	1.9737646263627674E307	1	2	7	6	3
37000	-19068.382804011333	-3425.617485230482	-15642.765318780852	-3425.617485230482	3.0166092693564884E307	1.350420922863339E308	0.7416836524773704	0.2743233934096166	2.3434553426941314	0.3822212638962505	0.2743233934096166	2.3434553426941314	0.3822212638962505	0.17179751720179753	7.02521599052105E-310	0.0	0.0	6.8359224338593E-310	-13465.926845321399	4.930000406061535E307	3.237728606405306E307	3.257080383752942E307	1.6495055230324132E307	1.617247743476225E307	1	1	8	7	2
38000	-19113.98154038647	-3439.5707124486653	-15674.410827937803	-3439.5707124486653	5.320114426256524E307	Infinity	0.7416836524773704	0.2743233934096166	2.3434553426941314	0.3822212638962505	0.2743233934096166	2.3434553426941314	0.3822212638962505	0.21563842049321993	0.0	0.0	0.0	3.0010519887784E-310	-13479.089625898889	2.6187862595007194E307	3.2588030799001445E307	8.801607116159046E307	6.252830631374152E307	1.814600073936787E307	3	2	7	3	4
39000	-19124.897883835376	-3437.2581464619166	-15687.63973737346	-3437.2581464619166	6.035278298984015E307	Infinity	0.7416836524773704	0.2743233934096166	2.3434553426941314	0.3822212638962505	0.2743233934096166	2.3434553426941314	0.3822212638962505	0.2864747358220462	0.0	0.0	0.0	3.72604986210527E-310	-13481.296264219804	5.256711484860322E307	4.779474947669385E307	6.319219527579945E307	7.445639047192485E307	4.094304224530651E307	3	3	5	5	3
40000	-19128.95908404092	-3444.112885715428	-15684.846198325491	-3444.112885715428	8.84469975416924E307	Infinity	0.7416836524773704	0.2743233934096166	2.3434553426941314	0.3822212638962505	0.2743233934096166	2.3434553426941314	0.3822212638962505	0.21368753514843758	0.0	0.0	0.0	2.26403944373197E-310	-13495.311649122215	8.882233143344628E307	1.1059590565687997E308	6.271391243532236E307	9.310668232045544E307	8.270969099042209E307	2	2	5	2	8
41000	-19121.899267295303	-3435.7285133544538	-15686.17075394085	-3435.7285133544538	6.593562666905623E307	Infinity	0.7416836524773704	0.2743233934096166	2.3434553426941314	0.3822212638962505	0.2743233934096166	2.3434553426941314	0.3822212638962505	0.23138571379514686	0.0	0.0	0.0	2.3104836024402E-310	-13487.72102820068	1.2298754742097065E308	8.518315608776039E307	9.199336343482834E307	9.129628588332853E307	4.387355784564243E307	2	2	5	8	2
42000	-19102.234638356458	-3425.990717337249	-15676.243921019208	-3425.990717337249	8.785840791562183E307	Infinity	0.7416836524773704	0.2743233934096166	2.3434553426941314	0.3822212638962505	0.2743233934096166	2.3434553426941314	0.3822212638962505	0.19455470094002894	0.0	0.0	0.0	2.12796319752535E-310	-13491.143004788788	8.376412525168771E307	6.724924329442508E307	1.0196316800883414E308	1.5010404007844193E308	6.819827134654001E307	5	6	2	5	1
43000	-19103.08766525541	-3441.537067000966	-15661.550598254444	-3441.537067000966	1.1393379450103734E308	Infinity	0.7416836524773704	0.2743233934096166	2.3434553426941314	0.3822212638962505	0.2743233934096166	2.3434553426941314	0.3822212638962505	0.10527102044047101	0.0	0.0	0.0	1.91356290850834E-310	-13494.078538770193	1.2755369322704406E308	1.2840301146800948E308	1.0733774554643876E308	2.895734840571928E307	1.0177134566148674E307	11	1	5	1	1
44000	-19091.337398539614	-3436.1112554011315	-15655.226143138481	-3436.1112554011315	1.4116756928147532E308	Infinity	0.7416836524773704	0.16444182775390878	2.453336908349839	0.3822212638962505	0.16444182775390878	2.453336908349839	0.3822212638962505	0.06171908993561362	0.0	0.0	0.0	1.08249096148875E-310	-13503.3515443925	1.0538772495615028E308	1.5468972693811883E308	1.6217471759976872E308	1.0312464451472784E308	6.88277471470224E307	7	5	5	1	1
45000	-19113.203098058097	-3431.4238049868027	-15681.779293071295	-3431.4238049868027	4.78037922892714E307	Infinity	0.7416836524773704	0.16444182775390878	2.453336908349839	0.3822212638962505	0.16444182775390878	2.453336908349839	0.3822212638962505	0.22918365342312377	0.0	0.0	0.0	2.47393976739983E-310	-13485.084525308535	4.863399488126619E307	7.241002693333468E307	9.53553860756592E307	9.469711017232248E307	3.6880943990119426E307	2	4	3	7	3
46000	-19136.314298511545	-3447.409054907215	-15688.905243604331	-3447.409054907215	5.141052049199163E307	Infinity	0.7416836524773704	0.16444182775390878	2.453336908349839	0.3822212638962505	0.16444182775390878	2.453336908349839	0.3822212638962505	0.2570398232018094	0.0	0.0	0.0	2.4335121186804E-310	-13490.882249904038	1.601370967674659E308	1.4461120967472048E308	7.762955980811602E307	1.3084132060892345E308	5.716731471145995E307	7	2	4	2	4
47000	-19126.621529640674	-3439.2264485808823	-15687.395081059793	-3439.2264485808823	4.4049282712126403E307	Infinity	0.7416836524773704	0.16444182775390878	2.453336908349839	0.3822212638962505	0.16444182775390878	2.453336908349839	0.3822212638962505	0.23664571518982025	0.0	0.0	0.0	2.77095887961803E-310	-13486.088755124161	1.601703719367747E308	1.0717986450371677E308	7.06482362432554E307	7.876592130422687E307	2.2527720036408096E307	4	4	1	7	3
48000	-19106.18738845538	-3435.4880836232896	-15670.699304832087	-3435.4880836232896	3.315573817223774E307	Infinity	0.7416836524773704	0.16444182775390878	2.453336908349839	0.3822212638962505	0.16444182775390878	2.453336908349839	0.3822212638962505	0.2862954532269315	0.0	0.0	0.0	5.2937660814062E-310	-13473.0154899439	5.354333780412605E307	4.724181494583449E307	4.777647925257018E307	4.649261566205767E307	2.1130446059824895E307	3	2	1	10	3
49000	-19087.64812861287	-3442.4601804840463	-15645.187948128822	-3442.4601804840463	6.002648117863745E307	Infinity	0.7416836524773704	0.16444182775390878	2.453336908349839	0.3822212638962505	0.16444182775390878	2.453336908349839	0.3822212638962505	0.10623390945548516	0.0	0.0	0.0	2.4849538680602E-310	-13486.827936863283	1.6283972817814481E308	7.967313704289824E307	1.2415035554224835E308	5.046915391931604E307	4.806643150760667E307	3	2	4	1	9
50000	-19129.8054242756	-3424.5764246338726	-15705.22899964173	-3424.5764246338726	8.230765942329849E307	Infinity	0.7416836524773704	0.0681627915126312	2.453336908349839	0.4785003001375281	0.0681627915126312	2.453336908349839	0.4785003001375281	0.4762734323644805	0.0	0.0	0.0	3.40078292892996E-310	-13484.565447363459	6.251010869990629E307	6.292481174183146E307	1.3205870366210114E308	4.915163995176184E307	3.748803536927506E307	3	2	6	5	3
51000	-19113.872540464912	-3430.131100232374	-15683.741440232538	-3430.131100232374	5.172221385912967E307	Infinity	0.7416836524773704	0.0681627915126312	2.453336908349839	0.4785003001375281	0.0681627915126312	2.453336908349839	0.4785003001375281	0.22414604788740025	0.0	0.0	0.0	2.91139653814386E-310	-13479.484760745123	3.8773571003682487E307	4.333867144563377E307	9.33158442006567E307	8.551120616639689E307	4.848924858610727E307	6	1	3	4	5
52000	-19090.208976057267	-3450.1694369186785	-15640.039539138588	-3450.1694369186785	1.1621852151234913E308	Infinity	0.7416836524773704	0.0681627915126312	2.453336908349839	0.4785003001375281	0.0681627915126312	2.453336908349839	0.4785003001375281	0.04245998866697487	0.0	0.0	0.0	1.5776608392041E-310	-13500.34744512739	8.943663740582617E307	7.128697754865916E307	1.273521128424433E308	1.6403702221845283E308	1.40441696696736E308	1	5	1	9	3
53000	-19104.34907014204	-3432.156780573219	-15672.192289568824	-3432.156780573219	8.03789002008447E307	Infinity	0.7416836524773704	0.0681627915126312	2.614912436668315	0.3169247718190522	0.0681627915126312	2.614912436668315	0.3169247718190522	0.17134265444352345	0.0	0.0	0.0	2.54302258745925E-310	-13489.87943451721	1.1838850964701618E308	6.622263838618919E307	7.040325385605445E307	4.876577139054802E307	3.7918658353178195E307	9	2	4	2	2
54000	-19109.856500110258	-3424.0841559231776	-15685.77234418708	-3424.0841559231776	7.198013686967946E307	Infinity	0.7416836524773704	0.0681627915126312	2.614912436668315	0.3169247718190522	0.0681627915126312	2.614912436668315	0.3169247718190522	0.23701768392453162	0.0	0.0	0.0	2.6900122592077E-310	-13487.812874784653	1.0473601657436388E308	5.056344793630627E307	1.261072815990968E308	4.3257104033081923E307	6.28830093195674E307	1	5	2	6	5
55000	-19123.422800692097	-3450.142311729156	-15673.280488962942	-3450.142311729156	3.07477831364529E307	Infinity	0.7416836524773704	0.0681627915126312	2.614912436668315	0.3169247718190522	0.0681627915126312	2.614912436668315	0.3169247718190522	0.2093252790798749	0.0	0.0	0.0	3.82313190762897E-310	-13480.457385787427	3.998270089517668E307	4.1236276359562655E307	5.578010692348005E307	3.383591925998638E307	2.5813303575583023E307	1	2	4	8	4
56000	-19105.271592118548	-3422.791346932529	-15682.480245186018	-3422.791346932529	5.564950829297505E307	Infinity	0.7416836524773704	0.0681627915126312	2.4389919033861807	0.49284530510118685	0.0681627915126312	2.4389919033861807	0.49284530510118685	0.28369011265246835	0.0	0.0	0.0	3.3929663585357E-310	-13478.607359404692	5.759926178273747E307	4.544146375833062E307	7.838196548031269E307	5.71776439135417E307	4.550797262123403E307	2	3	3	9	2
57000	-19119.30681463489	-3430.3102265928424	-15688.996588042046	-3430.3102265928424	8.089226686451673E307	Infinity	0.7416836524773704	0.17549471461773647	2.3316599802810756	0.49284530510118685	0.17549471461773647	2.3316599802810756	0.49284530510118685	0.2272627831396773	0.0	0.0	0.0	2.00439209469185E-310	-13490.263092975387	1.1146981570562611E308	9.841792330060468E307	9.150024260839112E307	1.2999306868612617E308	7.767508488572937E307	5	2	3	4	5
58000	-19082.57018664022	-3429.3542397732076	-15653.21594686701	-3429.3542397732076	5.134785438740195E307	Infinity	0.7416836524773704	0.17549471461773647	2.4679155266231705	0.356589758759092	0.17549471461773647	2.4679155266231705	0.356589758759092	0.12066087030745737	0.0	0.0	0.0	3.01447300888706E-310	-13482.73575077657	7.346899808851754E307	7.191997808607258E307	4.831005221506087E307	4.165965394405698E307	3.0778014680921166E307	2	10	4	1	2
59000	-19111.875241088295	-3434.330828329865	-15677.544412758429	-3434.330828329865	5.842122103093848E307	Infinity	0.7416836524773704	0.17549471461773647	2.4679155266231705	0.356589758759092	0.17549471461773647	2.4679155266231705	0.356589758759092	0.27356438301867936	0.0	0.0	0.0	3.15308430702337E-310	-13486.709111491138	1.6702418351502801E308	7.133750187886233E307	8.902903188418396E307	5.904231683596537E307	3.002144602647849E307	5	8	1	3	2
60000	-19106.528432864812	-3427.7293694672585	-15678.799063397555	-3427.7293694672585	1.136625560657739E308	Infinity	0.7416836524773704	0.17549471461773647	2.4679155266231705	0.356589758759092	0.17549471461773647	2.4679155266231705	0.356589758759092	0.21426903799736993	0.0	0.0	0.0	2.3998273853021E-310	-13490.075796083658	1.277336997567552E308	1.2043935142489598E308	9.191236452330772E307	5.904231683596537E307	4.2940191206575244E307	1	10	2	5	1
61000	-19099.300985509668	-3420.4163403808484	-15678.884645128821	-3420.4163403808484	1.1683908206579864E308	Infinity	0.7416836524773704	0.17549471461773647	2.3619762362289216	0.46252904915334103	0.17549471461773647	2.3619762362289216	0.46252904915334103	0.18117265077426856	0.0	0.0	0.0	1.46733215638016E-310	-13495.389787578475	1.0780403441350755E308	9.856487857948247E307	9.128834358601492E307	1.1674040131830976E308	2.8767275154238967E307	4	3	3	8	1
62000	-19078.768004892532	-3432.6856186988175	-15646.082386193715	-3432.6856186988175	3.5081772360185977E307	Infinity	0.7416836524773704	0.17549471461773647	2.3619762362289216	0.46252904915334103	0.17549471461773647	2.3619762362289216	0.46252904915334103	0.130195242269406	0.0	0.0	0.0	5.4532797755099E-310	-13472.127985514308	4.3245358923534567E307	3.8078875811959294E307	2.2469556416333898E307	3.116161115066608E307	3.7455898541153003E307	3	4	1	10	1
63000	-19073.076158763084	-3424.4140718526337	-15648.66208691045	-3424.4140718526337	2.416870852032933E307	1.1546092269806802E308	0.7416836524773704	0.17549471461773647	2.3619762362289216	0.46252904915334103	0.17549471461773647	2.3619762362289216	0.46252904915334103	0.21410977175564813	8.90038993104793E-310	0.0	0.0	8.67575567058573E-310	-13462.721230644453	2.346481335812746E307	1.6134260734916537E307	1.7104775421757343E307	1.2107040099965751E307	1.0185463439308088E307	2	5	1	10	1
64000	-19072.4294002481	-3429.305759875857	-15643.123640372243	-3429.305759875857	1.3364378717296265E307	8.311154328890289E307	0.7416836524773704	0.17549471461773647	2.3619762362289216	0.46252904915334103	0.17549471461773647	2.3619762362289216	0.46252904915334103	0.17281415329277938	1.42062427871841E-309	0.0	0.0	1.48187333278386E-309	-13462.86925894432	9.376874567093868E306	1.0070887179503207E307	7.14590951342632E307	3.343219638815066E307	3.7703246427628963E307	5	3	4	5	2
65000	-19108.412469242954	-3424.043611525142	-15684.36885771781	-3424.043611525142	6.404679754058413E307	Infinity	0.7416836524773704	0.17549471461773647	2.3619762362289216	0.46252904915334103	0.17549471461773647	2.3619762362289216	0.46252904915334103	0.32851067467993916	0.0	0.0	0.0	3.50313359889284E-310	-13479.452590140683	8.012339812674512E307	3.0752062203170006E307	5.938606993286025E307	1.0794797587172816E308	7.07304681128381E307	2	2	3	8	4
66000	-19113.205134840187	-3429.0002538392055	-15684.20488100098	-3429.0002538392055	1.6147412485637954E308	Infinity	0.7416836524773704	0.17549471461773647	2.3619762362289216	0.46252904915334103	0.17549471461773647	2.3619762362289216	0.46252904915334103	0.1311426608554429	0.0	0.0	0.0	9.614673975101E-311	-13504.819575447385	1.6635094469784523E308	1.0297211449161036E308	1.611200647024794E308	1.7536437439714818E308	1.33721800532038E308	2	2	1	10	4
67000	-19092.92570482074	-3426.2592416308303	-15666.666463189911	-3426.2592416308303	9.05063152254067E307	Infinity	0.7416836524773704	0.17549471461773647	2.3619762362289216	0.46252904915334103	0.17549471461773647	2.3619762362289216	0.46252904915334103	0.14799320994801451	0.0	0.0	0.0	1.88685939223097E-310	-13488.037931958252	1.4103564656104576E308	3.131847402024313E307	4.082934347503055E307	1.3162291703929763E308	1.3348657860032283E308	2	2	4	3	8
68000	-19111.369195099396	-3428.5562443344843	-15682.812950764912	-3428.5562443344843	1.18374980204998E308	Infinity	0.7416836524773704	0.17549471461773647	2.3619762362289216	0.46252904915334103	0.17549471461773647	2.3619762362289216	0.46252904915334103	0.2378416871807392	0.0	0.0	0.0	1.88685939223097E-310	-13491.520245330128	1.5372604444208195E308	1.5861692549409592E308	1.0402298197252398E308	7.882286385986431E307	4.05804979617835E307	5	1	3	7	3
69000	-19147.376628134545	-3437.298157400574	-15710.078470733972	-3437.298157400574	1.2163806666124539E308	Infinity	0.7416836524773704	0.17549471461773647	2.3619762362289216	0.46252904915334103	0.17549471461773647	2.3619762362289216	0.46252904915334103	0.3778389141350114	0.0	0.0	0.0	1.91077644079173E-310	-13495.164627785887	1.4464987441809568E308	6.507068259325525E307	8.032703704029027E307	4.448456643734249E307	5.763862905672614E307	7	4	2	1	5
70000	-19092.660491696475	-3428.7416866316985	-15663.918805064777	-3428.7416866316985	3.6401402040180925E307	Infinity	0.7416836524773704	0.17549471461773647	2.3619762362289216	0.46252904915334103	0.17549471461773647	2.3619762362289216	0.46252904915334103	0.2527474235702031	0.0	0.0	0.0	5.7069103074148E-310	-13472.676690674309	4.856634006139306E307	3.6083774570496696E307	2.860514842894778E307	1.8039492768709531E307	2.743536450930394E307	9	5	1	3	1
71000	-19111.517387682856	-3437.25054659313	-15674.266841089728	-3437.25054659313	2.583456638514065E307	1.24927779116343E308	0.7416836524773704	0.17549471461773647	2.265344827605694	0.5591604577765686	0.17549471461773647	2.265344827605694	0.5591604577765686	0.39395074570250277	6.41706069320186E-310	0.0	0.0	6.6448135334087E-310	-13463.468493717726	3.6226340614535417E307	1.0674407149405897E307	7.515369299225982E306	3.314252926139511E307	2.1596898318666899E307	2	7	1	6	3
72000	-19129.848850599425	-3439.1795680346713	-15690.669282564751	-3439.1795680346713	7.164291662000348E307	Infinity	0.7416836524773704	0.17549471461773647	2.265344827605694	0.5591604577765686	0.17549471461773647	2.265344827605694	0.5591604577765686	0.33724461345293233	0.0	0.0	0.0	2.87848331539705E-310	-13475.562655803215	4.930191347276296E307	3.7316682262872514E307	2.570228349759612E307	6.070817103594883E307	9.409244727229767E307	2	5	7	3	2
73000	-19106.495465867374	-3431.44555697618	-15675.049908891195	-3431.44555697618	2.9536930681780323E307	1.7213979447815513E308	0.7416836524773704	0.17549471461773647	2.265344827605694	0.5591604577765686	0.17549471461773647	2.265344827605694	0.5591604577765686	0.22849665482694698	6.13240503972486E-310	0.0	0.0	5.70235118597463E-310	-13471.706096568834	7.158553090608259E307	7.754759122940815E307	5.159190991746348E307	6.390158581801337E307	2.221090921493878E307	1	2	7	5	4
74000	-19109.821355609227	-3432.436585708746	-15677.38476990048	-3432.436585708746	1.0807105658270972E308	Infinity	0.7416836524773704	0.17549471461773647	2.265344827605694	0.5591604577765686	0.17549471461773647	2.265344827605694	0.5591604577765686	0.1250385708198823	0.0	0.0	0.0	1.7312970928839E-310	-13498.3607218649	1.722816646436437E308	1.0330626647325035E308	7.465876256984322E307	5.710671491586483E307	3.1014367039480483E307	1	4	2	8	4
75000	-19090.200161675624	-3434.530493517225	-15655.669668158398	-3434.530493517225	3.2709286941137224E307	1.7748069273710406E308	0.7416836524773704	0.17549471461773647	2.265344827605694	0.5591604577765686	0.17549471461773647	2.265344827605694	0.5591604577765686	0.19750798523600466	6.15055908103364E-310	0.0	0.0	6.08746154839847E-310	-13470.47562344438	6.043487160404458E307	3.053346978616796E307	2.1957603742467272E307	2.5055485713377015E307	9.448305394720657E306	1	4	8	3	3
76000	-19122.32066820034	-3438.9705510779113	-15683.350117122429	-3438.9705510779113	1.2497395183841633E308	Infinity	0.7416836524773704	0.17549471461773647	2.265344827605694	0.5591604577765686	0.17549471461773647	2.265344827605694	0.5591604577765686	0.16148761722097366	0.0	0.0	0.0	1.84050968093493E-310	-13495.899997765717	9.878460649038776E307	7.772962205451705E307	1.2374632120346848E308	8.259861350139284E307	7.517708731113158E307	8	1	2	3	5
77000	-19102.367716722223	-3425.725255569255	-15676.642461152967	-3425.725255569255	4.991423628447329E307	Infinity	0.7416836524773704	0.17549471461773647	2.265344827605694	0.5591604577765686	0.17549471461773647	2.265344827605694	0.5591604577765686	0.3034267643843966	0.0	0.0	0.0	4.3934830846386E-310	-13474.043803008746	3.623348519583423E307	2.1925987471718972E307	2.600863230462817E307	1.8058562824380148E307	5.289825353306134E307	3	1	2	3	10
78000	-19095.48825292902	-3437.170322567517	-15658.317930361502	-3437.170322567517	2.1914877913855305E307	1.1546563177840765E308	0.7416836524773704	0.08143917599190524	2.359400366231525	0.5591604577765686	0.08143917599190524	2.359400366231525	0.5591604577765686	0.3266728481353231	7.56221873520326E-310	0.0	0.0	7.98671365964794E-310	-13461.932112835659	4.444007178005907E307	2.1925987471718972E307	1.0673944685660408E307	1.4355703256201924E307	1.3308637198668945E307	1	3	5	1	9
79000	-19084.27398675183	-3437.477884638066	-15646.796102113762	-3437.477884638066	2.144878790264199E307	1.1359247355790515E308	0.7416836524773704	0.1288512829777298	2.531257001086102	0.3398917159361673	0.1288512829777298	2.531257001086102	0.3398917159361673	0.2055990865135834	8.27456968640175E-310	0.0	0.0	8.01794016953246E-310	-13461.658727599273	1.87036270698943E307	1.2719344119379632E307	2.381428715143996E307	4.340898416640399E307	2.2048316691435015E307	9	3	2	4	1
80000	-19063.59104650297	-3425.066859542966	-15638.524186960005	-3425.066859542966	1.7483212740564167E307	9.237377269984366E307	0.7416836524773704	0.1288512829777298	2.3856029142261335	0.4855458027961357	0.1288512829777298	2.3856029142261335	0.4855458027961357	0.18264887920852751	1.13959363157478E-309	0.0	0.0	1.19888602026191E-309	-13458.672153806738	3.307161138512006E307	2.0452109244946304E307	2.2268867777618888E307	2.041932729019607E307	1.0480818567204432E307	1	2	5	7	4
81000	-19061.653358313153	-3430.4265489038185	-15631.226809409334	-3430.4265489038185	1.0861456851057413E307	6.285605425025503E307	0.7416836524773704	0.1288512829777298	2.3856029142261335	0.4855458027961357	0.1288512829777298	2.3856029142261335	0.4855458027961357	0.22483958115285635	1.69590222305183E-309	0.0	0.0	1.6063521095698E-309	-13451.53623761818	4.283733615263215E307	1.5472091468492484E307	1.4380385371592162E307	8.81577905581587E306	3.640158341484527E306	1	11	4	1	2
82000	-19097.453185150684	-3431.006362262273	-15666.446822888409	-3431.006362262273	6.386427546654079E307	Infinity	0.7416836524773704	0.1288512829777298	2.3856029142261335	0.4855458027961357	0.1288512829777298	2.3856029142261335	0.4855458027961357	0.1540508112029535	0.0	0.0	0.0	2.3276118957198E-310	-13489.227422007121	1.0471760981078334E308	1.5967435049523209E308	1.715018741068882E308	8.002725789195602E307	2.3138992038399054E307	4	2	2	8	3
83000	-19105.720293661805	-3433.302939759131	-15672.417353902676	-3433.302939759131	4.4551483446995146E307	Infinity	0.7416836524773704	0.1288512829777298	2.3856029142261335	0.4855458027961357	0.1288512829777298	2.3856029142261335	0.4855458027961357	0.244154474032741	0.0	0.0	0.0	4.47708961260907E-310	-13473.690511394658	1.0400402474315762E307	2.2056147605013007E307	1.182442594951909E307	3.5197519921573725E307	4.317915850316809E307	2	2	3	2	10
84000	-19104.23049209818	-3424.3822534979886	-15679.848238600192	-3424.3822534979886	3.2054579185765936E307	Infinity	0.7416836524773704	0.1288512829777298	2.5330383077130034	0.3381104093092655	0.1288512829777298	2.5330383077130034	0.3381104093092655	0.3511590637235867	0.0	0.0	0.0	5.97740027526493E-310	-13476.388318801295	1.055524680107177E308	1.2416657484860863E308	1.186655145316303E308	2.7580100147957734E307	1.631478175828343E307	3	1	2	9	4
85000	-19122.88623307342	-3438.665254278722	-15684.220978794696	-3438.665254278722	1.1900524648722423E308	Infinity	0.7416836524773704	0.1288512829777298	2.4230573013788193	0.4480914156434496	0.1288512829777298	2.4230573013788193	0.4480914156434496	0.2044491640800472	0.0	0.0	0.0	1.8247912502197E-310	-13493.108170024274	1.0728489558145386E308	7.400552986599139E307	1.645805259775511E308	1.3587896808133129E308	1.4651054853781437E308	3	6	4	3	3
86000	-19095.91969787614	-3422.9874562111504	-15672.932241664988	-3422.9874562111504	1.068057160055253E308	Infinity	0.7416836524773704	0.1288512829777298	2.4230573013788193	0.4480914156434496	0.1288512829777298	2.4230573013788193	0.4480914156434496	0.18975636018372166	0.0	0.0	0.0	2.5384747733153E-310	-13489.450417757309	9.471872613744306E307	1.4403198448586407E308	7.59047528203859E307	7.515172146759097E307	6.047854580899045E307	1	3	9	2	4
87000	-19068.64170282665	-3432.3919690291395	-15636.249733797513	-3432.3919690291395	5.367705205839496E307	Infinity	0.7416836524773704	0.1288512829777298	2.4230573013788193	0.4480914156434496	0.1288512829777298	2.4230573013788193	0.4480914156434496	0.07865441776047602	0.0	0.0	0.0	4.10759545046306E-310	-13479.389425641102	1.4029464271639245E308	3.371273269722292E307	4.622151863726406E307	7.227178277591281E307	3.756166853964069E307	1	3	9	2	4
88000	-19085.908614931624	-3437.858112793695	-15648.050502137929	-3437.858112793695	2.6520626121540216E307	1.501514809270635E308	0.7416836524773704	0.1288512829777298	2.4230573013788193	0.4480914156434496	0.1288512829777298	2.4230573013788193	0.4480914156434496	0.16531318138575754	7.0778744837805E-310	0.0	0.0	7.13035873295064E-310	-13468.81987119317	4.86880793114727E307	4.0321215093024863E307	2.4482349786531474E307	1.6871529989759758E307	2.1264164647050217E307	2	1	9	2	5
89000	-19087.624725870093	-3420.6796305039497	-15666.945095366144	-3420.6796305039497	7.635539040998299E307	Infinity	0.7416836524773704	0.1288512829777298	2.4230573013788193	0.4480914156434496	0.1288512829777298	2.4230573013788193	0.4480914156434496	0.16664450167174008	0.0	0.0	0.0	2.4398099861213E-310	-13486.20852191078	1.1202853543337991E308	8.558214598617679E307	3.820861149318756E307	4.775260703275702E307	6.356409586560288E307	3	1	2	7	6
90000	-19093.079804414738	-3428.4405291223184	-15664.63927529242	-3428.4405291223184	6.163475955326517E307	Infinity	0.7416836524773704	0.1288512829777298	2.4230573013788193	0.4480914156434496	0.1288512829777298	2.4230573013788193	0.4480914156434496	0.18186717850676037	0.0	0.0	0.0	2.89303308411483E-310	-13478.811933395014	7.339090437943317E307	3.324572628572812E307	6.947517968949815E307	6.134387513259392E307	1.7304419665107357E307	4	1	3	8	3
91000	-19110.58960653476	-3434.2625128694913	-15676.327093665266	-3434.2625128694913	8.964049190481367E307	Infinity	0.7416836524773704	0.1288512829777298	2.4230573013788193	0.4480914156434496	0.1288512829777298	2.4230573013788193	0.4480914156434496	0.23660111240979903	0.0	0.0	0.0	2.8643861628349E-310	-13485.283809153309	1.0344130361274649E308	8.806442448780043E307	5.796023579577231E307	5.732880757157527E307	3.7045711455532093E307	5	1	1	8	4
92000	-19095.92024940332	-3438.4657642881184	-15657.454485115202	-3438.4657642881184	5.356304647658801E307	Infinity	0.7416836524773704	0.1288512829777298	2.4230573013788193	0.4480914156434496	0.1288512829777298	2.4230573013788193	0.4480914156434496	0.15922742714369456	0.0	0.0	0.0	3.8880613741757E-310	-13479.076658082051	9.798566160609253E307	7.330928477560593E307	7.758178008129504E307	5.815494913186605E307	2.292428288207511E307	3	5	1	7	3
93000	-19113.238338142197	-3426.7787563169677	-15686.45958182523	-3426.7787563169677	1.143180775488561E308	Infinity	0.7416836524773704	0.1288512829777298	2.4230573013788193	0.4480914156434496	0.1288512829777298	2.4230573013788193	0.4480914156434496	0.22359690541836608	0.0	0.0	0.0	1.57866050805537E-310	-13494.667045067807	6.752451120007996E307	9.444097363018971E307	6.229082801991687E307	3.2011930619167725E307	1.6099347310199932E307	11	5	1	1	1
94000	-19111.873202868002	-3421.157351084403	-15690.7158517836	-3421.157351084403	5.85632848794468E307	Infinity	0.7416836524773704	0.1288512829777298	2.4230573013788193	0.4480914156434496	0.1288512829777298	2.4230573013788193	0.4480914156434496	0.3730271233186772	0.0	0.0	0.0	2.77068137018075E-310	-13486.380670859722	1.0750159369209873E308	8.07756839202781E307	4.471707923969618E307	2.2661266368348174E307	2.616222591204452E307	10	5	2	1	1
95000	-19095.034636922603	-3439.0303524264446	-15656.004284496159	-3439.0303524264446	1.8070444278350402E307	1.0817042500341377E308	0.7416836524773704	0.1288512829777298	2.4230573013788193	0.4480914156434496	0.1288512829777298	2.4230573013788193	0.4480914156434496	0.19119294741760587	8.5699639657567E-310	0.0	0.0	8.95595877468364E-310	-13466.456140906956	6.234099329815966E307	4.418008124732264E307	2.0006770648300814E307	2.9173515921464224E307	1.0835474067272233E307	6	3	8	1	1
96000	-19077.461600451545	-3439.70762336313	-15637.753977088416	-3439.70762336313	2.297720116669436E307	1.3745002898258792E308	0.7416836524773704	0.1288512829777298	2.4230573013788193	0.4480914156434496	0.1288512829777298	2.4230573013788193	0.4480914156434496	0.1614488041146901	7.57998659265058E-310	0.0	0.0	7.72158373005964E-310	-13466.099648812284	2.3244334538371963E307	2.601016447792381E307	4.0351295532914434E307	1.9689626281777308E307	5.943682255811043E306	11	2	3	2	1
97000	-19103.108619892868	-3427.7600930101084	-15675.34852688276	-3427.7600930101084	6.367040686889993E307	Infinity	0.7416836524773704	0.1288512829777298	2.5289955567997073	0.3421531602225617	0.1288512829777298	2.5289955567997073	0.3421531602225617	0.23668674940510795	0.0	0.0	0.0	3.19266915696615E-310	-13483.69659568842	7.295122362601051E307	3.273498186983731E307	7.843874629173083E307	4.430874644093833E307	5.049327488103237E307	5	8	4	1	1
98000	-19083.002654288517	-3424.487102868192	-15658.515551420327	-3424.487102868192	4.104288850015166E307	Infinity	0.7416836524773704	0.1288512829777298	2.5289955567997073	0.3421531602225617	0.1288512829777298	2.5289955567997073	0.3421531602225617	0.17976091509976785	0.0	0.0	0.0	3.41181963352593E-310	-13479.796806114615	3.93963482566221E307	4.2777294002341704E307	7.345589769071297E307	3.6332002965648E307	2.198612372741123E307	2	3	10	3	1
99000	-19072.15691790141	-3428.1653994225353	-15643.991518478877	-3428.1653994225353	4.0768639744220417E307	1.5370287657924432E308	0.7416836524773704	0.1288512829777298	2.5289955567997073	0.3421531602225617	0.1288512829777298	2.5289955567997073	0.3421531602225617	0.22211302556760937	5.29919756154963E-310	0.0	0.0	5.55428145982565E-310	-13462.964102247839	2.1292103705453895E307	1.0612881104621455E307	2.2224123514613903E307	3.667514915003822E307	3.2048099683117465E307	7	1	7	3	1
100000	-19107.62466760742	-3426.473157883468	-15681.15150972395	-3426.473157883468	1.0075765965241505E308	Infinity	0.7416836524773704	0.1288512829777298	2.5289955567997073	0.3421531602225617	0.1288512829777298	2.5289955567997073	0.3421531602225617	0.19648970201510196	0.0	0.0	0.0	1.91559407351695E-310	-13493.207544231589	1.2405031866516711E308	8.902981751996491E307	7.391984760437864E307	1.3243583872770082E308	3.7966232214011984E307	3	1	10	4	1
101000	-19095.131863907634	-3430.76849256973	-15664.363371337904	-3430.76849256973	3.120762434927179E307	1.7391660923424432E308	0.7416836524773704	0.1288512829777298	2.5289955567997073	0.3421531602225617	0.1288512829777298	2.5289955567997073	0.3421531602225617	0.18793228643255516	6.32021863228667E-310	0.0	0.0	6.07908947044706E-310	-13474.091575517881	5.640763947430341E307	5.909824331472036E307	6.769317495036946E307	8.129684410898423E307	1.088292584444181E307	4	7	4	3	1
102000	-19108.183055680005	-3439.3826358454344	-15668.800419834572	-3439.3826358454344	3.890324580523041E307	Infinity	0.7416836524773704	0.1288512829777298	2.5289955567997073	0.3421531602225617	0.1288512829777298	2.5289955567997073	0.3421531602225617	0.20559945112967873	0.0	0.0	0.0	5.0858678055091E-310	-13476.915874382987	8.018191068977307E307	4.743187969785049E307	5.972299552855859E307	1.9463859371704875E307	1.1861858160052727E307	3	8	4	1	3
103000	-19108.960380682453	-3439.5020676525664	-15669.458313029887	-3439.5020676525664	3.406733962952868E307	1.5919083205856619E308	0.7416836524773704	0.1288512829777298	2.5289955567997073	0.3421531602225617	0.1288512829777298	2.5289955567997073	0.3421531602225617	0.2808554984293716	6.1338109689953E-310	0.0	0.0	6.1807218457397E-310	-13468.499446802914	1.9863720213884123E307	2.5943487392643797E307	3.564167958676102E307	5.599463306245727E307	2.4969981002407213E307	4	9	4	1	1
104000	-19129.933439938577	-3442.6543200382143	-15687.279119900364	-3442.6543200382143	9.020895552486208E307	Infinity	0.7416836524773704	0.1288512829777298	2.5289955567997073	0.3421531602225617	0.1288512829777298	2.5289955567997073	0.3421531602225617	0.24221675933705533	0.0	0.0	0.0	2.0007991279604E-310	-13495.186266923156	1.5503781055110831E308	1.2093635990102252E308	1.6002090890278909E308	1.1136547710617808E308	1.0680306007306432E308	6	2	4	3	4
105000	-19119.67648513735	-3439.3576718210816	-15680.318813316266	-3439.3576718210816	7.136770796776905E307	Infinity	0.7416836524773704	0.1288512829777298	2.5289955567997073	0.3421531602225617	0.1288512829777298	2.5289955567997073	0.3421531602225617	0.24134593629445422	0.0	0.0	0.0	3.0321043863467E-310	-13486.712519546229	6.559563247628046E307	5.89765498879912E307	1.0475709448772304E308	4.945386564938924E307	2.093800765056076E307	7	2	7	2	1
106000	-19106.88306815642	-3425.991316594719	-15680.891751561703	-3425.991316594719	9.232547154953175E307	Infinity	0.7416836524773704	0.1288512829777298	2.5289955567997073	0.3421531602225617	0.1288512829777298	2.5289955567997073	0.3421531602225617	0.19405274338309195	0.0	0.0	0.0	1.38507277093814E-310	-13496.246504755529	1.4586264942110502E308	1.5384449159782925E308	3.1182727144008423E307	2.315930016110126E307	1.3441802429946132E307	13	2	1	2	1
107000	-19127.1339551823	-3428.4585584035494	-15698.675396778752	-3428.4585584035494	7.551464678421783E307	Infinity	0.7416836524773704	0.1288512829777298	2.5289955567997073	0.3421531602225617	0.1288512829777298	2.5289955567997073	0.3421531602225617	0.2883449367010828	0.0	0.0	0.0	1.9419656860528E-310	-13490.224943045934	6.611827829520523E307	1.0628456552912855E308	1.4516145337806182E308	1.2366568731027552E308	8.270792168739041E307	1	4	1	12	1
108000	-19113.12950568919	-3424.0614134307652	-15689.068092258425	-3424.0614134307652	8.040961532323557E307	Infinity	0.7416836524773704	0.1288512829777298	2.5289955567997073	0.3421531602225617	0.1288512829777298	2.5289955567997073	0.3421531602225617	0.2982723775080345	0.0	0.0	0.0	3.1968203681221E-310	-13486.45701464351	1.0200375051448785E308	8.802995018735027E307	5.406157527713172E307	7.251226147231123E307	3.1929813387756396E307	9	4	1	4	1
109000	-19109.40662013055	-3438.2167295526233	-15671.189890577927	-3438.2167295526233	6.162771020648393E307	Infinity	0.7416836524773704	0.1288512829777298	2.5289955567997073	0.3421531602225617	0.1288512829777298	2.5289955567997073	0.3421531602225617	0.1788282471596084	0.0	0.0	0.0	2.2395774631773E-310	-13487.057534162119	1.4827325491597876E308	1.6824589495146937E308	8.217885816878819E307	1.9184189973348491E307	1.776989857614448E307	2	1	13	1	2
110000	-19113.795295911466	-3431.66543492646	-15682.129860985007	-3431.66543492646	6.617537470444713E307	Infinity	0.7416836524773704	0.1288512829777298	2.5289955567997073	0.3421531602225617	0.1288512829777298	2.5289955567997073	0.3421531602225617	0.19352476423737697	0.0	0.0	0.0	1.96558858209135E-310	-13493.481569111229	6.359224331237584E307	1.1118768166165336E308	8.561318967305293E307	1.104527162311402E308	6.118177741694405E307	4	5	2	7	1
111000	-19134.35902056742	-3426.792491850683	-15707.566528716738	-3426.792491850683	1.414145951683446E308	Infinity	0.7416836524773704	0.1288512829777298	2.5289955567997073	0.3421531602225617	0.1288512829777298	2.5289955567997073	0.3421531602225617	0.2906053758693473	0.0	0.0	0.0	1.12769077614274E-310	-13500.88872478645	1.1581260125905283E308	1.1926869361323205E308	1.322916264542284E308	1.7079170617085407E308	7.501896159168967E307	3	3	3	9	1
112000	-19102.54447591519	-3441.7112745953614	-15660.83320131983	-3441.7112745953614	3.2387242218169913E307	Infinity	0.7416836524773704	0.1288512829777298	2.5289955567997073	0.3421531602225617	0.1288512829777298	2.5289955567997073	0.3421531602225617	0.20464981082395417	0.0	0.0	0.0	5.4937402825417E-310	-13474.815199046103	1.1645917215841366E308	8.76100516678721E307	4.2111587807806337E307	2.1296616408754143E307	4.0298910240174287E307	1	5	6	2	5
113000	-19113.912377508746	-3426.43928256746	-15687.473094941288	-3426.43928256746	6.245145886825933E307	Infinity	0.7416836524773704	0.1288512829777298	2.5289955567997073	0.3421531602225617	0.1288512829777298	2.5289955567997073	0.3421531602225617	0.2363274201556006	0.0	0.0	0.0	3.23497554541983E-310	-13487.376082020897	2.183633480017585E307	5.555122122271578E307	1.2224006856350697E308	7.651402596152218E307	4.716959140286652E307	1	8	2	6	2
114000	-19097.389133836296	-3447.996962320132	-15649.392171516163	-3447.996962320132	2.2210846181921454E307	1.1921987692152453E308	0.7416836524773704	0.1288512829777298	2.5289955567997073	0.3421531602225617	0.1288512829777298	2.5289955567997073	0.3421531602225617	0.18427936851615467	7.9208530949686E-310	0.0	0.0	8.0545541786694E-310	-13464.834318088302	5.738662084735216E307	2.8557114223100705E307	4.3142814718089033E307	5.017773076798971E307	1.1109059508481628E307	1	14	1	2	1
115000	-19148.270112449212	-3433.600284756369	-15714.669827692842	-3433.600284756369	4.4735563189823537E307	Infinity	0.7416836524773704	0.09374095747823583	2.5641058822992013	0.3421531602225617	0.09374095747823583	2.5641058822992013	0.3421531602225617	0.5050273678765648	0.0	0.0	0.0	3.33961626421916E-310	-13487.674134105453	1.6069597556800393E308	7.839997877105045E307	1.0478997843259493E308	1.5514021226554923E308	3.733129303831143E307	5	4	4	2	4
116000	-19123.849699344555	-3425.7452520902198	-15698.104447254336	-3425.7452520902198	7.035569050007769E307	Infinity	0.7416836524773704	0.09374095747823583	2.5641058822992013	0.3421531602225617	0.09374095747823583	2.5641058822992013	0.3421531602225617	0.30871497447696805	0.0	0.0	0.0	2.021517631791E-310	-13491.253070906907	1.692079944918458E308	8.088700837795319E307	1.0478997843259493E308	7.116500967362698E307	1.3670041854357326E307	3	1	6	5	4
117000	-19116.967006391656	-3454.0810295450465	-15662.88597684661	-3454.0810295450465	3.1195859519443754E307	Infinity	0.7416836524773704	0.09374095747823583	2.5641058822992013	0.3421531602225617	0.09374095747823583	2.5641058822992013	0.3421531602225617	0.17506595244609158	0.0	0.0	0.0	4.37870532135997E-310	-13479.757175935218	1.5076189257754078E308	9.020650758512212E307	6.319383938152768E307	4.15424091401962E307	1.6660376313035615E307	1	1	11	2	4
118000	-19115.20274730778	-3437.719662838316	-15677.483084469462	-3437.719662838316	6.48700393291456E307	Infinity	0.7416836524773704	0.09374095747823583	2.5641058822992013	0.3421531602225617	0.09374095747823583	2.5641058822992013	0.3421531602225617	0.22153103603316773	0.0	0.0	0.0	2.2102486146604E-310	-13489.004603420122	1.2250737652532158E308	5.150855603895951E307	3.882142451964693E307	2.0597022936949764E307	1.4280089270087892E307	8	7	1	2	1
119000	-19048.788385142478	-3433.1445379500838	-15615.643847192396	-3433.1445379500838	7.907884583562244E307	Infinity	0.7416836524773704	0.09374095747823583	2.5641058822992013	0.3421531602225617	0.09374095747823583	2.5641058822992013	0.3421531602225617	0.033389142333764596	0.0	0.0	0.0	2.20609704528483E-310	-13489.438325360717	6.972882263332043E307	6.162015442831121E307	8.822529459151121E307	6.643574387776116E307	2.4433352942408164E307	3	5	9	1	1
120000	-19036.073510124854	-3421.873370656782	-15614.200139468072	-3421.873370656782	3.2517002943485323E307	1.7477662038107653E308	0.7416836524773704	0.09374095747823583	2.5641058822992013	0.3421531602225617	0.09374095747823583	2.5641058822992013	0.3421531602225617	0.05183443553514795	6.54280486458743E-310	0.0	0.0	6.4831427775427E-310	-13473.31130589038	1.751381163359732E308	4.687906447380473E307	6.76133370595486E307	3.7810954245956074E307	1.7322030682407714E307	1	7	3	6	2
121000	-19026.97575434558	-3424.0339896745722	-15602.94176467101	-3424.0339896745722	1.3544618941163455E307	7.184833132752004E307	0.7416836524773704	0.09374095747823583	2.5641058822992013	0.3421531602225617	0.09374095747823583	2.5641058822992013	0.3421531602225617	0.07320641467423607	1.50371603497349E-309	0.0	0.0	1.50440083363098E-309	-13454.642375460538	1.726923192658641E308	5.344197734789123E307	1.090501726814415E307	1.3886303401700692E307	9.95797748004032E306	1	2	10	2	4
122000	-19071.858383619165	-3442.909695956764	-15628.948687662401	-3442.909695956764	8.487395065740088E306	4.3583513070129844E307	0.7416836524773704	0.09374095747823583	2.5641058822992013	0.3421531602225617	0.09374095747823583	2.5641058822992013	0.3421531602225617	0.2328663328303332	2.997561620897913E-309	0.0	0.0	3.43343701857863E-309	-13444.711434251814	8.776814490311834E306	6.329363927592404E306	1.8791493450705805E307	1.248074129550314E307	1.0185782903703493E307	1	5	5	1	7
123000	-19081.541799330837	-3429.499795096786	-15652.042004234052	-3429.499795096786	2.049888317224708E307	1.2257381250484482E308	0.7416836524773704	0.2333381645596062	2.424508675217831	0.3421531602225617	0.2333381645596062	2.424508675217831	0.3421531602225617	0.20891208838252684	6.36844946941553E-310	0.0	0.0	6.2997649980852E-310	-13467.89183364381	6.730382599584161E307	2.64340031788208E307	2.1617791435542942E307	3.065048300703917E307	3.4196310073942313E307	1	1	11	1	5
124000	-19081.458281292515	-3438.5377309752507	-15642.920550317263	-3438.5377309752507	1.3922092397937567E307	7.61604565901639E307	0.7416836524773704	0.2333381645596062	2.424508675217831	0.3421531602225617	0.2333381645596062	2.424508675217831	0.3421531602225617	0.2666422274326119	1.1849648102318E-309	0.0	0.0	1.30325796224711E-309	-13457.228146046575	1.0116661849879371E307	1.0221425443703985E307	1.4699614222511685E307	6.18917028395874E306	2.3709620732946035E306	1	4	11	1	2
125000	-19032.290545473814	-3426.943860287623	-15605.34668518619	-3426.943860287623	5.200151707000363E306	2.7010892585546494E307	0.7416836524773704	0.1489579982698206	2.424508675217831	0.4265333265123473	0.1489579982698206	2.424508675217831	0.4265333265123473	0.14315294147246252	3.41546760162185E-309	0.0	0.0	3.37308734555127E-309	-13436.561130112657	1.2712692472440368E307	6.488787483890735E306	8.365508371213548E306	7.700599903780278E306	3.394830797920358E306	2	10	3	1	3
126000	-19082.27792504117	-3426.7236159062554	-15655.554309134914	-3426.7236159062554	2.0962100896687672E307	1.3747828149270665E308	0.7416836524773704	0.1489579982698206	2.424508675217831	0.4265333265123473	0.1489579982698206	2.424508675217831	0.4265333265123473	0.24256079457623955	7.3223275402704E-310	0.0	0.0	7.1532588321663E-310	-13467.797349697426	3.0462559619340736E307	2.303216263703144E307	3.1994289358115494E307	2.4062735859673985E307	7.829627048746982E306	7	8	1	1	2
127000	-19097.23898945264	-3438.2154961302717	-15659.023493322367	-3438.2154961302717	1.2962140404969116E307	7.965663804841059E307	0.7416836524773704	0.1489579982698206	2.424508675217831	0.4265333265123473	0.1489579982698206	2.424508675217831	0.4265333265123473	0.2951668898527326	1.155424352594637E-309	0.0	0.0	1.215503797806523E-309	-13460.133129585902	6.509396253349621E307	1.7731077299746177E307	2.1795687398789477E307	1.2804272313884286E307	1.7300912321979054E307	2	1	4	8	4
128000	-19027.4446079553	-3423.057244729917	-15604.387363225384	-3423.057244729917	1.1157140348201795E307	5.271228557427718E307	0.7416836524773704	0.1489579982698206	2.424508675217831	0.4265333265123473	0.1489579982698206	2.424508675217831	0.4265333265123473	0.09735901890742016	1.576885231158313E-309	0.0	0.0	1.549242631856634E-309	-13447.868487881147	6.466186115765478E306	8.131146304573824E306	1.2458975318125286E307	9.564461651199029E306	5.062301764564324E306	5	4	2	2	6
129000	-19048.0459850587	-3425.107897380378	-15622.93808767832	-3425.107897380378	3.673141059032428E306	2.39788489430873E307	0.7416836524773704	0.1489579982698206	2.424508675217831	0.4265333265123473	0.1489579982698206	2.424508675217831	0.4265333265123473	0.25341591150100223	3.840206917150357E-309	0.0	0.0	3.641160893293103E-309	-13432.639836706614	4.943523250756309E306	4.15451479639609E306	7.891517817801429E306	2.9375722386762336E306	1.2951209395202752E306	12	2	3	1	1
130000	-19077.11287912582	-3436.040820741969	-15641.07205838385	-3436.040820741969	1.2726693743890067E307	6.465909608977548E307	0.7416836524773704	0.1489579982698206	2.424508675217831	0.4265333265123473	0.1489579982698206	2.424508675217831	0.4265333265123473	0.3019890195552426	1.609669250437E-309	0.0	0.0	1.65477341229828E-309	-13453.611434109062	1.0121785454587619E307	6.639663055070335E306	3.48611996073831E306	5.2469203279157087E306	3.63988710555189E306	11	3	2	2	1
131000	-19080.03940957151	-3441.0800881574382	-15638.959321414071	-3441.0800881574382	1.147884096815879E307	5.928317280174297E307	0.7416836524773704	0.1489579982698206	2.424508675217831	0.4265333265123473	0.1489579982698206	2.424508675217831	0.4265333265123473	0.251722215151258	2.018329052573417E-309	0.0	0.0	2.202744663623735E-309	-13453.200118650713	3.905233590428744E307	2.1326761105180492E307	1.6562979887612845E307	1.5207575292914756E307	7.812811543846014E306	1	7	5	1	5
132000	-19046.08834840621	-3426.954006277997	-15619.134342128214	-3426.954006277997	1.1163220800399685E307	5.608391499714471E307	0.7416836524773704	0.1489579982698206	2.424508675217831	0.4265333265123473	0.1489579982698206	2.424508675217831	0.4265333265123473	0.15152723498020781	1.681347494269563E-309	0.0	0.0	1.66207797326329E-309	-13446.641281695667	8.55474781829339E306	9.93802180553514E306	8.991551577824846E306	4.3030252673573934E306	5.5235942222166277E306	7	6	4	1	1
133000	-19064.62955493789	-3436.941273229579	-15627.688281708308	-3436.941273229579	7.09053225786869E306	3.581019092660922E307	0.7416836524773704	0.1489579982698206	2.424508675217831	0.4265333265123473	0.1489579982698206	2.424508675217831	0.4265333265123473	0.19259046135923644	2.903964884060696E-309	0.0	0.0	3.168501977946618E-309	-13436.799425641728	5.2200263349429396E306	9.772336154831947E306	8.1323453837018E306	3.703949604295219E306	7.979069129842657E306	8	1	6	3	1
134000	-19096.758081685442	-3440.262193222445	-15656.495888462998	-3440.262193222445	2.303996967079184E307	1.0944799572971613E308	0.7416836524773704	0.1489579982698206	2.591363546800414	0.25967845492976394	0.1489579982698206	2.591363546800414	0.25967845492976394	0.23946982993986468	9.8695774732158E-310	0.0	0.0	9.37575605388933E-310	-13459.727410431475	1.1265409480983832E307	2.251769817525782E307	5.726002404312899E307	2.0851110968257666E307	3.0361284383431677E307	9	3	5	1	1
135000	-19096.106872036442	-3439.2889546219826	-15656.817917414459	-3439.2889546219826	4.580757702356801E307	Infinity	0.7416836524773704	0.1489579982698206	2.591363546800414	0.25967845492976394	0.1489579982698206	2.591363546800414	0.25967845492976394	0.17850803585445363	0.0	0.0	0.0	3.9215573642497E-310	-13467.153281078217	1.0533819505883429E307	1.7019269536560963E307	3.387544561602799E307	1.5120426799536359E307	2.2983815688576803E307	6	4	4	1	4
136000	-19077.996214803254	-3435.0713529353447	-15642.924861867908	-3435.0713529353447	2.4663571151633603E307	1.1164213501085247E308	0.7597744934579416	0.1489579982698206	2.591363546800414	0.25967845492976394	0.1489579982698206	2.591363546800414	0.25967845492976394	0.18849909887478325	7.0449920118298E-310	0.0	0.0	6.4980651935748E-310	-13461.86000272612	6.898432109708053E307	5.15831865335793E307	1.603335727876716E307	1.0887227904602123E307	7.795625214053637E306	1	2	12	1	3
137000	-19115.59847530854	-3449.7104939666524	-15665.887981341888	-3449.7104939666524	2.609278779165975E307	1.3784896192513992E308	0.7597744934579416	0.1489579982698206	2.591363546800414	0.25967845492976394	0.1489579982698206	2.591363546800414	0.25967845492976394	0.2522775156245233	6.980596934042E-310	0.0	0.0	6.6490613682575E-310	-13467.238357914677	3.2391024576629277E307	2.1665790634328943E307	2.808074704472562E307	4.759875015705363E307	2.7061010517909457E307	1	6	3	7	2
138000	-19130.696805691332	-3439.5636723906605	-15691.133133300673	-3439.5636723906605	3.3665345720592046E307	Infinity	0.7597744934579416	0.1489579982698206	2.591363546800414	0.25967845492976394	0.1489579982698206	2.591363546800414	0.25967845492976394	0.3212223029040591	0.0	0.0	0.0	2.9802583734844E-310	-13479.020463346138	1.185963199723512E308	6.515908754561154E307	8.090454915732763E307	2.418993307893655E307	8.286897513190552E306	4	1	10	2	2
139000	-19115.889853478584	-3427.2545347303626	-15688.63531874822	-3427.2545347303626	3.0479355345245264E307	Infinity	0.7597744934579416	0.1489579982698206	2.591363546800414	0.25967845492976394	0.1489579982698206	2.591363546800414	0.25967845492976394	0.44977681360153565	0.0	0.0	0.0	3.9761451446849E-310	-13474.230017186006	6.459164408745416E307	5.190818497726275E307	8.579140394999124E307	1.718186853987802E307	8.25623891717805E306	4	10	1	2	2
140000	-19077.60207769215	-3431.2335855605565	-15646.368492131593	-3431.2335855605565	1.41866005905159E307	9.33677086568438E307	0.7597744934579416	0.1489579982698206	2.591363546800414	0.25967845492976394	0.1489579982698206	2.591363546800414	0.25967845492976394	0.22470836461603874	1.115356785262835E-309	0.0	0.0	1.08133361514251E-309	-13455.500767583655	1.2866374880812218E307	1.691100261756486E307	2.5007927473581476E307	1.3556621530518688E307	3.243077148540325E306	6	1	8	2	2
141000	-19085.12423991711	-3426.259624861093	-15658.864615056018	-3426.259624861093	2.4894393466528096E307	1.393263310663918E308	0.7597744934579416	0.1489579982698206	2.591363546800414	0.25967845492976394	0.1489579982698206	2.591363546800414	0.25967845492976394	0.24355663538748307	6.8640169241545E-310	0.0	0.0	6.35328622898203E-310	-13465.594863418124	2.802266177390191E307	3.485643198181345E307	9.834292014292994E306	4.0067748955274356E306	3.180148882664249E306	10	5	1	1	2
142000	-19089.84598641805	-3424.580446167802	-15665.265540250248	-3424.580446167802	3.0762454607391934E307	Infinity	0.7597744934579416	0.1489579982698206	2.591363546800414	0.25967845492976394	0.1489579982698206	2.591363546800414	0.25967845492976394	0.2302046864916512	0.0	0.0	0.0	6.1900050190351E-310	-13472.1899919874	3.4893661293210216E307	5.755232773188028E307	2.286983585458306E307	9.362745148702058E306	7.55344761397942E306	5	10	1	1	2
143000	-19088.81589982293	-3427.321922722863	-15661.493977100068	-3427.321922722863	5.049029472965101E307	Infinity	0.7597744934579416	0.1489579982698206	2.591363546800414	0.25967845492976394	0.1489579982698206	2.591363546800414	0.25967845492976394	0.18817057882917337	0.0	0.0	0.0	2.94133850327044E-310	-13477.821612268532	2.7242929215383215E307	5.202880241293594E307	2.2161260855428838E307	3.736519431846491E307	8.264974215686159E306	6	10	1	1	1
144000	-19092.807760024796	-3431.1817333914596	-15661.626026633337	-3431.1817333914596	3.740262660561783E307	Infinity	0.7597744934579416	0.1489579982698206	2.591363546800414	0.25967845492976394	0.1489579982698206	2.591363546800414	0.25967845492976394	0.2039009280127335	0.0	0.0	0.0	4.7552633373907E-310	-13474.327746663408	3.0074067723008895E307	1.988505894742023E307	3.7367324281800333E307	4.511786868707245E307	9.158402716826297E307	8	4	1	5	1
145000	-19095.346307607477	-3434.9161445535033	-15660.430163053972	-3434.9161445535033	4.289475353724122E307	Infinity	0.7597744934579416	0.1489579982698206	2.591363546800414	0.25967845492976394	0.1489579982698206	2.591363546800414	0.25967845492976394	0.1904823578376537	0.0	0.0	0.0	6.5989254152368E-310	-13471.444402634173	1.5887866456799646E307	4.1107749426271343E307	3.8747884221203833E307	2.1609871383489504E307	3.5676395258552856E307	3	6	5	3	2
146000	-19128.22509231546	-3434.918590519049	-15693.30650179641	-3434.918590519049	5.445002431079747E307	Infinity	0.7597744934579416	0.1489579982698206	2.591363546800414	0.25967845492976394	0.1489579982698206	2.591363546800414	0.25967845492976394	0.32270975336079344	0.0	0.0	0.0	2.40536238482526E-310	-13482.54077564572	5.454018795385769E307	6.734122979833054E307	1.0628130555721015E308	6.032351120020056E307	2.5804386376267183E307	4	4	5	4	2
147000	-19115.148837705616	-3438.8966365986184	-15676.252201106998	-3438.8966365986184	6.536701526464907E307	Infinity	0.7597744934579416	0.1489579982698206	2.591363546800414	0.25967845492976394	0.1489579982698206	2.591363546800414	0.25967845492976394	0.2072819932962977	0.0	0.0	0.0	2.284160744062E-310	-13485.423602219047	1.1574456319775195E308	1.4968217465246962E308	1.3234627883656515E308	6.971419421091008E307	1.6829014054087258E307	7	6	1	3	2
148000	-19125.759086736332	-3448.7519097372046	-15677.007176999128	-3448.7519097372046	5.910502961184835E307	Infinity	0.7597744934579416	0.1489579982698206	2.591363546800414	0.25967845492976394	0.1489579982698206	2.591363546800414	0.25967845492976394	0.24378784636432768	0.0	0.0	0.0	3.31511823914776E-310	-13481.397843256755	7.584697958629589E307	4.524027271263952E307	4.2454943968818194E307	5.107036292854243E307	4.937069254941935E307	2	6	6	3	2
149000	-19115.470898487125	-3440.6470453292613	-15674.823853157865	-3440.6470453292613	4.627744091288934E307	Infinity	0.7597744934579416	0.1489579982698206	2.591363546800414	0.25967845492976394	0.1489579982698206	2.591363546800414	0.25967845492976394	0.19377331329496672	0.0	0.0	0.0	3.71565906294086E-310	-13484.266393616263	7.944051120488648E307	1.181524056171191E308	7.549681379508614E307	1.0195718071497588E308	6.41132840637975E307	1	4	11	1	2
150000	-19087.773064603527	-3425.544832714624	-15662.228231888901	-3425.544832714624	4.133196306057447E307	Infinity	0.7597744934579416	0.1489579982698206	2.591363546800414	0.25967845492976394	0.1489579982698206	2.591363546800414	0.25967845492976394	0.1822350201816337	0.0	0.0	0.0	3.61253409254377E-310	-13480.102599602102	7.133987565179113E307	1.035357141921557E308	6.506181762389164E307	4.0330628030249107E307	1.8461208825096855E307	3	6	6	2	2
151000	-19125.26324573271	-3431.9680879392877	-15693.295157793422	-3431.9680879392877	4.101077649119523E307	Infinity	0.7597744934579416	0.1489579982698206	2.591363546800414	0.25967845492976394	0.1489579982698206	2.591363546800414	0.25967845492976394	0.3807869600316841	0.0	0.0	0.0	4.68155619092204E-310	-13477.394630682764	1.0114388931058681E308	4.506440772460344E307	5.178009397091432E307	2.918489977975764E307	2.745201591539152E307	6	2	7	2	2
152000	-19140.793617045925	-3427.0403493860726	-15713.753267659853	-3427.0403493860726	1.356560827666454E308	Infinity	0.7597744934579416	0.028874017790043505	2.591363546800414	0.379762435409541	0.028874017790043505	2.591363546800414	0.379762435409541	0.31267912083695704	0.0	0.0	0.0	1.24036524676434E-310	-13499.244720388484	1.6104309651396987E308	1.6698163224902373E308	7.819415825763337E307	1.033606066668761E308	3.820095542856707E307	7	2	1	7	2
153000	-19115.824424794926	-3446.9628711055207	-15668.861553689407	-3446.9628711055207	4.092486270612618E307	Infinity	0.7597744934579416	0.028874017790043505	2.591363546800414	0.379762435409541	0.028874017790043505	2.591363546800414	0.379762435409541	0.2213178774834557	0.0	0.0	0.0	4.8859216545891E-310	-13480.139359455643	7.480300405148812E307	7.426375487703409E307	1.9848898724122868E307	3.497554493683815E307	2.0928541841094227E307	7	8	1	1	2
154000	-19109.350186089403	-3431.6255213689938	-15677.724664720408	-3431.6255213689938	7.028724196924458E307	Infinity	0.7597744934579416	0.028874017790043505	2.591363546800414	0.379762435409541	0.028874017790043505	2.591363546800414	0.379762435409541	0.1739141759631742	0.0	0.0	0.0	2.09534821841236E-310	-13492.05846638386	8.042428846990599E307	1.3567571292227608E308	7.317026255450537E307	9.518091475091065E307	6.688664025836622E307	3	10	1	1	4
155000	-19099.894242896225	-3430.9830486435817	-15668.911194252643	-3430.9830486435817	9.804548260006101E307	Infinity	0.7597744934579416	0.028874017790043505	2.591363546800414	0.379762435409541	0.028874017790043505	2.591363546800414	0.379762435409541	0.1540205972191838	0.0	0.0	0.0	1.8572467842959E-310	-13490.418742744438	5.572346489050694E307	7.60889890960996E307	7.767699913902302E307	1.4434419076594347E308	3.4968713900871613E307	4	4	6	3	2
156000	-19093.72334113638	-3425.441820765096	-15668.281520371285	-3425.441820765096	4.212447224598154E307	Infinity	0.7597744934579416	0.028874017790043505	2.591363546800414	0.379762435409541	0.028874017790043505	2.591363546800414	0.379762435409541	0.22394421541224974	0.0	0.0	0.0	5.29653066653794E-310	-13474.775828142068	1.1117535834335064E308	7.73843887701551E307	1.2723345153634816E308	5.574214870183747E307	2.2092058847498145E307	2	2	1	10	4
157000	-19122.304519197933	-3439.9633003655053	-15682.341218832427	-3439.9633003655053	4.247627540856427E307	Infinity	0.7597744934579416	0.028874017790043505	2.591363546800414	0.379762435409541	0.028874017790043505	2.591363546800414	0.379762435409541	0.2945223272986277	0.0	0.0	0.0	4.08424911745037E-310	-13478.974817423965	1.1270751842089245E308	1.097748013999698E308	9.029249199449417E307	5.604427827092983E307	3.4697407810110383E307	4	2	1	1	11
158000	-19080.508748127177	-3436.758277927729	-15643.75047019945	-3436.758277927729	2.4340662143904066E307	1.0470573671982554E308	0.7597744934579416	0.14034403948175542	2.591363546800414	0.2682924137178291	0.14034403948175542	2.591363546800414	0.2682924137178291	0.2029634944958571	1.160510254905393E-309	0.0	0.0	1.22586101152432E-309	-13458.993355180273	5.408350465159073E307	1.7095333037006822E307	1.6202267761076295E307	2.6091038955971404E307	1.3663587979981722E307	1	2	3	6	7
159000	-19062.267126733168	-3432.9538070722465	-15629.31331966092	-3432.9538070722465	1.2371777236417698E307	6.851975501766114E307	0.7597744934579416	0.14034403948175542	2.591363546800414	0.2682924137178291	0.14034403948175542	2.591363546800414	0.2682924137178291	0.17452521508908853	1.475663777342903E-309	0.0	0.0	1.508851743962494E-309	-13454.387760079393	2.4416201093033735E307	1.1058200853165183E307	1.765587453065457E307	1.4367388382121505E307	1.427185368742016E307	3	2	2	5	7
160000	-19057.914855692237	-3420.1794993206036	-15637.735356371633	-3420.1794993206036	1.9730813752243352E307	1.0450970559500485E308	0.7597744934579416	0.14034403948175542	2.591363546800414	0.2682924137178291	0.14034403948175542	2.591363546800414	0.2682924137178291	0.17279046014031305	9.6263594736974E-310	0.0	0.0	9.6471123315491E-310	-13460.38806659278	1.8516528668499584E307	1.2380140909557175E307	2.329640806545879E307	4.920855642476078E307	2.480729416591677E307	1	9	2	1	6
161000	-19108.56653504042	-3427.752155622852	-15680.814379417568	-3427.752155622852	3.414794904230953E307	1.7669878055825484E308	0.7597744934579416	0.14034403948175542	2.591363546800414	0.2682924137178291	0.14034403948175542	2.591363546800414	0.2682924137178291	0.3108597851500152	4.5193806423451E-310	0.0	0.0	3.92987753277947E-310	-13469.947169070572	3.5190534528593423E307	8.050243492986696E307	4.318446417366716E307	5.481088237507237E307	1.742773165672719E307	10	2	3	2	2
162000	-19138.326875132767	-3444.2907574711107	-15694.036117661655	-3444.2907574711107	8.707247197426677E307	Infinity	0.7597744934579416	0.14034403948175542	2.591363546800414	0.2682924137178291	0.14034403948175542	2.591363546800414	0.2682924137178291	0.2446986379513581	0.0	0.0	0.0	2.00917963989347E-310	-13490.112916978358	6.152723898873801E307	5.528554853695667E307	1.7137176986753426E308	4.852985317696272E307	3.0648636889233156E307	6	1	8	2	2
163000	-19102.13027934962	-3432.2514213422633	-15669.87885800736	-3432.2514213422633	6.762802965292254E307	Infinity	0.7597744934579416	0.14034403948175542	2.591363546800414	0.2682924137178291	0.14034403948175542	2.591363546800414	0.2682924137178291	0.15983776781039774	0.0	0.0	0.0	2.30084233478654E-310	-13488.948098200108	1.3681300194522275E308	1.3609258244673366E308	1.151851979561852E308	4.299344666338971E307	1.2532800284981408E307	11	1	3	2	2
164000	-19089.03620582459	-3427.7692099588526	-15661.266995865735	-3427.7692099588526	4.4088303646502655E307	Infinity	0.7597744934579416	0.14034403948175542	2.4534016678101733	0.4062542927080698	0.14034403948175542	2.4534016678101733	0.4062542927080698	0.17854108469895183	0.0	0.0	0.0	3.22691134004835E-310	-13479.096135889547	6.02790429807919E307	4.0486270489715543E307	6.954756849409007E307	2.6301860200300936E307	1.4874233790060433E307	1	1	13	2	2
165000	-19109.801043928033	-3430.269106394353	-15679.531937533679	-3430.269106394353	5.374446443626214E307	Infinity	0.7597744934579416	0.14034403948175542	2.5748097137972126	0.28484624672103076	0.14034403948175542	2.5748097137972126	0.28484624672103076	0.27480507466570187	0.0	0.0	0.0	2.8732691642852E-310	-13487.695211009848	1.231950300011932E308	5.051471021556303E307	7.565014371143216E307	4.652620591140292E307	4.956336644282155E307	3	1	11	3	1
166000	-19106.240754026363	-3432.0390074841857	-15674.201746542176	-3432.0390074841857	8.943728492378273E307	Infinity	0.7597744934579416	0.14034403948175542	2.5748097137972126	0.28484624672103076	0.14034403948175542	2.5748097137972126	0.28484624672103076	0.17302478020263237	0.0	0.0	0.0	1.7429789290991E-310	-13492.675968119547	1.2637130048996034E308	1.483222777960116E308	1.0165427537169494E308	4.520620402960996E307	1.0697255362719777E307	13	1	2	2	1
167000	-19094.54337662611	-3433.5859651997407	-15660.957411426369	-3433.5859651997407	3.2092836012447067E307	1.4575295723982124E308	0.7597744934579416	0.14034403948175542	2.5748097137972126	0.28484624672103076	0.14034403948175542	2.5748097137972126	0.28484624672103076	0.22110346049073226	7.1530220340241E-310	0.0	0.0	7.0732647630172E-310	-13469.752477836968	3.127775251385852E307	4.369224960330505E307	7.028001151730842E307	5.704617450568787E307	1.161278352197148E308	7	2	7	2	1
168000	-19078.6551999865	-3427.273828781483	-15651.381371205016	-3427.273828781483	4.092348454157073E307	Infinity	0.7597744934579416	0.14034403948175542	2.3799164052293564	0.4797395552888871	0.14034403948175542	2.3799164052293564	0.4797395552888871	0.14909233153758691	0.0	0.0	0.0	5.2546775228229E-310	-13474.484353479398	8.020326532390666E307	3.333321940506048E307	6.726267424208339E307	6.881383905650923E307	5.284919743532333E307	3	7	6	2	1
169000	-19085.949095509684	-3428.3664753787334	-15657.58262013095	-3428.3664753787334	4.524861650508404E307	1.7885346459494853E308	0.7597744934579416	0.14034403948175542	2.3799164052293564	0.4797395552888871	0.14034403948175542	2.3799164052293564	0.4797395552888871	0.18128333512493253	6.1748198769047E-310	0.0	0.0	6.1241580145388E-310	-13467.204548872347	3.8567043145614476E307	9.678273140183695E306	2.64504569118363E307	9.529660545757655E307	4.522713200460029E307	4	5	5	2	3
170000	-19098.597149596524	-3421.3713210860105	-15677.225828510513	-3421.3713210860105	5.520676959241627E307	Infinity	0.7597744934579416	0.14034403948175542	2.5700984914923053	0.2895574690259384	0.14034403948175542	2.5700984914923053	0.2895574690259384	0.26922820105324985	0.0	0.0	0.0	3.41671413751816E-310	-13475.774583177166	1.7677890364689498E308	2.606235246710551E307	4.0689283386590144E307	8.513025766812813E307	5.981338686825869E307	1	7	6	2	3
171000	-19118.61490886629	-3424.758555680806	-15693.856353185485	-3424.758555680806	8.608894037886112E307	Infinity	0.7597744934579416	0.14034403948175542	2.5700984914923053	0.2895574690259384	0.14034403948175542	2.5700984914923053	0.2895574690259384	0.2972352145555894	0.0	0.0	0.0	1.73156084334675E-310	-13490.360754413103	4.499342213710165E307	5.567766066887352E307	4.861741672030971E307	7.633628572779822E307	1.0815151992628782E308	4	6	2	1	6
172000	-19114.51445906415	-3433.176754895567	-15681.337704168584	-3433.176754895567	7.536015700234739E307	Infinity	0.7597744934579416	0.14034403948175542	2.5700984914923053	0.2895574690259384	0.14034403948175542	2.5700984914923053	0.2895574690259384	0.20316571915276965	0.0	0.0	0.0	1.9250368210217E-310	-13485.121329324433	5.949124919029353E307	4.4695046055236273E307	5.931142179836494E307	1.0147438875643877E308	2.8681308523589964E307	4	1	3	9	2
173000	-19114.62731018949	-3436.5504174023426	-15678.076892787149	-3436.5504174023426	8.156523641316895E307	Infinity	0.7597744934579416	0.14034403948175542	2.5700984914923053	0.2895574690259384	0.14034403948175542	2.5700984914923053	0.2895574690259384	0.2168420291034747	0.0	0.0	0.0	2.31042891251586E-310	-13493.87102934725	1.1005869161748945E308	1.7693501905557864E308	9.072456353750522E307	1.313423745422385E308	7.527919854576038E307	2	2	5	9	1
174000	-19078.950777992726	-3425.361258593162	-15653.589519399566	-3425.361258593162	1.1369654516702081E308	Infinity	0.7597744934579416	0.14034403948175542	2.5700984914923053	0.2895574690259384	0.14034403948175542	2.5700984914923053	0.2895574690259384	0.10245809857499964	0.0	0.0	0.0	2.02871068899844E-310	-13490.738933088625	1.5460138115260398E308	1.1937917827266528E308	5.58936463271793E307	8.632978226504481E307	4.23733856993445E307	1	2	3	11	2
175000	-19120.86147636588	-3427.891706394518	-15692.969769971363	-3427.891706394518	1.7571102651853918E308	Infinity	0.7597744934579416	0.14034403948175542	2.412458271441647	0.44719768907659685	0.14034403948175542	2.412458271441647	0.44719768907659685	0.25705451590843015	0.0	0.0	0.0	1.3220702365881E-310	-13497.353653092945	8.898504027611113E307	1.1937917827266528E308	1.1039086006273715E308	1.4963925414835512E308	9.911127471105694E307	2	11	1	2	3
176000	-19066.524346547332	-3438.501675221011	-15628.022671326322	-3438.501675221011	1.1632269054728493E308	Infinity	0.7597744934579416	0.14034403948175542	2.412458271441647	0.44719768907659685	0.14034403948175542	2.412458271441647	0.44719768907659685	0.05315258735800658	0.0	0.0	0.0	1.8758831833076E-310	-13495.405640306535	8.205713830063718E307	6.180677750046639E307	3.9349477924188094E307	7.708227165599316E307	7.041160597744701E307	4	4	3	2	6
177000	-19056.696157645838	-3427.1141236569442	-15629.582033988894	-3427.1141236569442	8.506137865258293E307	Infinity	0.7597744934579416	0.14034403948175542	2.412458271441647	0.44719768907659685	0.14034403948175542	2.412458271441647	0.44719768907659685	0.052410076878871385	0.0	0.0	0.0	1.86005890973083E-310	-13495.853088138947	1.1607551272331546E308	1.3844618353208284E308	6.699687216304557E307	7.918588861721712E307	5.768951462868202E307	5	2	3	8	1
178000	-19050.27783101032	-3429.683599751982	-15620.594231258337	-3429.683599751982	8.223967048048731E307	Infinity	0.7597744934579416	0.14034403948175542	2.412458271441647	0.44719768907659685	0.14034403948175542	2.412458271441647	0.44719768907659685	0.0380404155184119	0.0	0.0	0.0	2.33832531252267E-310	-13488.48540760509	8.319086472315746E307	5.254861634520767E307	1.2285207744802715E308	6.522169057956469E307	4.676739251480482E307	12	1	2	3	1
179000	-19091.68946621506	-3422.6999067140932	-15668.989559500964	-3422.6999067140932	1.1868066903459333E308	Infinity	0.7597744934579416	0.14034403948175542	2.412458271441647	0.44719768907659685	0.14034403948175542	2.412458271441647	0.44719768907659685	0.14559824737462906	0.0	0.0	0.0	1.59776689921747E-310	-13491.342817871699	6.893052437655614E307	9.15704238418593E307	1.4036387930297304E308	6.849383094407992E307	8.017825298001512E307	2	9	2	5	1
180000	-19091.22483138553	-3431.3948813764996	-15659.829950009032	-3431.3948813764996	2.2192235097916461E307	1.2972723572789251E308	0.7597744934579416	0.14034403948175542	2.412458271441647	0.44719768907659685	0.14034403948175542	2.412458271441647	0.44719768907659685	0.1770138398563579	6.60856685501133E-310	0.0	0.0	5.4633210492752E-310	-13467.613033355443	3.000167437088173E307	2.5516105276834657E307	3.36550550890073E307	2.596506281960213E307	1.5122547268142811E307	2	3	4	8	2
181000	-19058.801232099082	-3423.421923936249	-15635.379308162832	-3423.421923936249	1.6790584752700602E307	6.765353247747209E307	0.7597744934579416	0.14034403948175542	2.412458271441647	0.44719768907659685	0.14034403948175542	2.412458271441647	0.44719768907659685	0.23664351500374464	1.66178591667078E-309	0.0	0.0	1.895826987615035E-309	-13449.728980523438	8.258263279426107E306	1.1289149351884654E307	1.413764303894401E307	1.5017691667440489E307	9.672941994888651E306	1	5	7	2	4
182000	-19088.751634435255	-3429.170615260269	-15659.581019174984	-3429.170615260269	2.8864280545969166E307	1.5170042176893236E308	0.7597744934579416	0.14034403948175542	2.412458271441647	0.44719768907659685	0.14034403948175542	2.412458271441647	0.44719768907659685	0.24382492897703395	7.00480221085365E-310	0.0	0.0	7.39123666375346E-310	-13465.92983151011	1.4573078044699913E308	2.5297642942608833E307	2.291467959199908E307	5.167086914997054E307	1.8467719851279936E307	1	5	8	1	4
183000	-19107.75909696661	-3439.0329607958624	-15668.726136170748	-3439.0329607958624	2.5615095035710304E307	1.4878601027795598E308	0.7597744934579416	0.14034403948175542	2.412458271441647	0.44719768907659685	0.14034403948175542	2.412458271441647	0.44719768907659685	0.23332679019458566	5.2712628989307E-310	0.0	0.0	5.1778250622241E-310	-13470.055878200186	1.0389250675470164E308	4.143773388204049E307	4.014976403293058E307	3.2402688927547513E307	2.709771287972173E307	1	5	3	6	4
184000	-19114.115106955447	-3432.272338260356	-15681.842768695093	-3432.272338260356	3.498500503747751E307	1.7633486773125291E308	0.7597744934579416	0.14034403948175542	2.412458271441647	0.44719768907659685	0.14034403948175542	2.412458271441647	0.44719768907659685	0.39589583737246664	4.9424429949356E-310	0.0	0.0	4.3894471002146E-310	-13471.434788579698	8.584530680740889E307	3.8030721059271337E307	3.944839492387961E307	3.2402688927547513E307	1.9704194538611341E307	1	1	4	9	4
185000	-19076.15063466389	-3423.2570663065094	-15652.893568357378	-3423.2570663065094	3.706091866397724E307	1.7925457880749665E308	0.7597744934579416	0.14034403948175542	2.412458271441647	0.44719768907659685	0.14034403948175542	2.412458271441647	0.44719768907659685	0.19001005900848456	4.96667839884054E-310	0.0	0.0	5.6767911109398E-310	-13471.166622680092	1.9385176147118838E307	9.205054651103378E306	1.6905276260973688E307	2.656807494965848E307	8.067872722242893E306	4	1	4	8	2
186000	-19052.808090265433	-3429.6925883517324	-15623.1155019137	-3429.6925883517324	1.7514932958367458E307	9.984141106511728E307	0.7597744934579416	0.14034403948175542	2.412458271441647	0.44719768907659685	0.14034403948175542	2.412458271441647	0.44719768907659685	0.08951142283712644	1.167061538130085E-309	0.0	0.0	1.138917700964976E-309	-13459.855775282915	1.1901443358681065E307	1.9080823980776067E307	2.5414948594013837E307	1.749715351679219E307	1.1603117109002204E307	5	8	3	1	2
187000	-19097.868966784434	-3426.7725210901576	-15671.096445694275	-3426.7725210901576	4.771950183735076E307	Infinity	0.7597744934579416	0.14034403948175542	2.412458271441647	0.44719768907659685	0.14034403948175542	2.412458271441647	0.44719768907659685	0.23532050858873216	0.0	0.0	0.0	3.25872205257014E-310	-13478.307376510436	5.030347570189639E307	7.703334892122121E307	6.169513952672814E307	3.117794091258573E307	2.5441621134818433E307	9	1	7	1	1
188000	-19072.09427707611	-3426.3808740860254	-15645.713402990086	-3426.3808740860254	3.1343029688479E307	1.6824182215763247E308	0.7597744934579416	0.14034403948175542	2.412458271441647	0.44719768907659685	0.14034403948175542	2.412458271441647	0.44719768907659685	0.1277822913496285	6.91470117005604E-310	0.0	0.0	6.99039996596834E-310	-13473.242039791634	8.503248011584136E307	6.168562650384476E307	4.520903075149185E307	3.274067034918554E307	5.826718346139922E307	1	6	8	3	1
189000	-19092.058138051354	-3434.463323559008	-15657.594814492348	-3434.463323559008	7.379083271793739E307	Infinity	0.7597744934579416	0.14034403948175542	2.412458271441647	0.44719768907659685	0.14034403948175542	2.412458271441647	0.44719768907659685	0.14082950415067055	0.0	0.0	0.0	2.66586868151137E-310	-13486.48000129442	6.936833347136786E307	4.755889903304249E307	3.795122622696436E307	4.3506164312222966E307	5.486590623852377E307	1	3	7	5	3
190000	-19072.537694317267	-3431.5878370978753	-15640.94985721939	-3431.5878370978753	8.925038990764659E307	Infinity	0.7597744934579416	0.24115495181948743	2.412458271441647	0.34638677673886487	0.24115495181948743	2.412458271441647	0.34638677673886487	0.057682387118356895	0.0	0.0	0.0	2.23708812652E-310	-13488.615301218806	5.286579571244848E307	7.626247271852919E307	1.1428752852161965E308	8.501415373059753E307	3.930069551275668E307	7	2	7	2	1
191000	-19071.99130862127	-3445.4377183458946	-15626.553590275376	-3445.4377183458946	4.657495272862936E307	Infinity	0.7597744934579416	0.24115495181948743	2.412458271441647	0.34638677673886487	0.24115495181948743	2.412458271441647	0.34638677673886487	0.058574965518704024	0.0	0.0	0.0	5.3276344142629E-310	-13479.948852908063	9.356265199764196E307	1.4926818240807586E308	8.63716196570051E307	3.457120585177673E307	5.384356066036638E307	6	2	4	6	1
192000	-19092.25044319781	-3434.5702347334586	-15657.680208464351	-3434.5702347334586	3.446126208637002E307	Infinity	0.7597744934579416	0.2111790445690024	2.442434178692132	0.34638677673886487	0.2111790445690024	2.442434178692132	0.34638677673886487	0.15406628853889281	0.0	0.0	0.0	4.74218215336524E-310	-13477.340547186666	5.29566114977011E307	5.564648776349097E307	6.254520450301637E307	4.913474008626877E307	9.961422931930054E306	6	1	3	5	4
193000	-19088.93813162758	-3437.443553821728	-15651.49457780585	-3437.443553821728	2.2401166727043343E307	1.65937541783015E308	0.7597744934579416	0.2111790445690024	2.442434178692132	0.34638677673886487	0.2111790445690024	2.442434178692132	0.34638677673886487	0.1820438922972241	6.10692601669754E-310	0.0	0.0	6.0304652246733E-310	-13469.357109633376	3.8748734445930723E307	3.179540881204311E307	4.2658182144020754E307	2.4270149300649866E307	2.848332197552206E306	1	3	6	6	3
194000	-19121.558363325134	-3461.370565207388	-15660.187798117746	-3461.370565207388	1.633322870438331E307	9.153725132926207E307	0.7597744934579416	0.2111790445690024	2.442434178692132	0.34638677673886487	0.2111790445690024	2.442434178692132	0.34638677673886487	0.3757619886017382	9.3000936061476E-310	0.0	0.0	1.00047181651793E-309	-13461.182375484505	3.6839788125017194E307	1.7749573446180353E307	1.7576413564227484E307	1.0360728824860319E307	4.5232168067148276E306	2	7	5	4	1
195000	-19097.458585254626	-3435.0292874328184	-15662.429297821809	-3435.0292874328184	1.2436402200084072E307	8.094368235040524E307	0.7597744934579416	0.2111790445690024	2.442434178692132	0.34638677673886487	0.2111790445690024	2.442434178692132	0.34638677673886487	0.27102524333124894	1.4232653117212E-309	0.0	0.0	1.27306631082022E-309	-13460.252251510956	1.0210368710616444E308	1.4622109760517282E307	8.497403209573147E306	1.3733181161080272E307	6.070335215251604E306	1	12	2	2	2
196000	-19072.515108472668	-3433.7244751670783	-15638.79063330559	-3433.7244751670783	1.3072222534378612E307	7.148466379197633E307	0.7597744934579416	0.2111790445690024	2.442434178692132	0.34638677673886487	0.2111790445690024	2.442434178692132	0.34638677673886487	0.20562772350794384	1.333255832537785E-309	0.0	0.0	1.28572545938554E-309	-13455.033038237545	6.960028770839491E307	1.943273272987283E307	1.9800196351602578E307	1.732651165646847E307	7.693238032522532E306	1	7	2	5	4
197000	-19101.534781461967	-3439.1698091340772	-15662.364972327889	-3439.1698091340772	2.2244609568308148E307	1.0447454986829588E308	0.7597744934579416	0.2111790445690024	2.442434178692132	0.34638677673886487	0.2111790445690024	2.442434178692132	0.34638677673886487	0.29271047199421585	8.26301397499314E-310	0.0	0.0	9.26023505977333E-310	-13464.096510646405	2.2547370862472875E307	1.6319488797248403E307	2.2882193111038033E307	7.867300417498567E306	3.113690947226743E306	1	7	6	3	2
198000	-19058.145080149367	-3440.8874535806103	-15617.257626568755	-3440.8874535806103	5.1941852148523696E306	3.3834877279361883E307	0.7597744934579416	0.2111790445690024	2.340817447593799	0.448003507837198	0.2111790445690024	2.340817447593799	0.448003507837198	0.17985186040832904	3.86948807710805E-309	0.0	0.0	3.665563455248235E-309	-13442.674621298635	2.3315912176798965E307	6.979699345337125E306	5.397191967610174E306	4.873899774328265E306	5.740376723458748E306	1	1	5	2	10
199000	-19052.848866066604	-3424.2914987640206	-15628.557367302585	-3424.2914987640206	4.074368625719737E306	2.613458047431839E307	0.7597744934579416	0.2111790445690024	2.340817447593799	0.448003507837198	0.2111790445690024	2.340817447593799	0.448003507837198	0.2397764773243224	4.009942634951747E-309	0.0	0.0	3.980355223226224E-309	-13436.290773407482	2.0313051778232E307	9.817472600544478E306	1.0256035067492401E307	3.685837786694255E306	1.2507333896786115E306	1	1	3	12	2
200000	-19078.976560501935	-3427.5982997915694	-15651.378260710366	-3427.5982997915694	1.1398987631034735E307	7.700699571035251E307	0.7597744934579416	0.2111790445690024	2.340817447593799	0.448003507837198	0.2111790445690024	2.340817447593799	0.448003507837198	0.26427385102394685	1.18564847723547E-309	0.0	0.0	1.142142760437407E-309	-13454.561125440134	4.796996556609065E307	1.2679468458462963E307	1.196776396067994E307	1.818612057344356E307	4.9535714681019894E306	2	5	5	3	4
201000	-19084.694721188287	-3433.7477897177796	-15650.94693147051	-3433.7477897177796	2.8271036855239233E307	1.6402687124408258E308	0.7597744934579416	0.2111790445690024	2.340817447593799	0.448003507837198	0.2111790445690024	2.340817447593799	0.448003507837198	0.18344619585550867	7.88005816674335E-310	0.0	0.0	7.5700980767998E-310	-13472.176363570516	6.871713376999631E307	3.0741975980069843E307	3.307538854314577E307	1.2063988546876475E307	1.0359243215364464E307	6	7	3	2	1
202000	-19091.924271742133	-3433.23342505237	-15658.690846689764	-3433.23342505237	4.2236676789672036E307	Infinity	0.7597744934579416	0.2111790445690024	2.340817447593799	0.448003507837198	0.2111790445690024	2.340817447593799	0.448003507837198	0.2233989621827524	0.0	0.0	0.0	4.48369448173155E-310	-13474.459202415443	5.269359090587186E307	4.154258730199214E307	5.228843488338998E307	3.881309162088036E307	1.1743809831451932E307	3	3	9	1	3
203000	-19079.76916586112	-3427.261662782149	-15652.50750307897	-3427.261662782149	1.850983550673519E307	8.540478529772441E307	0.7597744934579416	0.2111790445690024	2.5523971206271407	0.23642383480385604	0.2111790445690024	2.5523971206271407	0.23642383480385604	0.29247346286150927	9.6641954259389E-310	0.0	0.0	1.046853291619327E-309	-13456.815582669193	1.1535087179850264E307	1.6620639713137112E307	2.7096671342935594E307	1.3083649102303867E307	8.852406137462512E306	3	4	5	6	1
204000	-19072.54669764905	-3430.266956541674	-15642.279741107375	-3430.266956541674	1.2250525335992288E307	6.025090937431629E307	0.7597744934579416	0.2111790445690024	2.5523971206271407	0.23642383480385604	0.2111790445690024	2.5523971206271407	0.23642383480385604	0.1970215494322704	1.553283096079877E-309	0.0	0.0	1.462253487263385E-309	-13451.492985880841	2.4097424579746214E307	1.3324135841731625E307	1.6446604627475208E307	9.43062564770643E306	6.507473816537688E306	2	5	6	5	1
205000	-19083.71415762691	-3433.012860452745	-15650.701297174164	-3433.012860452745	5.160321699368977E307	Infinity	0.7597744934579416	0.2111790445690024	2.5523971206271407	0.23642383480385604	0.2111790445690024	2.5523971206271407	0.23642383480385604	0.18154045916814748	0.0	0.0	0.0	4.53323456245365E-310	-13473.696654110983	3.2050377275069695E307	2.423222138057989E307	2.66211841914513E307	1.6714166499130753E307	1.4979603210637651E307	2	12	2	2	1
206000	-19114.009194286467	-3426.937969406757	-15687.07122487971	-3426.937969406757	8.624527649919594E307	Infinity	0.7597744934579416	0.12095600181902368	2.6426201633771194	0.23642383480385604	0.12095600181902368	2.6426201633771194	0.23642383480385604	0.22476591576650679	0.0	0.0	0.0	1.9905112777937E-310	-13489.809332061177	7.015510647582624E307	6.938289360957053E307	8.057655549011108E307	1.131159500556077E308	3.267899637484021E307	2	3	9	4	1
207000	-19136.643773929096	-3442.69751229008	-15693.946261639016	-3442.69751229008	9.842865926377436E307	Infinity	0.7597744934579416	0.12095600181902368	2.6426201633771194	0.23642383480385604	0.12095600181902368	2.6426201633771194	0.23642383480385604	0.3002570783479827	0.0	0.0	0.0	1.70584592715944E-310	-13493.839573076975	7.446289969900377E307	1.225138918448526E308	7.788877235612111E307	4.272479261759312E307	2.0588515543781132E307	2	8	7	1	1
208000	-19128.636111071115	-3431.163349963862	-15697.472761107254	-3431.163349963862	8.454721609288484E307	Infinity	0.7597744934579416	0.12095600181902368	2.6426201633771194	0.23642383480385604	0.12095600181902368	2.6426201633771194	0.23642383480385604	0.2642638124126755	0.0	0.0	0.0	2.06843572744014E-310	-13492.693387301086	7.216559873748182E307	1.6719433167469286E308	1.5058074259610678E308	6.013381884081434E307	2.1485884282124612E307	5	1	6	4	3
209000	-19117.48808143907	-3442.484991776115	-15675.003089662954	-3442.484991776115	8.955675509311563E307	Infinity	0.7597744934579416	0.12095600181902368	2.6426201633771194	0.23642383480385604	0.12095600181902368	2.6426201633771194	0.23642383480385604	0.15984872799544284	0.0	0.0	0.0	2.53895857395797E-310	-13487.165413380955	4.711643546861418E307	3.3303441077189765E307	7.838574855241596E307	3.398259721889469E307	5.014644374126406E307	2	2	6	4	5
210000	-19111.69206686524	-3444.061354358926	-15667.63071250631	-3444.061354358926	5.417475684027455E307	Infinity	0.7597744934579416	0.12095600181902368	2.6426201633771194	0.23642383480385604	0.12095600181902368	2.6426201633771194	0.23642383480385604	0.15984872799544284	0.0	0.0	0.0	3.51142121885794E-310	-13483.968659110182	7.996030200636357E307	6.974375810700969E307	9.805048778397081E307	5.493991943169534E307	3.000164192218381E307	1	8	6	1	3
211000	-19099.433093424028	-3436.2650957354913	-15663.167997688537	-3436.2650957354913	3.3964779349088463E307	1.738591978238933E308	0.7597744934579416	0.12095600181902368	2.6426201633771194	0.23642383480385604	0.12095600181902368	2.6426201633771194	0.23642383480385604	0.17011137403715024	5.4573131902079E-310	0.0	0.0	5.4046342227514E-310	-13467.71001433058	2.1685876282448593E307	1.8346636001539624E307	3.933098198862945E307	2.4221396712920833E307	2.379949182567163E307	3	7	7	1	1
212000	-19050.24251654047	-3422.910880879379	-15627.331635661094	-3422.910880879379	6.300008449183903E307	Infinity	0.7513542971052819	0.12095600181902368	2.491331159764527	0.38771283841644844	0.12095600181902368	2.491331159764527	0.38771283841644844	0.08454233800881265	0.0	0.0	0.0	3.71707091544077E-310	-13478.307908074048	6.860981795490085E307	6.968951665055068E307	5.389954850602757E307	2.6166416591034256E307	9.779681867856636E306	7	2	8	1	1
213000	-19092.191628576536	-3423.638615204697	-15668.55301337184	-3423.638615204697	1.0032630092739308E308	Infinity	0.7513542971052819	0.12095600181902368	2.491331159764527	0.38771283841644844	0.12095600181902368	2.491331159764527	0.38771283841644844	0.14501112681382108	0.0	0.0	0.0	1.94111870687474E-310	-13491.842118198989	1.6573768842123123E308	1.2773015394961594E308	1.0977336001566359E308	7.5059497065722E307	3.628422904096859E307	4	4	1	9	1
214000	-19076.08016826243	-3427.234668941795	-15648.845499320636	-3427.234668941795	4.3504768559951765E307	Infinity	0.7513542971052819	0.12095600181902368	2.491331159764527	0.38771283841644844	0.12095600181902368	2.491331159764527	0.38771283841644844	0.14837073636776596	0.0	0.0	0.0	4.8974065661798E-310	-13475.298012471463	1.1369618079031248E308	2.88361722127954E307	3.5346698837384606E307	2.3705888059143984E307	2.744679458529992E307	4	2	1	4	8
215000	-19094.662147097453	-3428.5703448681197	-15666.091802229334	-3428.5703448681197	4.147883375424374E307	Infinity	0.7513542971052819	0.12095600181902368	2.491331159764527	0.38771283841644844	0.12095600181902368	2.491331159764527	0.38771283841644844	0.1877556218331508	0.0	0.0	0.0	4.38352298905564E-310	-13479.043099214712	2.886019501704577E307	5.941543277373857E307	6.837940505222974E307	4.140626478838501E307	8.433342019440489E307	3	1	2	2	11
216000	-19089.41675613708	-3429.6009537321634	-15659.815802404919	-3429.6009537321634	2.8127154039728395E307	1.3114456485958275E308	0.7513542971052819	0.12095600181902368	2.3354349945497273	0.5436090036312482	0.12095600181902368	2.3354349945497273	0.5436090036312482	0.23828859279475745	7.73124126371013E-310	0.0	0.0	7.59480572180723E-310	-13462.037366527624	4.091331729385539E307	3.393080773002751E307	1.4315768357210905E307	3.4349132743545025E307	2.1631608813463735E307	1	1	12	1	4
217000	-19099.645197261845	-3440.7450731690833	-15658.900124092761	-3440.7450731690833	2.0805059505922696E307	9.6397775965146E307	0.7513542971052819	0.12095600181902368	2.3354349945497273	0.5436090036312482	0.12095600181902368	2.3354349945497273	0.5436090036312482	0.19038431063432282	1.40546110720877E-309	0.0	0.0	1.401279625175046E-309	-13461.703713186567	3.850158750906536E307	2.4676541083512526E307	1.2829387098337517E307	3.995823750807555E307	5.437763429955455E307	2	1	11	1	4
218000	-19102.911510699658	-3440.9129691408602	-15661.998541558796	-3440.9129691408602	1.644149309604402E307	8.412789899982722E307	0.7513542971052819	0.12095600181902368	2.3354349945497273	0.5436090036312482	0.12095600181902368	2.3354349945497273	0.5436090036312482	0.28044592728046774	1.06969863308217E-309	0.0	0.0	1.037312262801407E-309	-13455.046265024504	1.6942394200492797E307	2.807042704019366E307	1.6218616125762223E307	1.3587543041223985E307	3.977655549431878E306	4	3	2	8	2
219000	-19055.290928454888	-3444.6619079895154	-15610.62902046537	-3444.6619079895154	1.988678505908788E307	1.0637689818413466E308	0.7513542971052819	0.12095600181902368	2.3354349945497273	0.5436090036312482	0.12095600181902368	2.3354349945497273	0.5436090036312482	0.07436754384035346	8.4826669124595E-310	0.0	0.0	8.39353263107693E-310	-13462.468240101425	4.484095810575374E307	3.7529519430129516E307	2.0775375231647286E307	1.3587543041223985E307	1.4424719080055827E307	2	4	8	3	2
220000	-19037.92654111536	-3439.196010719042	-15598.73053039632	-3439.196010719042	1.6400996199252975E307	8.830615614903669E307	0.7513542971052819	0.12095600181902368	2.3354349945497273	0.5436090036312482	0.12095600181902368	2.3354349945497273	0.5436090036312482	0.054182344036697014	1.18205666349686E-309	0.0	0.0	1.174208101606657E-309	-13459.117354721842	5.274232980320471E307	2.6271154994763366E307	1.1776507217711616E307	1.9824752434117552E307	1.3303129578018323E307	2	1	2	13	1
221000	-19110.90536756901	-3427.2880224564333	-15683.617345112574	-3427.2880224564333	2.2712274188809456E307	1.6282033549871511E308	0.7513542971052819	0.12095600181902368	2.3354349945497273	0.5436090036312482	0.12095600181902368	2.3354349945497273	0.5436090036312482	0.3528712493963078	6.1392530350615E-310	0.0	0.0	5.52600554671884E-310	-13474.249565321074	5.188914408906403E307	4.694937379794103E307	1.472990352315657E307	1.9824752434117552E307	9.561625782454704E306	2	1	1	14	1
222000	-19073.120459400292	-3432.0939579386527	-15641.02650146164	-3432.0939579386527	1.1605118796126454E307	7.637381770510264E307	0.7513542971052819	0.12095600181902368	2.3354349945497273	0.5436090036312482	0.12095600181902368	2.3354349945497273	0.5436090036312482	0.174857065531377	1.36222632300014E-309	0.0	0.0	1.37070406735358E-309	-13455.684099402519	1.0730882024062538E307	9.368784811962744E306	4.3110827120769155E306	1.9394263970955955E307	1.4972994640986267E307	2	3	4	9	1
223000	-19017.56370113553	-3426.138262287166	-15591.425438848362	-3426.138262287166	4.9359859669338336E306	2.2690607667253814E307	0.7513542971052819	0.12095600181902368	2.3354349945497273	0.5436090036312482	0.12095600181902368	2.3354349945497273	0.5436090036312482	0.08013803991362341	4.554986722370675E-309	0.0	0.0	4.41617354927706E-309	-13435.627738934703	1.0960725613451429E308	1.7799364000427893E307	1.7306906052612034E307	5.654899576915559E306	3.4662387922835095E306	1	1	1	14	2
224000	-19082.231112496283	-3436.245990488404	-15645.98512200788	-3436.245990488404	9.114136256188495E306	3.825248339410451E307	0.7513542971052819	0.12095600181902368	2.3354349945497273	0.5436090036312482	0.12095600181902368	2.3354349945497273	0.5436090036312482	0.2697188468947614	2.39671538507311E-309	0.0	0.0	2.52218692118982E-309	-13443.956676675394	4.898759487545558E307	1.0554647931524917E307	4.487456233224907E306	1.9942511797577595E306	4.6720419854379955E306	1	12	2	2	2
225000	-19043.49041520645	-3433.790001628309	-15609.70041357814	-3433.790001628309	1.1456437742228325E307	5.587591063826478E307	0.7513542971052819	0.12095600181902368	2.3354349945497273	0.5436090036312482	0.12095600181902368	2.3354349945497273	0.5436090036312482	0.10535850064908649	1.57155263549457E-309	0.0	0.0	1.577366609060826E-309	-13451.950175050973	4.471121027758367E307	1.8854420837322833E307	1.1040330599267812E307	7.319437150543456E306	9.089126955636707E306	1	4	7	4	3
226000	-19040.13791765279	-3425.690009496023	-15614.447908156768	-3425.690009496023	8.060198786783271E306	4.358719645509861E307	0.7513542971052819	0.12095600181902368	2.57780530829916	0.3012386898818151	0.12095600181902368	2.57780530829916	0.3012386898818151	0.15606102351630408	2.771071806630607E-309	0.0	0.0	2.76660455790921E-309	-13444.787539076333	1.419859991939014E307	9.017903440197922E306	1.022020151942833E307	4.1952654765544756E306	2.908186990016586E306	2	6	7	1	3
227000	-19068.707413214237	-3430.9964130823246	-15637.71100013191	-3430.9964130823246	3.619497332590895E307	1.7698493959977887E308	0.7513542971052819	0.12095600181902368	2.57780530829916	0.3012386898818151	0.12095600181902368	2.57780530829916	0.3012386898818151	0.10368749041935676	6.42355829853916E-310	0.0	0.0	6.58055795743733E-310	-13471.999476855763	6.461144540318514E307	4.823486099926156E307	2.3657353155215143E307	2.364822209144419E307	1.4388048028401354E307	2	7	2	7	1
228000	-19074.393680009623	-3435.0198297706625	-15639.37385023896	-3435.0198297706625	2.2138374493625524E307	1.3378939637488065E308	0.7513542971052819	0.12095600181902368	2.57780530829916	0.3012386898818151	0.12095600181902368	2.57780530829916	0.3012386898818151	0.12792817606472978	6.1124125534236E-310	0.0	0.0	5.86634866213885E-310	-13468.19508627438	3.766851982082261E307	2.2916606037668355E307	1.6415565681397927E307	3.4732831707659326E307	5.554575432558438E307	2	1	8	7	1
229000	-19083.98583315793	-3423.5698836980064	-15660.415949459924	-3423.5698836980064	3.1607584504982137E307	1.2841859767281108E308	0.7513542971052819	0.12095600181902368	2.57780530829916	0.3012386898818151	0.12095600181902368	2.57780530829916	0.3012386898818151	0.3318881814465437	1.08901950057032E-309	0.0	0.0	1.11196385068743E-309	-13462.152698968684	3.249885516885895E307	2.453933956330073E307	2.5858588455542236E307	2.7175043562246973E307	1.6779018698642803E307	1	1	8	5	4
230000	-19067.890225904055	-3424.7961444582015	-15643.094081445852	-3424.7961444582015	1.5371580048975443E307	6.81471255552374E307	0.7513542971052819	0.12095600181902368	2.57780530829916	0.3012386898818151	0.12095600181902368	2.57780530829916	0.3012386898818151	0.23341921137992994	1.434759050041416E-309	0.0	0.0	1.543475379165466E-309	-13452.224134884313	1.8254939544884888E307	1.0958308717748204E307	2.459946584122555E307	1.9538590902253157E307	9.075871702893423E306	1	4	8	3	3
231000	-19067.96208880545	-3423.190536610937	-15644.771552194512	-3423.190536610937	1.7536263223255636E307	9.392437282530717E307	0.7513542971052819	0.12095600181902368	2.4161066695433835	0.4629373286375916	0.12095600181902368	2.4161066695433835	0.4629373286375916	0.19899561373133737	1.12103594235847E-309	0.0	0.0	1.07587694505454E-309	-13460.79547105923	1.1583263209329595E307	1.0156724804608263E307	2.2768546398018345E307	1.9134802784158808E307	7.571301113455617E306	3	7	6	2	1
232000	-19077.426204000032	-3446.4539436787286	-15630.972260321303	-3446.4539436787286	8.784165692707273E306	4.642713841014381E307	0.7513542971052819	0.25625663327583753	2.2808060380865696	0.4629373286375916	0.25625663327583753	2.2808060380865696	0.4629373286375916	0.22443537770929858	2.531000422926E-309	0.0	0.0	2.733117731036447E-309	-13446.656312004943	8.926691171084631E306	7.305047932329878E306	5.747815821052665E306	1.0260780217192091E307	7.051618000980471E306	3	3	3	9	1
233000	-19020.268263952217	-3429.254499493116	-15591.013764459101	-3429.254499493116	3.498220401817233E306	1.9362410800022834E307	0.7513542971052819	0.25625663327583753	2.2808060380865696	0.4629373286375916	0.25625663327583753	2.2808060380865696	0.4629373286375916	0.13698046954574766	5.448149710616693E-309	0.0	0.0	5.48375575588743E-309	-13431.697130889846	1.6266010936562771E307	6.288890087637573E306	4.307303692151732E306	2.1529408227482634E306	1.1467892853340747E306	1	4	7	5	2
234000	-19015.147318304076	-3435.4727366429483	-15579.67458166113	-3435.4727366429483	1.0731507541080488E306	6.32604841804902E306	0.7513542971052819	0.25625663327583753	2.2808060380865696	0.4629373286375916	0.25625663327583753	2.2808060380865696	0.4629373286375916	0.16854658790504554	1.4755473787829156E-308	0.0	0.0	1.499025731197838E-308	-13409.900410743012	6.106434481325354E306	1.0426947000007433E306	1.5194260896004557E306	1.0714115928987437E306	1.0826221110904055E306	1	2	2	11	3
235000	-18965.460540181557	-3427.325339217854	-15538.135200963703	-3427.325339217854	7.586929171536072E305	3.195162296943319E306	0.7513542971052819	0.09447352858384686	2.2808060380865696	0.6247204333295823	0.09447352858384686	2.2808060380865696	0.6247204333295823	0.08072833459638216	4.0415372245193343E-308	0.0	0.0	4.0179437511776325E-308	-13391.639976701337	3.1922480084275266E305	5.251993279489771E305	3.425531745856872E305	5.04921409297463E305	3.4879857263826105E305	1	1	3	10	4
236000	-19033.589129050906	-3437.899775821742	-15595.689353229163	-3437.899775821742	8.935094619915463E305	4.6025531679699035E306	0.7513542971052819	0.09447352858384686	2.4889130504818544	0.4166134209342973	0.09447352858384686	2.4889130504818544	0.4166134209342973	0.24433237677085687	1.9383545049930476E-308	0.0	0.0	1.801177668230268E-308	-13404.824092629797	1.4497262223965506E306	1.0171799010617649E306	3.793171422400255E305	2.703963825557086E305	3.035607888021561E305	2	9	2	2	4
237000	-18986.536684682498	-3438.818836763157	-15547.717847919343	-3438.818836763157	3.825130409377001E305	1.8297816385249727E306	0.7513542971052819	0.16901846713955104	2.41436811192615	0.4166134209342973	0.16901846713955104	2.41436811192615	0.4166134209342973	0.17259619878471902	6.206311199410863E-308	0.0	0.0	5.925638920466272E-308	-13384.829462927237	3.1867765653318286E305	2.6058117175296036E305	6.2356221914456254E305	4.250463045559972E305	2.0290905209026192E305	7	1	4	3	4
238000	-18988.321209972164	-3434.532161113971	-15553.789048858194	-3434.532161113971	5.560752260496204E305	2.823028875447614E306	0.7513542971052819	0.16901846713955104	2.41436811192615	0.4166134209342973	0.16901846713955104	2.41436811192615	0.4166134209342973	0.16470058691584372	3.1731097156284465E-308	0.0	0.0	3.499519788617334E-308	-13393.839189934884	1.4867502602728447E306	8.45187465982327E305	4.862503073396649E305	1.2735502492508549E305	9.528067730706668E304	1	10	4	2	2
239000	-19007.1938446096	-3432.1060278334585	-15575.08781677614	-3432.1060278334585	9.08072725405607E305	5.4245859811070975E306	0.7513542971052819	0.16901846713955104	2.41436811192615	0.4166134209342973	0.16901846713955104	2.41436811192615	0.4166134209342973	0.21212030761879896	2.2059663976502875E-308	0.0	0.0	2.1707545768990895E-308	-13403.285953970755	1.8040470848264434E306	5.395844905674458E305	1.0531518811393554E306	7.092566409377325E305	2.051154087035498E305	1	3	11	2	2
240000	-19020.34099939311	-3428.099625671037	-15592.241373722072	-3428.099625671037	9.341187677238646E305	5.207713793838172E306	0.7513542971052819	0.16901846713955104	2.41436811192615	0.4166134209342973	0.16901846713955104	2.41436811192615	0.4166134209342973	0.24349062577196715	1.814061848806325E-308	0.0	0.0	1.7160401235841685E-308	-13399.87378776237	3.995192929295209E305	1.1310704541529255E306	1.2935189154443291E306	1.3019419728222578E306	4.688614300258848E305	9	6	1	1	2
241000	-19022.151565959848	-3435.834210583757	-15586.317355376092	-3435.834210583757	7.459055062729315E305	4.0811650083467005E306	0.7513542971052819	0.16901846713955104	2.41436811192615	0.4166134209342973	0.16901846713955104	2.41436811192615	0.4166134209342973	0.3305844286994248	2.1377681325192855E-308	0.0	0.0	2.5379461177390145E-308	-13400.53076956072	9.402951638272175E305	7.696061001492822E305	8.08386433488054E305	1.4677426247195072E306	5.967506404669765E305	9	3	3	3	1
242000	-19001.62761477817	-3426.1411518591467	-15575.486462919023	-3426.1411518591467	1.2804494603592199E306	5.876415186424419E306	0.7513542971052819	0.16901846713955104	2.41436811192615	0.4166134209342973	0.16901846713955104	2.41436811192615	0.4166134209342973	0.15892549588122967	1.4210842642308656E-308	0.0	0.0	1.4188678948721076E-308	-13403.98938312577	6.1950306445160045E305	8.70167976891121E305	1.0299154790610434E306	5.339944992571747E305	7.123553134681597E305	1	10	6	1	1
243000	-19035.018243382776	-3432.40045451581	-15602.617788866966	-3432.40045451581	2.104495877239462E306	1.3321517354848683E307	0.7513542971052819	0.22991620480064984	2.41436811192615	0.3557156832731985	0.22991620480064984	2.41436811192615	0.3557156832731985	0.2157187090510451	7.32911359672418E-309	0.0	0.0	6.90778939198422E-309	-13420.512894550064	4.5225157253806084E306	4.110454034399224E306	1.1990559860049023E306	5.178296502923112E305	2.1429804847899533E305	2	13	2	1	1
244000	-19035.519189035822	-3433.747865224253	-15601.771323811568	-3433.747865224253	1.888040529444633E306	1.1420675728087876E307	0.7513542971052819	0.1499917021647416	2.4942926145620583	0.3557156832731985	0.1499917021647416	2.4942926145620583	0.3557156832731985	0.23067422723910838	9.179858245941947E-309	0.0	0.0	9.14730822662648E-309	-13420.052752755184	6.124593067006916E306	3.065962239745642E306	2.1843600986895948E306	2.0278598076824042E306	1.529252212120831E306	2	1	11	1	4
245000	-19050.53177371928	-3422.323602092949	-15628.208171626335	-3422.323602092949	6.24823504213883E306	3.2252076627339716E307	0.7513542971052819	0.1499917021647416	2.4942926145620583	0.3557156832731985	0.1499917021647416	2.4942926145620583	0.3557156832731985	0.23060709722845307	2.752812689826315E-309	0.0	0.0	2.872956235186794E-309	-13442.316482766142	1.2579942994976544E307	4.7871931341944755E306	3.06142682722643E306	5.349637357521828E306	2.5954556451103637E306	1	4	8	4	2
246000	-19048.842632497686	-3436.213586163832	-15612.629046333856	-3436.213586163832	6.525379964851689E306	3.5443235678562337E307	0.7513542971052819	0.1499917021647416	2.4942926145620583	0.3557156832731985	0.1499917021647416	2.4942926145620583	0.3557156832731985	0.1291235729428049	2.73116872541892E-309	0.0	0.0	2.58410909717411E-309	-13440.867079840804	1.5361905161548397E307	4.220618506891687E306	4.223121506108857E306	9.291579596038702E306	1.3345717536360507E307	1	7	1	8	2
247000	-19073.892164311954	-3425.9340715080657	-15647.958092803889	-3425.9340715080657	1.3398179768412812E307	7.363416213818492E307	0.7513542971052819	0.1499917021647416	2.4942926145620583	0.3557156832731985	0.1499917021647416	2.4942926145620583	0.3557156832731985	0.29455861785158033	1.285799250416967E-309	0.0	0.0	1.337089691691525E-309	-13456.682902661712	1.2589861423172195E307	8.007389280082375E306	9.434298757228031E306	1.0248063011017728E307	1.0248854165760018E307	1	1	13	2	2
248000	-19026.331621915593	-3434.8899039617395	-15591.441717953854	-3434.8899039617395	5.748121635095871E306	2.9015769860504343E307	0.7513542971052819	0.1499917021647416	2.4942926145620583	0.3557156832731985	0.1499917021647416	2.4942926145620583	0.3557156832731985	0.10380267191089412	2.811132154353036E-309	0.0	0.0	2.806354013405224E-309	-13436.325774262377	8.065491906730694E306	5.197672928608617E306	5.574974150480267E306	7.13041522213655E306	1.8054401746616606E306	4	6	1	4	4
249000	-19074.672221411143	-3436.2001458838063	-15638.472075527336	-3436.2001458838063	1.5710312942413194E307	8.041990391404115E307	0.7513542971052819	0.1499917021647416	2.4942926145620583	0.3557156832731985	0.1499917021647416	2.4942926145620583	0.3557156832731985	0.15857030681223086	1.3770345012342E-309	0.0	0.0	1.38649419442846E-309	-13462.105777513098	5.235852129365205E307	2.562912464712251E307	3.4124743264297694E307	1.8648291780294657E307	3.6598720011845246E307	2	6	5	4	2
250000	-19091.570466265475	-3435.680976456856	-15655.889489808618	-3435.680976456856	2.7499828254488266E307	1.2018467692534065E308	0.7513542971052819	0.1499917021647416	2.4942926145620583	0.3557156832731985	0.1499917021647416	2.4942926145620583	0.3557156832731985	0.2821876522344874	9.82295617256825E-310	0.0	0.0	9.5695367075991E-310	-13464.458619822748	2.004876193155042E307	2.657559928789792E307	1.6893227487745087E307	9.398274572028127E306	2.2589706681803153E307	5	4	1	4	5
251000	-19065.248650115467	-3434.422643976906	-15630.826006138563	-3434.422643976906	1.2046685351088447E307	5.494777256874725E307	0.7513542971052819	0.06544200279601958	2.4942926145620583	0.44026538264192056	0.06544200279601958	2.4942926145620583	0.44026538264192056	0.1943808084966302	1.73324455098995E-309	0.0	0.0	1.79158220467576E-309	-13451.800826744497	2.5555818370769127E307	1.66064508989308E307	4.9459142412782284E306	1.204219912386007E307	3.5096838370643427E306	5	10	1	2	1
252000	-19118.356873426666	-3441.6043362286	-15676.752537198065	-3441.6043362286	2.7350355609188203E307	1.3254625488922664E308	0.7513542971052819	0.06544200279601958	2.4942926145620583	0.44026538264192056	0.06544200279601958	2.4942926145620583	0.44026538264192056	0.39072880933486387	8.81534256871613E-310	0.0	0.0	8.1356372632271E-310	-13465.114539514347	6.04028390894999E307	4.935207174882671E307	3.719437727506888E307	1.5588341531530948E307	6.286347492551031E306	1	2	4	10	2
253000	-19085.672948207037	-3440.437489629583	-15645.235458577456	-3440.437489629583	1.3950431532054286E307	7.348327567922722E307	0.7513542971052819	0.06544200279601958	2.4942926145620583	0.44026538264192056	0.06544200279601958	2.4942926145620583	0.44026538264192056	0.21516650270569895	1.29985788064353E-309	0.0	0.0	1.434861180337345E-309	-13456.54070983762	7.231278907825796E307	1.875836176011703E307	1.2769562752278904E307	8.251804904248545E306	1.462542416116976E307	1	6	6	3	3
254000	-19065.236843223363	-3431.6455014405774	-15633.591341782787	-3431.6455014405774	1.1700758391438777E307	6.53249579548843E307	0.7513542971052819	0.06544200279601958	2.4942926145620583	0.44026538264192056	0.06544200279601958	2.4942926145620583	0.44026538264192056	0.17059812031154892	1.64006718562622E-309	0.0	0.0	1.526939794813915E-309	-13451.605870196081	3.526951826698607E307	1.7078973933967673E307	8.411866827111442E306	2.2159178068140825E307	6.270004721619507E306	1	6	6	3	3
255000	-19085.26296783481	-3435.3238002083435	-15649.939167626466	-3435.3238002083435	1.6409611366565806E307	9.624317464722818E307	0.7513542971052819	0.06544200279601958	2.4942926145620583	0.44026538264192056	0.06544200279601958	2.4942926145620583	0.44026538264192056	0.18495457347198632	8.3470583197275E-310	0.0	0.0	8.65616313621355E-310	-13460.792229389097	1.9765544768161056E307	1.222644411108011E307	1.907367559199455E307	3.008369338834085E307	1.2638810399345627E307	3	5	2	8	1
256000	-19075.005408239253	-3430.0804414914455	-15644.924966747807	-3430.0804414914455	1.2489851260926176E307	7.40624802528324E307	0.6495484827236198	0.06544200279601958	2.4942926145620583	0.44026538264192056	0.06544200279601958	2.4942926145620583	0.44026538264192056	0.2767270768916748	1.353726710580155E-309	0.0	0.0	1.523445367110227E-309	-13454.096298073962	1.4676077975473967E307	1.3228744494502903E307	1.7463055233829394E307	1.4477452083734171E307	3.70685849008747E306	5	3	2	7	2
257000	-19104.452275388237	-3448.6556236877364	-15655.796651700502	-3448.6556236877364	1.5678367677696444E307	8.324705672634464E307	0.6495484827236198	0.06544200279601958	2.4942926145620583	0.44026538264192056	0.06544200279601958	2.4942926145620583	0.44026538264192056	0.3034456102203117	1.552481833632405E-309	0.0	0.0	1.696445041508003E-309	-13457.306133905508	1.8701519929545358E307	1.9773379486703072E307	1.5402374250385154E307	1.2075470624492076E307	7.116496561569238E306	2	6	6	3	2
258000	-19074.81904216237	-3439.531630371006	-15635.287411791363	-3439.531630371006	1.0512220659239027E307	6.44950694924265E307	0.6495484827236198	0.06544200279601958	2.4942926145620583	0.44026538264192056	0.06544200279601958	2.4942926145620583	0.44026538264192056	0.21539215790615535	1.45176926901008E-309	0.0	0.0	1.484905774502583E-309	-13456.198726753562	4.3826418290365164E307	2.4564021306619E307	2.2219994383778803E307	1.1465377916123446E307	6.234559681546838E306	3	1	7	5	3
259000	-19056.881541219685	-3433.7374776799606	-15623.144063539727	-3433.7374776799606	3.0487790385539776E307	1.2623284248254227E308	0.6495484827236198	0.06544200279601958	2.4942926145620583	0.44026538264192056	0.06544200279601958	2.4942926145620583	0.44026538264192056	0.11112158249146378	7.341297863128E-310	0.0	0.0	7.4026924166312E-310	-13463.968553366241	2.542737387386927E307	1.898065479466034E307	1.4011531883306015E307	2.5514528627193263E307	1.3724020969357346E307	2	2	10	1	4
260000	-19050.51158841748	-3438.8112576813537	-15611.700330736126	-3438.8112576813537	5.489128047370578E306	3.237437571232161E307	0.6495484827236198	0.06544200279601958	2.4942926145620583	0.44026538264192056	0.06544200279601958	2.4942926145620583	0.44026538264192056	0.1212479884756938	2.635607118276213E-309	0.0	0.0	2.61975094307329E-309	-13443.28498451119	7.463163815166295E306	1.2458203877340023E307	7.769917130368117E306	6.991840038345145E306	2.984962991490078E306	1	1	7	3	7
261000	-19046.855136544815	-3423.5355174110005	-15623.319619133816	-3423.5355174110005	5.833599660886224E306	2.6356640529881056E307	0.6495484827236198	0.06544200279601958	2.4942926145620583	0.44026538264192056	0.06544200279601958	2.4942926145620583	0.44026538264192056	0.28823515434651903	3.813685493791642E-309	0.0	0.0	4.21747378895626E-309	-13433.76012808746	1.007839338992715E307	4.6529752721644827E306	8.403409355180535E306	1.5237998432179416E306	1.0323674608648328E306	1	7	7	3	1
262000	-18993.440659007207	-3425.7238254519425	-15567.716833555265	-3425.7238254519425	1.1758343983237687E306	5.856651862973248E306	0.6495484827236198	0.06544200279601958	2.4942926145620583	0.44026538264192056	0.06544200279601958	2.4942926145620583	0.44026538264192056	0.1786213123256574	1.453122476564751E-308	0.0	0.0	1.533191981976337E-308	-13405.95715363293	1.6495442761456176E306	1.3016235353212808E306	9.438814726132423E305	1.0298224283457601E306	7.922648177875763E305	2	6	3	4	4
263000	-19035.569574034253	-3440.092747675509	-15595.476826358743	-3440.092747675509	9.258103705760664E305	5.4072471052809565E306	0.6495484827236198	0.20189604649052728	2.3578385708675507	0.44026538264192056	0.20189604649052728	2.3578385708675507	0.44026538264192056	0.2930955707759872	2.189396975600694E-308	0.0	0.0	2.288054125809382E-308	-13406.956758011209	2.216501674422831E306	1.3789705293875208E306	6.9958530171345444E305	6.9888366826281945E305	1.7551836588730295E305	3	7	4	4	1
264000	-19038.337312135634	-3440.5861217667143	-15597.75119036892	-3440.5861217667143	6.785792061145659E305	4.0396785055912345E306	0.6495484827236198	0.20189604649052728	2.3578385708675507	0.44026538264192056	0.20189604649052728	2.3578385708675507	0.44026538264192056	0.31012406832431405	2.2924387181695316E-308	0.0	0.0	2.4560935888194795E-308	-13401.191396271868	1.7859015778819693E306	1.151340109395732E306	1.1694364109277186E306	1.0331081752423037E306	4.666990138939971E305	2	9	5	1	2
265000	-19001.145612851575	-3420.5465302882276	-15580.599082563347	-3420.5465302882276	2.290287800457206E306	1.0742357986589358E307	0.6495484827236198	0.20189604649052728	2.3578385708675507	0.44026538264192056	0.20189604649052728	2.3578385708675507	0.44026538264192056	0.12686287752823294	1.0062043819677497E-308	0.0	0.0	9.81221694123445E-309	-13417.852445683704	2.6304830872160824E306	1.3908299239303487E306	1.9846018082360067E306	6.521135807105358E305	1.861777747372392E306	2	4	3	1	9
266000	-19056.173651363642	-3428.93483752176	-15627.238813841883	-3428.93483752176	2.2781693101492886E306	1.232206225791295E307	0.6495484827236198	0.20189604649052728	2.3578385708675507	0.44026538264192056	0.20189604649052728	2.3578385708675507	0.44026538264192056	0.3202397542326507	9.906639814908525E-309	0.0	0.0	8.796627666222485E-309	-13422.348335614884	9.177966613091359E305	1.1425303854159874E306	2.8014061427515288E306	1.2160108801695552E306	1.8841486079506503E306	3	1	4	1	10
267000	-19061.488645829588	-3431.2919485639222	-15630.196697265665	-3431.2919485639222	2.795584378334383E306	1.3405177534744722E307	0.6495484827236198	0.20189604649052728	2.3578385708675507	0.44026538264192056	0.20189604649052728	2.3578385708675507	0.44026538264192056	0.35394761333177227	6.707319226186645E-309	0.0	0.0	7.20683269080418E-309	-13422.920181880052	2.3368507722532057E306	4.7866935058482294E306	1.5923248427054345E306	2.4993351509397763E306	6.383938429336292E305	4	1	3	7	4
268000	-19058.550812294216	-3428.6805692446355	-15629.870243049581	-3428.6805692446355	5.448762952076309E306	2.360812324400305E307	0.7538328857500662	0.2487511110246874	2.3109835063333906	0.44026538264192056	0.2487511110246874	2.3109835063333906	0.44026538264192056	0.341087155570396	5.015735572603696E-309	0.0	0.0	5.03614239147551E-309	-13431.770148041343	9.640976634015332E306	2.3151900264122153E306	1.8212742870257202E306	2.5773023741974062E306	2.278917334191881E306	2	3	1	9	4
269000	-19054.540818766258	-3438.4822437293383	-15616.058575036921	-3438.4822437293383	5.749518769534388E306	2.397640695715802E307	0.7538328857500662	0.2487511110246874	2.3109835063333906	0.44026538264192056	0.2487511110246874	2.3109835063333906	0.44026538264192056	0.21103112185882614	4.140574413893636E-309	0.0	0.0	3.96113974574271E-309	-13431.106847736239	7.52198422798244E306	2.4064216122038137E306	2.9135639741235554E306	5.948302730163954E306	3.3953884612849817E306	7	2	1	7	2
270000	-19053.276870385464	-3433.2547483114886	-15620.022122073975	-3433.2547483114886	1.0609246306811317E307	5.298930662899767E307	0.7538328857500662	0.2487511110246874	2.3109835063333906	0.44026538264192056	0.2487511110246874	2.3109835063333906	0.44026538264192056	0.1876550849936074	1.78543036898916E-309	0.0	0.0	1.79811954762139E-309	-13449.173385529039	4.552447154674876E307	1.9562611189539637E307	9.744139697529662E306	4.610775620251785E306	5.207999912989753E306	1	4	12	1	1
271000	-19109.75405710912	-3436.879688652763	-15672.874368456358	-3436.879688652763	3.5858605819385887E307	Infinity	0.7538328857500662	0.2487511110246874	2.2066104527112365	0.5446384362640745	0.2487511110246874	2.2066104527112365	0.5446384362640745	0.1817489663938468	0.0	0.0	0.0	3.5260202056116E-310	-13479.860037073673	1.763663245270755E308	5.368709990219349E307	5.233097138123062E307	3.386282913266055E307	9.178720965812552E306	2	8	7	1	1
272000	-19105.615771401743	-3437.275566968766	-15668.340204432978	-3437.275566968766	3.254162837483177E307	Infinity	0.7538328857500662	0.1381355946630895	2.3172259690728345	0.5446384362640745	0.1381355946630895	2.3172259690728345	0.5446384362640745	0.22131706881450358	0.0	0.0	0.0	3.7082350453718E-310	-13477.905340967582	9.300017168824015E307	5.16667915929462E307	4.0432874602842405E307	4.3037484333284063E307	3.348346918074713E307	3	1	4	7	4
273000	-19070.0849126503	-3428.8540915365434	-15641.230821113759	-3428.8540915365434	5.518727721517319E307	Infinity	0.7538328857500662	0.1381355946630895	2.3172259690728345	0.5446384362640745	0.1381355946630895	2.3172259690728345	0.5446384362640745	0.08817713792036658	0.0	0.0	0.0	3.351430842652E-310	-13484.004167949417	1.1015634031710308E308	5.220496138421511E307	7.188817273504003E307	4.831848288601786E307	1.8618114129183435E307	3	1	5	6	4
274000	-19117.893622955737	-3442.901217181945	-15674.992405773792	-3442.901217181945	5.791226840052809E307	Infinity	0.7538328857500662	0.1381355946630895	2.3172259690728345	0.5446384362640745	0.1381355946630895	2.3172259690728345	0.5446384362640745	0.20749888787260815	0.0	0.0	0.0	3.6673779227826E-310	-13484.079571077516	1.1598690552178868E308	1.044284279609032E308	6.674296898415345E307	2.500808824864666E307	8.607271500773278E307	1	2	4	6	6
275000	-19080.606290813757	-3437.896072346381	-15642.710218467375	-3437.896072346381	2.398086581719911E307	9.832237435163023E307	0.7538328857500662	0.1381355946630895	2.3172259690728345	0.5446384362640745	0.1381355946630895	2.3172259690728345	0.5446384362640745	0.19311095295069902	9.44816051531047E-310	0.0	0.0	8.53430623209632E-310	-13459.552579004152	7.704635301237627E307	2.6272219144949337E307	2.1587431374049007E307	2.2859832417980984E307	1.8675802646942092E307	2	2	5	2	8
276000	-19023.638531487057	-3421.308772164244	-15602.329759322813	-3421.308772164244	9.631868373052383E306	4.516052254308875E307	0.7538328857500662	0.1381355946630895	2.3172259690728345	0.5446384362640745	0.1381355946630895	2.3172259690728345	0.5446384362640745	0.10368034471508977	2.49606638507083E-309	0.0	0.0	2.58967065457014E-309	-13443.350017011639	6.370781743031765E306	6.94621156690413E306	1.0455726752508258E307	1.3097115297249867E307	3.361294266151182E306	6	2	5	2	4
277000	-19054.163767757673	-3426.6866538696963	-15627.477113887975	-3426.6866538696963	1.023888303825709E307	4.857584267914471E307	0.7538328857500662	0.1381355946630895	2.3172259690728345	0.5446384362640745	0.1381355946630895	2.3172259690728345	0.5446384362640745	0.1304862236208204	2.007692408765637E-309	0.0	0.0	1.854247800218587E-309	-13444.167022404925	7.999756038833014E306	1.0167504448168725E307	1.1091280950121708E307	1.638382455589569E307	3.63809235948538E306	5	3	1	6	4
278000	-19051.669129187707	-3432.730899070971	-15618.938230116737	-3432.730899070971	2.05846667186093E307	1.180834091423852E308	0.7538328857500662	0.0938769966355825	2.3172259690728345	0.5888970342915815	0.0938769966355825	2.3172259690728345	0.5888970342915815	0.10118624890916335	8.59936828198164E-310	0.0	0.0	8.43425152679815E-310	-13464.3052361827	2.0985153499205496E307	1.5144033633547331E307	1.4346632074809486E307	2.406323921839893E307	7.824886571629322E306	7	1	1	6	4
279000	-19084.231294324243	-3429.4790850790087	-15654.752209245233	-3429.4790850790087	6.969430605963096E307	Infinity	0.7538328857500662	0.0938769966355825	2.3172259690728345	0.5888970342915815	0.0938769966355825	2.3172259690728345	0.5888970342915815	0.0936618626514444	0.0	0.0	0.0	3.044771640526E-310	-13482.343136187657	5.044465384475012E307	7.240761823439279E307	1.1157946420255705E308	3.1966005189702664E307	5.791038800737617E307	4	4	3	2	6
280000	-19113.769226083754	-3428.9832621983514	-15684.785963885402	-3428.9832621983514	1.417524435459908E308	Infinity	0.7538328857500662	0.0938769966355825	2.4676618404014268	0.4384611629629893	0.0938769966355825	2.4676618404014268	0.4384611629629893	0.11892092548954783	0.0	0.0	0.0	1.4561545582158E-310	-13498.685884351407	1.0528367396514223E308	1.5554771067168243E308	1.669486994203754E308	7.933164058369397E307	1.5554227757473225E308	1	2	4	5	7
281000	-19098.292504641722	-3419.366023127918	-15678.926481513805	-3419.366023127918	9.380621654996977E307	Infinity	0.7538328857500662	0.0938769966355825	2.4676618404014268	0.4384611629629893	0.0938769966355825	2.4676618404014268	0.4384611629629893	0.21690185360302344	0.0	0.0	0.0	1.69761260391136E-310	-13491.759345495648	7.372943954740025E307	1.0499904155813973E308	7.147990891603428E307	6.955753529911278E307	7.43712595365438E307	3	12	1	2	1
282000	-19103.787787687343	-3420.824533745586	-15682.963253941756	-3420.824533745586	9.0655864115151E307	Infinity	0.7538328857500662	0.0938769966355825	2.4676618404014268	0.4384611629629893	0.0938769966355825	2.4676618404014268	0.4384611629629893	0.2889844616639584	0.0	0.0	0.0	2.4872369147133E-310	-13484.517456090101	5.43001721279639E307	3.0475021575051606E307	4.963671427645139E307	6.119273952075613E307	7.520770243021205E307	1	5	1	2	10
283000	-19100.683092911448	-3444.9343130700627	-15655.748779841384	-3444.9343130700627	7.642907290452392E307	Infinity	0.7538328857500662	0.0938769966355825	2.4676618404014268	0.4384611629629893	0.0938769966355825	2.4676618404014268	0.4384611629629893	0.17694519403495765	0.0	0.0	0.0	4.4503647950934E-310	-13471.123368592618	1.0300229999548183E307	6.758077947661494E306	2.0519689003485247E307	2.201622721682394E307	4.653168931335285E307	1	3	1	3	11
284000	-19070.970271692142	-3438.6468230404153	-15632.323448651727	-3438.6468230404153	3.035608378238583E307	1.5863923695658183E308	0.7538328857500662	0.0938769966355825	2.6443484541232705	0.26177454924114574	0.0938769966355825	2.6443484541232705	0.26177454924114574	0.08963286267472359	7.3390586258063E-310	0.0	0.0	7.11480617242504E-310	-13469.305908309467	6.892534369437441E306	1.1794900431262013E307	3.1347470927308705E307	1.6358388975929812E307	7.621696241237338E306	1	3	12	1	2
285000	-19088.035676352563	-3433.640936341544	-15654.394740011017	-3433.640936341544	1.9749647726398323E307	1.2635205007191038E308	0.7538328857500662	0.0938769966355825	2.4987203796539106	0.40740262371050545	0.0938769966355825	2.4987203796539106	0.40740262371050545	0.19045743907968635	7.9408191349896E-310	0.0	0.0	8.10805543271605E-310	-13471.489175008308	6.997696713132618E307	1.4600294322432555E307	1.0584799056625954E307	2.814511317266258E307	2.6840524440797287E307	6	3	4	3	3
286000	-19081.760315818792	-3427.4837706726685	-15654.276545146122	-3427.4837706726685	1.9863699004241783E307	9.895908306463646E307	0.7538328857500662	0.0938769966355825	2.410906721254031	0.4952162821103851	0.0938769966355825	2.410906721254031	0.4952162821103851	0.24521411075504468	1.07303639355405E-309	0.0	0.0	1.012246985380315E-309	-13461.37499969027	9.543306700421558E307	2.6658209832089746E307	2.4922363273557935E307	4.239650378016143E307	1.8074317821341837E307	1	7	4	4	3
287000	-19111.092942896452	-3437.987088501574	-15673.105854394878	-3437.987088501574	7.28152597470914E307	Infinity	0.7538328857500662	0.1953253313105906	2.410906721254031	0.393767947435377	0.1953253313105906	2.410906721254031	0.393767947435377	0.21531535513496886	0.0	0.0	0.0	3.3953034293006E-310	-13483.451190552776	5.784162054415298E307	3.1062636829670334E307	8.261871219523333E307	7.511978249061914E307	2.1615414364055079E307	8	1	5	2	3
288000	-19113.10939777503	-3445.9100601999835	-15667.199337575048	-3445.9100601999835	6.542787887630534E307	Infinity	0.7538328857500662	0.1953253313105906	2.410906721254031	0.393767947435377	0.1953253313105906	2.410906721254031	0.393767947435377	0.19690282552071875	0.0	0.0	0.0	2.99300574832177E-310	-13480.655655218057	3.4348583754670175E307	6.981876536439858E307	5.208421414763643E307	4.2616722862674127E307	3.727144448421774E307	7	3	1	2	6
289000	-19132.780662128567	-3431.1692641256504	-15701.611398002917	-3431.1692641256504	1.5890070709355816E308	Infinity	0.7538328857500662	0.1953253313105906	2.410906721254031	0.393767947435377	0.1953253313105906	2.410906721254031	0.393767947435377	0.33152184728060624	0.0	0.0	0.0	1.65935200835553E-310	-13492.051426697726	7.235222509038571E307	1.1453538338050088E308	1.4491611576818583E308	1.4119914360881175E308	1.0326455427903039E308	8	7	1	1	2
290000	-19090.442700589603	-3429.4578683824666	-15660.984832207136	-3429.4578683824666	6.336653639050156E307	Infinity	0.7538328857500662	0.1953253313105906	2.410906721254031	0.393767947435377	0.1953253313105906	2.410906721254031	0.393767947435377	0.14037755395413506	0.0	0.0	0.0	2.83317179078647E-310	-13484.743708878832	9.990209009191515E307	6.191303368731242E307	4.0507963528266593E307	5.479641902242293E307	3.5615034775562625E307	3	4	7	1	4
291000	-19101.754088231446	-3425.915412948171	-15675.838675283276	-3425.915412948171	4.748970786265108E307	Infinity	0.7538328857500662	0.1953253313105906	2.410906721254031	0.393767947435377	0.1953253313105906	2.410906721254031	0.393767947435377	0.19486283793749454	0.0	0.0	0.0	5.4744057555051E-310	-13475.591072585672	1.7317425356521287E308	5.066637851542491E307	9.68484275441763E307	5.650453474494805E307	2.845326180389342E307	1	7	4	3	4
292000	-19095.356912871346	-3433.309600127219	-15662.047312744127	-3433.309600127219	2.4503138529907527E307	1.5099958564268934E308	0.7538328857500662	0.1953253313105906	2.410906721254031	0.393767947435377	0.1953253313105906	2.410906721254031	0.393767947435377	0.27322573810224077	5.07671013291953E-310	0.0	0.0	5.0158085881247E-310	-13466.852526222006	1.346878995892113E307	1.2591202239317016E307	1.8346701179073728E307	4.0414976103324137E307	2.702099897748076E307	1	5	2	5	6
293000	-19096.277220149477	-3430.0712786184577	-15666.20594153102	-3430.0712786184577	6.517012655124842E307	Infinity	0.7538328857500662	0.1953253313105906	2.410906721254031	0.393767947435377	0.1953253313105906	2.410906721254031	0.393767947435377	0.15708553308579845	0.0	0.0	0.0	3.4111723519748E-310	-13480.970376441224	4.724987559058907E307	2.446760988789115E307	2.0204318740755852E307	3.267266991584991E307	2.714236692604941E307	3	2	9	2	3
294000	-19085.798312097315	-3435.808383100383	-15649.98992899693	-3435.808383100383	2.7994024085028423E307	1.4997538127385663E308	0.7538328857500662	0.0890571943828572	2.410906721254031	0.5000360843631104	0.0890571943828572	2.410906721254031	0.5000360843631104	0.13689158332185905	6.89535043389574E-310	0.0	0.0	6.8717189612992E-310	-13473.340824923645	7.57068772904234E307	6.357577521113753E307	2.5397983649981746E307	2.0301480432324438E307	3.8450443465177617E307	8	2	6	1	2
295000	-19104.795246332713	-3436.1106423227984	-15668.684604009914	-3436.1106423227984	1.1515806580862446E308	Infinity	0.7538328857500662	0.0890571943828572	2.623105866385662	0.2878369392314792	0.0890571943828572	2.623105866385662	0.2878369392314792	0.12724931519784255	0.0	0.0	0.0	1.7695189873857E-310	-13494.442147278392	1.2211915022444532E308	9.27733812682274E307	8.603749736520908E307	9.91722356085478E307	7.394255113720103E307	6	3	3	4	3
296000	-19080.51959742907	-3428.6368249844095	-15651.882772444658	-3428.6368249844095	8.016690019040597E307	Infinity	0.7538328857500662	0.0890571943828572	2.623105866385662	0.2878369392314792	0.0890571943828572	2.623105866385662	0.2878369392314792	0.10574215908050286	0.0	0.0	0.0	2.4340753503042E-310	-13484.120085965533	1.7465178144497775E308	8.125343982395318E307	5.566567739922527E307	8.378540459160591E307	5.90295888682769E307	1	8	5	3	2
297000	-19064.744554678153	-3423.189559611452	-15641.554995066701	-3423.189559611452	4.3544051106648634E307	Infinity	0.7538328857500662	0.0890571943828572	2.623105866385662	0.2878369392314792	0.0890571943828572	2.623105866385662	0.2878369392314792	0.08552056301440397	0.0	0.0	0.0	3.65102545225567E-310	-13482.027826612752	9.936216597817377E307	7.688989161559937E307	9.27615815471621E307	9.011130368287286E307	4.4134464520876855E307	1	4	1	5	8
298000	-19118.687440209756	-3430.569026490398	-15688.11841371936	-3430.569026490398	1.177639298675064E308	Infinity	0.7538328857500662	0.0890571943828572	2.623105866385662	0.2878369392314792	0.0890571943828572	2.623105866385662	0.2878369392314792	0.20774684169489677	0.0	0.0	0.0	1.226531824973E-310	-13494.71405599969	1.3093099108835181E308	1.2037765893064331E308	8.682289197176657E307	1.2924297004468823E308	6.600810743934009E307	1	14	1	1	2
299000	-19088.828593046102	-3426.1543728730294	-15662.674220173072	-3426.1543728730294	5.426715172628289E307	Infinity	0.7538328857500662	0.0890571943828572	2.623105866385662	0.2878369392314792	0.0890571943828572	2.623105866385662	0.2878369392314792	0.19253326508870885	0.0	0.0	0.0	3.52133786599676E-310	-13478.670877431054	5.520555535153514E307	5.191067136719064E307	6.569038881836747E307	3.995325256617112E307	2.1853507439790948E307	7	3	6	1	2
300000	-19089.450547182605	-3426.827023239428	-15662.623523943179	-3426.827023239428	4.710765092492653E307	Infinity	0.7538328857500662	0.0890571943828572	2.623105866385662	0.2878369392314792	0.0890571943828572	2.623105866385662	0.2878369392314792	0.20142166936133496	0.0	0.0	0.0	4.11119496685616E-310	-13479.193891409053	1.1158490419142227E308	9.026282028463244E307	3.6188623770557094E307	3.2753986892281657E307	2.7541525462420935E307	3	4	7	1	4
301000	-19099.799722470645	-3430.4926432594993	-15669.307079211147	-3430.4926432594993	8.967288895012322E307	Infinity	0.7538328857500662	0.0890571943828572	2.623105866385662	0.2878369392314792	0.0890571943828572	2.623105866385662	0.2878369392314792	0.17962159993404142	0.0	0.0	0.0	3.10542439484446E-310	-13486.18159226379	4.469976097910788E307	4.29586060155938E307	7.263772287503965E307	9.168483112420514E307	1.0657105457271446E308	4	3	7	1	4
302000	-19092.17278719296	-3423.227064313085	-15668.945722879875	-3423.227064313085	8.218244408151143E307	Infinity	0.8344031391338917	0.0890571943828572	2.4434057208939906	0.4675370847231506	0.0890571943828572	2.4434057208939906	0.4675370847231506	0.16346404180914303	0.0	0.0	0.0	2.1516571865644E-310	-13482.815280069563	4.824070860439591E307	1.1609114853259533E308	1.0010206389617571E308	4.773448893107892E307	1.5288735603349127E308	7	2	3	4	3
303000	-19061.609264213836	-3428.552256677956	-15633.057007535881	-3428.552256677956	4.057224407902387E307	Infinity	0.8344031391338917	0.0890571943828572	2.6252139133634107	0.28572889225373044	0.0890571943828572	2.6252139133634107	0.28572889225373044	0.07192044388510359	0.0	0.0	0.0	4.20472336510337E-310	-13480.238506507607	1.2669468698161573E308	5.974950243456869E307	5.319581745746679E307	3.1596283945755073E307	6.204815676173768E307	1	1	8	3	6
304000	-19098.817309569462	-3426.9528251514866	-15671.864484417974	-3426.9528251514866	6.426090749241316E307	Infinity	0.8344031391338917	0.0890571943828572	2.4729847463727612	0.4379580592443798	0.0890571943828572	2.4729847463727612	0.4379580592443798	0.18081987121454846	0.0	0.0	0.0	2.52400216881374E-310	-13486.342067888598	1.0049755392121549E308	5.088502155678181E307	4.2358016261448754E307	2.704548189842112E307	5.540816593655736E307	4	11	2	1	1
305000	-19089.171294222004	-3422.508137141646	-15666.663157080357	-3422.508137141646	7.63404202608661E307	Infinity	0.8344031391338917	0.0890571943828572	2.4729847463727612	0.4379580592443798	0.0890571943828572	2.4729847463727612	0.4379580592443798	0.1826367780831157	0.0	0.0	0.0	3.25189883676106E-310	-13485.027205430493	5.306889806230321E307	5.017760190626373E307	7.548228173027235E307	4.4900547071393033E307	6.064318785337659E307	6	1	4	3	5
306000	-19105.15676031465	-3433.869735090376	-15671.287025224276	-3433.869735090376	4.363487281005747E307	Infinity	0.8344031391338917	0.0890571943828572	2.4729847463727612	0.4379580592443798	0.0890571943828572	2.4729847463727612	0.4379580592443798	0.23875279309871625	0.0	0.0	0.0	5.6445419149462E-310	-13476.43051863292	3.204636067522599E307	6.420124358374154E307	2.9648324554681385E307	2.2011585486142978E307	3.4255257714863743E307	5	5	2	2	5
307000	-19129.30279150132	-3436.041693514889	-15693.261097986431	-3436.041693514889	9.341020477227283E307	Infinity	0.8344031391338917	0.0890571943828572	2.4729847463727612	0.4379580592443798	0.0890571943828572	2.4729847463727612	0.4379580592443798	0.2375339533940187	0.0	0.0	0.0	1.4612235637073E-310	-13496.827545023678	1.701120792504571E308	1.7880597468357424E308	8.39757163979307E307	8.557216073331298E307	5.372316980569842E307	8	3	1	2	5
308000	-19106.955979894738	-3434.515539500291	-15672.440440394446	-3434.515539500291	6.405494880034969E307	Infinity	0.8344031391338917	0.0890571943828572	2.4729847463727612	0.4379580592443798	0.0890571943828572	2.4729847463727612	0.4379580592443798	0.17433426238773578	0.0	0.0	0.0	3.4960626551914E-310	-13483.350365194097	7.417701499890897E307	5.150343233104379E307	1.351371419614919E308	1.6118366372454962E308	5.7887836219662E307	6	7	1	2	3
309000	-19096.790311953937	-3434.1760987938	-15662.614213160135	-3434.1760987938	6.757869878464462E307	Infinity	0.8344031391338917	0.0890571943828572	2.4729847463727612	0.4379580592443798	0.0890571943828572	2.4729847463727612	0.4379580592443798	0.13876917518215917	0.0	0.0	0.0	3.0148778328716E-310	-13481.187997760648	5.576281343830554E307	4.387741912371308E307	5.456831209037847E307	8.427656470639904E307	1.9739209473863238E307	6	8	1	2	2
310000	-19077.434273549698	-3422.4235079783384	-15655.01076557136	-3422.4235079783384	3.026672296707141E307	1.4758018369596927E308	0.8344031391338917	0.0890571943828572	2.4729847463727612	0.4379580592443798	0.0890571943828572	2.4729847463727612	0.4379580592443798	0.17104061072706775	7.1356760041733E-310	0.0	0.0	6.88953449993194E-310	-13466.758565092261	2.0409669987679288E307	2.9847987744124147E307	2.6615195466937053E307	1.093429182804894E307	7.94585832774529E306	7	6	3	2	1
311000	-19090.361180376713	-3435.2687424743235	-15655.09243790239	-3435.2687424743235	2.5277029556849917E307	1.3658560932646817E308	0.8344031391338917	0.0890571943828572	2.314971225895164	0.5959715797219772	0.0890571943828572	2.314971225895164	0.5959715797219772	0.20829255313503325	7.81775720035597E-310	0.0	0.0	7.8957098763019E-310	-13470.924927770338	7.688046797108079E307	5.016035423437968E307	6.383998123788277E307	1.6323669269313071E307	1.2362750601641387E307	9	4	3	2	1
312000	-19104.45646749628	-3441.0741918142526	-15663.382275682025	-3441.0741918142526	4.3088813965312367E307	Infinity	0.8344031391338917	0.0890571943828572	2.314971225895164	0.5959715797219772	0.0890571943828572	2.314971225895164	0.5959715797219772	0.21693670287969866	0.0	0.0	0.0	4.07035125847294E-310	-13476.39772774371	4.663988543998282E307	4.041387719310639E307	5.373361802160431E307	5.310169163505398E307	2.5669218835795774E307	6	7	2	3	1
313000	-19073.544696369707	-3433.5328472855667	-15640.011849084141	-3433.5328472855667	1.6656988463957764E307	1.022221159825628E308	0.8344031391338917	0.0890571943828572	2.314971225895164	0.5959715797219772	0.0890571943828572	2.314971225895164	0.5959715797219772	0.17787882690554696	8.1734032005343E-310	0.0	0.0	8.669966188279E-310	-13465.36365413177	9.333073273466577E307	4.041387719310639E307	2.463771389885928E307	9.415920712442718E306	6.988916577508205E306	1	3	4	8	3
314000	-19105.344567183645	-3449.8806003294353	-15655.46396685421	-3449.8806003294353	1.8351065293057296E307	1.003186832316731E308	0.8344031391338917	0.0890571943828572	2.314971225895164	0.5959715797219772	0.0890571943828572	2.314971225895164	0.5959715797219772	0.16721444735715577	8.6501965420267E-310	0.0	0.0	8.89320794249505E-310	-13463.015096095984	7.085906587685817E307	1.6849004435748905E307	1.4574556039849207E307	1.7211329028139957E307	4.2918898220676984E307	1	1	7	6	4
315000	-19083.580980827395	-3431.265728099579	-15652.315252727816	-3431.265728099579	4.2814179901709215E307	Infinity	0.8344031391338917	0.0890571943828572	2.314971225895164	0.5959715797219772	0.0890571943828572	2.314971225895164	0.5959715797219772	0.16519538901183156	0.0	0.0	0.0	3.6748237013378E-310	-13473.797834011868	3.969991036678238E307	3.515019524136984E307	1.7961880753484584E307	3.554575884993592E307	4.426584553161162E307	5	5	2	2	5
316000	-19120.58781754842	-3432.8750251510623	-15687.712792397358	-3432.8750251510623	1.2307274514930489E308	Infinity	0.8344031391338917	0.0890571943828572	2.314971225895164	0.5959715797219772	0.0890571943828572	2.314971225895164	0.5959715797219772	0.18502362842387196	0.0	0.0	0.0	1.412866800067E-310	-13497.036554362952	1.7791256764448623E308	1.3199256026006782E308	1.5121863548156407E308	1.7793616120961942E308	9.357463141220322E307	2	2	11	2	2
317000	-19098.819437295926	-3428.5003468847444	-15670.31909041118	-3428.5003468847444	5.524072881591734E307	Infinity	0.8344031391338917	0.0890571943828572	2.314971225895164	0.5959715797219772	0.0890571943828572	2.314971225895164	0.5959715797219772	0.23533951788900412	0.0	0.0	0.0	3.81354680889247E-310	-13479.098427763385	5.904134024814448E307	2.0018460661598444E307	3.586885296196384E307	4.612746552987513E307	4.2909544425974803E307	1	3	9	4	2
318000	-19103.33461954934	-3430.84645283019	-15672.48816671915	-3430.84645283019	6.871870603009359E307	Infinity	0.7239069556318889	0.0890571943828572	2.314971225895164	0.5959715797219772	0.0890571943828572	2.314971225895164	0.5959715797219772	0.21607044746019863	0.0	0.0	0.0	2.3812129295407E-310	-13485.239206761362	5.217439817754978E307	5.840364007107406E307	5.792551834132207E307	8.313395969097776E307	2.616999552626848E307	1	8	5	2	3
319000	-19130.375625547567	-3436.796915673002	-15693.578709874564	-3436.796915673002	9.420109743173065E307	Infinity	0.7239069556318889	0.0890571943828572	2.4736999284626284	0.43724287715451254	0.0890571943828572	2.4736999284626284	0.43724287715451254	0.2021822552746925	0.0	0.0	0.0	1.86215079959377E-310	-13495.58481648775	6.771305690984692E307	1.1257799787678817E308	8.046179608090141E307	7.623351239828716E307	1.4003264090843733E308	1	4	3	8	3
320000	-19064.635856052053	-3431.797332778188	-15632.838523273866	-3431.797332778188	4.1210642573729986E307	Infinity	0.7239069556318889	0.0890571943828572	2.307570064381688	0.6033727412354527	0.0890571943828572	2.307570064381688	0.6033727412354527	0.06979487706204975	0.0	0.0	0.0	3.38859654506345E-310	-13483.368438215668	3.749887807691619E307	4.264795761127824E307	4.519098289150234E307	3.3840798154533017E307	3.435582816941807E307	2	1	1	5	10
321000	-19077.20772832896	-3429.6239040672062	-15647.583824261752	-3429.6239040672062	2.5622955789061255E307	1.1983708930034052E308	0.7239069556318889	0.0890571943828572	2.307570064381688	0.6033727412354527	0.0890571943828572	2.307570064381688	0.6033727412354527	0.19811210775088295	7.36293202884067E-310	0.0	0.0	7.22030494340136E-310	-13461.932234930768	9.133430052038878E306	1.2555428448062361E307	1.4351399395545516E307	2.188605891883646E307	1.353607255287106E307	1	3	1	12	2
322000	-19072.949229623537	-3435.7734863527407	-15637.175743270796	-3435.7734863527407	7.345555558838292E306	4.591742401062385E307	0.7239069556318889	0.0890571943828572	2.307570064381688	0.6033727412354527	0.0890571943828572	2.307570064381688	0.6033727412354527	0.27483386513707614	1.93580483273441E-309	0.0	0.0	1.97305379817474E-309	-13447.20856527731	8.661504138668783E306	1.0969948448704907E307	6.272660260230183E306	6.96443891389612E306	1.4423555959404416E306	1	10	5	1	2
323000	-19048.63134591314	-3432.560783582825	-15616.070562330317	-3432.560783582825	4.298782836567159E306	2.668839354121499E307	0.7239069556318889	0.0890571943828572	2.307570064381688	0.6033727412354527	0.0890571943828572	2.307570064381688	0.6033727412354527	0.23619354140166512	3.693899298823173E-309	0.0	0.0	3.72705066961886E-309	-13436.678574230045	4.665463384934872E306	5.693693201879085E306	5.89887749720654E306	2.37178393487824E306	1.7685627637184934E306	2	4	9	3	1
324000	-19050.806995575113	-3435.72130200281	-15615.085693572304	-3435.72130200281	8.397342019962281E306	4.283444358300871E307	0.7239069556318889	0.0890571943828572	2.307570064381688	0.6033727412354527	0.0890571943828572	2.307570064381688	0.6033727412354527	0.10784850087455934	2.645468170813264E-309	0.0	0.0	2.76884027291365E-309	-13445.223367460547	9.59159059555635E306	8.557481118496964E306	6.832992124065972E306	1.1990470617185705E307	1.0550150034962122E307	2	8	1	2	6
325000	-19076.478745779117	-3434.202387467647	-15642.276358311468	-3434.202387467647	2.0997396147116076E307	9.575608857118253E307	0.7239069556318889	0.0890571943828572	2.307570064381688	0.6033727412354527	0.0890571943828572	2.307570064381688	0.6033727412354527	0.23310308006100872	1.34782217744634E-309	0.0	0.0	1.398178133837646E-309	-13458.547333957378	8.350686381447635E306	1.2062945786891922E307	2.2205370923081046E307	1.6973335119304714E307	1.4685706819810621E307	2	1	2	8	6
326000	-19096.78632427082	-3429.467053398415	-15667.319270872405	-3429.467053398415	1.2656426827305647E307	7.128490058272361E307	0.7239069556318889	0.0890571943828572	2.4501177017855285	0.46082510383161235	0.0890571943828572	2.4501177017855285	0.46082510383161235	0.27406528687362813	1.247938298440573E-309	0.0	0.0	1.08503953396639E-309	-13458.076351185453	5.234508971704659E307	4.167740660705621E307	2.979513940891322E307	1.266391667833006E307	1.4724233755391238E307	1	2	2	7	7
327000	-19044.02221309707	-3428.5067220850306	-15615.515491012038	-3428.5067220850306	9.521328319986702E306	5.463190212393795E307	0.7239069556318889	0.0890571943828572	2.4501177017855285	0.46082510383161235	0.0890571943828572	2.4501177017855285	0.46082510383161235	0.13674589865054784	1.947897734109463E-309	0.0	0.0	1.972933536181836E-309	-13451.488599526867	1.197187496580953E307	1.325565062541895E307	1.281683401845169E307	1.3948458806836202E307	8.646407526430499E306	4	1	7	2	5
328000	-19020.01682311012	-3437.9324690900603	-15582.08435402006	-3437.9324690900603	1.3580989495841612E307	5.908763490113783E307	0.7239069556318889	0.0890571943828572	2.503392792823512	0.40755001279362857	0.0890571943828572	2.503392792823512	0.40755001279362857	0.048055694220432654	1.34283080003817E-309	0.0	0.0	1.334581164454667E-309	-13454.395559508148	2.578099160810277E307	1.410281050885625E307	2.5128744328141347E307	1.8593798618320582E307	1.0605942685695303E307	10	1	4	1	3
329000	-19046.084161206243	-3434.6529208459674	-15611.431240360276	-3434.6529208459674	9.350300750771408E307	Infinity	0.7239069556318889	0.0890571943828572	2.503392792823512	0.40755001279362857	0.0890571943828572	2.503392792823512	0.40755001279362857	0.03714118283924533	0.0	0.0	0.0	1.89481483168907E-310	-13488.553953203384	1.3475149065262738E308	1.0467818678056134E308	5.834225683533383E307	9.87025003709008E307	1.295761037928562E308	3	4	6	1	5
330000	-19045.842335082147	-3426.1235395885246	-15619.718795493622	-3426.1235395885246	5.161887146028406E307	Infinity	0.7239069556318889	0.0890571943828572	2.503392792823512	0.40755001279362857	0.0890571943828572	2.503392792823512	0.40755001279362857	0.06291199086182041	0.0	0.0	0.0	3.90035258010834E-310	-13478.177653219273	9.019758431738769E307	5.307623539400652E307	4.622995537878994E307	4.2011406086092813E307	4.92242027376843E307	2	2	4	5	6
331000	-19123.524561181308	-3428.3713832670014	-15695.153177914306	-3428.3713832670014	8.462393185955725E307	Infinity	0.7239069556318889	0.0890571943828572	2.503392792823512	0.40755001279362857	0.0890571943828572	2.503392792823512	0.40755001279362857	0.18486172539515672	0.0	0.0	0.0	2.25401267108656E-310	-13493.17188532973	1.779372484067116E308	1.467348551114323E308	9.48655940739474E307	1.0540557339133318E308	7.063418452566217E307	2	5	7	2	3
332000	-19078.026925466515	-3428.0407350021387	-15649.986190464375	-3428.0407350021387	3.539195764253102E307	1.7796931318612524E308	0.7239069556318889	0.0890571943828572	2.503392792823512	0.40755001279362857	0.0890571943828572	2.503392792823512	0.40755001279362857	0.16062409793264315	4.67621230191227E-310	0.0	0.0	4.6641726531787E-310	-13471.035489456332	4.665081602879978E307	1.653078168121972E307	2.673914646397753E307	2.9688992075524437E307	9.103670440562896E306	4	1	3	8	3
333000	-19077.495195731957	-3425.3716597157804	-15652.123536016175	-3425.3716597157804	1.9677285496778132E307	9.858772431476816E307	0.7239069556318889	0.0890571943828572	2.503392792823512	0.40755001279362857	0.0890571943828572	2.503392792823512	0.40755001279362857	0.28228998110711734	9.21031531288563E-310	0.0	0.0	9.391409446098E-310	-13459.00576981471	1.208970425706307E307	1.9926053056979444E307	1.2266750899249958E307	1.381446983279668E307	7.274409252657199E306	1	1	7	7	3
334000	-19058.715776124187	-3434.3663640920554	-15624.34941203213	-3434.3663640920554	3.507610380152756E306	2.1882301369962422E307	0.7239069556318889	0.0890571943828572	2.503392792823512	0.40755001279362857	0.0890571943828572	2.503392792823512	0.40755001279362857	0.21981462770069268	4.225024536519315E-309	0.0	0.0	4.41965061634199E-309	-13437.267403051816	2.294273476753256E307	1.3229762493678476E307	9.43992174943198E306	5.77402774818982E306	2.915356414585807E306	2	2	1	7	7
335000	-19060.770404843865	-3433.566542206225	-15627.203862637638	-3433.566542206225	4.298421628625861E306	2.416795606340235E307	0.7239069556318889	0.0890571943828572	2.503392792823512	0.40755001279362857	0.0890571943828572	2.503392792823512	0.40755001279362857	0.2368987248276107	5.704707266244304E-309	0.0	0.0	5.33006083754675E-309	-13433.036749612576	3.6443806191933395E306	1.291376149282452E307	3.940088624567834E306	4.662394813405555E306	3.082018216666733E306	4	2	2	7	4
336000	-19046.411892170807	-3426.5850725287887	-15619.82681964202	-3426.5850725287887	2.2672424805777624E306	1.149082310717212E307	0.7239069556318889	0.0890571943828572	2.503392792823512	0.40755001279362857	0.0890571943828572	2.503392792823512	0.40755001279362857	0.3121789729091793	7.21703256817868E-309	0.0	0.0	7.22832382413817E-309	-13419.163310804906	2.1031075091264578E306	3.032883923299285E306	2.2901177144691705E306	2.921192096552274E306	1.7338101582990063E306	10	2	4	1	2
337000	-19015.656958815627	-3435.385572488102	-15580.271386327526	-3435.385572488102	2.4147941830533592E306	1.3798611212728574E307	0.7239069556318889	0.0890571943828572	2.503392792823512	0.40755001279362857	0.0890571943828572	2.503392792823512	0.40755001279362857	0.1175153457364551	7.119339546867753E-309	0.0	0.0	7.38648616219865E-309	-13422.590345291968	4.143415174644334E306	3.1450848348764496E306	3.766979305847164E306	2.3115954723682713E306	5.395385325620116E305	4	6	5	2	2
338000	-19045.826566293443	-3424.086093739439	-15621.740472554005	-3424.086093739439	6.474011482486278E306	3.311284218753144E307	0.8364190234115961	0.0890571943828572	2.503392792823512	0.40755001279362857	0.0890571943828572	2.503392792823512	0.40755001279362857	0.23159662893943825	2.263922837735267E-309	0.0	0.0	2.17829593087363E-309	-13437.966384095284	8.280420505122704E306	3.8456863622297535E306	6.373825794026215E306	2.8940086814182537E306	3.6611233685693954E306	4	3	8	3	1
339000	-19057.119408117058	-3435.2342085938026	-15621.885199523256	-3435.2342085938026	1.0495548381252531E307	4.964913436914429E307	0.8364190234115961	0.0890571943828572	2.503392792823512	0.40755001279362857	0.0890571943828572	2.503392792823512	0.40755001279362857	0.1178985484783574	1.90691200505627E-309	0.0	0.0	1.72911141552667E-309	-13448.36862745713	6.841299554168237E307	2.772785943364766E307	8.22743462835574E306	5.64120078133294E306	8.898972011504639E306	1	1	14	2	1
340000	-19018.198171398726	-3425.441655423995	-15592.75651597473	-3425.441655423995	2.1142213826047417E306	1.1992104155124264E307	0.8364190234115961	0.0890571943828572	2.503392792823512	0.40755001279362857	0.0890571943828572	2.503392792823512	0.40755001279362857	0.19814973359831642	6.62171655546184E-309	0.0	0.0	6.54637371361087E-309	-13422.151196895187	6.042865817689827E306	2.2469168358789367E306	1.3079846917770562E306	1.7655701345011472E306	1.2327994329447414E306	1	7	2	8	1
341000	-19035.663687449774	-3422.9313514792057	-15612.73233597057	-3422.9313514792057	9.512534615039695E306	4.027005012955209E307	0.8364190234115961	0.18699710122410707	2.503392792823512	0.3096101059523787	0.18699710122410707	2.503392792823512	0.3096101059523787	0.18166227590007628	2.71331988209938E-309	0.0	0.0	2.64928545988347E-309	-13440.084968133495	1.3089327114657437E307	7.767616893281632E306	3.200557588271591E306	6.083606878558091E306	4.31722726287957E306	3	1	4	7	4
342000	-19065.153217574167	-3436.4705792996883	-15628.682638274477	-3436.4705792996883	5.511483480925555E306	2.9533858310628095E307	0.8364190234115961	0.18699710122410707	2.503392792823512	0.3096101059523787	0.18699710122410707	2.503392792823512	0.3096101059523787	0.2584402665518764	3.338043266583326E-309	0.0	0.0	3.499005327392504E-309	-13437.57135589681	1.1495764468395762E307	3.077634123038473E306	3.736276345635575E306	4.179518164197684E306	2.0977509701273365E306	3	3	4	5	4
343000	-19046.761448111625	-3450.410327957916	-15596.35112015371	-3450.410327957916	5.5529980861083755E306	3.2733636385361187E307	0.8364190234115961	0.18699710122410707	2.6761496668608364	0.13685323191505439	0.18699710122410707	2.6761496668608364	0.13685323191505439	0.08776145625058465	2.6928909425147E-309	0.0	0.0	2.664247879406596E-309	-13440.14984353598	3.752261692682709E306	3.594324254338661E306	4.8552460924416836E306	4.2084073319451803E306	2.4241799213195456E306	5	3	6	4	1
344000	-19046.47646415306	-3440.300769887082	-15606.175694265978	-3440.300769887082	1.0455853950740766E307	4.697194293634778E307	0.8364190234115961	0.18699710122410707	2.6761496668608364	0.13685323191505439	0.18699710122410707	2.6761496668608364	0.13685323191505439	0.12371566801449296	1.726003940073343E-309	0.0	0.0	1.761879190767307E-309	-13446.908715442085	1.33265395712813E307	7.751977050731311E306	9.571094381113283E306	4.952896672666568E306	6.312681617024963E306	2	4	5	5	3
345000	-19071.122144782537	-3444.5215362842555	-15626.60060849828	-3444.5215362842555	4.24166584854379E306	2.2362707184025924E307	0.8364190234115961	0.15062700127383827	2.6761496668608364	0.17322333186532318	0.15062700127383827	2.6761496668608364	0.17322333186532318	0.269034177934118	3.81698478901621E-309	0.0	0.0	3.570701153446823E-309	-13429.414955320293	1.452900807195915E307	4.954418821160537E306	1.863322157176314E306	6.264635729694152E306	2.324793544655067E306	1	4	5	6	3
346000	-19072.844367510294	-3447.5051398120045	-15625.33922769829	-3447.5051398120045	7.046060346366469E306	3.2822780231162126E307	0.8364190234115961	0.15062700127383827	2.6761496668608364	0.17322333186532318	0.15062700127383827	2.6761496668608364	0.17322333186532318	0.23069393102506933	3.363446260196897E-309	0.0	0.0	3.38129556748196E-309	-13437.432359461725	1.073053200325344E307	5.218931406025192E306	3.2848070192357454E306	5.551382118268496E306	7.498339032274097E306	1	4	4	7	3
347000	-19112.35075830092	-3442.8305389849725	-15669.520219315946	-3442.8305389849725	2.462412285962345E307	1.2574322259779158E308	0.8364190234115961	0.15062700127383827	2.483020871211596	0.3663521275145637	0.15062700127383827	2.483020871211596	0.3663521275145637	0.2594263754045908	5.84142720051623E-310	0.0	0.0	5.8835236462086E-310	-13465.553860230992	5.435579619474925E307	2.7637996148705396E307	2.3815054664020613E307	2.9804927054539937E307	1.8009293821221894E307	2	6	1	2	8
348000	-19113.25323031404	-3435.8130027725024	-15677.440227541536	-3435.8130027725024	9.613503662478939E307	Infinity	0.8364190234115961	0.15062700127383827	2.483020871211596	0.3663521275145637	0.15062700127383827	2.483020871211596	0.3663521275145637	0.182930775571367	0.0	0.0	0.0	2.31911164700816E-310	-13491.125238284094	1.0589143217999152E308	9.844439597922901E307	1.5853577730111938E308	1.3737846605704617E308	4.920093305217412E307	2	3	1	10	3
349000	-19119.38542736501	-3431.152738047637	-15688.232689317374	-3431.152738047637	1.1104756804538968E308	Infinity	0.8364190234115961	0.15062700127383827	2.483020871211596	0.3663521275145637	0.15062700127383827	2.483020871211596	0.3663521275145637	0.2773266004880967	0.0	0.0	0.0	1.7498333524788E-310	-13493.410342893625	1.2065562944776074E308	6.615595366784938E307	7.241118339593424E307	2.7817934804352697E307	3.348711416026854E307	2	7	6	1	3
350000	-19109.55296564344	-3435.6462240427545	-15673.906741600687	-3435.6462240427545	1.2643595871976504E308	Infinity	0.8364190234115961	0.15062700127383827	2.483020871211596	0.3663521275145637	0.15062700127383827	2.483020871211596	0.3663521275145637	0.2001993784711958	0.0	0.0	0.0	1.9281345061676E-310	-13489.362691071316	1.4378775623241907E308	4.189700806307391E307	7.241118339593424E307	8.934851898350012E307	4.4032984484666733E307	3	5	5	4	2
351000	-19112.750430842618	-3425.087346383484	-15687.663084459133	-3425.087346383484	1.121703111905229E308	Infinity	0.8364190234115961	0.15062700127383827	2.483020871211596	0.3663521275145637	0.15062700127383827	2.483020871211596	0.3663521275145637	0.3598671635130106	0.0	0.0	0.0	2.4007430504031E-310	-13483.888047522565	4.852547091101359E307	3.498776812279332E307	5.343841187704612E307	1.2933015396405473E308	1.1370119459963604E308	1	6	2	7	3
352000	-19099.360267757653	-3427.404779297053	-15671.955488460599	-3427.404779297053	8.533859028901962E307	Infinity	0.8364190234115961	0.06504899072794129	2.483020871211596	0.4519301380604607	0.06504899072794129	2.483020871211596	0.4519301380604607	0.17757336840497498	0.0	0.0	0.0	2.33579090181154E-310	-13486.300910902224	7.782043332240433E307	5.874200888061263E307	7.709226468193814E307	8.098498181105591E307	4.474964059948822E307	1	4	2	8	4
353000	-19152.819546135433	-3433.2455702944662	-15719.573975840969	-3433.2455702944662	1.4594063077998622E308	Infinity	0.705106936321997	0.06504899072794129	2.483020871211596	0.4519301380604607	0.06504899072794129	2.483020871211596	0.4519301380604607	0.3944904987291671	0.0	0.0	0.0	7.6150803721133E-311	-13504.028905608122	1.5586745553229644E308	1.7142356980271003E308	1.7065150692824504E308	1.536719963516712E308	1.0061489429927175E308	3	3	2	1	10
354000	-19118.24954912158	-3420.139785088808	-15698.109764032772	-3420.139785088808	3.831930788458348E307	Infinity	0.705106936321997	0.06504899072794129	2.483020871211596	0.4519301380604607	0.06504899072794129	2.483020871211596	0.4519301380604607	0.44138013814455046	0.0	0.0	0.0	3.5391360070925E-310	-13478.339986704546	5.037071121315179E307	5.567137405646406E307	6.439311866181681E307	4.892419339752103E307	1.0645694747136284E307	9	2	3	3	2
355000	-19104.449705785028	-3432.4640205127475	-15671.985685272279	-3432.4640205127475	3.204399118713767E307	1.6974813348381137E308	0.705106936321997	0.06504899072794129	2.483020871211596	0.4519301380604607	0.06504899072794129	2.483020871211596	0.4519301380604607	0.30127467931618374	5.46198124144925E-310	0.0	0.0	5.3816197901883E-310	-13473.110095384063	4.310662602311638E307	5.905613985201698E307	4.192346607784695E307	2.282406002642356E307	1.1663892804668824E307	3	7	1	5	3
356000	-19104.038787772788	-3435.8988903089726	-15668.139897463814	-3435.8988903089726	7.227496001266582E307	Infinity	0.705106936321997	0.06504899072794129	2.483020871211596	0.4519301380604607	0.06504899072794129	2.483020871211596	0.4519301380604607	0.24464018034826698	0.0	0.0	0.0	3.33688450462723E-310	-13475.586820358498	4.404553801600667E307	1.965409156219665E307	1.5315903981612852E307	6.673785755593505E307	4.0576020182247783E307	4	1	3	9	2
357000	-19066.11640471558	-3423.446860869893	-15642.669543845688	-3423.446860869893	4.0176562756469095E307	Infinity	0.705106936321997	0.14419415931640248	2.483020871211596	0.37278496947199946	0.14419415931640248	2.483020871211596	0.37278496947199946	0.1520783391661756	0.0	0.0	0.0	5.51917897340094E-310	-13469.953470392322	2.956076472568288E307	1.2315688338740952E307	3.0426281377802373E307	3.103268908156686E307	2.351096766442981E307	4	1	3	6	5
358000	-19127.65635812711	-3436.3390270125897	-15691.317331114522	-3436.3390270125897	1.2073321749788704E308	Infinity	0.705106936321997	0.14419415931640248	2.483020871211596	0.37278496947199946	0.14419415931640248	2.483020871211596	0.37278496947199946	0.1971198109921226	0.0	0.0	0.0	1.8034564362787E-310	-13494.524156145653	7.296293360663997E307	1.6156914142663958E308	9.402154912583576E307	1.093586829308494E308	8.238656050265994E307	6	1	1	8	3
359000	-19072.114350379004	-3430.346938750257	-15641.767411628747	-3430.346938750257	7.245704496010415E307	Infinity	0.705106936321997	0.0699233718898967	2.483020871211596	0.44705575689850524	0.0699233718898967	2.483020871211596	0.44705575689850524	0.09645070944550509	0.0	0.0	0.0	2.49376982646595E-310	-13484.302742339582	6.31015828353392E307	1.042349570912746E308	6.988866966449225E307	7.011465319564896E307	2.6909759990131655E307	6	1	2	7	3
360000	-19079.927585031997	-3424.7847183392023	-15655.142866692795	-3424.7847183392023	9.135763811802984E307	Infinity	0.705106936321997	0.0699233718898967	2.483020871211596	0.44705575689850524	0.0699233718898967	2.483020871211596	0.44705575689850524	0.1006702874342796	0.0	0.0	0.0	2.08019499726277E-310	-13488.223749551731	1.5000090629075326E308	1.4830410860692948E308	7.718103402781872E307	1.2392505364625894E308	5.470391959014167E307	1	3	2	1	12
361000	-19084.756776475075	-3427.7097273999857	-15657.04704907509	-3427.7097273999857	4.447885189793576E307	Infinity	0.5630744426117474	0.0699233718898967	2.483020871211596	0.44705575689850524	0.0699233718898967	2.483020871211596	0.44705575689850524	0.20303649560603926	0.0	0.0	0.0	4.5636141841104E-310	-13469.585599867822	1.683209194028744E307	8.445293256894078E306	2.1708652593044158E307	8.167659706576215E307	2.361902960150133E307	2	3	5	1	8
362000	-19078.090011868415	-3425.01635495225	-15653.073656916164	-3425.01635495225	2.1408216998928882E307	9.97024109262385E307	0.5630744426117474	0.0699233718898967	2.483020871211596	0.44705575689850524	0.0699233718898967	2.483020871211596	0.44705575689850524	0.32298318473847926	1.10684659076618E-309	0.0	0.0	1.181830451433033E-309	-13459.391341852846	1.0008602119579373E307	1.4981511401245816E307	2.517591018768848E307	4.549943480776453E307	2.775957705654796E307	7	3	4	2	3
363000	-19056.30658275922	-3430.7180351378574	-15625.588547621364	-3430.7180351378574	1.7284723693100932E307	8.444930694941514E307	0.5630744426117474	0.21704220386804174	2.335902039233451	0.44705575689850524	0.21704220386804174	2.335902039233451	0.44705575689850524	0.11136474953403187	1.112601977420076E-309	0.0	0.0	1.155286085878216E-309	-13461.265237511509	2.70456293996057E307	1.9549149432034535E307	9.475882494447479E306	1.9333987568419823E307	9.37303313415311E306	2	3	7	6	1
364000	-19072.765555310412	-3426.3579302681997	-15646.407625042213	-3426.3579302681997	2.9647087823074546E307	1.1915579511858038E308	0.653975390503941	0.21704220386804174	2.335902039233451	0.44705575689850524	0.21704220386804174	2.335902039233451	0.44705575689850524	0.17601877593211424	8.8750125554726E-310	0.0	0.0	9.39237777287787E-310	-13457.406352489104	8.501989323869796E306	1.7327409657923501E307	2.2745340345369733E307	2.8111518733442664E307	2.2603409276086908E307	8	4	4	1	2
365000	-19118.140590691688	-3441.903154632634	-15676.237436059053	-3441.903154632634	4.7230906944757E307	Infinity	0.653975390503941	0.21704220386804174	2.335902039233451	0.44705575689850524	0.21704220386804174	2.335902039233451	0.44705575689850524	0.27961053813797043	0.0	0.0	0.0	3.21793350103526E-310	-13477.833294096112	3.740874019617508E307	5.249863888199494E307	2.87119248848869E307	4.883972664822047E307	5.285172968277422E307	5	5	2	5	2
366000	-19061.580918915406	-3432.672000833897	-15628.908918081508	-3432.672000833897	4.78419693344879E307	Infinity	0.653975390503941	0.21704220386804174	2.335902039233451	0.44705575689850524	0.21704220386804174	2.335902039233451	0.44705575689850524	0.06304159831835825	0.0	0.0	0.0	3.32322460141715E-310	-13480.087768669966	7.044445667593506E307	4.1739920255574086E307	6.301956242978977E307	7.248899813040535E307	4.202705203032276E307	1	1	3	10	4
367000	-19141.539201183987	-3435.0549274889204	-15706.484273695067	-3435.0549274889204	1.4587357437407923E308	Infinity	0.653975390503941	0.07278911247586353	2.4801551306256293	0.44705575689850524	0.07278911247586353	2.4801551306256293	0.44705575689850524	0.2610494569984572	0.0	0.0	0.0	1.28103232903265E-310	-13504.209834183086	8.289139697897343E307	1.5720177870697796E308	1.6334640728372597E308	1.2860328060440954E308	1.0439797770476232E308	7	4	4	2	2
368000	-19095.81741792451	-3438.0366750117764	-15657.780742912733	-3438.0366750117764	4.3125589225409303E307	Infinity	0.653975390503941	0.07278911247586353	2.4801551306256293	0.44705575689850524	0.07278911247586353	2.4801551306256293	0.44705575689850524	0.17260231323733988	0.0	0.0	0.0	4.53807601343213E-310	-13478.660257193895	1.0360883505112488E308	8.229823462981224E307	5.804293210639504E307	3.9067264024277964E307	1.6803004205077918E307	1	5	6	5	2
369000	-19108.53722162776	-3444.4672100831745	-15664.070011544585	-3444.4672100831745	9.23261244594247E307	Infinity	0.653975390503941	0.06944441464865217	2.4834998284528407	0.44705575689850524	0.06944441464865217	2.4834998284528407	0.44705575689850524	0.1785930023698443	0.0	0.0	0.0	3.74470414796876E-310	-13478.047601792792	6.482427244278368E307	2.03961850214634E307	3.120401942329727E307	8.313554382998897E307	2.2665098987263995E307	5	4	1	6	3
370000	-19116.488835050273	-3431.0135935148646	-15685.47524153541	-3431.0135935148646	1.3270832389873645E308	Infinity	0.7950641147423247	0.06944441464865217	2.4834998284528407	0.44705575689850524	0.06944441464865217	2.4834998284528407	0.44705575689850524	0.17596285318632066	0.0	0.0	0.0	1.2294843343099E-310	-13496.764959672848	1.7029001505686641E308	9.542482700350123E307	1.0073689323874167E308	1.68918842001003E308	6.455604343761394E307	1	10	2	3	3
371000	-19086.2094746805	-3428.7463337060312	-15657.46314097447	-3428.7463337060312	1.1026971714669768E308	Infinity	0.7950641147423247	0.06944441464865217	2.4834998284528407	0.44705575689850524	0.06944441464865217	2.4834998284528407	0.44705575689850524	0.09776806031473351	0.0	0.0	0.0	2.08107629314217E-310	-13492.584975740556	1.1124000416835481E308	1.6002368484269464E308	4.594030657231034E307	8.677140364934791E307	3.9024830057787365E307	5	3	1	7	3
372000	-19082.207786579314	-3426.44681167147	-15655.760974907846	-3426.44681167147	5.101098831944232E307	Infinity	0.7950641147423247	0.06944441464865217	2.4834998284528407	0.44705575689850524	0.06944441464865217	2.4834998284528407	0.44705575689850524	0.13607928367696337	0.0	0.0	0.0	3.89280115489006E-310	-13478.594004562523	7.073581512082194E307	2.4398792578451605E307	3.8908891545081227E307	3.6050388286479504E307	1.726986151096268E307	5	6	1	4	3
373000	-19085.778966669663	-3416.276525272151	-15669.502441397513	-3416.276525272151	1.2691250294242802E307	6.9439377825008E307	0.7950641147423247	0.158593368149229	2.4834998284528407	0.3579068033979284	0.158593368149229	2.4834998284528407	0.3579068033979284	0.4775421789845094	1.48459934162462E-309	0.0	0.0	1.70269860977554E-309	-13455.136212839112	1.496931871413691E307	1.234900743426245E307	1.317715624257777E307	9.16180478340017E306	1.6883502529946056E307	4	1	1	8	5
374000	-19068.03446787771	-3429.2859211402865	-15638.748546737426	-3429.2859211402865	1.542123969693893E307	8.591749698801814E307	0.7950641147423247	0.158593368149229	2.348201459060081	0.4932051727906879	0.158593368149229	2.348201459060081	0.4932051727906879	0.17532490818073176	1.124206587311063E-309	0.0	0.0	1.14564004388248E-309	-13460.624368825836	8.726092519223238E306	4.9520826193888464E306	9.850995301836456E306	1.2161682519877265E307	1.7021140733499492E307	1	1	4	5	8
375000	-19059.673903374	-3429.30866395334	-15630.365239420662	-3429.30866395334	1.1445091944981883E307	4.780943545796715E307	0.7950641147423247	0.158593368149229	2.348201459060081	0.4932051727906879	0.158593368149229	2.348201459060081	0.4932051727906879	0.2774995504382314	1.858161251022657E-309	0.0	0.0	2.11133500124429E-309	-13442.95919161683	7.47319648701569E306	4.256590555673934E306	4.775342708821323E306	6.786299738209106E306	7.382442660320494E306	3	2	8	3	3
376000	-19076.098685151344	-3425.4948872563314	-15650.603797895013	-3425.4948872563314	8.695813144922486E306	4.055504583246988E307	0.7950641147423247	0.158593368149229	2.2562488471303332	0.5851577847204356	0.158593368149229	2.2562488471303332	0.5851577847204356	0.36673588116080935	2.60514562107619E-309	0.0	0.0	2.526656285025625E-309	-13447.436409376267	2.4766826828654177E307	1.4435851263160416E307	1.9934354569382124E307	9.653158628841347E306	9.129341000134438E306	4	1	4	9	1
377000	-19087.972203782203	-3426.2047332101706	-15661.767470572033	-3426.2047332101706	3.2596631208433216E307	Infinity	0.7950641147423247	0.158593368149229	2.394908299555615	0.4464983322951537	0.158593368149229	2.394908299555615	0.4464983322951537	0.24640546846391473	0.0	0.0	0.0	4.71254822915634E-310	-13473.931857316997	3.0109095050737503E307	3.8419871482147626E307	3.3726153938347097E307	2.8700360905155233E307	2.446615920185721E307	3	1	1	4	10
378000	-19043.69447146089	-3433.554108436888	-15610.140363024002	-3433.554108436888	1.554291467168925E307	8.374521755685404E307	0.7950641147423247	0.158593368149229	2.4919772815424253	0.3494293503083433	0.158593368149229	2.4919772815424253	0.3494293503083433	0.07578928305581592	1.412270897181496E-309	0.0	0.0	1.40232074503423E-309	-13460.878101317798	8.792643989685015E307	2.196496467747176E307	1.857042288628326E307	1.8925549925812133E307	1.6574068413209125E307	2	4	2	5	6
379000	-19051.091432633257	-3439.512964452805	-15611.57846818045	-3439.512964452805	1.2883519567016305E307	6.415981590144134E307	0.7950641147423247	0.158593368149229	2.4919772815424253	0.3494293503083433	0.158593368149229	2.4919772815424253	0.3494293503083433	0.12539698027219454	1.456489063552165E-309	0.0	0.0	1.406562582664084E-309	-13446.783833336178	1.9610014718456866E307	4.5578278075813775E306	4.534603866727951E306	9.557561252217714E306	7.791036402143897E306	2	4	5	5	3
380000	-19044.874789005073	-3431.1953513635162	-15613.679437641556	-3431.1953513635162	1.0174180196477252E307	5.331776667929512E307	0.7950641147423247	0.158593368149229	2.4919772815424253	0.3494293503083433	0.158593368149229	2.4919772815424253	0.3494293503083433	0.14086689473924505	1.66366589250005E-309	0.0	0.0	1.697413521307393E-309	-13449.48902715763	1.3339155324609032E307	1.0212517830957697E307	6.424231743608042E306	1.049461348230093E307	9.499578671641588E306	8	3	1	3	4
381000	-19109.459602850595	-3440.632956613304	-15668.82664623729	-3440.632956613304	4.672013653282313E307	Infinity	0.7950641147423247	0.158593368149229	2.4919772815424253	0.3494293503083433	0.158593368149229	2.4919772815424253	0.3494293503083433	0.25087679423459913	0.0	0.0	0.0	4.3288624798096E-310	-13473.124189335882	7.646055021050502E307	3.343459906350757E307	4.3085227448478323E307	1.6336057593250058E307	1.5567669904571E307	4	10	1	2	2
382000	-19090.75087473613	-3425.9371839213895	-15664.813690814743	-3425.9371839213895	8.030907274816964E307	Infinity	0.7950641147423247	0.158593368149229	2.4919772815424253	0.3494293503083433	0.158593368149229	2.4919772815424253	0.3494293503083433	0.17619414879845524	0.0	0.0	0.0	2.90065220985133E-310	-13483.01824388806	1.4055840277289654E308	3.911503735237803E307	8.634757852964505E307	3.7501889228924836E307	5.107297973177026E307	2	4	9	1	3
383000	-19062.268148063908	-3435.010608937276	-15627.257539126631	-3435.010608937276	7.606433356012963E307	Infinity	0.7950641147423247	0.158593368149229	2.4919772815424253	0.3494293503083433	0.158593368149229	2.4919772815424253	0.3494293503083433	0.06753473038630572	0.0	0.0	0.0	2.71295008829127E-310	-13483.266315753852	8.995145610309316E307	6.490293678593356E307	4.1922405206682875E307	3.524081831394112E307	1.6143559219841465E307	2	5	6	2	4
384000	-19077.824501292558	-3428.485296653748	-15649.33920463881	-3428.485296653748	6.402467393450037E307	Infinity	0.7950641147423247	0.158593368149229	2.4919772815424253	0.3494293503083433	0.158593368149229	2.4919772815424253	0.3494293503083433	0.0963727751137129	0.0	0.0	0.0	2.3425118613014E-310	-13487.278501086192	1.5803139331425211E308	6.417944831512299E307	5.792328006854303E307	5.773265335182078E307	3.0645442484684757E307	3	5	5	2	4
385000	-19100.523821189334	-3429.6818712010604	-15670.841949988273	-3429.6818712010604	4.664082600406907E307	Infinity	0.7950641147423247	0.158593368149229	2.4919772815424253	0.3494293503083433	0.158593368149229	2.4919772815424253	0.3494293503083433	0.264050405199832	0.0	0.0	0.0	4.7563201649368E-310	-13475.760028860643	7.32953028398023E307	6.160395896874639E307	3.964920365007233E307	5.066226506213416E307	1.8996261783776813E307	6	3	3	6	1
386000	-19128.665582239555	-3424.5491878241614	-15704.116394415394	-3424.5491878241614	1.62614894225123E308	Infinity	0.7950641147423247	0.158593368149229	2.384781763149552	0.4566248687012169	0.158593368149229	2.384781763149552	0.4566248687012169	0.37918243788022654	0.0	0.0	0.0	1.3660298556977E-310	-13499.983059604703	6.832373767511135E307	1.0561183307795094E308	6.309099913283926E307	1.6492302677973379E308	6.131071315402853E307	4	2	6	5	2
387000	-19152.262464770694	-3438.7444748627117	-15713.517989907981	-3438.7444748627117	9.166557406971228E307	Infinity	0.7950641147423247	0.15862406761325107	2.38475106368553	0.4566248687012169	0.15862406761325107	2.38475106368553	0.4566248687012169	0.3559491183392295	0.0	0.0	0.0	1.80953866549163E-310	-13498.814767114845	1.300783616802567E308	1.0417270856398442E308	9.19519530494442E307	8.987131879544477E307	1.3510225849093542E308	3	5	4	4	3
388000	-19133.28078252525	-3441.971746388717	-15691.309036136534	-3441.971746388717	7.184258551159966E307	Infinity	0.7950641147423247	0.15862406761325107	2.38475106368553	0.4566248687012169	0.15862406761325107	2.38475106368553	0.4566248687012169	0.2964030726529033	0.0	0.0	0.0	2.67822524452795E-310	-13487.124075741875	9.801880309485885E307	5.633905390791979E307	1.0148944177072267E308	8.521090286449247E307	8.157825216819444E307	3	1	8	2	5
389000	-19111.46613948246	-3430.414002465433	-15681.05213701703	-3430.414002465433	4.615201504610794E307	Infinity	0.7950641147423247	0.15862406761325107	2.607465107237751	0.23391082514899583	0.15862406761325107	2.607465107237751	0.23391082514899583	0.2211792798234202	0.0	0.0	0.0	3.2965711287494E-310	-13480.880518313981	8.023773670345762E307	3.6626108735305647E307	2.9496173140081364E307	1.1629343613506766E308	5.721742198377547E307	10	1	2	2	4
390000	-19085.34667546202	-3427.6338247842427	-15657.712850677779	-3427.6338247842427	8.597315479366771E307	Infinity	0.7950641147423247	0.15862406761325107	2.607465107237751	0.23391082514899583	0.15862406761325107	2.607465107237751	0.23391082514899583	0.09005236567353783	0.0	0.0	0.0	1.6693194948959E-310	-13492.131002594797	1.2145291528226293E308	9.508432566316215E307	5.63241328751885E307	1.5526525769312149E308	8.648889213572377E307	2	2	1	9	5
391000	-19129.87494377558	-3435.275174936176	-15694.599768839404	-3435.275174936176	1.0365788878160417E308	Infinity	0.7950641147423247	0.15862406761325107	2.607465107237751	0.23391082514899583	0.15862406761325107	2.607465107237751	0.23391082514899583	0.27534040512756053	0.0	0.0	0.0	1.9171745737236E-310	-13492.280383915102	3.578819055129423E307	4.783756195264625E307	5.644875920763868E307	7.138113368555085E307	7.016617867583254E307	2	2	1	9	5
392000	-19114.961406190825	-3447.449356260818	-15667.512049930006	-3447.449356260818	5.006160242834622E307	Infinity	0.7950641147423247	0.15862406761325107	2.607465107237751	0.23391082514899583	0.15862406761325107	2.607465107237751	0.23391082514899583	0.20929982293296184	0.0	0.0	0.0	3.5910888169199E-310	-13477.44690515105	7.418284453725193E307	6.662823318802055E307	5.595031521020833E307	7.592149247072036E307	3.9600905257219034E307	1	1	11	4	2
393000	-19115.920210480424	-3430.8354691999057	-15685.08474128052	-3430.8354691999057	1.1345864511379934E308	Infinity	0.7950641147423247	0.15862406761325107	2.607465107237751	0.23391082514899583	0.15862406761325107	2.607465107237751	0.23391082514899583	0.19863057293114372	0.0	0.0	0.0	1.66787432924966E-310	-13498.92791273954	8.31783787955106E307	5.644460888176126E307	9.898295591031335E307	6.214721273560586E307	1.6105501501386532E307	1	5	10	1	2
394000	-19124.467828239554	-3434.8454245283247	-15689.62240371123	-3434.8454245283247	9.211114655049464E307	Infinity	0.7950641147423247	0.15862406761325107	2.607465107237751	0.23391082514899583	0.15862406761325107	2.607465107237751	0.23391082514899583	0.2953453133733597	0.0	0.0	0.0	2.1035808849314E-310	-13488.970775170043	9.006016775896809E307	6.97886295294143E307	1.4892143568869518E308	1.543176449324439E308	1.2462179686299997E308	12	2	2	1	2
395000	-19105.461109813146	-3437.878992491384	-15667.582117321761	-3437.878992491384	1.7055350283586069E308	Infinity	0.7950641147423247	0.15862406761325107	2.607465107237751	0.23391082514899583	0.15862406761325107	2.607465107237751	0.23391082514899583	0.14921774419339398	0.0	0.0	0.0	1.6383868386776E-310	-13491.763106022563	1.3115125596510391E308	1.2159106587440761E308	1.5568509144132098E308	9.795198825448583E307	8.581247077411318E307	3	1	1	3	11
396000	-19107.100437478242	-3423.5780197253653	-15683.522417752878	-3423.5780197253653	5.64747482401842E307	Infinity	0.7950641147423247	0.15862406761325107	2.607465107237751	0.23391082514899583	0.15862406761325107	2.607465107237751	0.23391082514899583	0.3418789803122653	0.0	0.0	0.0	3.9531483273101E-310	-13478.768443506811	6.094269561866411E307	5.633192925347319E307	6.824865275876449E307	4.9952501154594E307	1.7461785262353657E307	1	8	5	3	2
397000	-19093.2988466248	-3431.4359238646857	-15661.862922760112	-3431.4359238646857	4.126394143924888E307	Infinity	0.7950641147423247	0.15862406761325107	2.607465107237751	0.23391082514899583	0.15862406761325107	2.607465107237751	0.23391082514899583	0.19357160485970806	0.0	0.0	0.0	4.2942115846147E-310	-13474.26937908548	4.232034483895956E307	7.448243447231976E307	4.036504541666688E307	2.1455652831291678E307	2.3629151109492E307	2	5	8	3	1
398000	-19091.88250328211	-3434.679241501639	-15657.203261780474	-3434.679241501639	5.781290460458701E307	Infinity	0.7950641147423247	0.15862406761325107	2.4654690199440226	0.37590691244272445	0.15862406761325107	2.4654690199440226	0.37590691244272445	0.14561470555946338	0.0	0.0	0.0	3.50272258498835E-310	-13482.141813384103	1.0067021984570912E308	9.587577982360335E307	3.8438336292836587E307	3.344241285266042E307	2.38381924431162E307	6	4	1	7	1
399000	-19095.996659397744	-3421.8045146101013	-15674.192144787643	-3421.8045146101013	7.319851914199975E307	Infinity	0.7950641147423247	0.15862406761325107	2.4654690199440226	0.37590691244272445	0.15862406761325107	2.4654690199440226	0.37590691244272445	0.19477164675441155	0.0	0.0	0.0	3.07255477510856E-310	-13485.664509025324	1.0514786831444018E308	9.036353506272339E307	6.444405308098617E307	7.729103039615817E307	5.935112981975761E307	2	2	3	5	7
400000	-19063.166379226503	-3421.839070403579	-15641.327308822925	-3421.839070403579	7.881157676631826E307	Infinity	0.7950641147423247	0.15862406761325107	2.4654690199440226	0.37590691244272445	0.15862406761325107	2.4654690199440226	0.37590691244272445	0.07858212093350177	0.0	0.0	0.0	2.52505999565866E-310	-13488.22517095223	1.4325952726906123E308	8.409920896341945E307	9.439396971135726E307	1.4349287815489732E308	9.60806525180031E307	2	4	3	3	7
401000	-19097.747986224218	-3426.5758805689256	-15671.172105655292	-3426.5758805689256	1.5398698896110785E308	Infinity	0.7950641147423247	0.15862406761325107	2.4654690199440226	0.37590691244272445	0.15862406761325107	2.4654690199440226	0.37590691244272445	0.12725426520863234	0.0	0.0	0.0	1.25619137295947E-310	-13499.082615346446	1.2050912321268675E308	8.695734224148987E307	1.2974833333748731E308	9.641300248847439E307	1.1830833775926172E308	1	2	6	4	6
402000	-19102.144207694884	-3422.9898192287733	-15679.154388466111	-3422.9898192287733	6.399614735870712E307	Infinity	0.7950641147423247	0.15862406761325107	2.4654690199440226	0.37590691244272445	0.15862406761325107	2.4654690199440226	0.37590691244272445	0.2265749567215062	0.0	0.0	0.0	2.8000817721402E-310	-13488.855835766417	1.1459378232804087E308	1.197702645434735E308	1.0143028261844172E308	4.392647319846085E307	4.234450202949348E307	1	9	1	4	4
403000	-19113.068699923042	-3426.809016343837	-15686.259683579206	-3426.809016343837	1.1148114139894562E308	Infinity	0.7950641147423247	0.15862406761325107	2.4654690199440226	0.37590691244272445	0.15862406761325107	2.4654690199440226	0.37590691244272445	0.23429144067006794	0.0	0.0	0.0	1.9750709628002E-310	-13491.768621488738	7.16227692246835E307	6.377914507019716E307	6.112890061168155E307	9.219235129454608E307	4.3806356671886036E307	9	4	1	3	2
404000	-19115.663755867354	-3436.2368669153607	-15679.426888951994	-3436.2368669153607	4.033874635571115E307	Infinity	0.7950641147423247	0.15862406761325107	2.4654690199440226	0.37590691244272445	0.15862406761325107	2.4654690199440226	0.37590691244272445	0.27332437600301673	0.0	0.0	0.0	4.20750480746224E-310	-13476.956334902055	3.5014982129249814E307	7.004462815339158E307	6.157184050311777E307	8.113155821600962E307	3.8394292366670955E307	1	4	5	1	8
405000	-19108.92051684252	-3429.0508937780264	-15679.869623064496	-3429.0508937780264	5.408935267452378E307	Infinity	0.7950641147423247	0.15862406761325107	2.6135899463033425	0.22778598608340464	0.15862406761325107	2.6135899463033425	0.22778598608340464	0.26229132957130796	0.0	0.0	0.0	4.0946079101859E-310	-13483.593401558304	1.0644549509630992E308	7.290111181164662E307	9.77093487726356E307	6.769128746593382E307	6.797896030280289E307	3	1	4	3	8
406000	-19091.09470383923	-3427.5807759995905	-15663.51392783964	-3427.5807759995905	1.2464917648051799E308	Infinity	0.7950641147423247	0.15862406761325107	2.6037264562016817	0.2376494761850654	0.15862406761325107	2.6037264562016817	0.2376494761850654	0.14009414672374906	0.0	0.0	0.0	1.9818165445546E-310	-13488.12219056961	5.477556647714213E307	7.454533457430889E307	6.036804605758759E307	1.1066655525281823E308	6.697189881282846E307	4	3	4	6	2
407000	-19152.60017715401	-3435.9819163663356	-15716.618260787676	-3435.9819163663356	1.6816492374317731E308	Infinity	0.7950641147423247	0.15862406761325107	2.6037264562016817	0.2376494761850654	0.15862406761325107	2.6037264562016817	0.2376494761850654	0.5097585708975427	0.0	0.0	0.0	1.2831020815043E-310	-13495.831921036019	1.0013372667900352E308	5.865459372313793E307	1.100552382073562E308	6.301952797358266E307	1.1915931885170169E308	3	9	2	1	4
408000	-19136.20870373841	-3427.998206255975	-15708.210497482438	-3427.998206255975	1.7157551457106287E308	Infinity	0.7950641147423247	0.15862406761325107	2.6037264562016817	0.2376494761850654	0.15862406761325107	2.6037264562016817	0.2376494761850654	0.4295256495946106	0.0	0.0	0.0	1.808311796824E-310	-13495.245377303798	1.0013372667900352E308	9.406661140600318E307	1.100552382073562E308	4.875917273810298E307	4.628806736050783E307	6	6	3	1	3
409000	-19127.322726034217	-3430.621542780253	-15696.701183253963	-3430.621542780253	6.069690619723791E307	Infinity	0.7950641147423247	0.15862406761325107	2.6037264562016817	0.2376494761850654	0.15862406761325107	2.6037264562016817	0.2376494761850654	0.5418499707869595	0.0	0.0	0.0	4.36961149887927E-310	-13478.427954581715	4.916699868081029E307	4.878538764073633E307	8.354525090386646E307	1.4285739447629947E308	7.706503879300972E307	5	4	4	1	5
410000	-19141.128635732992	-3436.4657752939984	-15704.662860438993	-3436.4657752939984	1.2396236223714237E308	Infinity	0.7950641147423247	0.15862406761325107	2.6037264562016817	0.2376494761850654	0.15862406761325107	2.6037264562016817	0.2376494761850654	0.4446008775084113	0.0	0.0	0.0	2.9019088987947E-310	-13488.704806974298	6.176682521010736E307	9.908078909346241E307	4.72168943695829E307	6.549680401014652E307	5.342063974328854E307	2	1	7	5	4
411000	-19101.161665942294	-3425.434081833954	-15675.727584108341	-3425.434081833954	3.5633179076967626E307	1.6737506471357292E308	0.7950641147423247	0.15862406761325107	2.4310964330317986	0.4102794993549488	0.15862406761325107	2.4310964330317986	0.4102794993549488	0.2635220178870699	5.9494843576777E-310	0.0	0.0	6.4060398434235E-310	-13473.861028910847	1.024669739050398E308	2.9915039305786186E307	1.9551095171500468E307	2.722911655659048E307	1.7590906190275946E307	5	1	1	9	3
412000	-19147.25928722853	-3434.077124201331	-15713.1821630272	-3434.077124201331	1.3388419746754186E308	Infinity	0.7950641147423247	0.15862406761325107	2.4310964330317986	0.4102794993549488	0.15862406761325107	2.4310964330317986	0.4102794993549488	0.2818441872989371	0.0	0.0	0.0	1.61724720699163E-310	-13497.751582326891	1.3670701809344752E308	7.396961821932615E307	1.4471017966797797E308	7.8029824180664E307	9.38353696381298E307	3	2	10	1	3
413000	-19145.978771318194	-3439.310365395872	-15706.668405922323	-3439.310365395872	1.1616410442794475E308	Infinity	0.7950641147423247	0.15862406761325107	2.4783742476962263	0.36300168469052124	0.15862406761325107	2.4783742476962263	0.36300168469052124	0.43338620052075977	0.0	0.0	0.0	1.82213670588394E-310	-13489.338641252984	1.0277304877354491E308	6.460105194795744E307	3.5674949871267455E307	7.119154105094553E307	1.2148974971014947E308	4	2	1	9	3
414000	-19129.320472111605	-3438.785489802008	-15690.534982309598	-3438.785489802008	8.952760954189999E307	Infinity	0.7950641147423247	0.1536223457888314	2.4783742476962263	0.3680034065149409	0.1536223457888314	2.4783742476962263	0.3680034065149409	0.2191732213984085	0.0	0.0	0.0	1.34415831169313E-310	-13493.380562147804	1.355727340898783E308	9.561100538058413E307	5.537437632415662E307	8.750984121344949E307	3.248136449085805E307	4	3	2	7	3
415000	-19112.645943975473	-3439.5575735911575	-15673.088370384314	-3439.5575735911575	7.677393323719593E307	Infinity	0.7950641147423247	0.1536223457888314	2.4783742476962263	0.3680034065149409	0.1536223457888314	2.4783742476962263	0.3680034065149409	0.17967057545250403	0.0	0.0	0.0	2.20617588150043E-310	-13489.62023151782	1.1953732003208095E308	1.4213004313508946E308	1.1401138150376023E308	4.54212386518741E307	2.0907038212537888E307	5	1	8	2	3
416000	-19092.982228018114	-3434.9009438981147	-15658.08128412	-3434.9009438981147	8.579997405675655E307	Infinity	0.7950641147423247	0.1536223457888314	2.4783742476962263	0.3680034065149409	0.1536223457888314	2.4783742476962263	0.3680034065149409	0.11478571626342408	0.0	0.0	0.0	2.31372262408407E-310	-13492.261463503657	1.5571285427366385E308	5.448417395376734E307	6.728560815284771E307	2.553438100459349E307	1.2651630050359424E307	7	7	1	1	3
417000	-19043.443974802576	-3434.7394357969606	-15608.704539005616	-3434.7394357969606	1.757410052853561E307	8.792855650754755E307	0.7950641147423247	0.1536223457888314	2.4783742476962263	0.3680034065149409	0.1536223457888314	2.4783742476962263	0.3680034065149409	0.07962304148347685	1.1997042958963E-309	0.0	0.0	1.21253884708488E-309	-13458.552243144293	3.278900854357733E307	1.951044675638754E307	2.302862724158618E307	1.6301977746682572E307	7.474543020880985E306	2	6	2	5	4
418000	-19090.89797099539	-3453.4383921015133	-15637.459578893875	-3453.4383921015133	4.877683582109158E307	Infinity	0.8309110918710211	0.1536223457888314	2.4783742476962263	0.3680034065149409	0.1536223457888314	2.4783742476962263	0.3680034065149409	0.09747249354788147	0.0	0.0	0.0	5.16809508764905E-310	-13475.322590015916	2.2431392855686317E307	1.262192380459756E307	7.269043796991292E307	4.609231777493482E307	5.686389329772166E307	2	2	8	3	4
419000	-19032.23829585779	-3451.1555172983904	-15581.082778559401	-3451.1555172983904	2.80243410437644E307	1.2713539024330705E308	0.8309110918710211	0.1536223457888314	2.4783742476962263	0.3680034065149409	0.1536223457888314	2.4783742476962263	0.3680034065149409	0.033165417306073045	1.01161733862176E-309	0.0	0.0	9.91874926264587E-310	-13464.243086698898	3.322938664643688E307	5.401270954628823E307	3.010685663168155E307	3.9938197824373484E307	1.9400827804706764E307	10	1	1	5	2
420000	-19044.709963213223	-3425.778579747925	-15618.931383465297	-3425.778579747925	2.282304414505877E307	1.209022353986422E308	0.8309110918710211	0.1536223457888314	2.4783742476962263	0.3680034065149409	0.1536223457888314	2.4783742476962263	0.3680034065149409	0.10195632910306875	8.5121865758781E-310	0.0	0.0	8.95104766106975E-310	-13463.205431202055	1.6791156628151388E307	1.917042779387401E307	1.597480206405494E307	1.831959859419232E307	1.0669955580894839E307	7	4	2	5	1
421000	-19024.196987634175	-3432.1452728905447	-15592.05171474363	-3432.1452728905447	9.841762454531772E306	4.721225500487438E307	0.8309110918710211	0.1536223457888314	2.4783742476962263	0.3680034065149409	0.1536223457888314	2.4783742476962263	0.3680034065149409	0.07084220292230907	2.19115165188588E-309	0.0	0.0	2.23228323120587E-309	-13449.4505759662	1.6230222614231962E307	2.3757985531866203E307	1.7536642944502294E307	1.553522720344134E307	5.329693089064118E306	10	3	4	1	1
422000	-19085.89372941018	-3454.611638523501	-15631.282090886682	-3454.611638523501	1.6064424799533717E307	9.499537659476687E307	0.8309110918710211	0.1536223457888314	2.4783742476962263	0.3680034065149409	0.1536223457888314	2.4783742476962263	0.3680034065149409	0.1696052090825519	1.042653561328423E-309	0.0	0.0	1.08561361312542E-309	-13460.555060663692	4.2935084339827615E307	2.061349031121801E307	1.501560426655149E307	1.3314368126072706E307	4.548499329923682E306	1	9	3	2	4
423000	-19117.625939674923	-3444.3832232973814	-15673.242716377543	-3444.3832232973814	1.1515363278170075E308	Infinity	0.8309110918710211	0.1536223457888314	2.4783742476962263	0.3680034065149409	0.1536223457888314	2.4783742476962263	0.3680034065149409	0.14927286592469416	0.0	0.0	0.0	1.99323552838628E-310	-13495.816267914519	1.0887334387682902E308	9.10962255746362E307	1.5151420161356736E308	6.157779708402675E307	3.331392431273242E307	3	3	2	7	4
424000	-19112.009020593767	-3438.6415746093244	-15673.36744598444	-3438.6415746093244	7.065750780421415E307	Infinity	0.6475421361189334	0.1536223457888314	2.4783742476962263	0.3680034065149409	0.1536223457888314	2.4783742476962263	0.3680034065149409	0.14510748717871177	0.0	0.0	0.0	2.69419905194847E-310	-13487.808597827958	1.0887334387682902E308	1.1562418464176333E308	1.0523287937718199E308	7.320947442792841E307	4.2888395911296854E307	3	5	2	5	4
425000	-19107.04063419535	-3423.655171245972	-15683.385462949378	-3423.655171245972	6.32345968131082E307	Infinity	0.6475421361189334	0.1536223457888314	2.4783742476962263	0.3680034065149409	0.1536223457888314	2.4783742476962263	0.3680034065149409	0.20161738612534208	0.0	0.0	0.0	2.59105725494583E-310	-13485.915963007848	9.82780263567041E307	7.355143840687594E307	6.072459464552878E307	1.0522287692713032E308	6.141450594612548E307	1	3	4	10	1
426000	-19120.054749439136	-3435.380360362688	-15684.674389076446	-3435.380360362688	9.762419657970725E307	Infinity	0.6475421361189334	0.1536223457888314	2.4783742476962263	0.3680034065149409	0.1536223457888314	2.4783742476962263	0.3680034065149409	0.2092928406550343	0.0	0.0	0.0	1.61690455953264E-310	-13498.329491142009	1.0778460392190771E308	9.786675452432981E307	9.161335154575046E307	6.72852710311411E307	1.6734648265879376E307	1	4	5	7	2
427000	-19131.566883817093	-3426.0325781912948	-15705.534305625799	-3426.0325781912948	1.3492381061145E308	Infinity	0.6475421361189334	0.1536223457888314	2.4783742476962263	0.3680034065149409	0.1536223457888314	2.4783742476962263	0.3680034065149409	0.3773771068025562	0.0	0.0	0.0	1.61413412351363E-310	-13494.61549304417	1.2849673375620602E308	6.526393871822783E307	6.050556861874249E307	7.904908742206864E307	6.548183396684997E307	3	1	8	5	2
428000	-19127.742871549417	-3433.438031041751	-15694.304840507664	-3433.438031041751	1.7050506704094413E308	Infinity	0.6475421361189334	0.1536223457888314	2.4783742476962263	0.3680034065149409	0.1536223457888314	2.4783742476962263	0.3680034065149409	0.2659571218910629	0.0	0.0	0.0	9.9071291068007E-311	-13502.93996245873	1.7294358450237738E308	1.4153738329142636E308	1.188607492468939E308	1.0545504675977526E308	1.0154917852331227E308	1	1	7	1	9
429000	-19142.287648283087	-3446.1290023506417	-15696.158645932444	-3446.1290023506417	6.174658645648186E307	Infinity	0.6475421361189334	0.1536223457888314	2.4783742476962263	0.3680034065149409	0.1536223457888314	2.4783742476962263	0.3680034065149409	0.3266909774716323	0.0	0.0	0.0	2.34852549974087E-310	-13489.461346621314	8.470162290599318E307	1.09850593298616E308	4.857931877698159E307	6.87936777104285E307	3.391300156556457E307	10	1	6	1	1
430000	-19138.5743065331	-3429.740498496198	-15708.833808036901	-3429.740498496198	1.4079601760733723E308	Infinity	0.6475421361189334	0.1536223457888314	2.4783742476962263	0.3680034065149409	0.1536223457888314	2.4783742476962263	0.3680034065149409	0.3688305225699684	0.0	0.0	0.0	1.31622871103104E-310	-13499.093346328707	1.7833175471100709E308	7.721386564278073E307	4.0086690816666755E307	4.317153576394223E307	2.929217360378785E307	15	1	1	1	1
431000	-19135.170474561874	-3434.5495976926354	-15700.62087686924	-3434.5495976926354	9.252682991730255E307	Infinity	0.6475421361189334	0.1536223457888314	2.4783742476962263	0.3680034065149409	0.1536223457888314	2.4783742476962263	0.3680034065149409	0.30980289360313196	0.0	0.0	0.0	1.1000472747983E-310	-13495.021757391667	1.4370078128883452E308	6.714976099107283E307	3.0119942439455306E307	1.9784242567030788E307	1.230574543590645E307	15	1	1	1	1
432000	-19135.41105734662	-3434.7987909300045	-15700.612266416616	-3434.7987909300045	7.968294377494773E307	Infinity	0.6475421361189334	0.1536223457888314	2.4783742476962263	0.3680034065149409	0.1536223457888314	2.4783742476962263	0.3680034065149409	0.3281327679742298	0.0	0.0	0.0	1.7627599080605E-310	-13494.09628150838	8.644003266276494E307	4.2728870317657826E307	6.618942287236054E307	4.1246919220801765E307	7.06507786671622E307	15	1	1	1	1
433000	-19134.367536960635	-3423.8224100123302	-15710.545126948306	-3423.8224100123302	7.939078133086256E307	Infinity	0.8035181107208297	0.1536223457888314	2.59279836941952	0.2535792847916471	0.1536223457888314	2.59279836941952	0.2535792847916471	0.41883211195411596	0.0	0.0	0.0	2.1036274243325E-310	-13492.028358352483	7.891053065187556E307	9.770028684380392E307	1.1945199822354542E308	8.181686310897951E307	9.587886860786894E307	2	4	5	3	5
434000	-19157.302910817256	-3434.638869959122	-15722.664040858133	-3434.638869959122	1.4495609395944226E308	Infinity	0.8035181107208297	0.1536223457888314	2.59279836941952	0.2535792847916471	0.1536223457888314	2.59279836941952	0.2535792847916471	0.41336679137049126	0.0	0.0	0.0	1.2155181997729E-310	-13501.494964338874	1.5340084052510331E308	8.089554057492732E307	4.560385870849976E307	1.09370367745403E308	6.778142620239142E307	3	1	7	3	5
435000	-19111.461064348357	-3427.2011927623907	-15684.259871585966	-3427.2011927623907	1.1125158299509253E308	Infinity	0.8035181107208297	0.05627022294793152	2.59279836941952	0.350931407632547	0.05627022294793152	2.59279836941952	0.350931407632547	0.21096378732527934	0.0	0.0	0.0	1.34050153191936E-310	-13497.049531437578	4.230324287573082E307	9.279554769435838E307	1.0887741215583095E308	6.352760997297599E307	4.699153906603261E307	1	3	11	3	1
436000	-19120.388837338334	-3421.479907319874	-15698.90893001846	-3421.479907319874	1.1821171199627817E308	Infinity	0.8035181107208297	0.13409533258568185	2.59279836941952	0.2731062979947967	0.13409533258568185	2.59279836941952	0.2731062979947967	0.3393214948859251	0.0	0.0	0.0	1.7770351720337E-310	-13488.81781024114	3.85296393056801E307	5.204716263863466E307	9.305498290485791E307	9.604043258043268E307	5.83095822476769E307	3	4	1	7	4
437000	-19105.350956139155	-3423.200475784942	-15682.150480354212	-3423.200475784942	1.1708376325726313E308	Infinity	0.8035181107208297	0.13409533258568185	2.59279836941952	0.2731062979947967	0.13409533258568185	2.59279836941952	0.2731062979947967	0.2435383492952671	0.0	0.0	0.0	1.7917930841435E-310	-13488.70711683362	8.813004074844947E307	6.793021873213555E307	8.226584682143092E307	1.5400405190746348E308	6.570521287072795E307	2	4	4	5	4
438000	-19117.3340914605	-3430.9330236139476	-15686.401067846553	-3430.9330236139476	7.790324867846152E307	Infinity	0.8035181107208297	0.13409533258568185	2.59279836941952	0.2731062979947967	0.13409533258568185	2.59279836941952	0.2731062979947967	0.3256880827194502	0.0	0.0	0.0	2.8989388761206E-310	-13481.420531972579	4.0815327198272486E307	7.111203515346588E307	3.8322736407481724E307	4.113600155662759E307	4.894334773862534E307	5	1	3	4	6
439000	-19133.297025090727	-3444.840401712002	-15688.456623378726	-3444.840401712002	1.2082367846689237E308	Infinity	0.8035181107208297	0.13409533258568185	2.59279836941952	0.2731062979947967	0.13409533258568185	2.59279836941952	0.2731062979947967	0.2808830765443113	0.0	0.0	0.0	1.92440563836476E-310	-13492.426254683547	5.17536928468394E307	9.198811024398262E307	5.520863822775235E307	3.512819689254155E307	5.562113176362529E307	2	11	2	3	1
440000	-19099.415984251897	-3427.486105676551	-15671.929878575345	-3427.486105676551	3.4733925984330837E307	Infinity	0.8035181107208297	0.13409533258568185	2.59279836941952	0.2731062979947967	0.13409533258568185	2.59279836941952	0.2731062979947967	0.23695739815382108	0.0	0.0	0.0	4.38419303101404E-310	-13474.843757742668	4.171327408207582E307	5.590138883101615E307	7.929753671021763E307	2.946331360668589E307	5.165268116450312E307	8	5	2	3	1
441000	-19115.34941297085	-3422.9501085880383	-15692.399304382809	-3422.9501085880383	8.041139880202193E307	Infinity	0.8035181107208297	0.13409533258568185	2.59279836941952	0.2731062979947967	0.13409533258568185	2.59279836941952	0.2731062979947967	0.38320873657989885	0.0	0.0	0.0	2.387419573584E-310	-13484.441711031257	1.393989074031607E308	7.232333325332988E307	6.349312168471906E307	3.140448081694265E307	2.27536790214072E307	2	1	14	1	1
442000	-19095.86896005588	-3434.6724742140336	-15661.196485841845	-3434.6724742140336	6.921709600503936E307	Infinity	0.8035181107208297	0.13409533258568185	2.59279836941952	0.2731062979947967	0.13409533258568185	2.59279836941952	0.2731062979947967	0.16749846104659935	0.0	0.0	0.0	3.26767083057554E-310	-13482.440289713772	1.4111239596622762E308	1.1700746197739363E308	7.269489618019321E307	5.430749825574123E307	2.0498184308559192E307	2	3	12	1	1
443000	-19092.55695937538	-3433.3796032658897	-15659.17735610949	-3433.3796032658897	6.544835201981143E307	Infinity	0.8035181107208297	0.13409533258568185	2.59279836941952	0.2731062979947967	0.13409533258568185	2.59279836941952	0.2731062979947967	0.15582553086879167	0.0	0.0	0.0	3.0357541900614E-310	-13480.500437693667	5.832049542253314E307	3.105249411835974E307	5.268166072346137E307	1.2541187455285663E307	5.279963870073845E306	2	3	12	1	1
444000	-19099.983961183276	-3418.1382421132207	-15681.845719070054	-3418.1382421132207	8.314203652590992E307	Infinity	0.8035181107208297	0.13409533258568185	2.59279836941952	0.2731062979947967	0.13409533258568185	2.59279836941952	0.2731062979947967	0.21470072381205457	0.0	0.0	0.0	2.30228943938945E-310	-13490.541076540036	1.5808860697617403E308	1.6202921689435366E308	1.1684482682195271E308	1.2914911231818232E308	8.159229807841364E307	3	3	4	8	1
445000	-19099.454286236116	-3422.056368571218	-15677.397917664897	-3422.056368571218	1.0233802942224232E308	Infinity	0.8035181107208297	0.13409533258568185	2.59279836941952	0.2731062979947967	0.13409533258568185	2.59279836941952	0.2731062979947967	0.20819789945874945	0.0	0.0	0.0	1.42750394128386E-310	-13485.674329404068	2.987125895294291E307	7.035580329085853E307	1.5971895563250516E308	1.1551610310633056E308	4.0995556130238453E307	3	3	4	5	4
446000	-19082.66101709209	-3435.635583396846	-15647.025433695244	-3435.635583396846	1.122803535526373E308	Infinity	0.8187436563405589	0.13409533258568185	2.59279836941952	0.2731062979947967	0.13409533258568185	2.59279836941952	0.2731062979947967	0.07152303029715402	0.0	0.0	0.0	1.6414104556495E-310	-13488.622924994736	5.000500305363223E307	1.3953716000374753E308	1.4629231996327963E308	5.647171744934278E307	4.167126608029778E307	4	1	11	2	1
447000	-19104.49167512632	-3428.87445990302	-15675.6172152233	-3428.87445990302	1.3541828714044778E308	Infinity	0.8187436563405589	0.13409533258568185	2.59279836941952	0.2731062979947967	0.13409533258568185	2.59279836941952	0.2731062979947967	0.15059228428066052	0.0	0.0	0.0	1.43877773881197E-310	-13494.631068247736	1.421890608369254E308	9.785793689363517E307	1.45439586070127E308	7.927146374192855E307	1.2761814061143416E308	4	3	2	9	1
448000	-19072.05180625151	-3427.401398983271	-15644.650407268242	-3427.401398983271	6.639768066698332E307	Infinity	0.8187436563405589	0.13409533258568185	2.59279836941952	0.2731062979947967	0.13409533258568185	2.59279836941952	0.2731062979947967	0.09155770117436442	0.0	0.0	0.0	3.27151752850433E-310	-13483.489489600932	1.406905356249781E308	7.856024475204395E307	6.710371178204487E307	3.761898332814522E307	3.728503157956514E307	1	12	3	1	2
449000	-19101.05344098564	-3438.324955433654	-15662.728485551987	-3438.324955433654	8.880142496651811E307	Infinity	0.8187436563405589	0.13409533258568185	2.411932298051531	0.45397236936278534	0.13409533258568185	2.411932298051531	0.45397236936278534	0.14543177543929608	0.0	0.0	0.0	1.95814635940604E-310	-13492.15646844158	1.1348112512169604E308	4.718852277284367E307	6.688252637927044E307	9.926093961916552E307	6.071476992202129E307	10	4	1	3	1
450000	-19107.24609059366	-3429.947411865285	-15677.298678728377	-3429.947411865285	8.158232802536198E307	Infinity	0.8187436563405589	0.13409533258568185	2.411932298051531	0.45397236936278534	0.13409533258568185	2.411932298051531	0.45397236936278534	0.2556340951987806	0.0	0.0	0.0	2.16142169419513E-310	-13486.426555955255	7.189051910250156E307	6.528772502417237E307	8.246133720744941E307	2.1787507949744953E307	1.472796893903055E307	3	11	3	1	1
451000	-19122.748485099415	-3423.6485407346254	-15699.099944364789	-3423.6485407346254	5.559062502606162E307	Infinity	0.8187436563405589	0.13409533258568185	2.411932298051531	0.45397236936278534	0.13409533258568185	2.411932298051531	0.45397236936278534	0.39888088449507225	0.0	0.0	0.0	3.25853877987557E-310	-13483.0029391843	5.64533056818638E307	5.896307532127645E307	3.2788635055815483E307	7.135526597457347E307	2.272593169511485E307	6	7	3	2	1
452000	-19096.32781073401	-3425.623055367452	-15670.704755366556	-3425.623055367452	2.263431553294178E307	1.1615518077026254E308	0.8187436563405589	0.13409533258568185	2.251487446787542	0.6144172206267743	0.13409533258568185	2.251487446787542	0.6144172206267743	0.27391937300903335	1.02464809215674E-309	0.0	0.0	9.38247582826336E-310	-13466.967898054532	2.539870567161094E307	2.482358052915395E307	2.831084740151411E307	9.712709956228082E307	9.09009744490647E307	6	3	8	1	1
453000	-19087.028641436973	-3426.9590669362947	-15660.069574500678	-3426.9590669362947	1.9400503784017329E307	1.189259568823847E308	0.8187436563405589	0.13409533258568185	2.4728515913086246	0.3930530761056915	0.13409533258568185	2.4728515913086246	0.3930530761056915	0.2915018931751238	7.58119511498307E-310	0.0	0.0	7.20683261361144E-310	-13466.43372045789	3.26368829844745E307	2.971248807346164E307	2.5552369535015384E307	1.6065979241497515E307	8.732829365028432E306	6	7	2	3	1
454000	-19069.58742643729	-3425.1100673365495	-15644.477359100742	-3425.1100673365495	1.6705592153876384E307	1.0752949429744415E308	0.8187436563405589	0.13409533258568185	2.4728515913086246	0.3930530761056915	0.13409533258568185	2.4728515913086246	0.3930530761056915	0.18178375866863272	8.91649026204085E-310	0.0	0.0	8.8426528689936E-310	-13458.940645155428	1.4280931939909103E307	2.702098491904466E307	2.02739968315879E307	6.391067118143517E306	1.8660177043280915E306	10	3	2	2	2
455000	-19003.71302119675	-3424.6779874511058	-15579.035033745644	-3424.6779874511058	2.791440457474923E306	1.4251099460322352E307	0.7106652903009384	0.13409533258568185	2.4728515913086246	0.3930530761056915	0.13409533258568185	2.4728515913086246	0.3930530761056915	0.08769156938610688	6.523741796668923E-309	0.0	0.0	6.54879039750756E-309	-13423.97712937619	5.214049670837037E306	2.483094884206576E306	3.063015309566264E306	3.7070631529001884E306	4.534690983150091E306	2	5	8	2	2
456000	-19065.15639411226	-3446.1275110506836	-15619.028883061575	-3446.1275110506836	2.0102056010730894E306	9.653553212162655E306	0.7106652903009384	0.13409533258568185	2.565375259450544	0.300529407963772	0.13409533258568185	2.565375259450544	0.300529407963772	0.3584888190494704	1.3332717077792965E-308	0.0	0.0	1.3157220381429E-308	-13417.983717767347	7.712956198239284E306	1.1276530726120886E306	1.2934447484027596E306	1.278338759514529E306	1.6386684719588124E306	3	5	6	3	2
457000	-19018.32576630635	-3433.6167998824217	-15584.708966423928	-3433.6167998824217	9.386221053289933E305	5.731409276895897E306	0.7106652903009384	0.13409533258568185	2.565375259450544	0.300529407963772	0.13409533258568185	2.565375259450544	0.300529407963772	0.205101777295836	1.4069460630357763E-308	0.0	0.0	1.379945729732894E-308	-13409.236285729317	1.4111891007633964E306	1.0860220142733479E306	1.118070081878023E306	9.858112626149387E305	1.2999499398798421E306	2	1	7	4	5
458000	-19015.417191489476	-3424.5606112205355	-15590.85658026894	-3424.5606112205355	8.465851394758878E305	5.4403349924537546E306	0.7106652903009384	0.13409533258568185	2.565375259450544	0.300529407963772	0.13409533258568185	2.565375259450544	0.300529407963772	0.22331652039123656	1.986187258132574E-308	0.0	0.0	1.9423998700378814E-308	-13407.31890937046	3.533960445722694E306	1.9853630984475823E306	1.1303347009552635E306	2.5125071314887143E306	1.270507939079074E306	3	1	7	4	4
459000	-19034.25432636671	-3436.5088974237124	-15597.745428942997	-3436.5088974237124	1.8512062705169946E306	8.879314440285929E306	0.7106652903009384	0.13409533258568185	2.565375259450544	0.300529407963772	0.13409533258568185	2.565375259450544	0.300529407963772	0.23848294225937255	1.141758242157074E-308	0.0	0.0	1.280238951826742E-308	-13413.186054769247	1.9833549888898397E306	1.3425715532292023E306	1.427310830555927E306	1.4690405958669145E306	9.618636613467978E305	3	3	6	3	4
460000	-19025.220643212346	-3437.580998364049	-15587.639644848296	-3437.580998364049	7.253900063863654E305	4.5344078653077454E306	0.7106652903009384	0.13409533258568185	2.565375259450544	0.300529407963772	0.13409533258568185	2.565375259450544	0.300529407963772	0.29810690484502084	2.6590144233340517E-308	0.0	0.0	2.656335314761375E-308	-13404.213839447188	2.6660729471880448E306	1.3502960781931452E306	8.741372584617846E305	1.4332971419236353E306	3.053134815835881E305	3	5	5	5	1
461000	-19049.201402681636	-3442.2345062851496	-15606.966896396485	-3442.2345062851496	2.6339986646150645E306	1.4069081178211658E307	0.7106652903009384	0.13409533258568185	2.4358882707623675	0.4300163966519487	0.13409533258568185	2.4358882707623675	0.4300163966519487	0.2250837643646292	9.11663500276515E-309	0.0	0.0	8.31241917647313E-309	-13425.284665711162	4.285879889136985E306	2.891721235350085E306	1.2373775561840335E306	1.4412116566855196E306	3.237069627545727E305	1	7	5	5	1
462000	-19024.543953962904	-3435.523359697853	-15589.02059426505	-3435.523359697853	2.856902422808247E306	1.6724491510865005E307	0.7106652903009384	0.13409533258568185	2.4358882707623675	0.4300163966519487	0.13409533258568185	2.4358882707623675	0.4300163966519487	0.08776524752199089	5.791946737286177E-309	0.0	0.0	5.784513463771585E-309	-13428.621143933093	1.2923280823213958E307	3.992724814285538E306	1.8300329520053957E306	1.5004979182975486E306	4.5530734849289165E305	2	7	6	2	2
463000	-18973.470394611733	-3431.0653665259288	-15542.405028085805	-3431.0653665259288	1.2970442519700732E306	6.612996083400349E306	0.7106652903009384	0.13409533258568185	2.4358882707623675	0.4300163966519487	0.13409533258568185	2.4358882707623675	0.4300163966519487	0.053951744350390955	1.366098377118318E-308	0.0	0.0	1.3583980032489434E-308	-13412.659086319776	1.7638073336234805E306	2.2789821164414793E306	2.936044669252743E306	1.1822938778322235E306	8.211879736394103E305	1	7	8	2	1
464000	-18997.711362142767	-3435.582741464355	-15562.128620678413	-3435.582741464355	1.9755870415643738E306	1.0404702630084064E307	0.7106652903009384	0.13409533258568185	2.4358882707623675	0.4300163966519487	0.13409533258568185	2.4358882707623675	0.4300163966519487	0.09478561894351387	1.1043631072219784E-308	0.0	0.0	1.096675917030367E-308	-13418.245642118265	3.6426391976661895E306	2.216349080394312E306	2.3069574258871923E306	8.174076130462941E305	7.307441454634762E305	2	8	5	1	3
465000	-19010.39764172603	-3425.964575033442	-15584.433066692589	-3425.964575033442	3.120376551546354E306	1.6885544979466206E307	0.7106652903009384	0.13409533258568185	2.4358882707623675	0.4300163966519487	0.13409533258568185	2.4358882707623675	0.4300163966519487	0.12129281363591635	5.729702508935523E-309	0.0	0.0	5.71457598198243E-309	-13427.578519181854	2.3090022513156863E306	5.503448777387444E306	2.948435317980968E306	8.226333665739178E305	7.497946737908581E305	4	2	9	3	1
466000	-18985.13825053729	-3422.4734774912413	-15562.66477304605	-3422.4734774912413	2.114109947516774E306	1.0566631613165937E307	0.7106652903009384	0.13409533258568185	2.4358882707623675	0.4300163966519487	0.13409533258568185	2.4358882707623675	0.4300163966519487	0.08241085602800373	1.0080985292667865E-308	0.0	0.0	1.036709555338894E-308	-13416.449689782901	2.209923869164767E306	1.6046239714527892E306	1.6922021270326358E306	1.0715150067612829E306	2.9126002463055843E305	5	7	3	3	1
467000	-19053.964300795324	-3432.4560370162208	-15621.508263779102	-3432.4560370162208	3.110872847981506E306	1.745612513901466E307	0.7106652903009384	0.13409533258568185	2.6518999773700003	0.21400469004431605	0.13409533258568185	2.6518999773700003	0.21400469004431605	0.27710825744344536	6.167102746157603E-309	0.0	0.0	6.125525613967083E-309	-13430.086755039345	4.316185861933983E306	4.701167834225537E306	7.616939947062914E306	4.0234172071161034E306	1.6228405462522912E306	4	7	5	2	1
468000	-19038.161966766544	-3433.5826146160343	-15604.579352150507	-3433.5826146160343	1.1025809318064591E306	6.511183712640883E306	0.7106652903009384	0.13409533258568185	2.6518999773700003	0.21400469004431605	0.13409533258568185	2.6518999773700003	0.21400469004431605	0.34194164306677327	1.367334382184325E-308	0.0	0.0	1.3597221042237053E-308	-13403.504237173387	4.490966068198735E305	5.902244533566863E305	1.455736344402253E306	3.1964483150781345E305	2.8467142603505602E305	4	1	10	2	2
469000	-19010.244339387515	-3433.0843266454503	-15577.160012742064	-3433.0843266454503	5.814878581670988E305	2.9143424700189535E306	0.7106652903009384	0.13409533258568185	2.6518999773700003	0.21400469004431605	0.13409533258568185	2.6518999773700003	0.21400469004431605	0.25155389505327047	3.5455245782070753E-308	0.0	0.0	4.0275538782284095E-308	-13391.26422980997	5.299326024830802E305	1.5967017150609483E306	1.2868939787371304E306	5.298172098832804E305	3.722840525971915E305	9	2	4	2	2
470000	-19027.349898957444	-3428.3998735948	-15598.950025362643	-3428.3998735948	1.1881837868852392E306	6.499123136725748E306	0.7847642656555074	0.13409533258568185	2.6518999773700003	0.21400469004431605	0.13409533258568185	2.6518999773700003	0.21400469004431605	0.29772360520726504	1.8302356195941715E-308	0.0	0.0	1.752917935566117E-308	-13409.513070259707	7.65406230991812E305	1.4253152208924144E306	2.2747973334892272E306	6.989439272403075E305	1.0697567115441366E306	2	4	4	1	8
471000	-19020.371891697476	-3427.090890175644	-15593.281001521833	-3427.090890175644	5.256529015417384E306	2.50681758863834E307	0.7847642656555074	0.13409533258568185	2.6518999773700003	0.21400469004431605	0.13409533258568185	2.6518999773700003	0.21400469004431605	0.11437571084998314	5.490273467488816E-309	0.0	0.0	5.570627203331705E-309	-13431.01346906018	4.3217196793946946E306	3.338718458908289E306	2.7759993028979363E306	3.819860319593793E306	1.9902736637801807E306	2	3	3	8	3
472000	-19034.05147702049	-3421.1967519077753	-15612.854725112713	-3421.1967519077753	3.081009095683398E306	1.3878710127041986E307	0.7847642656555074	0.13409533258568185	2.6518999773700003	0.21400469004431605	0.13409533258568185	2.6518999773700003	0.21400469004431605	0.2801051562296906	7.439610203836683E-309	0.0	0.0	7.878275212784506E-309	-13420.213839759586	3.011859596334377E306	2.3631725291488118E306	1.2736576347811806E306	2.4959951223918578E306	1.804109604844003E306	1	3	4	2	9
473000	-19039.795763374397	-3436.7488006626027	-15603.046962711795	-3436.7488006626027	1.2262904295069199E306	5.5157210428178124E306	0.7847642656555074	0.13409533258568185	2.6518999773700003	0.21400469004431605	0.13409533258568185	2.6518999773700003	0.21400469004431605	0.3575437055533035	2.1327286576778275E-308	0.0	0.0	2.2462574070551124E-308	-13405.578485870152	1.671181309272376E306	6.63344556680661E305	1.330359889692832E306	2.0533823527524893E306	9.373640935456792E305	2	1	7	5	4
474000	-19027.329535961046	-3436.7806489034588	-15590.548887057586	-3436.7806489034588	1.3075135696717826E306	6.663570247073349E306	0.7847642656555074	0.13409533258568185	2.6518999773700003	0.21400469004431605	0.13409533258568185	2.6518999773700003	0.21400469004431605	0.1820851155357906	1.38541618908985E-308	0.0	0.0	1.4521075350275702E-308	-13411.385171879841	3.926494676044348E306	2.8229084443704236E306	7.300012872654413E305	7.735297239056E305	1.2981982908607786E306	3	1	1	8	6
475000	-18995.335989598032	-3444.1539755826584	-15551.182014015374	-3444.1539755826584	9.778193153825471E305	5.555406032917799E306	0.7847642656555074	0.13409533258568185	2.6518999773700003	0.21400469004431605	0.13409533258568185	2.6518999773700003	0.21400469004431605	0.06530943705389454	1.8230431300731365E-308	0.0	0.0	1.8358261257999427E-308	-13406.976866947136	3.6621464169058615E306	1.2295402199327625E306	8.585620559321464E305	1.2947234951379301E306	5.72445425850933E305	3	6	1	7	2
476000	-19008.40463186308	-3434.797651184992	-15573.606980678089	-3434.797651184992	9.17504768092685E305	4.3154283161590014E306	0.7847642656555074	0.13409533258568185	2.6518999773700003	0.21400469004431605	0.13409533258568185	2.6518999773700003	0.21400469004431605	0.16784843568436741	2.0632462935574878E-308	0.0	0.0	2.049954759607422E-308	-13400.012331509159	1.1510456209855219E306	9.015361032129356E305	6.608119633431451E305	1.2947234951379301E306	1.819359978249519E306	3	3	7	5	1
477000	-19027.748334632273	-3438.011346975375	-15589.736987656897	-3438.011346975375	8.58643064698822E305	5.047939959371657E306	0.7847642656555074	0.13409533258568185	2.522669948343116	0.3432347190712002	0.13409533258568185	2.522669948343116	0.3432347190712002	0.33626262200389845	1.9148609575942013E-308	0.0	0.0	2.112838021310729E-308	-13404.46408552712	1.505123339050878E306	6.9100190651429235E305	1.0647493512078018E306	8.421714995164005E305	3.699122072361469E305	3	8	3	4	1
478000	-19008.186512729553	-3430.4620254051865	-15577.724487324365	-3430.4620254051865	7.778725349384302E305	3.523460814114715E306	0.7847642656555074	0.13409533258568185	2.522669948343116	0.3432347190712002	0.13409533258568185	2.522669948343116	0.3432347190712002	0.3018419774190111	3.397893768070952E-308	0.0	0.0	3.759728254650335E-308	-13397.014951018118	1.9748624442412394E306	9.893586069758789E305	7.020187362818163E305	3.40423732942855E305	1.7018863458900154E305	1	10	3	4	1
479000	-19043.740629574866	-3430.549154341715	-15613.191475233152	-3430.549154341715	2.512765698840513E306	1.155140097836294E307	0.7847642656555074	0.13409533258568185	2.522669948343116	0.3432347190712002	0.13409533258568185	2.522669948343116	0.3432347190712002	0.32571652239609467	7.57623708419476E-309	0.0	0.0	7.74935141397621E-309	-13422.16089329237	2.2205314563266082E306	1.766633171764576E306	9.074908311493555E305	4.664882517498894E305	5.269049838507801E305	2	7	8	1	1
480000	-19042.33277327899	-3430.0213060210754	-15612.311467257914	-3430.0213060210754	1.9664851837283103E306	9.907459493722724E306	0.7847642656555074	0.13409533258568185	2.522669948343116	0.3432347190712002	0.13409533258568185	2.522669948343116	0.3432347190712002	0.34366929110052546	9.121290347391447E-309	0.0	0.0	8.72463019717707E-309	-13416.682120710779	2.3009023178361258E306	1.0893614190545715E306	3.8055582049133985E306	1.610875413795688E306	9.87813176587011E305	3	7	4	1	4
481000	-19031.94924641628	-3418.930281359403	-15613.018965056877	-3418.930281359403	1.0410149246674783E307	5.530122120127165E307	0.7237499894557176	0.13409533258568185	2.522669948343116	0.3432347190712002	0.13409533258568185	2.522669948343116	0.3432347190712002	0.12745625221990828	1.742452832799306E-309	0.0	0.0	1.683697488906583E-309	-13447.049640944311	1.993822208220785E307	5.153222056348517E306	8.202836802572521E306	1.538132677764281E307	5.460189705409919E306	1	5	2	8	3
482000	-19043.720243651747	-3424.80388627137	-15618.916357380378	-3424.80388627137	1.4075693936397198E307	6.443751127099178E307	0.7237499894557176	0.13409533258568185	2.522669948343116	0.3432347190712002	0.13409533258568185	2.522669948343116	0.3432347190712002	0.13283736855715317	1.890741560244994E-309	0.0	0.0	1.912861565553914E-309	-13448.958813125837	7.910533444407092E306	7.171819882912769E306	7.312447804705622E306	1.6704245212133846E307	7.099576410651191E306	1	5	2	7	4
483000	-19067.150172057234	-3436.835274753041	-15630.314897304193	-3436.835274753041	1.1561583326887243E307	5.325913430260992E307	0.7237499894557176	0.13409533258568185	2.522669948343116	0.3432347190712002	0.13409533258568185	2.522669948343116	0.3432347190712002	0.2141663341154024	2.007638294679103E-309	0.0	0.0	2.032359803835836E-309	-13444.80141318581	1.152123178102938E307	9.694381267306519E306	1.0317400137380877E307	1.8947999611167903E307	4.8455155173935704E306	5	5	1	3	5
484000	-19069.69536113401	-3430.664323662658	-15639.031037471352	-3430.664323662658	2.226556417733965E307	9.028749352642284E307	0.7237499894557176	0.13409533258568185	2.522669948343116	0.3432347190712002	0.13409533258568185	2.522669948343116	0.3432347190712002	0.20418475044470943	1.198491672510843E-309	0.0	0.0	1.284556098707875E-309	-13456.017600062472	2.0168358700896535E307	1.7169815973031849E307	1.6921428725226988E307	2.2901161012154754E307	1.4090236037986914E307	5	5	2	1	6
485000	-19052.62592681887	-3420.905924231013	-15631.720002587857	-3420.905924231013	4.156391266223732E307	Infinity	0.7237499894557176	0.13409533258568185	2.522669948343116	0.3432347190712002	0.13409533258568185	2.522669948343116	0.3432347190712002	0.12638370500483978	0.0	0.0	0.0	4.8799784290536E-310	-13468.86173085949	2.0943737533896584E307	1.745337631697765E307	3.3307431372473403E307	3.34458500989879E307	1.9793905868756577E307	4	4	6	4	1
486000	-19067.28225950396	-3430.9629380573083	-15636.319321446654	-3430.9629380573083	2.600806087471723E307	1.3059695372123648E308	0.7237499894557176	0.13409533258568185	2.4680494785219027	0.3978551888924135	0.13409533258568185	2.4680494785219027	0.3978551888924135	0.16790387436167203	7.07231969564297E-310	0.0	0.0	7.01552660738156E-310	-13463.651780411854	3.939220311598426E306	9.728993108886301E306	1.5973917220798673E307	2.01507619668061E307	1.008985861217582E307	3	1	6	3	6
487000	-19111.860867584342	-3433.5071681450263	-15678.353699439314	-3433.5071681450263	5.570859408613773E307	Infinity	0.7237499894557176	0.13409533258568185	2.4680494785219027	0.3978551888924135	0.13409533258568185	2.4680494785219027	0.3978551888924135	0.23156557022605953	0.0	0.0	0.0	4.1874027173327E-310	-13480.329919524342	1.7357606197411949E308	1.387881725496705E308	4.59338704295E307	5.5469542177035E307	2.3271346792109287E307	1	3	10	1	4
488000	-19127.817751356175	-3440.203703328327	-15687.614048027848	-3440.203703328327	8.493468836779959E307	Infinity	0.7237499894557176	0.13409533258568185	2.4680494785219027	0.3978551888924135	0.13409533258568185	2.4680494785219027	0.3978551888924135	0.21211735128681103	0.0	0.0	0.0	2.01056013219143E-310	-13487.681981558782	1.3009166396338669E308	8.259070976672982E307	7.865459547942606E307	1.3240869518410264E308	3.0456463230930185E307	2	6	1	6	4
489000	-19120.58902959451	-3425.5427518677097	-15695.0462777268	-3425.5427518677097	1.5096540903814062E308	Infinity	0.7237499894557176	0.13409533258568185	2.4680494785219027	0.3978551888924135	0.13409533258568185	2.4680494785219027	0.3978551888924135	0.20978419559123332	0.0	0.0	0.0	1.2863827753244E-310	-13502.368529722866	1.6732206323690514E308	1.546934954000168E308	1.3239569255019627E308	1.397881887201776E308	1.2358223207329325E308	6	2	8	1	2
490000	-19108.66456925036	-3426.760223084825	-15681.904346165533	-3426.760223084825	8.171881401165529E307	Infinity	0.7237499894557176	0.13409533258568185	2.4680494785219027	0.3978551888924135	0.13409533258568185	2.4680494785219027	0.3978551888924135	0.21885535343088605	0.0	0.0	0.0	2.161373258488E-310	-13490.874432886667	1.3427670876932046E308	1.2036141489343362E308	1.2839344497557335E308	1.3565007270539343E308	9.30927216859423E307	5	2	7	1	4
491000	-19118.44315013826	-3428.6806668907097	-15689.76248324755	-3428.6806668907097	1.0959847915428259E308	Infinity	0.7237499894557176	0.13409533258568185	2.4680494785219027	0.3978551888924135	0.13409533258568185	2.4680494785219027	0.3978551888924135	0.30669354637685337	0.0	0.0	0.0	1.92125104609176E-310	-13491.415635443358	7.947342350828992E307	8.654424633032347E307	5.78895397415631E307	9.2573448927372E307	7.424056033607038E307	4	5	2	4	4
492000	-19089.611326065602	-3433.5216684756	-15656.08965759	-3433.5216684756	6.072475212256625E307	Infinity	0.7237499894557176	0.13409533258568185	2.616233374387588	0.24967129302672836	0.13409533258568185	2.616233374387588	0.24967129302672836	0.13993978556641487	0.0	0.0	0.0	2.9021770033318E-310	-13483.277236953143	5.773351006028153E307	7.122116961536047E307	5.307193628742951E307	4.66412219125218E307	5.356564038787622E307	5	3	4	3	4
493000	-19086.140137031667	-3427.0966842501575	-15659.043452781509	-3427.0966842501575	1.4098228245965869E308	Infinity	0.7237499894557176	0.13409533258568185	2.616233374387588	0.24967129302672836	0.13409533258568185	2.616233374387588	0.24967129302672836	0.11951123990110547	0.0	0.0	0.0	1.6138302681213E-310	-13489.227905933887	5.535370078101211E307	1.1922015444361582E308	1.625143328197758E308	1.0313791613209535E308	8.742533580702226E307	9	4	1	1	4
494000	-19092.033045635457	-3426.9960504926585	-15665.036995142797	-3426.9960504926585	8.7278241939668E307	Infinity	0.7237499894557176	0.13409533258568185	2.616233374387588	0.24967129302672836	0.13409533258568185	2.616233374387588	0.24967129302672836	0.1067599232687509	0.0	0.0	0.0	1.9195488493391E-310	-13489.975430244793	7.1071440350282E307	5.002630089558931E307	7.269962959243748E307	1.2154244243855842E308	9.515721163404544E307	7	1	1	1	9
495000	-19097.245909602105	-3419.338170344051	-15677.907739258055	-3419.338170344051	1.1416435537796525E308	Infinity	0.7237499894557176	0.13409533258568185	2.616233374387588	0.24967129302672836	0.13409533258568185	2.616233374387588	0.24967129302672836	0.16463328908431318	0.0	0.0	0.0	1.91168352631267E-310	-13489.683937391708	5.149246071824206E307	1.0553176329234285E308	2.590068807812305E307	5.70359224429177E307	5.600958274376416E307	7	8	1	1	2
496000	-19074.161934230542	-3436.1051087215365	-15638.056825509007	-3436.1051087215365	5.030035115710378E307	Infinity	0.7237499894557176	0.13409533258568185	2.616233374387588	0.24967129302672836	0.13409533258568185	2.616233374387588	0.24967129302672836	0.10867998140231991	0.0	0.0	0.0	5.15243863523185E-310	-13474.28469146614	3.150058181549274E307	3.9823122836183446E307	1.6021218102912704E307	2.0341661009924774E307	2.341290232820155E307	5	10	1	1	2
497000	-19102.054466771184	-3440.979551715152	-15661.074915056031	-3440.979551715152	1.49231212828162E307	7.502703394786824E307	0.7237499894557176	0.13409533258568185	2.616233374387588	0.24967129302672836	0.13409533258568185	2.616233374387588	0.24967129302672836	0.26530526687685246	1.37452636953053E-309	0.0	0.0	1.27997970902106E-309	-13458.02201056723	2.8016628510902833E307	1.3626369949713693E307	2.0525168832632443E307	4.1497629634726586E307	5.211296970887555E307	8	7	1	1	2
498000	-19054.11067993423	-3433.963216281066	-15620.147463653166	-3433.963216281066	6.232475319957783E306	4.1936342470021847E307	0.7237499894557176	0.13409533258568185	2.616233374387588	0.24967129302672836	0.13409533258568185	2.616233374387588	0.24967129302672836	0.14870423727034854	2.436380070681004E-309	0.0	0.0	2.406339450650786E-309	-13446.048209515768	1.6090829171301325E307	7.632099455469856E306	9.523632006588121E306	3.741327029509756E306	1.4649202146533422E306	8	7	1	1	2
499000	-19123.496277756225	-3428.659542831922	-15694.836734924304	-3428.659542831922	1.6311789760685336E308	Infinity	0.7237499894557176	0.13409533258568185	2.616233374387588	0.24967129302672836	0.13409533258568185	2.616233374387588	0.24967129302672836	0.32121031616251067	0.0	0.0	0.0	1.89211351672757E-310	-13491.293385814337	8.284719766386253E307	9.91898883910376E307	1.0414648219234554E308	1.1520089123225594E308	1.5788288016481954E308	6	1	3	1	8
500000	-19125.46431036956	-3440.610490406221	-15684.853819963339	-3440.610490406221	1.3353153846983622E308	Infinity	0.6217272536728916	0.13409533258568185	2.616233374387588	0.24967129302672836	0.13409533258568185	2.616233374387588	0.24967129302672836	0.19767089244447722	0.0	0.0	0.0	1.82601587779503E-310	-13495.660343085281	1.0160324382826665E308	1.39819753016607E308	1.2039971502653258E308	1.3036804281644724E308	8.367121593086454E307	5	2	3	4	5
