#
#model:
#
#<?xml version="1.0" encoding="UTF-8" standalone="no"?><input id="posterior" spec="beast.base.inference.CompoundDistribution">
#    <distribution id="prior" spec="beast.base.inference.CompoundDistribution">
#        <distribution id="BayesianSkyline.t:HRTV_S_BEAST" spec="beast.base.evolution.tree.coalescent.BayesianSkyline">
#            <parameter dimension="5" id="bPopSizes.t:HRTV_S_BEAST" lower="0.0" name="popSizes" spec="beast.base.inference.parameter.RealParameter">380.0</parameter>
#            <groupSizes dimension="5" id="bGroupSizes.t:HRTV_S_BEAST" spec="beast.base.inference.parameter.IntegerParameter">1</groupSizes>
#            <treeIntervals id="BSPTreeIntervals.t:HRTV_S_BEAST" spec="beast.base.evolution.tree.TreeIntervals">
#                <tree id="Tree.t:HRTV_S_BEAST" spec="beast.base.evolution.tree.Tree">
#                    <trait id="dateTrait.t:HRTV_S_BEAST" spec="beast.base.evolution.tree.TraitSet" traitname="date" value="HRTV-23_T_S_2019=2019,HRTV-26_T_S_2019=2019,HRTV-404_T_S_2021=2021,HRTV-100_T_S_2022=2022,HRTV-187_T_S_2022=2022,HRTV-056F_T_S_2023=2023,HRTV-504_T_S_2019=2019,HRTV-432R_T_S_2023=2023,HRTV-642T_T_S_2023=2023,JX005843_H_S_MO_2009=2009,OQ688983.1_T_S_MO_2012=2012,OQ688989.1_T_S_MO_2012=2012,OQ688986.1_T_S_KS_2015=2015,OQ688993.1_H_S_OK_2017=2017,MZ440341_T_S_NY_2018=2018,MZ440344_T_S_NY_2018=2018,NC_024496_H_S_MO_2009=2009,KJ740146_H_S_TN_2013=2013,OQ688998.1_H_S_KY_2017=2017,OQ689001.1_H_S_MO_2017=2017">
#                        <taxa id="TaxonSet.HRTV_S_BEAST" spec="beast.base.evolution.alignment.TaxonSet">
#                        </taxa>
#                    </trait>
#                    <taxonset idref="TaxonSet.HRTV_S_BEAST"/>
#                </tree>
#            </treeIntervals>
#        </distribution>
#        <distribution id="MarkovChainedPopSizes.t:HRTV_S_BEAST" parameter="@bPopSizes.t:HRTV_S_BEAST" shape="1.5" spec="beast.base.inference.distribution.MarkovChainDistribution" useLogNormal="true"/>
#        <prior id="ORCRatePriorDistribution.c:HRTV_S_BEAST" name="distribution">
#            <parameter dimension="38" id="ORCRates.c:HRTV_S_BEAST" lower="1.0E-100" name="x" spec="beast.base.inference.parameter.RealParameter">0.5</parameter>
#            <LogNormal id="LogNormalDistributionModel.0" meanInRealSpace="true" name="distr">
#                <parameter estimate="false" id="RealParameter.2" name="M" spec="beast.base.inference.parameter.RealParameter">1.0</parameter>
#                <parameter id="ORCsigma.c:HRTV_S_BEAST" lower="0.0" name="S" spec="beast.base.inference.parameter.RealParameter">0.2</parameter>
#            </LogNormal>
#        </prior>
#        <prior id="ORCsigmaPrior.c:HRTV_S_BEAST" name="distribution" x="@ORCsigma.c:HRTV_S_BEAST">
#            <Gamma id="Gamma.0" name="distr">
#                <parameter estimate="false" id="RealParameter.3" name="alpha" spec="beast.base.inference.parameter.RealParameter">5.0</parameter>
#                <parameter estimate="false" id="RealParameter.4" name="beta" spec="beast.base.inference.parameter.RealParameter">0.05</parameter>
#            </Gamma>
#        </prior>
#        <prior id="ORCucldMeanPrior.c:HRTV_S_BEAST" name="distribution">
#            <parameter id="ORCucldMean.c:HRTV_S_BEAST" name="x" spec="beast.base.inference.parameter.RealParameter">0.0016226</parameter>
#            <Gamma id="Gamma.1" name="distr">
#                <alpha id="Function$Constant.1" spec="beast.base.core.Function$Constant" value="0.1"/>
#                <beta id="Function$Constant.2" spec="beast.base.core.Function$Constant" value="100.0"/>
#            </Gamma>
#        </prior>
#        <prior id="Standard_TPM3_rates_prior.s:HRTV_S_BEAST" name="distribution">
#            <parameter dimension="3" id="TPM3rates.s:HRTV_S_BEAST" lower="0.0" name="x" spec="beast.base.inference.parameter.RealParameter">1.0 1.0 1.0</parameter>
#            <distr id="Dirichlet.0" spec="beast.base.inference.distribution.Dirichlet">
#                <alpha id="Function$Constant.0" spec="beast.base.core.Function$Constant" value="1.0 1.0 1.0"/>
#            </distr>
#        </prior>
#        <prior id="PropInvariantPrior.s:HRTV_S_BEAST" name="distribution">
#            <parameter id="proportionInvariant.s:HRTV_S_BEAST" lower="0.0" name="x" spec="beast.base.inference.parameter.RealParameter" upper="1.0">0.769</parameter>
#            <Uniform id="Uniform.2" name="distr"/>
#        </prior>
#    </distribution>
#    <distribution id="likelihood" spec="beast.base.inference.CompoundDistribution" useThreads="true">
#        <distribution data="@HRTV_S_BEAST" id="treeLikelihood.HRTV_S_BEAST" spec="beast.base.evolution.likelihood.ThreadedTreeLikelihood" tree="@Tree.t:HRTV_S_BEAST">
#            <siteModel id="SiteModel.s:HRTV_S_BEAST" proportionInvariant="@proportionInvariant.s:HRTV_S_BEAST" spec="beast.base.evolution.sitemodel.SiteModel">
#                <parameter estimate="false" id="mutationRate.s:HRTV_S_BEAST" lower="0.0" name="mutationRate" spec="beast.base.inference.parameter.RealParameter">1.0</parameter>
#                <parameter estimate="false" id="gammaShape.s:HRTV_S_BEAST" lower="0.1" name="shape" spec="beast.base.inference.parameter.RealParameter">1.0</parameter>
#                <substModel id="Standard_TPM3.s:HRTV_S_BEAST" rates="@TPM3rates.s:HRTV_S_BEAST" spec="substmodels.nucleotide.TPM3"/>
#            </siteModel>
#            <branchRateModel clock.rate="@ORCucldMean.c:HRTV_S_BEAST" id="OptimisedRelaxedClock.c:HRTV_S_BEAST" rates="@ORCRates.c:HRTV_S_BEAST" spec="beast.base.evolution.branchratemodel.UCRelaxedClockModel" tree="@Tree.t:HRTV_S_BEAST">
#                <LogNormal S="@ORCsigma.c:HRTV_S_BEAST" id="ORCLogNormalDistributionModel.c:HRTV_S_BEAST" meanInRealSpace="true" name="distr">
#                    <parameter estimate="false" id="RealParameter.1" name="M" spec="beast.base.inference.parameter.RealParameter">1.0</parameter>
#                </LogNormal>
#            </branchRateModel>
#        </distribution>
#    </distribution>
#</input>
#
Sample	posterior	likelihood	prior	treeLikelihood	Tree.height	Tree.treeLength	proportionInvariant	RateAC-Standard_TPM3	RateAG-Standard_TPM3	RateAT-Standard_TPM3	RateCG-Standard_TPM3	RateCT-Standard_TPM3	RateGT-Standard_TPM3	ORCsigma	ORCRatesStat.mean	ORCRatesStat.variance	ORCRatesStat.coefficientOfVariation	ORCucldMean	BayesianSkyline	bPopSizes.1	bPopSizes.2	bPopSizes.3	bPopSizes.4	bPopSizes.5	bGroupSizes.1	bGroupSizes.2	bGroupSizes.3	bGroupSizes.4	bGroupSizes.5
0	-19170.20518948494	-3475.9380336824424	-15694.267155802498	-3475.9380336824424	1.1453882289132942E308	Infinity	0.8565922601195279	0.09374278844401074	2.6421294494919527	0.2641277620640291	0.09374278844401074	2.6421294494919527	0.2641277620640291	0.2637272378550988	0.0	0.0	0.0	1.167127668009E-310	-13496.82108298942	1.0369440954088938E308	1.7933566088933025E308	9.672370381909198E307	5.968794820667092E307	1.839872481006153E307	5	2	10	1	1
1000	-19136.53104388601	-3502.0231329334606	-15634.50791095255	-3502.0231329334606	7.985350070665595E307	Infinity	0.8565922601195279	0.09374278844401074	2.6421294494919527	0.2641277620640291	0.09374278844401074	2.6421294494919527	0.2641277620640291	0.06638635212788868	0.0	0.0	0.0	2.72702162581504E-310	-13491.083507189118	6.53821607662479E307	1.4824305090747911E308	1.0446967652658178E308	4.250818152553949E307	2.0814902590013607E307	6	2	8	1	2
2000	-19087.294866128446	-3467.4565372382594	-15619.838328890188	-3467.4565372382594	8.404595674594771E307	Infinity	0.8565922601195279	0.09374278844401074	2.6421294494919527	0.2641277620640291	0.09374278844401074	2.6421294494919527	0.2641277620640291	0.029965744452663538	0.0	0.0	0.0	2.1568738893754E-310	-13490.672248756731	4.099282006688971E307	6.659573911431568E307	7.053091426718897E307	5.126314957424416E307	8.386307204756295E307	4	7	4	3	1
3000	-19135.3780451284	-3488.9297505043214	-15646.448294624079	-3488.9297505043214	6.522475869704996E307	Infinity	0.8565922601195279	0.09374278844401074	2.6421294494919527	0.2641277620640291	0.09374278844401074	2.6421294494919527	0.2641277620640291	0.1126750836354867	0.0	0.0	0.0	3.40848053785507E-310	-13482.221264605496	8.091495469056712E307	6.132656252952663E307	7.217488473469984E307	8.168279738780205E307	6.112046958410724E306	6	8	1	2	2
4000	-19169.92676051458	-3508.7261936446994	-15661.20056686988	-3508.7261936446994	1.3216162569504723E308	Infinity	0.8565922601195279	0.09374278844401074	2.6421294494919527	0.2641277620640291	0.09374278844401074	2.6421294494919527	0.2641277620640291	0.08685258577977986	0.0	0.0	0.0	1.63780574590143E-310	-13495.45280964479	9.322916838732474E307	3.7654921558470123E307	9.335357392006642E307	1.665832622614387E308	9.281816588716723E307	8	2	3	3	3
5000	-19119.602344767198	-3477.2720156304335	-15642.330329136765	-3477.2720156304335	7.941492814015137E307	Infinity	0.8565922601195279	0.09374278844401074	2.6421294494919527	0.2641277620640291	0.09374278844401074	2.6421294494919527	0.2641277620640291	0.09625198219203518	0.0	0.0	0.0	3.2003182587101E-310	-13488.139659822857	1.1999278071657372E308	7.467382437851512E307	7.809983118245391E307	9.836074551506782E307	6.222354326506458E307	6	2	2	3	6
6000	-19172.31238995263	-3491.0805288136244	-15681.231861139006	-3491.0805288136244	2.518947602255459E307	1.4433791263216813E308	0.8565922601195279	0.12216183002476072	2.6421294494919527	0.23570872048327912	0.12216183002476072	2.6421294494919527	0.23570872048327912	0.33302598815613577	8.88778302508026E-310	0.0	0.0	8.9633592828219E-310	-13472.581005746239	7.400910857998643E307	7.746093887803699E307	3.2901824142840115E307	6.927553938000207E307	3.836506726214841E307	8	1	2	1	7
7000	-19167.59159962813	-3495.6177140963687	-15671.97388553176	-3495.6177140963687	6.166007682674638E307	Infinity	0.8565922601195279	0.12216183002476072	2.6421294494919527	0.23570872048327912	0.12216183002476072	2.6421294494919527	0.23570872048327912	0.22341103299161236	0.0	0.0	0.0	3.54861462071227E-310	-13484.921765120242	1.0960933846788248E308	4.4153539149408306E307	3.499010438935483E307	5.115941042877489E307	4.263394758394725E307	7	5	1	2	4
8000	-19155.874155402515	-3493.93328428054	-15661.940871121975	-3493.93328428054	2.936074819455791E307	1.7493598871888397E308	0.8565922601195279	0.12216183002476072	2.6421294494919527	0.23570872048327912	0.12216183002476072	2.6421294494919527	0.23570872048327912	0.19956858616588008	6.0230797377675E-310	0.0	0.0	5.96052344711177E-310	-13473.475013340134	4.817782033681224E307	4.1896142835471165E307	5.279985328483721E307	1.8390262138495153E307	1.1032526841459583E307	4	4	5	5	1
9000	-19240.494131185602	-3520.452934003202	-15720.0411971824	-3520.452934003202	7.629621204008908E307	Infinity	0.8565922601195279	0.12216183002476072	2.6421294494919527	0.23570872048327912	0.12216183002476072	2.6421294494919527	0.23570872048327912	0.5542419156865737	0.0	0.0	0.0	3.32770814833874E-310	-13486.419761975114	1.1959030678835807E308	9.030030281868383E307	1.3409653043970231E308	6.07681991808445E307	6.231900217053249E307	1	6	2	5	5
10000	-19222.088396836174	-3498.8491979791456	-15723.239198857029	-3498.8491979791456	4.863316712331672E307	Infinity	0.8565922601195279	0.12216183002476072	2.6421294494919527	0.23570872048327912	0.12216183002476072	2.6421294494919527	0.23570872048327912	0.605448928704757	0.0	0.0	0.0	3.5512142485125E-310	-13480.871492140563	7.852680615579585E307	7.239441853886032E307	5.715538468397572E307	5.863814479487299E307	4.374793652809791E307	5	6	3	1	4
11000	-19117.343859246943	-3475.3948513591636	-15641.949007887779	-3475.3948513591636	5.12366443525881E307	Infinity	0.8565922601195279	0.07068677748459515	2.693604502032118	0.23570872048327912	0.07068677748459515	2.693604502032118	0.23570872048327912	0.10949827948022108	0.0	0.0	0.0	4.1515770672056E-310	-13480.886498797492	1.361558373449507E308	9.51064351236053E307	4.189742174175691E307	1.3713315310193338E307	1.186344374929411E307	1	5	5	5	3
12000	-19198.159953628732	-3504.728809447228	-15693.431144181504	-3504.728809447228	8.106856014086433E307	Infinity	0.8565922601195279	0.07068677748459515	2.693604502032118	0.23570872048327912	0.07068677748459515	2.693604502032118	0.23570872048327912	0.23254269882240247	0.0	0.0	0.0	3.05146902519356E-310	-13490.531174386473	1.5628526293544694E308	7.582020218903591E307	5.998114641314442E307	9.526897998991479E307	7.340640292215719E307	9	4	1	3	2
13000	-19183.060857683995	-3512.6639553172618	-15670.396902366732	-3512.6639553172618	5.304644243576454E307	Infinity	0.8565922601195279	0.07068677748459515	2.693604502032118	0.23570872048327912	0.07068677748459515	2.693604502032118	0.23570872048327912	0.17017576911498808	0.0	0.0	0.0	4.270901034288E-310	-13488.852321804714	7.424791020419256E307	7.35629193237266E307	4.607690885832308E307	4.930723852925686E307	8.113423701159264E307	6	7	3	1	2
14000	-19246.921523370387	-3566.6916824657033	-15680.229840904683	-3566.6916824657033	6.787132381342024E307	Infinity	0.8565922601195279	0.07068677748459515	2.693604502032118	0.23570872048327912	0.07068677748459515	2.693604502032118	0.23570872048327912	0.17017576911498808	0.0	0.0	0.0	2.1897115501353E-310	-13496.564544225468	1.1771009626020288E308	1.5514269620913657E308	7.493743684573735E307	7.62604619950581E307	4.973853148188627E307	4	8	2	3	2
15000	-19206.6148126955	-3503.858300511114	-15702.756512184387	-3503.858300511114	9.189556691626057E307	Infinity	0.8565922601195279	0.10475905767905933	2.693604502032118	0.20163644028881494	0.10475905767905933	2.693604502032118	0.20163644028881494	0.30782610837092367	0.0	0.0	0.0	1.3898946788847E-310	-13488.457825533904	1.1361469376311244E308	1.1522444747239003E308	3.8900128807096055E307	3.3181401377456483E307	9.684448191274964E307	1	4	2	5	7
16000	-19223.781498656153	-3519.4583978923697	-15704.323100763782	-3519.4583978923697	7.346478601266114E307	Infinity	0.8565922601195279	0.23504904810545432	2.563314511605723	0.20163644028881494	0.23504904810545432	2.563314511605723	0.20163644028881494	0.2981041453606167	0.0	0.0	0.0	2.1776498900691E-310	-13492.830010258504	1.573462689489969E308	5.522114665257577E307	9.176695010001074E307	1.400500873276868E308	9.855294821933149E307	9	2	3	3	2
17000	-19142.05970369367	-3483.0904767769525	-15658.969226916719	-3483.0904767769525	5.764188561608889E307	Infinity	0.8565922601195279	0.23504904810545432	2.563314511605723	0.20163644028881494	0.23504904810545432	2.563314511605723	0.20163644028881494	0.16954621559568206	0.0	0.0	0.0	4.17399709845303E-310	-13476.54839474991	3.627285919020658E307	3.755322315436769E307	5.574988754324759E307	5.746123334964618E307	4.532113740015274E307	9	5	1	2	2
18000	-19151.582372577224	-3477.038743117272	-15674.543629459953	-3477.038743117272	7.372275851154328E307	Infinity	0.6153588009138747	0.23504904810545432	2.563314511605723	0.20163644028881494	0.23504904810545432	2.563314511605723	0.20163644028881494	0.17533827001026805	0.0	0.0	0.0	3.71304024646575E-310	-13489.314711047859	9.144923240656559E307	6.222971532549725E307	1.3071294835931062E308	8.613000642824535E307	7.87551730076523E307	2	6	2	7	2
19000	-19131.255766430335	-3465.6787826161753	-15665.57698381416	-3465.6787826161753	3.7412363516532143E307	Infinity	0.6153588009138747	0.23504904810545432	2.3735088276991836	0.3914421241953544	0.23504904810545432	2.3735088276991836	0.3914421241953544	0.1880377620339508	0.0	0.0	0.0	4.12425771059565E-310	-13480.220597103378	1.117508037809291E308	1.0110037969398681E308	8.26270483914816E307	2.6301554655947503E307	8.309547171982827E306	2	3	8	5	1
20000	-19153.992303154184	-3481.2892311956302	-15672.703071958553	-3481.2892311956302	3.3009587573572717E307	Infinity	0.6153588009138747	0.1558920952219989	2.3735088276991836	0.4705990770788098	0.1558920952219989	2.3735088276991836	0.4705990770788098	0.25981438438856475	0.0	0.0	0.0	3.2268101706396E-310	-13481.35560303052	9.433946031209899E307	7.267031602712581E307	4.676630667160975E307	2.386392770430064E307	5.27322822943387E306	5	5	3	3	3
21000	-19131.876488479007	-3486.162470084861	-15645.714018394145	-3486.162470084861	9.201907592319274E306	6.68731602644621E307	0.6153588009138747	0.1558920952219989	2.3735088276991836	0.4705990770788098	0.1558920952219989	2.3735088276991836	0.4705990770788098	0.23308497738031358	1.449466417430257E-309	0.0	0.0	1.50004282102069E-309	-13458.91775310034	5.083712004791286E307	1.917140353046394E307	1.1301518790210598E307	9.213740968944581E306	2.0333475194759772E307	4	2	9	3	1
22000	-19122.832952968798	-3492.5083753881913	-15630.324577580606	-3492.5083753881913	1.494129387862746E307	7.617363515564506E307	0.6153588009138747	0.1558920952219989	2.3735088276991836	0.4705990770788098	0.1558920952219989	2.3735088276991836	0.4705990770788098	0.17569633805515525	1.76884250728696E-309	0.0	0.0	1.94779912622556E-309	-13453.540821715542	9.93108226984993E306	1.6014609967520263E307	1.8797537992616505E307	2.1871745703976756E307	7.94743786467489E306	1	6	6	2	4
23000	-19177.841976282147	-3511.3690966963823	-15666.472879585765	-3511.3690966963823	4.465604339431211E307	Infinity	0.6153588009138747	0.1558920952219989	2.3735088276991836	0.4705990770788098	0.1558920952219989	2.3735088276991836	0.4705990770788098	0.17612711238505374	0.0	0.0	0.0	6.5743884979979E-310	-13476.759072360688	1.4855867199116662E308	3.233448222266508E307	2.7857798156369667E307	1.0426455791050978E307	8.176242976025934E306	1	8	8	1	1
24000	-19178.51690139844	-3492.584493856445	-15685.932407541995	-3492.584493856445	2.853077889535523E307	Infinity	0.6153588009138747	0.1558920952219989	2.3735088276991836	0.4705990770788098	0.1558920952219989	2.3735088276991836	0.4705990770788098	0.30924935796791586	0.0	0.0	0.0	3.5820326706835E-310	-13478.714988349027	6.953347621410194E307	4.835335944539196E307	1.4377783087820355E307	2.8278465007772967E307	3.098636445728753E307	5	6	4	1	3
25000	-19192.327800133724	-3486.1726654441277	-15706.155134689596	-3486.1726654441277	2.4508147144046653E307	Infinity	0.6153588009138747	0.1558920952219989	2.3735088276991836	0.4705990770788098	0.1558920952219989	2.3735088276991836	0.4705990770788098	0.650016039165455	0.0	0.0	0.0	4.23490597344773E-310	-13476.526608774151	5.384947968081797E307	7.865402838971525E307	3.7887717571017453E307	6.06932751015644E307	2.685758060624881E307	4	5	3	4	3
26000	-19191.08226068261	-3512.0512902477244	-15679.030970434886	-3512.0512902477244	3.495979876356004E307	Infinity	0.6153588009138747	0.1558920952219989	2.3735088276991836	0.4705990770788098	0.1558920952219989	2.3735088276991836	0.4705990770788098	0.28588386724305587	0.0	0.0	0.0	3.57707961977096E-310	-13484.23440632623	6.733011771126961E307	3.163402478071416E307	6.667846924424837E307	2.664024520201826E307	6.189970751321417E306	1	3	10	2	3
27000	-19188.90015638264	-3500.333184040777	-15688.566972341863	-3500.333184040777	2.756900076355244E307	1.792714468004311E308	0.6153588009138747	0.1558920952219989	2.3735088276991836	0.4705990770788098	0.1558920952219989	2.3735088276991836	0.4705990770788098	0.3285711852449229	6.41189139755815E-310	0.0	0.0	7.36015816679983E-310	-13476.67730233633	1.237840654123497E308	6.063199929716241E307	4.3844927245458904E307	1.790661780219325E307	1.0531487737973152E307	6	6	5	1	1
28000	-19201.119210163284	-3542.705976063846	-15658.41323409944	-3542.705976063846	2.5449927408074247E307	Infinity	0.6153588009138747	0.3350211691088347	2.3735088276991836	0.29147000319197397	0.3350211691088347	2.3735088276991836	0.29147000319197397	0.16869583777140357	0.0	0.0	0.0	6.92069504442644E-310	-13478.539419826153	1.2108707527073486E308	4.892340976337491E307	5.029519564658504E307	4.95900853664062E307	1.672011153349017E308	5	3	4	6	1
29000	-19146.591542679806	-3492.0304409918795	-15654.561101687927	-3492.0304409918795	2.320940452195936E307	1.718309069698584E308	0.6153588009138747	0.3350211691088347	2.3735088276991836	0.29147000319197397	0.3350211691088347	2.3735088276991836	0.29147000319197397	0.13978904546003326	5.91261595541217E-310	0.0	0.0	5.7207413211949E-310	-13472.321656302245	1.4695943804827782E308	6.242899556719083E307	2.0442354429440347E307	3.8017141593769303E307	6.49593717977924E306	3	3	4	6	3
30000	-19207.59039518724	-3528.4565852714013	-15679.133809915837	-3528.4565852714013	4.3157872554255154E307	Infinity	0.6153588009138747	0.3350211691088347	2.3735088276991836	0.29147000319197397	0.3350211691088347	2.3735088276991836	0.29147000319197397	0.2431072742331094	0.0	0.0	0.0	2.91887790076135E-310	-13480.362286341355	7.549487027169339E307	3.364735937316989E307	3.379042860213136E307	4.507416019236851E307	6.115714734529316E307	3	2	6	3	5
31000	-19182.415279064462	-3492.304439796305	-15690.110839268156	-3492.304439796305	1.5095477777640174E307	9.790575859647635E307	0.6153588009138747	0.05915082799754928	2.4599657453951917	0.48088342660725125	0.05915082799754928	2.4599657453951917	0.48088342660725125	0.5419002447059871	1.227404978575917E-309	0.0	0.0	1.42146256461611E-309	-13462.682561042373	1.2865804231167317E307	1.1526118501688924E307	5.590855085637547E307	1.6506481964297493E307	2.4000346935688557E307	7	2	1	2	7
32000	-19160.184052095105	-3488.1882247140943	-15671.995827381012	-3488.1882247140943	2.3205565288869205E307	1.0976023971184518E308	0.6153588009138747	0.05915082799754928	2.4599657453951917	0.48088342660725125	0.05915082799754928	2.4599657453951917	0.48088342660725125	0.3695384561652899	8.20276242828435E-310	0.0	0.0	1.057098690090734E-309	-13458.423373769878	6.263935817813353E307	1.926238609000597E307	1.0716540496837584E307	1.4100545442013342E307	2.1927847891387406E307	1	1	10	5	2
33000	-19100.24317410848	-3462.222594493497	-15638.020579614984	-3462.222594493497	5.586212121706141E306	3.4291220364243273E307	0.6153588009138747	0.05915082799754928	2.4599657453951917	0.48088342660725125	0.05915082799754928	2.4599657453951917	0.48088342660725125	0.2904940544764174	2.96380155335677E-309	0.0	0.0	3.113057768591456E-309	-13439.568768831188	6.448543765519079E306	6.882132547100789E306	1.0080173023591529E307	4.1477348074097163E306	1.4649487262950964E306	6	4	6	1	2
34000	-19111.273613715337	-3472.436722771782	-15638.836890943554	-3472.436722771782	1.9142009266429055E307	1.0827098438478326E308	0.6153588009138747	0.05915082799754928	2.653293638940496	0.28755553306194676	0.05915082799754928	2.653293638940496	0.28755553306194676	0.19624248069389255	9.32942444779826E-310	0.0	0.0	9.408875013935E-310	-13464.708227823145	4.1396041187488E307	2.8458403067567936E307	2.620519433908855E307	2.2495922271699863E307	1.2485772405850686E307	6	4	4	1	4
35000	-19126.924629634785	-3472.065183860054	-15654.859445774731	-3472.065183860054	1.353045416040955E307	7.760875530147151E307	0.6153588009138747	0.05915082799754928	2.653293638940496	0.28755553306194676	0.05915082799754928	2.653293638940496	0.28755553306194676	0.2781163408277287	1.63428348287689E-309	0.0	0.0	1.74420966052179E-309	-13455.772608712126	9.120353211885668E306	1.0251287519784978E307	2.2732913738991784E307	7.548700219370928E306	3.5441374201542656E306	2	3	8	4	2
36000	-19095.517108103915	-3463.745119241741	-15631.771988862174	-3463.745119241741	7.344539259746326E307	Infinity	0.6153588009138747	0.20567503010176563	2.50676943683628	0.28755553306194676	0.20567503010176563	2.50676943683628	0.28755553306194676	0.07042746802508859	0.0	0.0	0.0	2.11468662802575E-310	-13485.950260959846	6.015223611594042E307	3.5652515746603263E307	6.949644430741777E307	2.978667058862789E307	1.9580374017663553E307	9	3	1	4	2
37000	-19141.223814663084	-3477.9670450808712	-15663.256769582213	-3477.9670450808712	2.7855780272011577E307	1.7011857962709117E308	0.6153588009138747	0.20567503010176563	2.50676943683628	0.28755553306194676	0.20567503010176563	2.50676943683628	0.28755553306194676	0.21197464569556063	6.28583897207743E-310	0.0	0.0	6.05166922573534E-310	-13475.25787729485	3.297281896422584E307	3.9722645284045896E307	3.0505829832757487E307	4.297434948506334E307	5.569953590155522E307	8	1	2	3	5
38000	-19109.506146375083	-3440.8970898091034	-15668.60905656598	-3440.8970898091034	5.434883690600419E307	Infinity	0.6153588009138747	0.20567503010176563	2.50676943683628	0.28755553306194676	0.20567503010176563	2.50676943683628	0.28755553306194676	0.19762827528463145	0.0	0.0	0.0	2.9670643827514E-310	-13477.143814040843	4.816500892577088E307	8.5339407926987E307	3.2835971169841405E307	4.810642730535114E307	3.596728688573083E307	8	1	8	1	1
39000	-19139.704841302002	-3464.324580383986	-15675.380260918015	-3464.324580383986	6.201534147441329E307	Infinity	0.6153588009138747	0.20567503010176563	2.50676943683628	0.28755553306194676	0.20567503010176563	2.50676943683628	0.28755553306194676	0.18868955756247843	0.0	0.0	0.0	3.95577049368097E-310	-13491.972107458092	1.0345401670558528E308	5.166494631704339E307	4.780950376088218E307	4.512258286391094E307	1.990011160614882E307	8	7	1	2	1
40000	-19162.556090880997	-3463.76940762622	-15698.786683254775	-3463.76940762622	7.786423960186213E307	Infinity	0.6153588009138747	0.20567503010176563	2.50676943683628	0.28755553306194676	0.20567503010176563	2.50676943683628	0.28755553306194676	0.32166385606846304	0.0	0.0	0.0	2.36999257542176E-310	-13491.673686021288	1.4301265227567735E308	1.105913288217011E308	1.4498366518084092E308	6.107759999603913E307	1.0034455318696433E308	6	7	2	3	1
41000	-19165.25556024669	-3461.4880162318746	-15703.767544014814	-3461.4880162318746	1.1139456526748016E308	Infinity	0.6153588009138747	0.20567503010176563	2.50676943683628	0.28755553306194676	0.20567503010176563	2.50676943683628	0.28755553306194676	0.3845389700328297	0.0	0.0	0.0	2.5195050734645E-310	-13492.710832569726	1.142374239002252E308	4.733309659553045E307	8.836359687707742E307	3.6907877345459926E307	7.491667449981256E307	3	3	5	2	6
42000	-19141.00086657557	-3473.4892210082107	-15667.51164556736	-3473.4892210082107	7.684666241169531E307	Infinity	0.8413362056984599	0.20567503010176563	2.50676943683628	0.28755553306194676	0.20567503010176563	2.50676943683628	0.28755553306194676	0.19901359429421095	0.0	0.0	0.0	2.1919898850436E-310	-13486.85090427157	8.619907387710772E307	6.684975759711106E307	2.18152075107695E307	3.514440403524756E307	5.176615783479559E307	12	1	1	2	3
43000	-19155.555813597683	-3491.4367950140327	-15664.119018583651	-3491.4367950140327	1.3438267311961038E308	Infinity	0.8413362056984599	0.20567503010176563	2.50676943683628	0.28755553306194676	0.20567503010176563	2.50676943683628	0.28755553306194676	0.13438163916480803	0.0	0.0	0.0	2.1305137816234E-310	-13495.951918543076	1.1606518309419469E308	1.0886831762891596E308	1.3846424169630471E308	6.675221407451825E307	4.612235312975157E307	8	1	2	4	4
44000	-19143.126184666693	-3468.3370544230356	-15674.789130243656	-3468.3370544230356	9.353254171259159E307	Infinity	0.8413362056984599	0.035483097430809074	2.4023179571330466	0.5621989454361367	0.035483097430809074	2.4023179571330466	0.5621989454361367	0.16213362084698846	0.0	0.0	0.0	1.5004600998183E-310	-13490.120648484724	7.930612800549142E307	1.0886831762891596E308	1.2134489222765151E308	1.495336752005058E308	6.708330792605777E307	3	7	1	5	3
45000	-19130.43517373137	-3452.2294353281613	-15678.205738403207	-3452.2294353281613	1.1272421775276422E308	Infinity	0.8413362056984599	0.035483097430809074	2.4023179571330466	0.5621989454361367	0.035483097430809074	2.4023179571330466	0.5621989454361367	0.15414585834162747	0.0	0.0	0.0	1.29397339685694E-310	-13493.412113991213	7.88275529097541E307	6.825593276308691E307	3.7583305714025454E307	1.1695344078174746E308	6.884993064441176E307	2	5	1	9	2
46000	-19113.06786291347	-3463.662983605464	-15649.404879308007	-3463.662983605464	7.399987630341018E307	Infinity	0.8413362056984599	0.035483097430809074	2.4023179571330466	0.5621989454361367	0.035483097430809074	2.4023179571330466	0.5621989454361367	0.1494495246610345	0.0	0.0	0.0	2.5038199158258E-310	-13478.797164784422	6.120182944763708E307	5.057217079966068E307	6.525206146571447E307	4.563377576943164E307	1.8157338017239906E307	6	2	7	2	2
47000	-19167.277800072206	-3492.5922003531964	-15674.68559971901	-3492.5922003531964	5.983323054493259E307	Infinity	0.8413362056984599	0.035483097430809074	2.4023179571330466	0.5621989454361367	0.035483097430809074	2.4023179571330466	0.5621989454361367	0.18378028995546272	0.0	0.0	0.0	3.3335373441595E-310	-13478.270765034196	2.727639730604448E307	2.7807760387406713E307	6.525206146571447E307	5.238854918973427E307	2.4486435753377106E307	6	5	4	2	2
48000	-19156.912323792087	-3510.8270543241238	-15646.085269467963	-3510.8270543241238	8.186850398396507E307	Infinity	0.8413362056984599	0.2140504722163407	2.4023179571330466	0.38363157065060505	0.2140504722163407	2.4023179571330466	0.38363157065060505	0.06067565436333714	0.0	0.0	0.0	3.7193952873867E-310	-13490.130917796661	1.1238793987942458E308	7.700818679085051E307	7.184403923756473E307	1.0922753466743084E308	9.17830472650182E307	7	1	3	6	2
49000	-19156.44569844205	-3506.9972756286966	-15649.448422813353	-3506.9972756286966	3.0816113396848024E307	Infinity	0.8413362056984599	0.2140504722163407	2.4023179571330466	0.38363157065060505	0.2140504722163407	2.4023179571330466	0.38363157065060505	0.1158051383632871	0.0	0.0	0.0	4.1129919000933E-310	-13477.787302938432	1.7526951123317416E308	6.697281988081997E307	6.388430612373878E307	5.093218935199746E307	3.9068039870684073E307	1	9	2	4	3
50000	-19170.300264229954	-3480.4329219158644	-15689.867342314088	-3480.4329219158644	1.394004365802221E308	Infinity	0.8413362056984599	0.2140504722163407	2.4023179571330466	0.38363157065060505	0.2140504722163407	2.4023179571330466	0.38363157065060505	0.19211954076488805	0.0	0.0	0.0	1.52467447740516E-310	-13500.475946720186	9.575017025712723E307	8.601188785322327E307	1.269129591585855E308	9.949137680022202E307	2.8335412847555503E307	6	3	5	2	3
51000	-19175.38674254916	-3509.0197441914543	-15666.366998357704	-3509.0197441914543	9.203981265874218E307	Infinity	0.8413362056984599	0.2140504722163407	2.4023179571330466	0.38363157065060505	0.2140504722163407	2.4023179571330466	0.38363157065060505	0.11547786445048608	0.0	0.0	0.0	2.1210009460222E-310	-13496.791863116992	9.401607313431206E307	1.5899323364841686E308	1.5840464770020973E308	5.297082078883974E307	1.5675481827824483E307	6	4	5	1	3
52000	-19181.52369867164	-3488.939735128267	-15692.583963543373	-3488.939735128267	7.08333145600867E307	Infinity	0.8413362056984599	0.020001716361669142	2.565971530597784	0.41402675304053915	0.020001716361669142	2.565971530597784	0.41402675304053915	0.27197119958696286	0.0	0.0	0.0	1.939368912709E-310	-13493.54320274147	1.0719795532184784E308	1.6264155927056526E308	1.0104633985258764E308	7.903371689766528E307	7.509982791013175E307	4	1	9	2	3
53000	-19125.99858920249	-3457.634430185017	-15668.364159017472	-3457.634430185017	2.276899288555194E307	1.4148073851946031E308	0.8413362056984599	0.020001716361669142	2.565971530597784	0.41402675304053915	0.020001716361669142	2.565971530597784	0.41402675304053915	0.23770790788409177	7.3547183353515E-310	0.0	0.0	7.03217632924282E-310	-13471.103959759144	3.671175084908169E307	3.394040019274223E307	6.967706604950491E307	2.247471258019029E307	2.101548434001143E307	8	3	2	3	3
54000	-19199.840021151864	-3534.370599487978	-15665.469421663885	-3534.370599487978	2.290602361654296E307	1.4625027514561184E308	0.8413362056984599	0.020001716361669142	2.565971530597784	0.41402675304053915	0.020001716361669142	2.565971530597784	0.41402675304053915	0.2826392048592989	5.99180471220824E-310	0.0	0.0	5.621976476325E-310	-13468.451542177787	1.1345679177711107E308	6.702931644045841E307	2.5368467276773556E307	9.432246278437004E306	1.8643784630244746E307	3	4	3	3	6
55000	-19158.183352269945	-3480.0209985316474	-15678.162353738297	-3480.0209985316474	2.581371617890787E307	1.673754039044886E308	0.8413362056984599	0.020001716361669142	2.565971530597784	0.41402675304053915	0.020001716361669142	2.565971530597784	0.41402675304053915	0.2883144181271494	5.85021147616997E-310	0.0	0.0	5.2231460105205E-310	-13480.957266637419	1.7716700570994038E308	8.764068302392741E307	8.218047493002522E307	3.7847854970914684E307	1.0991600271342127E307	10	1	5	1	2
56000	-19175.95597556881	-3481.801247795893	-15694.154727772919	-3481.801247795893	4.920237418228208E307	Infinity	0.8413362056984599	0.020001716361669142	2.565971530597784	0.41402675304053915	0.020001716361669142	2.565971530597784	0.41402675304053915	0.3519713846731463	0.0	0.0	0.0	2.67625267995826E-310	-13486.563552278913	9.213805607170762E307	4.748264194616619E307	1.110781069763942E308	4.728033843689473E307	2.1285188742266275E307	8	6	1	1	3
57000	-19172.614753391346	-3503.4709393533885	-15669.143814037956	-3503.4709393533885	3.986919984048942E307	1.7958608662937611E308	0.8413362056984599	0.2435691769718827	2.3424040699875706	0.41402675304053915	0.2435691769718827	2.3424040699875706	0.41402675304053915	0.23570910094194147	5.7165737383257E-310	0.0	0.0	5.69442006472687E-310	-13471.202590520235	3.1462173403506937E307	5.208895131273128E307	5.205659058529533E307	3.8369744110327566E307	1.4610192047530518E307	6	1	6	5	1
58000	-19112.807207902868	-3455.056922676615	-15657.750285226253	-3455.056922676615	7.04745271318509E307	Infinity	0.8413362056984599	0.2435691769718827	2.3424040699875706	0.41402675304053915	0.2435691769718827	2.3424040699875706	0.41402675304053915	0.15181089185510432	0.0	0.0	0.0	2.24513382362807E-310	-13483.324774432995	1.5091323096828055E308	7.142341691879316E307	9.665310414004522E307	5.384826052074788E307	2.0656682365512921E307	3	7	2	5	2
59000	-19197.052943301038	-3511.757959492527	-15685.29498380851	-3511.757959492527	4.784432689887445E307	Infinity	0.8413362056984599	0.2435691769718827	2.3424040699875706	0.41402675304053915	0.2435691769718827	2.3424040699875706	0.41402675304053915	0.2489541253700533	0.0	0.0	0.0	4.0030202529151E-310	-13489.34775455489	1.373657532171068E308	5.675664798796555E307	5.41327014392861E307	9.607774534464867E307	7.517691882025114E307	12	1	1	2	3
60000	-19179.41966796826	-3487.745003771706	-15691.674664196555	-3487.745003771706	1.1528496454095584E308	Infinity	0.8413362056984599	0.2435691769718827	2.3424040699875706	0.41402675304053915	0.2435691769718827	2.3424040699875706	0.41402675304053915	0.20149482818773679	0.0	0.0	0.0	1.27212798050223E-310	-13500.528834149736	9.05144284655768E307	1.157257045082441E308	1.106608645589055E308	1.29140204053001E308	1.1088299828688975E308	7	1	1	3	7
61000	-19181.681798359295	-3472.0721619760584	-15709.609636383238	-3472.0721619760584	9.974989298832975E307	Infinity	0.8413362056984599	0.2435691769718827	2.3424040699875706	0.41402675304053915	0.2435691769718827	2.3424040699875706	0.41402675304053915	0.4093510353802445	0.0	0.0	0.0	1.2242192638691E-310	-13496.988509590716	1.4941249900771612E308	8.372688485218985E307	7.577562236516751E307	1.3835464930914268E308	7.297950691394205E307	5	1	1	2	10
62000	-19190.926636606233	-3504.105277284372	-15686.821359321862	-3504.105277284372	4.0617728136946133E307	Infinity	0.8413362056984599	0.2435691769718827	2.3424040699875706	0.41402675304053915	0.2435691769718827	2.3424040699875706	0.41402675304053915	0.3070285890055977	0.0	0.0	0.0	3.6231334956502E-310	-13484.77070421199	7.099217300540638E307	1.0907756286931555E308	1.2360372200343714E308	3.972093377068026E307	4.919549897364984E307	8	1	2	2	6
63000	-19174.3494179885	-3508.974866095622	-15665.374551892875	-3508.974866095622	5.849131244729833E307	Infinity	0.8413362056984599	0.2435691769718827	2.3424040699875706	0.41402675304053915	0.2435691769718827	2.3424040699875706	0.41402675304053915	0.16246921150233845	0.0	0.0	0.0	4.47457516460054E-310	-13488.777116259429	9.103125143402827E307	9.314343841271846E307	6.388192302726351E307	3.447702395918989E307	5.447467170481925E307	5	1	3	8	2
64000	-19230.687905571307	-3541.891352806219	-15688.796552765089	-3541.891352806219	6.235510094801685E307	Infinity	0.8413362056984599	0.2435691769718827	2.3424040699875706	0.41402675304053915	0.2435691769718827	2.3424040699875706	0.41402675304053915	0.36540852907210686	0.0	0.0	0.0	2.81505332910614E-310	-13484.456948969428	7.53611785529435E307	1.0249778990003476E308	6.934369428046779E307	4.6433609417699E307	5.71704938415285E307	3	4	2	5	5
65000	-19147.556440507396	-3465.1013887441336	-15682.455051763262	-3465.1013887441336	5.186046810782425E307	Infinity	0.8413362056984599	0.2435691769718827	2.3424040699875706	0.41402675304053915	0.2435691769718827	2.3424040699875706	0.41402675304053915	0.2666728231950918	0.0	0.0	0.0	5.7769669057187E-310	-13479.821495651515	6.512368381504617E307	7.755486055232363E307	8.545864120462302E307	1.922242985097414E307	4.3277244028629053E307	3	1	4	5	6
66000	-19190.650801351698	-3494.7266075900393	-15695.924193761659	-3494.7266075900393	9.563650162861008E307	Infinity	0.8413362056984599	0.2435691769718827	2.3424040699875706	0.41402675304053915	0.2435691769718827	2.3424040699875706	0.41402675304053915	0.32824652307552277	0.0	0.0	0.0	3.5820010839215E-310	-13487.119539006111	1.3833552638856394E308	1.453918910918993E308	9.105579480247962E307	6.471048409881942E307	3.850623542994353E307	4	1	6	4	4
67000	-19147.197221889604	-3497.0645227489185	-15650.132699140686	-3497.0645227489185	6.456948734648652E307	Infinity	0.8413362056984599	0.2435691769718827	2.3424040699875706	0.41402675304053915	0.2435691769718827	2.3424040699875706	0.41402675304053915	0.12143499516218347	0.0	0.0	0.0	2.80696673637056E-310	-13484.453267801231	1.4772195785879147E308	1.1415652140976726E308	4.081375629129854E307	5.388876057789847E307	3.552832924949018E307	4	1	6	2	6
68000	-19195.635930555156	-3492.321887829297	-15703.31404272586	-3492.321887829297	5.345237209335826E307	Infinity	0.8413362056984599	0.2435691769718827	2.3424040699875706	0.41402675304053915	0.2435691769718827	2.3424040699875706	0.41402675304053915	0.42734359037147396	0.0	0.0	0.0	2.43546725459724E-310	-13490.140370974746	1.4880545510202644E308	7.649279081561956E307	4.927128695529061E307	3.943835799067369E307	3.214182562457116E307	4	1	5	3	6
69000	-19199.18125975586	-3503.212394297967	-15695.968865457895	-3503.212394297967	6.604224722494738E307	Infinity	0.8413362056984599	0.2435691769718827	2.3424040699875706	0.41402675304053915	0.2435691769718827	2.3424040699875706	0.41402675304053915	0.39108786999781814	0.0	0.0	0.0	3.63608038655135E-310	-13491.339763238433	6.648791438083875E307	6.149769991057504E307	9.637659978178845E307	6.051952999235223E307	1.2422218330815974E307	1	3	6	8	1
70000	-19181.820511007925	-3506.4642121963184	-15675.356298811606	-3506.4642121963184	1.5021648320631773E307	7.242158699465849E307	0.8413362056984599	0.2435691769718827	2.3424040699875706	0.41402675304053915	0.2435691769718827	2.3424040699875706	0.41402675304053915	0.4192296005951457	1.089764352553224E-309	0.0	0.0	1.012868349037853E-309	-13455.106162822258	9.112934548024895E307	4.2057869507468157E307	1.351365481687047E307	1.0241505065592081E307	3.979070548261447E306	1	2	5	8	3
71000	-19145.63840500272	-3499.8594053749775	-15645.778999627742	-3499.8594053749775	1.1570180324498493E307	7.468322337610998E307	0.8413362056984599	0.2435691769718827	2.3424040699875706	0.41402675304053915	0.2435691769718827	2.3424040699875706	0.41402675304053915	0.23824847271052346	1.707922139224114E-309	0.0	0.0	1.664996659254296E-309	-13457.918893262862	7.887161881840191E307	3.0722558352674195E307	1.5134958689318694E307	1.3888853838299437E307	7.969573495564729E306	1	4	8	4	2
72000	-19099.98590625441	-3474.8406714687576	-15625.145234785652	-3474.8406714687576	1.1195422346790585E307	5.745209227377953E307	0.8413362056984599	0.039574067147652714	2.5463991798118006	0.41402675304053915	0.039574067147652714	2.5463991798118006	0.41402675304053915	0.17843444774822353	1.90190487923033E-309	0.0	0.0	1.88230833654779E-309	-13449.027257348718	1.1363712324320309E307	1.1005582109240729E307	1.158450808460855E307	9.387156313058589E306	9.035616292921777E306	6	1	4	5	3
73000	-19072.59925421204	-3442.2231427945944	-15630.376111417447	-3442.2231427945944	1.191334187626731E307	5.076659377643158E307	0.8413362056984599	0.039574067147652714	2.5463991798118006	0.41402675304053915	0.039574067147652714	2.5463991798118006	0.41402675304053915	0.23103875321675374	1.990726357646585E-309	0.0	0.0	2.1932316170693E-309	-13441.667614581716	9.681881182988677E306	3.377570293181578E306	4.649939208948842E306	7.49600664989011E306	5.542413753976383E306	4	6	1	3	5
74000	-19175.703004983003	-3482.01301627997	-15693.689988703034	-3482.01301627997	5.838993793706639E307	Infinity	0.637163859898583	0.039574067147652714	2.5463991798118006	0.41402675304053915	0.039574067147652714	2.5463991798118006	0.41402675304053915	0.45147597056263766	0.0	0.0	0.0	3.191302076652E-310	-13479.452070498612	4.818379394768934E307	3.6693322669184983E307	6.298833924539706E307	4.3700102241634634E307	4.217614843426331E307	5	5	1	3	5
75000	-19142.753227242065	-3461.7526769871806	-15681.000550254885	-3461.7526769871806	3.619319448412644E307	Infinity	0.637163859898583	0.039574067147652714	2.5463991798118006	0.41402675304053915	0.039574067147652714	2.5463991798118006	0.41402675304053915	0.21509566440045777	0.0	0.0	0.0	4.48854190064665E-310	-13482.511460055697	8.979110845295627E307	7.831969763759291E307	9.365231020077235E307	6.171672121193482E307	1.8446692626737153E307	7	1	2	7	2
76000	-19113.5395380525	-3460.9878999846896	-15652.551638067811	-3460.9878999846896	2.1444812479522636E307	1.342466373791075E308	0.637163859898583	0.37414462315989305	2.21182862379956	0.41402675304053915	0.37414462315989305	2.21182862379956	0.41402675304053915	0.23329957258303438	7.6511223732877E-310	0.0	0.0	8.0992908807649E-310	-13469.255181525472	6.790999602500449E307	4.733412553951594E307	2.0904113345115326E307	7.532530256132353E306	4.515028133487459E306	5	9	2	1	2
77000	-19114.986305811886	-3500.5656967638765	-15614.42060904801	-3500.5656967638765	1.1737727464927395E307	6.399242180015373E307	0.637163859898583	0.37414462315989305	2.21182862379956	0.41402675304053915	0.37414462315989305	2.21182862379956	0.41402675304053915	0.13495140348891152	1.24863829429571E-309	0.0	0.0	1.3143991872481E-309	-13453.214967109947	2.2159249195216853E307	9.680061663022654E306	7.399406108805664E306	4.017957935777556E306	3.888165081074947E306	6	6	4	1	2
78000	-19112.426479331687	-3483.413912764878	-15629.012566566807	-3483.413912764878	6.964073274002174E306	3.72804666648387E307	0.637163859898583	0.37414462315989305	2.21182862379956	0.41402675304053915	0.37414462315989305	2.21182862379956	0.41402675304053915	0.2203637615974448	2.300572124241635E-309	0.0	0.0	2.226553077491966E-309	-13441.303209499325	1.0517421882190506E307	3.352255343935805E306	2.2934358677734197E306	6.180786504052828E306	8.346504964111656E306	5	3	1	2	8
79000	-19082.53157896519	-3491.0212028798082	-15591.510376085382	-3491.0212028798082	3.640226869421454E306	1.8920673391892465E307	0.637163859898583	0.37414462315989305	2.21182862379956	0.41402675304053915	0.37414462315989305	2.21182862379956	0.41402675304053915	0.1451339644783458	5.602115274860283E-309	0.0	0.0	5.718866260785045E-309	-13426.903841446067	7.401065831421098E306	3.9691042961887056E306	3.565151203468032E306	1.24594372186191E306	5.710902298390847E306	5	2	1	4	7
80000	-19099.928676066877	-3477.3237996519547	-15622.60487641492	-3477.3237996519547	4.2846958473156994E306	2.154686755236265E307	0.637163859898583	0.19410790329306696	2.391865343666386	0.41402675304053915	0.19410790329306696	2.391865343666386	0.41402675304053915	0.2885739393146216	5.33582332399107E-309	0.0	0.0	5.457690732145075E-309	-13430.238808605569	3.746254169370313E306	4.94671574207678E306	1.4949463213771896E306	3.212395949510396E306	2.858302925092998E306	4	3	2	1	9
81000	-19123.597290922648	-3497.164081127881	-15626.433209794764	-3497.164081127881	1.83297508750432E306	1.5574072276447068E307	0.637163859898583	0.19410790329306696	2.391865343666386	0.41402675304053915	0.19410790329306696	2.391865343666386	0.41402675304053915	0.37155253339652067	7.204890573661137E-309	0.0	0.0	7.47919832241576E-309	-13428.948280163055	1.1375918984864406E307	6.110227775759536E306	3.870046414707623E306	2.0491192144274546E306	6.503472612035634E305	3	1	10	2	3
82000	-19176.435014185743	-3523.26059529139	-15653.174418894354	-3523.26059529139	3.674311584591025E306	2.1854353361979163E307	0.637163859898583	0.26251132569549135	2.391865343666386	0.3456233306381148	0.26251132569549135	2.391865343666386	0.3456233306381148	0.4500696004755417	4.273278197114566E-309	0.0	0.0	3.96686596293779E-309	-13435.362852433662	1.9644204803181414E307	8.844007520374492E306	2.831013190267177E306	1.1728364383279456E307	6.713783116696779E306	3	1	10	2	3
83000	-19109.115353584606	-3487.3241786672206	-15621.791174917385	-3487.3241786672206	5.490575240770581E306	3.7156137231853853E307	0.637163859898583	0.26251132569549135	2.391865343666386	0.3456233306381148	0.26251132569549135	2.391865343666386	0.3456233306381148	0.21351167472281812	3.05541442635548E-309	0.0	0.0	3.120188262510344E-309	-13443.793797763132	1.2504389690942776E307	1.6222128150619313E307	4.214993908808688E306	2.431152108482414E306	2.3308668978258356E306	1	3	11	1	3
84000	-19152.906317577515	-3514.1188866443053	-15638.787430933211	-3514.1188866443053	1.0695676630273056E307	6.467862467083136E307	0.637163859898583	0.26251132569549135	2.391865343666386	0.3456233306381148	0.26251132569549135	2.391865343666386	0.3456233306381148	0.22006784397042603	1.01534802926579E-309	0.0	0.0	9.6549773686119E-310	-13454.579601495014	1.2683242150516816E307	1.3621639524497354E307	1.2345081469593338E307	1.1428472211482847E307	5.0771404595418066E306	9	3	4	1	2
85000	-19172.23324313824	-3503.588748731479	-15668.64449440676	-3503.588748731479	1.828100251994943E307	9.292333010589333E307	0.637163859898583	0.26251132569549135	2.391865343666386	0.3456233306381148	0.26251132569549135	2.391865343666386	0.3456233306381148	0.3873209666608486	1.12201426043045E-309	0.0	0.0	1.18176182408027E-309	-13455.004185608026	5.758583076286118E306	8.53535417522923E306	1.4835987679480545E307	1.6785085781281859E307	6.0085035338982E306	4	1	8	3	3
86000	-19092.19513270876	-3474.1503974188217	-15618.044735289937	-3474.1503974188217	5.522436634198595E306	2.9059830384918676E307	0.637163859898583	0.26251132569549135	2.391865343666386	0.3456233306381148	0.26251132569549135	2.391865343666386	0.3456233306381148	0.21549986964616016	3.33031479536283E-309	0.0	0.0	3.633979484453365E-309	-13436.31257706854	3.90716109363917E306	3.921739263491491E306	6.626735182304324E306	4.6667579472619874E306	6.164736413240178E306	3	3	5	2	6
87000	-19102.652937023915	-3466.0166121343746	-15636.636324889541	-3466.0166121343746	3.704666580777785E306	2.4072011169631416E307	0.637163859898583	0.26251132569549135	2.391865343666386	0.3456233306381148	0.26251132569549135	2.391865343666386	0.3456233306381148	0.3035430535909374	3.93203370155731E-309	0.0	0.0	3.89092959779473E-309	-13436.528422434925	8.29622132374632E306	5.843109995052173E306	6.901102818669032E306	7.598303997021624E306	2.3335816695675414E306	9	3	2	3	2
88000	-19091.026243876942	-3491.5278453613932	-15599.498398515549	-3491.5278453613932	4.981920009824757E306	2.601601139498111E307	0.637163859898583	0.26251132569549135	2.391865343666386	0.3456233306381148	0.26251132569549135	2.391865343666386	0.3456233306381148	0.13342213788610327	2.3724242253951E-309	0.0	0.0	2.31304048172166E-309	-13435.876982371325	5.715881660407337E306	3.1309673404478555E306	4.694782333476867E306	5.170388163725384E306	3.107502521733241E306	3	2	1	5	8
89000	-19110.815664028785	-3484.0958629665533	-15626.719801062232	-3484.0958629665533	1.0655991780934293E307	4.203598673333036E307	0.637163859898583	0.26251132569549135	2.391865343666386	0.3456233306381148	0.26251132569549135	2.391865343666386	0.3456233306381148	0.23370014514534257	1.81467842314667E-309	0.0	0.0	1.906986834204813E-309	-13442.756093057245	4.3769275698320926E306	5.794019654834198E306	4.267030653710498E306	4.3757663258858644E306	6.988889926646341E306	3	2	3	3	8
90000	-19136.1597204045	-3490.4229230778224	-15645.736797326676	-3490.4229230778224	9.96028605355166E306	6.784534238473845E307	0.4072558759785065	0.26251132569549135	2.391865343666386	0.3456233306381148	0.26251132569549135	2.391865343666386	0.3456233306381148	0.1992903681029206	1.3970541778108E-309	0.0	0.0	1.34174310963231E-309	-13457.63922935355	4.104216040226728E307	2.2002440239313187E307	1.16294487300305E307	1.348490821841513E307	8.953649509199238E306	2	2	8	4	3
91000	-19149.877130190373	-3492.3685267223605	-15657.508603468013	-3492.3685267223605	1.856098549392764E307	1.0722512935340265E308	0.6698109769281094	0.26251132569549135	2.391865343666386	0.3456233306381148	0.26251132569549135	2.391865343666386	0.3456233306381148	0.26008593398915325	1.29349884784642E-309	0.0	0.0	1.30839950789094E-309	-13466.475418456217	5.813819588786778E307	3.6821696767049724E307	2.130674283880067E307	1.6855716714298874E307	3.5737811175237395E307	3	5	4	1	6
92000	-19202.340771309326	-3513.2585995121517	-15689.082171797176	-3513.2585995121517	1.4031219969293041E308	Infinity	0.6698109769281094	0.26251132569549135	2.391865343666386	0.3456233306381148	0.26251132569549135	2.391865343666386	0.3456233306381148	0.17621451755876164	0.0	0.0	0.0	1.4447759346922E-310	-13499.661049554627	1.2289884882694353E308	1.4960515522182156E308	1.7946676725747967E308	1.1602518400257662E308	6.068045111672304E307	1	5	6	5	2
93000	-19191.130238486632	-3488.699148956074	-15702.431089530557	-3488.699148956074	6.263572605773482E307	Infinity	0.6698109769281094	0.26251132569549135	2.391865343666386	0.3456233306381148	0.26251132569549135	2.391865343666386	0.3456233306381148	0.46447986114476897	0.0	0.0	0.0	3.8241810125029E-310	-13488.705985866154	1.5648078513407096E308	8.121273138640796E307	5.487987387364743E307	8.348874979270296E307	9.332638292153747E307	4	5	3	4	3
94000	-19196.54094711683	-3537.28043066707	-15659.260516449762	-3537.28043066707	1.0597729219907827E307	1.0216898057910709E308	0.6698109769281094	0.26251132569549135	2.391865343666386	0.3456233306381148	0.26251132569549135	2.391865343666386	0.3456233306381148	0.2658976362159603	6.52140614999238E-310	0.0	0.0	6.52043818969757E-310	-13464.261789331536	1.5648078513407096E308	7.663237202553117E307	1.5928971624056144E307	1.1531291998580664E307	9.221974948574358E306	2	5	7	1	4
95000	-19208.398075913065	-3524.8525047351336	-15683.545571177932	-3524.8525047351336	2.787356464916911E307	Infinity	0.6698109769281094	0.26251132569549135	2.391865343666386	0.3456233306381148	0.26251132569549135	2.391865343666386	0.3456233306381148	0.3799180606975501	0.0	0.0	0.0	6.16805268645187E-310	-13477.204087064454	7.485443467699118E307	6.015104457720466E307	3.7934958648739045E307	3.628012412232998E307	2.034549555798805E307	2	10	2	2	3
96000	-19177.737832206545	-3509.873404034227	-15667.864428172317	-3509.873404034227	3.3062720865541104E307	Infinity	0.6698109769281094	0.26251132569549135	2.391865343666386	0.3456233306381148	0.26251132569549135	2.391865343666386	0.3456233306381148	0.26540836995037753	0.0	0.0	0.0	3.78001946544197E-310	-13474.492205509878	5.323762341424711E307	5.098548603926943E307	3.592140312697312E307	5.039675523407624E307	1.819895561406589E307	2	4	5	6	2
97000	-19145.41053615971	-3461.234067889556	-15684.176468270154	-3461.234067889556	1.263408186802467E308	Infinity	0.6698109769281094	0.26251132569549135	2.391865343666386	0.3456233306381148	0.26251132569549135	2.391865343666386	0.3456233306381148	0.18809627968577997	0.0	0.0	0.0	1.75853251372703E-310	-13496.417639893263	1.0557795000453293E308	1.1007315418192756E308	1.0644764373981784E308	1.2470988822357585E308	8.905898256590982E307	3	3	6	5	2
98000	-19177.437026699517	-3492.4953592480438	-15684.941667451474	-3492.4953592480438	8.560421741912705E307	Infinity	0.6698109769281094	0.26251132569549135	2.391865343666386	0.3456233306381148	0.26251132569549135	2.391865343666386	0.3456233306381148	0.15930028047061484	0.0	0.0	0.0	2.54477685833454E-310	-13492.267886708047	1.1080492374323772E308	1.6146198125141624E308	1.0163774310668646E308	1.2422100817271696E308	7.633442833263911E307	5	2	3	6	3
99000	-19151.832574502925	-3496.039987320298	-15655.792587182626	-3496.039987320298	3.008834418872209E307	1.657602433902511E308	0.6698109769281094	0.26251132569549135	2.391865343666386	0.3456233306381148	0.26251132569549135	2.391865343666386	0.3456233306381148	0.18037835043516812	6.09290005070584E-310	0.0	0.0	6.41009169320013E-310	-13471.004936557902	3.1243831312157446E307	3.334108936825271E307	5.085837518070648E307	9.623132406269634E307	4.307378767027422E307	8	1	3	3	4
100000	-19102.95535205368	-3460.010387840839	-15642.94496421284	-3460.010387840839	1.5408867176107645E307	9.663728382212375E307	0.6698109769281094	0.26251132569549135	2.391865343666386	0.3456233306381148	0.26251132569549135	2.391865343666386	0.3456233306381148	0.16031488157529256	1.322662970033153E-309	0.0	0.0	1.261687416739116E-309	-13462.159011909034	2.0187930131408153E307	2.231201580219329E307	9.527680250312545E306	2.965374342123244E307	3.8625672814518143E307	6	2	4	4	3
101000	-19134.35187671237	-3471.0695776931384	-15663.282299019234	-3471.0695776931384	7.102990297925607E307	Infinity	0.6698109769281094	0.26251132569549135	2.391865343666386	0.3456233306381148	0.26251132569549135	2.391865343666386	0.3456233306381148	0.14678779681813198	0.0	0.0	0.0	3.9744717687927E-310	-13483.088645484173	1.6045871258017288E308	1.2049663115680222E308	4.69861469309901E307	6.029793494549669E307	5.14228749584209E307	4	4	5	5	1
102000	-19159.012503465747	-3481.8893139101547	-15677.12318955559	-3481.8893139101547	1.1229322543704086E308	Infinity	0.6698109769281094	0.26251132569549135	2.391865343666386	0.3456233306381148	0.26251132569549135	2.391865343666386	0.3456233306381148	0.1969515363976755	0.0	0.0	0.0	1.3444530159553E-310	-13491.200100690645	7.391101474895547E307	8.212102908727771E307	6.845317414316262E307	9.832025607331987E307	1.0008735502807454E308	4	11	1	2	1
103000	-19170.024462096677	-3481.014669460491	-15689.009792636187	-3481.014669460491	9.156119964154499E307	Infinity	0.6698109769281094	0.26251132569549135	2.0686307441741496	0.6688579301303511	0.26251132569549135	2.0686307441741496	0.6688579301303511	0.19558779348895514	0.0	0.0	0.0	1.27895740948013E-310	-13496.198558621569	1.2801798048860652E308	8.75513608484496E307	7.844323344696784E307	1.094201956866163E308	1.3823680807846227E307	10	3	3	2	1
104000	-19167.099315342493	-3493.3418145083997	-15673.757500834092	-3493.3418145083997	3.4615290450234747E307	Infinity	0.6698109769281094	0.26251132569549135	2.0686307441741496	0.6688579301303511	0.26251132569549135	2.0686307441741496	0.6688579301303511	0.2583522595448352	0.0	0.0	0.0	5.62086138349053E-310	-13480.896295358816	4.719578197688256E307	5.067769567966057E307	2.1963808176466619E307	2.1898327030333368E307	2.3451236887735194E307	11	3	3	1	1
105000	-19156.6047422813	-3489.605737824035	-15666.999004457262	-3489.605737824035	3.7150464575127484E307	Infinity	0.6698109769281094	0.26251132569549135	2.0686307441741496	0.6688579301303511	0.26251132569549135	2.0686307441741496	0.6688579301303511	0.21862584890429118	0.0	0.0	0.0	3.2186858779536E-310	-13483.496308982887	9.428545126182245E307	8.803621687806657E307	6.49388706360781E307	3.186196644214399E307	2.884556538680986E307	6	10	1	1	1
106000	-19162.292208024275	-3465.468565346048	-15696.823642678228	-3465.468565346048	6.990325816653835E307	Infinity	0.6698109769281094	0.26251132569549135	2.0686307441741496	0.6688579301303511	0.26251132569549135	2.0686307441741496	0.6688579301303511	0.35753572247060117	0.0	0.0	0.0	2.56109808410135E-310	-13491.12312784377	6.121612891638771E307	1.1337147531322873E308	9.589769927663293E307	5.324693608064217E307	3.288124052738495E307	3	5	3	6	2
107000	-19126.11188524868	-3495.4098112780907	-15630.702073970588	-3495.4098112780907	3.124138372363233E307	Infinity	0.6698109769281094	0.26251132569549135	2.0686307441741496	0.6688579301303511	0.26251132569549135	2.0686307441741496	0.6688579301303511	0.07678179006758168	0.0	0.0	0.0	3.63020810805554E-310	-13478.450478405277	7.810277663547773E307	1.1992721982028831E308	5.610624572963883E307	3.289813400775529E307	1.2884082221188493E307	3	1	7	6	2
108000	-19148.621938221782	-3479.694738702052	-15668.92719951973	-3479.694738702052	7.531458006023182E307	Infinity	0.6698109769281094	0.26251132569549135	2.438290922151166	0.29919775215333494	0.26251132569549135	2.438290922151166	0.29919775215333494	0.17957220652425238	0.0	0.0	0.0	2.62004212318775E-310	-13488.497700716027	5.374949767585239E307	6.219950402868376E307	5.209666544720663E307	8.357826120174337E307	4.685504084520672E307	5	1	4	7	2
109000	-19180.07772688203	-3503.8905746864893	-15676.18715219554	-3503.8905746864893	6.395118472521511E307	Infinity	0.6698109769281094	0.26251132569549135	2.438290922151166	0.29919775215333494	0.26251132569549135	2.438290922151166	0.29919775215333494	0.19376193948296627	0.0	0.0	0.0	3.5750666928154E-310	-13489.83036835573	1.122679963764417E308	5.744684057244749E307	3.4302655796690993E307	7.102151138466304E307	2.1298696248565124E307	5	5	3	4	2
110000	-19187.952026514475	-3492.112599695942	-15695.839426818533	-3492.112599695942	5.479263538809583E307	Infinity	0.6698109769281094	0.26251132569549135	2.438290922151166	0.29919775215333494	0.26251132569549135	2.438290922151166	0.29919775215333494	0.36222587594658595	0.0	0.0	0.0	3.9863346637114E-310	-13482.634349673608	9.280500112430519E307	3.8375290406150677E307	3.954513320121127E307	5.742907464328117E307	4.803263399931539E307	2	3	1	10	3
111000	-19124.872417536633	-3493.5701929163524	-15631.302224620282	-3493.5701929163524	4.936005799363178E307	Infinity	0.534951312767966	0.26251132569549135	2.438290922151166	0.29919775215333494	0.26251132569549135	2.438290922151166	0.29919775215333494	0.077761251437562	0.0	0.0	0.0	4.2847749704165E-310	-13481.640742789987	1.4813131945998457E308	4.1137244003943977E307	5.489999898523129E307	3.4405840315432554E307	1.7496754807377029E307	2	5	4	6	2
112000	-19113.72536761684	-3475.4222432995716	-15638.303124317268	-3475.4222432995716	9.051739198494694E307	Infinity	0.534951312767966	0.26251132569549135	2.438290922151166	0.29919775215333494	0.26251132569549135	2.438290922151166	0.29919775215333494	0.07500528466722066	0.0	0.0	0.0	2.4104415391383E-310	-13486.941950289262	6.51788391754884E307	7.067696449917811E307	1.0786814492757307E308	3.733264526285514E307	2.735059434429489E307	3	6	8	1	1
113000	-19147.269299885258	-3457.130985171041	-15690.138314714217	-3457.130985171041	7.300716583087497E307	Infinity	0.534951312767966	0.26251132569549135	2.438290922151166	0.29919775215333494	0.26251132569549135	2.438290922151166	0.29919775215333494	0.27147130805769226	0.0	0.0	0.0	3.0705531291437E-310	-13489.996695029318	1.4188615230067075E308	1.5135721903068767E308	3.058228261567847E307	6.368503313383594E307	5.872234339211534E307	11	5	1	1	1
114000	-19182.435905334296	-3515.333441583345	-15667.10246375095	-3515.333441583345	5.763534481213674E307	Infinity	0.534951312767966	0.26251132569549135	2.438290922151166	0.29919775215333494	0.26251132569549135	2.438290922151166	0.29919775215333494	0.14085769880472537	0.0	0.0	0.0	1.9374926976724E-310	-13491.483389175968	1.4188615230067075E308	1.5135721903068767E308	4.549487940611257E307	3.445447694950984E307	2.746555586404501E307	8	8	1	1	1
115000	-19159.42096958116	-3501.68314171781	-15657.73782786335	-3501.68314171781	9.923612931752217E307	Infinity	0.35570833614483466	0.26251132569549135	2.438290922151166	0.29919775215333494	0.26251132569549135	2.438290922151166	0.29919775215333494	0.1042788993101295	0.0	0.0	0.0	1.88975871645207E-310	-13489.039298843294	1.1356355098247915E308	1.6194961251780543E308	1.311017902806941E308	3.3099193747174673E307	1.4213128430930059E307	12	2	2	1	2
116000	-19184.539676834498	-3499.9336754649007	-15684.606001369597	-3499.9336754649007	6.982120772938311E307	Infinity	0.35570833614483466	0.26251132569549135	2.438290922151166	0.29919775215333494	0.26251132569549135	2.438290922151166	0.29919775215333494	0.21199614573970987	0.0	0.0	0.0	1.79065622848315E-310	-13488.548293534644	5.130769857117593E307	6.637146052618094E307	8.296403299591704E307	3.128151314144911E307	1.3467678908842113E307	3	3	10	1	2
117000	-19116.71695949965	-3481.058944385481	-15635.658015114166	-3481.058944385481	8.019467922574383E307	Infinity	0.35570833614483466	0.26251132569549135	2.438290922151166	0.29919775215333494	0.26251132569549135	2.438290922151166	0.29919775215333494	0.077600201474723	0.0	0.0	0.0	3.2860114864334E-310	-13484.586689722195	1.1407400041141977E308	6.803705122547166E307	4.33320630292342E307	6.738609912091005E307	8.878693549123355E307	3	7	1	3	5
118000	-19140.872182469622	-3475.418101240273	-15665.45408122935	-3475.418101240273	3.2428166223001315E307	Infinity	0.35570833614483466	0.26251132569549135	2.438290922151166	0.29919775215333494	0.26251132569549135	2.438290922151166	0.29919775215333494	0.17855541282936988	0.0	0.0	0.0	4.02872024891636E-310	-13481.888897311064	9.823561034248875E307	1.0386923885000348E308	9.22695039686115E307	3.842604684792246E307	2.7951013453754245E307	7	1	2	4	5
119000	-19179.169261073097	-3485.549869110411	-15693.619391962688	-3485.549869110411	7.732937867462769E307	Infinity	0.35570833614483466	0.26251132569549135	2.438290922151166	0.29919775215333494	0.26251132569549135	2.438290922151166	0.29919775215333494	0.23078986879906313	0.0	0.0	0.0	1.38053878538435E-310	-13496.136299556341	1.3079502503858572E308	1.0386923885000348E308	1.0696635330935053E308	5.602548980763395E307	4.718996025746797E307	5	7	3	2	2
120000	-19130.01453323426	-3495.649346591725	-15634.365186642535	-3495.649346591725	8.664611820472875E307	Infinity	0.4341325677514975	0.26251132569549135	2.438290922151166	0.29919775215333494	0.26251132569549135	2.438290922151166	0.29919775215333494	0.051702862645706435	0.0	0.0	0.0	1.97929296703556E-310	-13494.046707001153	4.3798985420369335E307	4.133832344326617E307	3.7317496583986077E307	6.391120637200777E307	6.250443502729146E307	6	4	3	4	2
121000	-19144.879551720507	-3484.152625221497	-15660.726926499008	-3484.152625221497	5.457823654206727E307	Infinity	0.5571559286992714	0.26251132569549135	2.438290922151166	0.29919775215333494	0.26251132569549135	2.438290922151166	0.29919775215333494	0.14683335184989926	0.0	0.0	0.0	3.34184117011947E-310	-13479.583107684712	1.587127354154141E308	5.385065973914171E307	3.456781454838812E307	4.0210195443928115E307	2.968521432747377E307	6	5	1	4	3
122000	-19132.06815494649	-3485.79308098451	-15646.27507396198	-3485.79308098451	4.663136432834618E307	Infinity	0.5571559286992714	0.26251132569549135	2.438290922151166	0.29919775215333494	0.26251132569549135	2.438290922151166	0.29919775215333494	0.0987710041119046	0.0	0.0	0.0	3.2992014060393E-310	-13486.152515513186	1.3232464979296099E308	9.282816339315178E307	6.870295648382757E307	5.777018662455407E307	1.4327953361175707E307	1	10	2	4	2
123000	-19176.84304150448	-3499.392356889559	-15677.45068461492	-3499.392356889559	2.760475438615032E307	Infinity	0.5571559286992714	0.26251132569549135	2.438290922151166	0.29919775215333494	0.26251132569549135	2.438290922151166	0.29919775215333494	0.3518937832991282	0.0	0.0	0.0	7.51102283973046E-310	-13473.250455558858	8.396764380742142E307	5.665489476329074E307	4.123707221469274E307	3.539902138624644E307	1.1895152094346668E307	4	1	5	5	4
124000	-19140.175972395835	-3474.620767846124	-15665.555204549712	-3474.620767846124	2.424597818270823E307	1.4048937335245906E308	0.5571559286992714	0.26251132569549135	2.438290922151166	0.29919775215333494	0.26251132569549135	2.438290922151166	0.29919775215333494	0.2032172405506768	8.87240405317833E-310	0.0	0.0	8.0739528762316E-310	-13471.330489672464	1.5172180273415105E307	1.4272828859562167E307	2.5112153797835744E307	4.902039401906106E307	2.535697913797331E307	2	2	2	2	11
125000	-19160.215415463757	-3513.8885164707453	-15646.326898993013	-3513.8885164707453	1.6624859457540425E307	8.892609074802886E307	0.5571559286992714	0.26251132569549135	2.438290922151166	0.29919775215333494	0.26251132569549135	2.438290922151166	0.29919775215333494	0.2540617504252254	8.3499312411156E-310	0.0	0.0	8.09095591961747E-310	-13456.100464902183	9.72483824960529E306	1.7927908821007815E307	1.9007664003385623E307	1.711520536211867E307	7.144510316239687E306	2	3	3	8	3
126000	-19067.750201173345	-3455.1178130187704	-15612.632388154574	-3455.1178130187704	2.519848287527149E307	1.4008274954064723E308	0.5571559286992714	0.26251132569549135	2.438290922151166	0.29919775215333494	0.26251132569549135	2.438290922151166	0.29919775215333494	0.06488569696392633	6.20493768599254E-310	0.0	0.0	6.17784929954565E-310	-13467.854749887283	5.814164954814504E307	1.6387882982231782E307	2.761468060227679E307	1.6558482471388895E307	2.3255464774008973E307	2	5	1	3	8
127000	-19129.064319046658	-3467.295882977668	-15661.76843606899	-3467.295882977668	1.3541599727821893E307	6.804642675419779E307	0.6361443334285971	0.26251132569549135	2.438290922151166	0.29919775215333494	0.26251132569549135	2.438290922151166	0.29919775215333494	0.34840715255413235	1.5412498578539E-309	0.0	0.0	1.4797629284049E-309	-13456.204408829586	5.332558573604773E307	2.730238600320473E307	2.515987037694115E307	1.8700673452940627E307	1.6974665085966353E307	2	2	1	3	11
128000	-19136.972733319937	-3472.916096513037	-15664.056636806901	-3472.916096513037	8.904468407346542E307	Infinity	0.6361443334285971	0.26251132569549135	2.438290922151166	0.29919775215333494	0.26251132569549135	2.438290922151166	0.29919775215333494	0.13971658349762928	0.0	0.0	0.0	1.7722649534199E-310	-13490.12857090444	1.6041392725156152E308	1.2153775913168506E308	5.925099586161805E307	5.271717922107663E307	8.938122120292833E307	2	4	7	1	5
129000	-19106.20795911733	-3473.3320015791637	-15632.875957538166	-3473.3320015791637	4.873545551476248E307	Infinity	0.6361443334285971	0.26251132569549135	2.0734488540949587	0.6640398202095421	0.26251132569549135	2.0734488540949587	0.6640398202095421	0.0757624671951085	0.0	0.0	0.0	2.50874507169273E-310	-13481.309821451752	1.6839771735942372E308	7.658067059233702E307	2.922767734071752E307	1.366714525386972E307	1.1504554053695285E307	2	2	13	1	1
130000	-19137.9298794483	-3473.1180624244976	-15664.811817023801	-3473.1180624244976	4.3437245444406326E307	Infinity	0.6361443334285971	0.26251132569549135	2.0734488540949587	0.6640398202095421	0.26251132569549135	2.0734488540949587	0.6640398202095421	0.2707633565342908	0.0	0.0	0.0	4.04940202655E-310	-13474.382609680568	2.2368424988597032E307	4.2747800212273755E307	3.6730263001437353E307	3.490950823912276E307	1.6075001954085887E307	2	3	5	7	2
131000	-19156.7427597189	-3500.0405024754186	-15656.702257243482	-3500.0405024754186	2.0457200262350129E307	1.34328018082155E308	0.6361443334285971	0.26251132569549135	2.0734488540949587	0.6640398202095421	0.26251132569549135	2.0734488540949587	0.6640398202095421	0.20688766376504253	6.24967244228823E-310	0.0	0.0	6.48427725811023E-310	-13469.717418893324	5.120374381286026E307	2.4088144391763037E307	2.757708988723641E307	1.194921051146674E307	1.471051585163059E307	2	9	3	1	4
132000	-19194.875608277707	-3526.574058524302	-15668.301549753405	-3526.574058524302	2.4166248222055926E307	1.6771664430617605E308	0.6361443334285971	0.26251132569549135	2.0734488540949587	0.6640398202095421	0.26251132569549135	2.0734488540949587	0.6640398202095421	0.21944772363337206	6.7348354980766E-310	0.0	0.0	6.33605299611894E-310	-13470.563639059716	8.86238055347187E307	1.4432234780112856E308	3.333666142339324E307	2.448467142701505E307	6.439947596836649E306	2	2	3	9	3
133000	-19175.324400305653	-3510.8522398837677	-15664.472160421887	-3510.8522398837677	5.299906110616368E307	Infinity	0.6361443334285971	0.26251132569549135	2.0734488540949587	0.6640398202095421	0.26251132569549135	2.0734488540949587	0.6640398202095421	0.1714770176879292	0.0	0.0	0.0	2.9946230434471E-310	-13482.85879569441	1.4999491023812004E308	7.399488956493134E307	1.463546958100913E308	4.27947620968002E307	2.710946356102524E307	2	10	3	1	3
134000	-19159.055968340468	-3472.877539893709	-15686.178428446758	-3472.877539893709	6.074223756261061E307	Infinity	0.6361443334285971	0.5879263710601143	2.0305991900111526	0.38147443892872557	0.5879263710601143	2.0305991900111526	0.38147443892872557	0.231011578672918	0.0	0.0	0.0	2.31175716934565E-310	-13487.71128083348	1.2428924682981824E308	7.480872031147774E307	9.211186728453473E307	1.290910765849193E308	3.254177967975637E307	4	2	4	4	5
135000	-19211.397034517988	-3519.3854614027628	-15692.011573115225	-3519.3854614027628	1.6445437529997953E307	1.1087942050282621E308	0.7842542301977333	0.5879263710601143	2.0305991900111526	0.38147443892872557	0.5879263710601143	2.0305991900111526	0.38147443892872557	0.50440992861855	9.96116136077685E-310	0.0	0.0	9.1250212480418E-310	-13468.15199373421	5.049905498107409E307	5.866134424117847E307	2.26231457632787E307	3.096696961850042E307	3.7184867762830653E307	7	1	5	4	2
136000	-19173.62157586174	-3494.394479722462	-15679.227096139277	-3494.394479722462	3.541541698339958E307	Infinity	0.7842542301977333	0.5879263710601143	2.0305991900111526	0.38147443892872557	0.5879263710601143	2.0305991900111526	0.38147443892872557	0.311335432508868	0.0	0.0	0.0	4.07577547882286E-310	-13477.058833880525	3.26676764305118E307	4.669873932295492E307	6.731810994590325E307	7.598061878678715E307	3.0240213952415645E307	4	10	1	1	3
137000	-19201.6499636252	-3506.376421962904	-15695.273541662296	-3506.376421962904	1.3551638293488785E308	Infinity	0.7842542301977333	0.25366587557975584	2.364859685491511	0.38147443892872557	0.25366587557975584	2.364859685491511	0.38147443892872557	0.24276153045466844	0.0	0.0	0.0	1.0605055234861E-310	-13502.316520987006	1.509760551411403E308	1.074771943832944E308	7.738094585112348E307	6.849260252919995E307	9.585742237129801E307	2	4	1	6	6
138000	-19138.316382494086	-3468.2602526592277	-15670.056129834858	-3468.2602526592277	4.787493639463618E307	Infinity	0.7842542301977333	0.25366587557975584	2.364859685491511	0.38147443892872557	0.25366587557975584	2.364859685491511	0.38147443892872557	0.23056290360803214	0.0	0.0	0.0	5.61478681466825E-310	-13475.313073335456	1.0333633003911836E308	4.987940836171077E307	3.108839664259316E307	5.695732904534708E307	2.5518452122189784E307	2	2	1	12	2
139000	-19138.648321538883	-3465.8215390794912	-15672.826782459391	-3465.8215390794912	5.678915161800402E307	Infinity	0.7842542301977333	0.25366587557975584	2.364859685491511	0.38147443892872557	0.25366587557975584	2.364859685491511	0.38147443892872557	0.19389431176120211	0.0	0.0	0.0	4.2936376561794E-310	-13482.289051501835	4.162678868102189E307	4.183178906475782E307	4.755975357350798E307	4.282162550831762E307	4.4269489359487887E307	1	2	1	12	3
140000	-19109.98525674153	-3479.503986887228	-15630.481269854301	-3479.503986887228	6.908405137403449E307	Infinity	0.7842542301977333	0.25366587557975584	2.364859685491511	0.38147443892872557	0.25366587557975584	2.364859685491511	0.38147443892872557	0.04465341485782537	0.0	0.0	0.0	2.52648530186625E-310	-13493.503555145315	1.534066535620382E308	1.2109493357358938E308	8.1499376598357E307	1.1551502519659334E308	6.830872239731946E307	1	10	3	1	4
141000	-19161.714866932063	-3519.42790532761	-15642.286961604452	-3519.42790532761	2.9360835388214846E307	1.5098645333252204E308	0.7842542301977333	0.04257531613621385	2.364859685491511	0.5925649983722676	0.04257531613621385	2.364859685491511	0.5925649983722676	0.13510815155883485	7.96815130874893E-310	0.0	0.0	7.83560934633946E-310	-13470.166781437998	1.6003725799336037E308	6.346695958594532E307	2.2515900304917103E307	5.062886017196255E307	4.0979651555104537E307	1	1	3	10	4
142000	-19137.28783931343	-3477.4610489951338	-15659.826790318295	-3477.4610489951338	5.660566886200595E307	Infinity	0.7842542301977333	0.04257531613621385	2.364859685491511	0.5925649983722676	0.04257531613621385	2.364859685491511	0.5925649983722676	0.15913664128131885	0.0	0.0	0.0	4.15522711821506E-310	-13482.159250890236	1.7485607789714408E308	7.810340817728714E307	7.412756662595789E307	4.975786519161552E307	3.783234439847734E307	1	3	7	6	2
143000	-19142.763487488523	-3458.1130030608133	-15684.650484427708	-3458.1130030608133	1.0943625164116878E308	Infinity	0.7842542301977333	0.04257531613621385	2.364859685491511	0.5925649983722676	0.04257531613621385	2.364859685491511	0.5925649983722676	0.2353326649954253	0.0	0.0	0.0	2.4292831218156E-310	-13487.124444707277	1.2799432711687731E308	9.37987577110868E307	1.3406301383856263E308	1.3711753486263535E308	8.978823188475163E307	1	7	4	1	6
144000	-19130.862340558662	-3460.679220782458	-15670.183119776206	-3460.679220782458	4.070458436971925E307	Infinity	0.7842542301977333	0.04257531613621385	2.364859685491511	0.5925649983722676	0.04257531613621385	2.364859685491511	0.5925649983722676	0.21817302436180877	0.0	0.0	0.0	3.59038205293934E-310	-13481.353827793717	1.2735086543679178E308	1.1574025717811642E308	2.1788380458193913E307	2.7862404069406383E307	1.8423239729749953E307	5	6	2	4	2
145000	-19198.787636996094	-3500.904326184853	-15697.883310811241	-3500.904326184853	5.286532152251309E307	Infinity	0.7842542301977333	0.04257531613621385	2.364859685491511	0.5925649983722676	0.04257531613621385	2.364859685491511	0.5925649983722676	0.41250778098779056	0.0	0.0	0.0	3.1670452270608E-310	-13485.742184398918	1.5202992406689737E308	5.034143484416979E307	7.131294589901818E307	7.615907447742485E307	4.563989174091919E307	4	6	2	5	2
146000	-19191.11507502833	-3512.242722034988	-15678.872352993343	-3512.242722034988	2.00945247585039E307	1.3921382368244266E308	0.7842542301977333	0.04257531613621385	2.364859685491511	0.5925649983722676	0.04257531613621385	2.364859685491511	0.5925649983722676	0.2719288130189273	7.8837985186543E-310	0.0	0.0	7.37661973797024E-310	-13473.87525065865	8.288554793171555E307	8.015009237777802E307	3.490375781389328E307	2.1286096133191193E307	2.65287659105306E307	8	2	2	5	2
147000	-19123.613673453365	-3459.1708123174453	-15664.44286113592	-3459.1708123174453	3.432264115748971E307	Infinity	0.7842542301977333	0.04257531613621385	2.364859685491511	0.5925649983722676	0.04257531613621385	2.364859685491511	0.5925649983722676	0.16346971437925312	0.0	0.0	0.0	4.91073122722863E-310	-13476.847071717842	5.601419937567928E307	2.524414262303559E307	3.6316038361516706E307	2.7645883257147523E307	3.013103885244215E307	8	2	5	2	2
148000	-19203.314537750157	-3503.985114209319	-15699.329423540838	-3503.985114209319	7.77263985614526E307	Infinity	0.7842542301977333	0.04257531613621385	2.364859685491511	0.5925649983722676	0.04257531613621385	2.364859685491511	0.5925649983722676	0.31067547242749033	0.0	0.0	0.0	1.4202428205015E-310	-13496.959813994545	1.2475359741487214E308	1.1015342730425437E308	1.333941337406295E308	3.7645262278618787E307	1.6734620629727082E307	6	2	7	2	2
149000	-19197.037902712833	-3521.8328391555297	-15675.205063557303	-3521.8328391555297	1.4762720192282994E307	1.1583053375937335E308	0.7842542301977333	0.05798323922936563	2.1382876343655908	0.803729126405036	0.05798323922936563	2.1382876343655908	0.803729126405036	0.3345674089274485	9.13840867471095E-310	0.0	0.0	8.6745790801039E-310	-13470.38081610175	6.102669649557738E307	3.9527572556005334E307	3.020074499423203E307	3.0262449690466055E307	1.9421188238802312E307	6	2	8	2	1
150000	-19133.392063152707	-3496.2725046288647	-15637.119558523842	-3496.2725046288647	1.5730000443731637E307	9.425352846057742E307	0.7842542301977333	0.34162239289619334	2.1382876343655908	0.5200899727382082	0.34162239289619334	2.1382876343655908	0.5200899727382082	0.1551994616240633	9.79992136281853E-310	0.0	0.0	9.46449200670193E-310	-13462.625614241253	2.39120090410178E307	4.277507144309011E307	2.572038006093768E307	2.1205277046039528E307	3.686000145242695E306	1	5	3	9	1
151000	-19094.253546399188	-3498.204392930645	-15596.049153468544	-3498.204392930645	8.983186955680145E306	7.087424837274956E307	0.7842542301977333	0.34162239289619334	2.1382876343655908	0.5200899727382082	0.34162239289619334	2.1382876343655908	0.5200899727382082	0.043255529607795946	1.161966782949325E-309	0.0	0.0	1.148076031973137E-309	-13458.905756333781	3.845024627283495E307	1.4161310688394035E307	2.110275128736045E307	1.5039771625469203E307	1.5272511342041775E307	3	5	5	2	4
152000	-19129.61985163542	-3518.326426051418	-15611.293425584003	-3518.326426051418	1.0855918456970823E307	5.794437164678066E307	0.7842542301977333	0.34162239289619334	2.1382876343655908	0.5200899727382082	0.34162239289619334	2.1382876343655908	0.5200899727382082	0.10079235977509524	1.673043696896837E-309	0.0	0.0	1.684309151139785E-309	-13448.614027854059	2.796539932393726E307	1.4247021212932872E307	2.821024501640887E306	2.991726829554503E306	6.549689052230687E306	5	5	3	1	5
153000	-19175.83436749043	-3548.1666981986637	-15627.667669291766	-3548.1666981986637	2.7620531345655218E306	2.2164346037326602E307	0.7842542301977333	0.34162239289619334	2.1382876343655908	0.5200899727382082	0.34162239289619334	2.1382876343655908	0.5200899727382082	0.2971655761835391	6.625140483662047E-309	0.0	0.0	6.395048190564424E-309	-13435.18247853166	4.426344980819002E307	7.701500245501299E306	4.459049989658429E306	1.5551398668753516E306	1.093850494658718E306	4	4	3	1	7
154000	-19088.089265373623	-3492.291828488881	-15595.797436884743	-3492.291828488881	3.0120051475393896E306	1.3466088694403524E307	0.7842542301977333	0.34162239289619334	2.1382876343655908	0.5200899727382082	0.34162239289619334	2.1382876343655908	0.5200899727382082	0.1859918418810413	6.20593280806625E-309	0.0	0.0	6.19364123636335E-309	-13420.650082976976	1.748513740200446E306	1.635424183303989E306	3.7667119004675134E306	2.5421377220553102E306	1.1405927536406175E306	4	1	3	9	2
155000	-19117.574483039156	-3479.6731150061623	-15637.901368032992	-3479.6731150061623	4.185715954042377E306	2.2303966556558363E307	0.7842542301977333	0.34162239289619334	2.1382876343655908	0.5200899727382082	0.34162239289619334	2.1382876343655908	0.5200899727382082	0.39670424962895834	3.83925251488915E-309	0.0	0.0	3.95654004403666E-309	-13433.15116497847	9.807066498192671E306	3.6766741481765584E306	1.4137361618584106E307	5.101723323036624E306	3.366937027673534E306	4	1	3	9	2
156000	-19067.944898415884	-3471.446933135755	-15596.49796528013	-3471.446933135755	1.881593443994234E306	1.1138579694116121E307	0.7842542301977333	0.34162239289619334	2.1382876343655908	0.5200899727382082	0.34162239289619334	2.1382876343655908	0.5200899727382082	0.16941567407230712	8.471180966862445E-309	0.0	0.0	8.627065042459203E-309	-13420.638616244943	3.578718607005632E306	5.492481701527914E306	2.3146564349298188E306	2.0910600494117925E306	5.7175641538019645E305	7	1	1	8	2
157000	-19160.395449693224	-3502.7959605842207	-15657.599489109003	-3502.7959605842207	5.847459187236017E306	3.076161501321874E307	0.7842542301977333	0.34162239289619334	2.1382876343655908	0.5200899727382082	0.34162239289619334	2.1382876343655908	0.5200899727382082	0.47043236762728785	4.461330845577814E-309	0.0	0.0	4.41858944767134E-309	-13439.345257370327	1.4030214259561801E307	7.808105029775647E306	6.373434203529296E306	3.246472074976809E306	4.476044446921968E306	3	4	1	4	7
158000	-19133.268234927757	-3516.811135366627	-15616.457099561128	-3516.811135366627	3.89001558691062E306	2.1121566983494676E307	0.7842542301977333	0.34162239289619334	2.1382876343655908	0.5200899727382082	0.34162239289619334	2.1382876343655908	0.5200899727382082	0.20910545284683696	4.811465302322833E-309	0.0	0.0	4.72060666088496E-309	-13433.750001970697	9.677891174209664E306	5.0085325200833543E306	3.223798620106771E306	3.3303645370040044E306	2.7482371439426012E306	1	4	1	6	7
159000	-19119.64520425401	-3494.531298618302	-15625.113905635708	-3494.531298618302	1.4259900733008777E307	6.940505129755144E307	0.7842542301977333	0.34162239289619334	2.1382876343655908	0.5200899727382082	0.34162239289619334	2.1382876343655908	0.5200899727382082	0.15780187910019428	1.349720106610393E-309	0.0	0.0	1.44316911562237E-309	-13453.213850154803	1.3807527279794297E307	7.354961432606777E306	1.3150381807145448E307	1.2207431117436656E307	6.608915421487513E306	3	3	8	4	1
160000	-19136.309752029916	-3483.6929084466688	-15652.616843583248	-3483.6929084466688	1.6190006203567534E307	7.818236233724447E307	0.7842542301977333	0.34162239289619334	2.1382876343655908	0.5200899727382082	0.34162239289619334	2.1382876343655908	0.5200899727382082	0.2281147615566063	1.980724807978784E-309	0.0	0.0	2.267326000946465E-309	-13460.037154671576	4.759590906438361E307	4.266134080593398E307	1.3150381807145448E307	2.4718299192741227E307	3.2519035637390126E307	3	3	3	3	7
161000	-19164.25423056645	-3473.1837509750085	-15691.07047959144	-3473.1837509750085	9.77202470894803E307	Infinity	0.7842542301977333	0.34162239289619334	2.1382876343655908	0.5200899727382082	0.34162239289619334	2.1382876343655908	0.5200899727382082	0.32081914126234945	0.0	0.0	0.0	2.29675755222533E-310	-13490.378055452875	4.4928289200133754E307	3.6718546978340414E307	7.133634011516451E307	5.261794810042491E307	6.044193179434402E307	3	9	3	3	1
162000	-19190.897930684325	-3501.619810661383	-15689.27812002294	-3501.619810661383	6.525471493124091E307	Infinity	0.7842542301977333	0.5793392455930496	1.9005707816687345	0.5200899727382082	0.5793392455930496	1.9005707816687345	0.5200899727382082	0.29554653867475156	0.0	0.0	0.0	1.86654180002805E-310	-13486.466975898757	4.715869170627328E307	5.153669069132361E307	5.818574606870997E307	4.717378852431845E307	9.921692339905182E307	6	5	5	2	1
163000	-19118.363981008708	-3457.091925009389	-15661.272055999318	-3457.091925009389	2.706939451444764E307	1.4961267579380505E308	0.7842542301977333	0.17492565078501943	2.3049843764767646	0.5200899727382082	0.17492565078501943	2.3049843764767646	0.5200899727382082	0.29164387674138853	5.4595303185786E-310	0.0	0.0	5.400714581982E-310	-13468.382429626217	3.484155026024495E307	1.9397022343528485E307	2.559016537751939E307	1.8735478216799608E307	7.175371695772342E306	7	5	2	4	1
164000	-19077.70048589608	-3462.3572389290525	-15615.343246967026	-3462.3572389290525	1.789639759620798E307	9.208790312726827E307	0.7842542301977333	0.17492565078501943	2.3049843764767646	0.5200899727382082	0.17492565078501943	2.3049843764767646	0.5200899727382082	0.08193615895157515	8.4947036313787E-310	0.0	0.0	8.58128621353943E-310	-13459.801961277923	4.951597924261036E307	1.7438425261508546E307	9.093573576764616E306	1.3848903102925987E307	9.410517119907788E306	4	6	1	7	1
165000	-19149.364684648066	-3472.129746022963	-15677.234938625103	-3472.129746022963	7.539096127406527E306	6.445703657324625E307	0.7842542301977333	0.17492565078501943	2.3049843764767646	0.5200899727382082	0.17492565078501943	2.3049843764767646	0.5200899727382082	0.4671174350579912	1.68474096497382E-309	0.0	0.0	1.39670384900878E-309	-13455.284915987453	2.337605660553609E307	1.9953236121258675E307	1.0150537187187316E307	1.1639132288763367E307	3.584727058327251E306	2	3	1	9	4
166000	-19090.946954766416	-3463.928007845961	-15627.018946920454	-3463.928007845961	9.906223835917048E306	5.006393562968453E307	0.7842542301977333	0.17492565078501943	2.3049843764767646	0.5200899727382082	0.17492565078501943	2.3049843764767646	0.5200899727382082	0.19659237056269882	1.56099202101301E-309	0.0	0.0	1.71844477707469E-309	-13443.452978829897	3.340932348904994E307	3.011378257005853E307	4.7169679204560736E306	6.661376294958051E306	4.4506900470997887E306	2	2	7	4	4
167000	-19158.752757133912	-3473.29757409628	-15685.455183037633	-3473.29757409628	4.675534868069443E307	Infinity	0.7842542301977333	0.17492565078501943	2.3049843764767646	0.5200899727382082	0.17492565078501943	2.3049843764767646	0.5200899727382082	0.4416933755668075	0.0	0.0	0.0	4.0403767560201E-310	-13474.117392384669	3.214725970361224E307	2.511288639709412E307	3.934675287442821E307	2.7857099192527026E307	2.411306835333197E307	5	8	1	2	3
168000	-19115.06911813091	-3464.2323095023735	-15650.836808628535	-3464.2323095023735	2.5327312587656455E307	1.2155168187097915E308	0.7842542301977333	0.17492565078501943	2.3049843764767646	0.5200899727382082	0.17492565078501943	2.3049843764767646	0.5200899727382082	0.20819460109401072	6.94513602255567E-310	0.0	0.0	7.16841023123394E-310	-13463.25370227158	3.35652717034101E307	2.178884021285922E307	2.2003088446087586E307	1.8461964030507163E307	2.3537555825380245E307	2	5	3	1	8
169000	-19137.681679194382	-3460.060033264955	-15677.621645929428	-3460.060033264955	4.704549815025897E307	Infinity	0.7842542301977333	0.17492565078501943	2.3049843764767646	0.5200899727382082	0.17492565078501943	2.3049843764767646	0.5200899727382082	0.23037872113123795	0.0	0.0	0.0	3.9565820144668E-310	-13487.525332562518	8.364466124724E307	6.11983882688168E307	6.958543436440429E307	5.876357037481977E307	6.408491975524564E307	3	5	2	1	8
170000	-19137.014632293613	-3467.9671642225744	-15669.047468071038	-3467.9671642225744	3.810051499533944E307	Infinity	0.7842542301977333	0.17492565078501943	2.3049843764767646	0.5200899727382082	0.17492565078501943	2.3049843764767646	0.5200899727382082	0.24393655719409943	0.0	0.0	0.0	5.2177891210991E-310	-13476.969130857147	5.767779203162881E307	2.3133202109855547E307	1.938788210283107E307	4.3995240287605763E307	3.2202094150794007E307	6	3	3	6	1
171000	-19147.355707069877	-3480.9709468944316	-15666.384760175446	-3480.9709468944316	3.374939538273466E307	Infinity	0.7842542301977333	0.17492565078501943	2.3049843764767646	0.5200899727382082	0.17492565078501943	2.3049843764767646	0.5200899727382082	0.27964922441183276	0.0	0.0	0.0	5.91783573181123E-310	-13471.4571625272	6.596162083709509E307	2.7864397387334944E307	3.195672296492749E307	2.1750851003451332E307	1.5139474761791283E307	5	2	10	1	1
172000	-19149.323347156078	-3477.637608969722	-15671.685738186356	-3477.637608969722	2.7853785138479915E307	1.7307949537259065E308	0.7842542301977333	0.17492565078501943	2.3049843764767646	0.5200899727382082	0.17492565078501943	2.3049843764767646	0.5200899727382082	0.2745312786051904	4.94874503624477E-310	0.0	0.0	4.6358880497314E-310	-13473.441091092001	4.601854578377682E307	7.371501707868886E307	3.6459612779822473E307	3.9924797137968795E307	9.321363597398808E306	2	3	12	1	1
173000	-19153.022772111883	-3486.735550020639	-15666.287222091245	-3486.735550020639	4.559485950739955E307	Infinity	0.7842542301977333	0.17492565078501943	2.3049843764767646	0.5200899727382082	0.17492565078501943	2.3049843764767646	0.5200899727382082	0.16773695160566082	0.0	0.0	0.0	3.32377387047643E-310	-13485.695447948945	1.1325243291826797E308	8.113965684311213E307	5.842888675461546E307	3.202062835641794E307	1.2936233225907444E307	5	3	7	3	1
174000	-19100.419663608744	-3452.757712269954	-15647.661951338789	-3452.757712269954	5.380793446385356E307	Infinity	0.7842542301977333	0.17492565078501943	2.3049843764767646	0.5200899727382082	0.17492565078501943	2.3049843764767646	0.5200899727382082	0.1226770075882936	0.0	0.0	0.0	4.55727450181714E-310	-13475.135689689143	2.5217370923078344E307	8.559579172275861E307	7.617779224173845E307	4.514964474619304E307	2.1634224887555345E307	5	5	1	6	2
175000	-19184.395101115235	-3478.333711129707	-15706.061389985527	-3478.333711129707	1.491558937903774E308	Infinity	0.7842542301977333	0.17492565078501943	2.3049843764767646	0.5200899727382082	0.17492565078501943	2.3049843764767646	0.5200899727382082	0.35594459776721327	0.0	0.0	0.0	1.91258419449774E-310	-13497.932639637998	1.3570692476760582E308	1.3413282755848377E308	1.5501080652372908E308	1.4359850812573499E308	1.2392201362547937E308	2	1	11	3	2
176000	-19184.654333181265	-3482.321717192063	-15702.332615989202	-3482.321717192063	7.642667891459588E307	Infinity	0.7842542301977333	0.17492565078501943	2.3049843764767646	0.5200899727382082	0.17492565078501943	2.3049843764767646	0.5200899727382082	0.33197874517676024	0.0	0.0	0.0	1.76585056764875E-310	-13493.282502465361	1.5428031962550897E308	1.1390681271040065E308	1.1667063656127443E308	9.658035408995183E307	5.857659894472089E307	5	5	2	1	6
177000	-19187.048102651926	-3511.5056566656003	-15675.542445986324	-3511.5056566656003	4.3158434144527613E307	Infinity	0.7842542301977333	0.17492565078501943	2.3049843764767646	0.5200899727382082	0.17492565078501943	2.3049843764767646	0.5200899727382082	0.20795804127170023	0.0	0.0	0.0	4.78179340812537E-310	-13480.50506482232	4.334887289705628E307	4.887916337285104E307	4.707306894452475E307	2.535265232882535E307	1.7110958998653545E307	5	5	2	4	3
178000	-19148.804309173967	-3484.3570634055004	-15664.447245768466	-3484.3570634055004	1.8616202624164252E307	1.2413650634196268E308	0.7842542301977333	0.17492565078501943	2.568393271634595	0.2566810775803777	0.17492565078501943	2.568393271634595	0.2566810775803777	0.21452565509364818	1.202952697530624E-309	0.0	0.0	1.135794864636705E-309	-13466.163268578564	4.627553554778909E307	1.5645369081352745E307	4.835485413178885E307	9.50037943965939E306	1.2325011080579453E307	4	6	5	3	1
179000	-19146.823620225045	-3490.5372883104214	-15656.286331914622	-3490.5372883104214	4.2664889547198963E307	Infinity	0.7842542301977333	0.3733815377894233	2.3699373846301914	0.2566810775803777	0.3733815377894233	2.3699373846301914	0.2566810775803777	0.1671858457086424	0.0	0.0	0.0	4.5259765021416E-310	-13473.113072098013	7.425666662364378E307	1.3015935386328014E308	2.549670303669679E307	2.7891864621369675E307	3.2204093256594057E307	4	1	12	1	1
180000	-19130.546271252962	-3506.7707560148156	-15623.775515238149	-3506.7707560148156	1.4569180313726203E307	8.5133746746425E307	0.7842542301977333	0.3733815377894233	2.105859389480827	0.5207590727297424	0.3733815377894233	2.105859389480827	0.5207590727297424	0.08540237564997374	1.309088427505484E-309	0.0	0.0	1.325753467704744E-309	-13461.352794124434	2.1699166911951336E307	4.205198329654655E307	3.0331098856185144E307	2.5319416644756464E307	2.3605871574125873E307	2	1	2	10	4
181000	-19162.562184340462	-3490.111271314648	-15672.450913025814	-3490.111271314648	5.967217365412512E307	Infinity	0.7842542301977333	0.3733815377894233	2.105859389480827	0.5207590727297424	0.3733815377894233	2.105859389480827	0.5207590727297424	0.27471334443577244	0.0	0.0	0.0	3.72133555363123E-310	-13479.409808173114	1.348633483055187E308	8.048204185539381E307	3.3161924477005687E307	3.3642225532471017E307	3.0749011855431744E307	1	3	3	8	4
182000	-19170.238470415123	-3478.9871296394	-15691.251340775723	-3478.9871296394	3.126232535665957E307	Infinity	0.7842542301977333	0.3733815377894233	2.105859389480827	0.5207590727297424	0.3733815377894233	2.105859389480827	0.5207590727297424	0.2879310148281074	0.0	0.0	0.0	4.5370204618483E-310	-13477.129362784442	1.5024107128643785E308	1.331808996285474E308	6.43394457269879E307	3.0367934641428815E307	2.600136524875948E307	3	2	2	4	8
183000	-19182.31120827303	-3515.4163061236427	-15666.894902149386	-3515.4163061236427	6.669935259896592E307	Infinity	0.7842542301977333	0.3733815377894233	2.105859389480827	0.5207590727297424	0.3733815377894233	2.105859389480827	0.5207590727297424	0.1419249070627483	0.0	0.0	0.0	2.59486558758237E-310	-13492.521531883562	1.1504153609538402E308	1.4041356360868336E308	1.3634593790497114E308	6.175905086201486E307	2.2586453968036277E307	7	2	5	4	1
184000	-19171.86278266698	-3505.074774390832	-15666.788008276148	-3505.074774390832	6.076686516919115E307	Infinity	0.7842542301977333	0.3733815377894233	2.105859389480827	0.5207590727297424	0.3733815377894233	2.105859389480827	0.5207590727297424	0.20562618423526052	0.0	0.0	0.0	3.8693660664407E-310	-13479.94670422877	8.127405401927382E307	2.4896310723042714E307	3.928823985057949E307	5.025336258044176E307	4.3187543015871914E307	5	2	3	5	4
185000	-19163.352118206476	-3509.547471809832	-15653.804646396644	-3509.547471809832	1.9090562216362055E307	1.014947747465537E308	0.7842542301977333	0.3733815377894233	2.105859389480827	0.5207590727297424	0.3733815377894233	2.105859389480827	0.5207590727297424	0.23401520732171033	1.05052624754556E-309	0.0	0.0	1.055206666422284E-309	-13463.694265062191	3.1207427088097455E307	3.8883310599435837E307	2.883135212437479E307	1.5660827967581226E307	1.5844079319055418E307	5	2	2	2	8
186000	-19188.770961968734	-3511.4627527339276	-15677.308209234805	-3511.4627527339276	6.950533411522991E307	Infinity	0.7842542301977333	0.3733815377894233	2.105859389480827	0.5207590727297424	0.3733815377894233	2.105859389480827	0.5207590727297424	0.2578055536834897	0.0	0.0	0.0	3.27784999363056E-310	-13482.551314475848	1.229296827309719E308	4.3248444232100856E307	8.87334683177175E307	3.3064259412209397E307	3.5614973911704975E307	1	2	6	4	6
187000	-19191.17168210121	-3504.8001739261745	-15686.371508175034	-3504.8001739261745	7.781967199167943E307	Infinity	0.7842542301977333	0.3733815377894233	2.105859389480827	0.5207590727297424	0.3733815377894233	2.105859389480827	0.5207590727297424	0.23044183219784317	0.0	0.0	0.0	3.2597332598871E-310	-13488.404252549815	1.521004981412662E308	8.829766007051322E307	5.218155235118879E307	7.228255266740572E307	3.552143464298572E307	8	2	3	4	2
188000	-19140.50714801705	-3478.3979903429836	-15662.109157674067	-3478.3979903429836	5.183761426540664E307	Infinity	0.7842542301977333	0.3733815377894233	2.105859389480827	0.5207590727297424	0.3733815377894233	2.105859389480827	0.5207590727297424	0.17228607757698983	0.0	0.0	0.0	4.61034762520485E-310	-13478.127815916701	7.717270366489138E307	1.90864664330789E307	2.1970060234722872E307	6.564561334227662E307	6.103507382007901E307	6	3	5	2	3
189000	-19124.76862098024	-3466.127339534152	-15658.64128144609	-3466.127339534152	7.236489093583218E307	Infinity	0.7842542301977333	0.6015604919241451	2.105859389480827	0.29258011859502064	0.6015604919241451	2.105859389480827	0.29258011859502064	0.13730313424295648	0.0	0.0	0.0	2.3731295131474E-310	-13486.277279208014	1.0590052416409822E308	8.526683974717927E307	6.303084622438839E307	5.155601061047564E307	2.613091886365481E307	5	3	5	2	4
190000	-19182.617454848856	-3509.4894005331553	-15673.128054315703	-3509.4894005331553	1.1767703700387368E308	Infinity	0.7842542301977333	0.6015604919241451	2.105859389480827	0.29258011859502064	0.6015604919241451	2.105859389480827	0.29258011859502064	0.13096893679821567	0.0	0.0	0.0	1.36366902727145E-310	-13497.049554074652	1.1260414662826953E308	6.730821578989065E307	8.491476145350824E307	1.3728993578732731E308	1.172563655408491E308	8	2	1	1	7
191000	-19179.984526638924	-3512.6054709488308	-15667.379055690093	-3512.6054709488308	4.605655084065043E307	Infinity	0.7842542301977333	0.6015604919241451	2.105859389480827	0.29258011859502064	0.6015604919241451	2.105859389480827	0.29258011859502064	0.19907101137943303	0.0	0.0	0.0	3.1660727574925E-310	-13478.593943005464	6.056654089491848E307	5.700597106298914E307	4.434649544941601E307	4.675604531604716E307	3.48644758044509E307	8	2	4	1	4
192000	-19203.104325293003	-3507.4525646511606	-15695.651760641842	-3507.4525646511606	3.964798520352792E307	Infinity	0.7842542301977333	0.6015604919241451	2.105859389480827	0.29258011859502064	0.6015604919241451	2.105859389480827	0.29258011859502064	0.2650743591167168	0.0	0.0	0.0	2.0949895945603E-310	-13487.94069296289	1.4874576442826636E308	8.779212171825732E307	1.007963425818662E308	1.0862608415433777E308	7.660174061061525E307	8	3	1	1	6
193000	-19177.555577216357	-3505.958936444133	-15671.596640772223	-3505.958936444133	3.7847999112937013E307	Infinity	0.7842542301977333	0.6015604919241451	2.105859389480827	0.29258011859502064	0.6015604919241451	2.105859389480827	0.29258011859502064	0.18072627481005368	0.0	0.0	0.0	2.8539987353691E-310	-13484.861496133097	1.0734262763898073E308	9.87687277629522E307	1.5107680397636104E308	4.396999524432188E307	2.1762758018063589E307	7	5	4	1	2
194000	-19179.72999092448	-3504.562280166968	-15675.167710757512	-3504.562280166968	7.029713223048626E307	Infinity	0.7842542301977333	0.34591246021610056	2.3615074211888714	0.29258011859502064	0.34591246021610056	2.3615074211888714	0.29258011859502064	0.19281635050908294	0.0	0.0	0.0	3.15295537331343E-310	-13492.454413324971	1.7800824238487366E308	9.87687277629522E307	2.691075550642489E307	2.7506254947151317E307	3.5886343322214297E307	1	15	1	1	1
195000	-19139.26649912627	-3489.7914910633394	-15649.475008062931	-3489.7914910633394	2.9940577346927096E307	1.5017428663610107E308	0.7842542301977333	0.14567200504657163	2.3615074211888714	0.4928205737645496	0.14567200504657163	2.3615074211888714	0.4928205737645496	0.16307262231045583	7.2458888180832E-310	0.0	0.0	7.23549593641097E-310	-13469.054984338056	1.7757057044579032E308	3.432462512145994E307	2.508665865728806E307	9.095571885618984E306	3.1058586083871127E306	1	4	11	2	1
196000	-19178.03556308973	-3512.566011928245	-15665.469551161485	-3512.566011928245	2.1112685732385517E307	1.1981154634613555E308	0.7842542301977333	0.14567200504657163	2.3615074211888714	0.4928205737645496	0.14567200504657163	2.3615074211888714	0.4928205737645496	0.2657427481527398	1.21977262971079E-309	0.0	0.0	1.270833347752203E-309	-13464.575737087667	3.1619336686167133E307	6.299677436767194E307	3.0359088869041793E307	2.6647208548494005E307	5.2735464381285764E306	1	2	6	6	4
197000	-19146.23427537277	-3512.201823443199	-15634.032451929572	-3512.201823443199	9.148095624491727E306	5.700474202739528E307	0.7842542301977333	0.14567200504657163	2.3615074211888714	0.4928205737645496	0.14567200504657163	2.3615074211888714	0.4928205737645496	0.16910572456607376	1.823523825835865E-309	0.0	0.0	1.8561999785044E-309	-13452.00173948317	4.4377984282106717E307	2.6862289193888023E307	1.2447865521444894E307	1.4253259591191123E307	5.4646074960910456E306	1	2	7	8	1
198000	-19178.94196848097	-3505.5611009764098	-15673.380867504558	-3505.5611009764098	2.643528137869744E307	1.6465762695673727E308	0.7842542301977333	0.14567200504657163	2.3615074211888714	0.4928205737645496	0.14567200504657163	2.3615074211888714	0.4928205737645496	0.313128938037133	5.62020926305465E-310	0.0	0.0	4.8381918614775E-310	-13471.327546402763	1.120442038121514E308	3.131511117842968E307	2.351871678704216E307	2.936847222759279E307	9.503775951155151E306	1	10	1	4	3
199000	-19197.486283297803	-3529.420367759834	-15668.06591553797	-3529.420367759834	2.3470042401350817E307	1.6413619638230207E308	0.7842542301977333	0.14567200504657163	2.3615074211888714	0.4928205737645496	0.14567200504657163	2.3615074211888714	0.4928205737645496	0.2559385263449632	8.3597359832514E-310	0.0	0.0	8.556601941833E-310	-13473.680646160708	1.4228290452576294E308	3.0364463663908723E307	5.195589800176997E307	3.6742878864221564E307	4.2061373989930573E307	1	2	4	1	11
200000	-19101.58883445143	-3453.682813745323	-15647.906020706107	-3453.682813745323	2.4150257836871347E307	1.1423609548304432E308	0.7842542301977333	0.14567200504657163	2.3615074211888714	0.4928205737645496	0.14567200504657163	2.3615074211888714	0.4928205737645496	0.19647040473113297	1.060491551095074E-309	0.0	0.0	1.05932978555173E-309	-13463.818436726	3.536555236647202E307	2.4588140714697784E307	2.2570769806011226E307	1.2835654800787876E307	5.13431263986792E306	3	2	7	4	3
201000	-19104.321780256767	-3472.2677994685173	-15632.053980788249	-3472.2677994685173	1.931337275127921E307	9.456994232534213E307	0.7842542301977333	0.24110732497750859	2.2660721012579343	0.4928205737645496	0.24110732497750859	2.2660721012579343	0.4928205737645496	0.11698502726369593	1.08762763946951E-309	0.0	0.0	1.01356993310819E-309	-13458.774780680054	4.0870811780867085E307	2.2214447346104907E307	1.0113728685675662E307	2.431976178435676E307	5.998862842781844E306	4	2	6	4	3
202000	-19180.97221593086	-3516.3425376774785	-15664.629678253381	-3516.3425376774785	1.775385972400345E307	1.2641520288602933E308	0.7842542301977333	0.24110732497750859	2.2660721012579343	0.4928205737645496	0.24110732497750859	2.2660721012579343	0.4928205737645496	0.2739231766425405	1.233625694497446E-309	0.0	0.0	1.29812477870558E-309	-13466.100996991601	9.279067526654677E307	7.198877984996107E307	1.4156989424311547E307	1.8490358597297427E307	9.175229745411193E306	4	1	7	4	3
203000	-19137.28309413232	-3510.153449420935	-15627.129644711385	-3510.153449420935	1.7509116085125243E307	1.1426917610531006E308	0.7842542301977333	0.24110732497750859	2.2660721012579343	0.4928205737645496	0.24110732497750859	2.2660721012579343	0.4928205737645496	0.10172463521886681	5.6403934445753E-310	0.0	0.0	5.4973768918478E-310	-13465.609792414538	3.6931136260670344E307	3.9475303080285035E307	3.182177227948888E307	3.1377669958518053E307	1.1630544198067088E307	4	5	3	4	3
204000	-19157.067776215918	-3483.00543485558	-15674.062341360337	-3483.00543485558	4.549519260362549E307	Infinity	0.7842542301977333	0.24110732497750859	2.2660721012579343	0.4928205737645496	0.24110732497750859	2.2660721012579343	0.4928205737645496	0.17831536213731558	0.0	0.0	0.0	2.3168708666871E-310	-13485.914299692291	1.5419574945163475E308	8.384291352125181E307	6.480869040971525E307	3.8405362555801104E307	2.637899653904696E307	3	6	5	2	3
205000	-19110.626687586035	-3463.6150859942136	-15647.011601591821	-3463.6150859942136	3.24127881013805E307	Infinity	0.7842542301977333	0.24110732497750859	2.2660721012579343	0.4928205737645496	0.24110732497750859	2.2660721012579343	0.4928205737645496	0.1111067882647682	0.0	0.0	0.0	4.9113158796692E-310	-13475.44237687912	1.2163011607406084E308	3.0911008785086594E307	4.815285157563032E307	3.1901688009405145E307	2.1420119077309938E307	5	9	2	1	2
206000	-19163.014856072215	-3516.576736018178	-15646.438120054036	-3516.576736018178	4.177775953449926E307	Infinity	0.7842542301977333	0.24110732497750859	2.2660721012579343	0.4928205737645496	0.24110732497750859	2.2660721012579343	0.4928205737645496	0.09781477570784196	0.0	0.0	0.0	3.434067864196E-310	-13483.843784546205	9.731499806970978E307	5.550071182158313E307	5.34847184669564E307	1.868192316008919E307	1.545441670970994E307	3	6	7	1	2
207000	-19138.428848828782	-3512.8320977770245	-15625.596751051757	-3512.8320977770245	1.6816150097069793E307	1.451947154727944E308	0.7842542301977333	0.24110732497750859	2.2660721012579343	0.4928205737645496	0.24110732497750859	2.2660721012579343	0.4928205737645496	0.10531011788104018	7.90260911480617E-310	0.0	0.0	7.8384523325308E-310	-13470.190380047956	1.2224907057325254E308	6.023112382975042E307	1.633005270041506E307	1.0883467262172649E307	5.474127724124439E306	1	10	5	1	2
208000	-19167.90287823111	-3514.9190008253304	-15652.98387740578	-3514.9190008253304	1.3071092844675662E307	8.965684972094639E307	0.7842542301977333	0.24110732497750859	2.2660721012579343	0.4928205737645496	0.24110732497750859	2.2660721012579343	0.4928205737645496	0.25171968228542096	1.554067512544727E-309	0.0	0.0	1.598439387049143E-309	-13462.707173211129	7.434386361302683E307	4.0021469207314757E307	1.490685926303461E307	1.9679976437882425E307	8.454709670322915E306	1	7	9	1	1
209000	-19108.06292208619	-3481.63624279485	-15626.426679291339	-3481.63624279485	1.4825095608057433E307	1.0129850325590882E308	0.7842542301977333	0.24110732497750859	2.2660721012579343	0.4928205737645496	0.24110732497750859	2.2660721012579343	0.4928205737645496	0.12307300429531187	1.03092734267247E-309	0.0	0.0	1.038199661535414E-309	-13460.805755468633	8.319849524256647E307	2.695687366604789E307	2.5117772014336263E307	6.45033949387107E306	6.212689515399637E306	1	7	7	3	1
210000	-19140.180172594362	-3502.281159661735	-15637.899012932628	-3502.281159661735	7.943875054364815E306	6.003936825446533E307	0.7842542301977333	0.24110732497750859	2.2660721012579343	0.4928205737645496	0.24110732497750859	2.2660721012579343	0.4928205737645496	0.17440131199671788	1.898769614880655E-309	0.0	0.0	1.75323376172508E-309	-13457.217010517788	3.350458879894089E307	1.9854779861419204E307	1.6204304384061338E307	1.710705504646896E307	2.2035598110136533E307	1	7	6	3	2
211000	-19146.01192338243	-3480.5081338511354	-15665.503789531294	-3480.5081338511354	4.761973554411745E307	Infinity	0.7842542301977333	0.24110732497750859	2.2660721012579343	0.4928205737645496	0.24110732497750859	2.2660721012579343	0.4928205737645496	0.31929247253865417	0.0	0.0	0.0	4.70248193199775E-310	-13470.640199922718	3.399129725149181E307	3.7398681226162746E307	2.256267303970061E307	4.532419201689079E307	3.383817928064819E307	2	9	3	1	4
212000	-19133.707049844365	-3474.822424609267	-15658.884625235098	-3474.822424609267	2.7090793797369364E307	1.3931196043753465E308	0.7842542301977333	0.24110732497750859	2.2660721012579343	0.4928205737645496	0.24110732497750859	2.2660721012579343	0.4928205737645496	0.18075491407155933	7.04806003186267E-310	0.0	0.0	6.95088597335257E-310	-13469.033062900999	9.17634455000666E307	1.3799036495633796E308	4.098704363183585E307	2.308026729775379E307	1.8559395757624682E307	2	2	1	8	6
213000	-19164.29263113837	-3512.410503308835	-15651.882127829536	-3512.410503308835	2.644100874805308E307	1.1568636238362732E308	0.7842542301977333	0.24110732497750859	2.2660721012579343	0.4928205737645496	0.24110732497750859	2.2660721012579343	0.4928205737645496	0.2136240823034304	1.38141954071713E-309	0.0	0.0	1.465485632716335E-309	-13458.259152006109	3.9360201954902516E307	3.3264363361004704E307	1.3262269966630793E307	6.68076937116449E306	1.6839406063031393E307	1	3	1	5	9
214000	-19111.696780878778	-3487.5485123050867	-15624.148268573692	-3487.5485123050867	9.399731713461498E306	5.424718576748466E307	0.7842542301977333	0.24110732497750859	2.2660721012579343	0.4928205737645496	0.24110732497750859	2.2660721012579343	0.4928205737645496	0.16773829372790966	1.72738451511612E-309	0.0	0.0	1.79273380060922E-309	-13451.410160657299	1.9127646359276035E307	1.5468514251170765E307	1.3692107700141054E307	7.250438411367613E306	7.944437327666034E306	1	3	1	5	9
215000	-19119.4689496599	-3501.5320920531653	-15617.936857606734	-3501.5320920531653	4.92504558322217E306	2.4970682891867315E307	0.7842542301977333	0.24110732497750859	2.2660721012579343	0.4928205737645496	0.24110732497750859	2.2660721012579343	0.4928205737645496	0.20409550324755016	6.18742283755639E-309	0.0	0.0	6.281426383530405E-309	-13436.409149301464	6.649105405749082E306	7.438632549345993E306	3.999559852065356E306	2.1053738521445163E306	3.425529419378105E306	6	3	5	4	1
216000	-19108.86745358205	-3487.185162488343	-15621.682291093708	-3487.185162488343	5.1116267790151326E306	2.9922467759218957E307	0.7842542301977333	0.24110732497750859	2.2660721012579343	0.4928205737645496	0.24110732497750859	2.2660721012579343	0.4928205737645496	0.18908715416277125	4.442595203483695E-309	0.0	0.0	4.258212036026596E-309	-13439.85808416874	7.808962788898435E306	4.27317521075215E306	2.4832994760858095E306	1.5992683494247098E306	6.997200685050591E305	6	10	1	1	1
217000	-19083.89561439919	-3486.9670688831384	-15596.92854551605	-3486.9670688831384	2.523604228247047E306	1.5584870903547707E307	0.7842542301977333	0.06886084334501708	2.660405850793373	0.27073330586160266	0.06886084334501708	2.660405850793373	0.27073330586160266	0.18032139915730772	5.19971136799106E-309	0.0	0.0	5.375317367655744E-309	-13423.26472976872	2.0132144236973782E306	3.415971472984583E306	4.494078273895794E306	1.6298524200276022E306	7.450160153012701E305	13	1	3	1	1
218000	-19137.72828289715	-3500.3212417064633	-15637.407041190689	-3500.3212417064633	7.125385616354751E306	3.5888226088494094E307	0.7842542301977333	0.06886084334501708	2.660405850793373	0.27073330586160266	0.06886084334501708	2.660405850793373	0.27073330586160266	0.3270261532326346	3.27076441802494E-309	0.0	0.0	3.26088415920861E-309	-13443.149931667916	1.3151992012313037E307	1.0058739746090446E307	3.403751109648693E306	6.731957839476621E306	6.132187524260787E306	6	2	2	8	1
219000	-19098.54123898421	-3497.105238941951	-15601.43600004226	-3497.105238941951	7.280822320531001E306	3.3536514447254947E307	0.7842542301977333	0.06886084334501708	2.660405850793373	0.27073330586160266	0.06886084334501708	2.660405850793373	0.27073330586160266	0.10263317643818526	3.5155553778415E-309	0.0	0.0	3.410967167684604E-309	-13441.477166387873	7.874433491186172E306	1.341525643896593E307	5.920964708537947E306	8.261276362236821E306	5.287596563976638E306	3	9	1	4	2
220000	-19100.4355928258	-3485.6728840308224	-15614.762708794977	-3485.6728840308224	6.231265568997154E306	3.1278513194833265E307	0.7842542301977333	0.06886084334501708	2.660405850793373	0.27073330586160266	0.06886084334501708	2.660405850793373	0.27073330586160266	0.1389282918637955	4.03479807260263E-309	0.0	0.0	3.74605085836897E-309	-13441.385334142493	2.1027408491183066E307	1.1086224271321434E307	9.729796118019731E306	7.515096143435035E306	5.3928487961351454E306	3	6	2	6	2
221000	-19202.86655423241	-3526.402285511887	-15676.464268720521	-3526.402285511887	3.601364719003199E307	Infinity	0.7842542301977333	0.06886084334501708	2.660405850793373	0.27073330586160266	0.06886084334501708	2.660405850793373	0.27073330586160266	0.2717238554589435	0.0	0.0	0.0	9.91248570318507E-310	-13475.62321863055	4.072449958207505E307	3.3592868811800137E307	1.2113957733037952E307	2.5214127136737314E307	7.705002525839897E306	4	8	1	3	3
222000	-19114.35856092468	-3474.3958735984274	-15639.962687326253	-3474.3958735984274	2.3759003746632836E307	1.3627719751025057E308	0.7842542301977333	0.06886084334501708	2.660405850793373	0.27073330586160266	0.06886084334501708	2.660405850793373	0.27073330586160266	0.16140733509989938	7.5406493362578E-310	0.0	0.0	7.7204952643866E-310	-13468.425913699448	4.16222279665941E307	2.994049803185135E307	2.5774875415899804E307	2.272541516507231E307	2.8353901400292093E307	1	2	7	5	4
223000	-19130.284324551263	-3451.107948164641	-15679.176376386624	-3451.107948164641	3.9817769726653096E307	Infinity	0.7842542301977333	0.06886084334501708	2.660405850793373	0.27073330586160266	0.06886084334501708	2.660405850793373	0.27073330586160266	0.3140921969942193	0.0	0.0	0.0	3.53918377548906E-310	-13479.15160394624	7.491192692574026E307	4.769860260356396E307	2.8998698206070867E307	3.643374768103876E307	3.600534885542715E307	4	2	6	1	6
224000	-19183.206800665528	-3491.627197004638	-15691.57960366089	-3491.627197004638	4.1057573408107246E307	Infinity	0.7842542301977333	0.06886084334501708	2.660405850793373	0.27073330586160266	0.06886084334501708	2.660405850793373	0.27073330586160266	0.34313704829366776	0.0	0.0	0.0	4.81462869406203E-310	-13480.58041225865	1.6516519123406268E308	8.021176857076297E307	3.9318103106834207E307	5.75839412336298E307	2.4634666069449803E307	3	4	1	7	4
225000	-19183.770561897854	-3490.315292525828	-15693.455269372025	-3490.315292525828	1.0586437852486296E308	Infinity	0.7842542301977333	0.06886084334501708	2.3826643041017856	0.5484748525531902	0.06886084334501708	2.3826643041017856	0.5484748525531902	0.2508210571973138	0.0	0.0	0.0	2.3245642260572E-310	-13493.178176096259	1.2783250494546819E308	5.505906025073654E307	1.2263371731457814E308	5.94818633495112E307	5.968246935813306E307	1	4	4	4	6
226000	-19161.414580643057	-3482.556483978891	-15678.858096664166	-3482.556483978891	3.02730622624683E307	Infinity	0.7842542301977333	0.06886084334501708	2.3826643041017856	0.5484748525531902	0.06886084334501708	2.3826643041017856	0.5484748525531902	0.2454262561415996	0.0	0.0	0.0	6.296908503753E-310	-13481.59596213627	4.834587428406725E307	4.642664317916191E307	3.356417063947486E307	3.50131496822093E307	2.1911570687865358E307	1	2	1	14	1
227000	-19149.712707462444	-3470.8177578930695	-15678.894949569376	-3470.8177578930695	5.43947599763729E307	Infinity	0.7842542301977333	0.06886084334501708	2.3826643041017856	0.5484748525531902	0.06886084334501708	2.3826643041017856	0.5484748525531902	0.23807061605800373	0.0	0.0	0.0	2.44513885207015E-310	-13485.746321428927	8.01951478576603E307	2.8346695976995426E307	8.676018235717716E307	6.523179545237102E307	3.3247715065839636E307	4	1	1	11	2
228000	-19135.544174217932	-3454.774694081316	-15680.769480136616	-3454.774694081316	9.665740018757067E307	Infinity	0.7842542301977333	0.06886084334501708	2.3826643041017856	0.5484748525531902	0.06886084334501708	2.3826643041017856	0.5484748525531902	0.21347714602075413	0.0	0.0	0.0	1.75691826955494E-310	-13490.764036261193	1.2437607905757808E308	1.0004968363701652E308	6.802999004094052E307	9.457722274312658E307	1.1167315060237908E308	6	2	1	9	1
229000	-19189.8124484739	-3517.8161261638825	-15671.996322310017	-3517.8161261638825	8.928358745520403E307	Infinity	0.7842542301977333	0.06886084334501708	2.3826643041017856	0.5484748525531902	0.06886084334501708	2.3826643041017856	0.5484748525531902	0.1733675285102112	0.0	0.0	0.0	1.78574987671965E-310	-13485.755122297905	9.348240336479424E307	1.2813321748273304E308	5.044162751119579E307	6.763700183404372E307	3.1958201961339843E307	4	4	4	5	2
230000	-19161.911429037602	-3462.090652068069	-15699.820776969533	-3462.090652068069	9.862256099439864E307	Infinity	0.7842542301977333	0.06886084334501708	2.3826643041017856	0.5484748525531902	0.06886084334501708	2.3826643041017856	0.5484748525531902	0.28401414321232066	0.0	0.0	0.0	1.54798493338796E-310	-13497.205698340038	1.3738021749300872E308	1.4215884878007353E308	1.3153262978367394E308	1.0649256066149083E308	5.601617825195885E307	7	6	2	2	2
231000	-19177.549725773933	-3482.855002868693	-15694.694722905242	-3482.855002868693	8.339462926895419E307	Infinity	0.7842542301977333	0.06886084334501708	2.3826643041017856	0.5484748525531902	0.06886084334501708	2.3826643041017856	0.5484748525531902	0.3849654369458622	0.0	0.0	0.0	4.6558176391907E-310	-13485.3262402005	1.2372257665106422E308	8.489053776482267E307	9.775740829733229E307	1.0098713683883098E308	6.643581213880676E307	3	1	7	2	6
232000	-19176.765653585637	-3497.6478879365113	-15679.117765649125	-3497.6478879365113	4.1412762422598834E307	Infinity	0.7842542301977333	0.06886084334501708	2.3826643041017856	0.5484748525531902	0.06886084334501708	2.3826643041017856	0.5484748525531902	0.2324825187844117	0.0	0.0	0.0	3.9874822120753E-310	-13482.053678966544	8.366762054873227E307	3.7426908694338726E307	4.683967576826371E307	3.0023233809946405E307	5.865893869962427E307	12	1	3	1	2
233000	-19148.00933718766	-3477.8559498567347	-15670.153387330927	-3477.8559498567347	1.999011532516529E307	1.3252044490842612E308	0.7842542301977333	0.06886084334501708	2.1999056914957222	0.7312334651592536	0.06886084334501708	2.1999056914957222	0.7312334651592536	0.3354342343667886	5.97415228398154E-310	0.0	0.0	6.2480530577532E-310	-13469.510294680025	1.821437568687476E307	3.1424843052536695E307	4.0095402699834924E307	1.977263451664986E307	2.0637142406609768E307	5	2	7	1	4
234000	-19163.947915878627	-3470.3617718624923	-15693.586144016133	-3470.3617718624923	6.631843877184586E307	Infinity	0.7842542301977333	0.06886084334501708	2.1999056914957222	0.7312334651592536	0.06886084334501708	2.1999056914957222	0.7312334651592536	0.2530940824068435	0.0	0.0	0.0	2.2464257555242E-310	-13487.491792127214	1.3270594849460482E308	3.1500560191797376E307	1.0773899539519588E308	6.201199948788914E307	6.800918539572422E307	7	2	5	1	4
235000	-19164.821660496214	-3487.900166751786	-15676.921493744427	-3487.900166751786	1.6495094097025346E308	Infinity	0.7842542301977333	0.06886084334501708	2.1999056914957222	0.7312334651592536	0.06886084334501708	2.1999056914957222	0.7312334651592536	0.12848560817649332	0.0	0.0	0.0	1.32752512685937E-310	-13501.031146402835	1.3270594849460482E308	1.4368373436590345E308	7.534538224928197E307	9.18826616632828E307	1.1573321628281925E308	6	7	1	1	4
236000	-19167.001174419333	-3488.6209718714063	-15678.380202547927	-3488.6209718714063	4.664405901431642E307	Infinity	0.7842542301977333	0.06886084334501708	2.1999056914957222	0.7312334651592536	0.06886084334501708	2.1999056914957222	0.7312334651592536	0.23977429723904262	0.0	0.0	0.0	4.39788485386367E-310	-13473.895813964999	3.7537221353444676E307	5.753826499898524E307	3.6641371353796587E307	5.364976371910211E307	2.684776314395449E307	6	5	1	1	6
237000	-19187.985753408975	-3504.7102902592783	-15683.275463149697	-3504.7102902592783	6.391315006625129E307	Infinity	0.7842542301977333	0.06886084334501708	2.1999056914957222	0.7312334651592536	0.06886084334501708	2.1999056914957222	0.7312334651592536	0.24003618468056478	0.0	0.0	0.0	2.86157294024206E-310	-13478.959052503124	8.53254705985939E307	2.5751803302322523E307	8.953253556262114E307	6.890534281158553E307	4.708634356090783E307	2	6	5	1	5
238000	-19174.331781949546	-3478.1195967848516	-15696.212185164695	-3478.1195967848516	9.109447621938615E307	Infinity	0.7842542301977333	0.06886084334501708	2.431353042431584	0.4997861142233918	0.06886084334501708	2.431353042431584	0.4997861142233918	0.2658199631910492	0.0	0.0	0.0	1.54603039835974E-310	-13492.496041692086	1.1581279273613001E308	9.331402864181747E307	4.858843110856068E307	7.585862084016428E307	5.941549964724226E307	7	4	2	2	4
239000	-19161.727197827884	-3511.1394868581215	-15650.587710969763	-3511.1394868581215	8.794691199069847E307	Infinity	0.7842542301977333	0.06886084334501708	2.431353042431584	0.4997861142233918	0.06886084334501708	2.431353042431584	0.4997861142233918	0.09072999389634893	0.0	0.0	0.0	1.9800165543634E-310	-13493.876407285423	1.4611835819244072E308	9.331402864181747E307	7.978359367476456E307	4.921414257713418E307	7.513979396932693E307	9	4	2	2	2
240000	-19169.15509844934	-3518.4277497023445	-15650.727348746997	-3518.4277497023445	4.179091528658461E307	Infinity	0.7842542301977333	0.06886084334501708	2.431353042431584	0.4997861142233918	0.06886084334501708	2.431353042431584	0.4997861142233918	0.11032710955360547	0.0	0.0	0.0	3.6707156043877E-310	-13480.37239218169	5.019632838569023E307	5.586552946124968E307	5.616061463620399E307	4.421151615596927E307	3.501881281150788E307	1	12	1	3	2
241000	-19137.237044199268	-3459.373256061375	-15677.863788137895	-3459.373256061375	8.251128863414565E307	Infinity	0.7842542301977333	0.06886084334501708	2.431353042431584	0.4997861142233918	0.06886084334501708	2.431353042431584	0.4997861142233918	0.15717322404668901	0.0	0.0	0.0	1.4496409089127E-310	-13492.778415986117	1.025878460717025E308	7.589294648815535E307	8.084247372162669E307	1.0076889042707078E308	1.5614771527886817E307	3	3	1	10	2
242000	-19176.990064081994	-3497.549204556524	-15679.44085952547	-3497.549204556524	8.757862168654091E307	Infinity	0.7842542301977333	0.06886084334501708	2.431353042431584	0.4997861142233918	0.06886084334501708	2.431353042431584	0.4997861142233918	0.20174009933295756	0.0	0.0	0.0	2.07411668212207E-310	-13494.638543092839	1.6307598255925906E308	9.400788764342587E307	1.2698354190231835E308	1.0995702304121401E308	4.801188796446749E307	1	11	4	1	2
243000	-19187.920412144213	-3501.42337234826	-15686.497039795951	-3501.42337234826	1.0198521243003648E308	Infinity	0.7842542301977333	0.06886084334501708	2.431353042431584	0.4997861142233918	0.06886084334501708	2.431353042431584	0.4997861142233918	0.19664967924258525	0.0	0.0	0.0	1.1944761566267E-310	-13498.847089315354	1.291380498245215E308	1.0029307732395389E308	1.7208672457233406E308	1.2524553565358136E308	4.672396841122947E307	1	5	8	3	2
244000	-19172.71397454007	-3466.293237001275	-15706.420737538794	-3466.293237001275	8.578708201701546E307	Infinity	0.7842542301977333	0.3336392274817751	2.431353042431584	0.23500773008663378	0.3336392274817751	2.431353042431584	0.23500773008663378	0.40646240700183744	0.0	0.0	0.0	2.0255299091418E-310	-13494.46039525636	1.291380498245215E308	1.1351597749822591E308	1.7930654911233919E308	6.789987728053988E307	2.70361441239305E307	4	1	2	10	2
245000	-19196.56528445825	-3522.8296041216777	-15673.735680336573	-3522.8296041216777	1.6178959101159944E307	8.550814520289338E307	0.7842542301977333	0.3336392274817751	2.431353042431584	0.23500773008663378	0.3336392274817751	2.431353042431584	0.23500773008663378	0.40733055925675793	1.86778078225196E-309	0.0	0.0	2.046426222841005E-309	-13460.974198153208	7.322779654084826E307	2.498634296983441E307	1.0589161981556322E307	3.582921360631218E307	1.5994210254839724E307	2	3	7	5	2
246000	-19181.923125470377	-3508.2194744364733	-15673.703651033906	-3508.2194744364733	1.6129259978770175E307	1.0374111274773081E308	0.7842542301977333	0.3336392274817751	2.431353042431584	0.23500773008663378	0.3336392274817751	2.431353042431584	0.23500773008663378	0.37254767188354376	9.03209066954646E-310	0.0	0.0	8.79637815409466E-310	-13465.335035900503	3.97655337917389E307	2.5290656630872714E307	3.4654122561383504E307	1.3264823020656417E307	7.484487749265433E306	2	1	7	7	2
247000	-19156.752519191057	-3495.601696441662	-15661.150822749396	-3495.601696441662	2.5083237416404026E307	1.2929051393804783E308	0.5982126101771582	0.3336392274817751	2.0814063979025876	0.58495437461563	0.3336392274817751	2.0814063979025876	0.58495437461563	0.2851840890434776	6.9832505039884E-310	0.0	0.0	7.78605315858605E-310	-13469.944177295352	4.726812354436397E307	2.0506858457602445E307	1.3503466380876306E307	9.199287023144027E306	4.4311677075653334E306	6	2	7	3	1
248000	-19140.97111411172	-3513.540256308076	-15627.430857803643	-3513.540256308076	2.6784358527948E307	1.342845272981269E308	0.5982126101771582	0.3336392274817751	2.0814063979025876	0.58495437461563	0.3336392274817751	2.0814063979025876	0.58495437461563	0.11906676279603133	6.67745665462354E-310	0.0	0.0	6.5833594013594E-310	-13467.556202542959	4.207657438443402E307	2.6996681794149686E307	2.276314964634615E307	1.2392595226267587E307	2.33361601301888E307	14	1	1	2	1
249000	-19149.274046264138	-3493.846147311346	-15655.427898952792	-3493.846147311346	1.7757972470109383E307	1.2612829248041245E308	0.7968377749181096	0.3336392274817751	2.0814063979025876	0.58495437461563	0.3336392274817751	2.0814063979025876	0.58495437461563	0.18396943480051686	7.998047109359E-310	0.0	0.0	8.0089724595522E-310	-13470.363250257757	4.3337632822812796E307	2.301429592073981E307	3.157056986749787E307	3.077350153213103E307	3.8329155929742395E307	7	8	1	2	1
250000	-19132.036156184364	-3462.1840452876418	-15669.852110896723	-3462.1840452876418	3.385180510697571E307	Infinity	0.7968377749181096	0.0898476973522356	2.3251979280321273	0.58495437461563	0.0898476973522356	2.3251979280321273	0.58495437461563	0.2465313107437536	0.0	0.0	0.0	3.9583939730591E-310	-13476.57669756979	5.690328261686845E307	2.4693490986190856E307	3.925241143499585E307	2.8779702032170205E307	5.793310843016481E306	7	1	1	9	1
251000	-19135.797344009836	-3453.365433977489	-15682.431910032346	-3453.365433977489	6.477638533045331E307	Infinity	0.7968377749181096	0.0898476973522356	2.3251979280321273	0.58495437461563	0.0898476973522356	2.3251979280321273	0.58495437461563	0.30007185894266825	0.0	0.0	0.0	4.07327052596095E-310	-13481.22259961777	1.2093627245838883E308	7.319463462884405E307	1.0787377817778007E308	9.297067736826397E307	4.623106328933487E307	1	6	4	4	4
252000	-19165.995475081556	-3467.702215905895	-15698.293259175662	-3467.702215905895	1.0232684352204798E308	Infinity	0.7968377749181096	0.0898476973522356	2.3251979280321273	0.58495437461563	0.0898476973522356	2.3251979280321273	0.58495437461563	0.23748580820439025	0.0	0.0	0.0	1.52411255696637E-310	-13493.377511218994	1.4285647803529154E308	7.794362533526704E307	1.152228215520317E308	1.0100794931268291E308	6.110417716674553E307	1	6	4	4	4
253000	-19190.867542757853	-3495.4907899397376	-15695.376752818114	-3495.4907899397376	3.9195856089184446E307	Infinity	0.7968377749181096	0.0898476973522356	2.3251979280321273	0.58495437461563	0.0898476973522356	2.3251979280321273	0.58495437461563	0.4027618441719393	0.0	0.0	0.0	3.91132262494064E-310	-13476.059222361562	7.555881841092245E307	9.567567835648275E307	3.3231162225720415E307	1.9392730089302806E307	4.1463219830153514E306	1	4	9	4	1
254000	-19199.725778720345	-3506.6793093002907	-15693.046469420055	-3506.6793093002907	2.6121053324343286E307	Infinity	0.7968377749181096	0.0898476973522356	2.3251979280321273	0.58495437461563	0.0898476973522356	2.3251979280321273	0.58495437461563	0.3333540979049994	0.0	0.0	0.0	4.9115096470834E-310	-13479.142167811411	1.7681149568230477E308	7.73984955366836E307	5.098373563517063E307	5.48122277102541E307	4.1899642440822164E307	2	1	7	3	6
255000	-19120.51781965154	-3507.0349074701935	-15613.482912181345	-3507.0349074701935	7.500057985355368E306	4.84068916153642E307	0.7968377749181096	0.0898476973522356	2.3251979280321273	0.58495437461563	0.0898476973522356	2.3251979280321273	0.58495437461563	0.10116449105530537	1.807242747839423E-309	0.0	0.0	1.784517166551555E-309	-13452.80819117839	5.643908418466501E307	2.673084155495293E307	3.7972459570859517E307	2.67267001569407E307	9.383664463150951E306	5	1	1	1	11
256000	-19190.2347747256	-3508.233579713474	-15682.001195012126	-3508.233579713474	1.8123575066468738E307	9.665750601285207E307	0.7968377749181096	0.0898476973522356	2.3251979280321273	0.58495437461563	0.0898476973522356	2.3251979280321273	0.58495437461563	0.45022089258253	1.186779526906447E-309	0.0	0.0	1.283119198572127E-309	-13461.261264099665	1.4381299652057594E307	2.765952112998069E307	4.0757402209351645E307	1.7255583986454037E307	2.617719894058804E307	9	1	1	1	7
257000	-19130.291932889584	-3484.2411804113062	-15646.050752478279	-3484.2411804113062	1.0526244995978661E307	7.359364083209396E307	0.7968377749181096	0.0898476973522356	2.3251979280321273	0.58495437461563	0.0898476973522356	2.3251979280321273	0.58495437461563	0.2262143962290907	1.40543704551739E-309	0.0	0.0	1.340423869608183E-309	-13459.974029534527	6.395172605678481E307	2.4284204764492586E307	2.0599836467296394E307	1.400778495921616E307	1.2342973898655123E307	2	10	4	2	1
258000	-19124.16252401997	-3480.474610530626	-15643.687913489342	-3480.474610530626	1.9651995978339653E307	1.3529781231107608E308	0.7968377749181096	0.0898476973522356	2.3251979280321273	0.58495437461563	0.0898476973522356	2.3251979280321273	0.58495437461563	0.17176781672240723	6.92492555432684E-310	0.0	0.0	6.77681599390384E-310	-13469.10266584685	8.195874599747302E307	1.988848369864335E307	2.191613494813295E307	2.1690305391894937E307	6.261452931981539E306	2	4	9	3	1
259000	-19152.038023646925	-3487.273978188359	-15664.764045458565	-3487.273978188359	1.5633315787122463E307	9.757280660555445E307	0.7968377749181096	0.0898476973522356	2.3251979280321273	0.58495437461563	0.0898476973522356	2.3251979280321273	0.58495437461563	0.2623960118412495	1.294747753955275E-309	0.0	0.0	1.26447445291565E-309	-13464.526419922573	1.2507189402015904E308	2.3277623482005267E307	8.997530127094966E306	5.683572877386758E306	4.008864189761651E306	1	7	9	1	1
260000	-19120.85339647923	-3487.6831578864303	-15633.1702385928	-3487.6831578864303	1.7962665985197748E307	6.967632536031055E307	0.7968377749181096	0.0898476973522356	2.3251979280321273	0.58495437461563	0.0898476973522356	2.3251979280321273	0.58495437461563	0.18829642190189935	2.00327478557542E-309	0.0	0.0	2.1884286318619E-309	-13451.251554954913	3.25510573583177E307	1.648224141571114E307	5.4485878352088325E306	1.8648010845586508E307	2.8201360042064E307	2	7	7	1	2
261000	-19090.979143272045	-3454.435174971151	-15636.543968300894	-3454.435174971151	1.0102502404558486E307	5.492063794056868E307	0.7968377749181096	0.0898476973522356	2.3251979280321273	0.58495437461563	0.0898476973522356	2.3251979280321273	0.58495437461563	0.24890076253525847	1.856668374929977E-309	0.0	0.0	1.73270795354581E-309	-13448.96712478756	3.2676408655237613E307	1.1021858243729217E307	1.0021176335401623E307	5.692717873888488E306	1.5687585385500052E306	1	2	12	2	2
262000	-19092.114540610903	-3496.821005357869	-15595.293535253033	-3496.821005357869	3.431111836925766E306	1.8378536505757644E307	0.7968377749181096	0.0898476973522356	2.3251979280321273	0.58495437461563	0.0898476973522356	2.3251979280321273	0.58495437461563	0.15277714700496706	8.392275967014727E-309	0.0	0.0	7.816938607757206E-309	-13425.625406423727	2.8139423071335954E307	7.053126825830355E306	2.348959585315262E306	4.039551059069557E306	1.3584321715760103E306	1	2	5	9	2
263000	-19069.047455743308	-3462.3343727065026	-15606.713083036804	-3462.3343727065026	1.8472798069790472E306	8.303120304775917E306	0.7968377749181096	0.1270018936969476	2.6346303488850285	0.23836775741801697	0.1270018936969476	2.6346303488850285	0.23836775741801697	0.24576068570691478	1.343226988723573E-308	0.0	0.0	1.403832951682355E-308	-13416.375029027196	5.5478415856719145E306	4.438089336428761E306	5.425974791915841E306	1.880748282117484E306	8.674092633843417E305	2	1	1	8	7
264000	-19032.117390305306	-3476.6987301619265	-15555.418660143381	-3476.6987301619265	7.754265508270294E305	5.3366880830153274E306	0.7968377749181096	0.1270018936969476	2.6346303488850285	0.23836775741801697	0.1270018936969476	2.6346303488850285	0.23836775741801697	0.08444428464761575	2.009136024990869E-308	0.0	0.0	2.0309327894656434E-308	-13409.42815393543	2.2888086217299485E306	3.76726372547472E306	1.5463665123052205E306	9.93389921315494E305	4.2960857020201304E305	5	1	5	7	1
265000	-19081.750401453843	-3525.860033512481	-15555.890367941363	-3525.860033512481	4.564317382004485E305	3.0159723881483706E306	0.7968377749181096	0.1270018936969476	2.6346303488850285	0.23836775741801697	0.1270018936969476	2.6346303488850285	0.23836775741801697	0.13503041647918262	4.2208010986796397E-308	0.0	0.0	4.351708371229058E-308	-13395.605006643884	1.0884376250856842E306	1.921069543094203E306	5.6493924859688255E305	6.3948058570494775E305	1.9053625658431716E305	4	2	8	3	2
266000	-19080.080231119937	-3495.1944195675906	-15584.885811552347	-3495.1944195675906	9.170298396845527E305	5.477671400930036E306	0.7968377749181096	0.1270018936969476	2.6346303488850285	0.23836775741801697	0.1270018936969476	2.6346303488850285	0.23836775741801697	0.2726510238426271	2.040972655745439E-308	0.0	0.0	2.001228267476983E-308	-13403.390706829998	7.244809595020432E305	6.669171556403769E305	1.0477893178718603E306	1.5802669014274698E306	2.949428592700233E305	3	5	3	6	2
267000	-19057.025262824085	-3475.8618782590756	-15581.163384565009	-3475.8618782590756	1.5140207357303187E306	8.612042837849863E306	0.7968377749181096	0.1270018936969476	2.6346303488850285	0.23836775741801697	0.1270018936969476	2.6346303488850285	0.23836775741801697	0.16236538277115153	1.5923752309524617E-308	0.0	0.0	1.6376456651317256E-308	-13415.498350557447	2.606266069616629E306	1.0762800579392626E306	1.7695773323074643E306	1.1061735641918898E306	2.3509063374283895E305	6	6	2	4	1
268000	-19125.701629802443	-3490.8662329354756	-15634.835396866967	-3490.8662329354756	1.195561400487962E307	5.9226434946756E307	0.7968377749181096	0.1270018936969476	2.6346303488850285	0.23836775741801697	0.1270018936969476	2.6346303488850285	0.23836775741801697	0.23504615001835844	1.282739140835323E-309	0.0	0.0	1.2911133127003E-309	-13449.506595523882	1.2350318135834765E307	6.768420190049624E306	4.692564313058771E306	8.646597312320046E306	2.1731292210095674E306	6	3	4	5	1
269000	-19073.99720226075	-3475.091258864702	-15598.90594339605	-3475.091258864702	3.8279539476080406E306	2.7300945430790223E307	0.7968377749181096	0.1270018936969476	2.6346303488850285	0.23836775741801697	0.1270018936969476	2.6346303488850285	0.23836775741801697	0.0968029222862812	4.254272031312285E-309	0.0	0.0	4.35344955821198E-309	-13437.00462397044	2.9297401282768945E306	3.409509768290829E306	9.071247597566967E306	3.9131786681011166E306	2.083300720234917E306	1	6	8	3	1
270000	-19092.151829118855	-3488.892321897223	-15603.25950722163	-3488.892321897223	2.5321283066307603E306	1.4124031244105312E307	0.7968377749181096	0.1270018936969476	2.6346303488850285	0.23836775741801697	0.1270018936969476	2.6346303488850285	0.23836775741801697	0.18922254732654897	1.0011878067189176E-308	0.0	0.0	9.82030082000696E-309	-13422.519568416279	1.0772300809350916E307	6.839888978496144E306	2.054272307015909E306	2.833616396715153E306	1.3246763953637863E306	1	1	7	7	3
271000	-19070.019190419356	-3478.7708822192435	-15591.248308200113	-3478.7708822192435	2.0993438203476353E306	8.907577371759417E306	0.7968377749181096	0.1270018936969476	2.6346303488850285	0.23836775741801697	0.1270018936969476	2.6346303488850285	0.23836775741801697	0.17214049420337116	1.419894982189461E-308	0.0	0.0	1.38416414645919E-308	-13414.145056410538	8.135214608252159E306	2.5423230299668588E306	2.3107504813808207E306	1.75672896349242E306	2.8281291594274314E306	1	6	2	7	3
272000	-19136.765556202867	-3478.843841611178	-15657.921714591688	-3478.843841611178	1.2676181771329765E307	6.383429856198621E307	0.7968377749181096	0.1270018936969476	2.6346303488850285	0.23836775741801697	0.1270018936969476	2.6346303488850285	0.23836775741801697	0.3393257568714866	2.14703755771408E-309	0.0	0.0	1.935680747897815E-309	-13451.544905844366	1.4274671917498E307	1.4052044152372468E307	5.731225173557979E306	4.147453371141942E306	9.396876646947997E306	1	4	1	7	6
273000	-19130.3409309305	-3491.042349139587	-15639.29858179091	-3491.042349139587	1.4167458701091476E307	9.687216860380533E307	0.7968377749181096	0.1270018936969476	2.6346303488850285	0.23836775741801697	0.1270018936969476	2.6346303488850285	0.23836775741801697	0.16945220537277755	1.680692888860156E-309	0.0	0.0	1.665136904493676E-309	-13463.22954218271	4.9100183389458E307	1.6418655796036955E307	1.879735450593223E307	6.511738968012775E306	2.950762613470741E306	1	14	2	1	1
274000	-19193.86746290705	-3482.7061608657214	-15711.161302041328	-3482.7061608657214	1.2003039445075592E308	Infinity	0.7968377749181096	0.1270018936969476	2.6346303488850285	0.23836775741801697	0.1270018936969476	2.6346303488850285	0.23836775741801697	0.32062072713810424	0.0	0.0	0.0	1.36756236527255E-310	-13502.208271472431	1.0503255835139292E308	1.7938135150630322E308	5.577859252148176E307	3.777828600821874E307	3.0132715713279475E307	1	14	2	1	1
275000	-19169.911272127614	-3478.46870139638	-15691.442570731233	-3478.46870139638	8.262143775030083E307	Infinity	0.7968377749181096	0.1270018936969476	2.6346303488850285	0.23836775741801697	0.1270018936969476	2.6346303488850285	0.23836775741801697	0.3074076121365667	0.0	0.0	0.0	2.35503758509957E-310	-13487.874162622995	1.0503255835139292E308	1.0374336964284458E308	1.0894967426692321E308	6.686239706156219E307	3.7079993722174294E307	6	9	2	1	1
276000	-19164.697346673085	-3485.9297616174163	-15678.76758505567	-3485.9297616174163	8.068850385699902E307	Infinity	0.7968377749181096	0.1270018936969476	2.440388387536675	0.4326097187663703	0.1270018936969476	2.440388387536675	0.4326097187663703	0.2157407003799589	0.0	0.0	0.0	3.1361291037841E-310	-13485.687846341953	1.4251712322183916E308	1.145102810646424E308	5.910286745901341E307	5.216221773327897E307	4.280335379906316E307	1	2	4	11	1
277000	-19123.811299408066	-3494.674027781232	-15629.137271626832	-3494.674027781232	4.776002060109966E307	1.7377884554786906E308	0.7968377749181096	0.1270018936969476	2.440388387536675	0.4326097187663703	0.1270018936969476	2.440388387536675	0.4326097187663703	0.11290264940500977	7.0634098814956E-310	0.0	0.0	7.55396850493213E-310	-13467.461870239249	3.742017560458809E307	2.1354029805435655E307	2.125232693386381E307	1.9498335776229216E307	1.4118003753305557E307	1	3	4	10	1
278000	-19140.48188013876	-3467.746952038932	-15672.734928099826	-3467.746952038932	4.671086653472867E307	Infinity	0.7968377749181096	0.1270018936969476	2.440388387536675	0.4326097187663703	0.1270018936969476	2.440388387536675	0.4326097187663703	0.26995080941406335	0.0	0.0	0.0	4.67841069656707E-310	-13471.392651774437	4.3549165229823867E307	4.954498272317475E307	3.654975830022359E307	2.3717796729498147E307	1.5465445064334506E307	5	2	3	8	1
279000	-19109.633111069317	-3464.9277575512347	-15644.705353518084	-3464.9277575512347	6.514063016478186E307	Infinity	0.7968377749181096	0.1270018936969476	2.440388387536675	0.4326097187663703	0.1270018936969476	2.440388387536675	0.4326097187663703	0.09479354309510958	0.0	0.0	0.0	1.8431055111988E-310	-13486.481477963534	7.933579183232734E307	8.869364603995104E307	6.578639642544675E307	7.228558623462423E307	5.058395162676597E307	11	2	4	1	1
280000	-19143.91687088624	-3462.6121900733087	-15681.304680812933	-3462.6121900733087	3.835326117773295E307	Infinity	0.7968377749181096	0.1270018936969476	2.440388387536675	0.4326097187663703	0.1270018936969476	2.440388387536675	0.4326097187663703	0.32331592689272237	0.0	0.0	0.0	5.31048371484527E-310	-13478.890729620567	9.435261670738344E307	5.877660023839465E307	4.72575409980711E307	4.625618919221966E307	3.0617899940886085E307	3	5	3	7	1
281000	-19170.57237943464	-3478.9423833009237	-15691.629996133719	-3478.9423833009237	1.0201157282861793E308	Infinity	0.7968377749181096	0.1270018936969476	2.440388387536675	0.4326097187663703	0.1270018936969476	2.440388387536675	0.4326097187663703	0.32803551046921187	0.0	0.0	0.0	3.21176239029474E-310	-13490.716391211714	1.1126971261961916E308	9.161123900308367E307	7.318953663536168E307	5.355498684472138E307	3.3756263774448566E307	1	7	6	1	4
282000	-19169.288551433416	-3513.7358972728994	-15655.552654160516	-3513.7358972728994	1.1278302406530385E308	Infinity	0.7968377749181096	0.3726644668706284	2.440388387536675	0.1869471455926895	0.3726644668706284	2.440388387536675	0.1869471455926895	0.11097132541930406	0.0	0.0	0.0	2.8914641344448E-310	-13483.016343598423	5.043828635146204E307	4.501715616702949E307	8.247297149722203E307	3.459336866169991E307	4.665225813123802E307	1	7	6	1	4
283000	-19223.172225760027	-3545.4319363837008	-15677.740289376326	-3545.4319363837008	8.865856680282039E307	Infinity	0.7085385774666181	0.01639886211505409	2.488175153763994	0.4954259841209447	0.01639886211505409	2.488175153763994	0.4954259841209447	0.2180180937189387	0.0	0.0	0.0	4.29315565648865E-310	-13485.608379938394	1.0585586087233301E308	3.66145816850237E307	4.2411456475974075E307	5.352499218909327E307	1.773782861290194E307	7	4	1	6	1
284000	-19220.835282926026	-3526.526897823038	-15694.30838510299	-3526.526897823038	1.0735561855845276E308	Infinity	0.7085385774666181	0.01639886211505409	2.488175153763994	0.4954259841209447	0.01639886211505409	2.488175153763994	0.4954259841209447	0.2845973000786486	0.0	0.0	0.0	1.87086069195764E-310	-13494.71858360394	1.5742045581387748E308	1.1514340313601355E308	7.610384638943835E307	7.586633386286022E307	3.676334101125191E307	8	1	2	5	3
285000	-19173.272503006636	-3499.0467114012927	-15674.225791605344	-3499.0467114012927	4.467125487273677E307	Infinity	0.7085385774666181	0.01639886211505409	2.488175153763994	0.4954259841209447	0.01639886211505409	2.488175153763994	0.4954259841209447	0.2155074715887875	0.0	0.0	0.0	7.2376935943718E-310	-13476.885250468287	1.2635620407744686E308	4.810854311361303E307	5.712601438865037E307	3.8461866637343766E307	1.4363834600151028E307	1	7	3	6	2
286000	-19216.61746500656	-3543.2232484684087	-15673.39421653815	-3543.2232484684087	9.32844915812915E307	Infinity	0.7085385774666181	0.01639886211505409	2.488175153763994	0.4954259841209447	0.01639886211505409	2.488175153763994	0.4954259841209447	0.19045809712824854	0.0	0.0	0.0	2.16062212704835E-310	-13487.268026226482	8.2351553612665E307	4.154255286955857E307	7.236108317784296E307	9.249885547566712E307	5.342425009192016E307	1	7	1	8	2
287000	-19196.612242652503	-3510.670273090769	-15685.941969561736	-3510.670273090769	4.076394238782496E307	Infinity	0.7085385774666181	0.01639886211505409	2.488175153763994	0.4954259841209447	0.01639886211505409	2.488175153763994	0.4954259841209447	0.4637689981460973	0.0	0.0	0.0	5.05187319887124E-310	-13475.232753300035	5.653073355889843E307	5.907118512800417E307	2.6486930084889395E307	2.0400930868619876E307	1.504093136510265E307	1	11	1	4	2
288000	-19217.649504953697	-3520.1538256209583	-15697.49567933274	-3520.1538256209583	4.951142071017723E307	Infinity	0.7085385774666181	0.01639886211505409	2.488175153763994	0.4954259841209447	0.01639886211505409	2.488175153763994	0.4954259841209447	0.33595868420167885	0.0	0.0	0.0	2.54825527701776E-310	-13488.578462398908	1.5541523389347937E308	6.34368904644588E307	4.549701829293396E307	2.529691184294429E307	8.310883091542014E306	1	11	1	4	2
289000	-19168.882593663973	-3493.0925912159314	-15675.79000244804	-3493.0925912159314	6.607549589444108E307	Infinity	0.7085385774666181	0.01639886211505409	2.488175153763994	0.4954259841209447	0.01639886211505409	2.488175153763994	0.4954259841209447	0.18191442373964753	0.0	0.0	0.0	3.1750576128096E-310	-13493.218273885446	1.2397967867444132E308	7.97304719929478E307	4.2631452393199355E307	4.866339100941285E307	3.571273125441999E307	6	3	4	3	3
290000	-19189.273706352855	-3482.989359247439	-15706.284347105415	-3482.989359247439	9.546774157666219E307	Infinity	0.7085385774666181	0.01639886211505409	2.488175153763994	0.4954259841209447	0.01639886211505409	2.488175153763994	0.4954259841209447	0.42727832842586383	0.0	0.0	0.0	1.79070856369146E-310	-13492.36438612007	1.4066399987634006E308	5.451717457652503E307	1.5229099648513875E308	9.76014194851652E307	1.3029301239897626E308	3	3	7	3	3
291000	-19181.45640585606	-3492.1192102275377	-15689.337195628525	-3492.1192102275377	4.644506917140975E307	Infinity	0.7085385774666181	0.01639886211505409	2.488175153763994	0.4954259841209447	0.01639886211505409	2.488175153763994	0.4954259841209447	0.353252441615551	0.0	0.0	0.0	4.15962607608075E-310	-13482.702767625928	4.634341044469202E307	8.511930134880682E307	1.1588595224123036E308	7.265009033981538E307	4.95895587642336E307	6	1	3	2	7
292000	-19183.93175897543	-3467.4320680152287	-15716.4996909602	-3467.4320680152287	1.0760532207670222E308	Infinity	0.7085385774666181	0.01639886211505409	2.488175153763994	0.4954259841209447	0.01639886211505409	2.488175153763994	0.4954259841209447	0.4918013027441147	0.0	0.0	0.0	1.4133633484283E-310	-13492.244368742067	6.150914242631197E307	9.460538658792786E307	1.5975376047170868E308	1.7175585506880956E308	1.1361626727144376E308	6	1	3	1	8
293000	-19115.30859719299	-3452.758177483164	-15662.550419709825	-3452.758177483164	6.565747020523696E307	Infinity	0.7085385774666181	0.01639886211505409	2.488175153763994	0.4954259841209447	0.01639886211505409	2.488175153763994	0.4954259841209447	0.14900285686713974	0.0	0.0	0.0	1.89473342204836E-310	-13486.049733157624	6.728892141471323E307	6.538029019328023E307	1.5975376047170868E308	6.809827589475472E307	1.8877832639893646E307	9	1	4	1	4
294000	-19161.66589598923	-3499.1387705427924	-15662.527125446437	-3499.1387705427924	1.627654605675647E308	Infinity	0.8918915821910959	0.01639886211505409	2.6475356704613713	0.33606546742356747	0.01639886211505409	2.6475356704613713	0.33606546742356747	0.10832575129187312	0.0	0.0	0.0	1.2514525064259E-310	-13500.904326634072	1.7933442933694239E308	1.0173232231505823E308	1.4463748740570677E308	8.695647163581565E307	6.550022100068884E307	2	1	11	1	4
295000	-19134.232591181688	-3483.470494781377	-15650.76209640031	-3483.470494781377	6.845194073175633E307	Infinity	0.8918915821910959	0.01639886211505409	2.6475356704613713	0.33606546742356747	0.01639886211505409	2.6475356704613713	0.33606546742356747	0.11772505391453292	0.0	0.0	0.0	2.5324991572931E-310	-13486.425596574732	9.433041790424563E307	9.103263483589516E307	7.190493290864076E307	3.087706923234746E307	1.8992906045925406E307	2	11	3	1	2
296000	-19187.42099607901	-3510.25300917428	-15677.16798690473	-3510.25300917428	5.759429184537245E307	Infinity	0.8918915821910959	0.43832878776624584	2.2256057448101796	0.33606546742356747	0.43832878776624584	2.2256057448101796	0.33606546742356747	0.18902946088643757	0.0	0.0	0.0	3.0314055118536E-310	-13486.159512546508	1.7872774439034523E308	7.335987370566986E307	5.228074557590153E307	8.837984860511023E307	3.470195335222259E307	6	1	8	1	3
297000	-19184.432174081085	-3488.507744177715	-15695.924429903369	-3488.507744177715	6.122710550846923E307	Infinity	0.8918915821910959	0.21155720578116605	2.2256057448101796	0.5628370494086472	0.21155720578116605	2.2256057448101796	0.5628370494086472	0.2592794775351558	0.0	0.0	0.0	2.29484306487236E-310	-13494.097378440638	9.467459917037267E307	1.5208600857099834E308	1.1219670524320672E308	4.722642263217658E307	7.611425957555816E307	3	3	1	10	2
298000	-19211.738873913484	-3526.139579631453	-15685.599294282032	-3526.139579631453	9.509429923928893E307	Infinity	0.8918915821910959	0.21155720578116605	2.2256057448101796	0.5628370494086472	0.21155720578116605	2.2256057448101796	0.5628370494086472	0.30832890684638553	0.0	0.0	0.0	2.17022502922167E-310	-13488.656561709628	1.099279606693016E308	8.746696626963268E307	1.099978045512319E308	3.9755059585565734E307	6.378806559787118E307	4	7	1	4	3
299000	-19211.401808132814	-3512.077195524599	-15699.324612608214	-3512.077195524599	3.334553369312061E307	Infinity	0.8918915821910959	0.21155720578116605	2.2256057448101796	0.5628370494086472	0.21155720578116605	2.2256057448101796	0.5628370494086472	0.4467650885982036	0.0	0.0	0.0	2.6851975479262E-310	-13480.082916220557	6.257031372333294E307	3.6771840311073564E307	3.89015755950093E307	5.358518238647898E307	1.2242533375679332E307	4	7	1	4	3
300000	-19121.57557415131	-3489.946504500319	-15631.629069650991	-3489.946504500319	3.277778135325008E307	1.426244522902194E308	0.8918915821910959	0.21155720578116605	2.2256057448101796	0.5628370494086472	0.21155720578116605	2.2256057448101796	0.5628370494086472	0.12778064687425952	6.36243324384E-310	0.0	0.0	6.39764653413095E-310	-13465.413118721377	8.053807113900963E307	3.1746508667506035E307	1.7797078094851006E307	1.936016823163119E307	1.5481729547891743E307	4	1	1	4	9
301000	-19149.349782770747	-3477.646400440224	-15671.703382330525	-3477.646400440224	6.206860632527007E307	Infinity	0.8918915821910959	0.21155720578116605	2.2256057448101796	0.5628370494086472	0.21155720578116605	2.2256057448101796	0.5628370494086472	0.2056272217317538	0.0	0.0	0.0	3.43608584018417E-310	-13484.55319612653	1.0663391821270175E308	7.177437241229472E307	1.7117980042650301E308	6.673335862477224E307	5.565645388312144E307	4	2	1	6	6
302000	-19208.02430485941	-3492.140539936429	-15715.88376492298	-3492.140539936429	9.315135025802218E307	Infinity	0.8918915821910959	0.21155720578116605	2.2256057448101796	0.5628370494086472	0.21155720578116605	2.2256057448101796	0.5628370494086472	0.40997550776741715	0.0	0.0	0.0	1.20384048320256E-310	-13499.420330079913	1.1075907467291182E308	1.7045999274352633E308	6.026909986474326E307	1.2207951280005217E308	1.3033683701446248E308	5	5	3	2	4
303000	-19178.784828869007	-3520.0027992567084	-15658.7820296123	-3520.0027992567084	4.445110097494247E307	Infinity	0.8918915821910959	0.21155720578116605	2.2256057448101796	0.5628370494086472	0.21155720578116605	2.2256057448101796	0.5628370494086472	0.12724013619638566	0.0	0.0	0.0	2.93121260360564E-310	-13485.254703467726	6.936449671549464E307	1.11928539053478E308	5.911753946222273E307	3.588118328488363E307	2.6793039938212233E307	2	7	1	2	7
304000	-19204.248448714156	-3502.522817560666	-15701.72563115349	-3502.522817560666	1.05992501259479E308	Infinity	0.8918915821910959	0.21155720578116605	2.2256057448101796	0.5628370494086472	0.21155720578116605	2.2256057448101796	0.5628370494086472	0.40092246837465356	0.0	0.0	0.0	2.35965700726193E-310	-13487.869845392292	1.1897335399568888E308	5.537348114041916E307	5.372503388137349E307	3.3321549948148255E307	4.658257815984033E307	9	4	1	1	4
305000	-19172.67179645147	-3505.444296732405	-15667.227499719062	-3505.444296732405	5.005801217378007E307	Infinity	0.8918915821910959	0.21155720578116605	2.2256057448101796	0.5628370494086472	0.21155720578116605	2.2256057448101796	0.5628370494086472	0.17061143454234728	0.0	0.0	0.0	3.71422241070745E-310	-13485.903597921175	6.358766585961313E307	1.4963797901162847E308	9.248451611290081E307	9.208568198225361E307	4.3493556306391855E307	6	4	1	4	4
306000	-19223.000208458467	-3555.4850199661714	-15667.515188492296	-3555.4850199661714	2.725819025299705E307	1.6631276602702397E308	0.8918915821910959	0.21155720578116605	2.2256057448101796	0.5628370494086472	0.21155720578116605	2.2256057448101796	0.5628370494086472	0.2645056257405318	5.27682061415016E-310	0.0	0.0	5.25820257478294E-310	-13474.235467791586	1.0795863011234752E308	8.677968159733933E307	6.02021476153322E307	1.0498983731524285E307	5.722275785908646E306	6	6	1	3	3
307000	-19164.92143298067	-3483.3693898786246	-15681.552043102045	-3483.3693898786246	5.453347400808427E307	Infinity	0.8918915821910959	0.21155720578116605	2.2256057448101796	0.5628370494086472	0.21155720578116605	2.2256057448101796	0.5628370494086472	0.2060894258286956	0.0	0.0	0.0	2.344323403143E-310	-13488.529915500418	1.1017750531666946E308	1.1898767381504064E308	5.315619728779E307	7.09967129086395E307	4.084072224385338E307	3	4	8	1	3
308000	-19208.401938565497	-3515.4578854328834	-15692.944053132613	-3515.4578854328834	1.0591214865053315E308	Infinity	0.8918915821910959	0.21155720578116605	2.2256057448101796	0.5628370494086472	0.21155720578116605	2.2256057448101796	0.5628370494086472	0.222890778486616	0.0	0.0	0.0	1.6653225510179E-310	-13498.841868542346	1.1200720887012134E308	1.3179281501259238E308	1.476806880563721E308	1.1369814023113791E308	1.0221761208624812E308	2	1	4	6	6
309000	-19188.394530164853	-3495.224808544311	-15693.169721620543	-3495.224808544311	1.2651684373464478E308	Infinity	0.8918915821910959	0.21155720578116605	2.2256057448101796	0.5628370494086472	0.21155720578116605	2.2256057448101796	0.5628370494086472	0.18489970246361098	0.0	0.0	0.0	1.69468805547676E-310	-13496.38416739931	1.771922186133306E308	1.5388983318239632E308	1.476806880563721E308	1.455079844201731E308	1.463189620613115E308	4	1	4	2	8
310000	-19165.46070099923	-3493.4607079382467	-15671.999993060981	-3493.4607079382467	6.721329513877754E307	Infinity	0.8918915821910959	0.21155720578116605	2.2256057448101796	0.5628370494086472	0.21155720578116605	2.2256057448101796	0.5628370494086472	0.19198140681525172	0.0	0.0	0.0	1.68737744087034E-310	-13487.673327432894	4.0525504616685413E307	4.2603757441193007E307	1.115450976342929E308	1.0136108304276057E308	3.831135860396187E307	2	1	1	11	4
311000	-19184.88492545557	-3494.315635545496	-15690.569289910074	-3494.315635545496	3.064815838907036E307	Infinity	0.8918915821910959	0.21155720578116605	2.2256057448101796	0.5628370494086472	0.21155720578116605	2.2256057448101796	0.5628370494086472	0.39625837643071066	0.0	0.0	0.0	3.3781880034064E-310	-13482.20040856635	1.2802010733825173E308	6.630194824911329E307	8.686654773602443E307	6.052042789638274E307	4.3013143067469253E307	2	3	7	1	6
312000	-19126.4603499216	-3476.571556346961	-15649.888793574639	-3476.571556346961	2.944182170820676E307	1.536639706381562E308	0.8918915821910959	0.21155720578116605	2.2256057448101796	0.5628370494086472	0.21155720578116605	2.2256057448101796	0.5628370494086472	0.20200138755674404	6.4673042913701E-310	0.0	0.0	6.76527329365953E-310	-13469.218750378372	4.619186909239246E307	3.980760689696354E307	3.1381432113420926E307	3.73124892802285E307	1.3021085467780703E307	2	4	5	4	4
313000	-19149.14244716931	-3508.092767582515	-15641.049679586795	-3508.092767582515	1.2521075606490508E307	7.915178286756161E307	0.8918915821910959	0.21155720578116605	2.2256057448101796	0.5628370494086472	0.21155720578116605	2.2256057448101796	0.5628370494086472	0.20862650046432518	1.543001480674176E-309	0.0	0.0	1.57176512716486E-309	-13454.773082754955	1.3633276444615537E307	1.3270841278620966E307	9.461874571540749E306	2.472377546476899E307	5.661664799891574E306	3	5	5	2	4
314000	-19131.036310820033	-3542.7877230395343	-15588.2485877805	-3542.7877230395343	4.781992705231412E306	3.409190465977342E307	0.8918915821910959	0.21155720578116605	2.2256057448101796	0.5628370494086472	0.21155720578116605	2.2256057448101796	0.5628370494086472	0.07097055116646092	2.383923081617793E-309	0.0	0.0	2.3865282926342E-309	-13442.506944804609	4.697445316614518E307	1.1279510890548737E307	7.109110111828329E306	6.002792385980914E306	4.8197805748864367E306	1	4	3	5	6
315000	-19173.699540615813	-3520.5772725186293	-15653.122268097184	-3520.5772725186293	6.190791259342951E306	3.7685893108180653E307	0.8918915821910959	0.21155720578116605	2.1435863892600504	0.6448564049587764	0.21155720578116605	2.1435863892600504	0.6448564049587764	0.3854598028991949	2.174471853256034E-309	0.0	0.0	2.22696541708707E-309	-13447.832192334388	1.1996810476419127E307	7.87173359055422E306	8.068685397618774E306	8.864489883540921E306	5.3298400833039797E306	1	2	12	2	2
316000	-19125.615631232184	-3504.6410050164995	-15620.974626215682	-3504.6410050164995	1.4842872016486678E307	8.140664928658142E307	0.8918915821910959	0.21155720578116605	2.1435863892600504	0.6448564049587764	0.21155720578116605	2.1435863892600504	0.6448564049587764	0.11790767797828144	1.43819422751104E-309	0.0	0.0	1.365746174281774E-309	-13457.138644147026	1.4553154451924302E307	1.7031655681612643E307	1.8814267143844192E307	2.859280063600593E307	1.211850545390938E307	1	2	9	1	6
317000	-19143.409529485052	-3499.959282342229	-15643.450247142824	-3499.959282342229	1.5326990449889796E307	9.86685702287378E307	0.5047714823942906	0.21155720578116605	2.1435863892600504	0.6448564049587764	0.21155720578116605	2.1435863892600504	0.6448564049587764	0.17814121367045754	8.60210232045916E-310	0.0	0.0	8.46816983401065E-310	-13462.951444391476	2.3900833689848693E307	2.597143298935021E307	2.3851814885586515E307	1.952497344740838E307	1.4622503331942213E307	2	2	4	2	9
318000	-19155.836730812072	-3489.1424836646192	-15666.694247147454	-3489.1424836646192	7.59742074514772E307	Infinity	0.7688658496183591	0.21155720578116605	2.1435863892600504	0.6448564049587764	0.21155720578116605	2.1435863892600504	0.6448564049587764	0.18055751459928954	0.0	0.0	0.0	2.831815652834E-310	-13482.462060566735	8.741023069861885E307	5.488033662072819E307	6.873540151363505E307	5.090860458716251E307	2.7418187208955865E307	2	6	2	2	7
319000	-19141.71884680861	-3466.772674614339	-15674.946172194272	-3466.772674614339	5.283229770253135E307	Infinity	0.7688658496183591	0.21155720578116605	2.581595132748505	0.2068476614703218	0.21155720578116605	2.581595132748505	0.2068476614703218	0.16945505929806387	0.0	0.0	0.0	4.10554719962367E-310	-13483.528425555589	1.1088591712299743E308	1.1540159480855503E308	1.286999919519711E308	9.343509618070892E307	4.2643731190049297E307	2	7	2	4	4
320000	-19147.07246401265	-3477.0050037134724	-15670.067460299177	-3477.0050037134724	2.0584981371773435E307	1.3819466586078877E308	0.7688658496183591	0.21155720578116605	2.581595132748505	0.2068476614703218	0.21155720578116605	2.581595132748505	0.2068476614703218	0.30099568764964274	6.21635316586673E-310	0.0	0.0	6.7082072804479E-310	-13469.826650464427	9.49385303803662E307	2.6081840680082737E307	2.362107429511496E307	2.296660185352525E307	4.823852582717558E306	1	4	6	6	2
321000	-19156.71919013221	-3497.51342155073	-15659.205768581482	-3497.51342155073	2.831212433087589E307	1.2685389368625824E308	0.7688658496183591	0.21155720578116605	2.581595132748505	0.2068476614703218	0.21155720578116605	2.581595132748505	0.2068476614703218	0.2606644830563113	8.92538444520553E-310	0.0	0.0	8.3957484519874E-310	-13464.528917376136	6.009527699403768E307	2.759733664722274E307	3.928358952950497E307	2.171259439136778E307	2.6043078801278477E307	1	8	2	7	1
322000	-19155.72882203386	-3476.436073075117	-15679.292748958742	-3476.436073075117	2.2504621523540243E307	1.248215989661144E308	0.7688658496183591	0.21155720578116605	2.310068533851605	0.47837426036722214	0.21155720578116605	2.310068533851605	0.47837426036722214	0.4025221637083059	6.3344897961304E-310	0.0	0.0	5.4777313525517E-310	-13466.949571050733	6.802628151778763E307	4.795043409825604E307	3.621893333857534E307	3.6381694341075345E307	2.765853670726216E307	1	1	2	1	14
323000	-19157.482406585445	-3482.3760745822683	-15675.106332003177	-3482.3760745822683	5.352707818811313E307	Infinity	0.7688658496183591	0.21155720578116605	2.310068533851605	0.47837426036722214	0.21155720578116605	2.310068533851605	0.47837426036722214	0.25249905082595103	0.0	0.0	0.0	4.2897417281573E-310	-13478.150042757463	4.54111419824427E307	4.33962201152535E307	3.9999806783930703E307	5.752577605630604E307	3.7828635200984044E307	4	1	6	4	4
324000	-19122.027970228224	-3460.5692705908264	-15661.458699637398	-3460.5692705908264	3.2487636121610624E307	1.7602714405613075E308	0.7688658496183591	0.21155720578116605	2.310068533851605	0.47837426036722214	0.21155720578116605	2.310068533851605	0.47837426036722214	0.17787040456225123	6.21607677261035E-310	0.0	0.0	6.01752715956294E-310	-13472.457548704526	6.605147618919427E307	1.869641141483663E307	2.5331164150921986E307	3.415487340828793E307	2.0179252951287184E307	2	4	6	4	3
325000	-19139.08096771727	-3479.4948776846345	-15659.586090032635	-3479.4948776846345	1.2017149731331946E307	7.526359687060044E307	0.7688658496183591	0.3563232479432062	2.310068533851605	0.333608218205182	0.3563232479432062	2.310068533851605	0.333608218205182	0.25868419616508964	8.02783816318863E-310	0.0	0.0	7.00650941827004E-310	-13458.447145496333	3.5447465994950553E307	1.1763969225450455E307	1.5116177630239408E307	1.348077411845006E307	2.4238625878640526E307	1	3	13	1	1
326000	-19119.470341318993	-3470.0275401215968	-15649.442801197394	-3470.0275401215968	3.692504566522528E307	1.3098929731780876E308	0.7688658496183591	0.3563232479432062	2.310068533851605	0.333608218205182	0.3563232479432062	2.310068533851605	0.333608218205182	0.2594278912880079	9.1558190183822E-310	0.0	0.0	9.543986915978E-310	-13460.18015943172	3.19123930104401E307	1.5132834196930662E307	1.5746764577202787E307	1.8384664756571176E307	1.3097085868186552E307	1	13	1	1	3
327000	-19124.90811341076	-3493.658073545738	-15631.25003986502	-3493.658073545738	1.1954900412024545E307	6.467825914437303E307	0.7688658496183591	0.14457112649396606	2.521820655300845	0.333608218205182	0.14457112649396606	2.521820655300845	0.333608218205182	0.13345904197832495	1.793455854596436E-309	0.0	0.0	1.954385206828136E-309	-13453.894998207414	5.320078122252035E307	1.3715794143963103E307	2.7109470200051777E307	2.1799087894868194E307	1.0504135509578326E307	1	6	4	7	1
328000	-19124.744321505863	-3468.9208310240606	-15655.823490481802	-3468.9208310240606	1.7471867788206555E307	1.1094348395177166E308	0.7688658496183591	0.14457112649396606	2.521820655300845	0.333608218205182	0.14457112649396606	2.521820655300845	0.333608218205182	0.1717642368538915	1.135548753425827E-309	0.0	0.0	1.105102843264043E-309	-13466.630558004152	5.201409318802308E307	2.887557232674411E307	1.8407823279087427E307	1.8470130157668254E307	3.1164665463600766E307	1	6	3	7	2
329000	-19162.716998208653	-3498.2503445461602	-15664.466653662494	-3498.2503445461602	1.5027975872779754E307	1.1462071025332587E308	0.7688658496183591	0.14457112649396606	2.521820655300845	0.333608218205182	0.14457112649396606	2.521820655300845	0.333608218205182	0.31144083079596385	7.9507379725462E-310	0.0	0.0	9.0882927476399E-310	-13468.36415821694	1.1885642593069347E308	4.821852680702102E307	4.529656998825549E307	2.399668311589128E307	9.649266871693474E306	1	1	10	4	3
330000	-19129.296331752717	-3495.1119744954544	-15634.184357257263	-3495.1119744954544	2.2846117734751464E307	1.553198599626736E308	0.7688658496183591	0.14457112649396606	2.521820655300845	0.333608218205182	0.14457112649396606	2.521820655300845	0.333608218205182	0.08846360481572683	6.77127079532305E-310	0.0	0.0	6.49908618570714E-310	-13473.104107859304	1.3790978588118094E308	1.1554856718057928E308	3.464300584705806E307	3.268343761167069E307	2.877083925553416E307	1	2	9	2	5
331000	-19153.581210696924	-3465.5435836166466	-15688.037627080279	-3465.5435836166466	3.0163406001687753E307	Infinity	0.7688658496183591	0.14457112649396606	2.521820655300845	0.333608218205182	0.14457112649396606	2.521820655300845	0.333608218205182	0.28599023294414805	0.0	0.0	0.0	3.69943182730716E-310	-13483.513621136091	1.2331775195330972E308	9.31579486993654E307	2.7890814652523085E307	2.6187868640647357E307	3.4371181222445835E307	1	2	9	5	2
332000	-19150.660074418593	-3468.3662370531947	-15682.293837365396	-3468.3662370531947	5.376748265098006E307	Infinity	0.7688658496183591	0.14457112649396606	2.521820655300845	0.333608218205182	0.14457112649396606	2.521820655300845	0.333608218205182	0.2866117482601745	0.0	0.0	0.0	3.8145566676815E-310	-13479.343473522382	5.783665230668108E307	6.449438568788152E307	1.3460864514395896E308	7.791411723509506E307	3.1891734864183193E307	10	2	1	5	1
333000	-19152.93773541513	-3490.0781191530045	-15662.859616262123	-3490.0781191530045	7.761084491116972E307	Infinity	0.7688658496183591	0.14457112649396606	2.521820655300845	0.333608218205182	0.14457112649396606	2.521820655300845	0.333608218205182	0.147923032613871	0.0	0.0	0.0	3.3359885431248E-310	-13486.082280575527	8.283454992515382E307	3.712647176839835E307	2.5314067295473656E307	7.099366921000158E307	1.8973839285041723E307	10	3	1	4	1
334000	-19146.912590405245	-3446.0464559827583	-15700.866134422487	-3446.0464559827583	9.028159684704575E307	Infinity	0.7688658496183591	0.14457112649396606	2.521820655300845	0.333608218205182	0.14457112649396606	2.521820655300845	0.333608218205182	0.36944298050941066	0.0	0.0	0.0	2.2312010832765E-310	-13492.12784950806	5.023048899863167E307	9.635004096833431E307	8.781439814374688E307	1.5459503879733388E308	8.119194557118146E307	1	3	1	2	12
335000	-19156.030173909516	-3466.6881733626433	-15689.342000546874	-3466.6881733626433	8.229066509467449E307	Infinity	0.7688658496183591	0.14457112649396606	2.521820655300845	0.333608218205182	0.14457112649396606	2.521820655300845	0.333608218205182	0.2999096418631597	0.0	0.0	0.0	2.0084778919281E-310	-13490.018110041616	8.554536194974609E307	1.2161877732205273E308	1.3321650718617603E308	1.1036218548350618E308	2.2830303438013575E307	1	4	4	8	2
336000	-19141.55630068371	-3484.9181507335225	-15656.638149950188	-3484.9181507335225	6.858724808106903E307	Infinity	0.7688658496183591	0.14457112649396606	2.521820655300845	0.333608218205182	0.14457112649396606	2.521820655300845	0.333608218205182	0.11327412513730102	0.0	0.0	0.0	2.2471638453286E-310	-13486.931212671367	1.6018339722526562E308	5.917833444010819E307	7.19637119480754E307	7.564658345310694E307	4.3894869756123244E307	1	1	7	8	2
337000	-19182.69845954884	-3499.8164422187983	-15682.882017330041	-3499.8164422187983	6.458332537319299E307	Infinity	0.7688658496183591	0.14457112649396606	2.521820655300845	0.333608218205182	0.14457112649396606	2.521820655300845	0.333608218205182	0.2533342257207735	0.0	0.0	0.0	2.4069087574875E-310	-13491.308020479395	1.2706411161785712E308	1.3495961104831788E308	5.317837179407715E307	1.4348824020368378E308	6.827894863361694E307	1	5	1	8	4
338000	-19191.061846071858	-3504.0168770358637	-15687.044969035995	-3504.0168770358637	7.75349172104298E307	Infinity	0.7688658496183591	0.14457112649396606	2.521820655300845	0.333608218205182	0.14457112649396606	2.521820655300845	0.333608218205182	0.2605979626380782	0.0	0.0	0.0	2.52459614834636E-310	-13491.225062470843	1.2706411161785712E308	1.3495961104831788E308	8.270425421786326E307	7.698181845200852E307	2.8999987181005756E307	2	4	4	7	2
339000	-19170.763383408055	-3497.6908149380806	-15673.072568469976	-3497.6908149380806	3.6785620427213755E307	Infinity	0.7688658496183591	0.14457112649396606	2.521820655300845	0.333608218205182	0.14457112649396606	2.521820655300845	0.333608218205182	0.24633642528011446	0.0	0.0	0.0	3.43657500122755E-310	-13479.671388551877	4.038200008191871E307	1.3222826353046882E308	4.1200481803261317E307	3.094514369326233E307	2.057709370703934E307	2	4	5	7	1
340000	-19170.62818660032	-3491.5138751153995	-15679.114311484918	-3491.5138751153995	4.294077603345706E307	Infinity	0.7688658496183591	0.14457112649396606	2.521820655300845	0.333608218205182	0.14457112649396606	2.521820655300845	0.333608218205182	0.21796929754832475	0.0	0.0	0.0	4.46839283636317E-310	-13475.764036208691	2.845745699324275E307	5.032224587777098E307	5.994894695607588E307	5.458186273750517E307	3.8782681540768697E307	3	2	5	6	3
341000	-19158.0232217977	-3491.4104408156686	-15666.61278098203	-3491.4104408156686	3.1592161250552703E307	1.6766626525237597E308	0.7688658496183591	0.14457112649396606	2.521820655300845	0.333608218205182	0.14457112649396606	2.521820655300845	0.333608218205182	0.22642186447066165	1.000873575704154E-309	0.0	0.0	9.27603235319197E-310	-13470.994167742128	2.7343497783301116E307	3.1229985384982003E307	4.935529381180918E307	2.8812077034483733E307	1.8263485898603015E307	6	1	4	4	4
342000	-19200.377332154403	-3516.6003408340844	-15683.776991320317	-3516.6003408340844	4.052126012418026E307	Infinity	0.7688658496183591	0.14457112649396606	2.521820655300845	0.333608218205182	0.14457112649396606	2.521820655300845	0.333608218205182	0.34962081581116033	0.0	0.0	0.0	5.99779338097637E-310	-13478.036638551877	1.0534722773933628E308	8.914250377499315E307	3.599156134747662E307	1.3542770327220258E307	4.19409808947958E307	8	2	2	3	4
343000	-19121.862600894743	-3471.0283023890624	-15650.83429850568	-3471.0283023890624	1.6757111774186462E307	7.026965372893033E307	0.7688658496183591	0.14457112649396606	2.521820655300845	0.333608218205182	0.14457112649396606	2.521820655300845	0.333608218205182	0.25126694363240015	1.83448028082047E-309	0.0	0.0	1.821958203409227E-309	-13448.783229729283	8.317131879841277E306	6.331439782780406E306	1.8773725229985607E307	1.3909502839603834E307	1.0019735118539935E307	7	2	2	3	5
344000	-19130.36158828951	-3459.2679455061802	-15671.093642783331	-3459.2679455061802	2.2923555162294415E307	1.278470279631399E308	0.7688658496183591	0.14457112649396606	2.521820655300845	0.333608218205182	0.14457112649396606	2.521820655300845	0.333608218205182	0.2872259961944159	9.1542674672942E-310	0.0	0.0	8.48453159440984E-310	-13470.396423020557	7.395037234581412E307	9.841029902056986E307	2.8057013301467483E307	3.9002146012064976E307	2.6842152499577456E307	4	1	1	9	4
345000	-19143.927046205306	-3471.1963153209094	-15672.730730884397	-3471.1963153209094	1.6180566888069252E308	Infinity	0.7688658496183591	0.14457112649396606	2.521820655300845	0.333608218205182	0.14457112649396606	2.521820655300845	0.333608218205182	0.15587163802474244	0.0	0.0	0.0	1.93999152669975E-310	-13487.435097678215	1.2080833947044228E308	1.406234529117874E308	5.747150791944373E307	3.8484052960358965E307	6.885329957442272E307	1	1	1	4	12
346000	-19124.698850184956	-3452.623971807172	-15672.074878377784	-3452.623971807172	9.068825115213514E307	Infinity	0.7688658496183591	0.14457112649396606	2.311801556883113	0.543627316622914	0.14457112649396606	2.311801556883113	0.543627316622914	0.19910118452955664	0.0	0.0	0.0	2.4359526093319E-310	-13486.679771433417	9.08794150448782E307	1.1516753595954463E308	5.176589096098497E307	3.514109640835484E307	4.557665625363565E307	1	4	3	7	4
347000	-19137.305681419362	-3471.4867961319196	-15665.818885287445	-3471.4867961319196	4.976828388197421E307	Infinity	0.7688658496183591	0.14457112649396606	2.5419801015570624	0.31344877194896437	0.14457112649396606	2.5419801015570624	0.31344877194896437	0.2505776594148836	0.0	0.0	0.0	6.35341641945076E-310	-13475.08729961307	4.997208213591495E307	4.909091847542617E307	5.337238934143042E307	4.420123234378778E307	2.7828113380316814E307	1	4	1	11	2
348000	-19138.291014178172	-3460.0126832522083	-15678.278330925965	-3460.0126832522083	3.967110064223732E307	Infinity	0.7688658496183591	0.2763709452402793	2.5419801015570624	0.18164895320265118	0.2763709452402793	2.5419801015570624	0.18164895320265118	0.2566951589441327	0.0	0.0	0.0	4.77597029990705E-310	-13479.301773919418	9.538523005123696E307	5.928897700504549E307	2.799413628744916E307	8.699019307090245E307	7.200333048473759E307	1	5	2	10	1
349000	-19135.034316857815	-3479.8512170569948	-15655.183099800819	-3479.8512170569948	6.161935391711283E307	Infinity	0.7688658496183591	0.2763709452402793	2.5419801015570624	0.18164895320265118	0.2763709452402793	2.5419801015570624	0.18164895320265118	0.1688504358045556	0.0	0.0	0.0	2.87531866844207E-310	-13479.672923121238	1.6648192891979604E308	1.3231642533481327E308	5.034298561466132E307	3.379646244281639E307	1.6857410888722449E307	1	2	5	10	1
350000	-19165.285925492088	-3498.107823206546	-15667.178102285543	-3498.107823206546	5.575131253947849E307	Infinity	0.7688658496183591	0.2763709452402793	2.5419801015570624	0.18164895320265118	0.2763709452402793	2.5419801015570624	0.18164895320265118	0.21848372883027528	0.0	0.0	0.0	2.85642633286794E-310	-13477.013450387269	8.569793105945709E307	3.2961952782082265E307	2.8640408551599066E307	6.104469122278303E307	4.027915032034045E307	1	8	5	4	1
351000	-19155.555876236358	-3495.9642020132933	-15659.591674223064	-3495.9642020132933	4.0426012797804455E307	Infinity	0.7688658496183591	0.2763709452402793	2.5419801015570624	0.18164895320265118	0.2763709452402793	2.5419801015570624	0.18164895320265118	0.16637581036085702	0.0	0.0	0.0	3.6140481689297E-310	-13478.709105925924	8.130383530600813E307	1.0509253862495334E308	1.7027847985478632E307	3.820427735563772E307	3.0172337688044E307	1	7	5	4	2
352000	-19172.264798741722	-3493.071971733604	-15679.192827008117	-3493.071971733604	5.194264140858578E307	Infinity	0.7688658496183591	0.2763709452402793	2.5419801015570624	0.18164895320265118	0.2763709452402793	2.5419801015570624	0.18164895320265118	0.23541738616401373	0.0	0.0	0.0	3.3942913675645E-310	-13485.64103973895	1.4402551297583162E308	7.381279178316635E307	5.293528292159855E307	4.249044038183702E307	3.183861704838971E307	7	1	2	8	1
353000	-19144.119735481952	-3467.670751716307	-15676.448983765646	-3467.670751716307	4.798002128796757E307	Infinity	0.6425911533313807	0.2763709452402793	2.5419801015570624	0.18164895320265118	0.2763709452402793	2.5419801015570624	0.18164895320265118	0.2598297367650558	0.0	0.0	0.0	3.5051482910845E-310	-13478.008153333807	1.0554459306028542E308	6.060827168142682E307	8.230530863138113E307	6.331246906220588E307	4.0892188829481967E307	4	2	1	3	9
354000	-19188.229718186296	-3513.880743301856	-15674.34897488444	-3513.880743301856	8.600420335247652E307	Infinity	0.6425911533313807	0.2763709452402793	2.5419801015570624	0.18164895320265118	0.2763709452402793	2.5419801015570624	0.18164895320265118	0.23104474137993566	0.0	0.0	0.0	2.06113050915255E-310	-13483.649994022508	1.4674341559856817E308	7.440297027691674E307	6.639081053888846E307	2.659087748793299E307	4.403206050323871E307	2	1	3	4	9
355000	-19156.529083510548	-3475.0360301960163	-15681.49305331453	-3475.0360301960163	8.195891416262604E307	Infinity	0.6425911533313807	0.2763709452402793	2.5419801015570624	0.18164895320265118	0.2763709452402793	2.5419801015570624	0.18164895320265118	0.23111461514453166	0.0	0.0	0.0	1.84259104568763E-310	-13489.291173437947	1.7709360581092228E308	3.539011681916804E307	4.525314762314543E307	1.0864963079150374E308	9.639386175545905E307	3	1	2	11	2
356000	-19202.372356972784	-3502.7820769953446	-15699.590279977441	-3502.7820769953446	1.1170338816842137E308	Infinity	0.6425911533313807	0.2763709452402793	2.5419801015570624	0.18164895320265118	0.2763709452402793	2.5419801015570624	0.18164895320265118	0.23220878674556242	0.0	0.0	0.0	1.57994839524274E-310	-13496.825416392456	7.143228684492098E307	4.3143634193819456E307	1.5392026837447877E308	1.0301766407097626E308	3.494271803721908E307	10	1	5	1	2
357000	-19179.771011301993	-3498.178242360695	-15681.592768941297	-3498.178242360695	7.56035476837945E307	Infinity	0.6425911533313807	0.2763709452402793	2.5419801015570624	0.18164895320265118	0.2763709452402793	2.5419801015570624	0.18164895320265118	0.18697518907887628	0.0	0.0	0.0	2.2155044388813E-310	-13491.362226128136	6.227043400569019E307	1.1319530733477457E308	1.7219029951236143E308	4.623096427134042E307	2.2769856593532317E307	2	8	4	3	2
358000	-19198.06238100771	-3531.314025482421	-15666.748355525286	-3531.314025482421	3.1462559763715047E307	Infinity	0.6425911533313807	0.2763709452402793	2.173905220051668	0.5497238347080456	0.2763709452402793	2.173905220051668	0.5497238347080456	0.21177618005031204	0.0	0.0	0.0	4.58469607528897E-310	-13480.27775538334	7.541252495158344E307	1.0484602883662488E308	6.119947621233502E307	3.1581558297519963E307	2.98748628658057E307	8	2	4	3	2
359000	-19203.547298436388	-3543.859975904395	-15659.687322531994	-3543.859975904395	5.277088527310136E307	Infinity	0.6425911533313807	0.1364804070802912	2.3137957582116564	0.5497238347080456	0.1364804070802912	2.3137957582116564	0.5497238347080456	0.15116719861550898	0.0	0.0	0.0	3.02829601634194E-310	-13481.440448365112	7.590598048287102E307	3.65016201000554E307	7.999133688982095E307	4.2106165246683527E307	2.5301919463712755E307	6	2	4	5	2
360000	-19262.74325763045	-3542.470922818864	-15720.272334811587	-3542.470922818864	7.087700398260509E307	Infinity	0.6425911533313807	0.1364804070802912	2.3137957582116564	0.5497238347080456	0.1364804070802912	2.3137957582116564	0.5497238347080456	0.5658623769660256	0.0	0.0	0.0	2.47172968505697E-310	-13497.643953954816	1.7774211673732426E308	6.341203540524829E307	5.416258168981911E307	7.062103891955615E307	5.30486167357331E307	9	1	5	3	1
361000	-19162.93735776561	-3489.3308040880793	-15673.606553677533	-3489.3308040880793	4.578477106628802E307	Infinity	0.6425911533313807	0.1364804070802912	2.606830351473534	0.25668924144616817	0.1364804070802912	2.606830351473534	0.25668924144616817	0.1295912535380116	0.0	0.0	0.0	3.2159967715572E-310	-13493.011516962197	1.580007910208714E308	1.4589067741976052E308	1.5317846621136911E308	9.739521556402536E307	1.1054494951100459E308	3	10	2	3	1
362000	-19161.627338857237	-3489.3804463687216	-15672.246892488516	-3489.3804463687216	4.1236522954951726E307	Infinity	0.7482058359906788	0.1364804070802912	2.606830351473534	0.25668924144616817	0.1364804070802912	2.606830351473534	0.25668924144616817	0.18789220861271502	0.0	0.0	0.0	5.2507866166692E-310	-13484.342056934309	1.2764900600237519E308	5.698098075901387E307	8.697835150114094E307	5.279989341300037E307	1.0420839937961789E308	2	6	4	3	4
363000	-19160.849535694608	-3482.2491194672557	-15678.600416227351	-3482.2491194672557	7.581417695255812E307	Infinity	0.7482058359906788	0.1364804070802912	2.606830351473534	0.25668924144616817	0.1364804070802912	2.606830351473534	0.25668924144616817	0.24171016999228903	0.0	0.0	0.0	3.56609352793455E-310	-13489.265713530602	1.1925751809505765E308	1.2895242864279391E308	7.015987319492489E307	6.72156751287054E307	4.4112975381998997E307	7	1	5	5	1
364000	-19138.51144047406	-3476.3505921051114	-15662.160848368949	-3476.3505921051114	7.420171770146795E307	Infinity	0.7482058359906788	0.1364804070802912	2.606830351473534	0.25668924144616817	0.1364804070802912	2.606830351473534	0.25668924144616817	0.1338475871265493	0.0	0.0	0.0	3.2810435446652E-310	-13482.906969146652	4.3676044804250335E307	6.096326885352035E307	6.616781187901456E307	9.65327178648953E307	4.782077058361771E307	7	3	5	3	1
365000	-19159.726480852558	-3471.2601166195577	-15688.466364233	-3471.2601166195577	1.58578533670042E308	Infinity	0.7482058359906788	0.1364804070802912	2.606830351473534	0.25668924144616817	0.1364804070802912	2.606830351473534	0.25668924144616817	0.20610422753175595	0.0	0.0	0.0	1.61091488224505E-310	-13498.730718578081	1.0808460344923778E308	1.019410875832147E308	1.0699575367329762E308	7.451310305343567E307	1.604389550818689E308	2	7	4	5	1
366000	-19173.348514592202	-3472.983286586883	-15700.365228005317	-3472.983286586883	1.2257081335820456E308	Infinity	0.7482058359906788	0.1364804070802912	2.606830351473534	0.25668924144616817	0.1364804070802912	2.606830351473534	0.25668924144616817	0.3195771472055912	0.0	0.0	0.0	2.38598901008133E-310	-13494.629819986896	1.4537513120307944E308	8.55732315546894E307	7.020009178947888E307	6.176101606242977E307	1.7650166991213442E307	1	8	4	5	1
367000	-19199.268020180913	-3514.024590888159	-15685.243429292752	-3514.024590888159	9.25684329779029E307	Infinity	0.7482058359906788	0.1364804070802912	2.606830351473534	0.25668924144616817	0.1364804070802912	2.606830351473534	0.25668924144616817	0.2328319092558782	0.0	0.0	0.0	1.4743770693294E-310	-13492.590642969619	1.16131902423819E308	8.148584646089962E307	1.3723746966937334E308	9.302545994292319E307	6.712078963860442E307	1	2	8	6	2
368000	-19181.239256694993	-3503.5212236626035	-15677.71803303239	-3503.5212236626035	6.108067829682419E307	Infinity	0.7482058359906788	0.1364804070802912	2.606830351473534	0.25668924144616817	0.1364804070802912	2.606830351473534	0.25668924144616817	0.16691319753531	0.0	0.0	0.0	1.94727072177943E-310	-13495.014619445834	1.7810523887992357E308	1.4112759752500047E308	1.0407531473096442E308	8.098489620981863E307	5.697841545128039E307	5	7	1	4	2
369000	-19189.401693174485	-3485.7527795949336	-15703.648913579551	-3485.7527795949336	6.896249064254413E307	Infinity	0.5511448539516698	0.1364804070802912	2.606830351473534	0.25668924144616817	0.1364804070802912	2.606830351473534	0.25668924144616817	0.4250577876887317	0.0	0.0	0.0	2.29945504876704E-310	-13485.568477823022	1.3357109211415978E308	5.145361094284457E307	4.1935100189188345E307	4.720133167569106E307	2.3474861765415823E307	5	7	1	4	2
370000	-19136.494349493958	-3492.0884669907355	-15644.405882503224	-3492.0884669907355	1.6419637988134615E307	1.0676911094941492E308	0.5511448539516698	0.1364804070802912	2.606830351473534	0.25668924144616817	0.1364804070802912	2.606830351473534	0.25668924144616817	0.15198944101627496	8.3035081624023E-310	0.0	0.0	8.7187731926484E-310	-13468.781218864466	9.397694756792694E307	3.833611240039565E307	2.7126798416347815E307	1.651139549287536E307	2.519742155098825E307	6	2	5	4	2
371000	-19125.578645148704	-3466.9497926696463	-15658.628852479056	-3466.9497926696463	3.609270454078216E307	Infinity	0.5511448539516698	0.1364804070802912	2.2941279459076327	0.5693916470120692	0.1364804070802912	2.2941279459076327	0.5693916470120692	0.19962987647170544	0.0	0.0	0.0	5.25210369048097E-310	-13476.082652397792	8.654082404088813E307	3.0036635753001513E307	3.233511200009065E307	4.0820393723936625E307	1.3680202059183242E307	6	5	3	3	2
372000	-19119.226243228022	-3471.7380763967626	-15647.488166831261	-3471.7380763967626	6.456524504168933E307	Infinity	0.5511448539516698	0.1364804070802912	2.2941279459076327	0.5693916470120692	0.1364804070802912	2.2941279459076327	0.5693916470120692	0.13576094417679213	0.0	0.0	0.0	2.3762081093033E-310	-13483.79502633515	1.1825072824486703E308	3.802464084262096E307	5.573712890127592E307	2.382509801335996E307	2.1087786031211813E307	4	6	5	1	3
373000	-19162.55294010599	-3469.8392076397377	-15692.71373246625	-3469.8392076397377	6.325486546994049E307	Infinity	0.5511448539516698	0.1364804070802912	2.2941279459076327	0.5693916470120692	0.1364804070802912	2.2941279459076327	0.5693916470120692	0.2539959012558638	0.0	0.0	0.0	2.3859794862871E-310	-13491.114762481198	1.6447016030595E308	1.7068135220312353E308	7.841907151922434E307	7.318426384181393E307	1.1680989167482097E307	4	8	3	1	3
374000	-19195.12014416213	-3514.8518364649035	-15680.268307697228	-3514.8518364649035	6.802847948858338E307	Infinity	0.5511448539516698	0.1364804070802912	2.2941279459076327	0.5693916470120692	0.1364804070802912	2.2941279459076327	0.5693916470120692	0.15474967727262715	0.0	0.0	0.0	1.6731253052253E-310	-13493.250547394447	5.204680977282919E307	1.1989138119931799E308	8.317415626364971E307	4.572311225497987E307	3.3349897612573137E307	4	8	3	3	1
375000	-19166.194592310425	-3498.0459889394556	-15668.148603370968	-3498.0459889394556	2.997684034926645E307	Infinity	0.5511448539516698	0.1364804070802912	2.2941279459076327	0.5693916470120692	0.1364804070802912	2.2941279459076327	0.5693916470120692	0.15150297437855625	0.0	0.0	0.0	3.83020812186876E-310	-13483.85667430649	1.030285717481958E308	1.2121391658831813E308	1.1829316376902135E308	2.947285661704642E307	5.635221271942335E307	5	4	3	6	1
376000	-19134.889789536133	-3475.307031709911	-15659.582757826223	-3475.307031709911	4.276879936042091E307	Infinity	0.713496956916427	0.1364804070802912	2.2941279459076327	0.5693916470120692	0.1364804070802912	2.2941279459076327	0.5693916470120692	0.22532047414475095	0.0	0.0	0.0	4.7338402661708E-310	-13477.653566044726	8.84183061791839E307	3.610079449527816E307	2.8231046234013523E307	4.521001114638161E307	2.112312349426219E307	1	2	6	8	2
377000	-19109.66533573242	-3463.5928553691747	-15646.072480363246	-3463.5928553691747	4.525147494323959E307	Infinity	0.713496956916427	0.1364804070802912	2.2941279459076327	0.5693916470120692	0.1364804070802912	2.2941279459076327	0.5693916470120692	0.1121339340619384	0.0	0.0	0.0	5.2755683565899E-310	-13472.587913864463	8.946834180951513E307	6.312701015623551E307	1.1636459457304045E307	4.6300991491598036E306	2.1315383321177142E307	2	4	1	5	7
378000	-19115.558363581014	-3471.0990227520406	-15644.459340828975	-3471.0990227520406	7.364554793849461E307	Infinity	0.713496956916427	0.1364804070802912	2.2941279459076327	0.5693916470120692	0.1364804070802912	2.2941279459076327	0.5693916470120692	0.07753708862315467	0.0	0.0	0.0	3.25304163344593E-310	-13481.206969140218	1.292579424830747E308	7.122092630060094E307	4.516107884715782E307	2.5303039604184057E307	6.677123169100056E307	2	4	1	5	7
379000	-19178.86013533213	-3493.7292988009785	-15685.13083653115	-3493.7292988009785	4.1049353502955537E307	Infinity	0.713496956916427	0.1364804070802912	2.2941279459076327	0.5693916470120692	0.1364804070802912	2.2941279459076327	0.5693916470120692	0.38790867373335636	0.0	0.0	0.0	4.53195796357262E-310	-13482.030850513485	8.900860102447529E307	7.54103343042956E307	5.95249801928349E307	2.6789158982415727E307	2.049164129340497E307	10	4	1	2	2
380000	-19179.423695790647	-3475.8816532327837	-15703.542042557861	-3475.8816532327837	6.049827536100278E307	Infinity	0.713496956916427	0.1364804070802912	2.2941279459076327	0.5693916470120692	0.1364804070802912	2.2941279459076327	0.5693916470120692	0.37052203230856307	0.0	0.0	0.0	2.27317714816237E-310	-13492.634613174017	1.3032014938540284E308	7.283513303184116E307	8.543013870252142E307	1.912580609017565E307	1.2327408077603934E307	10	4	1	3	1
381000	-19229.784676197123	-3539.9888743411384	-15689.795801855986	-3539.9888743411384	4.90624428344556E307	Infinity	0.5801239287380265	0.1364804070802912	2.2941279459076327	0.5693916470120692	0.1364804070802912	2.2941279459076327	0.5693916470120692	0.38766131219006966	0.0	0.0	0.0	2.3767760332169E-310	-13485.17640329606	1.0205287147575573E308	4.311601141969657E307	1.2903266131620662E307	2.978487596418666E307	3.955677220644585E307	9	4	2	1	3
382000	-19194.86011512698	-3494.621948742708	-15700.238166384272	-3494.621948742708	6.847767231576387E307	Infinity	0.5801239287380265	0.1364804070802912	2.2941279459076327	0.5693916470120692	0.1364804070802912	2.2941279459076327	0.5693916470120692	0.34319580407590905	0.0	0.0	0.0	1.7175822853246E-310	-13487.985037924964	1.303695790554288E308	1.2635908602752105E308	2.1793093912876264E307	1.2299861081294314E307	2.5337050533410425E307	12	1	2	1	3
383000	-19150.376813861698	-3490.823849228362	-15659.552964633336	-3490.823849228362	1.5245939069011975E307	1.1439556127444708E308	0.5801239287380265	0.1364804070802912	2.2941279459076327	0.5693916470120692	0.1364804070802912	2.2941279459076327	0.5693916470120692	0.243608837698336	7.70869278606235E-310	0.0	0.0	7.73716089709885E-310	-13468.37358675846	3.159255322752395E307	3.811648361354268E307	4.484088951574801E307	2.596619977420672E307	1.3619423623106774E307	1	7	5	1	5
384000	-19192.471515811696	-3496.8262154690756	-15695.64530034262	-3496.8262154690756	4.2938909630394504E307	Infinity	0.5801239287380265	0.1364804070802912	2.2941279459076327	0.5693916470120692	0.1364804070802912	2.2941279459076327	0.5693916470120692	0.2608678907753431	0.0	0.0	0.0	3.51784904538537E-310	-13489.073672124052	1.4367550812079316E308	4.457764440992425E307	8.371176108870911E307	1.334012760330059E308	2.4225610461455553E307	2	9	2	1	5
385000	-19173.166649287148	-3493.2887381278993	-15679.877911159248	-3493.2887381278993	4.126337579331795E307	Infinity	0.5801239287380265	0.1364804070802912	2.2941279459076327	0.5693916470120692	0.1364804070802912	2.2941279459076327	0.5693916470120692	0.293503957038517	0.0	0.0	0.0	6.8872294804877E-310	-13477.066357386395	7.959254657008311E307	5.062001098276981E307	7.154281409379608E307	3.6664479846609737E307	2.8750949106424913E307	3	8	4	2	2
386000	-19199.695761464962	-3525.733206020567	-15673.962555444394	-3525.733206020567	3.381395578861521E307	Infinity	0.5801239287380265	0.1364804070802912	2.2941279459076327	0.5693916470120692	0.1364804070802912	2.2941279459076327	0.5693916470120692	0.23776733677822393	0.0	0.0	0.0	5.5572526412285E-310	-13482.686368583723	1.5993013664421014E308	7.777399244150561E307	6.0421078806921E307	3.5719228388692844E307	2.456921739449622E307	4	4	6	2	3
387000	-19206.008568490975	-3544.6890746974946	-15661.31949379348	-3544.6890746974946	3.307466064137828E307	Infinity	0.5801239287380265	0.1364804070802912	1.9220930023127836	0.9414265906069184	0.1364804070802912	1.9220930023127836	0.9414265906069184	0.1564757194853059	0.0	0.0	0.0	4.3289147534824E-310	-13480.337350258927	7.840882592090603E307	4.898083996984773E307	1.9876381608138417E307	4.870563523398902E307	2.2920339701907873E307	7	4	4	2	2
388000	-19222.597912363017	-3535.0724292799714	-15687.525483083045	-3535.0724292799714	5.465194702398146E307	Infinity	0.5801239287380265	0.1364804070802912	1.9220930023127836	0.9414265906069184	0.1364804070802912	1.9220930023127836	0.9414265906069184	0.2680245312399589	0.0	0.0	0.0	3.3446878730806E-310	-13486.942869467537	1.5485665770657337E308	8.778554760641935E307	1.722188391323654E308	5.108013471754642E307	7.306602885128718E307	5	2	3	7	2
389000	-19181.349701699673	-3526.911871675685	-15654.43783002399	-3526.911871675685	8.96055383805632E307	Infinity	0.5801239287380265	0.1364804070802912	1.9220930023127836	0.9414265906069184	0.1364804070802912	1.9220930023127836	0.9414265906069184	0.08982259356778258	0.0	0.0	0.0	2.8261157006558E-310	-13493.124040846811	1.7380729638985075E308	1.1722022049802776E308	6.766263361040193E307	7.043096430357845E307	2.003990632990667E307	5	3	3	6	2
390000	-19213.566189009427	-3529.3387126057414	-15684.227476403685	-3529.3387126057414	4.48903740871833E307	Infinity	0.5801239287380265	0.1364804070802912	1.9220930023127836	0.9414265906069184	0.1364804070802912	1.9220930023127836	0.9414265906069184	0.2723384541068589	0.0	0.0	0.0	3.02254767112686E-310	-13481.552973384414	1.1763667846226294E308	5.634407411232983E307	1.5088021985747304E307	4.0154198004302226E307	2.774874014480769E307	6	1	3	2	7
391000	-19200.540125694184	-3535.1794769070766	-15665.36064878711	-3535.1794769070766	2.418525669812493E307	1.282431836791342E308	0.897422154085578	0.1364804070802912	1.9220930023127836	0.9414265906069184	0.1364804070802912	1.9220930023127836	0.9414265906069184	0.3367835103969257	7.00583552967665E-310	0.0	0.0	7.9694436401697E-310	-13467.988293208	4.72044662436512E307	6.345854385230368E307	2.53075716610497E307	3.762232427602839E307	1.3681485024332282E307	6	1	3	2	7
392000	-19149.9344299621	-3481.518560655495	-15668.415869306607	-3481.518560655495	2.473977623893806E307	1.2910179757368464E308	0.897422154085578	0.1364804070802912	1.9220930023127836	0.9414265906069184	0.1364804070802912	1.9220930023127836	0.9414265906069184	0.2553980548796392	7.0538110615348E-310	0.0	0.0	6.63301276128233E-310	-13469.972076394923	1.4649958745417484E308	1.6539670081088352E308	5.001945332735233E307	2.3057840340376433E307	1.4726505746673896E307	1	1	9	2	6
393000	-19193.94230745719	-3515.116865035301	-15678.82544242189	-3515.116865035301	8.980736400053985E307	Infinity	0.897422154085578	0.1364804070802912	1.9220930023127836	0.9414265906069184	0.1364804070802912	1.9220930023127836	0.9414265906069184	0.24978971902254588	0.0	0.0	0.0	2.1767058962864E-310	-13488.806546412121	1.1633179004732336E308	7.155249303163633E307	7.704089616970149E307	5.673005565766884E307	4.410433441932514E307	1	2	9	1	6
394000	-19135.062783950692	-3504.638202457578	-15630.424581493113	-3504.638202457578	2.5320016761581217E307	1.2264461361720343E308	0.897422154085578	0.36846629324737645	2.253671572089835	0.3778621346627818	0.36846629324737645	2.253671572089835	0.3778621346627818	0.1046663665377264	7.46333941044207E-310	0.0	0.0	7.4331785461223E-310	-13468.468685331956	7.085068903380168E307	2.5503751090621384E307	2.9629525075822503E307	1.6350928137358114E307	3.7252414721794157E307	1	1	10	3	4
395000	-19146.299867005353	-3484.4244364868405	-15661.875430518512	-3484.4244364868405	2.818054344528698E307	1.7795306921016585E308	0.897422154085578	0.36846629324737645	2.253671572089835	0.3778621346627818	0.36846629324737645	2.253671572089835	0.3778621346627818	0.23241509696381724	4.0736488587735E-310	0.0	0.0	4.4446462324511E-310	-13473.985698239281	5.474942491215084E307	3.315882631760804E307	2.9629525075822503E307	2.739360926703184E307	1.3779446210770165E307	6	1	5	3	4
396000	-19163.183383202326	-3503.327320603396	-15659.85606259893	-3503.327320603396	3.3851205799961596E307	Infinity	0.5970314907712237	0.36846629324737645	2.4619021421526526	0.16963156459996387	0.36846629324737645	2.4619021421526526	0.16963156459996387	0.14498985965245353	0.0	0.0	0.0	3.69274752519775E-310	-13483.096511403213	9.334979826867659E307	2.5330710488561287E307	8.565519451970804E307	2.879487201474803E307	3.9394327663479067E307	2	5	7	1	4
397000	-19131.104648056673	-3456.3309372330714	-15674.773710823603	-3456.3309372330714	3.9405878905197875E307	Infinity	0.7158302508751684	0.36846629324737645	2.4619021421526526	0.16963156459996387	0.36846629324737645	2.4619021421526526	0.16963156459996387	0.2631527776287274	0.0	0.0	0.0	4.0346734049026E-310	-13477.607028141538	7.014124693799164E307	2.616616435132217E307	3.58964833233531E307	2.339578050946675E307	2.757764465620413E307	1	7	2	1	8
398000	-19185.230761051378	-3503.524150079777	-15681.706610971602	-3503.524150079777	7.14386377708294E307	Infinity	0.7158302508751684	0.36846629324737645	2.4619021421526526	0.16963156459996387	0.36846629324737645	2.4619021421526526	0.16963156459996387	0.2703706403431285	0.0	0.0	0.0	3.10921357206827E-310	-13482.35320085279	9.065332828926435E307	4.518395625286667E307	1.50448174096361E307	2.972627981309748E307	2.4337451510351683E307	7	3	4	4	1
399000	-19141.403538653532	-3481.4234406044807	-15659.980098049053	-3481.4234406044807	2.452754831190492E307	1.2019860178157843E308	0.7158302508751684	0.11783483396009753	2.7125336014399313	0.16963156459996387	0.11783483396009753	2.7125336014399313	0.16963156459996387	0.26979466381770684	7.52947536577294E-310	0.0	0.0	7.3494371167304E-310	-13467.657827881947	2.7575085396162174E307	1.284887143742603E307	6.89447255063447E306	1.300827803890877E307	1.9872926634883254E307	8	2	5	3	1
400000	-19142.24075308131	-3483.236556653688	-15659.004196427622	-3483.236556653688	3.0647116989753845E307	1.5643418524821559E308	0.7158302508751684	0.11783483396009753	2.7125336014399313	0.16963156459996387	0.11783483396009753	2.7125336014399313	0.16963156459996387	0.21483833748885428	6.88163042277925E-310	0.0	0.0	6.7875633490182E-310	-13471.111911937745	5.615083437005347E307	4.148323212227393E307	3.749146529850751E307	4.221554470077556E307	3.956169399967008E307	7	6	1	4	1
401000	-19188.2174143679	-3505.204927944126	-15683.012486423773	-3505.204927944126	4.90629785270235E307	Infinity	0.7158302508751684	0.11783483396009753	2.7125336014399313	0.16963156459996387	0.11783483396009753	2.7125336014399313	0.16963156459996387	0.25925940684185045	0.0	0.0	0.0	4.2186584244245E-310	-13482.506119526912	2.2171514689726775E307	5.324713521923129E307	1.6429307291409835E308	9.436056667002112E307	6.497818935785735E307	4	2	1	10	2
402000	-19174.036319036164	-3489.4539467664654	-15684.582372269699	-3489.4539467664654	8.559715075725943E307	Infinity	0.7158302508751684	0.11783483396009753	2.7125336014399313	0.16963156459996387	0.11783483396009753	2.7125336014399313	0.16963156459996387	0.20676528029645488	0.0	0.0	0.0	1.2855393763322E-310	-13492.805495815235	6.694207760881367E307	1.1183423408314987E308	1.4698622004897088E308	1.0443013463618087E308	6.91450571514912E307	3	2	1	11	2
403000	-19150.954769888205	-3460.462965081037	-15690.491804807169	-3460.462965081037	5.051763910785078E307	Infinity	0.7158302508751684	0.11783483396009753	2.7125336014399313	0.16963156459996387	0.11783483396009753	2.7125336014399313	0.16963156459996387	0.29185215954890836	0.0	0.0	0.0	3.5681795674544E-310	-13483.28507337121	1.4450298585183345E308	7.251962251038246E307	5.293688088151361E307	6.985223223218465E307	2.7944120334087144E307	2	7	3	1	6
404000	-19190.949261524987	-3508.460850379178	-15682.48841114581	-3508.460850379178	3.4818084246256604E307	Infinity	0.7158302508751684	0.11783483396009753	2.7125336014399313	0.16963156459996387	0.11783483396009753	2.7125336014399313	0.16963156459996387	0.20989007483290015	0.0	0.0	0.0	6.14601913103894E-310	-13474.669349554904	8.20145618928689E307	7.383932760801116E307	1.8271409966386252E307	4.054791129507081E307	3.313412518042759E307	1	7	1	2	8
405000	-19159.822467435726	-3495.767145918741	-15664.055321516986	-3495.767145918741	2.745101036608234E307	1.4094908347148742E308	0.7158302508751684	0.11783483396009753	2.7125336014399313	0.16963156459996387	0.11783483396009753	2.7125336014399313	0.16963156459996387	0.25550016446000595	7.8415349209926E-310	0.0	0.0	8.23454469776578E-310	-13469.718734069564	1.4259577591652276E308	6.223840094110178E307	4.269413515061366E307	3.82598733650004E307	2.416686899215842E307	1	4	6	2	6
406000	-19169.413143372996	-3497.2259436188524	-15672.187199754144	-3497.2259436188524	2.5743586980534953E307	1.5288023067046425E308	0.7158302508751684	0.11783483396009753	2.7125336014399313	0.16963156459996387	0.11783483396009753	2.7125336014399313	0.16963156459996387	0.26614822288162276	7.59839808515205E-310	0.0	0.0	8.1899219338842E-310	-13471.824164037289	1.2960464970800687E308	6.483274189431709E307	6.048351179271571E307	3.157061687262272E307	1.4267474748330872E307	1	8	2	2	6
407000	-19145.661324931498	-3490.8968289075733	-15654.764496023925	-3490.8968289075733	1.9518135576844516E307	1.1516550859037975E308	0.8861209311585198	0.11783483396009753	2.7125336014399313	0.16963156459996387	0.11783483396009753	2.7125336014399313	0.16963156459996387	0.23772910184823284	6.9626788429824E-310	0.0	0.0	6.93664285456776E-310	-13465.98314606972	3.7187898590044167E307	3.16639147833264E307	4.543506201199864E307	1.7503990964855243E307	1.3891459026194706E307	2	3	2	8	4
408000	-19172.097047599425	-3556.266015622018	-15615.831031977406	-3556.266015622018	6.047953789645083E306	3.262200060618397E307	0.8861209311585198	0.24514967810526161	2.585218757294767	0.16963156459996387	0.24514967810526161	2.585218757294767	0.16963156459996387	0.16798088898245084	2.981133122485416E-309	0.0	0.0	2.9677207596524E-309	-13441.793138550684	2.0539324118703713E307	1.5983696192746824E307	7.275164358992224E306	3.2954745344494713E306	7.797634256405297E306	2	3	6	4	4
409000	-19140.38837249633	-3486.0585156919215	-15654.329856804408	-3486.0585156919215	1.2604260558984293E307	5.76409004143639E307	0.8861209311585198	0.24514967810526161	2.2247494916045207	0.5301008302902105	0.24514967810526161	2.2247494916045207	0.5301008302902105	0.3707882494547716	2.392017235974373E-309	0.0	0.0	2.58752587145957E-309	-13451.174252565981	5.079719362698709E307	3.2460124306553294E307	5.712898512665055E306	1.4342422768662858E307	3.588616334518999E306	2	4	5	4	4
410000	-19173.73184113807	-3481.6234229496367	-15692.10841818843	-3481.6234229496367	5.593959247708261E307	Infinity	0.8861209311585198	0.24514967810526161	2.2247494916045207	0.5301008302902105	0.24514967810526161	2.2247494916045207	0.5301008302902105	0.29556343959089687	0.0	0.0	0.0	2.8509381213972E-310	-13484.900089211122	7.141173330520634E307	1.0076608932674659E308	5.744733059117266E307	5.17053906807861E307	5.28683551189229E307	1	2	5	8	3
411000	-19189.12114025484	-3512.0638620834293	-15677.057278171409	-3512.0638620834293	7.189982611594651E307	Infinity	0.8861209311585198	0.24514967810526161	2.2247494916045207	0.5301008302902105	0.24514967810526161	2.2247494916045207	0.5301008302902105	0.19320923707699536	0.0	0.0	0.0	1.5777324236247E-310	-13488.737759938316	5.066903025960539E307	6.681187712024466E307	4.735527621448891E307	6.912457496970975E307	2.4031685226338654E307	1	1	4	10	3
412000	-19144.08467939146	-3492.39141186579	-15651.69326752567	-3492.39141186579	4.647676800616677E307	Infinity	0.7089758829786875	0.24514967810526161	2.2247494916045207	0.5301008302902105	0.24514967810526161	2.2247494916045207	0.5301008302902105	0.10732766454865425	0.0	0.0	0.0	3.7797856179511E-310	-13484.579967848478	1.0836251220767335E308	1.0596576545077624E308	9.058860599154543E307	6.959097175174131E307	3.738580713533892E307	10	1	1	5	2
413000	-19169.082629190372	-3481.9469778478633	-15687.13565134251	-3481.9469778478633	5.369036909748358E307	Infinity	0.7089758829786875	0.24514967810526161	2.2247494916045207	0.5301008302902105	0.24514967810526161	2.2247494916045207	0.5301008302902105	0.33648786504458117	0.0	0.0	0.0	4.4321574861706E-310	-13479.618144874372	1.714054790476352E308	3.972911189958188E307	4.3909208192119844E307	3.4483411989104597E307	2.127243258342763E307	1	1	5	10	2
414000	-19166.164292630394	-3531.1186780387275	-15635.045614591667	-3531.1186780387275	1.796712176656282E307	1.1919904053428382E308	0.7089758829786875	0.24514967810526161	2.6473431386376967	0.10750718325703468	0.24514967810526161	2.6473431386376967	0.10750718325703468	0.13147623932500999	1.120968588473694E-309	0.0	0.0	1.068291249933195E-309	-13467.084477450197	8.422972766397263E307	9.99039824362561E307	2.562927611511992E307	1.8687965100931534E307	1.51798030182498E307	4	2	4	2	7
415000	-19127.61931275867	-3499.6536569406558	-15627.965655818016	-3499.6536569406558	5.087344412397868E307	Infinity	0.7089758829786875	0.24514967810526161	2.6473431386376967	0.10750718325703468	0.24514967810526161	2.6473431386376967	0.10750718325703468	0.06360449067590285	0.0	0.0	0.0	4.67142036791736E-310	-13472.234558998558	1.5479893754699064E308	3.8234490860470794E307	2.0093665086692631E307	2.1297210664804655E307	4.1690881197664615E307	4	3	1	7	4
416000	-19153.307137966684	-3481.596395074198	-15671.710742892486	-3481.596395074198	7.351405664007005E307	Infinity	0.7089758829786875	0.24514967810526161	2.6473431386376967	0.10750718325703468	0.24514967810526161	2.6473431386376967	0.10750718325703468	0.1944179991317237	0.0	0.0	0.0	2.48498281735376E-310	-13490.935123073008	1.3319683415908507E308	1.1483579838027963E308	4.274849047826378E307	5.69320904552308E307	3.833579033250109E307	3	4	7	3	2
417000	-19152.242718419886	-3463.600565062954	-15688.642153356932	-3463.600565062954	5.20583453457581E307	Infinity	0.7089758829786875	0.24514967810526161	2.6473431386376967	0.10750718325703468	0.24514967810526161	2.6473431386376967	0.10750718325703468	0.2881681386120948	0.0	0.0	0.0	3.0923705016619E-310	-13485.320494918575	1.3319683415908507E308	5.980087629175554E307	4.889913140303038E307	4.575108349140314E307	2.4641504625048036E307	7	4	3	4	1
418000	-19142.133691041865	-3473.578764956483	-15668.55492608538	-3473.578764956483	3.3176209519949086E307	Infinity	0.7089758829786875	0.24514967810526161	2.6473431386376967	0.10750718325703468	0.24514967810526161	2.6473431386376967	0.10750718325703468	0.2534336994945197	0.0	0.0	0.0	5.6253025849059E-310	-13475.492646407902	9.995059228324708E307	5.64224891924704E307	3.6647199151664475E307	3.5604879022164767E307	2.553502086793274E307	7	1	1	6	4
419000	-19170.594815088305	-3501.9532104390946	-15668.641604649209	-3501.9532104390946	7.57013419338171E307	Infinity	0.7089758829786875	0.24514967810526161	2.6473431386376967	0.10750718325703468	0.24514967810526161	2.6473431386376967	0.10750718325703468	0.14292604595507777	0.0	0.0	0.0	1.99011966097386E-310	-13493.797757930313	1.1449584574601783E308	1.3765489639159785E308	8.484573933075963E307	4.3001998039964623E307	9.625967409538223E307	2	12	2	2	1
420000	-19165.61592509435	-3467.361716403205	-15698.254208691144	-3467.361716403205	1.2012963655933458E308	Infinity	0.7089758829786875	0.24514967810526161	2.6473431386376967	0.10750718325703468	0.24514967810526161	2.6473431386376967	0.10750718325703468	0.29456678945029835	0.0	0.0	0.0	2.2133244078375E-310	-13496.936924793958	1.058539352550907E308	1.7350670581190155E308	1.2274826910661666E308	1.0559009186223892E308	5.23138383915612E307	2	2	3	11	1
421000	-19171.824413705734	-3489.4511703673074	-15682.373243338425	-3489.4511703673074	4.561222608046485E307	Infinity	0.7089758829786875	0.24514967810526161	2.6473431386376967	0.10750718325703468	0.24514967810526161	2.6473431386376967	0.10750718325703468	0.2639980462208275	0.0	0.0	0.0	3.66413126604946E-310	-13484.253549132061	1.1620728299694817E308	1.0053204468267745E308	4.0381639048452124E307	2.722420743380985E307	1.8209218945542164E307	1	9	2	6	1
422000	-19155.003274842493	-3490.104043085776	-15664.899231756715	-3490.104043085776	1.3673190998382977E308	Infinity	0.7089758829786875	0.24514967810526161	2.6473431386376967	0.10750718325703468	0.24514967810526161	2.6473431386376967	0.10750718325703468	0.1361226900730243	0.0	0.0	0.0	2.5843465406939E-310	-13494.916255205913	1.2810767031439995E308	1.192473586489559E308	8.0193802212645E307	7.816562320226922E307	1.0213570304988565E308	1	9	2	6	1
423000	-19134.76305287792	-3485.8321939632265	-15648.930858914691	-3485.8321939632265	6.950810765143368E307	Infinity	0.7089758829786875	0.24514967810526161	2.6473431386376967	0.10750718325703468	0.24514967810526161	2.6473431386376967	0.10750718325703468	0.07335611689975843	0.0	0.0	0.0	2.34798178109806E-310	-13490.738357418446	1.6756565274010718E308	1.5633566280278926E308	1.1780281972972968E308	4.735680033573652E307	2.993413912741024E307	6	1	7	3	2
424000	-19152.42387756431	-3504.298380700925	-15648.125496863386	-3504.298380700925	3.687719213264897E307	Infinity	0.7089758829786875	0.24514967810526161	2.6473431386376967	0.10750718325703468	0.24514967810526161	2.6473431386376967	0.10750718325703468	0.14219385017199904	0.0	0.0	0.0	4.3836129697011E-310	-13478.408156470638	4.593708169510272E307	4.1415753400472865E307	3.576777571687383E307	6.985610949069764E307	3.2129694293267037E307	11	1	4	1	2
425000	-19153.49845118875	-3489.3773417306643	-15664.121109458085	-3489.3773417306643	7.224178069361524E307	Infinity	0.7089758829786875	0.24514967810526161	2.6473431386376967	0.10750718325703468	0.24514967810526161	2.6473431386376967	0.10750718325703468	0.11498889615425528	0.0	0.0	0.0	1.85915435413623E-310	-13490.913734013357	1.1594026186739169E308	5.087927389268646E307	7.146125753935545E307	8.280069107108858E307	6.74008553623511E307	9	3	2	3	2
426000	-19155.75455438645	-3522.355620806224	-15633.398933580227	-3522.355620806224	5.562145408814634E307	Infinity	0.7089758829786875	0.24514967810526161	2.260439222652844	0.4944110992418874	0.24514967810526161	2.260439222652844	0.4944110992418874	0.05725878302657644	0.0	0.0	0.0	2.4325168912965E-310	-13488.400201768467	5.944464774775791E307	1.118840574990464E308	1.5360038730500578E308	1.0811516059332831E308	1.164885527097829E308	8	2	4	1	4
427000	-19231.698496694436	-3515.5056062172757	-15716.19289047716	-3515.5056062172757	7.025970385159627E307	Infinity	0.7089758829786875	0.24514967810526161	2.260439222652844	0.4944110992418874	0.24514967810526161	2.260439222652844	0.4944110992418874	0.3702649514620996	0.0	0.0	0.0	2.61251539085875E-310	-13486.346571495904	1.1778448303512908E308	1.130182477906389E308	8.454410357051613E307	1.4744318288461799E308	1.7044824494222305E307	3	2	10	1	3
428000	-19153.177763021282	-3483.8650875247213	-15669.312675496561	-3483.8650875247213	5.057780433604589E307	Infinity	0.7089758829786875	0.24514967810526161	2.260439222652844	0.4944110992418874	0.24514967810526161	2.260439222652844	0.4944110992418874	0.14716132483238217	0.0	0.0	0.0	2.12250075616294E-310	-13489.290616915505	1.307434430547945E308	1.0666354802044476E308	5.817105984313953E307	1.218396923739932E308	7.21526600116385E307	8	1	5	4	1
429000	-19181.966271093774	-3489.855778608528	-15692.110492485246	-3489.855778608528	6.503544357660658E307	Infinity	0.7089758829786875	0.24514967810526161	2.260439222652844	0.4944110992418874	0.24514967810526161	2.260439222652844	0.4944110992418874	0.21347762354254474	0.0	0.0	0.0	2.0829526580633E-310	-13495.422312709326	1.662182480828312E308	1.5166904895530704E308	1.1520647778381457E308	9.17050790648422E307	5.357690393607629E307	4	2	6	4	3
430000	-19136.539537961256	-3437.8624321563266	-15698.677105804929	-3437.8624321563266	6.976307843305703E307	Infinity	0.7089758829786875	0.24514967810526161	2.260439222652844	0.4944110992418874	0.24514967810526161	2.260439222652844	0.4944110992418874	0.30268834164942987	0.0	0.0	0.0	2.7179806307539E-310	-13492.309189354004	1.662182480828312E308	6.766426673674539E307	5.191669667263575E307	1.0968170238826525E308	7.598561758755997E307	5	5	1	3	5
431000	-19154.294990402548	-3474.9384718987576	-15679.35651850379	-3474.9384718987576	4.493996167253634E307	Infinity	0.7089758829786875	0.24514967810526161	2.260439222652844	0.4944110992418874	0.24514967810526161	2.260439222652844	0.4944110992418874	0.22410571881849045	0.0	0.0	0.0	3.7184086671641E-310	-13485.984215994378	8.125839535181803E307	8.17634488903349E307	8.084252344285121E307	6.197464556427112E307	7.612263996345975E307	7	3	1	4	4
432000	-19200.635625426443	-3501.508171361987	-15699.127454064457	-3501.508171361987	8.08825028042557E307	Infinity	0.7089758829786875	0.26814031649610937	2.260439222652844	0.47142046085103967	0.26814031649610937	2.260439222652844	0.47142046085103967	0.24448639082694512	0.0	0.0	0.0	2.21680101373463E-310	-13496.75701810225	1.188894540909148E308	1.4224623919957546E308	7.283811632723752E307	9.139221824076464E307	3.7103224345684277E307	7	3	1	5	3
433000	-19128.68636485053	-3481.7267704274373	-15646.959594423093	-3481.7267704274373	8.685342790854048E307	Infinity	0.7089758829786875	0.26814031649610937	2.568242841353517	0.16361684215036626	0.26814031649610937	2.568242841353517	0.16361684215036626	0.08637471071048682	0.0	0.0	0.0	2.9341995305071E-310	-13485.84034815676	8.835423492936788E307	5.522392770037113E307	8.666673234155235E307	5.584500668314284E307	8.089981400661279E307	1	4	5	3	6
434000	-19144.795039020864	-3496.6848894542454	-15648.11014956662	-3496.6848894542454	7.564529808029451E306	4.2725458194245933E307	0.7089758829786875	0.26814031649610937	2.568242841353517	0.16361684215036626	0.26814031649610937	2.568242841353517	0.16361684215036626	0.33013384803941914	1.56463744921283E-309	0.0	0.0	1.68923361416236E-309	-13446.863393684598	4.02247080063392E307	1.3233977273895687E307	9.273135052931833E306	7.338388689114187E306	7.692268708319046E306	1	5	6	3	4
435000	-19126.441481679354	-3488.92219956291	-15637.519282116444	-3488.92219956291	7.200279244627926E306	4.714078132326468E307	0.7089758829786875	0.26814031649610937	2.568242841353517	0.16361684215036626	0.26814031649610937	2.568242841353517	0.16361684215036626	0.18381063028331351	2.354038675559505E-309	0.0	0.0	2.373636496647823E-309	-13453.715009227277	4.03093222649191E307	2.437952137794052E307	1.230491937600561E307	8.607252240960105E306	8.716617682706988E306	1	13	1	3	1
436000	-19157.229941911308	-3504.9600906331884	-15652.269851278119	-3504.9600906331884	1.225007961006634E307	7.773580172659448E307	0.7089758829786875	0.26814031649610937	2.568242841353517	0.16361684215036626	0.26814031649610937	2.568242841353517	0.16361684215036626	0.31212145241837674	1.303868808867687E-309	0.0	0.0	1.31755590433708E-309	-13457.484556897483	3.319666796106933E307	2.032727981444493E307	1.340678478474786E307	8.495334156042521E306	6.783142518671856E306	1	3	12	2	1
437000	-19155.63478014931	-3507.8236024792154	-15647.811177670095	-3507.8236024792154	2.2519142511792183E307	1.4548173663602023E308	0.7089758829786875	0.26814031649610937	2.568242841353517	0.16361684215036626	0.26814031649610937	2.568242841353517	0.16361684215036626	0.14113324870987515	9.54090673537457E-310	0.0	0.0	9.4709200079721E-310	-13471.649903816027	1.047344431450449E308	5.042819795855901E307	4.32326637075715E307	3.933631580055649E307	2.347638102045774E307	1	9	4	2	3
438000	-19159.854496475968	-3462.481385391353	-15697.373111084615	-3462.481385391353	1.3797608729876163E308	Infinity	0.7089758829786875	0.26814031649610937	2.568242841353517	0.16361684215036626	0.26814031649610937	2.568242841353517	0.16361684215036626	0.30243602688887716	0.0	0.0	0.0	2.01620472867364E-310	-13492.56327445371	1.1449129145013313E308	9.827850768970695E307	7.15987531611406E307	1.0569683322589015E308	1.6527904505247052E308	1	3	1	13	1
439000	-19175.52250236028	-3473.1296115418068	-15702.392890818472	-3473.1296115418068	1.2612669108925067E308	Infinity	0.7089758829786875	0.26814031649610937	2.568242841353517	0.16361684215036626	0.26814031649610937	2.568242841353517	0.16361684215036626	0.2928499161511221	0.0	0.0	0.0	1.4410394039262E-310	-13498.54694750072	1.5000034834564583E308	1.1069328432327764E308	8.307774640587805E307	1.5740826326347226E308	1.4118189013519084E308	1	2	7	7	2
440000	-19172.54786584582	-3509.4827284591597	-15663.06513738666	-3509.4827284591597	9.137739212919608E307	Infinity	0.7089758829786875	0.26814031649610937	2.568242841353517	0.16361684215036626	0.26814031649610937	2.568242841353517	0.16361684215036626	0.1503083998084972	0.0	0.0	0.0	3.85334948940783E-310	-13487.058756676295	8.96181238726059E307	1.5971858412945551E308	1.08561056745513E308	5.683604575721426E307	5.254479695166609E307	1	1	2	12	3
441000	-19125.617358083902	-3501.093706314401	-15624.5236517695	-3501.093706314401	1.6648789899909793E307	9.05967881975493E307	0.7089758829786875	0.26814031649610937	2.568242841353517	0.16361684215036626	0.26814031649610937	2.568242841353517	0.16361684215036626	0.1087395178138391	1.318346498277745E-309	0.0	0.0	1.319397622899223E-309	-13461.924524597385	6.135764757199122E307	3.4515621803181844E307	1.3478137792463855E307	1.5652444602630654E307	1.4631580637833614E307	2	5	2	8	2
442000	-19139.639042047165	-3500.9450602930838	-15638.693981754082	-3500.9450602930838	1.928215472004319E307	1.1219467334351788E308	0.7089758829786875	0.26814031649610937	2.568242841353517	0.16361684215036626	0.26814031649610937	2.568242841353517	0.16361684215036626	0.13147105018686467	1.21852083195506E-309	0.0	0.0	1.15656328552452E-309	-13463.74256204303	9.798159265070727E307	4.82888309069931E307	3.4159640988731886E307	2.1775876877787867E307	7.7081097003191E306	2	2	2	11	2
443000	-19204.552152688877	-3517.7746761063395	-15686.777476582538	-3517.7746761063395	2.0314326826250395E307	1.2044043285128784E308	0.7089758829786875	0.26814031649610937	2.568242841353517	0.16361684215036626	0.26814031649610937	2.568242841353517	0.16361684215036626	0.4042003876577519	8.43610726391284E-310	0.0	0.0	6.4393443998545E-310	-13467.478371448196	5.31970202844531E307	3.349542265760002E307	3.5916578115852447E307	1.3757180881002976E307	7.534770701222219E306	2	2	2	11	2
444000	-19157.881508643288	-3507.972691085082	-15649.908817558206	-3507.972691085082	1.866257094140376E307	1.124106910025236E308	0.7089758829786875	0.26814031649610937	2.3748120847897485	0.357047598714135	0.26814031649610937	2.3748120847897485	0.357047598714135	0.22142701537432885	7.7809529373326E-310	0.0	0.0	8.55629572494946E-310	-13464.222218855579	3.5628335735784914E307	1.1856009936525053E307	1.495342933878173E307	1.8893329294300552E307	1.4082701255401666E307	4	1	5	4	5
445000	-19106.226217547242	-3503.9019313752074	-15602.324286172035	-3503.9019313752074	5.745685754197748E306	3.785434527988885E307	0.7089758829786875	0.26814031649610937	2.3748120847897485	0.357047598714135	0.26814031649610937	2.3748120847897485	0.357047598714135	0.0849928906925349	2.5220749447645E-309	0.0	0.0	2.52301849493806E-309	-13446.797080591794	2.1386953959411124E307	2.283839370216555E307	1.7847080754844953E307	1.0900000575397786E307	4.423403423209317E306	2	2	1	10	4
446000	-19105.662419417764	-3486.4586383513583	-15619.203781066404	-3486.4586383513583	1.0726934725634981E307	4.890298769181012E307	0.7089758829786875	0.26814031649610937	2.3748120847897485	0.357047598714135	0.26814031649610937	2.3748120847897485	0.357047598714135	0.17833229123871286	2.53938067698627E-309	0.0	0.0	2.52464146841891E-309	-13446.282702283725	2.714126443386653E307	2.2172603514999204E307	7.959807100113841E306	7.465107276727013E306	4.681204179204079E306	2	4	2	7	4
447000	-19170.51261964924	-3495.571970715553	-15674.940648933685	-3495.571970715553	1.1493999823704996E307	8.286860699846285E307	0.7089758829786875	0.09224870529737375	2.3748120847897485	0.5329392099128706	0.09224870529737375	2.3748120847897485	0.5329392099128706	0.37934562011828044	1.484889961137723E-309	0.0	0.0	1.388897748852385E-309	-13461.285258622582	7.713684970680951E307	2.491169489227939E307	1.3875288724215632E307	1.1753829748656872E307	2.147629462525428E307	2	4	2	3	8
448000	-19158.645464086436	-3485.7452650447453	-15672.900199041691	-3485.7452650447453	1.4399952440849646E307	1.0663896714469227E308	0.7089758829786875	0.09224870529737375	2.3748120847897485	0.5329392099128706	0.09224870529737375	2.3748120847897485	0.5329392099128706	0.3733246792276163	1.01574609232993E-309	0.0	0.0	9.34430921842033E-310	-13467.160864279303	4.2423068359342704E307	2.2555707131913994E307	3.0786719792632016E307	1.732331938296474E307	7.518929678726968E306	6	5	1	3	4
449000	-19116.066874681925	-3475.432490823598	-15640.634383858327	-3475.432490823598	2.6405931104096123E307	1.5146372052257527E308	0.7089758829786875	0.09224870529737375	2.3748120847897485	0.5329392099128706	0.09224870529737375	2.3748120847897485	0.5329392099128706	0.1602942833834068	7.98594272085047E-310	0.0	0.0	7.9430955221224E-310	-13465.200139570372	3.767241378713055E307	2.3942172599938626E307	3.320134927802954E307	1.4509319762845092E307	5.662691466898462E306	3	8	6	1	1
450000	-19161.11744299702	-3497.2918344641494	-15663.82560853287	-3497.2918344641494	3.221512770408471E307	Infinity	0.7089758829786875	0.09224870529737375	2.3748120847897485	0.5329392099128706	0.09224870529737375	2.3748120847897485	0.5329392099128706	0.2088347387668835	0.0	0.0	0.0	4.59609021112706E-310	-13477.452089316957	5.817277807854536E307	5.27916377791231E307	3.8089552879311936E307	1.3019287032879818E307	1.8494617720703572E307	6	9	1	2	1
451000	-19141.116269221533	-3476.6251400936485	-15664.491129127886	-3476.6251400936485	5.523643872465091E307	Infinity	0.7089758829786875	0.09224870529737375	2.3748120847897485	0.5329392099128706	0.09224870529737375	2.3748120847897485	0.5329392099128706	0.13125191772002376	0.0	0.0	0.0	3.43897375555334E-310	-13487.8228985009	1.0563836839562757E308	6.479318997709991E307	2.4803525693749877E307	1.5702183085631143E307	5.510963382317316E307	6	5	5	2	1
452000	-19152.842264189258	-3467.484822620231	-15685.357441569027	-3467.484822620231	9.735546144737346E307	Infinity	0.633864795078636	0.09224870529737375	2.7483474867705997	0.15940380793201941	0.09224870529737375	2.7483474867705997	0.15940380793201941	0.23957707552715474	0.0	0.0	0.0	2.4266698452013E-310	-13490.96039938932	1.2260767407499938E308	1.048978491854333E308	1.0602033220125123E308	1.9310224648291104E307	3.8977926636792225E307	6	5	6	1	1
453000	-19289.089133073758	-3602.9036047615173	-15686.18552831224	-3602.9036047615173	7.301353049915493E307	Infinity	0.633864795078636	0.09224870529737375	2.7483474867705997	0.15940380793201941	0.09224870529737375	2.7483474867705997	0.15940380793201941	0.25925914663367294	0.0	0.0	0.0	1.8459978117695E-310	-13493.91535962474	1.0372209102008073E308	5.781762470722438E307	4.0097232269620655E307	3.681350225787685E307	4.048591427438465E307	10	1	6	1	1
454000	-19132.89384221894	-3482.498807136332	-15650.395035082607	-3482.498807136332	6.057205708288384E307	Infinity	0.633864795078636	0.09224870529737375	2.508435939761356	0.39931535494126347	0.09224870529737375	2.508435939761356	0.39931535494126347	0.1238332848045548	0.0	0.0	0.0	2.86731655610767E-310	-13482.802422338846	1.0372209102008073E308	2.7371307610444356E307	6.502784313011863E307	3.665509231208864E307	1.8363652565705466E307	5	8	2	2	2
455000	-19133.023032809768	-3482.9186204643875	-15650.104412345381	-3482.9186204643875	5.269400668075825E307	Infinity	0.633864795078636	0.09224870529737375	2.508435939761356	0.39931535494126347	0.09224870529737375	2.508435939761356	0.39931535494126347	0.12051947677527398	0.0	0.0	0.0	2.37537104937233E-310	-13482.80504448641	9.967953005708339E307	5.535312054685962E307	1.2347955358277476E308	6.816200663339331E307	2.2732648525278263E307	5	8	2	2	2
456000	-19184.63924719333	-3494.904732262481	-15689.73451493085	-3494.904732262481	7.005838270896491E307	Infinity	0.633864795078636	0.09224870529737375	2.508435939761356	0.39931535494126347	0.09224870529737375	2.508435939761356	0.39931535494126347	0.32072134781895784	0.0	0.0	0.0	2.423485294337E-310	-13486.862570549683	1.4037258971337683E308	8.188260336827385E307	8.113301642566029E307	9.102978662173047E307	3.4394512229125215E307	1	3	6	7	2
457000	-19152.515235098443	-3479.2819015533773	-15673.233333545066	-3479.2819015533773	1.6331560507348213E307	1.04270315172355E308	0.633864795078636	0.09224870529737375	2.508435939761356	0.39931535494126347	0.09224870529737375	2.508435939761356	0.39931535494126347	0.3923486908318916	9.18530524970697E-310	0.0	0.0	1.16413076237378E-309	-13464.525936137632	4.2353549375414305E307	3.1945080690401895E307	3.736403925492166E307	2.307854030113192E307	1.0890197730622787E307	1	7	5	4	2
458000	-19172.911366147746	-3478.3544304724323	-15694.556935675313	-3478.3544304724323	1.171071802896038E308	Infinity	0.633864795078636	0.09224870529737375	2.508435939761356	0.39931535494126347	0.09224870529737375	2.508435939761356	0.39931535494126347	0.26765526605919204	0.0	0.0	0.0	1.9814961451446E-310	-13495.086777069404	1.3085998570038716E308	1.3209170919871263E308	1.4107927773599184E308	8.833908778078887E307	1.3608191914674388E308	5	5	5	2	2
459000	-19168.979645693802	-3500.2939227498664	-15668.685722943936	-3500.2939227498664	8.130810574659262E307	Infinity	0.633864795078636	0.09224870529737375	2.508435939761356	0.39931535494126347	0.09224870529737375	2.508435939761356	0.39931535494126347	0.12592405138088864	0.0	0.0	0.0	1.3525358502201E-310	-13495.623467956504	7.993533334459828E307	1.1505074216631998E308	1.027268852918714E308	1.3722178954690163E308	1.5568536334949065E308	1	3	1	1	13
460000	-19185.23218172652	-3454.4160744163582	-15730.816107310158	-3454.4160744163582	1.7959376787049674E308	Infinity	0.633864795078636	0.09224870529737375	2.508435939761356	0.39931535494126347	0.09224870529737375	2.508435939761356	0.39931535494126347	0.4075760203248821	0.0	0.0	0.0	9.3512498164675E-311	-13503.89891023209	1.2532480095842128E308	1.4213223053899248E308	1.4478502309444935E308	7.741191320041455E307	1.4333717612106288E308	4	1	2	1	11
461000	-19162.75466384502	-3505.0913381255364	-15657.66332571948	-3505.0913381255364	1.0996098959275437E308	Infinity	0.633864795078636	0.09224870529737375	2.508435939761356	0.39931535494126347	0.09224870529737375	2.508435939761356	0.39931535494126347	0.091998124788153	0.0	0.0	0.0	2.0442706509122E-310	-13496.576489246354	1.2532480095842128E308	9.792352900303357E307	9.6089626305623E307	5.564629501969321E307	9.023625470913963E307	1	1	7	3	7
462000	-19106.066803275004	-3451.188200724655	-15654.87860255035	-3451.188200724655	4.678305057978869E307	Infinity	0.633864795078636	0.09224870529737375	2.508435939761356	0.39931535494126347	0.09224870529737375	2.508435939761356	0.39931535494126347	0.15107736654030443	0.0	0.0	0.0	4.5458409418977E-310	-13481.83867654432	1.350401314079694E308	7.717422248319966E307	5.293790659268886E307	4.344540669166678E307	1.6619234295058056E307	2	4	7	3	3
463000	-19120.248659400615	-3447.282090000578	-15672.966569400036	-3447.282090000578	1.8994464921916321E307	1.4502754681960263E308	0.633864795078636	0.09224870529737375	2.508435939761356	0.39931535494126347	0.09224870529737375	2.508435939761356	0.39931535494126347	0.2942748238435896	7.83013320000226E-310	0.0	0.0	7.53984202681462E-310	-13469.125988049056	7.189649314918119E307	7.796514961522817E307	2.66914849447435E307	6.394758713397557E307	1.158728085139599E307	2	4	8	2	3
464000	-19109.84993475465	-3472.38508737699	-15637.46484737766	-3472.38508737699	1.292048706903813E307	7.859685463525727E307	0.633864795078636	0.09224870529737375	2.508435939761356	0.39931535494126347	0.09224870529737375	2.508435939761356	0.39931535494126347	0.20858239921360988	1.305340873871087E-309	0.0	0.0	1.344364613120885E-309	-13455.830326275616	1.8246323634026497E307	1.6844749320976296E307	1.165057922240422E307	1.4947224411688955E307	6.306397123088325E306	3	5	6	2	3
465000	-19156.775228099068	-3507.6994175187488	-15649.07581058032	-3507.6994175187488	6.510900713995835E307	Infinity	0.633864795078636	0.09224870529737375	2.508435939761356	0.39931535494126347	0.09224870529737375	2.508435939761356	0.39931535494126347	0.10660305251532266	0.0	0.0	0.0	3.6970497986232E-310	-13484.97216294326	1.2255466014158574E308	5.470507078910037E307	5.647744823652401E307	7.894785608332893E307	7.990968713780726E307	1	5	1	4	8
466000	-19111.425535826882	-3490.3779550403424	-15621.047580786539	-3490.3779550403424	7.615718079349492E307	Infinity	0.633864795078636	0.09224870529737375	2.508435939761356	0.39931535494126347	0.09224870529737375	2.508435939761356	0.39931535494126347	0.04869190074818709	0.0	0.0	0.0	2.826884181131E-310	-13483.171190318062	1.7205893697932479E308	7.310464438276807E307	7.249180974541095E307	5.434858415658264E307	4.921222737156301E307	1	9	1	4	4
467000	-19208.433286586867	-3512.0497711159746	-15696.383515470892	-3512.0497711159746	5.840492113088648E307	Infinity	0.633864795078636	0.09224870529737375	2.508435939761356	0.39931535494126347	0.09224870529737375	2.508435939761356	0.39931535494126347	0.37749083322181887	0.0	0.0	0.0	2.9725775291708E-310	-13482.224852300744	1.2085489592757337E308	5.894760900792158E307	9.661513937890518E307	6.332969038123744E307	6.306444470584363E307	1	9	1	5	3
468000	-19152.380520829327	-3500.9739638922565	-15651.40655693707	-3500.9739638922565	3.408379952592994E307	1.7623010642921616E308	0.633864795078636	0.09224870529737375	2.508435939761356	0.39931535494126347	0.09224870529737375	2.508435939761356	0.39931535494126347	0.1754384441513861	5.9238075361485E-310	0.0	0.0	5.99271017007907E-310	-13472.175292613669	1.14770419397725E308	4.269940533345691E307	2.778568135463542E307	2.114655353155361E307	1.9822199594073579E307	1	9	1	5	3
469000	-19134.900814788172	-3469.7470599192393	-15665.153754868934	-3469.7470599192393	1.9121113720644198E307	1.3294923879671787E308	0.633864795078636	0.09224870529737375	2.508435939761356	0.39931535494126347	0.09224870529737375	2.508435939761356	0.39931535494126347	0.2251101654882031	1.168236937486197E-309	0.0	0.0	1.214753707220074E-309	-13473.668272062996	2.0538139006028454E307	1.79510604400074E307	4.555372095028012E307	7.331397219591611E307	1.0455528089148549E308	1	2	10	4	2
470000	-19150.175998885246	-3514.173155360328	-15636.002843524917	-3514.173155360328	2.7150049222952546E307	1.5269417170990111E308	0.633864795078636	0.4946876486463775	2.105996996412352	0.39931535494126347	0.4946876486463775	2.105996996412352	0.39931535494126347	0.1158586986761471	5.7361986339223E-310	0.0	0.0	5.88478705389817E-310	-13470.062418329233	6.234681579165821E307	7.657722807476616E307	5.12067889991148E307	1.7262206144044705E307	1.0297625543291309E307	1	2	1	13	2
471000	-19212.90662582142	-3520.6081632193827	-15692.298462602037	-3520.6081632193827	4.782063054450976E307	Infinity	0.633864795078636	0.4946876486463775	2.105996996412352	0.39931535494126347	0.4946876486463775	2.105996996412352	0.39931535494126347	0.3111810700546974	0.0	0.0	0.0	2.29519669648737E-310	-13488.213139918702	1.069922088027672E308	9.885518777530073E307	5.397889599428412E307	5.215745134959661E307	4.4080551314329184E307	1	7	6	3	2
472000	-19166.97672418015	-3488.8595663026413	-15678.117157877507	-3488.8595663026413	8.37657584555941E307	Infinity	0.633864795078636	0.4946876486463775	2.105996996412352	0.39931535494126347	0.4946876486463775	2.105996996412352	0.39931535494126347	0.24008312636008677	0.0	0.0	0.0	3.1094945621775E-310	-13484.626753404436	5.293745718647987E307	7.793035712116776E307	1.0241198164171547E308	1.443914318002024E308	7.467813527015877E307	4	5	2	6	2
473000	-19167.18112528632	-3484.1110666204	-15683.07005866592	-3484.1110666204	3.4487793102359314E307	Infinity	0.633864795078636	0.4946876486463775	2.21476257596349	0.2905497753901251	0.4946876486463775	2.21476257596349	0.2905497753901251	0.23901752878779595	0.0	0.0	0.0	4.00351449081862E-310	-13481.979336474791	1.276564264732724E308	5.268338990389366E307	1.2285474168780244E308	1.1577004196557666E308	4.2427867254880395E307	1	11	1	4	2
474000	-19144.247592898286	-3515.602493497182	-15628.645099401105	-3515.602493497182	8.061664816512747E307	Infinity	0.633864795078636	0.4946876486463775	2.21476257596349	0.2905497753901251	0.4946876486463775	2.21476257596349	0.2905497753901251	0.03355872632499523	0.0	0.0	0.0	2.01452359580798E-310	-13490.864956987538	8.828918088101622E307	4.523325151671949E307	5.600353200993684E307	1.079908682997585E308	4.674340490752058E307	2	8	3	5	1
475000	-19201.107579542684	-3492.2099428254214	-15708.897636717262	-3492.2099428254214	1.3726157116896053E308	Infinity	0.633864795078636	0.4946876486463775	2.21476257596349	0.2905497753901251	0.4946876486463775	2.21476257596349	0.2905497753901251	0.2592028212592051	0.0	0.0	0.0	1.5894501213617E-310	-13497.246556195472	1.7937786777298398E308	1.1378495731356018E308	1.0164486138896728E308	6.70114207669686E307	2.9732896580602157E307	8	8	1	1	1
476000	-19205.951577260308	-3535.7203277753842	-15670.231249484925	-3535.7203277753842	7.43128096794912E307	Infinity	0.633864795078636	0.4946876486463775	2.21476257596349	0.2905497753901251	0.4946876486463775	2.21476257596349	0.2905497753901251	0.14503088558126856	0.0	0.0	0.0	2.2559110190461E-310	-13487.947561019262	9.672484394318678E307	4.789667474311287E307	6.770819902936269E307	6.269342315753702E307	6.22463900013082E307	13	1	1	3	1
477000	-19186.131550280123	-3524.307566407038	-15661.823983873084	-3524.307566407038	5.943863336126755E307	Infinity	0.633864795078636	0.4946876486463775	1.8511366291609788	0.6541757221926364	0.4946876486463775	1.8511366291609788	0.6541757221926364	0.11659457362294276	0.0	0.0	0.0	2.1395623100077E-310	-13491.05774647996	1.5921146649742733E308	3.827911262959302E307	1.9494101949636596E307	3.6212575112668066E307	4.069205662177343E307	10	1	1	4	3
478000	-19165.448918767943	-3493.5931847338643	-15671.85573403408	-3493.5931847338643	4.898980929610452E307	Infinity	0.633864795078636	0.4946876486463775	1.8511366291609788	0.6541757221926364	0.4946876486463775	1.8511366291609788	0.6541757221926364	0.2577495168814183	0.0	0.0	0.0	3.2133389678146E-310	-13481.25188655564	8.730459339298086E307	1.3639346986040355E308	9.427173261227882E307	3.509017396524375E307	1.543732643172141E307	4	1	5	8	1
479000	-19195.117523826386	-3509.494460138877	-15685.62306368751	-3509.494460138877	5.691121582288993E307	Infinity	0.633864795078636	0.4946876486463775	1.8511366291609788	0.6541757221926364	0.4946876486463775	1.8511366291609788	0.6541757221926364	0.32120869989152034	0.0	0.0	0.0	3.53177937335805E-310	-13478.93502112913	6.034301337158284E307	2.326065855114969E307	5.4911637250362E307	5.423542135659107E307	1.952369719180551E307	7	1	4	5	2
480000	-19142.644724958667	-3508.6507466021026	-15633.993978356564	-3508.6507466021026	1.984756407761766E307	1.169828318553572E308	0.633864795078636	0.4946876486463775	1.8511366291609788	0.6541757221926364	0.4946876486463775	1.8511366291609788	0.6541757221926364	0.1259681215568061	7.260281568781E-310	0.0	0.0	7.23938140363374E-310	-13464.529612507844	8.564405176461685E307	3.0924577151450465E307	1.2404766013638742E307	2.42481884526182E307	1.572414429690005E307	3	3	6	2	5
481000	-19205.139536895414	-3539.383053127421	-15665.756483767993	-3539.383053127421	2.487362194390408E307	1.2115561998476093E308	0.633864795078636	0.4946876486463775	1.8511366291609788	0.6541757221926364	0.4946876486463775	1.8511366291609788	0.6541757221926364	0.3172648972822049	6.3786375788579E-310	0.0	0.0	7.2570683496012E-310	-13468.894522071552	6.989394423386012E307	1.478436834611016E307	1.4043404455579094E307	1.4073855195986513E307	1.3864335993288228E307	2	5	4	4	4
482000	-19155.326787821403	-3533.597342153733	-15621.729445667672	-3533.597342153733	1.0045509652739357E307	6.558710630337435E307	0.633864795078636	0.4946876486463775	1.8511366291609788	0.6541757221926364	0.4946876486463775	1.8511366291609788	0.6541757221926364	0.13463069644466752	1.747301311627493E-309	0.0	0.0	1.775347864511294E-309	-13450.17417069119	2.7378774200824633E307	8.911151234977614E306	9.564886772428254E306	1.9392489096820983E307	1.1244256264402714E307	1	6	4	4	4
483000	-19115.840490053448	-3487.1513524261377	-15628.689137627309	-3487.1513524261377	8.762471894901234E306	4.886179654185925E307	0.633864795078636	0.4946876486463775	1.8511366291609788	0.6541757221926364	0.4946876486463775	1.8511366291609788	0.6541757221926364	0.15267677963715953	1.42534886546148E-309	0.0	0.0	1.342157962762873E-309	-13447.23362656368	1.9281208227364848E307	5.421229074285273E306	7.057796804610363E306	8.015741868407504E306	1.0308465300121848E307	2	3	4	8	2
484000	-19190.604015253313	-3515.3730979345914	-15675.230917318722	-3515.3730979345914	2.126588410882832E307	1.0686845844795525E308	0.633864795078636	0.4946876486463775	1.8511366291609788	0.6541757221926364	0.4946876486463775	1.8511366291609788	0.6541757221926364	0.4177224572596009	9.946520275837E-310	0.0	0.0	1.18674139391791E-309	-13461.869671468177	5.809115002904466E307	3.8288828151070234E307	1.0725816697999959E307	1.7128278738518837E307	2.6857866881194143E307	2	3	4	7	3
485000	-19188.33693123026	-3510.1694344243824	-15678.167496805878	-3510.1694344243824	9.084232411495044E306	6.365290802087762E307	0.633864795078636	0.4946876486463775	1.8511366291609788	0.6541757221926364	0.4946876486463775	1.8511366291609788	0.6541757221926364	0.37486744719094506	1.149679339687026E-309	0.0	0.0	1.034710836899317E-309	-13459.611376949551	5.093279250820574E307	1.7091819220177492E307	2.7396151910234897E307	2.2068558847807064E307	1.3828552648030495E307	4	3	3	6	3
486000	-19107.087139628336	-3471.6437012868305	-15635.443438341505	-3471.6437012868305	1.3157965375573533E307	7.815490611523334E307	0.633864795078636	0.4946876486463775	2.260276268822527	0.24503608253108794	0.4946876486463775	2.260276268822527	0.24503608253108794	0.15460144601031484	1.211516280783155E-309	0.0	0.0	1.192302234809816E-309	-13458.922754075962	4.4246699624770383E307	2.317855924281162E307	1.311362224355754E307	7.168120140220847E306	1.8795901983378202E307	1	3	3	1	11
487000	-19114.06141634625	-3482.1092559923054	-15631.952160353943	-3482.1092559923054	6.34899154832013E306	3.463685905591336E307	0.633864795078636	0.1966862661164912	2.5582776513524133	0.24503608253108794	0.1966862661164912	2.5582776513524133	0.24503608253108794	0.1996569660205721	4.081697662034044E-309	0.0	0.0	3.916179968919137E-309	-13446.842989997645	2.4945893436393555E307	2.058429896232788E307	2.38061899080913E307	8.439001931726662E306	7.050085196361544E306	1	5	5	2	6
488000	-19149.402181286092	-3482.4314697863065	-15666.970711499785	-3482.4314697863065	4.737221636465119E307	Infinity	0.633864795078636	0.1966862661164912	2.5582776513524133	0.24503608253108794	0.1966862661164912	2.5582776513524133	0.24503608253108794	0.19713434100227872	0.0	0.0	0.0	3.59428470376324E-310	-13479.489575229154	9.693220994588293E307	1.9881558065157549E307	4.928285765332518E307	2.906934208703549E307	2.596583561142525E307	7	3	4	4	1
489000	-19184.39524611444	-3496.993952491226	-15687.401293623214	-3496.993952491226	6.568294483229707E307	Infinity	0.633864795078636	0.1966862661164912	2.5582776513524133	0.24503608253108794	0.1966862661164912	2.5582776513524133	0.24503608253108794	0.2513760453088885	0.0	0.0	0.0	2.36455247962797E-310	-13487.941192450178	1.0861990169262503E308	5.29005982077253E307	1.137826302706021E308	7.014906465440671E307	2.254039740723043E307	7	4	3	4	1
490000	-19175.457217428964	-3507.6560841005066	-15667.801133328458	-3507.6560841005066	9.483466512350453E306	8.446744503376269E307	0.633864795078636	0.1966862661164912	2.5582776513524133	0.24503608253108794	0.1966862661164912	2.5582776513524133	0.24503608253108794	0.2428856018963282	1.18154456788484E-309	0.0	0.0	1.139685979702634E-309	-13463.949545340769	7.991863756989287E307	5.803756284817278E307	2.193668147605617E307	1.1203611928753599E307	5.118530782444654E306	7	4	2	5	1
491000	-19188.91614400504	-3507.9962878004785	-15680.919856204562	-3507.9962878004785	1.6458883867342586E307	1.0015338908609494E308	0.9146251157250458	0.1966862661164912	2.5582776513524133	0.24503608253108794	0.1966862661164912	2.5582776513524133	0.24503608253108794	0.39354220106633653	7.88370868267807E-310	0.0	0.0	7.0802548046814E-310	-13461.960092359344	2.0481316401347752E307	2.41308236602042E307	4.0527713365842306E307	2.5038911492530424E307	1.4112037456765828E307	8	3	3	3	2
492000	-19135.199969563902	-3504.341013366179	-15630.858956197722	-3504.341013366179	1.3274740039354697E307	8.069500530829012E307	0.9146251157250458	0.1966862661164912	2.5582776513524133	0.24503608253108794	0.1966862661164912	2.5582776513524133	0.24503608253108794	0.13139292713077216	1.05621812612561E-309	0.0	0.0	1.073581446254573E-309	-13457.868434025206	1.4333949644788786E308	4.965835373558324E307	2.09027430367959E307	7.718654367134675E306	6.11405851370842E306	2	2	8	6	1
493000	-19120.780330320144	-3501.448157167253	-15619.332173152889	-3501.448157167253	1.793863770693091E307	8.613349881422939E307	0.9146251157250458	0.1966862661164912	2.309008191360469	0.49430554252303205	0.1966862661164912	2.309008191360469	0.49430554252303205	0.11741299534014553	9.02537713653986E-310	0.0	0.0	9.26715370585635E-310	-13459.381150375275	3.0459493237839536E307	2.510196383451416E307	1.280810466747219E307	2.0532548369441154E307	1.2459646661752265E307	2	7	1	8	1
494000	-19203.225885553526	-3503.919642955072	-15699.306242598452	-3503.919642955072	8.48575497484705E307	Infinity	0.9146251157250458	0.1966862661164912	2.309008191360469	0.49430554252303205	0.1966862661164912	2.309008191360469	0.49430554252303205	0.28632320589711446	0.0	0.0	0.0	2.32507881098685E-310	-13480.985270754521	4.412768983176029E307	1.3855540123634432E308	6.144811161384625E307	4.77951597768052E307	3.46601541580431E307	1	2	11	1	4
495000	-19179.98962655141	-3511.2399318582184	-15668.749694693193	-3511.2399318582184	4.270573012216206E307	Infinity	0.9146251157250458	0.1966862661164912	2.309008191360469	0.49430554252303205	0.1966862661164912	2.309008191360469	0.49430554252303205	0.24284723828184282	0.0	0.0	0.0	5.2491497124523E-310	-13476.741047719788	8.98520051568427E307	4.46739930093011E307	4.008972134375241E307	4.778778623185596E307	7.783011875434522E307	4	3	1	7	4
496000	-19158.99639605856	-3489.365252704225	-15669.631143354332	-3489.365252704225	6.655759763070365E307	Infinity	0.9146251157250458	0.1966862661164912	2.309008191360469	0.49430554252303205	0.1966862661164912	2.309008191360469	0.49430554252303205	0.21561246449337218	0.0	0.0	0.0	2.29010149385357E-310	-13484.137023929887	9.986032740657338E307	5.968682659190224E307	6.111926645392627E307	7.014963991210965E307	3.660443900867177E307	4	4	3	4	4
497000	-19191.252902740605	-3538.5130442930804	-15652.739858447525	-3538.5130442930804	1.2829896442258396E307	9.848136826198295E307	0.9146251157250458	0.1966862661164912	2.309008191360469	0.49430554252303205	0.1966862661164912	2.309008191360469	0.49430554252303205	0.21123471269430646	7.455840820386E-310	0.0	0.0	7.51333154616126E-310	-13466.283973607793	4.722992944994146E307	4.4472871142299115E307	3.4626174176578303E307	1.4364495663242898E307	4.988504952835637E306	6	2	5	1	5
498000	-19170.299529993874	-3526.0105024008913	-15644.289027592982	-3526.0105024008913	9.597071610953177E306	7.084211099108221E307	0.9146251157250458	0.1966862661164912	2.309008191360469	0.49430554252303205	0.1966862661164912	2.309008191360469	0.49430554252303205	0.19904397806687332	6.57955557560307E-310	0.0	0.0	6.4545956493031E-310	-13457.897048470979	3.092052373378807E307	1.3806224548483796E307	1.0949917204226332E307	1.1731562411380013E307	4.613523228152686E306	6	2	9	1	1
499000	-19131.64772594232	-3503.126364138146	-15628.521361804174	-3503.126364138146	4.5878845357721626E306	2.7929237122545347E307	0.9146251157250458	0.1966862661164912	2.309008191360469	0.49430554252303205	0.1966862661164912	2.309008191360469	0.49430554252303205	0.22843805134266326	2.50236625486385E-309	0.0	0.0	2.47900932020518E-309	-13439.344741917095	1.185832091019133E307	8.45183635748765E306	6.587993715919662E306	4.816003788639791E306	2.5655635595942242E306	2	3	10	2	2
500000	-19046.759096976217	-3451.358698910547	-15595.400398065669	-3451.358698910547	8.045898994866572E306	4.048343367817137E307	0.6502203159621269	0.08802500600275283	2.4176694514742074	0.49430554252303205	0.08802500600275283	2.4176694514742074	0.49430554252303205	0.08615916444525448	1.867583355958354E-309	0.0	0.0	1.81765157217633E-309	-13445.503773798055	1.04135789672109E307	7.674505530215228E306	3.2673154546491615E306	7.210375121355439E306	2.9553504172876685E306	5	7	5	1	1
