#
#model:
#
#<?xml version="1.0" encoding="UTF-8" standalone="no"?><input id="posterior" spec="beast.base.inference.CompoundDistribution">
#    <distribution id="prior" spec="beast.base.inference.CompoundDistribution">
#        <distribution id="CoalescentConstant.t:HRTV_S_BEAST" spec="beast.base.evolution.tree.coalescent.Coalescent">
#            <populationModel id="ConstantPopulation.t:HRTV_S_BEAST" spec="beast.base.evolution.tree.coalescent.ConstantPopulation">
#                <parameter id="popSize.t:HRTV_S_BEAST" lower="0.0" name="popSize" spec="beast.base.inference.parameter.RealParameter">0.3</parameter>
#            </populationModel>
#            <treeIntervals id="TreeIntervals.t:HRTV_S_BEAST" spec="beast.base.evolution.tree.TreeIntervals">
#                <tree id="Tree.t:HRTV_S_BEAST" spec="beast.base.evolution.tree.Tree">
#                    <trait id="dateTrait.t:HRTV_S_BEAST" spec="beast.base.evolution.tree.TraitSet" traitname="date" value="HRTV-23_T_S_2019=2019,HRTV-26_T_S_2019=2019,HRTV-404_T_S_2021=2021,HRTV-100_T_S_2022=2022,HRTV-187_T_S_2022=2022,HRTV-056F_T_S_2023=2023,HRTV-504_T_S_2019=2019,HRTV-432R_T_S_2023=2023,HRTV-642T_T_S_2023=2023,JX005843_H_S_MO_2009=2009,OQ688983.1_T_S_MO_2012=2012,OQ688989.1_T_S_MO_2012=2012,OQ688986.1_T_S_KS_2015=2015,OQ688993.1_H_S_OK_2017=2017,MZ440341_T_S_NY_2018=2018,MZ440344_T_S_NY_2018=2018,NC_024496_H_S_MO_2009=2009,KJ740146_H_S_TN_2013=2013,OQ688998.1_H_S_KY_2017=2017,OQ689001.1_H_S_MO_2017=2017">
#                        <taxa id="TaxonSet.HRTV_S_BEAST" spec="beast.base.evolution.alignment.TaxonSet">
#                        </taxa>
#                    </trait>
#                    <taxonset idref="TaxonSet.HRTV_S_BEAST"/>
#                </tree>
#            </treeIntervals>
#        </distribution>
#        <prior id="ORCRatePriorDistribution.c:HRTV_S_BEAST" name="distribution">
#            <parameter dimension="38" id="ORCRates.c:HRTV_S_BEAST" lower="1.0E-100" name="x" spec="beast.base.inference.parameter.RealParameter">0.5</parameter>
#            <LogNormal id="LogNormalDistributionModel.0" meanInRealSpace="true" name="distr">
#                <parameter estimate="false" id="RealParameter.2" name="M" spec="beast.base.inference.parameter.RealParameter">1.0</parameter>
#                <parameter id="ORCsigma.c:HRTV_S_BEAST" lower="0.0" name="S" spec="beast.base.inference.parameter.RealParameter">0.2</parameter>
#            </LogNormal>
#        </prior>
#        <prior id="ORCsigmaPrior.c:HRTV_S_BEAST" name="distribution" x="@ORCsigma.c:HRTV_S_BEAST">
#            <Gamma id="Gamma.0" name="distr">
#                <parameter estimate="false" id="RealParameter.3" name="alpha" spec="beast.base.inference.parameter.RealParameter">5.0</parameter>
#                <parameter estimate="false" id="RealParameter.4" name="beta" spec="beast.base.inference.parameter.RealParameter">0.05</parameter>
#            </Gamma>
#        </prior>
#        <prior id="ORCucldMeanPrior.c:HRTV_S_BEAST" name="distribution">
#            <parameter id="ORCucldMean.c:HRTV_S_BEAST" name="x" spec="beast.base.inference.parameter.RealParameter">0.0016226</parameter>
#            <Gamma id="Gamma.1" name="distr">
#                <alpha id="Function$Constant.1" spec="beast.base.core.Function$Constant" value="0.1"/>
#                <beta id="Function$Constant.2" spec="beast.base.core.Function$Constant" value="100.0"/>
#            </Gamma>
#        </prior>
#        <prior id="Standard_TPM3_rates_prior.s:HRTV_S_BEAST" name="distribution">
#            <parameter dimension="3" id="TPM3rates.s:HRTV_S_BEAST" lower="0.0" name="x" spec="beast.base.inference.parameter.RealParameter">1.0 1.0 1.0</parameter>
#            <distr id="Dirichlet.0" spec="beast.base.inference.distribution.Dirichlet">
#                <alpha id="Function$Constant.0" spec="beast.base.core.Function$Constant" value="1.0 1.0 1.0"/>
#            </distr>
#        </prior>
#        <prior id="PopSizePrior.t:HRTV_S_BEAST" name="distribution" x="@popSize.t:HRTV_S_BEAST">
#            <Gamma id="Gamma.3" name="distr">
#                <parameter estimate="false" id="RealParameter.8" name="alpha" spec="beast.base.inference.parameter.RealParameter">2.0</parameter>
#                <parameter estimate="false" id="RealParameter.9" name="beta" spec="beast.base.inference.parameter.RealParameter">2.0</parameter>
#            </Gamma>
#        </prior>
#        <prior id="PropInvariantPrior.s:HRTV_S_BEAST" name="distribution">
#            <parameter id="proportionInvariant.s:HRTV_S_BEAST" lower="0.0" name="x" spec="beast.base.inference.parameter.RealParameter" upper="1.0">0.769</parameter>
#            <Uniform id="Uniform.2" name="distr"/>
#        </prior>
#    </distribution>
#    <distribution id="likelihood" spec="beast.base.inference.CompoundDistribution" useThreads="true">
#        <distribution data="@HRTV_S_BEAST" id="treeLikelihood.HRTV_S_BEAST" spec="beast.base.evolution.likelihood.ThreadedTreeLikelihood" tree="@Tree.t:HRTV_S_BEAST">
#            <siteModel id="SiteModel.s:HRTV_S_BEAST" proportionInvariant="@proportionInvariant.s:HRTV_S_BEAST" spec="beast.base.evolution.sitemodel.SiteModel">
#                <parameter estimate="false" id="mutationRate.s:HRTV_S_BEAST" lower="0.0" name="mutationRate" spec="beast.base.inference.parameter.RealParameter">1.0</parameter>
#                <parameter estimate="false" id="gammaShape.s:HRTV_S_BEAST" lower="0.1" name="shape" spec="beast.base.inference.parameter.RealParameter">1.0</parameter>
#                <substModel id="Standard_TPM3.s:HRTV_S_BEAST" rates="@TPM3rates.s:HRTV_S_BEAST" spec="substmodels.nucleotide.TPM3"/>
#            </siteModel>
#            <branchRateModel clock.rate="@ORCucldMean.c:HRTV_S_BEAST" id="OptimisedRelaxedClock.c:HRTV_S_BEAST" rates="@ORCRates.c:HRTV_S_BEAST" spec="beast.base.evolution.branchratemodel.UCRelaxedClockModel" tree="@Tree.t:HRTV_S_BEAST">
#                <LogNormal S="@ORCsigma.c:HRTV_S_BEAST" id="ORCLogNormalDistributionModel.c:HRTV_S_BEAST" meanInRealSpace="true" name="distr">
#                    <parameter estimate="false" id="RealParameter.1" name="M" spec="beast.base.inference.parameter.RealParameter">1.0</parameter>
#                </LogNormal>
#            </branchRateModel>
#        </distribution>
#    </distribution>
#</input>
#
Sample	posterior	likelihood	prior	treeLikelihood	Tree.height	Tree.treeLength	proportionInvariant	RateAC-Standard_TPM3	RateAG-Standard_TPM3	RateAT-Standard_TPM3	RateCG-Standard_TPM3	RateCT-Standard_TPM3	RateGT-Standard_TPM3	ORCsigma	ORCRatesStat.mean	ORCRatesStat.variance	ORCRatesStat.coefficientOfVariation	ORCucldMean	popSize	CoalescentConstant
0	-3515.654341965369	-3422.0939074609782	-93.56043450439053	-3422.0939074609782	67.29365183903377	253.80913660052155	0.7861662334281891	0.13697560120442354	2.4044822847792635	0.4585421140163186	0.13697560120442354	2.4044822847792635	0.4585421140163186	0.33324077700229104	4.484177576215779E-4	3.6896440158085825E-8	0.363899547613506	5.811842373904345E-4	16.84019740585366	-82.95192923507732
1000	-3540.308365398235	-3439.924774948027	-100.38359045020796	-3439.924774948027	60.74688317749624	263.45612280555844	0.7861662334281891	0.13697560120442354	2.4044822847792635	0.4585421140163186	0.13697560120442354	2.4044822847792635	0.4585421140163186	0.323187359296992	3.298161833512501E-4	1.7729689407637958E-8	0.36894003094456845	3.949708066080136E-4	16.823407301000756	-86.53748506656274
2000	-3516.117161835941	-3427.6708951563846	-88.44626667955639	-3427.6708951563846	61.640701021240474	254.23226193760587	0.7861662334281891	0.13697560120442354	2.4044822847792635	0.4585421140163186	0.13697560120442354	2.4044822847792635	0.4585421140163186	0.22404202827834474	3.833250817254731E-4	1.191187638744217E-8	0.26939399834434435	4.0421963692163456E-4	19.096003177079506	-83.94219032029196
3000	-3505.6362062176768	-3429.118493568991	-76.5177126486854	-3429.118493568991	47.581361098921384	216.3388683749263	0.7861662334281891	0.13697560120442354	2.4044822847792635	0.4585421140163186	0.13697560120442354	2.4044822847792635	0.4585421140163186	0.1859959808709132	4.4059490448148005E-4	8.191549881853425E-9	0.20982894113468242	4.2307107675707673E-4	19.096003177079506	-81.20577302327376
4000	-3512.681348137289	-3430.4131417336685	-82.2682064036208	-3430.4131417336685	41.37584920448218	208.9164234107339	0.7861662334281891	0.13697560120442354	2.4044822847792635	0.4585421140163186	0.13697560120442354	2.4044822847792635	0.4585421140163186	0.26595505260367563	4.6853019969951586E-4	9.743601208216133E-9	0.20553459874771335	4.636193773941896E-4	19.096003177079506	-82.441925573876
5000	-3546.8424713728673	-3428.4651250894085	-118.37734628345865	-3428.4651250894085	54.57001749963905	224.3662822821114	0.7861662334281891	0.13697560120442354	2.4044822847792635	0.4585421140163186	0.13697560120442354	2.4044822847792635	0.4585421140163186	0.5796528535234015	4.458853609394193E-4	6.125881389438406E-8	0.5749891331257537	3.9063740180851576E-4	19.096003177079506	-80.14367401245971
6000	-3522.882714124006	-3438.142961611438	-84.73975251256815	-3438.142961611438	50.40977710420825	211.39934104846387	0.7861662334281891	0.015845957977040165	2.5256119280066467	0.4585421140163186	0.015845957977040165	2.5256119280066467	0.4585421140163186	0.25235817201688887	4.8563416530338256E-4	1.7299836190861706E-8	0.2642898887779205	5.054519319848358E-4	21.163371404605492	-79.10974632834989
7000	-3487.8238481392464	-3438.663900000011	-49.159948139235325	-3438.663900000011	71.28469712210166	257.7013210731493	0.7861662334281891	0.015845957977040165	2.5256119280066467	0.4585421140163186	0.015845957977040165	2.5256119280066467	0.4585421140163186	0.07480870448976053	4.230111214829251E-4	1.5149010628140752E-9	0.09270031926558228	4.19508379983652E-4	21.163371404605492	-80.718356307361
8000	-3513.5990435648764	-3438.746771219561	-74.85227234531509	-3438.746771219561	36.63642373033679	172.14720103603304	0.7861662334281891	0.015845957977040165	2.5256119280066467	0.4585421140163186	0.015845957977040165	2.5256119280066467	0.4585421140163186	0.20298296364159485	5.91313801627266E-4	1.5486505251807145E-8	0.21791387465879145	5.418331433229398E-4	14.481075071634843	-77.78089392039833
9000	-3524.849322339843	-3422.1935820695594	-102.65574027028377	-3422.1935820695594	49.435796990378094	202.1849554555171	0.7861662334281891	0.057550948640013304	2.5256119280066467	0.4168371233533455	0.057550948640013304	2.5256119280066467	0.4168371233533455	0.3435024944480576	5.071289746568326E-4	4.635386426182286E-8	0.39379241261863224	4.7307895375193814E-4	18.523937498755515	-77.72098026910285
10000	-3501.4462972793435	-3426.3872839527257	-75.0590133266178	-3426.3872839527257	42.45537115865746	185.66805080896637	0.7861662334281891	0.1449963024255311	2.4381665742211287	0.4168371233533455	0.1449963024255311	2.4381665742211287	0.4168371233533455	0.2654228592423061	5.036185503428731E-4	1.9121076435086706E-8	0.2605090660910818	5.685782290278318E-4	14.55003621077342	-77.0890325921832
11000	-3491.945472989793	-3429.834770043275	-62.11070294651772	-3429.834770043275	36.594389412085	166.2485236998579	0.7861662334281891	0.1449963024255311	2.357348236058865	0.49765546151560947	0.1449963024255311	2.357348236058865	0.49765546151560947	0.22916181133203317	6.19271097472833E-4	9.277624768405969E-9	0.16337686216980013	6.338490209913484E-4	14.55003621077342	-75.78036352698298
12000	-3489.8410653836145	-3426.642186939013	-63.19887844460179	-3426.642186939013	49.75759801530999	202.4168402346638	0.7861662334281891	0.1449963024255311	2.357348236058865	0.49765546151560947	0.1449963024255311	2.357348236058865	0.49765546151560947	0.18742508568259952	5.411765874779342E-4	6.1584271893844654E-9	0.1493370858892067	5.498730556377375E-4	18.949189097435248	-77.92066325957641
13000	-3513.423931965271	-3445.887279637798	-67.53665232747291	-3445.887279637798	41.806682505278864	168.90002715568943	0.7861662334281891	0.04554487857442638	2.357348236058865	0.5971068853667142	0.04554487857442638	2.357348236058865	0.5971068853667142	0.22820139720799842	5.826212539123862E-4	1.638436482299972E-8	0.22284901494617257	6.013080640620626E-4	12.727807458570414	-73.72282942598513
14000	-3494.3261758584763	-3447.5292834894594	-46.7968923690167	-3447.5292834894594	31.243595383665134	149.27789995222548	0.7861662334281891	0.04554487857442638	2.357348236058865	0.5971068853667142	0.04554487857442638	2.357348236058865	0.5971068853667142	0.09573459112865856	5.870015400605922E-4	4.320602848432524E-9	0.11333538675300094	5.776286452443761E-4	16.450838263886983	-73.72916853186274
15000	-3499.2806242401275	-3429.610153056013	-69.67047118411455	-3429.610153056013	48.70158297025974	196.23663791249024	0.7861662334281891	0.04554487857442638	2.357348236058865	0.5971068853667142	0.04554487857442638	2.357348236058865	0.5971068853667142	0.22831565788037878	5.107953087372933E-4	1.3223320791860257E-8	0.2026451227820935	5.790228818445525E-4	13.775445389331843	-78.98016945752512
16000	-3508.720994995173	-3430.740587425844	-77.98040756932897	-3430.740587425844	39.733084514005014	197.75598243429448	0.7861662334281891	0.04554487857442638	2.357348236058865	0.5971068853667142	0.04554487857442638	2.357348236058865	0.5971068853667142	0.23563773351478803	4.640377487041137E-4	8.79718379556441E-9	0.18482114781990658	4.832197259969422E-4	22.967175502220496	-80.20669683028223
17000	-3515.384878338871	-3428.0598413715798	-87.32503696729134	-3428.0598413715798	42.76062090686767	203.21985674473262	0.7861662334281891	0.04554487857442638	2.357348236058865	0.5971068853667142	0.04554487857442638	2.357348236058865	0.5971068853667142	0.3313891714139066	4.893192665859194E-4	1.7496230671779975E-8	0.30128004473558323	4.543899920680615E-4	15.868450554720411	-81.51941286871319
18000	-3529.6913977681106	-3428.101979354218	-101.58941841389253	-3428.101979354218	56.89047387445542	251.15028482178693	0.7861662334281891	0.04554487857442638	2.357348236058865	0.5971068853667142	0.04554487857442638	2.357348236058865	0.5971068853667142	0.32593395347635024	4.2420422004251884E-4	1.81877476786769E-8	0.32045805473215144	3.781694492757058E-4	19.592219427963084	-85.54925570516818
19000	-3523.3504780196013	-3427.928877233265	-95.42160078633586	-3427.928877233265	60.3004479841039	247.53014839033457	0.7861662334281891	0.04554487857442638	2.357348236058865	0.5971068853667142	0.04554487857442638	2.357348236058865	0.5971068853667142	0.32181029365945174	3.7493929577904126E-4	1.3168278858526933E-8	0.26586631067217703	3.965940621308045E-4	25.821363047081768	-81.34622323921717
20000	-3495.4270352207477	-3421.9615114622543	-73.4655237584934	-3421.9615114622543	50.27377856726332	226.49625349987804	0.7861662334281891	0.18565842864832813	2.4397739830770666	0.3745675882746108	0.18565842864832813	2.4397739830770666	0.3745675882746108	0.1392426957092488	4.613795274092202E-4	6.598627363307787E-9	0.1788798076665776	4.5233537239413603E-4	22.18878727030351	-81.03060284835549
21000	-3497.3909091042	-3424.478673558151	-72.91223554604892	-3424.478673558151	38.44133007688474	165.43867607268513	0.7861662334281891	0.18565842864832813	2.4397739830770666	0.3745675882746108	0.18565842864832813	2.4397739830770666	0.3745675882746108	0.25132492704917786	6.214448735065326E-4	2.3816044437687583E-8	0.24635402900990547	6.485069103413448E-4	15.979033861272159	-74.61526348093503
22000	-3490.73783009659	-3451.6013835529156	-39.13644654367459	-3451.6013835529156	36.81307378586444	151.51491329180794	0.7861662334281891	0.18565842864832813	2.4397739830770666	0.3745675882746108	0.18565842864832813	2.4397739830770666	0.3745675882746108	0.09906225593823051	6.79329809403403E-4	4.511646533966876E-9	0.09726383628057714	6.938679010425214E-4	18.5594657796616	-72.33982400206325
23000	-3511.541365879232	-3427.4698787975376	-84.07148708169474	-3427.4698787975376	43.02038759327907	184.86426185672187	0.7861662334281891	0.18565842864832813	2.3674133859073816	0.44692818544429563	0.18565842864832813	2.3674133859073816	0.44692818544429563	0.32157201574236993	5.268905590414872E-4	2.2416211476184554E-8	0.2895136893829486	5.158842268940321E-4	17.856463829691137	-76.91185565328877
24000	-3510.2903689954037	-3430.4659908069816	-79.82437818842207	-3430.4659908069816	42.399082084061995	176.1419045453934	0.7861662334281891	0.18565842864832813	2.3674133859073816	0.44692818544429563	0.18565842864832813	2.3674133859073816	0.44692818544429563	0.29068503224116066	5.11213315876804E-4	2.9111470299575264E-8	0.31849638191895263	5.900310196443642E-4	16.713827169454287	-75.31743242332941
25000	-3501.7926884874873	-3431.1650843588454	-70.62760412864179	-3431.1650843588454	42.95281635205484	189.40078546851709	0.7861662334281891	0.18565842864832813	2.3674133859073816	0.44692818544429563	0.18565842864832813	2.3674133859073816	0.44692818544429563	0.24240386207076062	4.795167102098675E-4	1.0530635775143095E-8	0.20640787685716824	5.334775358071906E-4	16.779827476644815	-78.14709722536139
26000	-3508.080107835869	-3433.505960295204	-74.57414754066502	-3433.505960295204	69.86416223302578	280.87310388470684	0.7861662334281891	0.18565842864832813	2.3674133859073816	0.44692818544429563	0.18565842864832813	2.3674133859073816	0.44692818544429563	0.1612007865515897	3.155639072369626E-4	2.947211188647191E-9	0.17297915734407704	3.1438092128267077E-4	20.076564023550187	-86.33895675289311
27000	-3504.918294708592	-3424.817939905462	-80.10035480312982	-3424.817939905462	75.16431455917068	339.1923138937651	0.6765290999367932	0.18565842864832813	2.3674133859073816	0.44692818544429563	0.18565842864832813	2.3674133859073816	0.44692818544429563	0.1513618975842184	2.9677011422048563E-4	2.2418667022050195E-9	0.15888149579021751	3.1357435908985567E-4	22.61946523558954	-94.00533340243132
28000	-3538.5930351407483	-3452.5939529559537	-85.9990821847944	-3452.5939529559537	38.2093478089857	196.11798962379436	0.6765290999367932	0.18565842864832813	2.3674133859073816	0.44692818544429563	0.18565842864832813	2.3674133859073816	0.44692818544429563	0.2760201656588332	4.288424767132369E-4	1.6108511391738287E-8	0.2969568646292004	4.4002536639160404E-4	25.551969968472978	-80.42870254594622
29000	-3516.7218870557117	-3440.021988940272	-76.69989811543996	-3440.021988940272	30.686743645042412	157.70798351318274	0.6765290999367932	0.18565842864832813	2.3674133859073816	0.44692818544429563	0.18565842864832813	2.3674133859073816	0.44692818544429563	0.28705727905625017	5.965361757542818E-4	1.8247469557518302E-8	0.24936147420059887	5.58578515525284E-4	14.940152398138505	-75.71193694935725
30000	-3531.158935213673	-3425.458818502287	-105.70011671138582	-3425.458818502287	34.3196364393382	198.89226059247952	0.6765290999367932	0.18565842864832813	2.3674133859073816	0.44692818544429563	0.18565842864832813	2.3674133859073816	0.44692818544429563	0.3927396315553187	4.618142696049387E-4	3.202235851775411E-8	0.43223380033207254	4.068909971427071E-4	25.526673933416955	-82.35713203711464
31000	-3522.4769061009656	-3430.7836242369713	-91.69328186399457	-3430.7836242369713	34.72875528766429	165.97388137433128	0.6765290999367932	0.18565842864832813	2.3674133859073816	0.44692818544429563	0.18565842864832813	2.3674133859073816	0.44692818544429563	0.32104168358841945	5.015675866878115E-4	2.666816433916549E-8	0.3505139809470449	4.30926493561984E-4	12.146215047474852	-78.70442237070911
32000	-3510.9018454028646	-3434.30949065142	-76.5923547514446	-3434.30949065142	33.63457099511098	162.32372026672698	0.6765290999367932	0.18565842864832813	2.563518497165816	0.25082307418586147	0.18565842864832813	2.563518497165816	0.25082307418586147	0.2206786658499308	6.744299573543444E-4	3.072177382092881E-8	0.26290561223271924	6.701164642135037E-4	15.300334571144553	-75.15390352808825
33000	-3510.855880104423	-3423.680237122112	-87.17564298231082	-3423.680237122112	34.62605214170909	173.40888487090135	0.6765290999367932	0.08659482217043853	2.6625821036437056	0.25082307418586147	0.08659482217043853	2.6625821036437056	0.25082307418586147	0.33219373803697017	6.475937056059638E-4	3.934536550052405E-8	0.3123302060604995	6.679524558571553E-4	16.049807718446917	-79.02746747245466
34000	-3496.6090294615215	-3437.8112705266576	-58.79775893486382	-3437.8112705266576	39.27918911531748	166.13346179026394	0.6765290999367932	0.08659482217043853	2.6625821036437056	0.25082307418586147	0.08659482217043853	2.6625821036437056	0.25082307418586147	0.18410923048165978	5.689313710958185E-4	1.0188143134513667E-8	0.17154056809682247	6.198054947526483E-4	13.557038357436058	-74.68245056031938
35000	-3532.077073831859	-3440.1967872747855	-91.88028655707325	-3440.1967872747855	58.624440840554676	235.9745841578549	0.6765290999367932	0.08659482217043853	2.6625821036437056	0.25082307418586147	0.08659482217043853	2.6625821036437056	0.25082307418586147	0.2975476581663279	3.868758931481595E-4	1.698538757454105E-8	0.31421782615883914	4.000896001033103E-4	25.6835582111763	-79.55824031009577
36000	-3510.0454916066924	-3436.7071637914137	-73.33832781527859	-3436.7071637914137	45.05681961767672	207.01611716446186	0.6765290999367932	0.08659482217043853	2.6625821036437056	0.25082307418586147	0.08659482217043853	2.6625821036437056	0.25082307418586147	0.13642004347705272	4.4052705018031245E-4	5.498276835787599E-9	0.16274935754108352	4.4347209279362515E-4	29.139815888303932	-80.00171733848669
37000	-3499.0930588866286	-3436.6306703640967	-62.462388522531754	-3436.6306703640967	43.54961856670822	170.47874291104466	0.6765290999367932	0.047061603819828435	2.7021153219943157	0.25082307418586147	0.047061603819828435	2.7021153219943157	0.25082307418586147	0.173744914503756	5.581144186811139E-4	1.0326963271398103E-8	0.18851822623036887	5.444478653648372E-4	13.517472192463416	-73.87372743987986
38000	-3492.735296242736	-3432.3930360039103	-60.34226023882542	-3432.3930360039103	49.180959561268594	206.31650343013175	0.6765290999367932	0.047061603819828435	2.7021153219943157	0.25082307418586147	0.047061603819828435	2.7021153219943157	0.25082307418586147	0.14924483503860392	5.672078809662695E-4	5.705830283627601E-9	0.1409389757549063	5.363952730790536E-4	18.04078632337229	-78.62540385132239
39000	-3522.8776417302774	-3423.51918001141	-99.35846171886752	-3423.51918001141	39.311875639811966	166.8593912723531	0.6765290999367932	0.047061603819828435	2.5140101421874297	0.4389282539927475	0.047061603819828435	2.5140101421874297	0.4389282539927475	0.46991878292329964	6.160775713083076E-4	1.0761833302367034E-7	0.5367272723537242	6.16279871969675E-4	15.095127689526846	-74.64672283415268
40000	-3492.2121653581917	-3432.538197019946	-59.673968338245636	-3432.538197019946	43.12902057272298	220.94601061444737	0.6765290999367932	0.047061603819828435	2.5140101421874297	0.4389282539927475	0.047061603819828435	2.5140101421874297	0.4389282539927475	0.10611932632595492	4.614375965353686E-4	2.581103074053841E-9	0.1133309676797232	4.4427939517060035E-4	23.17784113567784	-83.17559546057488
41000	-3508.418580924791	-3430.404063157447	-78.01451776734372	-3430.404063157447	45.944614748445375	203.0433929059001	0.6765290999367932	0.047061603819828435	2.5140101421874297	0.4389282539927475	0.047061603819828435	2.5140101421874297	0.4389282539927475	0.1964623217776931	4.8741562711985365E-4	1.4829818688694684E-8	0.25157357358078514	5.040873115068407E-4	14.85907361885198	-80.9888571856647
42000	-3513.354510371512	-3433.928158249357	-79.42635212215511	-3433.928158249357	49.75759158320419	187.09907008561083	0.6765290999367932	0.047061603819828435	2.5140101421874297	0.4389282539927475	0.047061603819828435	2.5140101421874297	0.4389282539927475	0.26422133462623143	5.38483549249249E-4	2.33355612342093E-8	0.2897291585834082	5.38853760226691E-4	12.476010524914484	-75.63307391253699
43000	-3537.86255222547	-3439.9296566750336	-97.93289555043653	-3439.9296566750336	49.31766753786739	201.30516261113112	0.6765290999367932	0.047061603819828435	2.5140101421874297	0.4389282539927475	0.047061603819828435	2.5140101421874297	0.4389282539927475	0.43926744145938723	5.979586728591551E-4	1.0580008075393607E-7	0.4696390652158858	6.819427981969557E-4	13.49812677167313	-78.49255269361349
44000	-3520.1841624833905	-3421.6778240665963	-98.50633841679426	-3421.6778240665963	38.37403215092529	164.33918440753666	0.6765290999367932	0.047061603819828435	2.5140101421874297	0.4389282539927475	0.047061603819828435	2.5140101421874297	0.4389282539927475	0.45806915641430007	6.527270143512222E-4	1.168980168617884E-7	0.4765289768953009	7.10506649778939E-4	14.885777167368087	-75.7131613204251
45000	-3523.9321259181575	-3433.4330086109335	-90.49911730722403	-3433.4330086109335	32.23748603664156	155.9328431442446	0.6765290999367932	0.047061603819828435	2.5140101421874297	0.4389282539927475	0.047061603819828435	2.5140101421874297	0.4389282539927475	0.4313958728052513	8.444744427654386E-4	1.4950495513942883E-7	0.3873680010177277	0.0010767082819612445	16.306376171304983	-74.57659940954825
46000	-3524.953494169243	-3428.744338987511	-96.20915518173206	-3428.744338987511	34.632373240894154	155.07264860075313	0.6765290999367932	0.047061603819828435	2.5140101421874297	0.4389282539927475	0.047061603819828435	2.5140101421874297	0.4389282539927475	0.49820625742667946	5.136804647714704E-4	7.359399283516623E-8	0.4479841976691646	5.742873166045845E-4	12.463028822790672	-74.03177885130431
47000	-3518.315366909388	-3421.0334617023786	-97.28190520700959	-3421.0334617023786	39.410754754803705	213.91243768143232	0.6765290999367932	0.047061603819828435	2.5140101421874297	0.4389282539927475	0.047061603819828435	2.5140101421874297	0.4389282539927475	0.39640902037829207	4.842026368253865E-4	2.432782973391196E-8	0.3692759773575671	4.4337318368543584E-4	19.206368916240123	-84.33225002405838
48000	-3507.998393407569	-3430.9981147522913	-77.00027865527764	-3430.9981147522913	42.83149021663532	208.51125180610765	0.6765290999367932	0.047061603819828435	2.690244039454715	0.2626943567254625	0.047061603819828435	2.690244039454715	0.2626943567254625	0.2446141758144507	4.812430622514117E-4	1.1540549727685026E-8	0.21799534718303926	5.079419164965911E-4	19.76811230396992	-81.19799904164208
49000	-3512.0456598948504	-3436.57444296298	-75.47121693187034	-3436.57444296298	60.625733398847565	213.01288911350304	0.6765290999367932	0.047061603819828435	2.690244039454715	0.2626943567254625	0.047061603819828435	2.690244039454715	0.2626943567254625	0.22712668030545904	5.084850566785848E-4	1.7657768301869808E-8	0.26465271372606686	4.976264423920581E-4	12.317220813481343	-77.65357699580346
50000	-3536.2722947655734	-3435.9147337313775	-100.35756103419592	-3435.9147337313775	36.082086242150396	186.66289357911702	0.6765290999367932	0.047061603819828435	2.690244039454715	0.2626943567254625	0.047061603819828435	2.690244039454715	0.2626943567254625	0.36963193806612094	5.952908036311796E-4	5.6311878947673725E-8	0.41808456392008486	6.134903929385415E-4	22.11567295676767	-79.04031327338177
51000	-3528.4059737902694	-3438.1423352436336	-90.2636385466358	-3438.1423352436336	41.79878134884137	198.37309103313152	0.6765290999367932	0.047061603819828435	2.690244039454715	0.2626943567254625	0.047061603819828435	2.690244039454715	0.2626943567254625	0.3172411155425598	4.8175439320809064E-4	1.934186724266968E-8	0.31011105165139	4.269987051175865E-4	13.568805331166194	-81.8792187391106
52000	-3539.8924153753446	-3435.9514393888016	-103.94097598654314	-3435.9514393888016	50.06888997853393	217.58350555022423	0.6765290999367932	0.047061603819828435	2.690244039454715	0.2626943567254625	0.047061603819828435	2.690244039454715	0.2626943567254625	0.3732171180140128	4.5995813009720726E-4	5.321117666542668E-8	0.4164134839290992	5.370477714429486E-4	26.14576506322686	-79.39586469881624
53000	-3546.865594197814	-3429.3370718128285	-117.52852238498573	-3429.3370718128285	34.98014547439906	180.75814561211314	0.6765290999367932	0.047061603819828435	2.690244039454715	0.2626943567254625	0.047061603819828435	2.690244039454715	0.2626943567254625	0.610269341708339	5.567105256422794E-4	2.044886348035095E-7	0.6661767368649852	5.890244802867155E-4	13.683325147359508	-81.4872873299096
54000	-3530.6215544425104	-3436.4581100182622	-94.16344442424835	-3436.4581100182622	27.82220581966239	142.1392731341687	0.6765290999367932	0.047061603819828435	2.690244039454715	0.2626943567254625	0.047061603819828435	2.690244039454715	0.2626943567254625	0.4543467815051784	7.744195176703464E-4	1.1317339499057542E-7	0.4245806521646308	7.901168015284357E-4	12.24128661999693	-75.37818437928792
55000	-3514.7683259475734	-3428.688961449715	-86.07936449785842	-3428.688961449715	31.928838990846433	157.25742022750651	0.6765290999367932	0.047061603819828435	2.690244039454715	0.2626943567254625	0.047061603819828435	2.690244039454715	0.2626943567254625	0.3759298768901935	6.118594797421728E-4	4.888144519170717E-8	0.3935687461045541	5.739033650764657E-4	12.585371279119734	-77.5392185430656
56000	-3523.232957923971	-3433.165453557217	-90.06750436675395	-3433.165453557217	24.382388596264505	124.6182182038828	0.6765290999367932	0.047061603819828435	2.690244039454715	0.2626943567254625	0.047061603819828435	2.690244039454715	0.2626943567254625	0.3809823892313127	7.252775673798729E-4	1.0135152303987955E-7	0.5068114790680261	6.437506889566811E-4	16.309146385086297	-71.14568411281546
57000	-3529.3550683351236	-3432.773479244305	-96.581589090819	-3432.773479244305	30.64863182878134	148.19924794440777	0.6765290999367932	0.047061603819828435	2.690244039454715	0.2626943567254625	0.047061603819828435	2.690244039454715	0.2626943567254625	0.35044899727700785	7.997671495749363E-4	7.28841771362707E-8	0.4184463460370114	6.165799045106807E-4	15.620020374462042	-74.47940793306732
58000	-3532.41353647646	-3429.4813418425715	-102.93219463388886	-3429.4813418425715	29.285947483787425	158.24167238173408	0.5203959557696809	0.047061603819828435	2.690244039454715	0.2626943567254625	0.047061603819828435	2.690244039454715	0.2626943567254625	0.45688963414309847	6.505491384538632E-4	6.039177437988769E-8	0.45111819945453335	5.143260341082482E-4	14.294994965514409	-78.13132138106053
59000	-3543.3728779732132	-3444.237251224838	-99.13562674837542	-3444.237251224838	34.256295286764434	176.8144225926286	0.5203959557696809	0.047061603819828435	2.690244039454715	0.2626943567254625	0.047061603819828435	2.690244039454715	0.2626943567254625	0.43005632695956525	6.170444027196969E-4	5.4445222296127225E-8	0.4751199238687291	4.862486239624394E-4	20.619669144473054	-78.69941883497576
60000	-3512.6079894567047	-3429.6189377187516	-82.98905173795308	-3429.6189377187516	49.613878336138015	218.3698691617107	0.5203959557696809	0.13998273641428893	2.5973229068602546	0.2626943567254625	0.13998273641428893	2.5973229068602546	0.2626943567254625	0.23796828097893502	4.236459567188193E-4	9.660987738256978E-9	0.23168099719630314	4.207026725049291E-4	15.486954548545938	-83.60970950482536
61000	-3530.9565315825084	-3437.772841372175	-93.18369021033341	-3437.772841372175	50.561634748047155	220.28910390841472	0.5203959557696809	0.13998273641428893	2.5973229068602546	0.2626943567254625	0.13998273641428893	2.5973229068602546	0.2626943567254625	0.3810336738498804	3.765346861235091E-4	1.8678482052084008E-8	0.33927358617732833	4.312068102245927E-4	16.36104293843009	-82.23015115937623
62000	-3520.1111419780095	-3429.9309827558104	-90.18015922219911	-3429.9309827558104	61.098682872398726	261.8575605917471	0.5203959557696809	0.13998273641428893	2.5973229068602546	0.2626943567254625	0.13998273641428893	2.5973229068602546	0.2626943567254625	0.2911274211628253	3.5442311607794725E-4	6.3550310104670786E-9	0.23140611579133988	3.3657982557773377E-4	20.283561387312695	-85.6099693953949
63000	-3540.403998150734	-3450.84346638776	-89.56053176297361	-3450.84346638776	55.591921817743476	228.9203596203822	0.5203959557696809	0.2721815475646462	2.465124095709897	0.2626943567254625	0.2721815475646462	2.465124095709897	0.2626943567254625	0.3123261392770957	4.6204732554350875E-4	2.0874311630253756E-8	0.31793096377874047	4.8740325074746627E-4	20.119564003478402	-81.69292162172992
64000	-3490.8627692194173	-3433.1383767621046	-57.72439245731247	-3433.1383767621046	53.24149576509238	215.80389950577012	0.7840534792955031	0.2721815475646462	2.465124095709897	0.2626943567254625	0.2721815475646462	2.465124095709897	0.2626943567254625	0.1092179565087202	5.855483089213914E-4	6.274706113213937E-9	0.13051751789018293	6.044182234265838E-4	18.056982554397024	-79.27326943511869
65000	-3475.518138391999	-3435.103381050424	-40.41475734157472	-3435.103381050424	36.88042956408471	167.67920236927003	0.7840534792955031	0.2721815475646462	2.465124095709897	0.2626943567254625	0.2721815475646462	2.465124095709897	0.2626943567254625	0.11202180434524155	5.336221999194277E-4	2.463319005904944E-9	0.0930024924048557	5.345736846665598E-4	15.520462184327716	-76.76298962089844
66000	-3487.021511144558	-3434.9230769061064	-52.09843423845168	-3434.9230769061064	34.3752460954995	158.15816156470655	0.7840534792955031	0.2721815475646462	2.4893334655386745	0.23848498689668518	0.2721815475646462	2.4893334655386745	0.23848498689668518	0.11240225151194684	6.250700924745334E-4	6.784462041961822E-9	0.13215131888357504	6.124289994576093E-4	14.187286243953455	-74.55949795552522
67000	-3492.1169815218987	-3434.019849459439	-58.097132062460055	-3434.019849459439	49.76132822791948	207.15919324354624	0.7840534792955031	0.13145506973201537	2.630059943371305	0.23848498689668518	0.13145506973201537	2.630059943371305	0.23848498689668518	0.13157217650979616	5.230556472929062E-4	4.920493205821564E-9	0.13409224759220964	5.170212639205421E-4	18.570353732411444	-79.14993059341168
68000	-3507.284932683505	-3422.472763353091	-84.81216933041371	-3422.472763353091	63.05667926969324	257.47514094475446	0.7840534792955031	0.13145506973201537	2.630059943371305	0.23848498689668518	0.13145506973201537	2.630059943371305	0.23848498689668518	0.23507853283568306	3.1293962596304825E-4	6.952809730478343E-9	0.24239883136030171	3.471772652983138E-4	23.232384261475847	-83.01682599378603
69000	-3497.923773433795	-3423.373446322228	-74.55032711156679	-3423.373446322228	41.514317903879586	199.97630144383947	0.7840534792955031	0.13145506973201537	2.4285836097618363	0.4399613205061539	0.13145506973201537	2.4285836097618363	0.4399613205061539	0.16480926288908992	4.587923818130148E-4	8.456512858205918E-9	0.2007475849951114	4.6213506206565396E-4	21.817103803777243	-80.13777707883968
70000	-3515.3445202702737	-3423.1861724971222	-92.15834777315129	-3423.1861724971222	55.601448587540126	260.56177481303206	0.7840534792955031	0.13145506973201537	2.4285836097618363	0.4399613205061539	0.13145506973201537	2.4285836097618363	0.4399613205061539	0.27872048882121075	4.366169903910947E-4	9.82618792731127E-9	0.25650794655814896	3.934360597566171E-4	24.69376112793092	-85.34289636322227
71000	-3533.004373672608	-3437.943013434161	-95.06136023844694	-3437.943013434161	47.635171352545264	215.69147708884083	0.7840534792955031	0.13145506973201537	2.4285836097618363	0.4399613205061539	0.13145506973201537	2.4285836097618363	0.4399613205061539	0.2693543009878243	5.126099264984532E-4	2.980286847748552E-8	0.32233391816127566	5.446119130271939E-4	18.685497819513557	-80.75880988748278
72000	-3531.7888805750054	-3418.5494842001826	-113.23939637482277	-3418.5494842001826	59.767870031145996	293.7178680637222	0.7840534792955031	0.13145506973201537	2.4285836097618363	0.4399613205061539	0.13145506973201537	2.4285836097618363	0.4399613205061539	0.3237142039241156	3.1251178293877774E-4	1.4205523373431192E-8	0.42109044844752597	2.476794874679142E-4	23.417435919743102	-90.34781735858378
73000	-3554.2290194145826	-3431.36673339677	-122.86228601781247	-3431.36673339677	45.56340218630101	214.3794841502896	0.7840534792955031	0.13145506973201537	2.4285836097618363	0.4399613205061539	0.13145506973201537	2.4285836097618363	0.4399613205061539	0.525147649638494	5.079611744358923E-4	8.148159990392777E-8	0.6165496895912671	3.682820390987385E-4	16.478083701739887	-83.09022688631315
74000	-3548.9342066066456	-3420.029798322704	-128.90440828394117	-3420.029798322704	56.908432217004034	264.7178327572154	0.7840534792955031	0.13145506973201537	2.5601172675774895	0.30842766269050087	0.13145506973201537	2.5601172675774895	0.30842766269050087	0.4591864086822838	3.154956878559122E-4	2.73113312292129E-8	0.54988790287592	2.449533025424727E-4	19.899845440512657	-89.35299553474191
75000	-3526.8860282366627	-3427.1326654368577	-99.75336279980516	-3427.1326654368577	46.79139468536946	234.70813922435985	0.7840534792955031	0.13145506973201537	2.5601172675774895	0.30842766269050087	0.13145506973201537	2.5601172675774895	0.30842766269050087	0.35033852296804896	4.2497851027565643E-4	1.7524875269710047E-8	0.37230790835555966	3.558666185207961E-4	15.530369796757904	-87.12321088627216
76000	-3518.7167344230866	-3426.415525469975	-92.30120895311147	-3426.415525469975	25.928187883216644	140.89357549383962	0.7840534792955031	0.13145506973201537	2.5601172675774895	0.30842766269050087	0.13145506973201537	2.5601172675774895	0.30842766269050087	0.3113584787518424	6.935819404960848E-4	5.070166164408032E-8	0.37648188126819243	5.91143337564975E-4	17.187648612020666	-74.54712421759707
77000	-3506.5495710427067	-3432.2268444361907	-74.32272660651599	-3432.2268444361907	28.09131846982505	151.81514589437006	0.7840534792955031	0.13145506973201537	2.5601172675774895	0.30842766269050087	0.13145506973201537	2.5601172675774895	0.30842766269050087	0.28724133935316837	5.962481584958296E-4	2.1101574934071925E-8	0.2425470312356617	6.975174611040565E-4	14.254246056721469	-76.58562924053096
78000	-3511.489946097609	-3428.383689568296	-83.10625652931265	-3428.383689568296	24.41968876630193	124.56221227260271	0.7840534792955031	0.13145506973201537	2.5601172675774895	0.30842766269050087	0.13145506973201537	2.5601172675774895	0.30842766269050087	0.3423549767191465	7.32976118292992E-4	5.327416927421773E-8	0.363543131157957	6.243912787074752E-4	12.226784935334997	-71.58495030775805
79000	-3504.5084327914556	-3434.8235118870066	-69.68492090444913	-3434.8235118870066	39.98815974075896	161.73024087274726	0.7840534792955031	0.13145506973201537	2.5601172675774895	0.30842766269050087	0.13145506973201537	2.5601172675774895	0.30842766269050087	0.25860002944433846	5.383009854172807E-4	1.8000381566142662E-8	0.2316181367544849	6.298329544353242E-4	12.191387109319852	-74.33385928516077
80000	-3524.626790683713	-3430.946666380645	-93.68012430306784	-3430.946666380645	57.50194137080328	220.8049322555019	0.7840534792955031	0.13145506973201537	2.3031389625324983	0.5654059677354922	0.13145506973201537	2.3031389625324983	0.5654059677354922	0.30926590839941814	4.2058979662829184E-4	2.8784751315002083E-8	0.3970456216008512	4.249909846787119E-4	19.89765923629458	-78.35778183260543
81000	-3522.8473821052094	-3424.6814973810415	-98.16588472416794	-3424.6814973810415	42.35211847704373	181.18804687274397	0.7840534792955031	0.13145506973201537	2.3031389625324983	0.5654059677354922	0.13145506973201537	2.3031389625324983	0.5654059677354922	0.39152463928351344	5.068089719196333E-4	2.331835380100141E-8	0.31798903577852033	4.2318321004701325E-4	14.06522278103431	-78.75202888590914
82000	-3503.4311911772666	-3430.8383277213225	-72.59286345594424	-3430.8383277213225	40.25515986954685	176.29106196578857	0.7840534792955031	0.13145506973201537	2.3031389625324983	0.5654059677354922	0.13145506973201537	2.3031389625324983	0.5654059677354922	0.21749412177971272	6.141971170452379E-4	2.251981175476362E-8	0.2391915077951966	6.56266361719116E-4	14.591228786723834	-76.50558501323677
83000	-3513.150352399516	-3434.0683366833077	-79.08201571620852	-3434.0683366833077	42.38623823347054	189.51056803716358	0.7840534792955031	0.13145506973201537	2.3031389625324983	0.5654059677354922	0.13145506973201537	2.3031389625324983	0.5654059677354922	0.24788715410885703	5.425880683808729E-4	1.8855770318190676E-8	0.2514332985574761	5.504188690213049E-4	18.126708776323692	-78.70468276496752
84000	-3510.281188260089	-3424.7172759810587	-85.56391227903028	-3424.7172759810587	39.60526359821465	181.82406713307762	0.7840534792955031	0.13145506973201537	2.3031389625324983	0.5654059677354922	0.13145506973201537	2.3031389625324983	0.5654059677354922	0.28904440923275376	5.711092978701135E-4	3.474307478936084E-8	0.2976485306490097	6.151252965726601E-4	14.513401295438829	-79.47987015392785
85000	-3523.7645889930463	-3433.011636181035	-90.75295281201126	-3433.011636181035	39.454817847925675	198.05328735457365	0.7840534792955031	0.13145506973201537	2.3031389625324983	0.5654059677354922	0.13145506973201537	2.3031389625324983	0.5654059677354922	0.3125330490721138	5.326355780071455E-4	2.8905965811774317E-8	0.30728968360422704	5.34193692655122E-4	18.848140162333788	-80.06390373954092
86000	-3498.5343243595507	-3430.281558033907	-68.25276632564382	-3430.281558033907	39.0471491154787	178.0279488156858	0.7840534792955031	0.13145506973201537	2.3031389625324983	0.5654059677354922	0.13145506973201537	2.3031389625324983	0.5654059677354922	0.2063539959045524	5.177701241826769E-4	9.723059539319615E-9	0.18399470720843736	5.126158913806386E-4	15.034027340607517	-76.47857628243891
87000	-3512.5772868963973	-3432.908742013034	-79.66854488336323	-3432.908742013034	57.968148490634306	214.26087117457968	0.7840534792955031	0.13145506973201537	2.3031389625324983	0.5654059677354922	0.13145506973201537	2.3031389625324983	0.5654059677354922	0.31190913837618023	5.448897467409889E-4	2.8189639451032468E-8	0.27767834366723243	6.135037178266986E-4	15.058564161023767	-77.59005216696343
88000	-3534.552459880646	-3433.4777083159647	-101.07475156468121	-3433.4777083159647	41.775451443625755	199.7344732070316	0.7840534792955031	0.13145506973201537	2.3031389625324983	0.5654059677354922	0.13145506973201537	2.3031389625324983	0.5654059677354922	0.23609735578395855	4.3972214470494706E-4	2.4020619576530026E-8	0.36717393307055424	4.103086404789263E-4	24.402132385250102	-79.71328940566688
89000	-3504.5359005568057	-3428.9220962509125	-75.61380430589327	-3428.9220962509125	47.36095281710463	192.70686453564295	0.7840534792955031	0.13145506973201537	2.478920897937613	0.3896240323303775	0.13145506973201537	2.478920897937613	0.3896240323303775	0.20063986403964879	4.8164347608411665E-4	1.3698702558603237E-8	0.22078403758288295	5.109193115034018E-4	19.793509123998273	-77.51115156517179
90000	-3503.5843401482257	-3433.597841720031	-69.98649842819486	-3433.597841720031	59.83527415746594	223.63035641455448	0.7840534792955031	0.13145506973201537	2.478920897937613	0.3896240323303775	0.13145506973201537	2.478920897937613	0.3896240323303775	0.21929106345955032	4.744761841267065E-4	7.219753020580035E-9	0.18054573487538397	4.7000465658379633E-4	19.598637219286573	-79.14634089539197
91000	-3499.8053207098724	-3427.0277166965498	-72.77760401332256	-3427.0277166965498	39.462564110051275	170.0659556466697	0.7840534792955031	0.13145506973201537	2.478920897937613	0.3896240323303775	0.13145506973201537	2.478920897937613	0.3896240323303775	0.22191744231650784	6.778279301237772E-4	2.514043724976286E-8	0.23429273420999616	6.831879094264881E-4	12.517007411893173	-77.1517770733134
92000	-3515.087352240791	-3432.843065226448	-82.24428701434309	-3432.843065226448	39.06908436984518	160.76103208275387	0.7840534792955031	0.13145506973201537	2.478920897937613	0.3896240323303775	0.13145506973201537	2.478920897937613	0.3896240323303775	0.33829013012324843	8.236340567268684E-4	8.579268742038835E-8	0.31627668833243594	8.986364430460542E-4	12.515879999874963	-73.57289056303564
93000	-3520.828928688528	-3433.847121589964	-86.98180709856409	-3433.847121589964	27.202927562146037	134.61825946653786	0.7840534792955031	0.13145506973201537	2.478920897937613	0.3896240323303775	0.13145506973201537	2.478920897937613	0.3896240323303775	0.39238253092948594	7.616951331977724E-4	1.1047304029052801E-7	0.422624186790258	8.691225437939262E-4	11.210467418206312	-73.69695564496159
94000	-3528.9247753294067	-3418.463194581928	-110.46158074747896	-3418.463194581928	34.024852177987135	146.62135358215616	0.7840534792955031	0.13145506973201537	2.478920897937613	0.3896240323303775	0.13145506973201537	2.478920897937613	0.3896240323303775	0.6369126030898136	5.919053125526934E-4	2.0049130978924648E-7	0.6576868979326129	6.846658118625641E-4	8.93220913462141	-76.129751092963
95000	-3537.913035141346	-3427.8877079062377	-110.02532723510834	-3427.8877079062377	48.854148690377265	236.08532962254085	0.7840534792955031	0.13145506973201537	2.478920897937613	0.3896240323303775	0.13145506973201537	2.478920897937613	0.3896240323303775	0.41838842771867224	4.7356329236580906E-4	5.660910002953928E-8	0.4969557351607042	4.3667929552475504E-4	14.825343117421458	-86.59838041073161
96000	-3506.5606890751715	-3431.0543417268746	-75.50634734829704	-3431.0543417268746	43.58773059326544	188.9216205023811	0.7840534792955031	0.13145506973201537	2.478920897937613	0.3896240323303775	0.13145506973201537	2.478920897937613	0.3896240323303775	0.24193154754906276	5.855668665987397E-4	1.8779673981737598E-8	0.2327861273156965	5.812695002459041E-4	17.12048613307014	-77.36806451835315
97000	-3477.3005772876554	-3432.224250460699	-45.0763268269567	-3432.224250460699	47.67111177998121	204.8731507479831	0.7840534792955031	0.13145506973201537	2.478920897937613	0.3896240323303775	0.13145506973201537	2.478920897937613	0.3896240323303775	0.10594118722477212	5.294145259230552E-4	2.3898266699921844E-9	0.09392305205246726	5.280009658938499E-4	19.773740576285086	-78.88439872990634
98000	-3528.084370786599	-3426.587026787754	-101.49734399884485	-3426.587026787754	35.125273132622354	189.419640825008	0.7840534792955031	0.13145506973201537	2.478920897937613	0.3896240323303775	0.13145506973201537	2.478920897937613	0.3896240323303775	0.4537536787105522	4.809446012976762E-4	2.730104265404785E-8	0.38292869224628406	4.4011942745351084E-4	20.392862915144526	-80.3260829470227
99000	-3504.4965309541667	-3424.310336000368	-80.18619495379882	-3424.310336000368	44.69551940790636	204.74730719937747	0.7840534792955031	0.13145506973201537	2.478920897937613	0.3896240323303775	0.13145506973201537	2.478920897937613	0.3896240323303775	0.25866693080918746	4.644184462026759E-4	1.1508414786512848E-8	0.2406732177291976	4.493954680531055E-4	17.325103731099784	-81.62642138820472
100000	-3508.2173066796195	-3433.5088665515373	-74.70844012808202	-3433.5088665515373	52.39286891659234	221.69961581267108	0.7840534792955031	0.13145506973201537	2.478920897937613	0.3896240323303775	0.13145506973201537	2.478920897937613	0.3896240323303775	0.2117839997295889	3.5311612885181756E-4	3.5130094426302255E-9	0.1746969947498944	3.3007529719137496E-4	13.57848954801467	-85.58400641916414
101000	-3516.2323123526435	-3433.3846905222263	-82.84762183041741	-3433.3846905222263	49.628711371609064	236.60153866404283	0.7840534792955031	0.13145506973201537	2.478920897937613	0.3896240323303775	0.13145506973201537	2.478920897937613	0.3896240323303775	0.2234800068316789	3.2591657773053533E-4	6.488056484733735E-9	0.24483070146798766	3.4071633509283143E-4	19.88729227267672	-84.58214787166379
102000	-3520.343784175351	-3423.7848239051277	-96.55896027022358	-3423.7848239051277	42.68085304856145	227.84697803288756	0.7840534792955031	0.13145506973201537	2.478920897937613	0.3896240323303775	0.13145506973201537	2.478920897937613	0.3896240323303775	0.3325314014423288	4.423401545180371E-4	3.5744635418775226E-8	0.41650605382084244	4.761710306904609E-4	20.301128757331277	-84.63502741847182
103000	-3516.4024981607017	-3430.739052073604	-85.66344608709778	-3430.739052073604	51.259238460224616	228.35319189140847	0.7840534792955031	0.13145506973201537	2.478920897937613	0.3896240323303775	0.13145506973201537	2.478920897937613	0.3896240323303775	0.27831523873626	4.3345444906791084E-4	1.1167607098192627E-8	0.26817864884663745	4.343842425279687E-4	18.706997440582253	-82.93120925165893
104000	-3512.2970944722692	-3427.323720371937	-84.97337410033236	-3427.323720371937	38.04831390900643	168.37074676779739	0.7840534792955031	0.13145506973201537	2.478920897937613	0.3896240323303775	0.13145506973201537	2.478920897937613	0.3896240323303775	0.3271387964433298	6.336517629009164E-4	4.174264212785364E-8	0.30516148044797614	6.52195236805538E-4	16.862082750985856	-75.89591147023047
105000	-3487.533496260934	-3428.1535652271436	-59.37993103379056	-3428.1535652271436	45.52883504085669	180.61135249417538	0.7840534792955031	0.13145506973201537	2.478920897937613	0.3896240323303775	0.13145506973201537	2.478920897937613	0.3896240323303775	0.1728195181029324	5.727817958245854E-4	8.716831781150121E-9	0.1551917775027817	6.510122823420567E-4	13.631217556146503	-75.90548015328294
106000	-3507.6365114157747	-3426.88746819061	-80.74904322516471	-3426.88746819061	45.756298301925746	196.87621995559113	0.7840534792955031	0.13145506973201537	2.478920897937613	0.3896240323303775	0.13145506973201537	2.478920897937613	0.3896240323303775	0.29373615550714977	5.455872760473973E-4	2.639219620684566E-8	0.2890643176551058	5.836860747480825E-4	14.784305738358515	-79.55631019683634
107000	-3497.332529435942	-3430.704084097475	-66.62844533846669	-3430.704084097475	35.40717306359867	189.02826646897498	0.7840534792955031	0.13145506973201537	2.478920897937613	0.3896240323303775	0.13145506973201537	2.478920897937613	0.3896240323303775	0.17994839128189732	5.879633188458772E-4	9.453597750959854E-9	0.16942929125265488	5.821673346118773E-4	17.572959747668232	-80.18165840204004
108000	-3505.8871203086646	-3424.581700298565	-81.30542001009957	-3424.581700298565	36.2047512621787	170.8673407200318	0.7840534792955031	0.13145506973201537	2.478920897937613	0.3896240323303775	0.13145506973201537	2.478920897937613	0.3896240323303775	0.27925580562913127	5.13600164325692E-4	1.7615268311311116E-8	0.2869790786993712	4.6591094764674725E-4	15.795695079133488	-77.14479743227123
109000	-3502.524511739383	-3427.76755280456	-74.75695893482262	-3427.76755280456	55.547423303989284	224.85395567792773	0.7840534792955031	0.13145506973201537	2.478920897937613	0.3896240323303775	0.13145506973201537	2.478920897937613	0.3896240323303775	0.19413645031703192	3.7184156471571265E-4	5.442665055945747E-9	0.18914510611646815	3.732453434721427E-4	19.29977818998201	-80.05767467470845
110000	-3509.32477147828	-3428.061995213921	-81.26277626435927	-3428.061995213921	63.054468537041906	265.7756275173929	0.7840534792955031	0.13145506973201537	2.478920897937613	0.3896240323303775	0.13145506973201537	2.478920897937613	0.3896240323303775	0.20561024573484962	4.937918034482896E-4	1.1389276665463849E-8	0.20985698558117813	5.059257457527272E-4	25.506923478177775	-84.37622219532791
111000	-3524.6260177913423	-3425.913936070181	-98.71208172116118	-3425.913936070181	45.55193306026083	200.17980330058006	0.7840534792955031	0.13145506973201537	2.478920897937613	0.3896240323303775	0.13145506973201537	2.478920897937613	0.3896240323303775	0.4788533596761604	5.46557902995721E-4	5.908090152370127E-8	0.40840722188134115	6.261099492357925E-4	18.57684367834508	-79.72533288995919
112000	-3513.0619578632604	-3432.040178677879	-81.02177918538169	-3432.040178677879	31.13726882828525	170.6646757037162	0.7840534792955031	0.13145506973201537	2.478920897937613	0.3896240323303775	0.13145506973201537	2.478920897937613	0.3896240323303775	0.257283256156126	6.029253852466985E-4	3.035883235545007E-8	0.2844165425218331	6.620948277702615E-4	18.37481410437845	-77.68808565874063
113000	-3524.563032836703	-3428.021685049748	-96.54134778695453	-3428.021685049748	44.79556304846884	217.01699006043526	0.7840534792955031	0.13145506973201537	2.478920897937613	0.3896240323303775	0.13145506973201537	2.478920897937613	0.3896240323303775	0.34241207968124454	4.7314266074712327E-4	3.080431705046782E-8	0.37360500898994736	4.7316280756015314E-4	17.758601364965624	-82.61710363832046
114000	-3489.0113668499853	-3428.6271657554203	-60.384201094565015	-3428.6271657554203	53.67286343783807	212.58916514400434	0.7840534792955031	0.13145506973201537	2.478920897937613	0.3896240323303775	0.13145506973201537	2.478920897937613	0.3896240323303775	0.14734780002807799	5.01947095549756E-4	5.024807725550712E-9	0.1404054798076908	5.013399467896259E-4	17.64290875687103	-78.92250271201348
115000	-3505.380064407165	-3432.748788449319	-72.63127595784569	-3432.748788449319	46.67749250566492	178.78652995618316	0.7840534792955031	0.13145506973201537	2.478920897937613	0.3896240323303775	0.13145506973201537	2.478920897937613	0.3896240323303775	0.2634404898890741	6.704665012259756E-4	3.151062499795314E-8	0.23818178977806304	8.098317843827872E-4	14.341375640089169	-75.06172159120747
116000	-3535.677683329532	-3430.2901123448787	-105.38757098465348	-3430.2901123448787	53.7130238974286	219.51558593407435	0.7840534792955031	0.13145506973201537	2.478920897937613	0.3896240323303775	0.13145506973201537	2.478920897937613	0.3896240323303775	0.37824598086912153	4.2226958942946695E-4	3.423036348053688E-8	0.40774252681143475	4.020146858145547E-4	16.87187767018031	-81.52238526230273
117000	-3520.5718711643362	-3432.9544776333564	-87.61739353097971	-3432.9544776333564	37.00885178631854	203.01459105018267	0.6408348058389827	0.22354250540769993	2.3868334622619285	0.3896240323303775	0.22354250540769993	2.3868334622619285	0.3896240323303775	0.22281920152667814	4.9533354666438E-4	1.3367156380244371E-8	0.2645582055646202	4.2136112170833686E-4	18.675630711821146	-84.65531680834074
118000	-3513.117865108766	-3426.9954366462734	-86.12242846249264	-3426.9954366462734	40.72237677030295	186.85563892903218	0.6408348058389827	0.07216352447009713	2.508173937259867	0.4196625382700418	0.07216352447009713	2.508173937259867	0.4196625382700418	0.2547984160697005	5.6300754567196E-4	2.5290032413698366E-8	0.2700064222889186	5.942108605646931E-4	20.019112072840688	-77.62472589013085
119000	-3516.851882781897	-3423.592926099848	-93.2589566820491	-3423.592926099848	36.08740352222852	169.79095011454322	0.6408348058389827	0.07216352447009713	2.508173937259867	0.4196625382700418	0.07216352447009713	2.508173937259867	0.4196625382700418	0.36672883659559324	6.0312154457232E-4	8.52814548924815E-8	0.43973934418503147	6.672566808317743E-4	17.260511159331145	-76.19977550871317
120000	-3532.397783036678	-3431.8630735659485	-100.53470947072927	-3431.8630735659485	48.968350531874606	177.84797600963682	0.6408348058389827	0.07216352447009713	2.508173937259867	0.4196625382700418	0.07216352447009713	2.508173937259867	0.4196625382700418	0.46015870281650106	5.195882311975306E-4	9.084435498304766E-8	0.4955349699889705	5.743125978899486E-4	17.18431532176191	-73.37557440025552
121000	-3503.9261375855317	-3431.2058421432616	-72.72029544227021	-3431.2058421432616	53.26359393602849	230.46277641051424	0.6408348058389827	0.07216352447009713	2.508173937259867	0.4196625382700418	0.07216352447009713	2.508173937259867	0.4196625382700418	0.1867266659492151	4.105621754849847E-4	5.710570254182479E-9	0.18132928386058672	4.382908046322382E-4	20.550636466560153	-82.85015227521734
122000	-3517.98416741165	-3427.7723947046215	-90.21177270702856	-3427.7723947046215	52.367498199164984	261.4223874227442	0.6408348058389827	0.1863984366839964	2.328676117401744	0.48492544591426545	0.1863984366839964	2.328676117401744	0.48492544591426545	0.2106092677941652	3.5312688724526906E-4	6.773257589343549E-9	0.23967877670161047	3.512787145741102E-4	23.80707988334838	-88.12838319406228
123000	-3525.9860049980057	-3429.541553279318	-96.4444517186876	-3429.541553279318	49.60288092527431	239.95798860924512	0.5302245509958468	0.1863984366839964	2.328676117401744	0.48492544591426545	0.1863984366839964	2.328676117401744	0.48492544591426545	0.31823772874673056	4.6467967351441634E-4	2.2115237308299885E-8	0.3403636790163712	4.304259430125028E-4	17.973785121234183	-86.94741788245179
124000	-3498.5744136430876	-3438.223326715521	-60.35108692756633	-3438.223326715521	46.36025063402145	192.9751418176731	0.5302245509958468	0.1863984366839964	2.328676117401744	0.48492544591426545	0.1863984366839964	2.328676117401744	0.48492544591426545	0.15278687411727054	4.745638120460856E-4	5.348392144814947E-9	0.1539246689270326	4.7792549089011163E-4	13.75227765788686	-78.83043583091246
125000	-3522.728147226625	-3438.0483027426712	-84.67984448395364	-3438.0483027426712	45.16924378922699	168.57103911621485	0.7612739735870495	0.1863984366839964	2.328676117401744	0.48492544591426545	0.1863984366839964	2.328676117401744	0.48492544591426545	0.3213979842861205	5.227197261478619E-4	3.1505474877983904E-8	0.3344451173854886	5.046038606436044E-4	14.045994371934729	-72.48523883084938
126000	-3520.9620925546033	-3421.6332317516208	-99.32886080298262	-3421.6332317516208	60.965901997275864	240.2992871899494	0.7612739735870495	0.1863984366839964	2.543915650424138	0.2696859128918716	0.1863984366839964	2.543915650424138	0.2696859128918716	0.3522154899822451	4.93679498176869E-4	3.153038806079042E-8	0.37151517749384316	4.912031898126594E-4	22.662025492549805	-80.79956261278278
127000	-3530.9955783888813	-3430.3737018006073	-100.62187658827412	-3430.3737018006073	56.90616907813478	237.80117426581975	0.7612739735870495	0.1863984366839964	2.543915650424138	0.2696859128918716	0.1863984366839964	2.543915650424138	0.2696859128918716	0.4024813902656807	4.440718703901173E-4	3.647468091528267E-8	0.4324299014985464	4.592879954103462E-4	19.787124495342088	-81.18333491303397
128000	-3513.1202836891807	-3438.3647531443494	-74.75553054483125	-3438.3647531443494	38.147941884886606	189.88504291427193	0.7612739735870495	0.1863984366839964	2.543915650424138	0.2696859128918716	0.1863984366839964	2.543915650424138	0.2696859128918716	0.15968963704171024	6.406601887951541E-4	1.4403920834726798E-8	0.20146442122987443	6.226260730648759E-4	18.907995969555326	-79.75385845874177
129000	-3527.0043468778863	-3434.4143184454415	-92.59002843244491	-3434.4143184454415	48.35996080290971	191.36918848865287	0.7612739735870495	0.1863984366839964	2.543915650424138	0.2696859128918716	0.1863984366839964	2.543915650424138	0.2696859128918716	0.34582646336679396	5.027405763318851E-4	4.271122210496926E-8	0.41206843026797846	5.381081033803759E-4	16.934977125281286	-77.28804573479431
130000	-3524.4487242349546	-3424.931800864273	-99.51692337068168	-3424.931800864273	41.44560502568521	168.83392296658633	0.7612739735870495	0.1863984366839964	2.543915650424138	0.2696859128918716	0.1863984366839964	2.543915650424138	0.2696859128918716	0.45964153388807577	5.37848352043448E-4	8.336970504019617E-8	0.5195803244902762	5.500374815155327E-4	12.3370035917972	-75.644381118683
131000	-3529.550006933835	-3436.981566091779	-92.56844084205623	-3436.981566091779	45.66162506507385	191.52000875686122	0.7612739735870495	0.1863984366839964	2.543915650424138	0.2696859128918716	0.1863984366839964	2.543915650424138	0.2696859128918716	0.4261978854657621	4.894094863203663E-4	3.876462567787424E-8	0.402622592506678	5.047319650786344E-4	13.257655441514341	-78.83557852978898
132000	-3518.045210646377	-3427.3054080849183	-90.73980256145883	-3427.3054080849183	28.024028196890903	119.19055280489316	0.7612739735870495	0.1863984366839964	2.543915650424138	0.2696859128918716	0.1863984366839964	2.543915650424138	0.2696859128918716	0.38860750686942985	7.808937995353125E-4	1.5538672210177716E-7	0.444417084162186	7.654735164389345E-4	13.664334643258176	-67.60882232269265
133000	-3489.313873725493	-3431.8839292394564	-57.42994448603679	-3431.8839292394564	42.47217261849717	172.99203997846078	0.7612739735870495	0.1863984366839964	2.543915650424138	0.2696859128918716	0.1863984366839964	2.543915650424138	0.2696859128918716	0.1392486605570363	6.946145666651364E-4	1.2106744953055954E-8	0.1470653559331493	7.22760203257092E-4	13.88552678152961	-74.6091730321924
134000	-3496.0960669749425	-3433.4595039683127	-62.6365630066297	-3433.4595039683127	33.43202403242398	160.5365636896823	0.7612739735870495	0.1863984366839964	2.543915650424138	0.2696859128918716	0.1863984366839964	2.543915650424138	0.2696859128918716	0.17859895634360579	6.273804991029511E-4	1.1562123355619981E-8	0.16365737388059715	6.469965236011332E-4	21.170178893113203	-75.18597813444391
135000	-3505.5498283240954	-3432.5373645399427	-73.01246378415291	-3432.5373645399427	45.140882117092744	181.46015422753578	0.7612739735870495	0.1863984366839964	2.543915650424138	0.2696859128918716	0.1863984366839964	2.543915650424138	0.2696859128918716	0.22382640512471783	4.8673748563491374E-4	1.1659279665534805E-8	0.23541192821251677	4.5962906629418377E-4	15.051830763956803	-75.92254656784812
136000	-3516.5476671589	-3439.8823375268776	-76.66532963202232	-3439.8823375268776	46.85887794531496	227.5076759903648	0.7612739735870495	0.1863984366839964	2.376685617869601	0.4369159454464083	0.1863984366839964	2.376685617869601	0.4369159454464083	0.2112080551814221	3.914206013542656E-4	4.9752307551602635E-9	0.18561766771848176	3.728402364756335E-4	17.8240703036934	-84.22064616484654
137000	-3492.740176578042	-3424.833483608541	-67.9066929695011	-3424.833483608541	47.99684752684665	220.2961934554608	0.7612739735870495	0.1863984366839964	2.376685617869601	0.4369159454464083	0.1863984366839964	2.376685617869601	0.4369159454464083	0.11194758335477036	5.378127179961062E-4	5.585989827925777E-9	0.1340773436696567	5.339653646719727E-4	20.1495454022131	-83.11480258538595
138000	-3501.0503865340297	-3429.1436306613928	-71.90675587263685	-3429.1436306613928	40.79548214426618	201.1354182405113	0.7612739735870495	0.1863984366839964	2.376685617869601	0.4369159454464083	0.1863984366839964	2.376685617869601	0.4369159454464083	0.16026291471370127	4.4103682768257716E-4	1.0173032926100271E-8	0.21241363442785752	4.738724602011608E-4	19.549126466691263	-80.34527026745123
139000	-3493.898005079584	-3428.0588014459104	-65.83920363367376	-3428.0588014459104	47.62249141456986	211.78656732527435	0.7612739735870495	0.1863984366839964	2.376685617869601	0.4369159454464083	0.1863984366839964	2.376685617869601	0.4369159454464083	0.12449842698690597	5.439916466622417E-4	7.031888487575933E-9	0.15084077622955103	5.495376122836592E-4	16.687783741351783	-81.72028079022849
140000	-3502.433809893102	-3437.282557399456	-65.15125249364588	-3437.282557399456	50.0764313592602	217.72396687288278	0.7612739735870495	0.1863984366839964	2.5332712719376023	0.2803302913784069	0.1863984366839964	2.5332712719376023	0.2803302913784069	0.1652929414258916	4.8046091182159354E-4	5.11587765154899E-9	0.15630007392517328	4.741340580343833E-4	15.99859483149412	-82.73566281233313
141000	-3483.144095249157	-3434.0485815261072	-49.09551372304982	-3434.0485815261072	40.613611455818216	184.6031852559545	0.7612739735870495	0.1863984366839964	2.5332712719376023	0.2803302913784069	0.1863984366839964	2.5332712719376023	0.2803302913784069	0.11674992510753295	5.702623144097647E-4	3.564057408681325E-9	0.10275964873049273	6.032421604034838E-4	20.20861131319096	-78.36039457705222
142000	-3511.505048975741	-3430.5964399111153	-80.9086090646254	-3430.5964399111153	37.10928986118452	164.23241177681993	0.7612739735870495	0.1863984366839964	2.5332712719376023	0.2803302913784069	0.1863984366839964	2.5332712719376023	0.2803302913784069	0.32096001214611536	6.202346484198647E-4	3.621672260664867E-8	0.2950960308687343	6.821899531997306E-4	17.440369216024568	-75.2046266543318
143000	-3509.338328383432	-3430.4937765873283	-78.8445517961035	-3430.4937765873283	43.47297408886503	217.24988726320922	0.7612739735870495	0.1863984366839964	2.5332712719376023	0.2803302913784069	0.1863984366839964	2.5332712719376023	0.2803302913784069	0.2359671860864703	5.271785449338269E-4	1.0949998730208141E-8	0.20665337338882872	5.055289233843453E-4	21.45689936282043	-81.99973124511884
144000	-3507.247764303826	-3422.320471712952	-84.92729259087419	-3422.320471712952	52.98074219394702	229.9345846884451	0.7612739735870495	0.1863984366839964	2.5332712719376023	0.2803302913784069	0.1863984366839964	2.5332712719376023	0.2803302913784069	0.2896527553319036	4.821562370697534E-4	1.579939575101703E-8	0.26558613880851567	4.936056222604531E-4	22.333920348442067	-81.45471254095035
145000	-3511.572307253885	-3425.7012073623328	-85.87109989155196	-3425.7012073623328	36.11084265197151	172.4663599718916	0.7612739735870495	0.1863984366839964	2.5332712719376023	0.2803302913784069	0.1863984366839964	2.5332712719376023	0.2803302913784069	0.2776329227823977	5.896932211997269E-4	2.6235018287623555E-8	0.275820198918379	5.570051257960621E-4	11.811623270483702	-79.37774968067266
146000	-3493.5513188689915	-3434.431247083025	-59.120071785966424	-3434.431247083025	30.968577780509435	146.79089076684016	0.7612739735870495	0.1863984366839964	2.5332712719376023	0.2803302913784069	0.1863984366839964	2.5332712719376023	0.2803302913784069	0.12344134219049474	6.567526304151336E-4	9.015414365627269E-9	0.1509029852325833	6.549207142587246E-4	19.11997558345504	-73.57317800720809
147000	-3500.589070205488	-3425.436590839922	-75.1524793655661	-3425.436590839922	46.88894546117734	196.6705155713423	0.7612739735870495	0.07991664367534172	2.639753064946257	0.2803302913784069	0.07991664367534172	2.639753064946257	0.2803302913784069	0.2547207940636753	5.190803994743125E-4	1.61986324037952E-8	0.23991867554267424	5.581991976248804E-4	14.631730175234472	-78.52133636205687
148000	-3517.696925812236	-3430.7429379617006	-86.95398785053516	-3430.7429379617006	53.112615671625804	212.58504807762765	0.6176648360563727	0.07991664367534172	2.639753064946257	0.2803302913784069	0.07991664367534172	2.639753064946257	0.2803302913784069	0.26204203820419775	4.761998669297216E-4	3.4565799726219604E-8	0.3511583658344026	5.514148931747314E-4	15.091316074068494	-79.80671806143857
149000	-3495.3454065268756	-3429.731766080732	-65.61364044614372	-3429.731766080732	42.98544359046241	199.53085288895477	0.6176648360563727	0.07991664367534172	2.639753064946257	0.2803302913784069	0.07991664367534172	2.639753064946257	0.2803302913784069	0.18265755563524164	5.169855817427905E-4	6.647980111300534E-9	0.15034007046195144	5.324147459375042E-4	16.825674683150325	-81.12445116553366
150000	-3515.602549426953	-3433.959444859172	-81.64310456778107	-3433.959444859172	43.71177825618088	203.90984944750335	0.6176648360563727	0.07991664367534172	2.639753064946257	0.2803302913784069	0.07991664367534172	2.639753064946257	0.2803302913784069	0.2611435326622153	5.607505332820259E-4	2.0685545581099755E-8	0.2561840135625226	5.556645754709334E-4	20.17801397840436	-79.42453083179842
151000	-3516.8539695247746	-3434.142201621089	-82.71176790368534	-3434.142201621089	39.82611341632566	182.07169308578565	0.6176648360563727	0.07991664367534172	2.639753064946257	0.2803302913784069	0.07991664367534172	2.639753064946257	0.2803302913784069	0.33273110219658825	4.1517575368038074E-4	1.832047848136872E-8	0.29516290308437615	4.686098764260323E-4	17.162776055219798	-77.74752564004338
152000	-3497.4682844944596	-3427.543766653736	-69.92451784072342	-3427.543766653736	38.172903528347035	190.36933635688396	0.6176648360563727	0.07991664367534172	2.4027554276758383	0.5173279286488256	0.07991664367534172	2.4027554276758383	0.5173279286488256	0.19895018547198473	4.880035238616946E-4	7.906992954656421E-9	0.19383112863791227	4.846449603792132E-4	14.709037992214514	-82.10660244512454
153000	-3506.113049828702	-3426.7246425510157	-79.38840727768657	-3426.7246425510157	59.75625967529582	240.62199291465322	0.6176648360563727	0.07991664367534172	2.4027554276758383	0.5173279286488256	0.07991664367534172	2.4027554276758383	0.5173279286488256	0.23067422447179764	3.9089655014073197E-4	8.265509639844088E-9	0.21588770615932654	4.166062070901978E-4	20.645546496090287	-82.05545964379698
154000	-3538.873527272659	-3435.152760975938	-103.72076629672117	-3435.152760975938	44.786523517204316	222.4629048430511	0.6176648360563727	0.07991664367534172	2.5295102972665053	0.39057305905815864	0.07991664367534172	2.5295102972665053	0.39057305905815864	0.3861169214256319	3.8591406245875627E-4	3.052838114409095E-8	0.4065544612490233	4.125248952034336E-4	16.31800082406974	-84.45017938194445
155000	-3495.9474581756967	-3436.217239052927	-59.73021912276944	-3436.217239052927	42.41971888044784	196.66884382051893	0.7689615289338164	0.07991664367534172	2.5295102972665053	0.39057305905815864	0.07991664367534172	2.5295102972665053	0.39057305905815864	0.12671420129821423	4.567968374341691E-4	4.683802610567004E-9	0.13992880322846912	4.975778542406398E-4	18.13624851116192	-78.79703782457219
156000	-3485.352121217923	-3431.952984336112	-53.39913688181097	-3431.952984336112	37.725752024121135	171.7025989963343	0.7689615289338164	0.07991664367534172	2.5295102972665053	0.39057305905815864	0.07991664367534172	2.5295102972665053	0.39057305905815864	0.13481949973854299	5.091466665276224E-4	4.628439727704253E-9	0.12969411690128504	5.422403892259122E-4	18.47506423891578	-76.77721172712235
157000	-3508.3359761892125	-3429.802607604671	-78.53336858454153	-3429.802607604671	44.27832635233025	210.60664888772737	0.7689615289338164	0.07991664367534172	2.5295102972665053	0.39057305905815864	0.07991664367534172	2.5295102972665053	0.39057305905815864	0.1987782188978712	4.680000194923302E-4	9.683113987612047E-9	0.2148835642106663	4.7714367446893E-4	17.338596980192143	-82.39061743456514
158000	-3496.6698040381925	-3432.636318412851	-64.03348562534168	-3432.636318412851	43.15763059429331	195.1579374844606	0.7689615289338164	0.07991664367534172	2.5295102972665053	0.39057305905815864	0.07991664367534172	2.5295102972665053	0.39057305905815864	0.17396455567184685	6.709270228733401E-4	1.0463854754426296E-8	0.15719401167127986	6.540904752956405E-4	18.492079610694777	-79.53206551178496
159000	-3481.709164738925	-3432.0653808682514	-49.643783870673666	-3432.0653808682514	27.963173843608505	148.88287505211642	0.7689615289338164	0.07991664367534172	2.5295102972665053	0.39057305905815864	0.07991664367534172	2.5295102972665053	0.39057305905815864	0.13315260884095378	7.495544224475517E-4	8.576816092042707E-9	0.12094310665601678	7.563900086553559E-4	14.973809033049813	-75.39766395606252
160000	-3522.93363738411	-3430.246515585679	-92.6871217984313	-3430.246515585679	32.56818799200257	173.80270322496622	0.7689615289338164	0.07991664367534172	2.5295102972665053	0.39057305905815864	0.07991664367534172	2.5295102972665053	0.39057305905815864	0.29810319212987296	6.504367429025084E-4	3.7026329558525425E-8	0.33024602705476025	5.613134609484474E-4	17.546111812427057	-79.36905751186045
161000	-3512.1313049317982	-3428.473571224428	-83.65773370737034	-3428.473571224428	41.56874021382555	190.18659086155313	0.7689615289338164	0.07991664367534172	2.5295102972665053	0.39057305905815864	0.07991664367534172	2.5295102972665053	0.39057305905815864	0.30016468719851863	5.467060617467788E-4	1.78358612085503E-8	0.2699262897572942	5.083208791027102E-4	17.297750697818373	-79.08989622144883
162000	-3510.2961426494967	-3430.481852104897	-79.81429054459961	-3430.481852104897	24.261612661204218	125.245060665729	0.7689615289338164	0.07991664367534172	2.5295102972665053	0.39057305905815864	0.07991664367534172	2.5295102972665053	0.39057305905815864	0.3053641617374378	7.390801187741984E-4	5.333137281030399E-8	0.32698185060187773	7.414869063248746E-4	15.886203229981236	-70.8558417429122
163000	-3511.080522349126	-3433.140300031996	-77.94022231713	-3433.140300031996	27.084900346696763	119.42856366715714	0.7689615289338164	0.07991664367534172	2.5295102972665053	0.39057305905815864	0.07991664367534172	2.5295102972665053	0.39057305905815864	0.33414430616928065	9.83221817511767E-4	1.5976471226921115E-7	0.41535110481697723	0.0010229884386170453	10.385832281304737	-70.2953970934684
164000	-3524.3674628475565	-3434.9571851785513	-89.41027766900527	-3434.9571851785513	25.30867561294518	120.79173535530197	0.7689615289338164	0.07991664367534172	2.5295102972665053	0.39057305905815864	0.07991664367534172	2.5295102972665053	0.39057305905815864	0.37956258997880093	8.306703103019313E-4	2.212582637294611E-7	0.5402645107549306	8.702960995128136E-4	11.535061194405564	-69.76904867413589
165000	-3510.2179736595435	-3419.4069591600773	-90.81101449946615	-3419.4069591600773	30.051965471820175	152.27179495969875	0.7689615289338164	0.07991664367534172	2.5295102972665053	0.39057305905815864	0.07991664367534172	2.5295102972665053	0.39057305905815864	0.3483993821237388	8.019009780072325E-4	8.756328717005756E-8	0.34297208286613745	8.082329039879026E-4	14.801102506818706	-74.81136995093564
166000	-3505.3657162801155	-3438.4467230841324	-66.91899319598296	-3438.4467230841324	27.488396409612772	144.3128692174482	0.7689615289338164	0.07991664367534172	2.5295102972665053	0.39057305905815864	0.07991664367534172	2.5295102972665053	0.39057305905815864	0.2170079865074363	8.331715359045546E-4	2.6690933983651727E-8	0.1896966515002173	8.450773875936382E-4	11.162037992784718	-76.37437962757645
167000	-3522.827252889836	-3421.4450847029784	-101.38216818685777	-3421.4450847029784	32.16817228163375	167.7496582447733	0.7689615289338164	0.07991664367534172	2.5295102972665053	0.39057305905815864	0.07991664367534172	2.5295102972665053	0.39057305905815864	0.5140974422573648	6.052670339400967E-4	1.3507992926134757E-7	0.5877275832449147	7.434529662345896E-4	21.17543523156315	-77.68111822438765
168000	-3525.4559625450365	-3423.908677995602	-101.54728454943464	-3423.908677995602	38.15635893627983	155.7300122021278	0.7689615289338164	0.07991664367534172	2.5295102972665053	0.39057305905815864	0.07991664367534172	2.5295102972665053	0.39057305905815864	0.578577933795012	6.846483159953752E-4	1.4105618123074454E-7	0.46551082898544627	7.428867680618472E-4	14.662566192363784	-71.57310907949622
169000	-3507.9941638866394	-3429.358179276194	-78.63598461044562	-3429.358179276194	35.658924019134595	169.70369592403136	0.7689615289338164	0.07991664367534172	2.5295102972665053	0.39057305905815864	0.07991664367534172	2.5295102972665053	0.39057305905815864	0.2528897093493507	4.919014136004033E-4	1.8259946840403252E-8	0.2560440231384709	5.541690036684284E-4	17.04927179341049	-76.72422878430392
170000	-3520.518614008256	-3431.4189019117057	-89.09971209655053	-3431.4189019117057	47.430543371092405	211.351836146861	0.7689615289338164	0.07991664367534172	2.5295102972665053	0.39057305905815864	0.07991664367534172	2.5295102972665053	0.39057305905815864	0.28396347738542294	4.040113820863477E-4	1.2089582213872284E-8	0.278921864271794	3.70342491425608E-4	19.481877085898457	-79.62423978837398
171000	-3508.0045806879566	-3430.2068057123624	-77.79777497559412	-3430.2068057123624	70.69865244546718	271.8497618326913	0.7689615289338164	0.07991664367534172	2.5295102972665053	0.39057305905815864	0.07991664367534172	2.5295102972665053	0.39057305905815864	0.2345026415603998	4.336002050576191E-4	1.061593439377007E-8	0.2151201432925605	4.979817374419716E-4	18.206538205815544	-84.50460131243271
172000	-3505.3954932349798	-3428.331582074361	-77.06391116061899	-3428.331582074361	59.77632987055046	237.19549845694817	0.7689615289338164	0.07991664367534172	2.5295102972665053	0.39057305905815864	0.07991664367534172	2.5295102972665053	0.39057305905815864	0.19543546471623685	4.1972431216577674E-4	7.90016489923283E-9	0.20984780039588655	4.1290012080360026E-4	20.002389106600365	-81.82062694301742
173000	-3466.8287221959026	-3421.770562609016	-45.058159586886454	-3421.770562609016	57.39366763591296	245.3092116773854	0.7689615289338164	0.07991664367534172	2.5295102972665053	0.39057305905815864	0.07991664367534172	2.5295102972665053	0.39057305905815864	0.09362907726343721	3.304458456928873E-4	6.688312539165448E-10	0.0771082716846503	3.344188133944206E-4	18.472580262415857	-85.4254886805615
174000	-3498.7413030143584	-3438.489493714584	-60.251809299774465	-3438.489493714584	52.76582161488969	230.71733974271896	0.7689615289338164	0.07991664367534172	2.5295102972665053	0.39057305905815864	0.07991664367534172	2.5295102972665053	0.39057305905815864	0.11484684198532727	3.571369314057336E-4	2.02085743247847E-9	0.12899078828575095	3.485643609469428E-4	21.88642354151547	-81.60717973896573
175000	-3519.63023115159	-3429.5278393605363	-90.10239179105403	-3429.5278393605363	49.79317715760329	226.78436194275696	0.7689615289338164	0.07991664367534172	2.5295102972665053	0.39057305905815864	0.07991664367534172	2.5295102972665053	0.39057305905815864	0.2793975228776412	4.949056475474195E-4	2.2904444350609493E-8	0.2949599745544199	5.259885353980856E-4	23.426855589515856	-81.69780733956462
176000	-3536.319515321891	-3429.8757448858846	-106.44377043600635	-3429.8757448858846	63.57755832070058	224.96098487764283	0.7689615289338164	0.07991664367534172	2.5295102972665053	0.39057305905815864	0.07991664367534172	2.5295102972665053	0.39057305905815864	0.4059368807746749	4.835269594862064E-4	7.548213439229772E-8	0.4486092794401864	5.30384843684489E-4	21.60254935775669	-77.37618877696694
177000	-3520.353083241926	-3419.1941188326514	-101.1589644092745	-3419.1941188326514	48.17861054014521	241.48872748989135	0.7689615289338164	0.07991664367534172	2.4191139111110846	0.5009694452135793	0.07991664367534172	2.4191139111110846	0.5009694452135793	0.3372481264785333	3.8406857959677655E-4	1.6478517314963245E-8	0.35089257006123487	3.559407501701896E-4	20.67603866262599	-85.49070019487391
178000	-3505.7217978126064	-3428.8345568323275	-76.88724098027905	-3428.8345568323275	35.636551557511496	177.04408972402067	0.7689615289338164	0.07991664367534172	2.4191139111110846	0.5009694452135793	0.07991664367534172	2.4191139111110846	0.5009694452135793	0.2687284755971904	5.654993364749609E-4	1.3903996298187082E-8	0.21133268166785654	5.532093340645562E-4	20.24870842514622	-77.60297864100971
179000	-3527.698448942873	-3430.461356397401	-97.23709254547221	-3430.461356397401	42.30660795196494	191.7162674608765	0.7689615289338164	0.07991664367534172	2.4191139111110846	0.5009694452135793	0.07991664367534172	2.4191139111110846	0.5009694452135793	0.40816765503960156	5.175430468477181E-4	4.182064777517347E-8	0.42608512288028216	4.75345640371354E-4	16.925587590057635	-78.27973894824864
180000	-3522.541865170637	-3422.079749764676	-100.4621154059609	-3422.079749764676	51.722854794942116	209.33775578415634	0.7689615289338164	0.07991664367534172	2.4191139111110846	0.5009694452135793	0.07991664367534172	2.4191139111110846	0.5009694452135793	0.5081769004489376	3.6899748474426196E-4	2.734383653119608E-8	0.4004582428000853	4.1579306334152264E-4	15.473041324291838	-79.44031304459482
181000	-3518.663623336626	-3426.3267866334904	-92.33683670313555	-3426.3267866334904	45.66761594874079	166.2979591358623	0.7689615289338164	0.07991664367534172	2.4191139111110846	0.5009694452135793	0.07991664367534172	2.4191139111110846	0.5009694452135793	0.3396951648647662	5.665458503995644E-4	7.927034154118353E-8	0.40925796844071355	6.199956642999189E-4	10.602124743041799	-73.89517344373435
182000	-3481.790608719411	-3430.3981525572294	-51.392456162181496	-3430.3981525572294	36.87181292924457	159.5238327758203	0.7689615289338164	0.07991664367534172	2.4191139111110846	0.5009694452135793	0.07991664367534172	2.4191139111110846	0.5009694452135793	0.15181366424357443	5.379859072286772E-4	4.726119782535234E-9	0.13178803179695558	5.329190092462846E-4	16.389291497300206	-73.93534153799949
183000	-3505.2626614220785	-3432.261211469512	-73.00144995256622	-3432.261211469512	41.13715772668964	217.43088422754246	0.7689615289338164	0.07991664367534172	2.4191139111110846	0.5009694452135793	0.07991664367534172	2.4191139111110846	0.5009694452135793	0.20328070042061655	5.25073064726046E-4	8.238900606947594E-9	0.18552601767635327	4.9483774116634E-4	19.271260397519992	-82.90920511860752
184000	-3525.191558008939	-3426.567686421477	-98.6238715874618	-3426.567686421477	44.227234204703656	249.01073937038893	0.7689615289338164	0.07991664367534172	2.4645973684249394	0.4554859878997244	0.07991664367534172	2.4645973684249394	0.4554859878997244	0.2884892566623906	4.649749143934464E-4	1.7978838995029343E-8	0.30568661363021676	4.199475528238793E-4	20.443789431151234	-88.18849342875653
185000	-3502.6955589753447	-3423.266114594442	-79.42944438090262	-3423.266114594442	51.380155701251454	217.2259505100212	0.7689615289338164	0.07991664367534172	2.4645973684249394	0.4554859878997244	0.07991664367534172	2.4645973684249394	0.4554859878997244	0.24150680972952449	5.326319753031586E-4	1.4638465779648026E-8	0.22599494598589445	5.488697825543216E-4	19.195841907546484	-81.30011981100932
186000	-3538.606119547828	-3423.7536952630458	-114.8524242847819	-3423.7536952630458	41.39818220547393	178.6079176229261	0.7689615289338164	0.07991664367534172	2.4645973684249394	0.4554859878997244	0.07991664367534172	2.4645973684249394	0.4554859878997244	0.4558261661900853	4.887749279969785E-4	8.805540737711042E-8	0.568063731729874	4.6368765456250875E-4	21.019626802722495	-76.80440910499085
187000	-3526.2880022807713	-3416.330385200912	-109.957617079859	-3416.330385200912	57.15519631896688	233.40333379382446	0.7689615289338164	0.07991664367534172	2.4645973684249394	0.4554859878997244	0.07991664367534172	2.4645973684249394	0.4554859878997244	0.4932700591462641	3.967807067535007E-4	7.736925149191943E-8	0.6114158699023292	4.80440491183023E-4	20.336492020747595	-80.3266498642098
188000	-3527.0422226573182	-3421.3401470450344	-105.70207561228403	-3421.3401470450344	70.32986276754426	289.2077188296563	0.7689615289338164	0.07991664367534172	2.613473296634174	0.3066100596904896	0.07991664367534172	2.613473296634174	0.3066100596904896	0.3875282098762043	3.317993333487099E-4	2.1909618615405418E-8	0.4018660338253605	3.8564141650619107E-4	25.9813413606334	-87.11480194973491
189000	-3518.465326922964	-3425.193739519842	-93.27158740312198	-3425.193739519842	45.59996264176023	202.6340054267799	0.7689615289338164	0.07991664367534172	2.613473296634174	0.3066100596904896	0.07991664367534172	2.613473296634174	0.3066100596904896	0.27065015246012436	4.7862710955966844E-4	2.653078462663955E-8	0.3272889570153443	4.717990334075554E-4	15.580952865917034	-79.83932544312653
190000	-3500.319216026527	-3429.15406900648	-71.16514702004744	-3429.15406900648	38.55923407621095	187.816010370003	0.7689615289338164	0.07991664367534172	2.613473296634174	0.3066100596904896	0.07991664367534172	2.613473296634174	0.3066100596904896	0.20508315350311537	6.063482394791818E-4	1.670479561892611E-8	0.20593740868395927	6.525032068854043E-4	17.777066249113496	-78.77341337725515
191000	-3529.0780357983826	-3429.99966336393	-99.07837243445289	-3429.99966336393	55.218431346205094	184.39411312743033	0.7689615289338164	0.07991664367534172	2.613473296634174	0.3066100596904896	0.07991664367534172	2.613473296634174	0.3066100596904896	0.6097475143845348	4.970069259312483E-4	8.071888593712741E-8	0.4444642073276471	6.503744332038159E-4	13.970505719248978	-73.18346129861553
192000	-3507.8285812766444	-3422.6400072132187	-85.18857406342583	-3422.6400072132187	36.04986931069949	162.8355367649174	0.7689615289338164	0.07991664367534172	2.613473296634174	0.3066100596904896	0.07991664367534172	2.613473296634174	0.3066100596904896	0.3971455341219508	5.07911836122687E-4	2.3552166952343308E-8	0.3248098369010277	5.774776575182844E-4	22.008688052191943	-75.25249991488367
193000	-3524.240661847581	-3419.4103427329023	-104.83031911467886	-3419.4103427329023	43.25166544346617	206.28347767419825	0.7689615289338164	0.07991664367534172	2.613473296634174	0.3066100596904896	0.07991664367534172	2.613473296634174	0.3066100596904896	0.2931723176508693	4.7125926767067785E-4	3.6138113449553686E-8	0.4303731022355687	4.271049654851861E-4	22.223860887153137	-80.75022955576901
194000	-3510.3696426181864	-3427.84080501237	-82.5288376058164	-3427.84080501237	40.05460879962871	164.12701735277906	0.7689615289338164	0.07991664367534172	2.613473296634174	0.3066100596904896	0.07991664367534172	2.613473296634174	0.3066100596904896	0.2569187469582103	6.006656157367627E-4	3.716017205165415E-8	0.31627627308070333	6.125197606411066E-4	12.109152492130828	-75.44598168237
195000	-3511.9355710469367	-3428.2127423138973	-83.72282873303962	-3428.2127423138973	33.76537128776214	142.37835541732935	0.7689615289338164	0.07991664367534172	2.613473296634174	0.3066100596904896	0.07991664367534172	2.613473296634174	0.3066100596904896	0.34845090336588025	7.405064365664185E-4	6.215817431178828E-8	0.3322403701832599	7.168329550710552E-4	12.109152492130828	-70.9381747610214
196000	-3527.814194168392	-3421.893840658624	-105.92035350976795	-3421.893840658624	26.466329018192447	141.27325837127444	0.7689615289338164	0.07991664367534172	2.613473296634174	0.3066100596904896	0.07991664367534172	2.613473296634174	0.3066100596904896	0.5153025839772988	8.412076473137653E-4	1.5147586155052692E-7	0.531383884733992	6.96150201164862E-4	18.157273446296603	-74.58370137936389
197000	-3512.2530142555124	-3425.329990103314	-86.92302415219845	-3425.329990103314	30.96005798044769	138.34587369256707	0.7689615289338164	0.07991664367534172	2.613473296634174	0.3066100596904896	0.07991664367534172	2.613473296634174	0.3066100596904896	0.3692985984962018	6.972448208234421E-4	9.086930130869797E-8	0.40704306170793114	7.266399702136207E-4	13.494082552601732	-71.61525414671925
198000	-3519.2417207927283	-3432.3723004901185	-86.86942030260978	-3432.3723004901185	38.55027883069788	171.81437990154498	0.7689615289338164	0.07991664367534172	2.613473296634174	0.3066100596904896	0.07991664367534172	2.613473296634174	0.3066100596904896	0.24122136283973794	7.222914959214521E-4	3.9997800564303435E-8	0.3130778073253179	6.084050409272666E-4	10.388334056867437	-80.26812391586279
199000	-3517.5403126598535	-3432.8853365636783	-84.65497609617545	-3432.8853365636783	36.23463309126641	191.2123682499992	0.7689615289338164	0.07991664367534172	2.613473296634174	0.3066100596904896	0.07991664367534172	2.613473296634174	0.3066100596904896	0.26036895847419905	4.4155059034579604E-4	1.548702084513105E-8	0.2772371954744686	4.516862934578729E-4	18.45990492082114	-80.62137440792955
200000	-3507.2921781242726	-3436.7609527560885	-70.53122536818394	-3436.7609527560885	35.35749457066497	182.75485599867605	0.7689615289338164	0.07991664367534172	2.613473296634174	0.3066100596904896	0.07991664367534172	2.613473296634174	0.3066100596904896	0.18735723154350425	5.788171897908137E-4	1.2222572279594092E-8	0.1912647622522418	5.914734213116018E-4	19.93162099692625	-78.67969747375302
201000	-3484.7503011042795	-3434.538284281587	-50.212016822692455	-3434.538284281587	35.631899721573035	153.0831320807274	0.7689615289338164	0.07991664367534172	2.613473296634174	0.3066100596904896	0.07991664367534172	2.613473296634174	0.3066100596904896	0.16280032559921423	5.41595165526947E-4	5.692866802982224E-9	0.1336870911590094	6.045347779322379E-4	10.40948092510852	-73.91827466828273
202000	-3502.8971075651757	-3438.186086467037	-64.7110210981387	-3438.186086467037	47.091271395318216	204.5116308699208	0.7689615289338164	0.07991664367534172	2.613473296634174	0.3066100596904896	0.07991664367534172	2.613473296634174	0.3066100596904896	0.16635441953764282	4.981263672785956E-4	6.32599469657972E-9	0.1594196213698552	4.914807864954184E-4	14.9169014555906	-81.65435002548557
203000	-3510.6050718033252	-3435.251926605485	-75.35314519784	-3435.251926605485	32.23331887640219	156.542694233958	0.7689615289338164	0.07991664367534172	2.613473296634174	0.3066100596904896	0.07991664367534172	2.613473296634174	0.3066100596904896	0.2575236826335909	5.154084354239555E-4	1.5231024467218692E-8	0.24669783275586246	5.216520923985807E-4	13.53531678298764	-76.08596311571397
204000	-3521.0213179947714	-3441.818714701462	-79.20260329330937	-3441.818714701462	35.66883598081416	168.74062122954246	0.7689615289338164	0.07991664367534172	2.613473296634174	0.3066100596904896	0.07991664367534172	2.613473296634174	0.3066100596904896	0.2302652192818479	5.550187895061115E-4	2.2305956366038096E-8	0.2514088231782625	5.74513898740245E-4	17.502706277074346	-75.63668736751849
205000	-3514.2689249452087	-3425.1066981297467	-89.16222681546209	-3425.1066981297467	47.57923549175866	212.866841610306	0.7689615289338164	0.07991664367534172	2.613473296634174	0.3066100596904896	0.07991664367534172	2.613473296634174	0.3066100596904896	0.2125795048909649	4.665015811126761E-4	1.7628399595218194E-8	0.2793481436327579	4.764921900836521E-4	13.859645182676358	-84.0640027024093
206000	-3498.0879518877027	-3429.968858536532	-68.11909335117058	-3429.968858536532	44.620969691746545	187.59891019951164	0.7689615289338164	0.07991664367534172	2.613473296634174	0.3066100596904896	0.07991664367534172	2.613473296634174	0.3066100596904896	0.21071149625047023	6.460008691835223E-4	1.4019367249131838E-8	0.1796863526051645	6.678799331119744E-4	14.616640534397408	-78.55254184925127
207000	-3507.3099668151067	-3418.5503765521003	-88.75959026300654	-3418.5503765521003	29.58194995465	151.64247979117275	0.7689615289338164	0.07991664367534172	2.613473296634174	0.3066100596904896	0.07991664367534172	2.613473296634174	0.3066100596904896	0.34994270139502315	5.764522916141285E-4	3.033079260803422E-8	0.336621187532235	4.992627049258707E-4	14.827661534633597	-76.06923729696915
208000	-3496.155343600809	-3436.125725916334	-60.02961768447512	-3436.125725916334	33.37150846043386	179.59963843889477	0.7689615289338164	0.07991664367534172	2.613473296634174	0.3066100596904896	0.07991664367534172	2.613473296634174	0.3066100596904896	0.1341234403076445	6.693331553944795E-4	9.598661469445859E-9	0.15115144797485466	6.516899634011515E-4	15.222495064164637	-80.70563103849355
209000	-3474.8881218149763	-3429.246996681524	-45.641125133452654	-3429.246996681524	48.93842992155125	212.49267179055443	0.7689615289338164	0.07991664367534172	2.613473296634174	0.3066100596904896	0.07991664367534172	2.613473296634174	0.3066100596904896	0.08495584196796781	4.273653920959797E-4	1.5227179897085322E-9	0.08876405716915356	4.437305523610432E-4	12.631647748001956	-84.8512966226298
210000	-3506.833317852943	-3432.1033363401402	-74.72998151280277	-3432.1033363401402	45.56097331698135	199.59360588379997	0.7689615289338164	0.07991664367534172	2.613473296634174	0.3066100596904896	0.07991664367534172	2.613473296634174	0.3066100596904896	0.19766719102693314	4.801690851002737E-4	1.0279326682650425E-8	0.21496642744144684	4.6134957147503814E-4	17.683609757051894	-79.52077152134152
211000	-3506.306952776152	-3424.7458562634565	-81.56109651269507	-3424.7458562634565	58.924681917183236	257.49728304565895	0.7689615289338164	0.07991664367534172	2.613473296634174	0.3066100596904896	0.07991664367534172	2.613473296634174	0.3066100596904896	0.18624409755868657	3.4013812879920977E-4	5.771596553276197E-9	0.21623111990770477	3.506912857297138E-4	23.002288545955615	-83.89590567831938
212000	-3498.8121391421255	-3434.4363086260123	-64.37583051611335	-3434.4363086260123	39.51615149028485	211.25882136585716	0.7689615289338164	0.07991664367534172	2.613473296634174	0.3066100596904896	0.07991664367534172	2.613473296634174	0.3066100596904896	0.1294792506677978	4.1328986735976247E-4	2.761236663362658E-9	0.13337644871944274	3.890342008613188E-4	23.57917672074723	-83.15418592729011
213000	-3466.8958024376775	-3425.4952881161785	-41.40051432149913	-3425.4952881161785	35.98853786751998	173.09082949335573	0.7689615289338164	0.07991664367534172	2.613473296634174	0.3066100596904896	0.07991664367534172	2.613473296634174	0.3066100596904896	0.08913261540729084	5.473822502593697E-4	2.4546408541694307E-9	0.09231610972976038	5.360724714658352E-4	18.01609125328607	-76.43863372822555
214000	-3519.8508251369494	-3431.2808026173143	-88.57002251963532	-3431.2808026173143	45.18019822171441	207.1139611276763	0.7689615289338164	0.07991664367534172	2.613473296634174	0.3066100596904896	0.07991664367534172	2.613473296634174	0.3066100596904896	0.24434465645828155	5.501225187810161E-4	2.195086469942484E-8	0.28397925373659866	5.093275194905967E-4	24.68374909559583	-78.76829091209893
215000	-3526.7010733778147	-3429.5117852740227	-97.18928810379197	-3429.5117852740227	52.38318414098257	234.8053762792482	0.7689615289338164	0.07991664367534172	2.613473296634174	0.3066100596904896	0.07991664367534172	2.613473296634174	0.3066100596904896	0.39911238339139476	4.07787451443631E-4	2.3026814068320703E-8	0.357747599834532	4.2840224370793175E-4	17.847448721758305	-83.28852175044045
216000	-3504.4962417568127	-3427.3101586217103	-77.18608313510214	-3427.3101586217103	48.62273697979653	247.5424371498844	0.7689615289338164	0.07991664367534172	2.613473296634174	0.3066100596904896	0.07991664367534172	2.613473296634174	0.3066100596904896	0.18856493389057805	3.866070621674528E-4	4.189199969324088E-9	0.15639076787377648	4.061998679746566E-4	18.291349123031647	-89.5582172099725
217000	-3472.444367086373	-3434.831369134937	-37.612997951435844	-3434.831369134937	43.789581305501706	198.26118206819075	0.7689615289338164	0.07991664367534172	2.613473296634174	0.3066100596904896	0.07991664367534172	2.613473296634174	0.3066100596904896	0.07101595154039358	5.78339028074057E-4	1.7591932214054217E-9	0.07214218691278593	5.793494078611802E-4	22.262060634695256	-79.33550288017177
218000	-3510.014964243802	-3437.3709652377324	-72.64399900606949	-3437.3709652377324	37.81969497672077	179.3259734981756	0.7689615289338164	0.11318945850801149	2.580200481801504	0.3066100596904896	0.11318945850801149	2.580200481801504	0.3066100596904896	0.17389539547988503	5.264130835707267E-4	1.0681216093712702E-8	0.21393307808718345	4.6747081333778595E-4	13.40234559099605	-80.07122578949827
219000	-3510.1212138713804	-3425.9832272045082	-84.13798666687207	-3425.9832272045082	40.63762478726407	180.47389722452726	0.7689615289338164	0.11318945850801149	2.580200481801504	0.3066100596904896	0.11318945850801149	2.580200481801504	0.3066100596904896	0.29848254790599327	5.672888881898735E-4	4.109391436558175E-8	0.3299939793049924	6.452195998908326E-4	14.803465630820748	-77.5606614658611
220000	-3507.4079157104175	-3443.803757694673	-63.604158015744495	-3443.803757694673	41.4244118330288	187.33631599054644	0.7689615289338164	0.11318945850801149	2.580200481801504	0.3066100596904896	0.11318945850801149	2.580200481801504	0.3066100596904896	0.16140578478003012	5.694620563598279E-4	8.283786735021146E-9	0.16049332677946526	5.65593709064747E-4	22.86212317402663	-77.5401326494106
221000	-3470.8893577202143	-3437.656738485315	-33.23261923489907	-3437.656738485315	44.88524527122845	184.12073195627227	0.7689615289338164	0.11318945850801149	2.580200481801504	0.3066100596904896	0.11318945850801149	2.580200481801504	0.3066100596904896	0.08775139479274455	5.54519554910121E-4	1.8068217844086787E-9	0.07508992258243287	5.714468626576409E-4	16.992702525513636	-75.92854677993097
222000	-3520.7971098955327	-3433.445970811082	-87.35113908445051	-3433.445970811082	39.7995885149179	164.01377678813526	0.7689615289338164	0.11318945850801149	2.580200481801504	0.3066100596904896	0.11318945850801149	2.580200481801504	0.3066100596904896	0.28900377999849186	5.074389254317566E-4	4.02255734911594E-8	0.3517700545169734	5.351748809704843E-4	12.563121289222885	-74.81801014805161
223000	-3525.305667929911	-3430.4312907592202	-94.87437717069105	-3430.4312907592202	41.60587428306829	174.09855568454367	0.7689615289338164	0.11318945850801149	2.580200481801504	0.3066100596904896	0.11318945850801149	2.580200481801504	0.3066100596904896	0.4350839896636955	4.895381265204252E-4	3.9456341256088254E-8	0.37313081919727453	5.05576062741982E-4	15.451305588342372	-75.86522298370596
224000	-3513.3617937099384	-3429.720284509248	-83.64150920069066	-3429.720284509248	39.89978434872097	170.14700004835044	0.7689615289338164	0.11318945850801149	2.580200481801504	0.3066100596904896	0.11318945850801149	2.580200481801504	0.3066100596904896	0.28986998665079716	5.163028412656284E-4	2.390509980414683E-8	0.29401505440948056	5.019412105818839E-4	18.874603192091676	-75.16631859020264
225000	-3503.4999563220213	-3433.2884165277997	-70.21153979422168	-3433.2884165277997	32.748604154587795	169.27451347687224	0.7689615289338164	0.11318945850801149	2.580200481801504	0.3066100596904896	0.11318945850801149	2.580200481801504	0.3066100596904896	0.2358544091461925	5.522408688751642E-4	1.1212926322021489E-8	0.18991744529683716	5.593870992984676E-4	14.457758998135098	-79.20285211147288
226000	-3519.169803131989	-3430.3575859807734	-88.81221715121526	-3430.3575859807734	41.77996058707096	227.9125481750469	0.7689615289338164	0.11318945850801149	2.580200481801504	0.3066100596904896	0.11318945850801149	2.580200481801504	0.3066100596904896	0.24816414544342885	3.425049492003821E-4	8.044762584306527E-9	0.2734721506677699	3.36629120014248E-4	17.157551508621886	-88.2879386667798
227000	-3504.1881049948706	-3437.3520321762126	-66.83607281865797	-3437.3520321762126	49.43493231783469	205.0192872573992	0.7689615289338164	0.11318945850801149	2.580200481801504	0.3066100596904896	0.11318945850801149	2.580200481801504	0.3066100596904896	0.2024996823725046	4.6006230363667024E-4	5.282159444706285E-9	0.17492101541644264	4.15693583391021E-4	15.592611020271049	-79.80859620739875
228000	-3494.3733623589715	-3419.237369346982	-75.1359930119893	-3419.237369346982	46.94019172484498	227.61643338714353	0.7689615289338164	0.11318945850801149	2.580200481801504	0.3066100596904896	0.11318945850801149	2.580200481801504	0.3066100596904896	0.19356857035896172	4.304403853167815E-4	5.924818479203736E-9	0.19532734082088987	3.958933432961357E-4	17.893849013620926	-84.36371665277014
229000	-3494.1916640948725	-3433.507578985096	-60.684085109776476	-3433.507578985096	58.46760614832864	280.68093735943086	0.7689615289338164	0.11318945850801149	2.580200481801504	0.3066100596904896	0.11318945850801149	2.580200481801504	0.3066100596904896	0.1134730604037713	3.8839342724543955E-4	1.6093228035360367E-9	0.10547823091609286	3.8131575521233035E-4	19.481806658502382	-90.74976988855059
230000	-3515.319724579281	-3423.740305303355	-91.57941927592576	-3423.740305303355	61.809821039509956	302.8718869231573	0.7689615289338164	0.11318945850801149	2.580200481801504	0.3066100596904896	0.11318945850801149	2.580200481801504	0.3066100596904896	0.25445599160672056	3.563131528905358E-4	5.490105408767247E-9	0.20250044094233222	3.4890597681040843E-4	26.393770955203642	-89.62670117004282
231000	-3529.9083874164385	-3427.6058299100096	-102.30255750642912	-3427.6058299100096	59.66363965879195	220.41084984876997	0.7689615289338164	0.11318945850801149	2.580200481801504	0.3066100596904896	0.11318945850801149	2.580200481801504	0.3066100596904896	0.3468931175974664	3.581042661918781E-4	2.5209799471813033E-8	0.4112740213573557	3.6821063536705395E-4	17.531245156046495	-77.91127994845893
232000	-3533.126943659641	-3433.491459913496	-99.63548374614493	-3433.491459913496	35.62039816948989	176.33636528501248	0.7689615289338164	0.11318945850801149	2.580200481801504	0.3066100596904896	0.11318945850801149	2.580200481801504	0.3066100596904896	0.41945496740505717	5.833688647994759E-4	4.3234917598798785E-8	0.36195083146493084	5.199388136265217E-4	15.811222332652571	-77.39855494164361
233000	-3536.4585790754722	-3429.7146022340658	-106.74397684140665	-3429.7146022340658	43.77445127078488	234.687869725561	0.7689615289338164	0.11318945850801149	2.580200481801504	0.3066100596904896	0.11318945850801149	2.580200481801504	0.3066100596904896	0.33503405689670174	4.269356060222332E-4	2.671315523177675E-8	0.4054984883775582	3.8668540966191073E-4	18.76227032499722	-88.91540384974373
234000	-3526.737476855253	-3421.0364756711056	-105.70100118414767	-3421.0364756711056	31.913220770760493	173.19731762616001	0.7689615289338164	0.11318945850801149	2.580200481801504	0.3066100596904896	0.11318945850801149	2.580200481801504	0.3066100596904896	0.37350801110521126	6.57100966496681E-4	8.798264148652665E-8	0.4434386838368398	5.776842590750191E-4	19.06955710580467	-79.0874181352894
235000	-3532.99361039109	-3429.5248871001113	-103.4687232909786	-3429.5248871001113	24.534353531475368	130.5804763642584	0.7689615289338164	0.11318945850801149	2.580200481801504	0.3066100596904896	0.11318945850801149	2.580200481801504	0.3066100596904896	0.44521160782911734	8.547020768586907E-4	1.6679558059097546E-7	0.4735135893154496	8.148070983372146E-4	18.74971291921813	-73.29136145795665
236000	-3527.868183900675	-3427.8694153183533	-99.99876858232142	-3427.8694153183533	24.782004953401966	141.06097296827002	0.7689615289338164	0.11318945850801149	2.580200481801504	0.3066100596904896	0.11318945850801149	2.580200481801504	0.3066100596904896	0.40484399029586504	7.384914526367254E-4	1.5625190028967004E-7	0.49521975463097717	7.455068943121846E-4	15.110078859713555	-75.39972579277395
237000	-3515.526453629722	-3427.2305997061585	-88.29585392356337	-3427.2305997061585	36.0409398217667	161.97331976743573	0.7689615289338164	0.11318945850801149	2.580200481801504	0.3066100596904896	0.11318945850801149	2.580200481801504	0.3066100596904896	0.4201623192142616	5.582912156637217E-4	7.4754557076899E-8	0.4276145356036395	7.149291451075318E-4	15.057807475513766	-73.8316087395163
238000	-3482.063609783384	-3431.6056914054966	-50.45791837788754	-3431.6056914054966	38.99771413735617	174.01257292617194	0.7689615289338164	0.11318945850801149	2.580200481801504	0.3066100596904896	0.11318945850801149	2.580200481801504	0.3066100596904896	0.11591055520008348	4.670496946080462E-4	3.293092728251768E-9	0.12076756189185453	4.899671057436483E-4	14.620254331376836	-76.62209285075174
239000	-3517.064756071767	-3445.4945502232044	-71.57020584856262	-3445.4945502232044	30.556176005245906	139.92918811792356	0.7689615289338164	0.11318945850801149	2.580200481801504	0.3066100596904896	0.11318945850801149	2.580200481801504	0.3066100596904896	0.19845605754007792	6.191990329183076E-4	1.495398395412636E-8	0.2110380014598044	5.386092834035375E-4	12.313965111778847	-73.18693191160115
240000	-3517.3997577529335	-3434.7130663391263	-82.68669141380717	-3434.7130663391263	40.27107237704063	180.5448230143605	0.7689615289338164	0.11318945850801149	2.380014685386916	0.5067958561050777	0.11318945850801149	2.380014685386916	0.5067958561050777	0.26332020549243873	6.160464558851338E-4	2.511603650410491E-8	0.2725073534710295	5.485541402476687E-4	14.415925597742728	-78.11776488687666
241000	-3490.8210063912165	-3430.695836525553	-60.12516986566335	-3430.695836525553	38.38358281628572	195.8975061707076	0.7689615289338164	0.11318945850801149	2.380014685386916	0.5067958561050777	0.11318945850801149	2.380014685386916	0.5067958561050777	0.1381960848717093	5.256486020256713E-4	4.3804318466776585E-9	0.12910745310030902	5.120125864356918E-4	15.37200963396814	-83.28454894252967
242000	-3491.9439967291105	-3431.825631155062	-60.118365574048106	-3431.825631155062	35.4797008839324	165.12260847069692	0.7689615289338164	0.11318945850801149	2.380014685386916	0.5067958561050777	0.11318945850801149	2.380014685386916	0.5067958561050777	0.16497159711212173	6.243375142205612E-4	8.647798879795484E-9	0.1551760419286381	5.87032024794452E-4	17.66433961712137	-75.98360955080837
243000	-3525.0307237077513	-3429.080210287725	-95.95051342002634	-3429.080210287725	59.33263901327111	247.19782108518166	0.7689615289338164	0.11318945850801149	2.380014685386916	0.5067958561050777	0.11318945850801149	2.380014685386916	0.5067958561050777	0.2939185425408209	3.840756865950351E-4	1.5584913974501968E-8	0.33712440574239555	3.544052459691761E-4	18.047254013152557	-84.49039677531775
244000	-3513.587415830953	-3428.211837371319	-85.3755784596343	-3428.211837371319	61.22180178373478	266.80598567150435	0.7689615289338164	0.11318945850801149	2.5112978653838316	0.3755126761081622	0.11318945850801149	2.5112978653838316	0.3755126761081622	0.23683860252069697	3.9593879445733437E-4	8.206994187054112E-9	0.21841892572702354	4.095716374257983E-4	22.450858130095806	-87.33251915994558
245000	-3502.980770030869	-3427.275471613276	-75.70529841759291	-3427.275471613276	62.52982380589452	249.7758899928325	0.7689615289338164	0.11318945850801149	2.3321973513106764	0.5546131901813173	0.11318945850801149	2.3321973513106764	0.5546131901813173	0.19255132067237987	4.2190278093624914E-4	8.691744879621616E-9	0.20603949480180772	4.666883477054164E-4	18.46301371617291	-83.62663442989606
246000	-3517.829712391639	-3441.066701597934	-76.76301079370526	-3441.066701597934	65.6402023050203	240.05426141542978	0.7689615289338164	0.11318945850801149	2.3321973513106764	0.5546131901813173	0.11318945850801149	2.3321973513106764	0.5546131901813173	0.2368124484000316	4.729501028287325E-4	1.32830827274257E-8	0.2220431358661204	5.180633615518398E-4	16.27115113376518	-79.77434953839085
247000	-3526.1881156722857	-3434.5998246049166	-91.58829106736884	-3434.5998246049166	64.92317660505645	238.1006014703503	0.7689615289338164	0.11318945850801149	2.3321973513106764	0.5546131901813173	0.11318945850801149	2.3321973513106764	0.5546131901813173	0.3711395953679703	3.824456846826417E-4	1.916830743358765E-8	0.3539764409917922	3.7862159268129504E-4	16.466798033432706	-80.82404580257919
248000	-3514.137859604494	-3427.3729351568327	-86.76492444766163	-3427.3729351568327	61.02478506883099	280.0415401475804	0.7689615289338164	0.11318945850801149	2.3321973513106764	0.5546131901813173	0.11318945850801149	2.3321973513106764	0.5546131901813173	0.24773547351118533	3.523543819892574E-4	5.6779236842477425E-9	0.21727122038685037	3.4643425571593693E-4	20.141137045748103	-90.92119875054253
249000	-3521.2063008456207	-3427.304303030172	-93.9019978154489	-3427.304303030172	58.35932355849484	244.15679455971	0.7689615289338164	0.11318945850801149	2.3321973513106764	0.5546131901813173	0.11318945850801149	2.3321973513106764	0.5546131901813173	0.27217069835046337	4.710037009661603E-4	2.1736576675901407E-8	0.32130081592178056	4.5132953241813046E-4	18.104997177938376	-85.74376160590325
250000	-3500.6745575663062	-3436.4355412705627	-64.23901629574365	-3436.4355412705627	58.713414811288615	240.4857161405352	0.7689615289338164	0.11318945850801149	2.3321973513106764	0.5546131901813173	0.11318945850801149	2.3321973513106764	0.5546131901813173	0.14183039566725433	3.0986408388994385E-4	2.136427870477471E-9	0.1486011555830449	3.080341421297665E-4	15.744839343942653	-83.9683914668372
251000	-3503.457957000528	-3430.2547002993642	-73.20325670116358	-3430.2547002993642	50.30457298389301	241.814945655999	0.7689615289338164	0.11318945850801149	2.3321973513106764	0.5546131901813173	0.11318945850801149	2.3321973513106764	0.5546131901813173	0.17564427761445608	5.142029591686401E-4	8.791507104018516E-9	0.17260517407274828	5.609308365713948E-4	19.645913962863464	-85.82742033549307
252000	-3534.71670896201	-3428.20774282145	-106.50896614055998	-3428.20774282145	38.679847113892706	199.4236746601772	0.7689615289338164	0.11318945850801149	2.3321973513106764	0.5546131901813173	0.11318945850801149	2.3321973513106764	0.5546131901813173	0.3655504081087594	5.224284834748353E-4	5.34485256054117E-8	0.4305860333396536	5.196116907896884E-4	21.79434010455953	-81.49643371942393
253000	-3525.282295249555	-3425.065594149851	-100.21670109970371	-3425.065594149851	60.236504071834304	217.074375123751	0.7689615289338164	0.11318945850801149	2.3321973513106764	0.5546131901813173	0.11318945850801149	2.3321973513106764	0.5546131901813173	0.3572895743449843	5.342230051102587E-4	7.24154804552965E-8	0.42378507269327736	5.851641715978198E-4	16.73185334580081	-77.82357135922958
254000	-3532.707257434094	-3433.9850288205184	-98.7222286135756	-3433.9850288205184	49.090349005959666	177.98077586471	0.7689615289338164	0.11318945850801149	2.3321973513106764	0.5546131901813173	0.11318945850801149	2.3321973513106764	0.5546131901813173	0.46077932102786257	5.600764549923642E-4	1.1383670486420347E-7	0.5389999693573696	6.079496575153859E-4	15.774104403903427	-72.52554896272028
255000	-3527.629791550155	-3429.161148654081	-98.4686428960739	-3429.161148654081	27.444037758484612	143.7622401886839	0.7689615289338164	0.11318945850801149	2.3321973513106764	0.5546131901813173	0.11318945850801149	2.3321973513106764	0.5546131901813173	0.4419034607134499	6.217662007954897E-4	1.4495651063039304E-7	0.5549808731333539	7.389897156484742E-4	15.00345812639984	-74.52470710023745
256000	-3530.932447795883	-3423.6280631968234	-107.30438459905956	-3423.6280631968234	24.039123075800358	111.13690742942266	0.7689615289338164	0.11318945850801149	2.2431169572782625	0.6436935842137312	0.11318945850801149	2.2431169572782625	0.6436935842137312	0.7429207847044528	8.670620930192078E-4	7.879562428342492E-7	0.8063916684993977	0.0010103385886144586	10.289558867698098	-68.44880597549708
257000	-3538.5133567600433	-3431.5833449772667	-106.93001178277677	-3431.5833449772667	29.347506856176683	118.15362330697934	0.7689615289338164	0.11318945850801149	2.4016301931361816	0.48518034835581214	0.11318945850801149	2.4016301931361816	0.48518034835581214	0.6899682843464364	0.0010722822356522262	1.1177515641299539E-6	0.7075075833786229	0.0014695012045876476	7.144006969539726	-70.46346337975658
258000	-3513.477775319734	-3425.5372267145995	-87.94054860513447	-3425.5372267145995	26.48403345147328	122.28728369938716	0.7689615289338164	0.11318945850801149	2.4016301931361816	0.48518034835581214	0.11318945850801149	2.4016301931361816	0.48518034835581214	0.47504634254863176	0.0010082739165155736	2.6600383377748837E-7	0.43486964539358886	0.0013252383925969964	14.509557814220011	-69.17904782262971
259000	-3529.310118899733	-3428.511970673821	-100.79814822591216	-3428.511970673821	26.5488102399461	132.23414936157175	0.7689615289338164	0.11318945850801149	2.4016301931361816	0.48518034835581214	0.11318945850801149	2.4016301931361816	0.48518034835581214	0.5163166294940698	9.335218881533201E-4	3.5250346612665153E-7	0.5932698741958041	9.547990030803713E-4	13.551071538631014	-71.87865174850737
260000	-3530.272031471016	-3437.703242870047	-92.56878860096936	-3437.703242870047	23.40075548823819	119.0199128307679	0.7689615289338164	0.11318945850801149	2.4016301931361816	0.48518034835581214	0.11318945850801149	2.4016301931361816	0.48518034835581214	0.3837780455892051	8.363414266591368E-4	9.829647073401007E-8	0.4039865616225879	7.057526831032287E-4	13.119647219134915	-70.26905895013077
261000	-3517.420155490738	-3427.6686509419874	-89.75150454875069	-3427.6686509419874	31.322852019010817	153.25268224540866	0.7689615289338164	0.11318945850801149	2.4016301931361816	0.48518034835581214	0.11318945850801149	2.4016301931361816	0.48518034835581214	0.42540571371574887	5.798169076381139E-4	4.29283419748336E-8	0.4034675067307473	5.045339806237679E-4	13.77863533787143	-74.08452309006064
262000	-3506.481793386737	-3432.529639877762	-73.9521535089754	-3432.529639877762	35.46962330085502	163.60328644983701	0.7689615289338164	0.11318945850801149	2.4016301931361816	0.48518034835581214	0.11318945850801149	2.4016301931361816	0.48518034835581214	0.2321165805647981	6.385871566240442E-4	1.730433743920043E-8	0.22235191129241316	5.883802264599563E-4	18.209146400606137	-75.7840440381219
263000	-3535.003107806984	-3421.4404482606474	-113.56265954633695	-3421.4404482606474	40.33249276699726	182.77311565716158	0.7689615289338164	0.11318945850801149	2.4016301931361816	0.48518034835581214	0.11318945850801149	2.4016301931361816	0.48518034835581214	0.5132148916701598	5.819911191737084E-4	9.754436822438551E-8	0.5565418049464134	4.860920112954132E-4	16.537540169504766	-78.76458538846319
264000	-3526.808520525681	-3445.311121211861	-81.49739931382003	-3445.311121211861	27.348425413923252	140.4547184674277	0.7689615289338164	0.11318945850801149	2.278232689061493	0.6085778524305008	0.11318945850801149	2.278232689061493	0.6085778524305008	0.3940562527662007	7.681828460420851E-4	4.644178593113786E-8	0.2803036972033417	7.723888003768612E-4	14.422997795363738	-72.90816881411742
265000	-3531.4053586437135	-3425.542384172571	-105.8629744711424	-3425.542384172571	38.10302389748222	195.84611033918938	0.7689615289338164	0.11318945850801149	2.278232689061493	0.6085778524305008	0.11318945850801149	2.278232689061493	0.6085778524305008	0.4872295381218081	5.021578350435784E-4	8.824473193620145E-8	0.5799310172841387	5.392326461759874E-4	18.58187762388636	-80.7752159892403
266000	-3500.663087148215	-3427.910620764473	-72.75246638374185	-3427.910620764473	42.39070392808368	202.01172859419106	0.7689615289338164	0.11318945850801149	2.278232689061493	0.6085778524305008	0.11318945850801149	2.278232689061493	0.6085778524305008	0.22055704268191786	5.134851089992627E-4	9.525161590056379E-9	0.19898614210247476	4.882619687503639E-4	18.689287341277236	-80.17919448966238
267000	-3509.6315767416177	-3435.881213825859	-73.75036291575867	-3435.881213825859	50.023269281413285	213.71691510083042	0.7689615289338164	0.024816083599568384	2.278232689061493	0.6969512273389439	0.024816083599568384	2.278232689061493	0.6969512273389439	0.1687858113902231	5.485613856443189E-4	1.1634502254316687E-8	0.1966336943519952	5.506751820292153E-4	18.443505665691443	-80.86595782409007
268000	-3519.9679228237405	-3424.60654636816	-95.3613764555806	-3424.60654636816	43.02961653845389	190.33914585276037	0.7689615289338164	0.024816083599568384	2.278232689061493	0.6969512273389439	0.024816083599568384	2.278232689061493	0.6969512273389439	0.4915475457833909	4.627055861355113E-4	4.3659234620874E-8	0.40995327786041225	6.149006462713633E-4	16.810023733569757	-78.54368849848238
269000	-3521.796923080569	-3428.166573544998	-93.630349535571	-3428.166573544998	41.76251568410394	177.18933946005325	0.7689615289338164	0.1693718635407642	2.2166342178568526	0.6139939186023886	0.1693718635407642	2.2166342178568526	0.6139939186023886	0.405859605557828	5.574572450147053E-4	9.539794643367503E-8	0.4855219088058187	6.659451914653624E-4	11.768708346908594	-77.5744727441641
270000	-3501.773340387874	-3424.024606208945	-77.74873417892915	-3424.024606208945	40.84664266026168	198.3602456502914	0.7689615289338164	0.1693718635407642	2.366196585859411	0.4644315505998299	0.1693718635407642	2.366196585859411	0.4644315505998299	0.26572579252378387	5.164060371053618E-4	1.2044891083834383E-8	0.22405782422833365	4.936184290801617E-4	17.60076066056559	-81.07063404548836
271000	-3517.534821527578	-3424.008401363577	-93.52642016400134	-3424.008401363577	57.1182698024432	256.1542596129794	0.7689615289338164	0.1693718635407642	2.366196585859411	0.4644315505998299	0.1693718635407642	2.366196585859411	0.4644315505998299	0.23750111524616468	3.6785794214266334E-4	7.488649270228335E-9	0.27772430665602515	3.022463185795283E-4	21.468210090564487	-84.46150862187643
272000	-3521.1146317947396	-3434.4445291013385	-86.6701026934013	-3434.4445291013385	36.190047480104596	178.26389019562416	0.7689615289338164	0.1693718635407642	2.366196585859411	0.4644315505998299	0.1693718635407642	2.366196585859411	0.4644315505998299	0.3269558380086623	4.6984077296992696E-4	1.508695871585453E-8	0.312664278078204	3.7827135456451816E-4	17.710616553264664	-77.34186729184319
273000	-3528.1842982032326	-3426.0610054283397	-102.12329277489268	-3426.0610054283397	52.66384782394048	248.7341634719851	0.7689615289338164	0.1693718635407642	2.5041495570542747	0.3264785794049666	0.1693718635407642	2.5041495570542747	0.3264785794049666	0.3326165540208525	3.750875769876342E-4	1.9247262799955744E-8	0.3766766062166797	3.563065888909314E-4	18.99602371970474	-86.01618300584055
274000	-3515.723087864396	-3421.078874097019	-94.64421376737701	-3421.078874097019	64.20827828296106	245.63338430212994	0.7689615289338164	0.06507536408811859	2.5041495570542747	0.43077507885761224	0.06507536408811859	2.5041495570542747	0.43077507885761224	0.3149061605944594	3.724487534634211E-4	1.4121127784295798E-8	0.3362974612326875	3.4466299054040054E-4	16.522502269430483	-82.93209836372955
275000	-3515.8914560122025	-3431.307914835764	-84.58354117643829	-3431.307914835764	50.338421607404115	205.53783361200996	0.7689615289338164	0.22404874062006486	2.3451761805223286	0.43077507885761224	0.22404874062006486	2.3451761805223286	0.43077507885761224	0.2714380254853451	4.799126577003452E-4	1.56248563171621E-8	0.2622060893434904	4.486020480834217E-4	20.116498432914387	-78.88404101325754
276000	-3503.277137826286	-3430.5374259975647	-72.73971182872135	-3430.5374259975647	49.796359919368925	238.53677995639637	0.7689615289338164	0.22404874062006486	2.3214353403291494	0.45451591905079153	0.22404874062006486	2.3214353403291494	0.45451591905079153	0.14224034049101103	4.172554215818232E-4	4.744094459962331E-9	0.16833533106078924	4.1819696355676613E-4	20.960503614556153	-85.76315110292833
277000	-3497.7093807458277	-3426.269475685358	-71.43990506046958	-3426.269475685358	35.762631009819735	159.7320271588939	0.7689615289338164	0.22404874062006486	2.3214353403291494	0.45451591905079153	0.22404874062006486	2.3214353403291494	0.45451591905079153	0.23860590273497945	5.606004411858572E-4	1.3814468911087887E-8	0.21895412170626954	5.421952571947596E-4	11.754637871720677	-76.66896321613459
278000	-3514.1883920107257	-3431.646671934081	-82.54172007664461	-3431.646671934081	36.86340807613499	177.70405038986695	0.7689615289338164	0.22404874062006486	2.3214353403291494	0.45451591905079153	0.22404874062006486	2.3214353403291494	0.45451591905079153	0.33683837587881926	4.8737069711994363E-4	1.8430685065238895E-8	0.2785772336708095	5.057812751948387E-4	13.36220299615793	-81.12221023904169
279000	-3512.228014287998	-3436.116948832769	-76.1110654552289	-3436.116948832769	39.014081272264406	181.987074247121	0.7689615289338164	0.22404874062006486	2.4769209472929195	0.2990303120870217	0.22404874062006486	2.4769209472929195	0.2990303120870217	0.24958588944045318	4.803522640414062E-4	1.4027392634494745E-8	0.24039751200925105	5.073413810539773E-4	12.963989060859808	-79.29994841169379
280000	-3509.5048488381876	-3430.3052402876824	-79.1996085505052	-3430.3052402876824	60.37594236050505	247.776073058701	0.7689615289338164	0.22404874062006486	2.4769209472929195	0.2990303120870217	0.22404874062006486	2.4769209472929195	0.2990303120870217	0.21601593339855124	4.4798769263388076E-4	8.58255102063118E-9	0.2106133829221262	4.415156444411527E-4	12.518694672648726	-88.36673687368472
281000	-3507.2429792433445	-3429.276729570251	-77.96624967309357	-3429.276729570251	40.18839901196058	190.41292335733038	0.7689615289338164	0.22404874062006486	2.4769209472929195	0.2990303120870217	0.22404874062006486	2.4769209472929195	0.2990303120870217	0.2622896518882172	4.582169136458274E-4	1.8666374516523183E-8	0.29296256642660584	4.8595452158393834E-4	17.33208349418969	-79.19412541792684
282000	-3527.266362316453	-3425.1969233690647	-102.06943894738845	-3425.1969233690647	46.1324959374154	202.39331992153956	0.7689615289338164	0.22404874062006486	2.4769209472929195	0.2990303120870217	0.22404874062006486	2.4769209472929195	0.2990303120870217	0.3817904094716516	5.243680823497582E-4	6.223128755812759E-8	0.4722287103682659	5.311554054931824E-4	18.70215955568563	-78.62607748916288
283000	-3536.2580622774026	-3437.33884868705	-98.91921359035261	-3437.33884868705	37.53866889128239	193.37352181283885	0.7689615289338164	0.22404874062006486	2.4769209472929195	0.2990303120870217	0.22404874062006486	2.4769209472929195	0.2990303120870217	0.45990703544421385	4.978867990406919E-4	5.939257257081396E-8	0.4352285969902416	6.04791566192157E-4	18.872642728240795	-80.93355145160245
284000	-3521.0527021373196	-3443.175420170955	-77.8772819663644	-3443.175420170955	22.438100127609417	111.61861758313762	0.7689615289338164	0.22404874062006486	2.4769209472929195	0.2990303120870217	0.22404874062006486	2.4769209472929195	0.2990303120870217	0.3957230707972605	8.253374165041265E-4	6.501155621547316E-8	0.32540533641400504	8.010739097382743E-4	13.31470892543947	-67.69436469729995
285000	-3520.5803980584583	-3423.5066936909425	-97.07370436751576	-3423.5066936909425	29.072836409853313	150.0851401039099	0.7689615289338164	0.22404874062006486	2.4769209472929195	0.2990303120870217	0.22404874062006486	2.4769209472929195	0.2990303120870217	0.374294270940245	5.739202776599213E-4	8.247611836039139E-8	0.4670983135177367	5.818258928869892E-4	11.11915640621753	-79.46465254437592
286000	-3527.131493354617	-3425.386873164995	-101.74462018962184	-3425.386873164995	26.41758901730717	127.16619688125135	0.7689615289338164	0.22404874062006486	2.4769209472929195	0.2990303120870217	0.22404874062006486	2.4769209472929195	0.2990303120870217	0.4831736022401202	8.704902037517013E-4	2.5251218619524566E-7	0.5575219772858051	8.119907810549859E-4	13.702983451650034	-70.75790395892875
287000	-3531.099875079681	-3426.879183173489	-104.22069190619244	-3426.879183173489	43.5982649431181	207.0307211278217	0.7689615289338164	0.22404874062006486	2.4769209472929195	0.2990303120870217	0.22404874062006486	2.4769209472929195	0.2990303120870217	0.3622825519908429	4.5623219385817083E-4	3.6931322025462384E-8	0.4214770953536849	3.9954889274760886E-4	17.02498790965095	-82.24372746648199
288000	-3522.689775172793	-3422.327223652092	-100.36255152070089	-3422.327223652092	33.17261715702965	153.2032072216106	0.7689615289338164	0.22404874062006486	2.4769209472929195	0.2990303120870217	0.22404874062006486	2.4769209472929195	0.2990303120870217	0.44694662294090276	6.360298001471486E-4	1.0127451561012241E-7	0.49597601540539316	6.44653430276682E-4	14.628329453355592	-75.63869749440622
289000	-3530.402367168326	-3423.93711012368	-106.46525704464544	-3423.93711012368	33.346792295501245	157.9504548768117	0.7689615289338164	0.22404874062006486	2.4769209472929195	0.2990303120870217	0.22404874062006486	2.4769209472929195	0.2990303120870217	0.40233009738198877	6.326349843545797E-4	1.436308766842806E-7	0.5879819068227352	5.867385229275968E-4	13.008653312937538	-74.92336294395405
290000	-3528.232956751639	-3433.168712355145	-95.06424439649396	-3433.168712355145	30.145023997282713	147.02487876520703	0.7689615289338164	0.22404874062006486	2.5952970808221454	0.18065417855779572	0.22404874062006486	2.5952970808221454	0.18065417855779572	0.4631386855735618	7.059447980175545E-4	1.0577865220370935E-7	0.43623872956151855	7.116955709752335E-4	12.969347623739562	-73.81159143683466
291000	-3523.905691585333	-3434.871578714174	-89.03411287115901	-3434.871578714174	28.125307198534195	140.4766280741108	0.7689615289338164	0.22404874062006486	2.5952970808221454	0.18065417855779572	0.22404874062006486	2.5952970808221454	0.18065417855779572	0.43273880886180077	8.690193396482948E-4	1.6418422392463712E-7	0.4465916815802315	0.0010212377290653141	17.179027429678136	-72.36326010600489
292000	-3480.8467894174432	-3427.7623016163643	-53.084487801078865	-3427.7623016163643	36.824924336771716	162.28408636738038	0.7689615289338164	0.22404874062006486	2.429622972795036	0.34632828658490533	0.22404874062006486	2.429622972795036	0.34632828658490533	0.14408801608008817	7.455905722719437E-4	8.475170960540263E-9	0.12299974917640052	7.23718774226208E-4	14.146769338274195	-75.88060559055639
293000	-3514.8976761430336	-3434.047560388229	-80.85011575480446	-3434.047560388229	31.977532702778937	151.86438982144335	0.7689615289338164	0.22404874062006486	2.429622972795036	0.34632828658490533	0.22404874062006486	2.429622972795036	0.34632828658490533	0.2814143726409969	6.337648686795647E-4	3.545274649938399E-8	0.2912955115327474	6.29553483428674E-4	14.513182363530493	-74.59390708608865
294000	-3538.1463041346487	-3440.694804407972	-97.45149972667699	-3440.694804407972	33.647037830600034	151.9300466918856	0.7689615289338164	0.22404874062006486	2.429622972795036	0.34632828658490533	0.22404874062006486	2.429622972795036	0.34632828658490533	0.4700072740976838	6.111280330740672E-4	1.6496560915897832E-7	0.5091213484377576	7.878388803145257E-4	12.23944511656041	-73.26947416829275
295000	-3504.8105476332944	-3422.1962068431094	-82.61434079018478	-3422.1962068431094	49.66908024142497	202.2364036068465	0.7689615289338164	0.22404874062006486	2.429622972795036	0.34632828658490533	0.22404874062006486	2.429622972795036	0.34632828658490533	0.2561836578504906	4.886441653995682E-4	2.5505307177935812E-8	0.3109596764153918	5.081418770581014E-4	18.94793951737452	-77.76465268418298
296000	-3518.519561073511	-3417.178363413593	-101.34119765991778	-3417.178363413593	39.77919238572561	181.01248997291106	0.7689615289338164	0.22404874062006486	2.429622972795036	0.34632828658490533	0.22404874062006486	2.429622972795036	0.34632828658490533	0.42693242572459605	5.365235903026591E-4	6.502777515252352E-8	0.5025551563745159	5.291684906120154E-4	14.304953406799166	-78.81733733043528
297000	-3522.554603355498	-3423.085416680902	-99.4691866745958	-3423.085416680902	56.228977667347905	233.1801850426478	0.7689615289338164	0.22404874062006486	2.429622972795036	0.34632828658490533	0.22404874062006486	2.429622972795036	0.34632828658490533	0.36838978970812297	4.887811131081173E-4	3.5467077318007175E-8	0.38576000071736216	5.253317794379329E-4	14.066972965713232	-85.7199584389892
298000	-3504.705797527522	-3425.7370237280225	-78.96877379949944	-3425.7370237280225	43.98603774283324	194.41173308481697	0.7689615289338164	0.22404874062006486	2.429622972795036	0.34632828658490533	0.22404874062006486	2.429622972795036	0.34632828658490533	0.20773397172834127	5.255688005337041E-4	2.3743000022760642E-8	0.2763720951799698	5.73877885272004E-4	13.395461937582342	-81.88942953560378
299000	-3502.836249491605	-3424.764753070742	-78.07149642086313	-3424.764753070742	39.074135293495246	164.37345950482498	0.7689615289338164	0.0840951099793684	2.569576603435732	0.34632828658490533	0.0840951099793684	2.569576603435732	0.34632828658490533	0.2675057739909948	5.626366946460159E-4	2.413898693190563E-8	0.28097212530429744	5.16051421470378E-4	12.884408487101782	-75.926940000891
300000	-3530.727637722527	-3431.1856610039013	-99.54197671862585	-3431.1856610039013	29.122758971044064	161.59346116462996	0.7689615289338164	0.0840951099793684	2.569576603435732	0.34632828658490533	0.0840951099793684	2.569576603435732	0.34632828658490533	0.39511996862561494	6.067036622629363E-4	7.75988619105202E-8	0.45155746794290835	5.805475965729769E-4	20.690124953590423	-77.8185525607712
301000	-3499.94140501891	-3420.8779888509994	-79.06341616791035	-3420.8779888509994	48.54632508511142	212.7276786466578	0.7689615289338164	0.0840951099793684	2.569576603435732	0.34632828658490533	0.0840951099793684	2.569576603435732	0.34632828658490533	0.20520897269205443	5.301393013241195E-4	1.3049857253400478E-8	0.21767088716954444	5.015998753268099E-4	16.320962062137582	-82.10318430863525
302000	-3498.091367743349	-3428.9702138545836	-69.12115388876539	-3428.9702138545836	36.78728467857091	168.3444517584747	0.7689615289338164	0.0840951099793684	2.569576603435732	0.34632828658490533	0.0840951099793684	2.569576603435732	0.34632828658490533	0.19981133191316552	6.489646406410625E-4	2.2981410858081348E-8	0.2131893165659093	7.231997743470278E-4	16.19641819426409	-76.28274714039517
303000	-3465.331551741353	-3432.0965589295765	-33.234992811776316	-3432.0965589295765	34.335681265293644	145.26278673501176	0.7689615289338164	0.0840951099793684	2.569576603435732	0.34632828658490533	0.0840951099793684	2.569576603435732	0.34632828658490533	0.0888503322131173	6.795400563072149E-4	3.2902355293000784E-9	0.08506770051726222	6.89681152228269E-4	11.287912761444405	-73.14308752539668
304000	-3518.219606518287	-3423.9940898367827	-94.22551668150435	-3423.9940898367827	37.76142696211853	159.55561209400997	0.7689615289338164	0.0840951099793684	2.569576603435732	0.34632828658490533	0.0840951099793684	2.569576603435732	0.34632828658490533	0.3712683508125865	7.484031353906304E-4	1.3485992937761773E-7	0.5106602353972418	7.408794829723869E-4	12.137131758553407	-76.4403873038332
305000	-3481.64680976066	-3428.3864196977074	-53.260390062952425	-3428.3864196977074	42.29665625202543	182.5702109023497	0.7689615289338164	0.0840951099793684	2.569576603435732	0.34632828658490533	0.0840951099793684	2.569576603435732	0.34632828658490533	0.15482818387963967	5.267481364913529E-4	4.413571856123846E-9	0.12420710680106883	5.445052487541848E-4	15.067445373057888	-77.82293827549842
306000	-3467.891323144323	-3423.3743081906996	-44.51701495362333	-3423.3743081906996	44.13606505590316	204.04404044789874	0.7689615289338164	0.0840951099793684	2.569576603435732	0.34632828658490533	0.0840951099793684	2.569576603435732	0.34632828658490533	0.09134284868204277	4.487859127905717E-4	1.3709442884007657E-9	0.08612357852876569	4.3081447083162994E-4	14.4544295958547	-83.00657863598458
307000	-3472.6419787692957	-3429.1042655202746	-43.53771324902125	-3429.1042655202746	62.03331936965969	267.392396424101	0.7689615289338164	0.0840951099793684	2.569576603435732	0.34632828658490533	0.0840951099793684	2.569576603435732	0.34632828658490533	0.08121189881631748	3.281844443800566E-4	6.058724663161873E-10	0.07356081529267333	3.422528079953437E-4	19.947338150434057	-86.01763288213868
308000	-3472.3118825304555	-3423.9570096590573	-48.354872871397966	-3423.9570096590573	53.790090934670076	233.23934590888095	0.7689615289338164	0.15718488443104767	2.496486828984053	0.34632828658490533	0.15718488443104767	2.496486828984053	0.34632828658490533	0.09522452447470214	3.887611717601516E-4	1.2941538283990482E-9	0.09151241783085379	3.924557014074871E-4	24.068178932726987	-81.5065183814376
309000	-3482.174428713333	-3431.5403095465654	-50.63411916676761	-3431.5403095465654	46.47582916634757	241.49394339373384	0.7689615289338164	0.15718488443104767	2.496486828984053	0.34632828658490533	0.15718488443104767	2.496486828984053	0.34632828658490533	0.08013308879073291	3.9780412743448227E-4	1.1705806756846588E-9	0.08379040501240487	4.0503359943146655E-4	20.83732854651661	-87.62956855701955
310000	-3485.8260228668023	-3427.595574830182	-58.23044803662022	-3427.595574830182	56.116585227736365	226.60092776685462	0.7689615289338164	0.15718488443104767	2.496486828984053	0.34632828658490533	0.15718488443104767	2.496486828984053	0.34632828658490533	0.12970392675613582	4.310017629700653E-4	2.6926520004814568E-9	0.11944621398977681	4.4699891225441946E-4	24.578845383791947	-80.73642828823463
311000	-3510.7587066762894	-3437.1579688282386	-73.60073784805078	-3437.1579688282386	32.985384507785426	154.9617381893075	0.7689615289338164	0.15718488443104767	2.496486828984053	0.34632828658490533	0.15718488443104767	2.496486828984053	0.34632828658490533	0.2522055797406131	5.297501458967875E-4	1.575030076985498E-8	0.2418708026759504	5.28414731679993E-4	22.67782717647335	-74.98632743722588
312000	-3511.06773514605	-3427.9120649808337	-83.15567016521639	-3427.9120649808337	30.67848114051523	165.3523697409338	0.7689615289338164	0.15718488443104767	2.496486828984053	0.34632828658490533	0.15718488443104767	2.496486828984053	0.34632828658490533	0.2598952470175384	6.225100542860063E-4	4.15939023460819E-8	0.31135015479747213	6.440049767961238E-4	20.80434049685273	-77.45446031348344
313000	-3510.5606698748365	-3421.0930056449997	-89.46766422983691	-3421.0930056449997	47.07708438592086	195.4586563592898	0.7689615289338164	0.15718488443104767	2.496486828984053	0.34632828658490533	0.15718488443104767	2.496486828984053	0.34632828658490533	0.33694205463328974	5.580855242325355E-4	5.6304975314256366E-8	0.4109245961724442	5.934471428361704E-4	15.140486685502509	-79.99448638598612
314000	-3508.641285349594	-3417.831725742175	-90.80955960741919	-3417.831725742175	33.95908601869303	169.92812010596032	0.7689615289338164	0.10712385675484064	2.54654785666026	0.34632828658490533	0.10712385675484064	2.54654785666026	0.34632828658490533	0.3645660247616357	5.518320953537328E-4	4.047601286011543E-8	0.40302776995839396	5.189790145317295E-4	17.227815378276098	-77.35007087371291
315000	-3501.9575834254947	-3428.5395648806907	-73.41801854480393	-3428.5395648806907	44.469357300834716	184.5646004737305	0.7689615289338164	0.10712385675484064	2.54654785666026	0.34632828658490533	0.10712385675484064	2.54654785666026	0.34632828658490533	0.23990649706424258	4.969255501409995E-4	1.5078735520101166E-8	0.23801583302096502	5.181739225964357E-4	15.899841169615119	-75.96634921101848
316000	-3520.3926731168635	-3435.283955141634	-85.10871797522937	-3435.283955141634	47.82830057442914	188.29951448449145	0.7689615289338164	0.10712385675484064	2.54654785666026	0.34632828658490533	0.10712385675484064	2.54654785666026	0.34632828658490533	0.3291713493892769	5.510676142248927E-4	3.360010837980599E-8	0.3173730336539817	5.719984029716827E-4	15.265919354279541	-75.55635758550673
317000	-3530.582173437351	-3429.274705253966	-101.30746818338454	-3429.274705253966	45.18721773256075	209.13080962458474	0.7689615289338164	0.10712385675484064	2.54654785666026	0.34632828658490533	0.10712385675484064	2.54654785666026	0.34632828658490533	0.345003965652487	4.949639097222773E-4	3.124415545370005E-8	0.3483868401090536	4.5589914061291634E-4	16.66606551643675	-83.35746653623552
318000	-3509.5058225306743	-3444.4746120424375	-65.03121048823681	-3444.4746120424375	51.07177238256206	200.8955522265465	0.7689615289338164	0.10712385675484064	2.54654785666026	0.34632828658490533	0.10712385675484064	2.54654785666026	0.34632828658490533	0.1546543557656441	4.7906626720135663E-4	8.65415751228759E-9	0.1766983520979821	5.299769891660702E-4	15.660785974866318	-77.78189364366682
319000	-3504.9810852059954	-3429.602445527057	-75.37863967893841	-3429.602445527057	63.85379123753435	238.27468713412242	0.7689615289338164	0.10712385675484064	2.54654785666026	0.34632828658490533	0.10712385675484064	2.54654785666026	0.34632828658490533	0.22371300512017642	4.589146574930075E-4	1.0651770515946689E-8	0.2021341881162183	5.153731128891037E-4	15.624126937308596	-82.22891873697085
320000	-3528.9677143538293	-3428.5660874481537	-100.40162690567566	-3428.5660874481537	56.82101219074897	241.67880478723134	0.7689615289338164	0.10712385675484064	2.54654785666026	0.34632828658490533	0.10712385675484064	2.54654785666026	0.34632828658490533	0.3680940425576319	4.8812070700001803E-4	2.5698059876726566E-8	0.2948484608658836	4.765645272847167E-4	15.66379031667372	-83.33678528656988
321000	-3516.144443199135	-3428.3780991002563	-87.76634409887848	-3428.3780991002563	51.704773325161426	234.6389759010275	0.7689615289338164	0.10712385675484064	2.54654785666026	0.34632828658490533	0.10712385675484064	2.54654785666026	0.34632828658490533	0.21653021150197588	4.1078074451701566E-4	9.722175592051917E-9	0.23137406795261517	3.961823717070355E-4	24.720868308139337	-82.01881972450659
322000	-3501.1106670834497	-3425.337281506078	-75.77338557737174	-3425.337281506078	40.18290280248382	216.69499492367743	0.7689615289338164	0.10712385675484064	2.54654785666026	0.34632828658490533	0.10712385675484064	2.54654785666026	0.34632828658490533	0.17304143842132141	4.829218352628168E-4	6.582405220857766E-9	0.19319866312598677	4.068024998142298E-4	18.173048391080496	-84.94481189536752
323000	-3516.726767564734	-3420.3445096456635	-96.38225791907043	-3420.3445096456635	54.91407497697428	260.77927607253486	0.7689615289338164	0.10712385675484064	2.54654785666026	0.34632828658490533	0.10712385675484064	2.54654785666026	0.34632828658490533	0.29643211996783514	3.617142774098624E-4	1.651207416259834E-8	0.3359171874035984	3.814833845050462E-4	26.82887310047565	-85.74484947678474
324000	-3503.587140303463	-3423.348923320978	-80.23821698248494	-3423.348923320978	57.148401067569566	254.97635417738388	0.7689615289338164	0.10712385675484064	2.54654785666026	0.34632828658490533	0.10712385675484064	2.54654785666026	0.34632828658490533	0.2517727551609915	4.523783184571755E-4	8.907382172828292E-9	0.1969784271406628	5.05689920649664E-4	15.596448730008381	-88.6735094223995
325000	-3519.3129722034723	-3428.0719857141366	-91.24098648933582	-3428.0719857141366	44.228104110642306	217.75282550425948	0.7689615289338164	0.10712385675484064	2.54654785666026	0.34632828658490533	0.10712385675484064	2.54654785666026	0.34632828658490533	0.2544188403270893	4.989694568667794E-4	1.848019363513806E-8	0.2993194282434527	4.426353621296509E-4	18.272257355010417	-85.22340429272307
326000	-3507.2474946535995	-3433.2180618533557	-74.02943280024354	-3433.2180618533557	41.188169059201854	186.56019210529922	0.7689615289338164	0.10712385675484064	2.54654785666026	0.34632828658490533	0.10712385675484064	2.54654785666026	0.34632828658490533	0.21611546741995744	5.044872913901705E-4	1.4224252856829229E-8	0.22746333532205698	5.683060773875584E-4	15.508791170389044	-78.50826394254058
327000	-3475.927304383208	-3431.7903686233676	-44.13693575984052	-3431.7903686233676	35.74868089870089	170.1684999423683	0.7689615289338164	0.10712385675484064	2.54654785666026	0.34632828658490533	0.10712385675484064	2.54654785666026	0.34632828658490533	0.10396608597163533	5.73948543002305E-4	3.1314112842697073E-9	0.09825776439727116	5.693660406280614E-4	15.472565137143631	-78.17460353367287
328000	-3491.306672645908	-3432.6120929129656	-58.69457973294228	-3432.6120929129656	39.51993669530597	186.23822770882978	0.7689615289338164	0.10712385675484064	2.54654785666026	0.34632828658490533	0.10712385675484064	2.54654785666026	0.34632828658490533	0.11973821643404084	6.31870730257392E-4	7.367809821801145E-9	0.140987266073104	6.209928055802242E-4	17.12619207176266	-78.60297236581995
329000	-3486.714029074405	-3433.1881264017443	-53.525902672660685	-3433.1881264017443	37.0035046394103	211.95157626824	0.7689615289338164	0.10712385675484064	2.54654785666026	0.34632828658490533	0.10712385675484064	2.54654785666026	0.34632828658490533	0.0771379441049943	4.875389578215287E-4	1.9674859160714684E-9	0.09136351585417912	4.794708524929597E-4	21.09730514038565	-83.98690870253932
330000	-3492.2314172591127	-3427.863059527039	-64.36835773207379	-3427.863059527039	39.74461675487433	184.1277686329352	0.7689615289338164	0.10712385675484064	2.54654785666026	0.34632828658490533	0.10712385675484064	2.54654785666026	0.34632828658490533	0.1690676862116112	5.244598596556199E-4	9.230451988168388E-9	0.1777403246742128	5.497307671041341E-4	15.049655985421007	-79.36987945036564
331000	-3512.1431677128194	-3422.2272966429205	-89.9158710698989	-3422.2272966429205	37.34243410400444	179.12377397768626	0.7689615289338164	0.10712385675484064	2.54654785666026	0.34632828658490533	0.10712385675484064	2.54654785666026	0.34632828658490533	0.37441264522074924	5.392736947117437E-4	3.413920797707629E-8	0.3622458574607707	5.548268539515234E-4	19.02199727010874	-77.62430698220857
332000	-3528.789263304056	-3423.268074229976	-105.52118907408021	-3423.268074229976	54.87579811425133	248.2208037817512	0.7689615289338164	0.10712385675484064	2.418503177036675	0.47437296620849023	0.10712385675484064	2.418503177036675	0.47437296620849023	0.4282078228864068	4.3045977447857915E-4	2.7521309254929678E-8	0.39175047527648127	4.2793247667194915E-4	15.213214105036283	-88.87164514398219
333000	-3477.767541744045	-3430.2812870442726	-47.48625469977242	-3430.2812870442726	51.10120789973461	212.76316967747022	0.7689615289338164	0.10712385675484064	2.418503177036675	0.47437296620849023	0.10712385675484064	2.418503177036675	0.47437296620849023	0.09197665801446046	5.044718133163265E-4	2.126465846623678E-9	0.09264428216789126	5.110896946906768E-4	23.695813219125366	-79.18701598403023
334000	-3489.8965749826766	-3428.941370859313	-60.955204123363934	-3428.941370859313	39.40332783306172	177.02076223087687	0.7689615289338164	0.22111819588151083	2.3045088379100047	0.47437296620849023	0.22111819588151083	2.3045088379100047	0.47437296620849023	0.16113275027664356	5.079825210628688E-4	6.366980976767123E-9	0.15382844591655637	5.262322551549784E-4	19.193941458042985	-76.35981146887069
335000	-3505.106483608469	-3436.8394193501153	-68.26706425835368	-3436.8394193501153	56.297915833738976	209.0199801766452	0.7689615289338164	0.22111819588151083	2.3045088379100047	0.47437296620849023	0.22111819588151083	2.3045088379100047	0.47437296620849023	0.17186713090315398	4.974714439547433E-4	8.611413134402251E-9	0.18089861096285462	5.037422142039424E-4	17.127620955312583	-78.0460240621534
336000	-3478.6158583325614	-3433.0736274403594	-45.54223089220197	-3433.0736274403594	45.38055280208748	179.60204442149956	0.7689615289338164	0.22111819588151083	2.3045088379100047	0.47437296620849023	0.22111819588151083	2.3045088379100047	0.47437296620849023	0.1171475320207536	5.165943876313529E-4	3.512376768495197E-9	0.11142478446638067	5.290975228737939E-4	16.63917545201142	-74.94541178301452
337000	-3497.1322078092576	-3436.158352566043	-60.97385524321461	-3436.158352566043	33.49768751894356	153.1089387947028	0.7689615289338164	0.22111819588151083	2.3045088379100047	0.47437296620849023	0.22111819588151083	2.3045088379100047	0.47437296620849023	0.16166062582440194	7.238374662779514E-4	1.920657131368902E-8	0.1799804180464114	7.584203236160985E-4	13.449018369874725	-74.56768088249672
338000	-3520.4539764158126	-3434.6985991076012	-85.75537730821154	-3434.6985991076012	40.98230236556044	187.21884404586413	0.7689615289338164	0.22111819588151083	2.3045088379100047	0.47437296620849023	0.22111819588151083	2.3045088379100047	0.47437296620849023	0.29123711825203075	5.746965942275933E-4	3.751019001094783E-8	0.2880507849228423	6.678221148281435E-4	16.634711821726494	-78.29521044303365
339000	-3487.697858044707	-3429.513512776335	-58.184345268371914	-3429.513512776335	33.844808652679205	156.76687002472462	0.7689615289338164	0.22111819588151083	2.3045088379100047	0.47437296620849023	0.22111819588151083	2.3045088379100047	0.47437296620849023	0.17828813104941316	6.92279204753943E-4	1.1831537953200645E-8	0.1544511534853997	7.20145635123929E-4	14.58993074196987	-75.28796739896089
340000	-3509.2198370078813	-3430.88951474952	-78.33032225836133	-3430.88951474952	46.36014326929336	186.7242965414595	0.7689615289338164	0.22111819588151083	2.3045088379100047	0.47437296620849023	0.22111819588151083	2.3045088379100047	0.47437296620849023	0.33147218049178867	5.068955130097579E-4	1.9173791709289465E-8	0.26515577525247597	5.783937756684405E-4	17.116321626073457	-75.90074986207708
341000	-3526.362294304721	-3427.843761710062	-98.51853259465908	-3427.843761710062	47.458296834584615	210.6279412189658	0.7689615289338164	0.14544849214201483	2.3801785416495007	0.47437296620849023	0.14544849214201483	2.3801785416495007	0.47437296620849023	0.3308298309815926	5.403597033556026E-4	3.484775374201987E-8	0.3552472097619903	4.910087490374325E-4	16.08505958651109	-81.84346889692628
342000	-3514.226597065174	-3428.2324220364426	-85.99417502873139	-3428.2324220364426	46.87587867120551	216.4917370993522	0.7689615289338164	0.14544849214201483	2.3801785416495007	0.47437296620849023	0.14544849214201483	2.3801785416495007	0.47437296620849023	0.28531373536221666	5.021588925450906E-4	1.8910889149169213E-8	0.2791465314517477	5.088310670439943E-4	21.616552801926503	-81.18379606512192
343000	-3526.5614565093597	-3428.9939979592264	-97.56745855013315	-3428.9939979592264	61.46556162349923	276.3704679852029	0.5984344045917926	0.14544849214201483	2.3801785416495007	0.47437296620849023	0.14544849214201483	2.3801785416495007	0.47437296620849023	0.31915023435200973	3.1175641428447457E-4	1.2595512266248985E-8	0.35245872243181936	3.474869944755707E-4	23.147263699618307	-87.11306283472479
344000	-3488.304941772801	-3428.9381615994234	-59.3667801733775	-3428.9381615994234	48.89748144697187	220.00182803449525	0.7808901629840285	0.14544849214201483	2.561735529284172	0.2928159785738189	0.14544849214201483	2.561735529284172	0.2928159785738189	0.14184036656321222	3.9629719124346344E-4	2.087239358232288E-9	0.11563694393672139	3.9157759807566435E-4	24.0732733779326	-80.97152089858471
345000	-3505.3134010354465	-3432.822931319515	-72.4904697159312	-3432.822931319515	55.41584909752585	252.91379414203027	0.7808901629840285	0.14544849214201483	2.561735529284172	0.2928159785738189	0.14544849214201483	2.561735529284172	0.2928159785738189	0.16830495176301558	3.99393083526407E-4	4.927848956200875E-9	0.16099954304599862	4.492353003497429E-4	16.17995452045362	-88.94091603021869
346000	-3489.7202778376	-3424.1974346068528	-65.52284323074699	-3424.1974346068528	43.778990626407186	194.48425121124365	0.7808901629840285	0.14544849214201483	2.561735529284172	0.2928159785738189	0.14544849214201483	2.561735529284172	0.2928159785738189	0.19097370687577928	6.149337546109487E-4	8.88646805273074E-9	0.16448451075797502	6.064172661959669E-4	21.478136617567163	-78.02539888005131
347000	-3454.218850730263	-3430.5408476009684	-23.678003129294666	-3430.5408476009684	36.105543186845196	170.9517907132421	0.7808901629840285	0.14544849214201483	2.561735529284172	0.2928159785738189	0.14544849214201483	2.561735529284172	0.2928159785738189	0.057460125074710135	7.015720111404031E-4	1.4763917182393216E-9	0.05476716636218277	7.061701296301008E-4	15.19637388630924	-77.76486167976431
348000	-3470.6535168919745	-3424.209434712011	-46.44408217996357	-3424.209434712011	38.26093630226383	199.06124953129213	0.7808901629840285	0.14544849214201483	2.561735529284172	0.2928159785738189	0.14544849214201483	2.561735529284172	0.2928159785738189	0.08120480272399634	4.949644690311534E-4	1.9347832674998326E-9	0.08918942650422076	4.955866269092565E-4	14.032295127059863	-84.59057820275402
349000	-3478.666331264436	-3431.180966806141	-47.48536445829514	-3431.180966806141	49.58924901050565	209.41459216711726	0.7808901629840285	0.14544849214201483	2.561735529284172	0.2928159785738189	0.14544849214201483	2.561735529284172	0.2928159785738189	0.0980430222473693	5.456839017172336E-4	3.08311654253507E-9	0.09751771631781489	5.6589887282893E-4	17.231425147656026	-80.3893121954632
350000	-3488.6315445108708	-3439.3463833508154	-49.28516116005545	-3439.3463833508154	39.57502737098267	196.08526667664998	0.7808901629840285	0.14544849214201483	2.561735529284172	0.2928159785738189	0.14544849214201483	2.561735529284172	0.2928159785738189	0.10455425014087094	4.76488710360312E-4	2.342921124849023E-9	0.10061796944995692	4.7713235217079243E-4	21.142538530242	-79.94961003053113
351000	-3506.7656656233994	-3447.481617072479	-59.28404855092066	-3447.481617072479	49.12041162181543	205.46006129705785	0.7808901629840285	0.14544849214201483	2.561735529284172	0.2928159785738189	0.14544849214201483	2.561735529284172	0.2928159785738189	0.1520306291953223	4.337965079332139E-4	3.919744910127347E-9	0.13871252454323843	4.4985889638218314E-4	17.75420890376194	-79.09028724013267
352000	-3511.2239449883314	-3426.1688443616627	-85.0551006266686	-3426.1688443616627	58.944042392967404	230.1523595633811	0.7808901629840285	0.14544849214201483	2.561735529284172	0.2928159785738189	0.14544849214201483	2.561735529284172	0.2928159785738189	0.32678954659834375	5.143769615580116E-4	2.3242514580015372E-8	0.28398055812324513	5.990392667806569E-4	19.92103037793579	-81.36109871729123
353000	-3515.834710280977	-3429.167747613992	-86.66696266698479	-3429.167747613992	40.78656765269067	171.0647681410195	0.7808901629840285	0.14544849214201483	2.561735529284172	0.2928159785738189	0.14544849214201483	2.561735529284172	0.2928159785738189	0.28652852894271436	6.714335312233608E-4	4.3527676337364826E-8	0.3305536745485806	5.945185510084677E-4	16.11971478401581	-75.03213585844313
354000	-3513.3333273906624	-3429.4232212560905	-83.91010613457166	-3429.4232212560905	37.40552655231865	156.32267181857551	0.7808901629840285	0.14544849214201483	2.561735529284172	0.2928159785738189	0.14544849214201483	2.561735529284172	0.2928159785738189	0.2883688698833631	6.847862946842787E-4	4.570762238240597E-8	0.33543930849054854	6.518554325370149E-4	18.398111376000948	-73.03840987334223
355000	-3525.618413531552	-3433.3407299372075	-92.27768359434467	-3433.3407299372075	41.65130354914467	225.4650950199078	0.7808901629840285	0.14544849214201483	2.561735529284172	0.2928159785738189	0.14544849214201483	2.561735529284172	0.2928159785738189	0.285773935585903	5.249795843840805E-4	2.344767367627582E-8	0.29581283799031727	5.302947722804092E-4	23.26238855743819	-83.87904525321815
356000	-3516.9652604775097	-3423.9688179853	-92.99644249220965	-3423.9688179853	70.67312776559018	290.0672536013385	0.7808901629840285	0.14544849214201483	2.561735529284172	0.2928159785738189	0.14544849214201483	2.561735529284172	0.2928159785738189	0.263094270071132	3.309323976028254E-4	1.049366133143487E-8	0.2986116073607368	3.667645863819901E-4	28.43627467865771	-85.63904706079303
357000	-3531.877971256256	-3423.296627025014	-108.58134423124181	-3423.296627025014	49.307038145559005	237.546743436587	0.7808901629840285	0.14544849214201483	2.4021624148335903	0.45238909302440056	0.14544849214201483	2.4021624148335903	0.45238909302440056	0.5496008026096711	3.617758049464162E-4	3.4061002044892426E-8	0.5161173334023496	3.869656062065087E-4	19.0462404823679	-83.98289684197161
358000	-3527.98082441386	-3423.7912034822834	-104.18962093157651	-3423.7912034822834	57.112689176958995	259.9713327932873	0.7808901629840285	0.14544849214201483	2.4021624148335903	0.45238909302440056	0.14544849214201483	2.4021624148335903	0.45238909302440056	0.45321740232939417	3.416872631470184E-4	1.75156879664619E-8	0.3498483023208959	3.6269912225582446E-4	17.316768809405982	-86.16265252794138
359000	-3518.9463815963836	-3425.330808337352	-93.61557325903158	-3425.330808337352	66.16327332173478	262.82937869230744	0.7808901629840285	0.14544849214201483	2.4021624148335903	0.45238909302440056	0.14544849214201483	2.4021624148335903	0.45238909302440056	0.2930901809340109	4.5446309018325E-4	1.7911553915330115E-8	0.2752524193898357	4.5892602464374366E-4	16.1387295504107	-85.81583336363887
360000	-3506.375773092262	-3428.258890674982	-78.11688241728017	-3428.258890674982	41.4274707875414	161.81050945724343	0.7808901629840285	0.14544849214201483	2.4021624148335903	0.45238909302440056	0.14544849214201483	2.4021624148335903	0.45238909302440056	0.3250774798581504	5.926752043550232E-4	3.6536473328222586E-8	0.29628280250596917	7.117820619624376E-4	16.74177858126994	-72.2024299740772
361000	-3542.8715472686026	-3431.0194225307423	-111.8521247378603	-3431.0194225307423	45.167610320124666	169.43441047320906	0.7808901629840285	0.14544849214201483	2.4021624148335903	0.45238909302440056	0.14544849214201483	2.4021624148335903	0.45238909302440056	0.7950196880838353	5.438458331531467E-4	1.5265590615456344E-7	0.6676584306716725	5.958644928649218E-4	16.572983385436704	-72.9756846745359
362000	-3533.289322387439	-3428.191658550389	-105.09766383704967	-3428.191658550389	34.57609621383253	157.5674170707385	0.7808901629840285	0.14544849214201483	2.4021624148335903	0.45238909302440056	0.14544849214201483	2.4021624148335903	0.45238909302440056	0.4159077100456252	7.397328743980117E-4	1.1967393571275683E-7	0.49583122107171534	6.487044606182485E-4	14.622385551173112	-75.44751883034634
363000	-3532.7464444179427	-3425.9416701155915	-106.80477430235109	-3425.9416701155915	42.77546305241574	218.9815759655376	0.7808901629840285	0.14544849214201483	2.4021624148335903	0.45238909302440056	0.14544849214201483	2.4021624148335903	0.45238909302440056	0.47632261098844425	4.625989417745251E-4	2.854511237670694E-8	0.4341684809846219	4.4898559886965596E-4	25.29992358462845	-82.49185718160385
364000	-3520.725491828771	-3431.892722599954	-88.8327692288169	-3431.892722599954	47.05521512689319	191.63045334408906	0.7808901629840285	0.14544849214201483	2.4021624148335903	0.45238909302440056	0.14544849214201483	2.4021624148335903	0.45238909302440056	0.2922624110303071	5.098647978551334E-4	3.947338712419168E-8	0.3619626016903528	5.510504279505448E-4	13.488749845987577	-79.12914796298953
365000	-3525.206720856714	-3436.4718173314036	-88.73490352531041	-3436.4718173314036	40.31139201704275	190.7582111967199	0.7808901629840285	0.14544849214201483	2.4021624148335903	0.45238909302440056	0.14544849214201483	2.4021624148335903	0.45238909302440056	0.2914691921810288	4.363365915791982E-4	2.1841634341983422E-8	0.32146045529972683	4.4997856587256237E-4	14.258044517343757	-82.50441992648508
366000	-3544.8250657641806	-3442.1525937601014	-102.67247200407911	-3442.1525937601014	44.58611687081104	209.14286424060384	0.7808901629840285	0.14544849214201483	2.4021624148335903	0.45238909302440056	0.14544849214201483	2.4021624148335903	0.45238909302440056	0.38565159947412325	5.991654378673909E-4	4.07955548721058E-8	0.36443162566042375	5.147202935888468E-4	22.793652427503737	-80.5948428069464
367000	-3500.9175607655807	-3421.8419859779306	-79.07557478765015	-3421.8419859779306	72.01768623740351	298.31500503453884	0.7808901629840285	0.14544849214201483	2.4021624148335903	0.45238909302440056	0.14544849214201483	2.4021624148335903	0.45238909302440056	0.16171682630725712	3.0683193332748553E-4	3.180548431551011E-9	0.18654455809911263	3.0262864069764337E-4	19.864677058049395	-89.52512683479796
368000	-3527.3615383333045	-3432.4951287408285	-94.86640959247616	-3432.4951287408285	72.1705030879465	310.7900235932868	0.7808901629840285	0.14544849214201483	2.4021624148335903	0.45238909302440056	0.14544849214201483	2.4021624148335903	0.45238909302440056	0.24340980631122924	3.8976326403051886E-4	9.068899862754052E-9	0.23178875926706868	4.201644175030063E-4	37.07433304339525	-87.99116854368047
369000	-3531.7573992850166	-3425.0614719766318	-106.69592730838482	-3425.0614719766318	63.93278489999483	317.7617638637791	0.7808901629840285	0.14544849214201483	2.4021624148335903	0.45238909302440056	0.14544849214201483	2.4021624148335903	0.45238909302440056	0.20147758482657224	2.532932591535192E-4	4.989204907379099E-9	0.2897024703709615	2.3681080648700216E-4	25.801020212070842	-92.94498173946866
370000	-3523.4673731581483	-3428.973909318994	-94.49346383915419	-3428.973909318994	51.146481782340544	254.74246943444123	0.7808901629840285	0.14544849214201483	2.4021624148335903	0.45238909302440056	0.14544849214201483	2.4021624148335903	0.45238909302440056	0.23681800849976556	4.2080541708398747E-4	1.3598327688162376E-8	0.29466284345534277	3.9569229796840554E-4	25.192174933574105	-85.2145897633131
371000	-3513.570134575722	-3434.5183386856424	-79.05179589007939	-3434.5183386856424	47.074029942813674	178.71379403177085	0.7808901629840285	0.14544849214201483	2.4021624148335903	0.45238909302440056	0.14544849214201483	2.4021624148335903	0.45238909302440056	0.26295801569923144	5.268311597452107E-4	2.3691320798162762E-8	0.28480084653700877	5.574263992648634E-4	11.933027753255551	-75.75901367315161
372000	-3512.62078645206	-3425.6340088891866	-86.98677756287358	-3425.6340088891866	44.34695644083758	173.01201606564615	0.7808901629840285	0.14544849214201483	2.4021624148335903	0.45238909302440056	0.14544849214201483	2.4021624148335903	0.45238909302440056	0.4116645746371259	5.960172524408662E-4	9.751196995058124E-8	0.4419778521403848	7.597975095312148E-4	14.806755699113284	-73.93159511717187
373000	-3514.8277674118235	-3431.265872538675	-83.56189487314849	-3431.265872538675	31.2747058864522	142.53415439521038	0.7808901629840285	0.14544849214201483	2.4021624148335903	0.45238909302440056	0.14544849214201483	2.4021624148335903	0.45238909302440056	0.4003090932080299	7.656438103964685E-4	1.0755953186504867E-7	0.37777426417848187	9.090586218481293E-4	11.636681606000355	-73.06263310898504
374000	-3504.9874547075283	-3431.254383078143	-73.73307162938534	-3431.254383078143	34.03947030142331	152.31952218541522	0.7808901629840285	0.14544849214201483	2.5771536253011855	0.27739788255680536	0.14544849214201483	2.5771536253011855	0.27739788255680536	0.21157089215676075	5.599142937128201E-4	1.2709859518816816E-8	0.2112409601294097	5.044952316100007E-4	16.001683682401513	-73.4827592155946
375000	-3514.1169991038605	-3433.5423440738564	-80.57465503000405	-3433.5423440738564	49.285590125874855	189.16474710485312	0.7808901629840285	0.14544849214201483	2.5771536253011855	0.27739788255680536	0.14544849214201483	2.5771536253011855	0.27739788255680536	0.21712049810975603	4.5871898224757044E-4	1.4935377660401356E-8	0.26758341200874186	4.371790094532952E-4	19.462706398761085	-75.24233210991875
376000	-3519.586266072589	-3426.116620768155	-93.46964530443377	-3426.116620768155	41.463708785798964	191.017160930436	0.7808901629840285	0.14544849214201483	2.5771536253011855	0.27739788255680536	0.14544849214201483	2.5771536253011855	0.27739788255680536	0.3382598466931768	5.858480078871921E-4	3.410758577832092E-8	0.327064388660365	6.211286854895659E-4	21.664264492145584	-79.08199751396634
377000	-3532.5011869152136	-3443.9186162679434	-88.58257064726995	-3443.9186162679434	34.359783434286086	140.38166130088956	0.7808901629840285	0.14544849214201483	2.5771536253011855	0.27739788255680536	0.14544849214201483	2.5771536253011855	0.27739788255680536	0.4241123750083746	6.678080386180528E-4	9.642839944022035E-8	0.4460094480150771	6.659024272642022E-4	11.930615718378276	-69.38380124608915
378000	-3503.686127105588	-3434.48898685818	-69.19714024740809	-3434.48898685818	31.42178782103217	156.93806345687813	0.6040731540750223	0.14544849214201483	2.5771536253011855	0.27739788255680536	0.14544849214201483	2.5771536253011855	0.27739788255680536	0.21683557152187288	6.009285665530724E-4	1.3713415741735231E-8	0.19763864492509228	5.983444853159637E-4	11.343816302542296	-77.73949437146068
379000	-3507.4089021583345	-3438.0881406275716	-69.32076153076295	-3438.0881406275716	34.19764915026432	169.40565208745346	0.6040731540750223	0.14544849214201483	2.5771536253011855	0.27739788255680536	0.14544849214201483	2.5771536253011855	0.27739788255680536	0.19786049379286758	5.926399024730777E-4	1.360254317570955E-8	0.2033273509236132	5.813323923184231E-4	13.44145578819292	-78.55905133937499
380000	-3520.621048028892	-3437.8804801126203	-82.74056791627146	-3437.8804801126203	41.098254195234894	173.2894085725398	0.6984458008879354	0.14544849214201483	2.5771536253011855	0.27739788255680536	0.14544849214201483	2.5771536253011855	0.27739788255680536	0.2824385615520355	6.612036860826878E-4	4.24168055248002E-8	0.286470023462484	6.920205277246243E-4	14.034841108130319	-75.33096157281953
381000	-3494.489250156769	-3429.464464905657	-65.02478525111171	-3429.464464905657	49.15507213906219	190.3374570004604	0.6984458008879354	0.14544849214201483	2.5771536253011855	0.27739788255680536	0.14544849214201483	2.5771536253011855	0.27739788255680536	0.20410692557836016	5.203448600501449E-4	8.039527310524303E-9	0.17403861822615133	5.035000416279993E-4	16.857563182879627	-75.7155807930742
382000	-3521.621511886741	-3430.1866635691263	-91.43484831761452	-3430.1866635691263	44.78611302116368	233.8403876092522	0.6984458008879354	0.14544849214201483	2.5771536253011855	0.27739788255680536	0.14544849214201483	2.5771536253011855	0.27739788255680536	0.29500492661400424	4.210738169905302E-4	1.033938947319457E-8	0.25541351629016507	3.96749386201795E-4	24.263312216931972	-85.60678350246937
383000	-3498.5698664920124	-3431.7549379517172	-66.81492854029528	-3431.7549379517172	61.37518403493231	241.02465433216386	0.6417603852525384	0.0914225065803673	2.5771536253011855	0.3314238681184529	0.0914225065803673	2.5771536253011855	0.3314238681184529	0.21062469505659046	4.8722386204355265E-4	4.957628240017955E-9	0.13786740621515733	5.14134968196575E-4	15.026187006333018	-83.661098694692
384000	-3517.257464728871	-3438.0654526736957	-79.19201205517538	-3438.0654526736957	41.87564497981144	188.05145758871356	0.6417603852525384	0.0914225065803673	2.5771536253011855	0.3314238681184529	0.0914225065803673	2.5771536253011855	0.3314238681184529	0.29551290861318036	5.572947346236446E-4	2.1541588880765706E-8	0.25313103309354795	6.343981202217159E-4	19.299002451689937	-77.35804236869451
385000	-3510.2758527590463	-3429.071493031728	-81.20435972731799	-3429.071493031728	53.93054275073597	231.93800518083637	0.6417603852525384	0.0914225065803673	2.5771536253011855	0.3314238681184529	0.0914225065803673	2.5771536253011855	0.3314238681184529	0.24088625865173532	4.5243550530034497E-4	9.858332083622049E-9	0.2129336391695382	4.613018322410855E-4	18.534049440376176	-83.46530523078273
386000	-3508.426831184348	-3434.517957546979	-73.90887363736933	-3434.517957546979	27.85640434232595	136.25536402785346	0.6417603852525384	0.0914225065803673	2.5771536253011855	0.3314238681184529	0.0914225065803673	2.5771536253011855	0.3314238681184529	0.24294914943022117	6.151258309672782E-4	2.3371641973117498E-8	0.2616248327945526	5.680613587736939E-4	13.730279261869999	-72.10621473836845
387000	-3501.458274971002	-3435.9115672481603	-65.54670772284163	-3435.9115672481603	26.69254674413555	140.79428131503272	0.6417603852525384	0.0914225065803673	2.5771536253011855	0.3314238681184529	0.0914225065803673	2.5771536253011855	0.3314238681184529	0.22270446496680807	7.58954968142049E-4	2.2177679477492843E-8	0.20654185903090172	7.623814331961306E-4	18.657823549995673	-73.27158905646199
388000	-3522.8174975176958	-3435.3150533073526	-87.50244421034313	-3435.3150533073526	47.67912350834575	200.42369694373832	0.6417603852525384	0.0914225065803673	2.5771536253011855	0.3314238681184529	0.0914225065803673	2.5771536253011855	0.3314238681184529	0.31747830562851703	5.370218375595388E-4	4.5183139611712884E-8	0.35234570886413386	6.441861106008882E-4	13.77422461734077	-79.58178264080468
389000	-3518.7529640640764	-3437.039256514544	-81.71370754953244	-3437.039256514544	39.06152656594267	169.33838522601764	0.6417603852525384	0.0914225065803673	2.5771536253011855	0.3314238681184529	0.0914225065803673	2.5771536253011855	0.3314238681184529	0.2812425629136413	6.83208817069268E-4	4.55070543709077E-8	0.3171885946975023	7.062441293759815E-4	16.61878872298137	-75.4049520907101
390000	-3493.355406507115	-3443.1453042718385	-50.21010223527631	-3443.1453042718385	37.23687907219078	167.76734712922268	0.6417603852525384	0.0914225065803673	2.5771536253011855	0.3314238681184529	0.0914225065803673	2.5771536253011855	0.3314238681184529	0.13315815388601235	5.886310896224908E-4	5.739539516534981E-9	0.12171069856958988	6.09306612460283E-4	15.24634276161234	-74.87392999123216
391000	-3530.2005873036314	-3449.761104895447	-80.43948240818483	-3449.761104895447	51.71276305266003	217.59026122321944	0.6417603852525384	0.0914225065803673	2.5771536253011855	0.3314238681184529	0.0914225065803673	2.5771536253011855	0.3314238681184529	0.2159963761008866	5.588254201907745E-4	1.1772578145160134E-8	0.2136683382217883	5.047731195145713E-4	23.442050008910314	-80.4100389677187
392000	-3493.6661989928175	-3425.224408364536	-68.44179062828161	-3425.224408364536	54.74713644211526	228.44066704252677	0.6417603852525384	0.0914225065803673	2.5771536253011855	0.3314238681184529	0.0914225065803673	2.5771536253011855	0.3314238681184529	0.12885664314811904	5.01693300677203E-4	6.6743211009768595E-9	0.16639175019602825	4.836583790110761E-4	19.56211236865159	-81.9884311209831
393000	-3505.3405596090874	-3434.8135443667948	-70.52701524229275	-3434.8135443667948	35.418823210224964	172.5102641051371	0.6417603852525384	0.0914225065803673	2.5771536253011855	0.3314238681184529	0.0914225065803673	2.5771536253011855	0.3314238681184529	0.18989452704234683	6.246606263825289E-4	1.7830164967129078E-8	0.20447359604143076	6.409069707932435E-4	15.894735055323965	-77.3404004088385
394000	-3508.1516433558963	-3439.2318289771915	-68.91981437870474	-3439.2318289771915	45.332485043526255	187.61877004967633	0.6417603852525384	0.0914225065803673	2.5771536253011855	0.3314238681184529	0.0914225065803673	2.5771536253011855	0.3314238681184529	0.16712810031772263	5.455124273500416E-4	1.1330699146052358E-8	0.19295837405715524	5.604576645470307E-4	12.958491118381954	-79.03909112330619
395000	-3532.1419924408715	-3439.63140043223	-92.51059200864165	-3439.63140043223	44.012312437441736	193.40455813693816	0.6417603852525384	0.0914225065803673	2.5771536253011855	0.3314238681184529	0.0914225065803673	2.5771536253011855	0.3314238681184529	0.3404573780953639	5.010132238825224E-4	2.149242245790103E-8	0.2836633626156143	4.6680463035408807E-4	11.79358328012338	-81.30170475387858
396000	-3514.2704822128258	-3416.7921113531984	-97.47837085962735	-3416.7921113531984	44.71968309837176	187.4424309638988	0.6417603852525384	0.0914225065803673	2.5771536253011855	0.3314238681184529	0.0914225065803673	2.5771536253011855	0.3314238681184529	0.3739628901167477	5.2777191218922E-4	5.865445387236861E-8	0.43911083272934337	5.301554745186553E-4	18.714603823097754	-76.57354816714415
397000	-3519.9350863076615	-3423.1910517878214	-96.7440345198404	-3423.1910517878214	54.59551791951741	246.43992442508625	0.6417603852525384	0.0914225065803673	2.5771536253011855	0.3314238681184529	0.0914225065803673	2.5771536253011855	0.3314238681184529	0.40678145460524473	3.507445267513651E-4	1.593940138630347E-8	0.35404313175626145	4.0604382695075785E-4	17.767872603955468	-85.88783281535261
398000	-3488.6996470570243	-3433.4281871297594	-55.271459927265	-3433.4281871297594	66.94462309137413	258.0158047923714	0.6417603852525384	0.0914225065803673	2.5771536253011855	0.3314238681184529	0.0914225065803673	2.5771536253011855	0.3314238681184529	0.1135789940098049	4.3677414508457187E-4	2.1471627344257792E-9	0.10789522889082419	4.302171021515686E-4	15.249589139957545	-86.93431706444994
399000	-3506.082819771234	-3431.5613486203893	-74.52147115084489	-3431.5613486203893	44.60756154634177	190.72020285446254	0.6417603852525384	0.0914225065803673	2.5771536253011855	0.3314238681184529	0.0914225065803673	2.5771536253011855	0.3314238681184529	0.23364751598020458	4.6769471908813544E-4	1.1960979506551076E-8	0.22069771427545248	4.995281924000875E-4	16.21643383739665	-78.38752658477485
400000	-3504.2305707404153	-3428.2525923166663	-75.97797842374872	-3428.2525923166663	42.51099687470684	200.97371005019497	0.6417603852525384	0.0914225065803673	2.5771536253011855	0.3314238681184529	0.0914225065803673	2.5771536253011855	0.3314238681184529	0.19604777762412312	5.099237867181151E-4	1.0682498134372006E-8	0.2027678473144821	5.001657245260977E-4	12.600020749310158	-83.95537423212971
401000	-3487.124282975663	-3441.683502385643	-45.44078059002008	-3441.683502385643	42.63829793038447	199.54938845253886	0.6417603852525384	0.0914225065803673	2.5771536253011855	0.3314238681184529	0.0914225065803673	2.5771536253011855	0.3314238681184529	0.08904879803913578	4.5130765802903796E-4	1.4566902707871788E-9	0.0853183475545907	4.32188467424165E-4	17.673317495651762	-79.78435575865154
402000	-3504.7316941311365	-3432.1834498283647	-72.54824430277193	-3432.1834498283647	44.8761216787598	212.86692215520327	0.6417603852525384	0.0914225065803673	2.5771536253011855	0.3314238681184529	0.0914225065803673	2.5771536253011855	0.3314238681184529	0.21543310470651547	4.02428698472917E-4	4.8492130159977485E-9	0.17954776758159965	3.776984364825849E-4	16.71840575352744	-81.55103367218634
403000	-3500.052422656014	-3435.17062849692	-64.88179415909408	-3435.17062849692	53.87108966086065	251.56122720798876	0.6417603852525384	0.0914225065803673	2.5771536253011855	0.3314238681184529	0.0914225065803673	2.5771536253011855	0.3314238681184529	0.14883492050843602	3.5107254371789695E-4	2.2101064906119732E-9	0.13149395819338217	3.611441840964032E-4	22.72289941517354	-84.67511286384922
404000	-3513.457773961137	-3429.303644677013	-84.15412928412368	-3429.303644677013	36.83246190963665	206.3721698617571	0.6417603852525384	0.0914225065803673	2.5771536253011855	0.3314238681184529	0.0914225065803673	2.5771536253011855	0.3314238681184529	0.24060122878980925	5.061106433060516E-4	1.384112034889631E-8	0.23451378085641705	4.853373896093728E-4	26.874021211591792	-82.5057725980486
405000	-3501.767075240751	-3433.4959052449385	-68.27116999581249	-3433.4959052449385	27.37857958570963	134.9572910664735	0.6417603852525384	0.0914225065803673	2.5771536253011855	0.3314238681184529	0.0914225065803673	2.5771536253011855	0.3314238681184529	0.2431573293982517	7.087381116348837E-4	2.2095169615746896E-8	0.21482600249901398	7.027336969313785E-4	12.034669019760058	-73.0618213519686
406000	-3499.939906318176	-3440.5200905583188	-59.41981575985693	-3440.5200905583188	36.10148555149837	173.6619405992705	0.6417603852525384	0.0914225065803673	2.5771536253011855	0.3314238681184529	0.0914225065803673	2.5771536253011855	0.3314238681184529	0.14141443307039092	5.557832522380586E-4	7.707148492068248E-9	0.15067827628982863	5.91186716664322E-4	17.503283613484236	-78.41291971467544
407000	-3511.6965215950268	-3428.118646190382	-83.57787540464452	-3428.118646190382	34.432568913344866	139.89220407511615	0.6417603852525384	0.0914225065803673	2.5771536253011855	0.3314238681184529	0.0914225065803673	2.5771536253011855	0.3314238681184529	0.278475183554258	7.523514556256276E-4	9.571299910790242E-8	0.37036199901024836	7.918828558723469E-4	11.07228591683156	-71.48542712716349
408000	-3530.49005721647	-3440.664753619645	-89.82530359682505	-3440.664753619645	30.673963113953103	140.2128801254855	0.6417603852525384	0.0914225065803673	2.5771536253011855	0.3314238681184529	0.0914225065803673	2.5771536253011855	0.3314238681184529	0.4633868753222747	8.02446777032708E-4	6.637618061418009E-8	0.3511229859920909	7.557224616584451E-4	12.002440572088062	-72.657435606605
409000	-3527.8830933723602	-3430.459547125561	-97.42354624679905	-3430.459547125561	50.451524653179995	184.10774688822957	0.6417603852525384	0.0914225065803673	2.5771536253011855	0.3314238681184529	0.0914225065803673	2.5771536253011855	0.3314238681184529	0.4116838441326118	5.310347958883783E-4	8.465848422950973E-8	0.4956485966775129	6.160362406059696E-4	13.239609786245378	-74.80125448238421
410000	-3509.1145938347086	-3420.3218496708632	-88.7927441638453	-3420.3218496708632	65.913786035946	251.62031070042687	0.6417603852525384	0.0914225065803673	2.5771536253011855	0.3314238681184529	0.0914225065803673	2.5771536253011855	0.3314238681184529	0.29780715987340983	4.691724653414492E-4	2.6494653233434824E-8	0.30444101130978235	5.515372919837021E-4	15.498015272029349	-84.01816969374389
411000	-3483.376505277403	-3442.778079518935	-40.59842575846785	-3442.778079518935	43.00536715528444	180.72800261400627	0.6417603852525384	0.0914225065803673	2.5771536253011855	0.3314238681184529	0.0914225065803673	2.5771536253011855	0.3314238681184529	0.11134897628845439	5.71713408705865E-4	2.3873573899940725E-9	0.08553843582430373	5.693810706061443E-4	13.535364907435527	-77.85332224037282
412000	-3476.414569915339	-3437.8384236043603	-38.576146310978636	-3437.8384236043603	44.01809740067392	185.28017248805622	0.6417603852525384	0.0914225065803673	2.5771536253011855	0.3314238681184529	0.0914225065803673	2.5771536253011855	0.3314238681184529	0.09987978621384691	5.184598866220629E-4	1.9115882095471737E-9	0.08193193275484068	5.316828853271725E-4	15.734591921302354	-77.97736067035531
413000	-3506.8051895963536	-3426.8894157453115	-79.91577385104232	-3426.8894157453115	46.667665031877156	221.32125958515118	0.6417603852525384	0.0914225065803673	2.5771536253011855	0.3314238681184529	0.0914225065803673	2.5771536253011855	0.3314238681184529	0.22122582372820257	3.881364979921198E-4	8.708798252567957E-9	0.22580476491290713	4.202046655025478E-4	17.099081829887712	-83.72940174042593
414000	-3468.952977830111	-3433.9855377400986	-34.96744009001239	-3433.9855377400986	38.37523333016396	188.52725130805248	0.6417603852525384	0.0914225065803673	2.5771536253011855	0.3314238681184529	0.0914225065803673	2.5771536253011855	0.3314238681184529	0.07467410607986895	4.726390058335021E-4	1.0395001332406769E-9	0.06800633724973043	4.7739730284683643E-4	19.65978092233265	-80.11379880952164
415000	-3451.5751313017704	-3426.0530773734467	-25.522053928323515	-3426.0530773734467	47.406639056610445	217.3508971839293	0.6417603852525384	0.15508397983076425	2.5134921520507887	0.3314238681184529	0.15508397983076425	2.5134921520507887	0.3314238681184529	0.0641869931913455	4.5077411081410326E-4	3.941695619283033E-10	0.04434444201355341	4.4773137341195683E-4	21.560293769491164	-81.34026522120162
416000	-3479.4344604856697	-3437.1136842115934	-42.32077627407631	-3437.1136842115934	42.525867163607955	189.57411648632677	0.6417603852525384	0.15508397983076425	2.5134921520507887	0.3314238681184529	0.15508397983076425	2.5134921520507887	0.3314238681184529	0.10043151191019775	5.019986670021435E-4	2.1890603381382317E-9	0.09105926864227121	5.214484698602929E-4	13.831102787941042	-79.9872421967461
417000	-3508.63242707712	-3426.8436369145925	-81.78879016252763	-3426.8436369145925	55.695243677786685	235.65153162488016	0.6417603852525384	0.15508397983076425	2.5134921520507887	0.3314238681184529	0.15508397983076425	2.5134921520507887	0.3314238681184529	0.2910145625293507	4.148132728634049E-4	1.2149188567939673E-8	0.2395128118259633	4.95791367791247E-4	20.895763605007264	-81.08389483534826
418000	-3518.2979931970076	-3432.745920262046	-85.55207293496129	-3432.745920262046	58.915844669726674	226.36738003850448	0.6417603852525384	0.15508397983076425	2.5134921520507887	0.3314238681184529	0.15508397983076425	2.5134921520507887	0.3314238681184529	0.34262604548550984	4.7172252613780845E-4	2.0998019939029202E-8	0.2957558004938419	5.410788927931914E-4	17.43766552993664	-79.86741730046673
419000	-3491.048699225692	-3426.653234661513	-64.39546456417874	-3426.653234661513	47.933104203198155	211.23225965657048	0.6417603852525384	0.15508397983076425	2.3031090248383053	0.5418069953309366	0.15508397983076425	2.3031090248383053	0.5418069953309366	0.1566220183913063	4.758793867636843E-4	5.244171542548535E-9	0.15124582986235988	4.7809276776544963E-4	16.343676492758853	-80.95862488770118
420000	-3498.3638816447083	-3436.0704678340085	-62.293413810699974	-3436.0704678340085	62.085747425445206	257.24461561618176	0.6417603852525384	0.059097648836522784	2.3990953558325465	0.5418069953309366	0.059097648836522784	2.3990953558325465	0.5418069953309366	0.12300543916139632	3.829503961898698E-4	2.5535958982839306E-9	0.1299689537981678	3.997033458345659E-4	22.647881431154303	-84.3566744295229
421000	-3491.042892588788	-3429.0922924517677	-61.95060013702061	-3429.0922924517677	43.967555140807285	211.2514716637159	0.6417603852525384	0.059097648836522784	2.3990953558325465	0.5418069953309366	0.059097648836522784	2.3990953558325465	0.5418069953309366	0.15253848638613454	4.726576221390305E-4	3.795148339240214E-9	0.13039020564953663	4.564473971099959E-4	15.02903787608619	-83.38099181306329
422000	-3514.6642280609094	-3428.051083892493	-86.61314416841672	-3428.051083892493	51.426738908229716	216.72552589250057	0.6417603852525384	0.059097648836522784	2.3990953558325465	0.5418069953309366	0.059097648836522784	2.3990953558325465	0.5418069953309366	0.3175351026740933	4.111335074479019E-4	1.7305814641072386E-8	0.28924445067756643	4.785462015193628E-4	20.350826738800325	-80.52240967850092
423000	-3533.359806261807	-3427.334354589685	-106.02545167212209	-3427.334354589685	40.8852677163749	186.64074263089182	0.6417603852525384	0.059097648836522784	2.3990953558325465	0.5418069953309366	0.059097648836522784	2.3990953558325465	0.5418069953309366	0.5374793054620705	5.370015520174584E-4	2.278941791215414E-7	0.8445113492137782	5.640306011626302E-4	17.07425546506896	-79.14211947487104
424000	-3529.209216988965	-3425.807620149249	-103.40159683971618	-3425.807620149249	36.01990549171457	183.49918829513078	0.6417603852525384	0.059097648836522784	2.3990953558325465	0.5418069953309366	0.059097648836522784	2.3990953558325465	0.5418069953309366	0.45320115678279493	5.440671841974632E-4	7.877356340824754E-8	0.5605003565277797	5.158277818367371E-4	14.61299552842074	-81.37125315884153
425000	-3544.4175204760913	-3432.445039024256	-111.97248145183546	-3432.445039024256	29.10335039139325	156.1238487365129	0.6417603852525384	0.059097648836522784	2.3990953558325465	0.5418069953309366	0.059097648836522784	2.3990953558325465	0.5418069953309366	0.5280025446291874	6.598042191093206E-4	1.05336824187486E-7	0.5791223774225499	4.8705088245442534E-4	15.764137107447905	-76.13880580783865
426000	-3519.8211709474763	-3436.7340673535077	-83.08710359396845	-3436.7340673535077	27.253608265138013	146.75662440322716	0.6417603852525384	0.059097648836522784	2.3990953558325465	0.5418069953309366	0.059097648836522784	2.3990953558325465	0.5418069953309366	0.3311950056329908	6.830230016417314E-4	5.0387574910308066E-8	0.3347559922889092	6.906052353943187E-4	16.69959967474417	-74.57405270476278
427000	-3508.991572311247	-3431.630684072948	-77.36088823829925	-3431.630684072948	41.250806629328544	185.053917674887	0.6417603852525384	0.059097648836522784	2.3990953558325465	0.5418069953309366	0.059097648836522784	2.3990953558325465	0.5418069953309366	0.20064855307132204	5.002398285679246E-4	1.3909342643192724E-8	0.2317116144468361	5.325861710661374E-4	17.564504128086128	-78.90340337348773
428000	-3522.6928853469	-3442.2669447696894	-80.42594057721037	-3442.2669447696894	49.104922105684714	198.91031119710703	0.6417603852525384	0.059097648836522784	2.3990953558325465	0.5418069953309366	0.059097648836522784	2.3990953558325465	0.5418069953309366	0.2602999572738379	5.62155800748591E-4	1.919810831110673E-8	0.24448900612488123	5.542093534896695E-4	19.26873447940497	-78.58452552873453
429000	-3530.1405745888324	-3431.4371288962525	-98.7034456925798	-3431.4371288962525	42.41920660572812	191.02886949411618	0.6417603852525384	0.059097648836522784	2.3990953558325465	0.5418069953309366	0.059097648836522784	2.3990953558325465	0.5418069953309366	0.3877839238500217	4.683008174555756E-4	3.6621898845422614E-8	0.42217843727306303	4.452721855773083E-4	20.62332350877709	-78.17751810330478
430000	-3523.2959427113988	-3433.2191911541813	-90.07675155721763	-3433.2191911541813	40.93383673180798	195.4599387373696	0.6417603852525384	0.059097648836522784	2.3990953558325465	0.5418069953309366	0.059097648836522784	2.3990953558325465	0.5418069953309366	0.2936397663486235	5.017783566705018E-4	1.409881548338917E-8	0.2369341580927596	4.6042935773613433E-4	25.135390865190754	-79.18263278934066
431000	-3528.323849444476	-3433.1718369249297	-95.15201251954606	-3433.1718369249297	55.6275766218768	228.8685253340329	0.6417603852525384	0.059097648836522784	2.3990953558325465	0.5418069953309366	0.059097648836522784	2.3990953558325465	0.5418069953309366	0.2817913541396955	4.3813960033326627E-4	2.50602289037707E-8	0.34651136593949294	4.5722152827131504E-4	16.426165097426825	-84.10380840043736
432000	-3465.7611052181023	-3423.0535250125695	-42.70758020553289	-3423.0535250125695	46.257804609378546	236.6395797091514	0.8334432109893452	0.16479530232764	2.3990953558325465	0.43610934183981936	0.16479530232764	2.3990953558325465	0.43610934183981936	0.06306308542589724	4.5543140403582385E-4	8.82404815559462E-10	0.0659037958764753	4.6083368175268E-4	20.605869354522156	-86.56662855442391
433000	-3479.0192290106634	-3427.907216370988	-51.11201263967557	-3427.907216370988	49.08421754825833	214.39686802271973	0.8334432109893452	0.16479530232764	2.3990953558325465	0.43610934183981936	0.16479530232764	2.3990953558325465	0.43610934183981936	0.11560611663200673	4.3401357728425216E-4	2.2595830782554267E-9	0.1057279968378105	4.6724710462707546E-4	17.825682832487004	-80.88183281144731
434000	-3506.758951417267	-3432.2277844212	-74.53116699606677	-3432.2277844212	53.29919392454854	223.82854151192754	0.8334432109893452	0.16479530232764	2.3990953558325465	0.43610934183981936	0.16479530232764	2.3990953558325465	0.43610934183981936	0.20251091922215467	4.7421449477404805E-4	8.339339740244673E-9	0.18953770865500036	4.6519464166471956E-4	16.947587461629933	-83.29727127905011
435000	-3497.8539060513776	-3433.96593740059	-63.887968650787364	-3433.96593740059	38.44589455509074	180.46580894343734	0.8334432109893452	0.16479530232764	2.3990953558325465	0.43610934183981936	0.16479530232764	2.3990953558325465	0.43610934183981936	0.2005151806186871	4.329263278313121E-4	4.821638277479037E-9	0.1662653408789772	4.2709326639805723E-4	17.21797471423338	-77.58073868826754
436000	-3508.693023778236	-3435.731071575501	-72.96195220273452	-3435.731071575501	54.43747426274493	206.84488556291709	0.8334432109893452	0.16479530232764	2.3990953558325465	0.43610934183981936	0.16479530232764	2.3990953558325465	0.43610934183981936	0.19295559646742672	3.866724244367253E-4	6.749682707422634E-9	0.1952759164334408	3.954614916386688E-4	16.916132978062958	-77.02242538758347
437000	-3496.815776107517	-3427.18020883101	-69.63556727650725	-3427.18020883101	44.28621524855702	207.19054428075253	0.8334432109893452	0.16479530232764	2.3990953558325465	0.43610934183981936	0.16479530232764	2.3990953558325465	0.43610934183981936	0.18710967403962878	4.933968504068512E-4	7.30770040437491E-9	0.17607240149282805	4.96851423538226E-4	19.092572059638727	-80.55380745122119
438000	-3491.739597195169	-3437.713718325545	-54.02587886962409	-3437.713718325545	50.792715487579656	221.7206410725317	0.8334432109893452	0.16479530232764	2.3990953558325465	0.43610934183981936	0.16479530232764	2.3990953558325465	0.43610934183981936	0.10375745289451666	5.15832502003443E-4	2.9126165806055623E-9	0.10750356153438421	5.032665246246415E-4	14.476575697189507	-84.56676355307904
439000	-3514.462843404247	-3432.8510891498927	-81.61175425435442	-3432.8510891498927	36.575415815471395	175.08073008726848	0.8334432109893452	0.16479530232764	2.529949009550799	0.3052556881215668	0.16479530232764	2.529949009550799	0.3052556881215668	0.19112820749729315	5.710441018582839E-4	2.18217945230363E-8	0.25032696552405137	5.754447567451806E-4	13.45536079040547	-78.45012528564966
440000	-3519.2318266478055	-3422.8449043818123	-96.38692226599319	-3422.8449043818123	80.49720660888916	318.79610889363505	0.8334432109893452	0.16479530232764	2.529949009550799	0.3052556881215668	0.16479530232764	2.529949009550799	0.3052556881215668	0.27631797044164846	3.2159774625934037E-4	7.279320316947412E-9	0.2745470140734612	3.262087489314934E-4	30.236967189773058	-86.891253009833
441000	-3514.4405691386987	-3419.9688226847516	-94.47174645394733	-3419.9688226847516	64.66093325372344	264.56350674904394	0.8334432109893452	0.16479530232764	2.529949009550799	0.3052556881215668	0.16479530232764	2.529949009550799	0.3052556881215668	0.33234871201808447	4.069335781332729E-4	9.718594247082464E-9	0.2496990911257148	3.853093702614107E-4	26.098094089775323	-83.74677627123208
442000	-3511.535962588585	-3447.1627314757106	-64.37323111287422	-3447.1627314757106	50.13093120810286	189.20756085240936	0.8334432109893452	0.16479530232764	2.529949009550799	0.3052556881215668	0.16479530232764	2.529949009550799	0.3052556881215668	0.2071781036348508	3.938096421541126E-4	5.730211341422967E-9	0.1853696147707233	4.1535362190698325E-4	16.575801089957192	-74.25999004757408
443000	-3514.06644952655	-3432.026161985484	-82.04028754106587	-3432.026161985484	33.46182427358838	148.64807260599852	0.8334432109893452	0.16479530232764	2.5886420629851052	0.24656263468726075	0.16479530232764	2.5886420629851052	0.24656263468726075	0.4069198934106975	7.488334999101319E-4	6.927982197239518E-8	0.338568142023571	8.177889373270071E-4	16.385157100402964	-71.99492078275252
444000	-3506.430117849198	-3437.7612946224112	-68.66882322678678	-3437.7612946224112	33.253004061933105	152.0857379901517	0.8334432109893452	0.16479530232764	2.5886420629851052	0.24656263468726075	0.16479530232764	2.5886420629851052	0.24656263468726075	0.24107486287647598	6.208387598913083E-4	1.81844655851208E-8	0.2076005650721514	7.244407888150575E-4	15.440553024209711	-75.04406740959611
445000	-3494.8159568165815	-3435.9733080033225	-58.84264881325917	-3435.9733080033225	31.412492835597373	163.72283282942286	0.8334432109893452	0.16479530232764	2.4920224438745495	0.34318225379781636	0.16479530232764	2.4920224438745495	0.34318225379781636	0.16064705663981008	6.296034486898597E-4	8.591818008007535E-9	0.14466931938512387	6.566678292507734E-4	16.586583751367904	-78.29436445501949
446000	-3513.241671052047	-3454.204457683031	-59.03721336901635	-3454.204457683031	27.627092876038084	147.41221372486564	0.8334432109893452	0.16479530232764	2.4920224438745495	0.34318225379781636	0.16479530232764	2.4920224438745495	0.34318225379781636	0.18435033559475295	6.906593443086668E-4	1.2257743199300578E-8	0.1468912997894347	7.575256081768395E-4	16.32401932942458	-76.0508452273026
447000	-3517.1533915640457	-3422.2197615598993	-94.93363000414638	-3422.2197615598993	31.025776064199633	163.55179224973077	0.8334432109893452	0.12387211925079104	2.4920224438745495	0.3841054368746653	0.12387211925079104	2.4920224438745495	0.3841054368746653	0.3825305439301165	5.257937232342113E-4	3.361441640074383E-8	0.36904235165862065	4.846184513392438E-4	13.27207246859091	-78.33796693938523
448000	-3505.715805317911	-3421.3563782355395	-84.35942708237145	-3421.3563782355395	49.64386590188818	243.727770989034	0.8334432109893452	0.12387211925079104	2.4920224438745495	0.3841054368746653	0.12387211925079104	2.4920224438745495	0.3841054368746653	0.23340891249137405	3.8107867058583396E-4	6.325737204001987E-9	0.20881310420372215	3.7442412421630076E-4	19.198326191196397	-86.55425615278159
449000	-3502.0094488769855	-3441.157171929706	-60.852276947279506	-3441.157171929706	55.00857831015632	231.22971945511927	0.8334432109893452	0.12387211925079104	2.4920224438745495	0.3841054368746653	0.12387211925079104	2.4920224438745495	0.3841054368746653	0.13644967943182207	4.789009414820666E-4	4.166381575457569E-9	0.13457133850530612	4.913115885470168E-4	19.704939047808725	-81.95181061704089
450000	-3495.089731065313	-3429.828017560196	-65.26171350511713	-3429.828017560196	57.64843614451367	255.25679440811967	0.8334432109893452	0.12387211925079104	2.4920224438745495	0.3841054368746653	0.12387211925079104	2.4920224438745495	0.3841054368746653	0.12265187103867363	2.7460834696291605E-4	1.2877561236156737E-9	0.1325820309809754	2.6336237571481007E-4	23.777958523051556	-84.48067376704836
451000	-3510.257903104182	-3434.8351745069617	-75.42272859722033	-3434.8351745069617	55.14554534928182	251.116035261849	0.8334432109893452	0.12387211925079104	2.4920224438745495	0.3841054368746653	0.12387211925079104	2.4920224438745495	0.3841054368746653	0.1549522936018617	4.6904647835898354E-4	5.887966784316407E-9	0.16121550716760005	4.552215916274044E-4	23.777958523051556	-84.2160471356838
452000	-3500.85096601967	-3433.1808502910203	-67.67011572864979	-3433.1808502910203	48.07966537289871	212.060961774662	0.8334432109893452	0.12387211925079104	2.4920224438745495	0.3841054368746653	0.12387211925079104	2.4920224438745495	0.3841054368746653	0.17937093459155162	4.889511315594376E-4	6.368379940442516E-9	0.1663760368868346	4.8554637364969447E-4	13.689285680524922	-82.95153039844722
453000	-3518.8061262275055	-3429.014031808582	-89.79209441892382	-3429.014031808582	54.391397383777225	252.88008576511706	0.8334432109893452	0.12387211925079104	2.4920224438745495	0.3841054368746653	0.12387211925079104	2.4920224438745495	0.3841054368746653	0.3342220248541479	4.274274241492725E-4	1.1193491851146244E-8	0.2494170380989824	4.4810054720201997E-4	22.584870818884273	-85.34767524215917
454000	-3509.564644085953	-3425.0764973096284	-84.48814677632491	-3425.0764973096284	52.27982844309659	260.13953206396434	0.8334432109893452	0.12387211925079104	2.4920224438745495	0.3841054368746653	0.12387211925079104	2.4920224438745495	0.3841054368746653	0.18769814825358197	4.3157748594831836E-4	8.755118371961174E-9	0.21015013462546198	4.4198554591041647E-4	21.665487227927944	-88.37401291467522
455000	-3529.236295027366	-3427.509045924778	-101.72724910258769	-3427.509045924778	58.76741845207415	247.18644999752192	0.8334432109893452	0.12387211925079104	2.4920224438745495	0.3841054368746653	0.12387211925079104	2.4920224438745495	0.3841054368746653	0.3538239807863898	3.7782509763710547E-4	1.5583280887789676E-8	0.34164560871849764	3.537142025671826E-4	17.256907417470877	-86.88386197654712
456000	-3484.265494431106	-3433.1152148827523	-51.150279548354085	-3433.1152148827523	31.767449064844694	151.4474536966041	0.8334432109893452	0.12387211925079104	2.4920224438745495	0.3841054368746653	0.12387211925079104	2.4920224438745495	0.3841054368746653	0.13469862500751206	6.106911798486838E-4	5.784051991138821E-9	0.127882190874091	5.905140907365583E-4	14.057246535662715	-74.69661076788026
457000	-3495.9721699196893	-3436.01786130013	-59.95430861955963	-3436.01786130013	30.093620839745057	149.7714930986237	0.8334432109893452	0.12387211925079104	2.4920224438745495	0.3841054368746653	0.12387211925079104	2.4920224438745495	0.3841054368746653	0.15175594543744717	7.75933521470917E-4	1.507280790712141E-8	0.15817817604301088	7.598373207369908E-4	15.079143284375634	-74.10448473098377
458000	-3523.4057137005	-3430.355527466145	-93.05018623435522	-3430.355527466145	56.205937685552165	235.0750094379317	0.8334432109893452	0.12387211925079104	2.4920224438745495	0.3841054368746653	0.12387211925079104	2.4920224438745495	0.3841054368746653	0.3313998139359553	4.3687823030382557E-4	2.0676015593883533E-8	0.315083793968756	4.810408510895712E-4	19.454726948196885	-82.39562344712647
459000	-3524.5609008554447	-3428.8221594861097	-95.73874136933512	-3428.8221594861097	38.07249421521315	205.74601684657375	0.8334432109893452	0.12387211925079104	2.4920224438745495	0.3841054368746653	0.12387211925079104	2.4920224438745495	0.3841054368746653	0.2803517847631906	4.330407284387897E-4	1.6564788096894258E-8	0.30801225199364846	4.132170199763345E-4	17.67173336894278	-85.49860461711773
460000	-3524.1168072403743	-3426.2548328712896	-97.86197436908469	-3426.2548328712896	35.13878480148028	181.3215074735336	0.8334432109893452	0.12387211925079104	2.4920224438745495	0.3841054368746653	0.12387211925079104	2.4920224438745495	0.3841054368746653	0.4174473458541835	4.6685409756805075E-4	4.4798397372977326E-8	0.49933427282376835	4.617924748125762E-4	19.23789870638103	-80.17206129878775
461000	-3527.1608210483832	-3422.9677384890792	-104.19308255930412	-3422.9677384890792	41.10254606288461	202.4184954397977	0.8334432109893452	0.12387211925079104	2.4920224438745495	0.3841054368746653	0.12387211925079104	2.4920224438745495	0.3841054368746653	0.3411154833840612	4.885749141050246E-4	3.0220905164959504E-8	0.3949102657474541	4.54141783036437E-4	16.452949951063665	-82.62649381287888
462000	-3533.644731855014	-3421.855724547377	-111.7890073076369	-3421.855724547377	43.05832635180981	241.19366402361254	0.64861506131349	0.12387211925079104	2.4920224438745495	0.3841054368746653	0.12387211925079104	2.4920224438745495	0.3841054368746653	0.42220954317625403	3.444796962896765E-4	2.0482412435868722E-8	0.4630553284763332	3.0228854413684973E-4	24.69298350354366	-87.09245486680041
463000	-3526.3715628582777	-3422.9402288208194	-103.43133403745847	-3422.9402288208194	34.54828444862119	191.16753369085177	0.64861506131349	0.12387211925079104	2.4920224438745495	0.3841054368746653	0.12387211925079104	2.4920224438745495	0.3841054368746653	0.44020499758070464	5.039204135514785E-4	3.1086306683293216E-8	0.37558987798538007	4.481014654755574E-4	18.12787722729819	-81.8656631660331
464000	-3525.278306626525	-3439.945687647915	-85.33261897861016	-3439.945687647915	27.135724466289993	120.09387289828624	0.64861506131349	0.12387211925079104	2.4920224438745495	0.3841054368746653	0.12387211925079104	2.4920224438745495	0.3841054368746653	0.366034813823054	7.494820678537653E-4	1.0851085021327409E-7	0.41600669953791997	8.313809866043094E-4	10.927936629297054	-68.09273505444918
465000	-3473.7383917122656	-3430.718957487779	-43.019434224486595	-3430.718957487779	35.25083038023338	156.03384537189547	0.64861506131349	0.12387211925079104	2.4920224438745495	0.3841054368746653	0.12387211925079104	2.4920224438745495	0.3841054368746653	0.10220296817908735	6.022346592112724E-4	4.074527275919888E-9	0.10661935997895908	5.86220699579587E-4	12.554186320490857	-75.09263363409067
466000	-3528.549282559438	-3434.3011862414937	-94.24809631794434	-3434.3011862414937	45.2185625332006	206.2761918326906	0.64861506131349	0.12387211925079104	2.4920224438745495	0.3841054368746653	0.12387211925079104	2.4920224438745495	0.3841054368746653	0.3527197811180622	4.8456335390906425E-4	2.220441710739214E-8	0.309006967568328	4.5887721384137365E-4	22.2799750567153	-79.54357555710703
467000	-3469.7690767256167	-3430.942292665916	-38.826784059701076	-3430.942292665916	56.395966350923096	283.40457140583163	0.64861506131349	0.12387211925079104	2.4920224438745495	0.3841054368746653	0.12387211925079104	2.4920224438745495	0.3841054368746653	0.06599485070602315	3.582259107396369E-4	3.406535514924826E-10	0.05201275049537536	3.5201151967695555E-4	25.414991791988708	-88.82627123430348
468000	-3469.815374545136	-3426.5625269471834	-43.25284759795229	-3426.5625269471834	42.301990344634454	216.36470303460825	0.64861506131349	0.12387211925079104	2.4920224438745495	0.3841054368746653	0.12387211925079104	2.4920224438745495	0.3841054368746653	0.09901636812365834	4.155458916489042E-4	9.113702358262888E-10	0.07335343445871115	4.145266943591773E-4	19.398913031505316	-83.87159977193957
469000	-3473.8163808888494	-3424.7749867041816	-49.04139418466766	-3424.7749867041816	49.59276442053714	214.3295129020054	0.64861506131349	0.12387211925079104	2.4920224438745495	0.3841054368746653	0.12387211925079104	2.4920224438745495	0.3841054368746653	0.0950896588039184	3.718635530123022E-4	1.140758430492129E-9	0.09228105427512019	3.57277857720508E-4	15.043489854854029	-83.26135974623713
470000	-3465.8194792509325	-3425.214409624461	-40.60506962647168	-3425.214409624461	44.06477765110249	213.1329461852495	0.64861506131349	0.12387211925079104	2.4920224438745495	0.3841054368746653	0.12387211925079104	2.4920224438745495	0.3841054368746653	0.0860570702059789	4.4747752186987365E-4	1.0941169275734765E-9	0.07439891429961992	4.5037787423265487E-4	21.195903046386224	-81.46830744196588
471000	-3488.2029712514845	-3425.9641976670173	-62.238773584467125	-3425.9641976670173	49.32321851099323	229.86810495252718	0.64861506131349	0.12387211925079104	2.4920224438745495	0.3841054368746653	0.12387211925079104	2.4920224438745495	0.3841054368746653	0.1519643141752813	4.2624135816190145E-4	2.6838694578491867E-9	0.12200417308415003	4.30391259852503E-4	27.442242371658033	-82.51791646417657
472000	-3509.0902874274866	-3427.4955320000995	-81.59475542738689	-3427.4955320000995	55.22695539201571	236.8139097945984	0.64861506131349	0.12387211925079104	2.4920224438745495	0.3841054368746653	0.12387211925079104	2.4920224438745495	0.3841054368746653	0.25764304556148365	4.1344577149854926E-4	1.1006783822363888E-8	0.23275585402045912	4.594068959955674E-4	18.389961709030267	-83.49172317293176
473000	-3499.227476921963	-3439.562671991855	-59.66480493010785	-3439.562671991855	40.118034541595456	174.4480433122996	0.64861506131349	0.12387211925079104	2.4920224438745495	0.3841054368746653	0.12387211925079104	2.4920224438745495	0.3841054368746653	0.13830461271729233	5.56734839804892E-4	7.42543335246947E-9	0.1592097966825254	5.288166990282626E-4	18.58458518973616	-75.73381028993467
474000	-3500.8765427318845	-3429.2189944811594	-71.65754825072496	-3429.2189944811594	38.086998632819046	175.8790702737557	0.64861506131349	0.12387211925079104	2.4920224438745495	0.3841054368746653	0.12387211925079104	2.4920224438745495	0.3841054368746653	0.2162627051555778	5.716154650587747E-4	1.4311385185275997E-8	0.2054613478109856	5.758906016802226E-4	16.154561545778943	-77.5897192900979
475000	-3529.023533270202	-3439.8315046699595	-89.19202860024231	-3439.8315046699595	64.47657778750688	235.9534025345151	0.64861506131349	0.12387211925079104	2.4920224438745495	0.3841054368746653	0.12387211925079104	2.4920224438745495	0.3841054368746653	0.29708981694355063	5.093051382763209E-4	2.155693215801838E-8	0.28798567820835813	4.980206186149719E-4	19.514938461222197	-80.25067690984883
476000	-3533.7754394905937	-3431.3374838362915	-102.43795565430204	-3431.3374838362915	43.589903797444194	213.81303119980524	0.64861506131349	0.12387211925079104	2.4920224438745495	0.3841054368746653	0.12387211925079104	2.4920224438745495	0.3841054368746653	0.2848228494959503	5.161888913038099E-4	2.94065536158932E-8	0.3536453314965896	4.562836701272197E-4	13.73092493367773	-88.0121438435978
477000	-3520.571531237788	-3432.976096808659	-87.59543442912913	-3432.976096808659	77.59730249468888	281.081657180091	0.64861506131349	0.2538856808903137	2.3620088822350267	0.3841054368746653	0.2538856808903137	2.3620088822350267	0.3841054368746653	0.2567770398450882	3.546709536707355E-4	8.814444443755685E-9	0.26031448261960194	3.452907376887407E-4	20.321637995237207	-83.50226476674145
478000	-3516.7371413668966	-3423.293419787228	-93.44372157966879	-3423.293419787228	88.99428095878706	356.9184851404674	0.64861506131349	0.2538856808903137	2.3620088822350267	0.3841054368746653	0.2538856808903137	2.3620088822350267	0.3841054368746653	0.2217506206417533	2.869638975057617E-4	5.499312751994933E-9	0.24140983251273782	3.12622970302977E-4	20.43927264907904	-93.45579261238697
479000	-3465.9229157029263	-3427.3346309074655	-38.588284795460844	-3427.3346309074655	68.03206228592641	331.82974224258624	0.64861506131349	0.10040782098685758	2.3620088822350267	0.5375832967781214	0.10040782098685758	2.3620088822350267	0.5375832967781214	0.04224285467345481	3.0857099016263015E-4	1.730403395281838E-10	0.0431200116115759	3.018418948372673E-4	20.99017060987136	-97.95464910352226
480000	-3487.9247478188177	-3426.6105897824186	-61.31415803639909	-3426.6105897824186	72.082591185471	330.8436635486193	0.64861506131349	0.10040782098685758	2.361639531187693	0.537952647825455	0.10040782098685758	2.361639531187693	0.537952647825455	0.09963208220928782	2.771196301727527E-4	7.401051978522588E-10	0.09626157708591355	2.827816420514048E-4	29.23198023145722	-90.34054233305714
481000	-3506.465548076624	-3430.3861737812636	-76.07937429536044	-3430.3861737812636	49.79213375674748	225.47044173022718	0.64861506131349	0.10040782098685758	2.67596344653411	0.22362873247903833	0.10040782098685758	2.67596344653411	0.22362873247903833	0.18531622120712538	4.4166556076482443E-4	6.223833416492073E-9	0.18361314315184157	4.1283341720597553E-4	19.883418519574647	-82.36397265718674
482000	-3528.883382489964	-3435.4292363361506	-93.45414615381344	-3435.4292363361506	76.10816276545934	286.1545546459134	0.64861506131349	0.10040782098685758	2.67596344653411	0.22362873247903833	0.10040782098685758	2.67596344653411	0.22362873247903833	0.2962294747141005	4.2322069724486095E-4	1.5467618594175776E-8	0.2831922771931659	4.326605337161997E-4	21.965749300507003	-83.44780094272224
483000	-3492.3781385143234	-3433.31232129847	-59.06581721585348	-3433.31232129847	42.657888709026	198.33575001894667	0.64861506131349	0.10040782098685758	2.67596344653411	0.22362873247903833	0.10040782098685758	2.67596344653411	0.22362873247903833	0.12446324658881408	4.977437094964584E-4	3.827972556040495E-9	0.12850951789251155	4.756000052474741E-4	14.266708718524969	-82.03828664093817
484000	-3498.0485540797795	-3425.782471054232	-72.26608302554781	-3425.782471054232	39.807598301369666	203.37636032286048	0.8072519545038036	0.10040782098685758	2.67596344653411	0.22362873247903833	0.10040782098685758	2.67596344653411	0.22362873247903833	0.1449630896619615	5.272555146657655E-4	7.163180227521199E-9	0.16999309664844825	4.881687595604639E-4	23.479525267701906	-81.76402598772674
485000	-3509.6825615080666	-3424.645937566152	-85.03662394191443	-3424.645937566152	27.33510069505326	149.72298381660266	0.8072519545038036	0.10040782098685758	2.67596344653411	0.22362873247903833	0.10040782098685758	2.67596344653411	0.22362873247903833	0.32351311895914925	6.196348635666716E-4	3.274025977358755E-8	0.3036630159303129	5.769099814975543E-4	17.07496390803833	-76.24962761501357
486000	-3509.299868588018	-3426.24150900034	-83.05835958767786	-3426.24150900034	36.89177557712454	179.10798777772973	0.8072519545038036	0.10040782098685758	2.67596344653411	0.22362873247903833	0.10040782098685758	2.67596344653411	0.22362873247903833	0.26451486257070267	4.753872978011935E-4	1.5690520739158666E-8	0.2802384436614305	4.4997336324051156E-4	19.225755550377897	-78.27897645293821
487000	-3510.65491305849	-3428.2612885998383	-82.39362445865154	-3428.2612885998383	41.36291535769684	192.87781432253536	0.8072519545038036	0.10040782098685758	2.5442129961790267	0.3553791828341216	0.10040782098685758	2.5442129961790267	0.3553791828341216	0.25241627260942506	5.12763293961695E-4	1.501430891731399E-8	0.2581859164885541	4.609362850242757E-4	19.12952789948556	-78.47874432085395
488000	-3518.1993807239087	-3426.849675030534	-91.34970569337466	-3426.849675030534	49.64018019056614	242.419158110014	0.8072519545038036	0.10040782098685758	2.5442129961790267	0.3553791828341216	0.10040782098685758	2.5442129961790267	0.3553791828341216	0.26172488609761513	4.475033597072206E-4	1.534920200112447E-8	0.27426759603190326	4.773367018659242E-4	18.180180250878006	-87.04230589201424
489000	-3513.301290814808	-3424.9497861283053	-88.35150468650252	-3424.9497861283053	41.56893418014819	219.41728245688836	0.8072519545038036	0.10040782098685758	2.5442129961790267	0.3553791828341216	0.10040782098685758	2.5442129961790267	0.3553791828341216	0.2239840587849064	5.197702617044195E-4	1.9848819674960417E-8	0.2805821341400452	4.977459856074573E-4	16.980813765161034	-85.0646772951925
490000	-3511.0324688526503	-3428.1092985810915	-82.92317027155863	-3428.1092985810915	41.015533165600516	183.58951749498965	0.8069069443457305	0.10040782098685758	2.5442129961790267	0.3553791828341216	0.10040782098685758	2.5442129961790267	0.3553791828341216	0.30589703335392604	6.010416545384906E-4	2.6762656984955662E-8	0.2730664728663711	5.796536058972704E-4	17.310310165663697	-77.8122829199845
491000	-3505.234898389156	-3428.9691300394534	-76.26576834970274	-3428.9691300394534	49.01429287580325	205.00414323609874	0.8069069443457305	0.10040782098685758	2.5442129961790267	0.3553791828341216	0.10040782098685758	2.5442129961790267	0.3553791828341216	0.20143308667197196	5.775294606871517E-4	1.2351350572605052E-8	0.20937382463585658	5.192624378837272E-4	14.005685595792096	-81.19171898331977
492000	-3518.783033625457	-3428.818925822081	-89.96410780337601	-3428.818925822081	47.90161922018763	179.5253355490153	0.8069069443457305	0.1392679343722809	2.5053528827936034	0.3553791828341216	0.1392679343722809	2.5053528827936034	0.3553791828341216	0.30677383510800144	5.385464246708585E-4	5.21830242981343E-8	0.38729754334845895	6.039898636609321E-4	17.83164114846891	-73.40046891580286
493000	-3501.5757284868496	-3424.9691745357386	-76.60655395111117	-3424.9691745357386	37.07609495752076	166.3078630892999	0.8069069443457305	0.1392679343722809	2.5053528827936034	0.3553791828341216	0.1392679343722809	2.5053528827936034	0.3553791828341216	0.21254852656707976	5.993490772741428E-4	1.8776416695148954E-8	0.23965241402298088	5.859267843233896E-4	14.629316886439534	-76.4451216163095
494000	-3504.36448883352	-3430.638722820239	-73.72576601328132	-3430.638722820239	46.15109736514293	203.15044592731422	0.8069069443457305	0.1392679343722809	2.5053528827936034	0.3553791828341216	0.1392679343722809	2.5053528827936034	0.3553791828341216	0.22933696960688185	4.835883128668277E-4	8.32779409010477E-9	0.20343076685618347	4.6865797094386994E-4	19.357726823556668	-79.38585941252394
495000	-3533.84905819049	-3427.7680035601243	-106.08105463036568	-3427.7680035601243	38.29789906514249	192.8970909851895	0.8069069443457305	0.1392679343722809	2.5053528827936034	0.3553791828341216	0.1392679343722809	2.5053528827936034	0.3553791828341216	0.37803411377658513	5.716444249353689E-4	8.591585201848721E-8	0.5526273338653414	5.045466031454655E-4	20.504961310427557	-79.72691624202301
496000	-3541.0588653804716	-3422.6142198323387	-118.44464554813293	-3422.6142198323387	34.41941258674841	197.82235393816677	0.8069069443457305	0.1392679343722809	2.5053528827936034	0.3553791828341216	0.1392679343722809	2.5053528827936034	0.3553791828341216	0.5005420637204289	5.280482879748458E-4	1.0649020878570853E-7	0.64367169304736	4.7766627005397833E-4	28.867699987681828	-82.49931389054385
497000	-3520.2859453736855	-3420.676179815421	-99.6097655582645	-3420.676179815421	28.50273755511937	153.16573015435387	0.8069069443457305	0.1392679343722809	2.5053528827936034	0.3553791828341216	0.1392679343722809	2.5053528827936034	0.3553791828341216	0.40581872649385087	6.049378132282919E-4	1.0595719275820309E-7	0.5295266496900133	5.791277653612403E-4	13.722059390717297	-77.3689847744893
498000	-3528.1169897887266	-3434.733891470913	-93.38309831781368	-3434.733891470913	39.57169125635433	178.23332978119456	0.8069069443457305	0.1392679343722809	2.5053528827936034	0.3553791828341216	0.1392679343722809	2.5053528827936034	0.3553791828341216	0.33418322703148273	6.752414381334588E-4	4.528194049248606E-8	0.3266915255564616	6.099293082425268E-4	16.276527501636462	-78.90022972822412
499000	-3514.1616458552908	-3431.064983499819	-83.09666235547162	-3431.064983499819	72.75171551208292	264.3634798156413	0.8069069443457305	0.1392679343722809	2.480644896647289	0.3800871689804356	0.1392679343722809	2.480644896647289	0.3800871689804356	0.2647697518270687	3.906151474578977E-4	1.0310784587814829E-8	0.2530083299893111	4.0953170855283693E-4	15.57070706612647	-84.11189516479917
500000	-3524.7933031752336	-3427.4570807916466	-97.33622238358718	-3427.4570807916466	32.7656547712896	158.14052326286944	0.8069069443457305	0.1392679343722809	2.480644896647289	0.3800871689804356	0.1392679343722809	2.480644896647289	0.3800871689804356	0.4503532893887036	5.446268093213995E-4	8.591316708447683E-8	0.5403887081537435	5.237286051965201E-4	13.208739929336945	-74.77911228352232
501000	-3537.2925999206304	-3430.1639741603235	-107.12862576030709	-3430.1639741603235	39.75717415152277	162.01798435011457	0.7848457109679781	0.057018878335700046	2.566509007270185	0.3764721143941171	0.057018878335700046	2.566509007270185	0.3764721143941171	0.5060344105738215	4.910032276234004E-4	1.3404226905531318E-7	0.7367403027033713	4.641682685337098E-4	16.55996908696289	-73.92198938669743
502000	-3502.3652949640054	-3431.8471121565076	-70.51818280749806	-3431.8471121565076	37.80789216163018	164.93383640294695	0.7848457109679781	0.057018878335700046	2.566509007270185	0.3764721143941171	0.057018878335700046	2.566509007270185	0.3764721143941171	0.2052199581830618	5.764375947129409E-4	1.3417666838085415E-8	0.2000847841341529	5.745131486466611E-4	17.204274289871123	-76.15608471383956
503000	-3515.134347469875	-3428.3167279019167	-86.81761956795863	-3428.3167279019167	39.3892486622569	176.29358396121754	0.7848457109679781	0.057018878335700046	2.566509007270185	0.3764721143941171	0.057018878335700046	2.566509007270185	0.3764721143941171	0.30258945583179553	5.236552946201249E-4	2.930885269990471E-8	0.31296265735254675	5.496188439356366E-4	15.36321379882995	-79.32987671218235
504000	-3515.9578846571058	-3433.831470802383	-82.1264138547224	-3433.831470802383	45.484840500850225	185.07452012307508	0.7848457109679781	0.057018878335700046	2.566509007270185	0.3764721143941171	0.057018878335700046	2.566509007270185	0.3764721143941171	0.31272210533565487	4.758795370491911E-4	1.7846777397690253E-8	0.27636623289953394	5.201360900054209E-4	15.435547331398642	-76.83958115677504
505000	-3509.6762340602936	-3424.4059739087525	-85.27026015154115	-3424.4059739087525	44.9817215730909	191.43345777836626	0.7848457109679781	0.057018878335700046	2.5045193116852436	0.4384618099790582	0.057018878335700046	2.5045193116852436	0.4384618099790582	0.2598159967064553	5.432666187087793E-4	2.7092975565307074E-8	0.3065633908062536	5.73748756181614E-4	15.435547331398642	-78.48202272661392
506000	-3501.879974906105	-3433.7160784182447	-68.16389648786034	-3433.7160784182447	48.980486167091115	192.70334841666204	0.7848457109679781	0.057018878335700046	2.5045193116852436	0.4384618099790582	0.057018878335700046	2.5045193116852436	0.4384618099790582	0.19119111944841258	6.161803597119781E-4	1.562566198455699E-8	0.2024293433432718	6.156566189265838E-4	14.792701985681111	-77.59850443333897
507000	-3497.1080307776974	-3436.2152144287847	-60.892816348912454	-3436.2152144287847	48.017950299817095	196.4693508168363	0.7848457109679781	0.057018878335700046	2.5045193116852436	0.4384618099790582	0.057018878335700046	2.5045193116852436	0.4384618099790582	0.12305911752116468	6.063169299871969E-4	7.698433187681408E-9	0.1410129089149209	6.156566189265838E-4	21.119985347855916	-77.75791733195166
508000	-3535.2048881143787	-3433.4550021587684	-101.74988595561022	-3433.4550021587684	29.19755583745166	158.12160890682438	0.7848457109679781	0.22906277069463296	2.4389560848625367	0.3319811444428322	0.22906277069463296	2.4389560848625367	0.3319811444428322	0.3973880107830506	6.197510958918026E-4	8.202328551413346E-8	0.4641213489575845	5.918966148624382E-4	14.058273902681737	-78.57974289941157
509000	-3536.5320919515348	-3440.9362973913144	-95.59579456022048	-3440.9362973913144	34.02189731250249	185.3007940970534	0.7848457109679781	0.22906277069463296	2.4389560848625367	0.3319811444428322	0.22906277069463296	2.4389560848625367	0.3319811444428322	0.31717807739694076	4.711406063768227E-4	2.4333779522797557E-8	0.3679089423699131	4.5364371504086196E-4	15.80609416133388	-82.5860790446171
510000	-3528.231928578672	-3435.912496801483	-92.31943177718897	-3435.912496801483	30.69622562538159	157.3821029852578	0.7848457109679781	0.10702878927716321	2.5609900662800062	0.3319811444428322	0.10702878927716321	2.5609900662800062	0.3319811444428322	0.298469808738014	6.030379837939761E-4	3.3317276173946714E-8	0.3259625315326163	5.17619497230174E-4	10.077977899806024	-79.56021092955487
511000	-3533.0129240936994	-3423.8341888087793	-109.17873528492017	-3423.8341888087793	32.732855303426845	187.2388959012481	0.7848457109679781	0.10702878927716321	2.4801717281177424	0.41279948260509614	0.10702878927716321	2.4801717281177424	0.41279948260509614	0.4860178990869224	5.908283849268735E-4	5.442526906047065E-8	0.49749271726926947	4.313883262179851E-4	18.0052749358454	-81.74307647688065
512000	-3530.915787362273	-3426.9299239081256	-103.98586345414763	-3426.9299239081256	27.572481079183262	158.6480179115731	0.7848457109679781	0.10702878927716321	2.4801717281177424	0.41279948260509614	0.10702878927716321	2.4801717281177424	0.41279948260509614	0.4457409332543504	6.14638636398291E-4	7.31804378585565E-8	0.5429597629948626	4.8471659009187125E-4	18.0052749358454	-79.12374964552362
513000	-3520.6516086278275	-3429.3574356851386	-91.29417294268873	-3429.3574356851386	27.078978115416724	143.1787492163082	0.7848457109679781	0.10702878927716321	2.4801717281177424	0.41279948260509614	0.10702878927716321	2.4801717281177424	0.41279948260509614	0.4112551184741834	6.891770324727542E-4	5.65259236626422E-8	0.3792029614616817	6.19465748879907E-4	10.915705581973404	-76.80639331753953
514000	-3523.337923332251	-3424.470571309348	-98.86735202290312	-3424.470571309348	27.192793549744472	149.6855498409125	0.7848457109679781	0.10702878927716321	2.4801717281177424	0.41279948260509614	0.10702878927716321	2.4801717281177424	0.41279948260509614	0.3986567565064499	6.488373270932516E-4	6.684460931075874E-8	0.44208324136147653	5.680114632917066E-4	11.086557398369937	-79.77444774607171
515000	-3526.4328150378396	-3433.6425197812027	-92.79029525663695	-3433.6425197812027	43.47859075811299	178.9420586387175	0.7848457109679781	0.10702878927716321	2.4801717281177424	0.41279948260509614	0.10702878927716321	2.4801717281177424	0.41279948260509614	0.37016394227230054	6.759000692795557E-4	5.493847740117971E-8	0.3334357900319759	6.947096456089004E-4	14.83630456549121	-77.31463411318386
516000	-3518.1685693302716	-3434.861830777645	-83.30673855262631	-3434.861830777645	42.826467096701734	171.01096446168617	0.7848457109679781	0.10702878927716321	2.4801717281177424	0.41279948260509614	0.10702878927716321	2.4801717281177424	0.41279948260509614	0.3830912517997937	6.472189514750096E-4	5.108090862585162E-8	0.35348904418649674	6.947096456089004E-4	14.610458760450193	-74.10899083059472
517000	-3525.5571574399423	-3430.6793672172403	-94.87779022270209	-3430.6793672172403	32.06538096872099	159.0792165750917	0.7848457109679781	0.10702878927716321	2.4801717281177424	0.41279948260509614	0.10702878927716321	2.4801717281177424	0.41279948260509614	0.42958712049106007	5.798099429988473E-4	4.640976874610039E-8	0.4260566407790052	5.315658818272692E-4	12.392714410428436	-79.48563137234633
518000	-3537.4549218772077	-3426.0553928833556	-111.39952899385194	-3426.0553928833556	29.858968978993286	167.44493718591914	0.7848457109679781	0.10702878927716321	2.4801717281177424	0.41279948260509614	0.10702878927716321	2.4801717281177424	0.41279948260509614	0.5134180453463408	5.464470926370799E-4	7.742275850739894E-8	0.6230133422555807	4.2938741166119763E-4	17.142637963663404	-79.43086795205224
519000	-3533.477401125169	-3426.211421647126	-107.26597947804314	-3426.211421647126	28.357432425911007	155.95337852691935	0.7848457109679781	0.10702878927716321	2.4801717281177424	0.41279948260509614	0.10702878927716321	2.4801717281177424	0.41279948260509614	0.41999684162410444	7.273736710021501E-4	1.182479967879849E-7	0.507313164127909	5.978461331846395E-4	15.747118810517561	-77.03058704809206
520000	-3519.8791761781463	-3422.4078285582164	-97.47134761992979	-3422.4078285582164	28.906093858270104	157.3971435099196	0.7848457109679781	0.10702878927716321	2.4801717281177424	0.41279948260509614	0.10702878927716321	2.4801717281177424	0.41279948260509614	0.4437232652945998	5.618603728546935E-4	4.6687397387921466E-8	0.4429344875651829	5.031124579534666E-4	14.536954377344992	-77.62541757896591
521000	-3513.981360471646	-3438.1613582734126	-75.82000219823338	-3438.1613582734126	29.01282271105243	151.498135112912	0.7848457109679781	0.10702878927716321	2.4801717281177424	0.41279948260509614	0.10702878927716321	2.4801717281177424	0.41279948260509614	0.2393163149002738	6.465715422242068E-4	2.049966942855052E-8	0.25496294885436444	5.488526110892524E-4	15.473991556342257	-76.3254817668004
522000	-3515.3194698847765	-3427.2867797680956	-88.03269011668068	-3427.2867797680956	34.39193681595452	157.82810166855353	0.7848457109679781	0.10702878927716321	2.4801717281177424	0.41279948260509614	0.10702878927716321	2.4801717281177424	0.41279948260509614	0.3267952118147628	7.397341195785327E-4	7.628366715493268E-8	0.4020179419544674	6.905872817763527E-4	10.59965763852461	-78.59292927398818
523000	-3527.400597857215	-3424.51886267673	-102.88173518048487	-3424.51886267673	47.47812740518963	221.9789428306946	0.7848457109679781	0.10702878927716321	2.4801717281177424	0.41279948260509614	0.10702878927716321	2.4801717281177424	0.41279948260509614	0.4065115654217588	4.5661748189100825E-4	4.238549314523701E-8	0.42727959756638734	4.906197067184889E-4	19.484947432439228	-80.8814749142117
524000	-3552.4475424587595	-3427.4388681012874	-125.00867435747185	-3427.4388681012874	37.4211030638632	193.13737346608485	0.7848457109679781	0.10702878927716321	2.4801717281177424	0.41279948260509614	0.10702878927716321	2.4801717281177424	0.41279948260509614	0.5844824766873672	6.309207779956285E-4	2.9850940199535095E-7	0.8110245027873756	6.025408579635187E-4	20.139360243576736	-79.85263821798752
525000	-3521.5643699622096	-3429.136216881227	-92.42815308098264	-3429.136216881227	35.13227934192358	163.86755529816	0.7848457109679781	0.10702878927716321	2.4801717281177424	0.41279948260509614	0.10702878927716321	2.4801717281177424	0.41279948260509614	0.5605478768074877	7.021003458525126E-4	1.143237168127437E-7	0.4794463618182419	8.938735274057524E-4	14.771696300662402	-75.8929890350605
526000	-3528.76453009827	-3426.943059248379	-101.82147084989076	-3426.943059248379	22.119315867447114	109.81985544178426	0.7848457109679781	0.10702878927716321	2.4801717281177424	0.41279948260509614	0.10702878927716321	2.4801717281177424	0.41279948260509614	0.6435379362297229	0.001052590934491531	4.776151502306556E-7	0.5911274174430249	0.001211771580523362	12.471508155077245	-67.4187191859081
527000	-3530.3726071014794	-3427.3585415550174	-103.01406554646204	-3427.3585415550174	44.60366986212896	144.61152132394713	0.7848457109679781	0.10702878927716321	2.4801717281177424	0.41279948260509614	0.10702878927716321	2.4801717281177424	0.41279948260509614	0.7202922841258587	6.236061401967952E-4	5.219063055092282E-7	0.8201943491033422	9.032929869250579E-4	8.769432143728544	-66.81380086701226
528000	-3531.2060470410925	-3421.9204767010447	-109.28557034004781	-3421.9204767010447	23.363133785168955	113.96934111049964	0.7848457109679781	0.10702878927716321	2.555301956707439	0.3376692540153996	0.10702878927716321	2.555301956707439	0.3376692540153996	0.6513187565811678	7.469313711318622E-4	3.365956838956223E-7	0.7312012861203877	6.936238515349013E-4	11.312174242779486	-69.27897822444051
529000	-3528.675497743427	-3420.675981368626	-107.99951637480137	-3420.675981368626	20.339181282368294	103.42503334684415	0.7848457109679781	0.10702878927716321	2.555301956707439	0.3376692540153996	0.10702878927716321	2.555301956707439	0.3376692540153996	0.5352672810900563	9.611033880462818E-4	5.756776950091976E-7	0.7661618878217759	9.088447112304304E-4	7.020738383174947	-71.69483518586661
530000	-3521.432303387442	-3425.965890282718	-95.46641310472398	-3425.965890282718	22.749107847814212	100.91409401064833	0.7848457109679781	0.10702878927716321	2.555301956707439	0.3376692540153996	0.10702878927716321	2.555301956707439	0.3376692540153996	0.5450908403986094	9.246893757915657E-4	3.7403209869879017E-7	0.7010208673447871	9.0067592071612E-4	10.029806110161232	-63.78635556044294
531000	-3535.3420039343396	-3433.7868886579627	-101.55511527637692	-3433.7868886579627	22.404844283247797	105.29714671886717	0.7848457109679781	0.10702878927716321	2.555301956707439	0.3376692540153996	0.10702878927716321	2.555301956707439	0.3376692540153996	0.5148988230154812	8.856971520923131E-4	5.268364540707209E-7	0.7791916621750424	7.928445456288147E-4	10.49694768341997	-66.80597512723108
532000	-3523.846430748477	-3427.5461013897952	-96.30032935868186	-3427.5461013897952	23.128908739305896	111.8604558347886	0.7848457109679781	0.10702878927716321	2.555301956707439	0.3376692540153996	0.10702878927716321	2.555301956707439	0.3376692540153996	0.5652359198604111	9.874837336024823E-4	3.412920143249521E-7	0.6596715166602537	8.751297252740515E-4	9.964351397750782	-69.95928179237292
533000	-3528.748325025522	-3433.7469965860346	-95.00132843948705	-3433.7469965860346	22.276696236258413	88.40774955860927	0.7848457109679781	0.10702878927716321	2.555301956707439	0.3376692540153996	0.10702878927716321	2.555301956707439	0.3376692540153996	0.5753669265824047	0.0012507447636914578	7.917838003589447E-7	0.7540853351681143	0.001013595406395259	7.898323479825694	-59.49093413471193
534000	-3529.6063874121905	-3438.6422510342272	-90.96413637796336	-3438.6422510342272	29.17322789289169	121.30232371155122	0.7848457109679781	0.10702878927716321	2.555301956707439	0.3376692540153996	0.10702878927716321	2.555301956707439	0.3376692540153996	0.48294556319554677	7.269332544678056E-4	1.227450523058469E-7	0.5139878652295544	6.496294660697663E-4	10.43812092931611	-67.36088930248215
535000	-3552.459006290637	-3431.6823667312347	-120.77663955940235	-3431.6823667312347	30.361252148172827	134.7437505369805	0.7848457109679781	0.2245551144127857	2.555301956707439	0.2201429288797771	0.2245551144127857	2.555301956707439	0.2201429288797771	0.6884752831186005	7.964088983877262E-4	9.19470787657543E-7	1.1058752505242382	6.778894352286522E-4	12.115899735873997	-69.03860435814872
536000	-3542.768676044128	-3428.0403155699123	-114.7283604742154	-3428.0403155699123	26.971601145878402	120.61610017226576	0.7848457109679781	0.06668964055141113	2.713167430568814	0.2201429288797771	0.06668964055141113	2.713167430568814	0.2201429288797771	0.7776087653377254	9.457865683448026E-4	1.2568821200408316E-6	1.221198139516827	7.339032212189809E-4	14.762637130811823	-67.92170448734494
537000	-3531.7018822702275	-3431.9056198895682	-99.79626238065933	-3431.9056198895682	25.67373093789888	110.10008191483584	0.7848457109679781	0.15752359632796137	2.6223334747922635	0.2201429288797771	0.15752359632796137	2.6223334747922635	0.2201429288797771	0.5939945953796946	0.0010336477128878544	6.03789311003909E-7	0.7573597741606405	9.129064141509172E-4	9.001699383018371	-64.72012263702253
538000	-3537.208676112446	-3429.13311259382	-108.07556351862596	-3429.13311259382	28.892835494781963	136.10869819387892	0.7848457109679781	0.15752359632796137	2.5480257697871918	0.2944506338848487	0.15752359632796137	2.5480257697871918	0.2944506338848487	0.7466545203518935	7.325155787445411E-4	2.7756721549109893E-7	0.713980225967998	7.310951332751946E-4	13.413178367158991	-71.86738701017269
539000	-3510.8511761870736	-3416.2946332726315	-94.55654291444196	-3416.2946332726315	23.61832494286471	93.21462896789163	0.7848457109679781	0.10094518086972548	2.6046041852454276	0.2944506338848487	0.10094518086972548	2.6046041852454276	0.2944506338848487	0.5282103983571447	0.0010700193108728094	4.421202351343906E-7	0.7253336628662428	9.149265166141047E-4	10.82211224389182	-61.13901448395363
540000	-3518.0239046516554	-3426.7538310768596	-91.27007357479563	-3426.7538310768596	24.23799589312658	99.21639020953202	0.7848457109679781	0.10094518086972548	2.6046041852454276	0.2944506338848487	0.10094518086972548	2.6046041852454276	0.2944506338848487	0.4635097459389549	0.0010250742658168845	3.6134509594623277E-7	0.6823076277879164	8.91771230423361E-4	12.166386962081022	-63.27532572900245
541000	-3529.1776329817667	-3434.4865096200383	-94.69112336172851	-3434.4865096200383	29.8923199531991	117.88276242306651	0.7848457109679781	0.10094518086972548	2.491951347670311	0.40710347145996517	0.10094518086972548	2.491951347670311	0.40710347145996517	0.530949746002536	6.153414676555087E-4	8.733871780906352E-8	0.5682592679706385	5.051620327637644E-4	8.250815235245076	-67.86428298694399
542000	-3535.0844702257978	-3428.999375934454	-106.08509429134399	-3428.999375934454	24.02803081623086	121.87726437702064	0.7848457109679781	0.10094518086972548	2.491951347670311	0.40710347145996517	0.10094518086972548	2.491951347670311	0.40710347145996517	0.6654535410265522	8.183044661429406E-4	3.5936636971605045E-7	0.7794376538730924	7.584976555396971E-4	12.111011259176601	-70.57872788780809
543000	-3528.607442591614	-3427.0313317985856	-101.57611079302822	-3427.0313317985856	30.717944802999952	140.34007257386315	0.7848457109679781	0.10094518086972548	2.491951347670311	0.40710347145996517	0.10094518086972548	2.491951347670311	0.40710347145996517	0.4499908966131329	7.834776232326665E-4	1.3210568254129332E-7	0.49115303956371287	7.286457181030099E-4	23.539588362254612	-72.78937552994685
544000	-3524.317643489201	-3428.0533474375416	-96.26429605165947	-3428.0533474375416	25.58046499948847	131.31026774675004	0.7848457109679781	0.10094518086972548	2.491951347670311	0.40710347145996517	0.10094518086972548	2.491951347670311	0.40710347145996517	0.4573251369569375	6.612535716371615E-4	1.0717025957948166E-7	0.5457186266724742	6.153052887815152E-4	11.469934221993151	-72.91175344245232
545000	-3511.6616788807296	-3430.1984264947055	-81.46325238602427	-3430.1984264947055	22.739809584487368	119.46802930798148	0.7848457109679781	0.10094518086972548	2.491951347670311	0.40710347145996517	0.10094518086972548	2.491951347670311	0.40710347145996517	0.34642622938152373	9.05309244353879E-4	9.968708912054481E-8	0.3866088639552256	8.809448513249011E-4	10.90404479458826	-71.49517560555194
546000	-3524.4539168894903	-3428.781827407103	-95.6720894823874	-3428.781827407103	24.540772516530936	115.06257025919993	0.7848457109679781	0.10094518086972548	2.63150762888206	0.26754719024821616	0.10094518086972548	2.63150762888206	0.26754719024821616	0.599582811667196	7.865821414719515E-4	2.2709832281120048E-7	0.5994856216511548	8.571381497563985E-4	10.018813645765539	-69.49778826015653
547000	-3534.944194189604	-3428.6114590978113	-106.33273509179273	-3428.6114590978113	27.911481235334584	143.0665354651899	0.7848457109679781	0.10094518086972548	2.572077099745014	0.3269777193852616	0.10094518086972548	2.572077099745014	0.3269777193852616	0.7079760412279431	7.487705595317615E-4	2.043818352487082E-7	0.6865906694747866	7.140818044165745E-4	14.960882608582448	-73.68794015132097
548000	-3538.5822461109346	-3430.1610749048127	-108.42117120612191	-3430.1610749048127	32.74491836280935	151.30911184259	0.7848457109679781	0.1530556664849836	2.519966614129756	0.3269777193852616	0.1530556664849836	2.519966614129756	0.3269777193852616	0.5090654298696362	6.663261014707592E-4	1.8159899093831324E-7	0.5801153238139496	7.028886388316171E-4	10.029692976567118	-77.30648325776575
549000	-3537.2986994402504	-3437.34378296509	-99.95491647516036	-3437.34378296509	28.93288387117971	153.82206529673508	0.7848457109679781	0.1530556664849836	2.519966614129756	0.3269777193852616	0.1530556664849836	2.519966614129756	0.3269777193852616	0.3556821738036173	4.6215073934800153E-4	3.7537571327909616E-8	0.42917365780862604	4.263960636287564E-4	18.87543386149481	-75.93217615101743
550000	-3540.12853480229	-3432.6311798737784	-107.49735492851134	-3432.6311798737784	28.62516238259705	129.05946476870588	0.7848457109679781	0.1530556664849836	2.519966614129756	0.3269777193852616	0.1530556664849836	2.519966614129756	0.3269777193852616	0.574866988950269	6.277508825685618E-4	1.8285675576818074E-7	0.6271954758230904	5.696558708042143E-4	11.643878903361687	-70.46415570494636
551000	-3520.223254477991	-3422.217079251928	-98.00617522606262	-3422.217079251928	24.861755228948905	130.38931128080682	0.7848457109679781	0.1530556664849836	2.519966614129756	0.3269777193852616	0.1530556664849836	2.519966614129756	0.3269777193852616	0.6059549590634364	8.171379770795223E-4	1.7172143679782626E-7	0.5801570514707438	7.848301749338864E-4	11.355882156765274	-73.56237118596505
552000	-3529.405588863372	-3430.622119788743	-98.78346907462921	-3430.622119788743	23.789192991512486	117.941082230037	0.7848457109679781	0.07354251539078505	2.4876852888312406	0.43877219577797566	0.07354251539078505	2.4876852888312406	0.43877219577797566	0.6164617238778483	7.824072119527407E-4	2.5485258168381364E-7	0.6996718610899957	7.839274353931602E-4	10.600496910996066	-70.3390787202323
553000	-3534.110672084628	-3424.5637507876127	-109.54692129701527	-3424.5637507876127	22.313437368143724	105.89715357494077	0.7848457109679781	0.07354251539078505	2.6073208907881447	0.3191365938210714	0.07354251539078505	2.6073208907881447	0.3191365938210714	0.6878615690425259	9.787510355156698E-4	6.927686788590335E-7	0.7862115850073108	8.928312786045074E-4	11.469740879358712	-66.21339515450148
554000	-3538.405736596964	-3427.498159377452	-110.90757721951177	-3427.498159377452	23.86130213740075	123.20837554429689	0.7848457109679781	0.07354251539078505	2.6073208907881447	0.3191365938210714	0.07354251539078505	2.6073208907881447	0.3191365938210714	0.6083721309232616	6.863732945514397E-4	1.7534612507246157E-7	0.7270078493541792	5.041171938418562E-4	12.87554380076042	-70.94104581790249
555000	-3518.709984694083	-3424.9658311303615	-93.74415356372135	-3424.9658311303615	23.9369810922254	111.16972991139579	0.7848457109679781	0.07354251539078505	2.5284424001479966	0.3980150844612196	0.07354251539078505	2.5284424001479966	0.3980150844612196	0.4993059239378719	7.15865862996028E-4	2.1158299132063367E-7	0.656091521904839	6.933731558581564E-4	11.77562695819949	-66.93684764519045
556000	-3527.1578354733833	-3424.854612999771	-102.30322247361255	-3424.854612999771	30.311430390511507	112.57851593682817	0.7848457109679781	0.07354251539078505	2.5284424001479966	0.3980150844612196	0.07354251539078505	2.5284424001479966	0.3980150844612196	0.8731106583796149	7.785825267568614E-4	5.310663274381199E-7	0.8496331697512172	8.881618470559678E-4	8.127820529439054	-63.74904310725133
557000	-3525.0733400958793	-3434.6198555799947	-90.45348451588454	-3434.6198555799947	21.2296334202869	93.88748860608085	0.7848457109679781	0.07354251539078505	2.5284424001479966	0.3980150844612196	0.07354251539078505	2.5284424001479966	0.3980150844612196	0.6662365543056475	0.0012956990613873403	6.245743306973525E-7	0.6405308306501744	0.0013816055875339143	9.308765445010032	-63.188443130789324
558000	-3532.5551411758174	-3433.3988604004676	-99.1562807753498	-3433.3988604004676	20.36416795346461	99.36478663902838	0.7848457109679781	0.07354251539078505	2.5284424001479966	0.3980150844612196	0.07354251539078505	2.5284424001479966	0.3980150844612196	0.7426123491792778	0.0010293410675870866	4.074150878989279E-7	0.6474488281411215	0.0010263612552934298	10.47197908508723	-65.53167943401328
559000	-3523.688536827719	-3437.5620717571333	-86.1264650705856	-3437.5620717571333	24.700212395813388	115.560933539283	0.7848457109679781	0.07354251539078505	2.5284424001479966	0.3980150844612196	0.07354251539078505	2.5284424001479966	0.3980150844612196	0.42040592526056697	0.0010230744653165168	1.6940717657775337E-7	0.45868202563227173	9.596488504217764E-4	15.950048773916878	-68.58431330275897
560000	-3518.1320531994947	-3429.7677769397305	-88.36427625976428	-3429.7677769397305	26.21925746127725	119.68962570997073	0.7848457109679781	0.07354251539078505	2.5284424001479966	0.3980150844612196	0.07354251539078505	2.5284424001479966	0.3980150844612196	0.37950508096525204	8.004170156363181E-4	9.312591827038492E-8	0.40681857501855245	7.027963946393932E-4	13.556141692724974	-68.29672035489556
561000	-3529.956008506883	-3430.1785864664043	-99.77742204047868	-3430.1785864664043	21.488346365932188	111.0543237402248	0.7848457109679781	0.1784066593611054	2.4235782561776764	0.3980150844612196	0.1784066593611054	2.4235782561776764	0.3980150844612196	0.5771107317911127	8.908416704670353E-4	2.4513362000846157E-7	0.5571410661800781	8.876895074067788E-4	8.395684866533049	-71.0449839455808
562000	-3529.195247126323	-3445.7425897188023	-83.4526574075206	-3445.7425897188023	22.86829997002693	111.10853322558154	0.7848457109679781	0.1784066593611054	2.51424631475607	0.3073470258828259	0.1784066593611054	2.51424631475607	0.3073470258828259	0.4591992422889372	0.001007122053402757	2.0655336571720758E-7	0.4487405960503742	0.0010233434231705007	9.458263635464931	-68.45915434529135
563000	-3530.203607157639	-3433.863682167728	-96.33992498991104	-3433.863682167728	27.89935553296813	139.06716477536298	0.7848457109679781	0.1784066593611054	2.51424631475607	0.3073470258828259	0.1784066593611054	2.51424631475607	0.3073470258828259	0.5811864817095653	7.19349507962006E-4	1.9858160274047836E-7	0.6265977861231078	7.972834101296789E-4	14.670745929326122	-73.17543063386455
564000	-3529.6427363295584	-3423.864733151081	-105.77800317847736	-3423.864733151081	24.631815506373734	135.5428569429411	0.7848457109679781	0.1784066593611054	2.51424631475607	0.3073470258828259	0.1784066593611054	2.51424631475607	0.3073470258828259	0.6125580517020726	7.479871787143187E-4	1.9805743941107463E-7	0.6775266104012266	6.964766291187398E-4	14.105105573605453	-74.92782338214238
565000	-3510.851392787963	-3429.6846710364803	-81.16672175148292	-3429.6846710364803	23.229738199643588	111.35461288584516	0.7848457109679781	0.1784066593611054	2.51424631475607	0.3073470258828259	0.1784066593611054	2.51424631475607	0.3073470258828259	0.4749200508939177	9.123382596659171E-4	1.399265874210687E-7	0.4173004248964173	0.0010179918595938596	9.595610164452593	-67.2016533983904
566000	-3538.032488669098	-3439.0357014805654	-98.99678718853221	-3439.0357014805654	24.347962541280527	121.50255108971845	0.7848457109679781	0.1784066593611054	2.51424631475607	0.3073470258828259	0.1784066593611054	2.51424631475607	0.3073470258828259	0.46441811066781513	8.165407196439929E-4	1.938748602465512E-7	0.5176064943015338	7.763188521182307E-4	12.956842890864497	-69.74738822500922
567000	-3520.73943818657	-3422.1799960247745	-98.55944216179552	-3422.1799960247745	26.524978988846268	128.5702650295832	0.7848457109679781	0.04446672083044248	2.51424631475607	0.4412869644134888	0.04446672083044248	2.51424631475607	0.4412869644134888	0.4887259318654374	7.195246540026784E-4	1.6257550972565615E-7	0.5930155721420807	7.35494097517244E-4	16.225990601363687	-71.60833934535023
568000	-3523.8121630463083	-3419.4892180388265	-104.32294500748198	-3419.4892180388265	33.72882168357658	154.18301578592633	0.7848457109679781	0.04446672083044248	2.51424631475607	0.4412869644134888	0.04446672083044248	2.51424631475607	0.4412869644134888	0.6563789993688379	6.638075223549374E-4	1.7527597370520466E-7	0.6494984288163631	6.715740130727216E-4	11.944167241739088	-75.34647593609766
569000	-3513.780952465878	-3426.8941285919277	-86.88682387395016	-3426.8941285919277	26.25099055779961	122.82825909593507	0.7848457109679781	0.04446672083044248	2.51424631475607	0.4412869644134888	0.04446672083044248	2.51424631475607	0.4412869644134888	0.582500306053361	8.685413889828063E-4	1.6579420713961376E-7	0.46635124403163486	0.0010501632957158466	11.707008608512778	-69.73816084759561
570000	-3528.7213049998973	-3438.994826927816	-89.72647807208098	-3438.994826927816	25.291120951445574	118.83107916904436	0.7848457109679781	0.04446672083044248	2.51424631475607	0.4412869644134888	0.04446672083044248	2.51424631475607	0.4412869644134888	0.4267157739847408	7.592440240556906E-4	1.9623802821174297E-7	0.6002057098959956	8.009848017824015E-4	14.750255976378545	-68.24100728734307
571000	-3522.7958478495566	-3426.124947551327	-96.67090029822992	-3426.124947551327	29.210657291014883	153.1732249552967	0.7848457109679781	0.04446672083044248	2.51424631475607	0.4412869644134888	0.04446672083044248	2.51424631475607	0.4412869644134888	0.49070087427314435	5.961910176870013E-4	5.899725304317358E-8	0.4492679761615095	6.351321753649415E-4	15.029948838920903	-77.37102769143033
572000	-3530.735585480482	-3432.168290547356	-98.56729493312596	-3432.168290547356	25.914739468649586	122.19224527890005	0.7848457109679781	0.04446672083044248	2.51424631475607	0.4412869644134888	0.04446672083044248	2.51424631475607	0.4412869644134888	0.5739466457167421	7.067100373856378E-4	2.0218916492827052E-7	0.6743197034707457	6.451843742210873E-4	9.00805238287462	-69.80947327844537
573000	-3537.2501054711543	-3438.9101724538577	-98.33993301729646	-3438.9101724538577	28.322369562113888	127.76574608063252	0.7848457109679781	0.1466254093492712	2.4120876262372413	0.4412869644134888	0.1466254093492712	2.4120876262372413	0.4412869644134888	0.566158089348695	7.673792308853902E-4	2.3324874201656917E-7	0.7805550339862833	6.537215086273568E-4	12.54266514650636	-68.80403005398817
574000	-3530.4611967263522	-3424.207791810457	-106.25340491589512	-3424.207791810457	36.789323736999805	151.3377543525301	0.7848457109679781	0.1466254093492712	2.4120876262372413	0.4412869644134888	0.1466254093492712	2.4120876262372413	0.4412869644134888	0.7006142533513158	5.874708267779405E-4	2.1446859441512637E-7	0.8238300457169191	6.089789689934414E-4	11.974807205256694	-71.87813285426749
575000	-3522.8854168800444	-3423.256679718812	-99.62873716123256	-3423.256679718812	27.090258864699415	121.95089099761451	0.7848457109679781	0.06370726616835592	2.508317662744333	0.42797507108731236	0.06370726616835592	2.508317662744333	0.42797507108731236	0.4678752840646767	8.117253671261179E-4	1.349827978673268E-7	0.4683109583361618	6.677254275273202E-4	12.814918786021726	-69.0400028175226
576000	-3532.972648955908	-3426.6229774387266	-106.34967151718158	-3426.6229774387266	25.071508279816292	114.91852078788489	0.7848457109679781	0.22971890414164464	2.3423060247710445	0.42797507108731236	0.22971890414164464	2.3423060247710445	0.42797507108731236	0.7125436970496577	8.479669940065613E-4	3.840127060076808E-7	0.6921981525721593	8.225891496764621E-4	10.016947883647747	-67.42961013107691
577000	-3536.1048367348535	-3430.8163676823765	-105.28846905247708	-3430.8163676823765	30.256088019975458	134.5342048399681	0.7848457109679781	0.22971890414164464	2.3423060247710445	0.42797507108731236	0.22971890414164464	2.3423060247710445	0.42797507108731236	0.7290066931162897	5.871098346195715E-4	1.0779845643096372E-7	0.620064587461902	5.782559740792446E-4	19.524096716364603	-70.77248131642922
578000	-3530.864798717517	-3434.63234335717	-96.23245536034683	-3434.63234335717	25.25185906322279	110.49146425060822	0.7848457109679781	0.13833854563917602	2.433686383273513	0.42797507108731236	0.13833854563917602	2.433686383273513	0.42797507108731236	0.4769252893281856	0.0011240310004534937	4.840250524585867E-7	0.5533084433924186	0.0011567794657264662	8.283956965471157	-65.21400711530342
579000	-3539.6273908768244	-3430.528648986078	-109.09874189074625	-3430.528648986078	29.75689336745731	143.55370525465685	0.7848457109679781	0.13833854563917602	2.433686383273513	0.42797507108731236	0.13833854563917602	2.433686383273513	0.42797507108731236	0.5247983647026304	7.866358351482936E-4	2.8511940935110937E-7	0.7733283952639637	6.416492088449139E-4	16.58161132858907	-72.53248196640516
580000	-3544.775938166718	-3434.2309331707875	-110.54500499593057	-3434.2309331707875	27.765173093057058	144.55488496786475	0.7848457109679781	0.11460330857363482	2.433686383273513	0.45171030815285357	0.11460330857363482	2.433686383273513	0.45171030815285357	0.5248674999029621	7.457116526309171E-4	1.797036656460238E-7	0.5909482385839727	6.166531997535012E-4	16.421233397004645	-73.77014194306848
581000	-3533.1936659102366	-3426.661332397646	-106.53233351259064	-3426.661332397646	27.322201760798684	133.38131468724103	0.7848457109679781	0.11460330857363482	2.433686383273513	0.45171030815285357	0.11460330857363482	2.433686383273513	0.45171030815285357	0.5461891250162415	6.265971780382917E-4	1.7280040917148186E-7	0.7321224066618317	5.570841880685553E-4	13.663697228948314	-71.64429312570977
582000	-3534.402257687887	-3432.1818459917126	-102.22041169617448	-3432.1818459917126	26.460878992532642	131.5938008214129	0.7848457109679781	0.2702882560172537	2.433686383273513	0.2960253607092347	0.2702882560172537	2.433686383273513	0.2960253607092347	0.6318605977944676	6.741845612496641E-4	1.9230232972958476E-7	0.7707914791070754	5.998435572455924E-4	14.563205391445912	-71.18677133415976
583000	-3520.2113864643525	-3432.639162690223	-87.57222377412906	-3432.639162690223	24.79230168457127	125.93694259778611	0.7848457109679781	0.2702882560172537	2.433686383273513	0.2960253607092347	0.2702882560172537	2.433686383273513	0.2960253607092347	0.46608154142677694	6.864851928147994E-4	9.909042062254738E-8	0.4681441005731912	7.279081416996365E-4	15.324298426683363	-70.46826011783928
584000	-3515.3615227028886	-3433.597551634591	-81.76397106829722	-3433.597551634591	30.795692525020556	135.1303443572169	0.7848457109679781	0.17324105885094848	2.433686383273513	0.3930725578755399	0.17324105885094848	2.433686383273513	0.3930725578755399	0.35112006625711073	7.12901336004247E-4	8.692036308849838E-8	0.41625677207013184	7.193762293217543E-4	8.896423201882033	-72.80094635312474
585000	-3523.6924428943107	-3434.6003272244566	-89.09211566985414	-3434.6003272244566	34.494098886763794	189.37099179828948	0.7848457109679781	0.17324105885094848	2.433686383273513	0.3930725578755399	0.17324105885094848	2.433686383273513	0.3930725578755399	0.2687541575083915	5.180493577714641E-4	2.4705936858015453E-8	0.29303697241593313	5.297214803631528E-4	18.079564599527313	-81.23347907359963
586000	-3508.1091814684755	-3430.8877469874246	-77.22143448105079	-3430.8877469874246	37.819377006555335	181.1771469514098	0.7848457109679781	0.09346436732319896	2.433686383273513	0.47284924940328943	0.09346436732319896	2.433686383273513	0.47284924940328943	0.22760027245758502	4.999151611726246E-4	1.3777729453121416E-8	0.2409930354429339	4.944268963728131E-4	14.96528356999671	-78.74421368211003
587000	-3499.1208372532724	-3433.0412065036603	-66.07963074961195	-3433.0412065036603	42.93070184220398	177.85818512353126	0.7848457109679781	0.09346436732319896	2.433686383273513	0.47284924940328943	0.09346436732319896	2.433686383273513	0.47284924940328943	0.1845315711728166	5.037766949277331E-4	6.597652295059902E-9	0.17077429665300795	4.5358000443822174E-4	13.207661492300481	-75.99538364427879
588000	-3491.1611858611996	-3433.9758243336296	-57.185361527569874	-3433.9758243336296	48.3833255192137	206.262618031879	0.7848457109679781	0.14337704680378416	2.6033090812189084	0.253313871977309	0.14337704680378416	2.6033090812189084	0.253313871977309	0.12171580122113769	5.537393575341235E-4	5.251004953185283E-9	0.12894509905511586	5.860337927141185E-4	15.980722487482998	-79.75377402042476
589000	-3499.1823409380204	-3436.126051304369	-63.0562896336514	-3436.126051304369	53.3189751381825	243.39567163826243	0.7848457109679781	0.14337704680378416	2.6033090812189084	0.253313871977309	0.14337704680378416	2.6033090812189084	0.253313871977309	0.12079004730536659	4.080612661942079E-4	2.7513945067732912E-9	0.1262193564889549	4.1379235822664476E-4	24.177944799544775	-83.71987737481881
590000	-3524.2473693200845	-3432.9225171701805	-91.32485214990412	-3432.9225171701805	45.74462618415526	198.74128740026268	0.7848457109679781	0.05880285571246495	2.6878832723102275	0.253313871977309	0.05880285571246495	2.6878832723102275	0.253313871977309	0.3018352723757686	4.496680842099678E-4	2.3429510229716832E-8	0.3436110581990091	4.6660036055913584E-4	17.69678915559547	-79.8987278724356
591000	-3488.1382424457265	-3442.3876903961886	-45.750552049537696	-3442.3876903961886	48.347631477304276	199.69881783298325	0.7848457109679781	0.05880285571246495	2.6878832723102275	0.253313871977309	0.05880285571246495	2.6878832723102275	0.253313871977309	0.1092312475063393	5.652317881796094E-4	3.3159812575620826E-9	0.09923258513468608	5.791670211388632E-4	18.637381154075122	-78.00840865583501
592000	-3485.093241930625	-3432.229234081115	-52.864007849510045	-3432.229234081115	47.983545264146	226.34181514786846	0.7848457109679781	0.05880285571246495	2.6878832723102275	0.253313871977309	0.05880285571246495	2.6878832723102275	0.253313871977309	0.08641359225	4.2599998411896545E-4	1.66530583246006E-9	0.09756579444332196	4.2291868590559826E-4	20.72489392943314	-84.05724176537856
593000	-3459.4037561325363	-3431.041046241891	-28.36270989064525	-3431.041046241891	56.09162140017176	226.74948814991942	0.7848457109679781	0.05880285571246495	2.6878832723102275	0.253313871977309	0.05880285571246495	2.6878832723102275	0.253313871977309	0.06468540363964256	4.6845034752472317E-4	6.368780844841061E-10	0.05281566707893287	4.7794705728386786E-4	21.93537028751247	-80.19015494540834
594000	-3480.7597676604496	-3430.8874105622	-49.872357098249736	-3430.8874105622	55.703671602603904	238.5952982486386	0.7848457109679781	0.05880285571246495	2.6878832723102275	0.253313871977309	0.05880285571246495	2.6878832723102275	0.253313871977309	0.09805691560234159	4.515080437413904E-4	1.4690725449417574E-9	0.08876479837900034	4.2329688563553743E-4	24.896015761245355	-81.66653972152689
595000	-3485.8531381510425	-3433.3574939665755	-52.49564418446681	-3433.3574939665755	42.732069424088465	208.45960253587063	0.7848457109679781	0.05880285571246495	2.6878832723102275	0.253313871977309	0.05880285571246495	2.6878832723102275	0.253313871977309	0.1035585687202778	5.124992948058265E-4	3.2193475909024572E-9	0.10829003666226371	5.2322385113281E-4	15.830677182750975	-82.88974561201067
596000	-3489.305348692242	-3425.5823723133553	-63.722976378887076	-3425.5823723133553	49.168931775204854	222.74927953368862	0.7848457109679781	0.05880285571246495	2.6878832723102275	0.253313871977309	0.05880285571246495	2.6878832723102275	0.253313871977309	0.14350771966867326	4.2196278867627604E-4	3.2851315571449465E-9	0.13585174750779586	4.223966062408503E-4	23.70018470497627	-81.88573992658853
597000	-3518.959400365783	-3431.433404899264	-87.525995466519	-3431.433404899264	47.99838944348454	208.49232295824382	0.7848457109679781	0.05880285571246495	2.6878832723102275	0.253313871977309	0.05880285571246495	2.6878832723102275	0.253313871977309	0.28329558909923663	4.5657004193983366E-4	1.501276404419219E-8	0.2660575412467972	4.4729798074960104E-4	16.220846205762342	-82.3792447254624
598000	-3521.062807595451	-3428.3837525342847	-92.67905506116652	-3428.3837525342847	49.59548374453766	230.95168443887982	0.7848457109679781	0.05880285571246495	2.6878832723102275	0.253313871977309	0.05880285571246495	2.6878832723102275	0.253313871977309	0.3260572179254719	4.646152799217149E-4	1.0929857663327214E-8	0.2528396604980991	3.9231584808495265E-4	20.80243368463647	-83.0099244218846
599000	-3471.0499062590907	-3427.6050554096764	-43.44485084941437	-3427.6050554096764	50.52203529920746	210.33107417518264	0.7848457109679781	0.05880285571246495	2.6878832723102275	0.253313871977309	0.05880285571246495	2.6878832723102275	0.253313871977309	0.1001031817708066	4.4697390511221416E-4	1.779136589524507E-9	0.09260060292479251	4.6870267809039876E-4	14.712905832636196	-79.99722468126129
600000	-3490.912366944765	-3432.682104612603	-58.23026233216192	-3432.682104612603	44.59249734327352	203.280491597751	0.7848457109679781	0.05880285571246495	2.6878832723102275	0.253313871977309	0.05880285571246495	2.6878832723102275	0.253313871977309	0.10967588284064887	5.157213119081537E-4	4.359988573763042E-9	0.13020435141916314	5.057206569210207E-4	17.86847479400557	-80.20722101346077
601000	-3495.4907106252112	-3444.301977677567	-51.18873294764421	-3444.301977677567	38.544527409225665	171.08529717768656	0.7848457109679781	0.05880285571246495	2.6878832723102275	0.253313871977309	0.05880285571246495	2.6878832723102275	0.253313871977309	0.14828427361288735	6.385525107873498E-4	5.845917879892952E-9	0.1192289101036323	6.352248252667559E-4	16.496225243477735	-75.91156570817564
602000	-3492.9468525442007	-3433.534322062079	-59.41253048212174	-3433.534322062079	37.91494852288092	180.16821699117116	0.7848457109679781	0.05880285571246495	2.585208948464417	0.3559881958231196	0.05880285571246495	2.585208948464417	0.3559881958231196	0.16190949045897493	5.893103416438827E-4	7.232897570954195E-9	0.1443443767225849	5.947263383948203E-4	15.292147148472187	-80.58224795486265
603000	-3483.6378687123774	-3432.126292911641	-51.51157580073657	-3432.126292911641	41.43121177491844	178.70685778585747	0.7848457109679781	0.05880285571246495	2.585208948464417	0.3559881958231196	0.05880285571246495	2.585208948464417	0.3559881958231196	0.14405228569975087	5.660251464254922E-4	3.930169780341198E-9	0.11097925180552046	5.622929923023893E-4	19.493023064145873	-76.21805510791887
604000	-3487.812961511254	-3427.692599082946	-60.1203624283078	-3427.692599082946	49.473695461150136	238.32716293388802	0.7848457109679781	0.05880285571246495	2.585208948464417	0.3559881958231196	0.05880285571246495	2.585208948464417	0.3559881958231196	0.106212538607259	5.0917511049421E-4	2.1914909160107083E-9	0.09245498344047412	4.8372916020544734E-4	29.669125645927686	-83.85639937230516
605000	-3493.7423756469598	-3432.0596214310294	-61.68275421593032	-3432.0596214310294	45.59707909543799	202.33600963152983	0.7848457109679781	0.13686684862052714	2.5071449555563547	0.3559881958231196	0.13686684862052714	2.5071449555563547	0.3559881958231196	0.13187095534155022	5.170684577030978E-4	5.2316128225615174E-9	0.13959311740086902	5.026672113066643E-4	22.268898210778516	-78.29886092761298
606000	-3495.300402596786	-3436.0418589154838	-59.25854368130249	-3436.0418589154838	39.98830092128847	187.335848174184	0.7848457109679781	0.13686684862052714	2.5071449555563547	0.3559881958231196	0.13686684862052714	2.5071449555563547	0.3559881958231196	0.1418129746198288	5.246881202552966E-4	5.2876578130840344E-9	0.13441850307975892	5.240306368840059E-4	16.988628468305507	-78.98687363448292
607000	-3520.147138112375	-3432.046110543338	-88.10102756903734	-3432.046110543338	38.01967587361564	166.82914744267148	0.7848457109679781	0.13686684862052714	2.5071449555563547	0.3559881958231196	0.13686684862052714	2.5071449555563547	0.3559881958231196	0.33863666638673096	4.8324779933965536E-4	5.4825522876097206E-8	0.4050604189214726	5.998816872954986E-4	13.49863216009621	-75.69949463730447
608000	-3500.439470730366	-3438.4432921101366	-61.99617862022929	-3438.4432921101366	45.82816527677523	184.95918854592233	0.7848457109679781	0.13686684862052714	2.5071449555563547	0.3559881958231196	0.13686684862052714	2.5071449555563547	0.3559881958231196	0.16583455254902807	5.279132581762175E-4	8.618971233262579E-9	0.16592237527443665	5.52723094900339E-4	13.766856694567675	-78.61919584403336
609000	-3491.742829265655	-3432.1774639286914	-59.56536533696341	-3432.1774639286914	57.72493328541321	212.9995431125056	0.7848457109679781	0.13686684862052714	2.5071449555563547	0.3559881958231196	0.13686684862052714	2.5071449555563547	0.3559881958231196	0.15392291228510466	5.166227446919109E-4	6.745029644913304E-9	0.1552270447939735	5.359255171001194E-4	16.77331024586275	-77.4891134873015
610000	-3492.0386414857867	-3434.0341924660033	-58.00444901978332	-3434.0341924660033	37.24581314439792	174.57856002009237	0.7848457109679781	0.13686684862052714	2.543659421611275	0.3194737297681993	0.13686684862052714	2.543659421611275	0.3194737297681993	0.16948651118755595	5.396448125167372E-4	7.165847163218906E-9	0.15246329057087382	5.648800213442732E-4	16.77331024586275	-76.75233668518277
611000	-3502.183059920108	-3425.1600175999547	-77.0230423201534	-3425.1600175999547	46.660911614559986	225.93549647314933	0.7848457109679781	0.13686684862052714	2.543659421611275	0.3194737297681993	0.13686684862052714	2.543659421611275	0.3194737297681993	0.19546425016457505	3.838691499901232E-4	5.8270480256612125E-9	0.19543374611809602	3.9519852887777294E-4	21.33081002186758	-82.41282822559249
612000	-3499.692266285592	-3435.874039390544	-63.81822689504771	-3435.874039390544	43.64754600360295	184.9274107523184	0.7848457109679781	0.13686684862052714	2.543659421611275	0.3194737297681993	0.13686684862052714	2.543659421611275	0.3194737297681993	0.16556232512944763	6.504137997959526E-4	1.1451177608872364E-8	0.15950883678692185	6.812717844095783E-4	17.001054690169116	-77.88841120506527
613000	-3498.325693743137	-3425.8697457105072	-72.45594803262956	-3425.8697457105072	34.0202434271042	151.16052609875746	0.7848457109679781	0.13686684862052714	2.543659421611275	0.3194737297681993	0.13686684862052714	2.543659421611275	0.3194737297681993	0.19436058365218314	6.259850282089812E-4	1.9852002445779923E-8	0.22492417080928062	6.21070980317371E-4	20.73477801592868	-73.51189591962773
614000	-3497.4065554189137	-3428.959784972498	-68.44677044641588	-3428.959784972498	36.13265723732171	151.21980025923108	0.7848457109679781	0.13686684862052714	2.543659421611275	0.3194737297681993	0.13686684862052714	2.543659421611275	0.3194737297681993	0.21202676958432545	6.712030420366872E-4	2.1516702494050857E-8	0.23452235355484655	6.121915590730915E-4	13.68634837475796	-73.05678239207023
615000	-3514.96312406898	-3434.229431947268	-80.73369212171212	-3434.229431947268	33.48069378569604	135.91083283775436	0.7848457109679781	0.13686684862052714	2.424965762650027	0.4381673887294475	0.13686684862052714	2.424965762650027	0.4381673887294475	0.3625338420895572	7.566196818973234E-4	7.204912735990451E-8	0.34288768625777266	7.79099654658486E-4	10.019814292566537	-70.92988609137747
616000	-3515.7575120977517	-3437.5044596411094	-78.25305245664252	-3437.5044596411094	26.030007235182108	131.26861474657528	0.7848457109679781	0.13686684862052714	2.424965762650027	0.4381673887294475	0.13686684862052714	2.424965762650027	0.4381673887294475	0.2695149098283445	7.219844667679088E-4	3.876297673053865E-8	0.2931445592580454	6.696085959234232E-4	8.201410740405999	-77.07634296978945
617000	-3496.6769649221583	-3429.5081575762597	-67.16880734589861	-3429.5081575762597	48.8516070693964	196.99156741790367	0.7848457109679781	0.13686684862052714	2.424965762650027	0.4381673887294475	0.13686684862052714	2.424965762650027	0.4381673887294475	0.18916523433219848	4.4732150979586046E-4	7.208191176183316E-9	0.1903797983957143	4.5608813918992353E-4	12.353509385713005	-78.4855299424445
618000	-3511.0635854640045	-3427.013041495201	-84.05054396880372	-3427.013041495201	36.39760625617175	178.31958870986702	0.7848457109679781	0.13686684862052714	2.424965762650027	0.4381673887294475	0.13686684862052714	2.424965762650027	0.4381673887294475	0.26434982090119863	5.201500927247506E-4	1.6143927693072383E-8	0.24525223778920477	4.8663678048594533E-4	14.717340880312062	-79.58723353709425
619000	-3506.523412793208	-3422.335062664429	-84.18835012877878	-3422.335062664429	45.84509800391681	198.229246687788	0.7848457109679781	0.13686684862052714	2.424965762650027	0.4381673887294475	0.13686684862052714	2.424965762650027	0.4381673887294475	0.352912160595397	4.6420073961751405E-4	1.8021573680008963E-8	0.2783262987973788	5.328965602654314E-4	22.208668387789977	-78.23162871454343
620000	-3499.9187063658123	-3425.0205888363766	-74.8981175294358	-3425.0205888363766	35.544936522312746	159.80273244230148	0.7848457109679781	0.13686684862052714	2.424965762650027	0.4381673887294475	0.13686684862052714	2.424965762650027	0.4381673887294475	0.28775975598099524	5.840216333082712E-4	2.7015718066557415E-8	0.263216749206006	6.62394710864591E-4	12.977236108971564	-74.74230882500355
621000	-3520.9414955067973	-3441.6018826180266	-79.33961288877086	-3441.6018826180266	40.146394417719506	162.14089162595977	0.7848457109679781	0.13686684862052714	2.424965762650027	0.4381673887294475	0.13686684862052714	2.424965762650027	0.4381673887294475	0.29936713364648015	6.259557829409365E-4	2.613460753002824E-8	0.2658438629082208	6.09086145332102E-4	19.722274653990567	-73.51905694328974
622000	-3500.298890187013	-3433.693347383667	-66.60554280334617	-3433.693347383667	53.5498020789821	216.1040406881416	0.7848457109679781	0.13686684862052714	2.5200944556077896	0.343038695771685	0.13686684862052714	2.5200944556077896	0.343038695771685	0.14054675009585335	5.767010360352989E-4	8.137301391043342E-9	0.15664914844991162	5.72245942829463E-4	17.83769823136905	-79.8935338124749
623000	-3466.9964743071146	-3429.23235488956	-37.76411941755427	-3429.23235488956	45.32366581449111	213.1079797292034	0.7848457109679781	0.13686684862052714	2.5200944556077896	0.343038695771685	0.13686684862052714	2.5200944556077896	0.343038695771685	0.08736419987778449	5.273147914074777E-4	1.2414988070829358E-9	0.06683250220088273	5.299479669773159E-4	17.548397472353347	-82.75137202178789
624000	-3476.18653345621	-3427.310665141847	-48.87586831436277	-3427.310665141847	40.924688660071645	182.17743004513798	0.7848457109679781	0.13686684862052714	2.5200944556077896	0.343038695771685	0.13686684862052714	2.5200944556077896	0.343038695771685	0.09543264495125621	5.309852795246962E-4	3.343877468422127E-9	0.10856020058791341	5.216554778716001E-4	15.664221981369352	-77.71761652271591
625000	-3501.092731344913	-3439.6933397916428	-61.39939155327005	-3439.6933397916428	41.04945811048035	173.9217691612312	0.7848457109679781	0.13686684862052714	2.5200944556077896	0.343038695771685	0.13686684862052714	2.5200944556077896	0.343038695771685	0.14339553647563463	7.142457773524549E-4	1.1519480597069704E-8	0.1489787455781806	6.910362642649176E-4	15.936865858596233	-75.8782709967533
626000	-3506.0812869298898	-3431.116003239332	-74.96528369055802	-3431.116003239332	42.589008785623555	189.04395794912077	0.7848457109679781	0.13686684862052714	2.5200944556077896	0.343038695771685	0.13686684862052714	2.5200944556077896	0.343038695771685	0.22391900395468234	5.944981629337243E-4	1.535704438414224E-8	0.2101989412641836	5.670970339631661E-4	15.337923757924038	-78.3136983022441
627000	-3491.399129090847	-3437.723756929983	-53.67537216086391	-3437.723756929983	45.02382277902979	174.03743919302497	0.7848457109679781	0.23498454062932322	2.4219767635989933	0.343038695771685	0.23498454062932322	2.4219767635989933	0.343038695771685	0.12591460480510594	6.09728441562715E-4	6.866325787121899E-9	0.1373270260875016	5.954498676809326E-4	12.809661376146249	-74.30957654981282
628000	-3512.998689473511	-3434.282352847822	-78.71633662568888	-3434.282352847822	37.100590842240855	170.85466932370437	0.7848457109679781	0.23498454062932322	2.2893828319549967	0.47563262741568146	0.23498454062932322	2.2893828319549967	0.47563262741568146	0.2461021137499779	5.33654107798068E-4	1.965837884158575E-8	0.27058171385042445	4.990287435625069E-4	18.32041319990913	-75.68442186126822
629000	-3522.8245682628376	-3432.5632340707757	-90.26133419206204	-3432.5632340707757	41.92207774100487	217.12471872432536	0.7848457109679781	0.23498454062932322	2.2893828319549967	0.47563262741568146	0.23498454062932322	2.2893828319549967	0.47563262741568146	0.2347043060293435	4.7594168677071063E-4	2.0223493624666652E-8	0.2922715477730168	4.870013635549783E-4	18.569534206131294	-85.73090414711359
630000	-3506.495495932348	-3424.0494407453175	-82.44605518703047	-3424.0494407453175	72.982062475769	286.1360966990926	0.7848457109679781	0.06949447436464981	2.45487289821967	0.47563262741568146	0.06949447436464981	2.45487289821967	0.47563262741568146	0.1911706728600715	3.8776724091928036E-4	7.465536979110464E-9	0.21800721591316133	3.9392701946342737E-4	21.534625794103437	-84.87378690995585
631000	-3510.084943653074	-3422.1520338085193	-87.93290984455443	-3422.1520338085193	58.50844881109735	263.94511305938346	0.7848457109679781	0.06949447436464981	2.45487289821967	0.47563262741568146	0.06949447436464981	2.45487289821967	0.47563262741568146	0.2642858004936222	3.711946931384944E-4	1.1368968578412944E-8	0.2670000841461813	4.1471546999480416E-4	19.061919152658596	-86.90085920303417
632000	-3521.7692816706417	-3423.4429309122074	-98.32635075843436	-3423.4429309122074	34.93243573799211	186.86396156167822	0.7848457109679781	0.06949447436464981	2.45487289821967	0.47563262741568146	0.06949447436464981	2.45487289821967	0.47563262741568146	0.3041150640898374	5.886850387307377E-4	4.3266650590016146E-8	0.3770522370907261	4.998458266319606E-4	19.528324253649217	-80.81587055033953
633000	-3532.9040959462463	-3427.5121662727042	-105.39192967354202	-3427.5121662727042	39.222146685748584	174.77400265798963	0.7848457109679781	0.06949447436464981	2.6257721119048965	0.30473341373045537	0.06949447436464981	2.6257721119048965	0.30473341373045537	0.41749933735777645	5.682009374251447E-4	5.855770354121404E-8	0.43797565752096546	5.075907582774544E-4	24.320320189732485	-76.08771462896986
634000	-3524.3784698823597	-3422.287369458709	-102.09110042365083	-3422.287369458709	37.12290153283081	184.77420361441594	0.7848457109679781	0.06949447436464981	2.4806012635619723	0.44990426207337963	0.06949447436464981	2.4806012635619723	0.44990426207337963	0.4670243489432316	5.585242491295487E-4	4.611937466818891E-8	0.4231506065385548	4.8306422267366733E-4	16.15056944107578	-79.59964860246258
635000	-3514.7828929168436	-3429.9156970808513	-84.86719583599256	-3429.9156970808513	42.53284597301059	199.91154792676684	0.7848457109679781	0.06949447436464981	2.4806012635619723	0.44990426207337963	0.06949447436464981	2.4806012635619723	0.44990426207337963	0.2555999117245415	4.5860342164359376E-4	1.49297151805817E-8	0.28003899640253366	4.10951126897202E-4	16.549362639647196	-80.37466120973963
636000	-3510.1459205281744	-3427.773846403582	-82.37207412459242	-3427.773846403582	42.78300012053064	200.6964344117554	0.7848457109679781	0.06949447436464981	2.5833828828057053	0.34712264282964644	0.06949447436464981	2.5833828828057053	0.34712264282964644	0.257313230611883	4.905524246075558E-4	1.3372531359322596E-8	0.25441391191352797	4.520264962414098E-4	14.370663622560789	-82.44539947945174
637000	-3517.6068767145703	-3440.005145122361	-77.60173159220939	-3440.005145122361	40.424996851137095	196.7757573925001	0.7848457109679781	0.06949447436464981	2.5833828828057053	0.34712264282964644	0.06949447436464981	2.5833828828057053	0.34712264282964644	0.2422263396753829	4.183865868253445E-4	8.367302146464358E-9	0.22102528721602088	4.1559886171357565E-4	14.047267194150468	-82.25548608043923
638000	-3517.20215379769	-3420.0386450424917	-97.16350875519805	-3420.0386450424917	56.827471349288054	252.55295667744917	0.7848457109679781	0.06949447436464981	2.5833828828057053	0.34712264282964644	0.06949447436464981	2.5833828828057053	0.34712264282964644	0.3075909474386044	3.60148016454619E-4	1.9054380911840747E-8	0.37140362848415615	3.883019076359687E-4	15.403118397584624	-91.26663525912912
639000	-3510.949019484805	-3424.8031783948763	-86.14584108992862	-3424.8031783948763	35.11605810799148	190.05685022807705	0.7848457109679781	0.06949447436464981	2.5833828828057053	0.34712264282964644	0.06949447436464981	2.5833828828057053	0.34712264282964644	0.2912811220609997	4.243623588514382E-4	1.450278961360968E-8	0.3019760860792609	4.1100691679353004E-4	16.857159876489696	-81.44492557436709
640000	-3529.168646729151	-3424.7146965251995	-104.45395020395156	-3424.7146965251995	42.52058326661282	196.1656024973447	0.7848457109679781	0.06949447436464981	2.5833828828057053	0.34712264282964644	0.06949447436464981	2.5833828828057053	0.34712264282964644	0.5676837317414645	4.4098006401456713E-4	6.065401533819132E-8	0.5062776290904476	5.268565403541101E-4	16.023233847048655	-80.76719581061634
641000	-3524.5408684317704	-3426.4554346888985	-98.085433742872	-3426.4554346888985	29.840020760937886	129.3776082054566	0.7848457109679781	0.06949447436464981	2.5833828828057053	0.34712264282964644	0.06949447436464981	2.5833828828057053	0.34712264282964644	0.5842315028032816	7.685545689181958E-4	2.2624844825642995E-7	0.6277785436921925	7.908771460485264E-4	15.099364535368613	-69.92825459514833
642000	-3528.1963843725457	-3426.5797365486847	-101.61664782386087	-3426.5797365486847	35.159514031972805	164.047626423893	0.7848457109679781	0.06949447436464981	2.455078352024225	0.4754271736111264	0.06949447436464981	2.455078352024225	0.4754271736111264	0.46226343544981796	6.600579683793672E-4	2.2377258798759675E-7	0.7405890040877062	6.09694827043617E-4	13.864834503666144	-77.17162288453986
643000	-3527.2575000600764	-3428.6191776681917	-98.63832239188461	-3428.6191776681917	29.352219167163135	128.05938194440122	0.7848457109679781	0.06949447436464981	2.455078352024225	0.4754271736111264	0.06949447436464981	2.455078352024225	0.4754271736111264	0.4678989660358986	8.783333521415934E-4	2.376748645791218E-7	0.5485377838369536	8.264322641980341E-4	16.820225131692283	-69.64771846590202
644000	-3533.577678942762	-3433.735449962016	-99.84222898074599	-3433.735449962016	45.018286136580365	174.18339492574216	0.7848457109679781	0.06949447436464981	2.455078352024225	0.4754271736111264	0.06949447436464981	2.455078352024225	0.4754271736111264	0.5319118177114979	5.887028515895783E-4	8.908831535377354E-8	0.5237117300283172	5.403908901167545E-4	15.229152289472315	-73.82645398671025
645000	-3529.872318305496	-3432.5522273086785	-97.32009099681748	-3432.5522273086785	43.392071377070394	194.04454654032392	0.7848457109679781	0.06949447436464981	2.455078352024225	0.4754271736111264	0.06949447436464981	2.455078352024225	0.4754271736111264	0.35554652667521813	5.2277578004143E-4	4.0888995650908945E-8	0.36227173479642644	5.054344013237137E-4	15.76954059866013	-81.61834776762755
646000	-3515.9097334578823	-3434.613182093671	-81.29655136421134	-3434.613182093671	44.96127528486848	169.88764707515344	0.7848457109679781	0.06949447436464981	2.455078352024225	0.4754271736111264	0.06949447436464981	2.455078352024225	0.4754271736111264	0.3051509238124366	6.589019057660438E-4	4.552193661433E-8	0.28859594482481443	7.040180485660687E-4	12.371917398418598	-74.20285957936845
647000	-3515.340679477399	-3429.511626390964	-85.82905308643498	-3429.511626390964	36.99633069734505	159.13197336714913	0.7848457109679781	0.06949447436464981	2.455078352024225	0.4754271736111264	0.06949447436464981	2.455078352024225	0.4754271736111264	0.3758093851291265	7.135095220508321E-4	8.633449157006558E-8	0.38027147353612184	7.846798949580366E-4	12.117270528057537	-74.39068856257418
648000	-3501.2593148335886	-3421.4387112107856	-79.82060362280312	-3421.4387112107856	38.43635290710845	163.06291051494074	0.7848457109679781	0.06949447436464981	2.455078352024225	0.4754271736111264	0.06949447436464981	2.455078352024225	0.4754271736111264	0.33385330459137913	6.608811488557245E-4	3.992548836100934E-8	0.301916277765598	7.265664186056286E-4	19.112695594159057	-74.33692574462101
649000	-3535.5278763017295	-3421.928252368836	-113.59962393289337	-3421.928252368836	48.83163362633702	223.59147619283874	0.7848457109679781	0.06949447436464981	2.455078352024225	0.4754271736111264	0.06949447436464981	2.455078352024225	0.4754271736111264	0.6088943573635861	3.689854275333304E-4	4.4822558736448596E-8	0.5411494283185888	3.761088412356402E-4	20.294422400237895	-81.23235431932392
650000	-3523.665575676448	-3428.5489011996406	-95.11667447680729	-3428.5489011996406	61.706719089737284	300.29753904441674	0.7848457109679781	0.06949447436464981	2.455078352024225	0.4754271736111264	0.06949447436464981	2.455078352024225	0.4754271736111264	0.290422324867208	3.065735550980224E-4	5.325342964467062E-9	0.26602472910114633	2.701443367409582E-4	24.337006836449326	-88.33535173124164
651000	-3529.4692142172044	-3423.745741965564	-105.72347225164063	-3423.745741965564	59.69661966599654	291.498215854184	0.78108459725096	0.06949447436464981	2.455078352024225	0.4754271736111264	0.06949447436464981	2.455078352024225	0.4754271736111264	0.32585334917448366	3.091864231517435E-4	1.0160701892706709E-8	0.32809124464560446	2.986976661042869E-4	30.779324309285677	-86.35176135730359
652000	-3531.137988023785	-3434.004452357933	-97.13353566585197	-3434.004452357933	61.670207461439915	233.87515612119637	0.78108459725096	0.06949447436464981	2.5537431234712726	0.37676240216407886	0.06949447436464981	2.5537431234712726	0.37676240216407886	0.3826698991871246	4.6570000817545477E-4	4.5042989727606425E-8	0.45214835104240453	4.92983034259952E-4	19.98879473929647	-79.65227371480465
653000	-3545.1877491390287	-3433.434768044811	-111.75298109421806	-3433.434768044811	35.75300851773674	191.84382802538053	0.78108459725096	0.06949447436464981	2.7062683411073523	0.22423718452799934	0.06949447436464981	2.7062683411073523	0.22423718452799934	0.38873374491798546	5.330457057142559E-4	6.11664646519258E-8	0.48009058059245935	4.4588372912186407E-4	19.29987992735569	-81.37836307052557
654000	-3519.660644893609	-3429.7821736550754	-89.8784712385336	-3429.7821736550754	40.739784483999834	216.80036759558507	0.78108459725096	0.06949447436464981	2.7062683411073523	0.22423718452799934	0.06949447436464981	2.7062683411073523	0.22423718452799934	0.2712624434772647	4.381860223295612E-4	1.4489374186571118E-8	0.28955606958481794	4.169051819615196E-4	22.834059929673696	-82.40063882594626
655000	-3505.2660032801864	-3435.01371948206	-70.25228379812626	-3435.01371948206	47.19107901509773	221.7176474156273	0.78108459725096	0.06949447436464981	2.7062683411073523	0.22423718452799934	0.06949447436464981	2.7062683411073523	0.22423718452799934	0.17337733944055966	4.331730406780506E-4	4.098285391707065E-9	0.1550126520806373	4.259712954636413E-4	29.003278942688482	-82.03882056866559
656000	-3525.274803766566	-3435.639560152888	-89.6352436136779	-3435.639560152888	38.06509637334096	209.9917956437872	0.78108459725096	0.06949447436464981	2.7062683411073523	0.22423718452799934	0.06949447436464981	2.7062683411073523	0.22423718452799934	0.3131490591356026	4.0059661465107485E-4	1.1711632538426228E-8	0.2964542209898633	3.872890120582888E-4	13.583416182827186	-88.1535548777283
657000	-3522.483638638156	-3422.419661304677	-100.06397733347924	-3422.419661304677	37.44734251209324	201.668971950885	0.78108459725096	0.196118357824418	2.43809438112941	0.36578726104617365	0.196118357824418	2.43809438112941	0.36578726104617365	0.33751963440809757	5.274502170468659E-4	4.661620563631306E-8	0.4142583679516354	5.205601327410794E-4	23.0418234136868	-82.00108932320389
658000	-3515.799739498291	-3431.846771328183	-83.95296817010802	-3431.846771328183	43.74181790543079	192.25348558944958	0.78108459725096	0.196118357824418	2.43809438112941	0.36578726104617365	0.196118357824418	2.43809438112941	0.36578726104617365	0.2853983474482594	4.25959480718019E-4	1.7952678065649936E-8	0.3077462970895158	4.516560499028931E-4	15.404658358914144	-79.20828122077863
659000	-3517.633478196649	-3428.417105416056	-89.21637278059286	-3428.417105416056	50.20107860621382	223.36029117745994	0.78108459725096	0.196118357824418	2.43809438112941	0.36578726104617365	0.196118357824418	2.43809438112941	0.36578726104617365	0.32039335005264774	5.2326185053521E-4	2.8266892229350194E-8	0.3346688650513649	5.378195304979572E-4	20.981947145344144	-80.41147824349956
660000	-3509.058004405921	-3427.765366233619	-81.29263817230242	-3427.765366233619	62.400346679750875	255.45211298452824	0.78108459725096	0.196118357824418	2.43809438112941	0.36578726104617365	0.196118357824418	2.43809438112941	0.36578726104617365	0.24889840729062607	3.5628670889053014E-4	6.1512288803755165E-9	0.21248231028176537	3.7876114883462705E-4	17.99057294525834	-85.05125634822369
661000	-3486.367488759043	-3423.8092823639336	-62.55820639510988	-3423.8092823639336	65.84865800029115	262.97788972651654	0.78108459725096	0.196118357824418	2.43809438112941	0.36578726104617365	0.196118357824418	2.43809438112941	0.36578726104617365	0.12688645354380715	3.4351760803730356E-4	1.893773460837819E-9	0.12330123197019129	3.4418704501199595E-4	18.618701193908233	-84.57151733390332
662000	-3501.9286431328833	-3427.7942575011516	-74.13438563173182	-3427.7942575011516	41.96309584834449	183.71353615988428	0.78108459725096	0.196118357824418	2.43809438112941	0.36578726104617365	0.196118357824418	2.43809438112941	0.36578726104617365	0.22979436019482313	5.25176340463182E-4	1.3764988643108062E-8	0.22588999598138887	5.17623600047098E-4	19.81951570288864	-76.26785861464387
663000	-3501.434554746757	-3430.0067959850257	-71.42775876173135	-3430.0067959850257	37.42997496472844	175.88368502710154	0.78108459725096	0.196118357824418	2.43809438112941	0.36578726104617365	0.196118357824418	2.43809438112941	0.36578726104617365	0.20874004006514343	6.138081769001592E-4	1.4199664847812918E-8	0.20515302256309567	5.939348894500236E-4	12.164095973432076	-80.47069504292587
664000	-3524.8843349661706	-3429.2802935212467	-95.60404144492402	-3429.2802935212467	48.751978707899525	220.68480064244832	0.78108459725096	0.08404411283208399	2.43809438112941	0.47786150603850763	0.08404411283208399	2.43809438112941	0.47786150603850763	0.3659273241387159	4.0929251480078215E-4	2.2568314921612502E-8	0.3452688367244668	4.3125353580948563E-4	17.81143847727546	-83.2772182119334
665000	-3518.374319850036	-3427.9642393320987	-90.41008051793754	-3427.9642393320987	47.076026265602096	190.2650906609617	0.78108459725096	0.08404411283208399	2.43809438112941	0.47786150603850763	0.08404411283208399	2.43809438112941	0.47786150603850763	0.3048356792933733	4.8751060063155315E-4	3.0132880349026706E-8	0.32057768635664574	5.185251322518172E-4	9.894139721298119	-84.57235925275337
666000	-3506.7444003996607	-3427.642141713901	-79.1022586857599	-3427.642141713901	33.12541393218815	166.04981478275167	0.78108459725096	0.08404411283208399	2.43809438112941	0.47786150603850763	0.08404411283208399	2.43809438112941	0.47786150603850763	0.24540320634954485	6.80056522413259E-4	2.581994415427999E-8	0.24577341137626285	7.041885993490755E-4	19.499378014399625	-76.63076334160787
667000	-3496.6199922807227	-3433.0092651272475	-63.610727153475196	-3433.0092651272475	32.41969663176391	154.5368886628927	0.78108459725096	0.08404411283208399	2.43809438112941	0.47786150603850763	0.08404411283208399	2.43809438112941	0.47786150603850763	0.15556592998264615	6.699085598662819E-4	1.2083903877296764E-8	0.16131655079191434	6.513135923357529E-4	14.683456869960239	-75.33520862349474
668000	-3498.2217402831225	-3426.83576272121	-71.38597756191267	-3426.83576272121	49.549303090057954	223.7605197882482	0.78108459725096	0.08404411283208399	2.43809438112941	0.47786150603850763	0.08404411283208399	2.43809438112941	0.47786150603850763	0.2237129176025631	4.6963639044955485E-4	5.74675498674712E-9	0.15823787012684534	5.002937815758246E-4	21.41251427947267	-82.65294056118746
669000	-3519.164088256824	-3428.916136684579	-90.24795157224477	-3428.916136684579	56.016096580982435	222.5567199909189	0.78108459725096	0.18707446888244805	2.43809438112941	0.3748311499881436	0.18707446888244805	2.43809438112941	0.3748311499881436	0.35813785303956835	4.2031760907706214E-4	1.9888342670169022E-8	0.33359206571224537	4.574199364808921E-4	16.812632466705168	-80.0973272200363
670000	-3542.332465007186	-3423.626192120243	-118.70627288694264	-3423.626192120243	65.08221193670647	282.1442069943055	0.78108459725096	0.18707446888244805	2.43809438112941	0.3748311499881436	0.18707446888244805	2.43809438112941	0.3748311499881436	0.5151406013783641	3.849886713462547E-4	4.0246978050452964E-8	0.6007995684265537	3.2230880670122366E-4	24.653619135063273	-86.06337212712785
671000	-3535.9010377367804	-3423.87895298179	-112.02208475499032	-3423.87895298179	33.159627929934516	162.81693262527946	0.78108459725096	0.17249715384257358	2.43809438112941	0.38940846502801807	0.17249715384257358	2.43809438112941	0.38940846502801807	0.6954634272348725	6.877206537872106E-4	1.837702709669871E-7	0.62525175116206	6.647690367883699E-4	14.873818759429708	-76.24073183913086
672000	-3530.867105633497	-3429.232313692269	-101.63479194122769	-3429.232313692269	22.832215221446006	122.62090534394471	0.78108459725096	0.17249715384257358	2.43809438112941	0.38940846502801807	0.17249715384257358	2.43809438112941	0.38940846502801807	0.537386840276214	6.680674258970684E-4	1.4143044813853518E-7	0.6138043291909754	6.403574756335122E-4	17.359075586494228	-72.3395737066186
673000	-3519.4485594551365	-3424.008343350029	-95.44021610510771	-3424.008343350029	24.74676445111334	121.24731570505634	0.78108459725096	0.17249715384257358	2.43809438112941	0.38940846502801807	0.17249715384257358	2.43809438112941	0.38940846502801807	0.4355715387980996	9.225083867914828E-4	2.4156665293020474E-7	0.6088094457469639	8.16530038853734E-4	13.891970900843756	-69.13495051677141
674000	-3520.368534414663	-3423.7510044860446	-96.61752992861831	-3423.7510044860446	26.6999278741375	140.26448311739017	0.78108459725096	0.17249715384257358	2.43809438112941	0.38940846502801807	0.17249715384257358	2.43809438112941	0.38940846502801807	0.47449598733019294	6.1065913822032E-4	8.413492117113142E-8	0.5019943199842443	6.026802854055429E-4	14.51651009479618	-74.11278655178045
675000	-3530.78741683251	-3433.9590314488173	-96.8283853836929	-3433.9590314488173	23.783705328168658	118.89964740152199	0.78108459725096	0.03851854939610963	2.5720729855758737	0.38940846502801807	0.03851854939610963	2.5720729855758737	0.38940846502801807	0.4781983469845292	8.923557578345188E-4	1.6922047365365477E-7	0.48176458932287675	7.860621985790454E-4	10.979960127051942	-69.8217837790028
676000	-3524.2047214361955	-3429.1248460087495	-95.07987542744613	-3429.1248460087495	47.626969532521514	215.27765541779962	0.78108459725096	0.03851854939610963	2.5720729855758737	0.38940846502801807	0.03851854939610963	2.5720729855758737	0.38940846502801807	0.42283885397248683	4.4239524885299935E-4	2.0740927704532095E-8	0.3502789566760021	4.282935761689142E-4	14.560427922379313	-83.00846374723481
677000	-3526.4293011586747	-3432.704797977768	-93.72450318090674	-3432.704797977768	29.019371241328514	148.1080480690278	0.78108459725096	0.03851854939610963	2.5720729855758737	0.38940846502801807	0.03851854939610963	2.5720729855758737	0.38940846502801807	0.4607753974570986	5.747169922378685E-4	4.669192339321524E-8	0.40472322820555046	5.272931596254615E-4	14.038737695516872	-75.75456872482069
678000	-3503.0645257903984	-3432.017524419684	-71.04700137071447	-3432.017524419684	22.119010644993125	110.46269249705708	0.78108459725096	0.03851854939610963	2.5720729855758737	0.38940846502801807	0.03851854939610963	2.5720729855758737	0.38940846502801807	0.25086374395607863	9.514157555346044E-4	5.196782864080929E-8	0.28288151545573637	7.914737897143038E-4	9.621150811798655	-69.5654236796911
679000	-3527.8136199903624	-3432.067074999708	-95.74654499065433	-3432.067074999708	26.708109833912918	138.51217730775664	0.78108459725096	0.03851854939610963	2.5720729855758737	0.38940846502801807	0.03851854939610963	2.5720729855758737	0.38940846502801807	0.4205148401536667	6.721710196023013E-4	6.569103907327072E-8	0.43845391087303537	5.535641402721077E-4	14.69680713599984	-73.08529320369075
680000	-3523.9139859436546	-3427.876668488175	-96.03731745547952	-3427.876668488175	29.36522864903414	162.09724128925743	0.78108459725096	0.03851854939610963	2.5720729855758737	0.38940846502801807	0.03851854939610963	2.5720729855758737	0.38940846502801807	0.34601117835542516	5.810813775398857E-4	3.8613880861458235E-8	0.388549741071833	4.801457263663656E-4	19.13688785898288	-77.64797006455302
681000	-3540.21560473143	-3438.126908161044	-102.0886965703861	-3438.126908161044	31.977125210721884	169.73908651187443	0.78108459725096	0.19589346614424913	2.414698068827734	0.38940846502801807	0.19589346614424913	2.414698068827734	0.38940846502801807	0.43073265896958834	5.998462859391501E-4	7.584035815275426E-8	0.42585337186375266	5.898269775251316E-4	14.351978778366533	-78.90966328303632
682000	-3520.001641839779	-3435.8346771408314	-84.1669646989474	-3435.8346771408314	36.35895290210259	172.9467479463809	0.78108459725096	0.19589346614424913	2.4985846875747684	0.3055218462809839	0.19589346614424913	2.4985846875747684	0.3055218462809839	0.2907614350949887	5.574606392526282E-4	2.3493048851307935E-8	0.2822721670080904	5.180663418232414E-4	17.3876757235895	-77.13428631779834
683000	-3514.4749501375054	-3430.3028115660927	-84.17213857141265	-3430.3028115660927	30.555133831522816	151.5340263661891	0.78108459725096	0.06221384247644854	2.6322643112425688	0.3055218462809839	0.06221384247644854	2.6322643112425688	0.3055218462809839	0.30771512143666524	5.765104603494575E-4	3.70665330444924E-8	0.31482770030169765	6.160050488286403E-4	14.682176323885185	-76.53675260660573
684000	-3493.339327323143	-3426.931051687041	-66.40827563610205	-3426.931051687041	41.39255085067667	190.99432594797136	0.78108459725096	0.06221384247644854	2.6322643112425688	0.3055218462809839	0.06221384247644854	2.6322643112425688	0.3055218462809839	0.15909181242286732	4.821757399463058E-4	5.7053595759437234E-9	0.16060942333249476	4.500003836125369E-4	16.816368178094987	-79.57745088919428
685000	-3493.914620511554	-3435.8254677509635	-58.0891527605903	-3435.8254677509635	55.01089327850835	225.1512016101182	0.78108459725096	0.06221384247644854	2.6322643112425688	0.3055218462809839	0.06221384247644854	2.6322643112425688	0.3055218462809839	0.12501593182860954	3.45477235407265E-4	2.0299509852979337E-9	0.12878667743199623	3.5195227254116937E-4	23.371026884664197	-80.1772691577268
686000	-3505.7919073399844	-3430.8982795258626	-74.8936278141218	-3430.8982795258626	41.173418829039015	189.56323627474853	0.78108459725096	0.06221384247644854	2.6322643112425688	0.3055218462809839	0.06221384247644854	2.6322643112425688	0.3055218462809839	0.22658376310525274	5.272065759897807E-4	1.2674283451280476E-8	0.20624278764613577	5.292788328977169E-4	17.452290742045744	-78.65432231472718
687000	-3518.3573910449127	-3431.1411962705715	-87.21619477434133	-3431.1411962705715	31.51210968978548	139.97101407510362	0.78108459725096	0.06221384247644854	2.6322643112425688	0.3055218462809839	0.06221384247644854	2.6322643112425688	0.3055218462809839	0.3647284966735437	7.754361256041939E-4	1.0226218322167042E-7	0.3905772819933264	7.514731856514411E-4	12.952522119199932	-71.81828995802634
688000	-3492.943390803265	-3429.052673263459	-63.890717539806175	-3429.052673263459	41.73319139020026	167.56621818160988	0.78108459725096	0.06221384247644854	2.6322643112425688	0.3055218462809839	0.06221384247644854	2.6322643112425688	0.3055218462809839	0.20919605869809593	6.190013821480533E-4	1.1671708161808571E-8	0.16635288437310536	6.172025518588862E-4	11.741015458038078	-75.74015954314031
689000	-3507.724151050537	-3421.7740472165806	-85.95010383395642	-3421.7740472165806	37.82720391509392	161.69180440480974	0.78108459725096	0.06221384247644854	2.6322643112425688	0.3055218462809839	0.06221384247644854	2.6322643112425688	0.3055218462809839	0.33307076973277033	5.870441802492092E-4	7.093756237250376E-8	0.41836087532887534	6.479340941409331E-4	14.662089502576027	-73.4940936356196
690000	-3505.212537995842	-3429.9188962463827	-75.2936417494595	-3429.9188962463827	36.83929240911133	181.63604266030418	0.78108459725096	0.06221384247644854	2.6322643112425688	0.3055218462809839	0.06221384247644854	2.6322643112425688	0.3055218462809839	0.22126169948429059	5.652054591744956E-4	1.396742598747003E-8	0.21341497042808616	5.551044218681454E-4	13.473553072080877	-81.52661144843866
691000	-3503.1368293135197	-3438.5915480956646	-64.54528121785505	-3438.5915480956646	47.87233117996465	174.1867661347594	0.78108459725096	0.06221384247644854	2.6322643112425688	0.3055218462809839	0.06221384247644854	2.6322643112425688	0.3055218462809839	0.19693643646069756	6.871501782688868E-4	1.9654954735050505E-8	0.20465697917141415	7.100793778063786E-4	14.964604880468379	-73.16211582459816
692000	-3488.49968733391	-3430.664773757863	-57.83491357604747	-3430.664773757863	32.48666661444002	145.42155024319067	0.78108459725096	0.145814926682997	2.54866322703602	0.3055218462809839	0.145814926682997	2.54866322703602	0.3055218462809839	0.1719300814750856	6.577661539963927E-4	1.224957359669132E-8	0.17129273750759563	6.677269637222806E-4	13.491449036367166	-72.30390434598164
693000	-3501.7115013074963	-3431.279348953903	-70.43215235359324	-3431.279348953903	39.49221875326653	174.5341611529559	0.78108459725096	0.145814926682997	2.54866322703602	0.3055218462809839	0.145814926682997	2.54866322703602	0.3055218462809839	0.24267505709986537	5.613436837259779E-4	1.0926614866828448E-8	0.18800629547504177	5.621836138897211E-4	18.874149838472015	-76.4825555480229
694000	-3533.7423903413733	-3426.8146986698885	-106.9276916714848	-3426.8146986698885	40.576365690339706	168.83346425820457	0.78108459725096	0.145814926682997	2.54866322703602	0.3055218462809839	0.145814926682997	2.54866322703602	0.3055218462809839	0.3302340889110798	5.729094350543902E-4	7.658428487614727E-8	0.4386049467240585	5.490057492500677E-4	19.997270303307268	-74.76672461745295
695000	-3518.8396105044426	-3419.9947495103725	-98.84486099407016	-3419.9947495103725	44.69105670119627	198.33507744161784	0.7650544626263983	0.145814926682997	2.54866322703602	0.3055218462809839	0.145814926682997	2.54866322703602	0.3055218462809839	0.3392593588924995	5.310832336249945E-4	4.846827217217958E-8	0.42169964940120186	5.101245335888064E-4	18.990272208192657	-79.37853386433015
696000	-3501.6907158263525	-3424.6040994075097	-77.08661641884282	-3424.6040994075097	38.458995111554245	194.1374570650235	0.7650544626263983	0.145814926682997	2.54866322703602	0.3055218462809839	0.145814926682997	2.54866322703602	0.3055218462809839	0.19851027839464758	5.015752873263018E-4	9.357600780317861E-9	0.20254385215892506	4.6762427445534596E-4	16.971257476891832	-82.43899410089361
697000	-3510.872631826368	-3435.8018617924804	-75.07077003388778	-3435.8018617924804	40.65291052734656	181.22917111047678	0.7650544626263983	0.145814926682997	2.54866322703602	0.3055218462809839	0.145814926682997	2.54866322703602	0.3055218462809839	0.24558273436545844	5.841272604569839E-4	1.5682646143046774E-8	0.21289547055265695	5.921095553871491E-4	14.75819160055799	-79.52125599164097
698000	-3501.717584884594	-3428.283112702654	-73.43447218194025	-3428.283112702654	61.160797566905075	253.4538215272059	0.7650544626263983	0.145814926682997	2.54866322703602	0.3055218462809839	0.145814926682997	2.54866322703602	0.3055218462809839	0.17849810074806827	3.492721670720111E-4	6.2530724454536E-9	0.21512657094141271	3.7316051296687176E-4	18.051181891991593	-84.73879062708822
699000	-3492.841595063347	-3428.357514498616	-64.48408056473107	-3428.357514498616	53.15933845035956	236.2551393350205	0.7650544626263983	0.145814926682997	2.54866322703602	0.3055218462809839	0.145814926682997	2.54866322703602	0.3055218462809839	0.15779395198737434	4.7146656683347905E-4	5.073921277339503E-9	0.14650123668112355	4.941574711158276E-4	19.0267458197031	-83.70605345013269
700000	-3504.055698300524	-3427.5413000863855	-76.51439821413834	-3427.5413000863855	49.4860077839888	223.24443030251047	0.7650544626263983	0.145814926682997	2.506280524792885	0.34790454852411884	0.145814926682997	2.506280524792885	0.34790454852411884	0.2210178028050831	3.914571824319434E-4	6.676113184275355E-9	0.20978734055519113	3.966295345583344E-4	19.0267458197031	-81.31819889812225
701000	-3521.564614934367	-3435.736586479649	-85.82802845471836	-3435.736586479649	58.76579524733113	203.92676111936441	0.7650544626263983	0.145814926682997	2.506280524792885	0.34790454852411884	0.145814926682997	2.506280524792885	0.34790454852411884	0.28799741282697877	4.479720914949239E-4	1.5037324652899327E-8	0.2646459645806855	4.112749722552079E-4	13.61861996848175	-76.32163482170454
702000	-3504.504141669468	-3424.5289740061244	-79.97516766334357	-3424.5289740061244	34.87231202457232	194.01780195307512	0.7650544626263983	0.145814926682997	2.506280524792885	0.34790454852411884	0.145814926682997	2.506280524792885	0.34790454852411884	0.2025861815987444	5.254947129162998E-4	1.0021178827236265E-8	0.2176053721275184	4.693170962596862E-4	25.245063392480553	-81.05661868898015
703000	-3534.4331474727287	-3434.1578963248858	-100.27525114784272	-3434.1578963248858	33.17984162320934	171.12760726247944	0.7650544626263983	0.145814926682997	2.506280524792885	0.34790454852411884	0.145814926682997	2.506280524792885	0.34790454852411884	0.4725869248026385	6.06709626066951E-4	8.037801675753751E-8	0.5040316118133055	5.739320980506749E-4	18.223770180748257	-77.93875185008663
704000	-3532.6890886131573	-3436.601706923251	-96.08738168990614	-3436.601706923251	33.059986727528795	166.41880212158785	0.7650544626263983	0.145814926682997	2.506280524792885	0.34790454852411884	0.145814926682997	2.506280524792885	0.34790454852411884	0.4779463529487607	5.061669091084854E-4	4.2477724610092245E-8	0.4434180588172481	5.284042279456275E-4	13.760616747531476	-78.75262265013279
705000	-3537.185644038157	-3430.7505816936796	-106.43506234447756	-3430.7505816936796	33.405374476854114	149.08445322861564	0.7650544626263983	0.145814926682997	2.506280524792885	0.34790454852411884	0.145814926682997	2.506280524792885	0.34790454852411884	0.5515802769571202	7.07406148695297E-4	1.9433715508581056E-7	0.5816322681293562	7.03779218905434E-4	17.144864793680576	-72.00018255205646
706000	-3525.295811378745	-3423.8785071476723	-101.41730423107258	-3423.8785071476723	28.22968316992348	142.52829581297135	0.7650544626263983	0.145814926682997	2.506280524792885	0.34790454852411884	0.145814926682997	2.506280524792885	0.34790454852411884	0.644964990203819	6.73800780588069E-4	1.5573207305984958E-7	0.5839230260953588	7.649110067861418E-4	16.29295508791631	-74.04620649869
707000	-3539.9025187907055	-3446.3354795708165	-93.56703921988891	-3446.3354795708165	32.41422267109593	148.21268114406695	0.7650544626263983	0.145814926682997	2.506280524792885	0.34790454852411884	0.145814926682997	2.506280524792885	0.34790454852411884	0.3787316205441361	6.2992454939714E-4	9.050390917754291E-8	0.47468829171000826	6.927916014525167E-4	10.967690400500368	-76.32574365157627
708000	-3508.529458790692	-3421.211056589675	-87.3184022010169	-3421.211056589675	22.614423751314924	111.6904990943637	0.7650544626263983	0.145814926682997	2.506280524792885	0.34790454852411884	0.145814926682997	2.506280524792885	0.34790454852411884	0.48324397314156436	0.0010073726406320959	2.865436159381597E-7	0.564524440339081	9.984222189618932E-4	11.270218053174839	-67.51639939776788
709000	-3531.936744770643	-3424.2412737344575	-107.69547103618574	-3424.2412737344575	23.116034020263825	110.19432123351868	0.7650544626263983	0.145814926682997	2.506280524792885	0.34790454852411884	0.145814926682997	2.506280524792885	0.34790454852411884	0.6500373239869442	8.389105159515095E-4	6.030299296889197E-7	0.8514863354196536	7.745756419394455E-4	7.934896851331539	-68.72281103070851
710000	-3530.3737074819255	-3440.159223896538	-90.21448358538724	-3440.159223896538	23.450906875411725	97.85729235579156	0.7650544626263983	0.145814926682997	2.506280524792885	0.34790454852411884	0.145814926682997	2.506280524792885	0.34790454852411884	0.6047741704916353	9.8135514589587E-4	8.248753123264316E-7	0.9103940009239513	0.001042788714733313	10.96996693953198	-61.362341663026506
711000	-3527.653145677314	-3421.9833405194563	-105.66980515785787	-3421.9833405194563	25.1379220833029	121.46424630422771	0.7650544626263983	0.145814926682997	2.506280524792885	0.34790454852411884	0.145814926682997	2.506280524792885	0.34790454852411884	0.6489225573421133	8.486612856548702E-4	2.962587192882789E-7	0.7616017877386102	6.587482112701188E-4	13.82262674176045	-69.70129573816884
712000	-3530.380349988697	-3425.454417551267	-104.92593243743039	-3425.454417551267	23.272171413395142	113.00713387596247	0.7650544626263983	0.145814926682997	2.506280524792885	0.34790454852411884	0.145814926682997	2.506280524792885	0.34790454852411884	0.674680369528994	8.837506795547707E-4	4.842384846043632E-7	0.8539175555836662	7.651062325791505E-4	10.259176282316169	-68.1603385729183
713000	-3535.2814408698746	-3426.5192710888796	-108.76216978099515	-3426.5192710888796	35.87542974643825	158.04336067125843	0.7650544626263983	0.145814926682997	2.506280524792885	0.34790454852411884	0.145814926682997	2.506280524792885	0.34790454852411884	0.6608492203058796	6.211352852812007E-4	1.940199815119825E-7	0.7980490655970002	5.816469489246764E-4	19.770622149068743	-73.0650448677864
714000	-3532.8359102273507	-3429.354374536589	-103.4815356907617	-3429.354374536589	27.59258379292462	121.31952318267871	0.7650544626263983	0.145814926682997	2.506280524792885	0.34790454852411884	0.145814926682997	2.506280524792885	0.34790454852411884	0.5095650701478104	7.578375424700648E-4	2.1197695662065833E-7	0.6183796434720045	6.065122442010714E-4	11.558431973170217	-67.3993683205587
715000	-3521.9311899230165	-3423.483304913366	-98.4478850096506	-3423.483304913366	25.138043932901788	119.09286772771512	0.6075866468126246	0.145814926682997	2.506280524792885	0.34790454852411884	0.145814926682997	2.506280524792885	0.34790454852411884	0.4598668529124625	7.480940272040336E-4	1.6101048448226267E-7	0.5773409772359663	6.351313931177297E-4	13.375659920845639	-68.68947542496439
716000	-3526.910587059005	-3431.8788736849333	-95.03171337407196	-3431.8788736849333	25.755866675385533	114.75719906971173	0.6075866468126246	0.145814926682997	2.506280524792885	0.34790454852411884	0.145814926682997	2.506280524792885	0.34790454852411884	0.34180419442133136	8.690074563954642E-4	1.2536995239930912E-7	0.4494542191668688	7.114541728889046E-4	11.063807338642482	-67.86354937522708
717000	-3526.425186650382	-3431.5443250718236	-94.88086157855854	-3431.5443250718236	32.13786427714141	129.7530690038493	0.6075866468126246	0.145814926682997	2.506280524792885	0.34790454852411884	0.145814926682997	2.506280524792885	0.34790454852411884	0.3962350755312306	7.666031459677286E-4	1.2864829064741668E-7	0.5008460155741583	6.20619306945211E-4	13.631492287388003	-68.94395841032501
718000	-3535.6650652349495	-3442.489169367788	-93.17589586716188	-3442.489169367788	25.06109497303647	110.76219213857657	0.6075866468126246	0.145814926682997	2.506280524792885	0.34790454852411884	0.145814926682997	2.506280524792885	0.34790454852411884	0.37084929771813496	0.0010954647257067818	2.4341742371074303E-7	0.5562439017295558	7.732312461921697E-4	10.34369545007124	-66.62051582612374
719000	-3544.671378628936	-3432.3425344267544	-112.32884420218164	-3432.3425344267544	30.177028109082165	140.56686075397192	0.6075866468126246	0.145814926682997	2.506280524792885	0.34790454852411884	0.145814926682997	2.506280524792885	0.34790454852411884	0.7482645556784284	6.337513317510538E-4	1.8739921075695318E-7	0.7873112644634076	5.315223639826811E-4	10.983932344022294	-74.17709902772428
720000	-3534.96007380144	-3429.5972868988697	-105.3627869025706	-3429.5972868988697	29.297484163862617	135.51311562722793	0.6075866468126246	0.145814926682997	2.506280524792885	0.34790454852411884	0.145814926682997	2.506280524792885	0.34790454852411884	0.717486445008512	5.598288241876542E-4	1.3152559163636376E-7	0.7562499335161019	4.904649140070837E-4	16.743830293106804	-71.30124847193483
721000	-3537.850996731527	-3439.624172076608	-98.22682465491941	-3439.624172076608	21.27352317345492	101.6649759040459	0.6075866468126246	0.145814926682997	2.506280524792885	0.34790454852411884	0.145814926682997	2.506280524792885	0.34790454852411884	0.6463501915207827	8.901085435938618E-4	3.1962470369794685E-7	0.6691280285583519	8.623973941757789E-4	10.422507452133043	-66.55562036277611
722000	-3536.530612923113	-3432.2938738601993	-104.23673906291401	-3432.2938738601993	21.77495577539665	90.15206484791442	0.6075866468126246	0.145814926682997	2.506280524792885	0.34790454852411884	0.145814926682997	2.506280524792885	0.34790454852411884	0.908541408281839	0.0010209423914761485	6.305283088075793E-7	0.7330291532283606	0.0010394141208047735	7.4317463651606746	-60.143660505629235
723000	-3515.2189754615893	-3427.1517853030377	-88.06719015855155	-3427.1517853030377	23.24620297985407	95.65389841952272	0.8058441444453732	0.145814926682997	2.506280524792885	0.34790454852411884	0.145814926682997	2.506280524792885	0.34790454852411884	0.6654325617387501	0.0011771281281571656	6.396398900085821E-7	0.6520761445204049	0.001373803038068812	9.183136303241087	-62.636340465319584
724000	-3525.1452777366544	-3428.8480891318295	-96.29718860482471	-3428.8480891318295	19.42893664412368	80.16516433384442	0.8058441444453732	0.145814926682997	2.506280524792885	0.34790454852411884	0.145814926682997	2.506280524792885	0.34790454852411884	0.6864924095523462	0.0012414537128258626	1.1618568515784366E-6	0.7730329334924326	0.0012393775039622763	6.626974478211841	-57.57853015198524
725000	-3521.0990255225984	-3427.59725795142	-93.50176757117832	-3427.59725795142	20.28342584493645	85.09863523027217	0.8058441444453732	0.145814926682997	2.506280524792885	0.34790454852411884	0.145814926682997	2.506280524792885	0.34790454852411884	0.5536797153970775	0.0011086968626315206	7.220233935375256E-7	0.7978409517875646	0.0010802117689520665	7.221777547014813	-60.04293202691845
726000	-3522.4466832202825	-3426.9170368830178	-95.52964633726465	-3426.9170368830178	20.192552324057196	96.1322506450766	0.8058441444453732	0.145814926682997	2.506280524792885	0.34790454852411884	0.145814926682997	2.506280524792885	0.34790454852411884	0.4790952861949283	0.0010331578599580568	2.894188823179482E-7	0.5964761279579951	7.973564937711433E-4	7.951892682670406	-65.14165032697555
727000	-3516.3987872295625	-3437.4250953393826	-78.97369189017999	-3437.4250953393826	26.258835466128666	115.67052088892261	0.8058441444453732	0.145814926682997	2.506280524792885	0.34790454852411884	0.145814926682997	2.506280524792885	0.34790454852411884	0.31712439092328276	8.7892203290677E-4	1.0421024523464564E-7	0.39357122312371295	8.089138083539E-4	9.399530508889477	-68.95319659913866
728000	-3506.101379398838	-3429.7905857682485	-76.31079363058964	-3429.7905857682485	26.987159702730352	130.51728220046374	0.8058441444453732	0.145814926682997	2.506280524792885	0.34790454852411884	0.145814926682997	2.506280524792885	0.34790454852411884	0.26385343205127443	7.248708165003563E-4	3.76539148934159E-8	0.2849937558403906	6.548120890007287E-4	16.7080955792982	-71.24896797357299
729000	-3505.9295276793	-3422.391863396944	-83.53766428235613	-3422.391863396944	27.814780336672616	149.52465794132195	0.8058441444453732	0.145814926682997	2.610871704505936	0.24331336881106785	0.145814926682997	2.610871704505936	0.24331336881106785	0.3066362397810459	6.51330743937117E-4	3.8720553456135004E-8	0.3170419323303027	6.659762247016846E-4	14.562094715143523	-75.90688898083505
730000	-3508.7033604632584	-3426.952220669923	-81.75113979333526	-3426.952220669923	22.040463919126072	104.37619964967162	0.8058441444453732	0.145814926682997	2.610871704505936	0.24331336881106785	0.145814926682997	2.610871704505936	0.24331336881106785	0.3914986309555402	9.553305044078895E-4	2.090923337427966E-7	0.5189551800361946	9.055671582246938E-4	10.67265869761653	-65.99058211683244
731000	-3516.729045021495	-3424.792106703839	-91.93693831765579	-3424.792106703839	24.873928449197916	127.1052015196374	0.8058441444453732	0.05921463848844513	2.610871704505936	0.3299136570056197	0.05921463848844513	2.610871704505936	0.3299136570056197	0.3528796375953384	7.477122641678768E-4	1.123939579932857E-7	0.42325067364477476	7.104005059620158E-4	12.821763134763925	-71.27383561278843
732000	-3524.1675748232933	-3428.50608940676	-95.66148541653324	-3428.50608940676	42.58675717949841	173.87979900967235	0.8058441444453732	0.05921463848844513	2.610871704505936	0.3299136570056197	0.05921463848844513	2.610871704505936	0.3299136570056197	0.4011974380263057	5.777421021660005E-4	6.614719277844788E-8	0.401221527917625	6.413428993815242E-4	12.176318020854117	-76.74383223069309
733000	-3515.1140826028773	-3427.1968448011885	-87.91723780168881	-3427.1968448011885	45.77225778770088	176.2037348990414	0.8058441444453732	0.05921463848844513	2.610871704505936	0.3299136570056197	0.05921463848844513	2.610871704505936	0.3299136570056197	0.3970686391541848	5.852067670038643E-4	4.336619772939296E-8	0.33601697114866474	6.401831113115812E-4	17.256549016476185	-74.10501686473769
734000	-3489.6987564635615	-3434.12334518788	-55.57541127568125	-3434.12334518788	33.949154020122066	160.65851426797317	0.8058441444453732	0.05921463848844513	2.610871704505936	0.3299136570056197	0.05921463848844513	2.610871704505936	0.3299136570056197	0.1612303618502419	5.589556297132725E-4	5.307494225904609E-9	0.12886531807528284	5.671359358394591E-4	13.955839924482396	-77.57140962098245
735000	-3517.7217674357585	-3422.0892762952863	-95.63249114047203	-3422.0892762952863	47.88423394672779	197.86914300924292	0.8058441444453732	0.05921463848844513	2.610871704505936	0.3299136570056197	0.05921463848844513	2.610871704505936	0.3299136570056197	0.33016203454527193	5.542352908829342E-4	3.869615092079033E-8	0.36265240874341753	5.175532669340266E-4	13.9830930855552	-80.22051835250295
736000	-3496.720673183121	-3431.1864465261037	-65.53422665701743	-3431.1864465261037	36.69877297612273	177.10953638894543	0.8058441444453732	0.05921463848844513	2.610871704505936	0.3299136570056197	0.05921463848844513	2.610871704505936	0.3299136570056197	0.17077134635432212	6.095546488829527E-4	9.326233827056772E-9	0.16859646395719355	5.561811808554907E-4	18.160795687028905	-77.03362985454604
737000	-3494.0173840177304	-3435.023851913696	-58.99353210403425	-3435.023851913696	44.94311513872452	205.81895427924513	0.8058441444453732	0.05921463848844513	2.610871704505936	0.3299136570056197	0.05921463848844513	2.610871704505936	0.3299136570056197	0.12979511982379888	4.7337160523330915E-4	3.780721180455998E-9	0.12684845118845475	4.8394678153739363E-4	12.847715609377278	-85.95696425355968
738000	-3515.6609261626522	-3428.7051912049715	-86.95573495768089	-3428.7051912049715	33.53091240808854	181.16606575429375	0.8058441444453732	0.05921463848844513	2.610871704505936	0.3299136570056197	0.05921463848844513	2.610871704505936	0.3299136570056197	0.3087186588004265	6.751962166459928E-4	3.3423888842344474E-8	0.3061699648252136	6.23771974621624E-4	13.165390495969344	-83.24552360992891
739000	-3518.6119561765163	-3439.69038465228	-78.9215715242363	-3439.69038465228	45.496620990908184	169.54964955739777	0.8058441444453732	0.13891872610984463	2.4550404761187203	0.40604079777143615	0.13891872610984463	2.4550404761187203	0.40604079777143615	0.26652618266215866	5.931867159973258E-4	2.5649103750840537E-8	0.25964118474932174	5.836751407044314E-4	13.61379660915628	-72.80181264883522
740000	-3515.1849711772456	-3434.2896829193064	-80.895288257939	-3434.2896829193064	59.69011309033042	240.81821564362536	0.8058441444453732	0.13891872610984463	2.4550404761187203	0.40604079777143615	0.13891872610984463	2.4550404761187203	0.40604079777143615	0.18655913393816334	3.627740457678423E-4	5.388271838444422E-9	0.2003902156676846	3.536246845633466E-4	14.054795548847947	-86.20292886243608
741000	-3528.952008189642	-3434.4493784012934	-94.50262978834878	-3434.4493784012934	42.132593278571356	183.7045736324891	0.8058441444453732	0.13891872610984463	2.4550404761187203	0.40604079777143615	0.13891872610984463	2.4550404761187203	0.40604079777143615	0.29761963938844777	5.095321369927223E-4	3.030627340250919E-8	0.3336048462272765	4.997287639577028E-4	16.919802878794105	-77.23517348946231
742000	-3515.4781701318407	-3425.7613931307574	-89.71677700108341	-3425.7613931307574	41.755831099641526	188.5652606150318	0.8058441444453732	0.13891872610984463	2.394991033408086	0.4660902404820703	0.13891872610984463	2.394991033408086	0.4660902404820703	0.32133470048500457	5.337189497730739E-4	2.4320378375371697E-8	0.33721108919367615	4.4303367356898635E-4	16.23677827050694	-78.87249851795676
743000	-3524.579193542298	-3426.9639386430727	-97.61525489922533	-3426.9639386430727	45.12782521497636	169.60915325558386	0.8058441444453732	0.19696918919020995	2.336940570327721	0.4660902404820703	0.19696918919020995	2.336940570327721	0.4660902404820703	0.482343843681255	5.582954429026848E-4	9.107313072486151E-8	0.5494011169540515	5.995252532947066E-4	13.055700645774085	-73.67097595035443
744000	-3510.9704912264956	-3431.941160271964	-79.0293309545317	-3431.941160271964	40.61789125494009	173.93299734051027	0.8058441444453732	0.19696918919020995	2.336940570327721	0.4660902404820703	0.19696918919020995	2.336940570327721	0.4660902404820703	0.23290261313021213	5.517382796044466E-4	1.8737548810162222E-8	0.2526919784607178	5.803964052786892E-4	18.698183128947587	-75.64654154589536
745000	-3511.7230380728397	-3430.4181361337837	-81.3049019390558	-3430.4181361337837	46.689958192940466	190.94885170947944	0.8058441444453732	0.19696918919020995	2.336940570327721	0.4660902404820703	0.19696918919020995	2.336940570327721	0.4660902404820703	0.30934621576530424	5.71963441546796E-4	3.109983142315932E-8	0.28168071332276434	6.623446265530356E-4	15.440700299059296	-77.59413045074703
746000	-3512.9951509367247	-3425.2526880930823	-87.74246284364236	-3425.2526880930823	40.64873422286072	174.95817156997572	0.8058441444453732	0.19696918919020995	2.336940570327721	0.4660902404820703	0.19696918919020995	2.336940570327721	0.4660902404820703	0.3397850254569138	5.113804110938393E-4	3.055044859656808E-8	0.3240964235656447	5.596864815784657E-4	16.33383896716458	-76.04520658500952
747000	-3526.051172598998	-3432.170018815202	-93.8811537837961	-3432.170018815202	33.3215849646677	181.73736812059724	0.8058441444453732	0.19696918919020995	2.336940570327721	0.4660902404820703	0.19696918919020995	2.336940570327721	0.4660902404820703	0.4024641522488927	6.05439891213832E-4	3.717600732271165E-8	0.345342639921874	5.769956205130979E-4	19.255053513562242	-80.38580106607486
748000	-3524.7289539948915	-3431.9610233890053	-92.76793060588616	-3431.9610233890053	60.25601970490743	234.75318800426135	0.8058441444453732	0.19696918919020995	2.336940570327721	0.4660902404820703	0.19696918919020995	2.336940570327721	0.4660902404820703	0.32382060029583115	4.308860250014028E-4	2.5426583743739482E-8	0.34374260606559126	4.545954775682796E-4	16.455779330620643	-82.01944367592866
749000	-3509.4523248846217	-3431.0660560018273	-78.38626888279441	-3431.0660560018273	35.60427571515661	183.55611084528908	0.8058441444453732	0.09939291286191806	2.4345168466560128	0.4660902404820703	0.09939291286191806	2.4345168466560128	0.4660902404820703	0.2293602509624087	4.834464419529061E-4	9.901425106445496E-9	0.21316550309510066	4.576951394335015E-4	12.118052715344724	-83.19812910220874
750000	-3522.726823163667	-3441.533249317508	-81.1935738461595	-3441.533249317508	55.89084116378736	216.0174112977641	0.8058441444453732	0.09939291286191806	2.4345168466560128	0.4660902404820703	0.09939291286191806	2.4345168466560128	0.4660902404820703	0.24111003602412218	6.003519341512703E-4	3.173530514724274E-8	0.26121119589502584	6.909990605575112E-4	16.261798916353687	-79.29966339417516
751000	-3510.1005746164938	-3427.667212230274	-82.43336238621971	-3427.667212230274	54.74836783447299	240.8802034805903	0.8058441444453732	0.09939291286191806	2.5589415259007455	0.3416655612373376	0.09939291286191806	2.5589415259007455	0.3416655612373376	0.30208113855285157	3.374506735989856E-4	7.340544775278506E-9	0.22535637586782434	4.098507546052428E-4	16.250467086910664	-84.57562583105772
752000	-3515.394033463554	-3425.5036732109834	-89.89036025257084	-3425.5036732109834	42.209204200734746	203.72607502800594	0.8058441444453732	0.09939291286191806	2.5589415259007455	0.3416655612373376	0.09939291286191806	2.5589415259007455	0.3416655612373376	0.2479427072870625	5.557931147323265E-4	2.8596693397367497E-8	0.29893073029471223	5.781681570555989E-4	18.192029063200952	-80.51594490456183
753000	-3517.203286548071	-3425.683946435534	-91.51934011253711	-3425.683946435534	55.92994988281018	215.66377487886209	0.8058441444453732	0.09939291286191806	2.5589415259007455	0.3416655612373376	0.09939291286191806	2.5589415259007455	0.3416655612373376	0.31474621717723517	4.459700510487687E-4	4.1959284210115387E-8	0.4316382597372609	4.7893701820698136E-4	13.686857174767562	-80.99823084276616
754000	-3512.4196650055214	-3419.5203190025313	-92.8993460029902	-3419.5203190025313	44.46458645308293	197.40117294507493	0.8058441444453732	0.09939291286191806	2.5589415259007455	0.3416655612373376	0.09939291286191806	2.5589415259007455	0.3416655612373376	0.38626557610537554	5.302099097706428E-4	2.7403425991429698E-8	0.33471347431812687	4.8059574424679104E-4	16.925426664877218	-78.76954292523757
755000	-3512.2100435657035	-3421.996015370617	-90.21402819508633	-3421.996015370617	39.880729855026004	161.16741421424172	0.8058441444453732	0.09939291286191806	2.5589415259007455	0.3416655612373376	0.09939291286191806	2.5589415259007455	0.3416655612373376	0.4564190849911224	6.253343253272931E-4	7.175151242472147E-8	0.4460638670396881	6.784503501053755E-4	15.475550195433255	-73.06567878681224
756000	-3532.990182155275	-3427.1813597711525	-105.80882238412232	-3427.1813597711525	45.16560333500479	186.29755222432212	0.8058441444453732	0.09939291286191806	2.5589415259007455	0.3416655612373376	0.09939291286191806	2.5589415259007455	0.3416655612373376	0.37354314513193726	6.566902678290025E-4	7.379330356480363E-8	0.39167507484058717	5.774623723606132E-4	14.318098802476266	-79.03934991665099
757000	-3518.477034567156	-3430.8503154187997	-87.62671914835609	-3430.8503154187997	49.066689751745535	188.42737139653232	0.8058441444453732	0.09939291286191806	2.5589415259007455	0.3416655612373376	0.09939291286191806	2.5589415259007455	0.3416655612373376	0.31765244040972135	5.40889868394632E-4	4.519012850858642E-8	0.34173849130831485	5.860858990304257E-4	12.057488605436545	-77.79904869315928
758000	-3513.0398016003905	-3432.7917242915646	-80.24807730882601	-3432.7917242915646	37.334387318220095	171.74941547768984	0.8058441444453732	0.09939291286191806	2.5589415259007455	0.3416655612373376	0.09939291286191806	2.5589415259007455	0.3416655612373376	0.33466563068327376	6.706392112056366E-4	3.506112404424976E-8	0.273218299797603	7.777348357346441E-4	13.569347613248649	-78.25919753666655
759000	-3509.6929805465884	-3428.8734403980516	-80.81954014853675	-3428.8734403980516	41.499816729927346	191.00658456915062	0.8058441444453732	0.09939291286191806	2.5589415259007455	0.3416655612373376	0.09939291286191806	2.5589415259007455	0.3416655612373376	0.21052749711679417	6.057223266350873E-4	1.7775680334828E-8	0.22696518995759332	5.613439614549907E-4	18.34826703236001	-79.22523564885297
760000	-3495.4387928254687	-3422.869296922673	-72.5694959027955	-3422.869296922673	55.03694182608645	212.0881282849144	0.8058441444453732	0.09939291286191806	2.5589415259007455	0.3416655612373376	0.09939291286191806	2.5589415259007455	0.3416655612373376	0.2273227352567118	5.16859717138943E-4	1.2823691890131297E-8	0.20973412747025819	5.456780208848746E-4	15.401868580605454	-79.06839875844568
761000	-3514.889087570673	-3426.6315766368216	-88.2575109338512	-3426.6315766368216	29.965587334426246	172.91738320288079	0.8058441444453732	0.09939291286191806	2.5589415259007455	0.3416655612373376	0.09939291286191806	2.5589415259007455	0.3416655612373376	0.2750784578992151	5.542448664512746E-4	2.2319870716321654E-8	0.2788708735067329	5.219918684189421E-4	16.79431193555646	-81.38788325528022
762000	-3478.780403372862	-3428.9780474108	-49.80235596206213	-3428.9780474108	39.927199010794546	193.33748187296706	0.8058441444453732	0.09939291286191806	2.5589415259007455	0.3416655612373376	0.09939291286191806	2.5589415259007455	0.3416655612373376	0.1006028936261053	4.6978884026966923E-4	2.359467729139741E-9	0.10116304628022027	4.7681133993129784E-4	18.47745861964029	-80.02241333782953
763000	-3487.135084735112	-3437.2654865250556	-49.869598210056125	-3437.2654865250556	56.24446344499855	211.60774346362086	0.8058441444453732	0.09939291286191806	2.5589415259007455	0.3416655612373376	0.09939291286191806	2.5589415259007455	0.3416655612373376	0.12012760900147144	4.3533160877697876E-4	2.2614963746227045E-9	0.10840458590913968	4.4497434776763684E-4	12.997637856948584	-80.87902822242903
764000	-3477.7074673372895	-3429.53759377582	-48.16987356146953	-3429.53759377582	46.33794065150941	203.230998405993	0.8058441444453732	0.09939291286191806	2.5589415259007455	0.3416655612373376	0.09939291286191806	2.5589415259007455	0.3416655612373376	0.10845846873415142	4.660162266083104E-4	2.4279304877987506E-9	0.10145153287026654	4.873488306416711E-4	13.63025021625095	-82.17721675515892
765000	-3499.1175566268385	-3430.4404771160284	-68.67707951081023	-3430.4404771160284	44.081269662872316	184.61319027218988	0.8058441444453732	0.09939291286191806	2.5589415259007455	0.3416655612373376	0.09939291286191806	2.5589415259007455	0.3416655612373376	0.1889070584217935	6.631781443258048E-4	1.620901374399651E-8	0.18370391034025813	6.857949315362749E-4	21.165644613787666	-75.97827488391087
766000	-3514.3116768179066	-3421.8581647916058	-92.45351202630067	-3421.8581647916058	40.1050431330827	200.6259336153949	0.8058441444453732	0.09939291286191806	2.624614839083064	0.2759922480550192	0.09939291286191806	2.624614839083064	0.2759922480550192	0.29414967534548764	5.264499419142235E-4	2.3739990727198557E-8	0.3078230192523563	4.8359834772951837E-4	22.967943255425272	-79.35563221630466
767000	-3516.943232849512	-3435.7054248580316	-81.23780799148012	-3435.7054248580316	28.514354021917722	160.95833797892692	0.8058441444453732	0.09939291286191806	2.624614839083064	0.2759922480550192	0.09939291286191806	2.624614839083064	0.2759922480550192	0.2326218245492541	6.215743373434844E-4	2.276751826146525E-8	0.25302253095391086	5.62593596651025E-4	16.789738186409323	-78.07088874114632
768000	-3543.2447976519848	-3426.855235540662	-116.38956211132289	-3426.855235540662	42.636739802980905	165.31415052102327	0.8058441444453732	0.09939291286191806	2.624614839083064	0.2759922480550192	0.09939291286191806	2.624614839083064	0.2759922480550192	0.6235483897315874	5.430333964613539E-4	1.5288559281298867E-7	0.7088361331402908	4.903217141672702E-4	15.811343559565358	-75.04704076584106
769000	-3547.557629182238	-3436.4864556022185	-111.07117358001973	-3436.4864556022185	29.565362881008333	132.97141220329485	0.7089091784015195	0.09939291286191806	2.624614839083064	0.2759922480550192	0.09939291286191806	2.624614839083064	0.2759922480550192	0.582756930427605	8.105206953170289E-4	3.313227903666255E-7	0.6686346348069261	7.948338534032005E-4	10.417417809782775	-73.9108583504254
770000	-3533.76166451365	-3435.29459808865	-98.46706642499984	-3435.29459808865	29.233160499967884	137.57532651874286	0.7089091784015195	0.09939291286191806	2.624614839083064	0.2759922480550192	0.09939291286191806	2.624614839083064	0.2759922480550192	0.4232190958377713	7.954437764766465E-4	1.5623191577636158E-7	0.488301495400349	7.546397493977589E-4	12.20690596623234	-73.47585852841958
771000	-3519.674117924413	-3439.397074229972	-80.27704369444099	-3439.397074229972	47.749476317022456	196.48962801136483	0.7089091784015195	0.09939291286191806	2.624614839083064	0.2759922480550192	0.09939291286191806	2.624614839083064	0.2759922480550192	0.2896780069196423	5.974958037748495E-4	2.2235199093844806E-8	0.25017781912566067	6.213265757430339E-4	17.378998416959334	-79.00727103724964
772000	-3515.9060341100194	-3423.434101512746	-92.47193259727327	-3423.434101512746	51.76332948318837	205.4255229582219	0.7089091784015195	0.1925690791097057	2.5314386728352765	0.2759922480550192	0.1925690791097057	2.5314386728352765	0.2759922480550192	0.3698736486779649	4.6033911510695325E-4	3.8781823906831544E-8	0.4118046183571077	5.155131718344969E-4	20.28645968196783	-77.58962598022708
773000	-3524.1790302286995	-3432.4274016036907	-91.75162862500902	-3432.4274016036907	35.98282560917619	178.40750633553614	0.7089091784015195	0.115855590965132	2.5314386728352765	0.3527057361995929	0.115855590965132	2.5314386728352765	0.3527057361995929	0.42463218746242737	5.59020838288285E-4	4.0624372747525694E-8	0.3858591211779869	5.654804993863511E-4	17.0082770371819	-78.16420984886666
774000	-3514.88121821687	-3420.607459906168	-94.27375831070198	-3420.607459906168	31.992580928805296	187.1474492973446	0.8087698076632498	0.115855590965132	2.5314386728352765	0.3527057361995929	0.115855590965132	2.5314386728352765	0.3527057361995929	0.39442082683313207	4.838564507133485E-4	2.3563886568030497E-8	0.32871868431045786	4.978624756639499E-4	18.872593609338253	-82.29784933508921
775000	-3520.9267787904887	-3431.5953990422645	-89.33137974822436	-3431.5953990422645	33.59016018795458	151.47150547732045	0.8087698076632498	0.115855590965132	2.5314386728352765	0.3527057361995929	0.115855590965132	2.5314386728352765	0.3527057361995929	0.35088832685276045	6.790633488476435E-4	4.931366329670988E-8	0.3300348886625755	6.276918513118287E-4	12.106023009435305	-73.00439186502534
776000	-3504.1479201733723	-3435.7476545429095	-68.40026563046307	-3435.7476545429095	37.09132874525489	159.02371759602613	0.8087698076632498	0.18588841683854662	2.5314386728352765	0.28267291032617825	0.18588841683854662	2.5314386728352765	0.28267291032617825	0.24846860757122438	6.688253988082568E-4	2.1130657533796275E-8	0.21528417616755754	6.932389520871034E-4	17.365201377475202	-73.0762737254882
777000	-3506.7244942164425	-3427.9593324344314	-78.76516178201108	-3427.9593324344314	43.58676305938826	187.46937778127753	0.8087698076632498	0.18588841683854662	2.5314386728352765	0.28267291032617825	0.18588841683854662	2.5314386728352765	0.28267291032617825	0.2047234842377878	5.428543025727461E-4	1.8526595089936858E-8	0.243227967996905	5.481079173593771E-4	20.822618919124086	-77.42785557182192
778000	-3512.378642017334	-3428.6145474197106	-83.76409459762365	-3428.6145474197106	57.734083173404215	219.2960914097859	0.8087698076632498	0.18588841683854662	2.5314386728352765	0.28267291032617825	0.18588841683854662	2.5314386728352765	0.28267291032617825	0.2517638352229117	4.015500671762859E-4	1.0594629069514777E-8	0.23826450455141357	3.9755870539351433E-4	16.50284766282695	-79.84709595184391
779000	-3502.9089661039634	-3425.579852519037	-77.32911358492612	-3425.579852519037	39.35118415110817	191.90929294430663	0.8087698076632498	0.038276665745227034	2.448241602185598	0.5134817320691762	0.038276665745227034	2.448241602185598	0.5134817320691762	0.2440912098357422	4.940824885328961E-4	1.2026114018143113E-8	0.22826645514035204	4.813976186054516E-4	14.791955347684203	-82.18469316186106
780000	-3491.010703898037	-3431.9261661623227	-59.084537735714136	-3431.9261661623227	32.482124825929716	150.08595238101356	0.8087698076632498	0.038276665745227034	2.448241602185598	0.5134817320691762	0.038276665745227034	2.448241602185598	0.5134817320691762	0.1746344155859404	6.129532100735811E-4	9.243721035189165E-9	0.15811164794597715	6.030413457716322E-4	14.670095444223673	-74.48056649078224
781000	-3493.8424682727864	-3426.0990814380557	-67.74338683473049	-3426.0990814380557	50.02586615389235	239.4174231925843	0.8087698076632498	0.038276665745227034	2.448241602185598	0.5134817320691762	0.038276665745227034	2.448241602185598	0.5134817320691762	0.12224950872331627	4.431965009280481E-4	3.7133592542454944E-9	0.14156189366845365	4.3524662747294304E-4	20.658753563654944	-84.32180110124993
782000	-3489.9363362965123	-3426.3780212242805	-63.55831507223179	-3426.3780212242805	43.256909667677135	199.46366026162343	0.8087698076632498	0.1408749328759818	2.448241602185598	0.4108834649384215	0.1408749328759818	2.448241602185598	0.4108834649384215	0.16456701721346845	5.141555576820635E-4	6.295884974835538E-9	0.15329240450408052	5.125419611351473E-4	21.226094070322578	-79.24206649893617
783000	-3504.901422176126	-3430.4748657697455	-74.42655640638048	-3430.4748657697455	44.10559593977101	185.64461444630226	0.8087698076632498	0.1408749328759818	2.448241602185598	0.4108834649384215	0.1408749328759818	2.448241602185598	0.4108834649384215	0.2281712324068743	5.083817252458461E-4	1.5904341202745023E-8	0.24197982990143982	5.158970875518696E-4	16.903146723307334	-76.5467997103549
784000	-3509.335457653819	-3433.3753985093776	-75.9600591444414	-3433.3753985093776	37.144834147043845	158.2170646510466	0.8087698076632498	0.1408749328759818	2.448241602185598	0.4108834649384215	0.1408749328759818	2.448241602185598	0.4108834649384215	0.27192634740538935	6.13800005807435E-4	2.4224890352137326E-8	0.2474168345026565	6.033288504364474E-4	14.925036697757855	-73.97001592769723
785000	-3518.726484668104	-3425.4537721498086	-93.27271251829556	-3425.4537721498086	25.372100271242566	134.99938674781683	0.8087698076632498	0.1408749328759818	2.448241602185598	0.4108834649384215	0.1408749328759818	2.448241602185598	0.4108834649384215	0.38835372733231754	5.846208808963914E-4	4.6844219171323656E-8	0.40818673743061795	4.900516849320648E-4	16.338932929940427	-72.71624701943438
786000	-3497.8523324439516	-3432.79314259727	-65.0591898466816	-3432.79314259727	28.336557616377902	140.46860892875438	0.8087698076632498	0.1408749328759818	2.448241602185598	0.4108834649384215	0.1408749328759818	2.448241602185598	0.4108834649384215	0.18464135099181184	8.373332923822922E-4	2.555688724218294E-8	0.20812096188858045	7.724997120108715E-4	13.853787655626048	-73.42619471629727
787000	-3451.2421068107838	-3429.4408436573844	-21.801263153399503	-3429.4408436573844	43.54450674985957	179.50709172962453	0.8087698076632498	0.1408749328759818	2.448241602185598	0.4108834649384215	0.1408749328759818	2.448241602185598	0.4108834649384215	0.056286746988476646	5.621796308332744E-4	8.920543737612211E-10	0.05257910937272542	5.755687177558756E-4	11.185567035830282	-79.03068753238853
788000	-3499.7563496454272	-3429.4331698147066	-70.3231798307207	-3429.4331698147066	37.59324364109066	199.95612044731456	0.8087698076632498	0.1408749328759818	2.448241602185598	0.4108834649384215	0.1408749328759818	2.448241602185598	0.4108834649384215	0.17984402680947592	4.713072152029553E-4	7.233108716622116E-9	0.19038544245220793	4.455159741285172E-4	17.36659551478971	-82.50294951507396
789000	-3504.534134988735	-3431.0484552534217	-73.48567973531301	-3431.0484552534217	40.98107860195252	216.70913390333152	0.8087698076632498	0.1408749328759818	2.448241602185598	0.4108834649384215	0.1408749328759818	2.448241602185598	0.4108834649384215	0.21181958757362454	5.08119886996911E-4	7.512612699064169E-9	0.17353880859791668	5.366059943861777E-4	19.841414970053957	-83.70285264238987
790000	-3512.832900410159	-3427.351609145565	-85.48129126459403	-3427.351609145565	32.417607753662	150.53445148808416	0.8087698076632498	0.1408749328759818	2.5971737119056693	0.26195135521835033	0.1408749328759818	2.5971737119056693	0.26195135521835033	0.34733403380793865	6.370504611546545E-4	5.88552566406614E-8	0.3671659932387249	7.24884895801719E-4	16.174468436161288	-73.98196333277332
791000	-3530.31610138805	-3433.001173989096	-97.31492739895363	-3433.001173989096	36.28858811855951	156.6976716489372	0.8087698076632498	0.1408749328759818	2.484902494035926	0.3742225730880935	0.1408749328759818	2.484902494035926	0.3742225730880935	0.4329160000344533	6.880529998254665E-4	1.0000752975815558E-7	0.4501856516122	7.144351885465786E-4	21.768835240527327	-73.82451983022936
792000	-3531.157938163564	-3431.1207117255094	-100.03722643805445	-3431.1207117255094	52.68870150810472	195.72772959183982	0.8087698076632498	0.1408749328759818	2.484902494035926	0.3742225730880935	0.1408749328759818	2.484902494035926	0.3742225730880935	0.46030119875971515	5.673856690581715E-4	1.1453386317599651E-7	0.4870556192148065	6.858575981927607E-4	15.753791144866016	-75.0284326356365
793000	-3527.2666862017427	-3433.85712236489	-93.4095638368524	-3433.85712236489	40.338225956296554	168.4058457757887	0.8087698076632498	0.1408749328759818	2.484902494035926	0.3742225730880935	0.1408749328759818	2.484902494035926	0.3742225730880935	0.38351512644460173	6.375025992031768E-4	1.0198306728510015E-7	0.4464212708661357	7.215516600277663E-4	14.274202333953603	-74.64615178525341
794000	-3525.5407601741294	-3432.3981986560925	-93.14256151803674	-3432.3981986560925	31.319080293282745	136.6786886255052	0.8087698076632498	0.1408749328759818	2.484902494035926	0.3742225730880935	0.1408749328759818	2.484902494035926	0.3742225730880935	0.3755855454621639	6.411331332546634E-4	7.775511557246307E-8	0.42810291255202243	6.11723755602219E-4	10.88046386684978	-71.69931792281446
795000	-3532.174165325701	-3432.4114541435633	-99.76271118213745	-3432.4114541435633	59.60377371351848	256.92673571354027	0.8087698076632498	0.1408749328759818	2.484902494035926	0.3742225730880935	0.1408749328759818	2.484902494035926	0.3742225730880935	0.3112176699135719	5.330105066808963E-4	5.389329951716639E-8	0.39038346763798515	6.463123389959846E-4	16.258988113054787	-86.20820204870435
796000	-3526.321159818271	-3427.675095166385	-98.6460646518864	-3427.675095166385	44.4637354579012	188.89689780743183	0.8087698076632498	0.1408749328759818	2.304297417259417	0.5548276498646024	0.1408749328759818	2.304297417259417	0.5548276498646024	0.3774123956698846	5.083975556739124E-4	5.170193917814033E-8	0.4465522782383935	5.234196435714751E-4	18.485313250041717	-77.66354163566766
797000	-3494.655806730949	-3430.2893418261788	-64.36646490477014	-3430.2893418261788	45.03045961563845	180.2015903936653	0.8087698076632498	0.1408749328759818	2.304297417259417	0.5548276498646024	0.1408749328759818	2.304297417259417	0.5548276498646024	0.16656108234805572	5.159846309733387E-4	9.278409220965601E-9	0.1852907561356815	5.461363730882266E-4	17.987696779819597	-76.30554997872807
798000	-3512.01348875022	-3426.9496544191243	-85.06383433109553	-3426.9496544191243	35.748974735439525	175.2928933498979	0.8087698076632498	0.1408749328759818	2.304297417259417	0.5548276498646024	0.1408749328759818	2.304297417259417	0.5548276498646024	0.32142271680654244	4.923792578947788E-4	2.4100776422437436E-8	0.3051379303510226	5.716477735692867E-4	16.86700254610854	-77.76906990573417
799000	-3514.758172476302	-3424.387503857973	-90.37066861832903	-3424.387503857973	47.20070409219796	235.40969336732883	0.8087698076632498	0.1408749328759818	2.304297417259417	0.5548276498646024	0.1408749328759818	2.304297417259417	0.5548276498646024	0.29243298003911666	3.327002134988434E-4	9.37994662343669E-9	0.2838193227325058	3.6956287086346813E-4	26.131458410447507	-84.17447276768567
800000	-3512.9032420866865	-3431.782983440794	-81.12025864589245	-3431.782983440794	52.88140945263069	269.09190583730526	0.8087698076632498	0.1408749328759818	2.452762412449448	0.4063626546745713	0.1408749328759818	2.452762412449448	0.4063626546745713	0.1702187827617417	3.08450171397344E-4	3.122175041846565E-9	0.18355918945681518	3.28924232789576E-4	19.972066688972344	-89.23427095836682
801000	-3470.978927304301	-3429.4247146390467	-41.554212665254525	-3429.4247146390467	45.18154743512667	212.38000037231495	0.8087698076632498	0.1408749328759818	2.452762412449448	0.4063626546745713	0.1408749328759818	2.452762412449448	0.4063626546745713	0.0852807324042575	5.301050259059116E-4	1.742963615181416E-9	0.07689792813884481	5.411037710652346E-4	21.840120737420786	-80.36410140956816
802000	-3479.3931242172794	-3431.6048558149314	-47.78826840234784	-3431.6048558149314	51.022001454881426	242.45779963470258	0.8087698076632498	0.1408749328759818	2.5629131922607526	0.2962118748632666	0.1408749328759818	2.5629131922607526	0.2962118748632666	0.09443899707543064	4.3870932514918326E-4	1.20674361785731E-9	0.07909131688458768	4.472200197173953E-4	20.409095262859058	-86.0552921508103
803000	-3519.910118873132	-3433.637518417887	-86.272600455245	-3433.637518417887	61.479751353368606	289.1841495653547	0.8087698076632498	0.1408749328759818	2.5629131922607526	0.2962118748632666	0.1408749328759818	2.5629131922607526	0.2962118748632666	0.21499926070887743	4.0347479086466756E-4	5.627300006758335E-9	0.18642394069653564	3.868795848502118E-4	23.923090355190105	-90.19651530779622
804000	-3484.164402690368	-3434.126739282716	-50.03766340765224	-3434.126739282716	43.76933311351026	188.53651985660042	0.6715538707655201	0.1408749328759818	2.478243612126953	0.38088145499706605	0.1408749328759818	2.478243612126953	0.38088145499706605	0.11795094443728524	4.835878247561857E-4	2.8365390410077253E-9	0.11277714728460012	4.80202827977518E-4	17.55354923330156	-76.84257624007468
805000	-3512.47055172694	-3429.887852522226	-82.58269920471427	-3429.887852522226	36.01578760928986	172.77539087215547	0.6715538707655201	0.1408749328759818	2.478243612126953	0.38088145499706605	0.1408749328759818	2.478243612126953	0.38088145499706605	0.28254048579655255	5.061432631135282E-4	1.5856667387220537E-8	0.2616106524401165	4.80202827977518E-4	19.620509471594165	-77.09850266823844
806000	-3530.169021974732	-3428.461020526134	-101.70800144859831	-3428.461020526134	41.11364655575237	200.81748200990978	0.7960497084194272	0.1408749328759818	2.478243612126953	0.38088145499706605	0.1408749328759818	2.478243612126953	0.38088145499706605	0.34964148899562253	4.651563182523871E-4	5.0086696628256314E-8	0.48156472225483027	4.450773414523162E-4	18.90288443746309	-80.73583428493032
807000	-3520.782348277931	-3428.5834414315864	-92.19890684634427	-3428.5834414315864	36.00917144676042	169.41405090649198	0.7960497084194272	0.1408749328759818	2.478243612126953	0.38088145499706605	0.1408749328759818	2.478243612126953	0.38088145499706605	0.40210096521222055	6.554358152761484E-4	4.78534839083514E-8	0.34573701623963804	6.040439015055583E-4	11.60621376838413	-77.06474263096192
808000	-3518.5704532804043	-3423.9068088650597	-94.66364441534449	-3423.9068088650597	36.83040718231393	175.3719598606892	0.7960497084194272	0.1408749328759818	2.478243612126953	0.38088145499706605	0.1408749328759818	2.478243612126953	0.38088145499706605	0.3076414435643956	5.515402021909232E-4	3.0239329576962156E-8	0.3620184223396061	4.7311539589179897E-4	17.379949519716305	-78.33372012386113
809000	-3519.5440217083947	-3423.066101629653	-96.47792007874172	-3423.066101629653	40.36422940829283	191.81179256417215	0.7960497084194272	0.1408749328759818	2.478243612126953	0.38088145499706605	0.1408749328759818	2.478243612126953	0.38088145499706605	0.32663560973548583	5.544750495707069E-4	4.263653857025566E-8	0.39638446034906977	4.979962786051942E-4	18.37833731745906	-78.51980804960252
810000	-3498.6079334352776	-3425.612852204154	-72.9950812311235	-3425.612852204154	44.2526253737882	215.46993017688098	0.7960497084194272	0.1408749328759818	2.478243612126953	0.38088145499706605	0.1408749328759818	2.478243612126953	0.38088145499706605	0.21201948677766588	4.327244602307448E-4	6.372506129986557E-9	0.1871661069739758	4.4290307804260084E-4	18.37833731745906	-83.9069310832341
811000	-3491.2974936173914	-3431.9933059420405	-59.30418767535097	-3431.9933059420405	36.99818474825848	182.51742361715827	0.7960497084194272	0.07010957522289044	2.6535327362660026	0.276357688511108	0.07010957522289044	2.6535327362660026	0.276357688511108	0.14188347914674276	5.089237270954751E-4	5.1828755066790475E-9	0.13984362009666176	5.092693284383553E-4	17.157839676035497	-79.17055602079341
812000	-3515.6666806853486	-3427.88552399805	-87.78115668729858	-3427.88552399805	53.6532542356833	290.67830940235086	0.7960497084194272	0.07010957522289044	2.6535327362660026	0.276357688511108	0.07010957522289044	2.6535327362660026	0.276357688511108	0.1565840280455736	3.1675371389557094E-4	3.1319496586561573E-9	0.1903380642449486	2.9109876187524957E-4	23.973856959233068	-92.68113350665304
813000	-3536.792454054663	-3430.81545784483	-105.97699620983309	-3430.81545784483	72.99094277883341	335.06678351600385	0.7960497084194272	0.07010957522289044	2.7354489415459495	0.19444148323116123	0.07010957522289044	2.7354489415459495	0.19444148323116123	0.26210279258034147	2.4106286456177534E-4	8.079921987287837E-9	0.3196085076376967	2.901309796515322E-4	21.181181734601157	-95.35033035596265
814000	-3528.373196689642	-3433.3518087900406	-95.02138789960159	-3433.3518087900406	84.51713008504016	326.3943671141773	0.7960497084194272	0.07010957522289044	2.7354489415459495	0.19444148323116123	0.07010957522289044	2.7354489415459495	0.19444148323116123	0.28059363285860767	3.0797732357452635E-4	7.77899220982106E-9	0.295142311359572	3.112694857806426E-4	19.780829828499748	-90.44763518438916
815000	-3507.674848241001	-3433.8919295141613	-73.78291872683981	-3433.8919295141613	45.90910216964773	195.78427208654617	0.7960497084194272	0.07010957522289044	2.7354489415459495	0.19444148323116123	0.07010957522289044	2.7354489415459495	0.19444148323116123	0.22368840656530933	5.623365634374698E-4	1.3676202103506294E-8	0.2019938357989933	5.746147695442275E-4	21.885403595117477	-78.00177662628056
816000	-3516.394216621197	-3440.82369819947	-75.57051842172669	-3440.82369819947	49.320070519297296	212.80573694082256	0.7960497084194272	0.19001413818953666	2.6155443785793033	0.19444148323116123	0.19001413818953666	2.6155443785793033	0.19444148323116123	0.22260143070400243	5.536229871611547E-4	1.2037314851077119E-8	0.1957596938852816	5.426699386344122E-4	21.050394001040416	-79.69955117769722
817000	-3502.5487201704686	-3431.7731819145033	-70.77553825596513	-3431.7731819145033	42.93049502723501	195.81298417163748	0.7960497084194272	0.19001413818953666	2.6155443785793033	0.19444148323116123	0.19001413818953666	2.6155443785793033	0.19444148323116123	0.19844167076657646	4.530830154511434E-4	8.170197177171754E-9	0.20292619109801102	4.663056285872638E-4	18.159454089471353	-79.20998831844011
818000	-3509.134383126358	-3426.1267587735215	-83.0076243528366	-3426.1267587735215	33.56464945771175	175.51207432079215	0.7960497084194272	0.19001413818953666	2.4775537211657532	0.3324321406447115	0.19001413818953666	2.4775537211657532	0.3324321406447115	0.2739844073102358	6.112872042606545E-4	2.3248442169334244E-8	0.25919138417610027	5.80717246466397E-4	18.360172179015553	-78.22360899070857
819000	-3506.1543413255235	-3436.102207023073	-70.05213430245088	-3436.102207023073	49.17278911880831	212.28560090892023	0.7960497084194272	0.19001413818953666	2.4775537211657532	0.3324321406447115	0.19001413818953666	2.4775537211657532	0.3324321406447115	0.147157639366523	4.730096948030662E-4	7.264661792878397E-9	0.17422820882157838	4.8372949548489624E-4	18.794842466044482	-78.93533021624698
820000	-3495.6219400556975	-3437.2570781806735	-58.36486187502392	-3437.2570781806735	48.446059425940554	228.45301301736288	0.7960497084194272	0.06901263935319053	2.5985552200020994	0.3324321406447115	0.06901263935319053	2.5985552200020994	0.3324321406447115	0.13720904031888154	5.150442249081836E-4	3.29332655557362E-9	0.10996776055714547	5.204437853307198E-4	16.185421691340718	-86.48781633846326
821000	-3523.4490544530363	-3440.314680590477	-83.1343738625591	-3440.314680590477	45.15285880436224	190.7860053915334	0.7960497084194272	0.06901263935319053	2.5985552200020994	0.3324321406447115	0.06901263935319053	2.5985552200020994	0.3324321406447115	0.2168238664907451	4.460279155390992E-4	1.6657122911206262E-8	0.27051625061511175	4.8798912493949444E-4	18.4917662206295	-77.14978827149079
822000	-3511.7036094155796	-3426.913818760837	-84.78979065474263	-3426.913818760837	59.479117421693445	218.69717621601137	0.7960497084194272	0.06901263935319053	2.5985552200020994	0.3324321406447115	0.06901263935319053	2.5985552200020994	0.3324321406447115	0.28923873428072044	4.699199082111469E-4	2.111832287496223E-8	0.2922313936829087	5.321657783817235E-4	22.71075909097806	-77.75049217257599
823000	-3508.956867287377	-3435.2261450332308	-73.73072225414633	-3435.2261450332308	39.627607573018274	169.41132248975603	0.7960497084194272	0.06901263935319053	2.5985552200020994	0.3324321406447115	0.06901263935319053	2.5985552200020994	0.3324321406447115	0.2931779400493212	6.432736225394627E-4	1.8636258245825133E-8	0.2268729069734649	6.892880771921833E-4	13.72852307507468	-76.36404055703454
824000	-3512.928647472542	-3428.2929832323643	-84.63566424017743	-3428.2929832323643	45.661281066483625	188.23258272914575	0.7960497084194272	0.06901263935319053	2.5985552200020994	0.3324321406447115	0.06901263935319053	2.5985552200020994	0.3324321406447115	0.3410325488132768	5.660120031982096E-4	1.8566830971519267E-8	0.24576967513078893	5.475806269269522E-4	11.618971470523656	-80.77697573022238
825000	-3511.75123684695	-3442.4352221620584	-69.31601468489191	-3442.4352221620584	44.872136416146475	191.1380190979641	0.7960497084194272	0.06901263935319053	2.5985552200020994	0.3324321406447115	0.06901263935319053	2.5985552200020994	0.3324321406447115	0.21144078490658672	6.105807196919011E-4	1.349722424215535E-8	0.1879693825539803	6.118366363518707E-4	15.14887328831568	-79.64132614935069
826000	-3506.125706753164	-3423.390447056137	-82.73525969702709	-3423.390447056137	62.48267319751722	287.5112721358081	0.7960497084194272	0.06901263935319053	2.5985552200020994	0.3324321406447115	0.06901263935319053	2.5985552200020994	0.3324321406447115	0.23325865714143415	3.170597059797121E-4	3.878680420252556E-9	0.19474973370009668	3.3637535020791055E-4	24.515468522529453	-87.91412448817267
827000	-3512.4306723992677	-3427.750274083319	-84.68039831594902	-3427.750274083319	61.73233302127846	311.8404143841255	0.7960497084194272	0.06901263935319053	2.5985552200020994	0.3324321406447115	0.06901263935319053	2.5985552200020994	0.3324321406447115	0.21644912389646612	2.8406418970829264E-4	2.5242835999601913E-9	0.17635281195979793	2.910632849110757E-4	24.515468522529453	-92.41370987397211
828000	-3511.505319772113	-3429.797138654782	-81.70818111733114	-3429.797138654782	88.23603915606449	339.29389017890685	0.7960497084194272	0.06901263935319053	2.4337814850474206	0.4972058755993902	0.06901263935319053	2.4337814850474206	0.4972058755993902	0.1623843624101331	3.4416714756845804E-4	4.60310295712963E-9	0.19106699139633035	3.565485941702724E-4	22.817624507233266	-89.76223747867402
829000	-3511.929662311838	-3433.2970705631333	-78.63259174870453	-3433.2970705631333	52.55336765583901	230.45854183459716	0.7960497084194272	0.06901263935319053	2.4337814850474206	0.4972058755993902	0.06901263935319053	2.4337814850474206	0.4972058755993902	0.20944099730148305	4.6305636138203903E-4	9.354110436270936E-9	0.2282857849674701	4.3153685657411415E-4	23.97751680556317	-81.88803608601295
830000	-3478.513220652813	-3428.3163842588083	-50.19683639400449	-3428.3163842588083	40.707766805127086	178.42228393477842	0.7960497084194272	0.06901263935319053	2.4337814850474206	0.4972058755993902	0.06901263935319053	2.4337814850474206	0.4972058755993902	0.10859651520252855	5.726420380310208E-4	4.903146238434315E-9	0.11875932822285253	5.915387950189712E-4	20.02886113038762	-75.47253457684602
831000	-3537.8430913510174	-3433.947239572955	-103.89585177806231	-3433.947239572955	65.14300392411987	274.7901080079438	0.7960497084194272	0.06901263935319053	2.4337814850474206	0.4972058755993902	0.06901263935319053	2.4337814850474206	0.4972058755993902	0.31594884306134996	3.245141431926778E-4	1.6098376351970824E-8	0.3953193307058563	3.364971002103546E-4	17.436620574966213	-88.44301967828842
832000	-3518.8851980720538	-3427.5576089362467	-91.32758913580702	-3427.5576089362467	45.569840140344425	217.58837257997084	0.7960497084194272	0.12189345508080576	2.5111130841483926	0.36699346077080297	0.12189345508080576	2.5111130841483926	0.36699346077080297	0.3169052484869095	4.1409900342141893E-4	1.0925113574147329E-8	0.28976953542820116	3.5814562461778667E-4	23.19883690890188	-80.76839721780418
833000	-3514.6855971942605	-3433.324081463632	-81.36151573062872	-3433.324081463632	39.152232680026415	194.26109132997564	0.7960497084194272	0.12189345508080576	2.5111130841483926	0.36699346077080297	0.12189345508080576	2.5111130841483926	0.36699346077080297	0.2127878622036265	4.607639310802922E-4	1.202636035962633E-8	0.2592090726718122	4.174581724599924E-4	20.95287274672278	-78.6189454176445
834000	-3483.5895896074426	-3430.5929198890426	-52.996669718400106	-3430.5929198890426	46.38809332330171	206.96056192572863	0.7960497084194272	0.12189345508080576	2.5111130841483926	0.36699346077080297	0.12189345508080576	2.5111130841483926	0.36699346077080297	0.12790080662157902	5.413347761186482E-4	3.187612159320265E-9	0.10450587796534574	5.503769222864163E-4	15.260849642255863	-83.51401265090978
835000	-3527.9514399890945	-3433.5259914080734	-94.42544858102093	-3433.5259914080734	47.864400965328755	217.25161624985736	0.7960497084194272	0.12189345508080576	2.5111130841483926	0.36699346077080297	0.12189345508080576	2.5111130841483926	0.36699346077080297	0.2622661512406399	5.08522996554669E-4	2.1485382378663554E-8	0.294942464266866	4.654888013315227E-4	17.970194267353946	-85.05374862008492
836000	-3506.944108717813	-3427.569681769168	-79.37442694864522	-3427.569681769168	30.888426442334247	148.71032586546062	0.7960497084194272	0.12189345508080576	2.6381079215914	0.23999862332779595	0.12189345508080576	2.6381079215914	0.23999862332779595	0.2825180045587526	6.289652752088817E-4	3.726423912429986E-8	0.3122866264817855	6.675890260668363E-4	15.910629639298099	-73.09975790537084
837000	-3520.2698340540164	-3427.133174973914	-93.13665908010283	-3427.133174973914	42.019958245609104	171.99773753125586	0.7960497084194272	0.12189345508080576	2.6381079215914	0.23999862332779595	0.12189345508080576	2.6381079215914	0.23999862332779595	0.409595993815586	5.912127231870095E-4	6.982649250101954E-8	0.43832578603838374	6.024055783763471E-4	13.92033517165581	-74.82321363201002
838000	-3528.4082193191384	-3435.196947673628	-93.21127164551052	-3435.196947673628	31.02918923769682	149.3487522998887	0.7960497084194272	0.12189345508080576	2.6381079215914	0.23999862332779595	0.12189345508080576	2.6381079215914	0.23999862332779595	0.3728246014828479	7.630391360949896E-4	9.81842010057556E-8	0.41676263914012085	7.60824342840316E-4	20.21666155179497	-74.08765999976777
839000	-3518.199728473345	-3436.9870336559343	-81.2126948174109	-3436.9870336559343	26.340407503747265	136.3600295758776	0.7960497084194272	0.12189345508080576	2.6381079215914	0.23999862332779595	0.12189345508080576	2.6381079215914	0.23999862332779595	0.3238333962208051	6.587375093196326E-4	4.639364312250036E-8	0.321679964519432	7.445242255733059E-4	18.305535976137552	-72.46371697998262
840000	-3505.816076575738	-3429.280984120264	-76.53509245547431	-3429.280984120264	29.414157927261577	151.4539195400773	0.7960497084194272	0.12189345508080576	2.6381079215914	0.23999862332779595	0.12189345508080576	2.6381079215914	0.23999862332779595	0.26334238887880834	7.878210898734343E-4	4.3870536256040935E-8	0.27970135077364455	8.07851747044132E-4	16.131956260546676	-75.78867367836315
841000	-3530.9665376459357	-3431.593971162426	-99.37256648350974	-3431.593971162426	30.017037254412227	157.85916749704927	0.7960497084194272	0.12189345508080576	2.6381079215914	0.23999862332779595	0.12189345508080576	2.6381079215914	0.23999862332779595	0.3931359401336265	5.655414860659058E-4	7.563741127470992E-8	0.49273628989037954	5.640741265179508E-4	15.481271287791179	-76.29719142408285
842000	-3522.0907332019974	-3420.408051474925	-101.68268172707258	-3420.408051474925	44.85964889089338	224.54638578522628	0.7960497084194272	0.12189345508080576	2.6381079215914	0.23999862332779595	0.12189345508080576	2.6381079215914	0.23999862332779595	0.4342244847724869	4.401612089918509E-4	2.8189896684415826E-8	0.40549324169380707	4.292245776901881E-4	20.8225845395507	-83.4865365545433
843000	-3529.71444725193	-3424.3744246772662	-105.34002257466359	-3424.3744246772662	59.28653551051276	222.7705420776548	0.7960497084194272	0.12189345508080576	2.4623971565656135	0.41570938835358207	0.12189345508080576	2.4623971565656135	0.41570938835358207	0.3677253869484459	4.3329425402555876E-4	6.880049600679837E-8	0.49006842200559664	4.907065053838535E-4	16.102181590933192	-78.4908992389035
844000	-3521.4661065584046	-3415.604563680094	-105.8615428783106	-3415.604563680094	82.64924311446084	271.58583203312816	0.7960497084194272	0.12189345508080576	2.4623971565656135	0.41570938835358207	0.12189345508080576	2.4623971565656135	0.41570938835358207	0.5182679596786055	3.776628171444828E-4	9.341321884536538E-8	0.601940991032771	5.979123184211597E-4	17.55157666870995	-80.95298380971785
845000	-3549.854945882728	-3430.0901032146785	-119.76484266804954	-3430.0901032146785	85.40520915276286	259.22685820241566	0.7960497084194272	0.12189345508080576	2.4623971565656135	0.41570938835358207	0.12189345508080576	2.4623971565656135	0.41570938835358207	0.4240952340783828	3.5873661686915365E-4	1.0746136649519589E-7	0.5915982928993159	4.896507620309389E-4	19.38352994622465	-77.63231077165098
846000	-3516.1129555662337	-3431.9550081968723	-84.15794736936151	-3431.9550081968723	30.74552831213272	139.45348949440478	0.7960497084194272	0.12189345508080576	2.4623971565656135	0.41570938835358207	0.12189345508080576	2.4623971565656135	0.41570938835358207	0.3907940536351822	7.774213512664106E-4	8.690678517686265E-8	0.38720998224675224	7.627036302460203E-4	14.631586505834887	-71.60244500962166
847000	-3509.6048050636937	-3431.4917352290136	-78.11306983468026	-3431.4917352290136	44.15486333742764	208.69111899258624	0.7960497084194272	0.12189345508080576	2.4623971565656135	0.41570938835358207	0.12189345508080576	2.4623971565656135	0.41570938835358207	0.1617299188307813	4.5702061066596646E-4	6.855106782522636E-9	0.1745662868144404	4.5494712030612496E-4	25.91246377565352	-81.58368750108794
848000	-3529.8423857520247	-3437.744615717111	-92.09777003491341	-3437.744615717111	48.90837933121031	207.5876521702248	0.7960497084194272	0.12189345508080576	2.4623971565656135	0.41570938835358207	0.12189345508080576	2.4623971565656135	0.41570938835358207	0.3649710159719131	3.778906248202092E-4	2.18683367794689E-8	0.3616552015257179	4.184147704789276E-4	12.186271088372191	-83.13809073055947
849000	-3510.5691599684264	-3426.867548502472	-83.70161146595463	-3426.867548502472	32.43089812432103	155.81129970335326	0.7960497084194272	0.12189345508080576	2.4623971565656135	0.41570938835358207	0.12189345508080576	2.4623971565656135	0.41570938835358207	0.31814794904696964	6.065118135476274E-4	2.601900411142635E-8	0.28775839394809705	5.832456378701996E-4	17.653970209312337	-74.3532486969256
850000	-3535.59063033618	-3442.2718836021168	-93.31874673406303	-3442.2718836021168	38.90937082084186	165.714024900116	0.7960497084194272	0.05259889475422905	2.5316917168921904	0.41570938835358207	0.05259889475422905	2.5316917168921904	0.41570938835358207	0.37274726920543944	6.269937723598594E-4	9.141346915095618E-8	0.41449609943790183	6.808953356896368E-4	12.891339717399457	-77.15367167767845
851000	-3518.8854423923285	-3429.7151028587546	-89.17033953357378	-3429.7151028587546	35.89419024156245	171.08801828877176	0.7960497084194272	0.05259889475422905	2.5316917168921904	0.41570938835358207	0.05259889475422905	2.5316917168921904	0.41570938835358207	0.40016505084799053	5.179477772300848E-4	2.9490681173894167E-8	0.3390004972413607	5.367321551967035E-4	18.320531908322824	-77.4157495636481
852000	-3531.187996376667	-3433.635560000671	-97.55243637599605	-3433.635560000671	46.03088632902756	204.16519650485264	0.7960497084194272	0.05259889475422905	2.4695643856931975	0.47783671955257495	0.05259889475422905	2.4695643856931975	0.47783671955257495	0.3430965790651748	5.681493161765433E-4	3.532463626392446E-8	0.34204968246968753	4.991218259512777E-4	16.399114177301524	-80.82752194666095
853000	-3525.1551102837584	-3422.795611360171	-102.35949892358772	-3422.795611360171	53.16908744644569	242.4443011630587	0.7960497084194272	0.05259889475422905	2.4695643856931975	0.47783671955257495	0.05259889475422905	2.4695643856931975	0.47783671955257495	0.37685799761942534	5.351661861714173E-4	3.636804333317323E-8	0.3716529551215941	5.189855977971926E-4	21.42048971938802	-84.84022161993954
854000	-3507.9162446946675	-3429.3354917012316	-78.58075299343582	-3429.3354917012316	43.91944921974062	234.8362559167426	0.7960497084194272	0.05259889475422905	2.4695643856931975	0.47783671955257495	0.05259889475422905	2.4695643856931975	0.47783671955257495	0.20993547422151151	4.5190514842406563E-4	9.716505818079208E-9	0.20222079499782947	5.199578879445439E-4	21.34164196261988	-85.19818454142732
855000	-3531.649088843753	-3433.250890197735	-98.39819864601796	-3433.250890197735	57.82777364172432	244.2480501866573	0.7960497084194272	0.05259889475422905	2.3613511195481363	0.586049985697636	0.05259889475422905	2.3613511195481363	0.586049985697636	0.3268850014776822	3.8003238479617147E-4	2.410594723484136E-8	0.39168739849251644	3.9140296665599733E-4	21.79168748741178	-83.4225747128522
856000	-3514.1839439455075	-3434.92472632797	-79.2592176175378	-3434.92472632797	58.67376915845992	242.1111777675348	0.7960497084194272	0.05259889475422905	2.4940772623617358	0.4533238428840366	0.05259889475422905	2.4940772623617358	0.4533238428840366	0.24627537752237808	3.3499757089170486E-4	4.866275331408381E-9	0.20576075410127992	3.4260775276687806E-4	21.59217313850453	-83.6860569306503
857000	-3498.7482428998333	-3427.7626107964115	-70.9856321034219	-3427.7626107964115	59.29306864051749	230.3674248987008	0.7960497084194272	0.05259889475422905	2.4940772623617358	0.4533238428840366	0.05259889475422905	2.4940772623617358	0.4533238428840366	0.16284752511887582	4.960010696519868E-4	8.450908121382885E-9	0.1672246288373829	5.266868481800868E-4	16.7874842903499	-81.82298287867638
858000	-3483.36560417652	-3418.8926059392466	-64.47299823727316	-3418.8926059392466	49.56820302022932	225.6898708614015	0.7960497084194272	0.05259889475422905	2.4940772623617358	0.4533238428840366	0.05259889475422905	2.4940772623617358	0.4533238428840366	0.14907290048682922	4.4120832756689284E-4	3.928959296786403E-9	0.14556621504380432	4.3608014199464877E-4	20.156967628771852	-82.39034526286437
859000	-3481.117662305352	-3432.4072047884983	-48.71045751685387	-3432.4072047884983	43.329359682857955	201.60023642387716	0.7960497084194272	0.05259889475422905	2.4940772623617358	0.4533238428840366	0.05259889475422905	2.4940772623617358	0.4533238428840366	0.09583613073871633	4.8594839471760207E-4	2.3018709000342018E-9	0.09599717972778539	4.897957452986057E-4	17.448377341143622	-80.77459556857008
860000	-3482.0450443595955	-3429.815416633772	-52.22962772582335	-3429.815416633772	56.24840470042992	230.62995228278123	0.7960497084194272	0.05259889475422905	2.4940772623617358	0.4533238428840366	0.05259889475422905	2.4940772623617358	0.4533238428840366	0.09462242527304271	4.644942251432057E-4	2.599974762301314E-9	0.10556088786354263	4.885661894838124E-4	20.438873618973194	-80.58491560558724
861000	-3490.900261684502	-3429.0036150986907	-61.896646585811006	-3429.0036150986907	35.356469215171686	196.94803673251593	0.7960497084194272	0.05259889475422905	2.4940772623617358	0.4533238428840366	0.05259889475422905	2.4940772623617358	0.4533238428840366	0.10990376004938755	5.279954569900776E-4	4.299858051454896E-9	0.1282072771958738	5.210528649501116E-4	22.95727928711516	-81.64213970006877
862000	-3480.701544193847	-3439.2734634350795	-41.42808075876729	-3439.2734634350795	50.901406045346874	210.6415578296168	0.7960497084194272	0.05259889475422905	2.4940772623617358	0.4533238428840366	0.05259889475422905	2.4940772623617358	0.4533238428840366	0.07386166340283075	5.39137064336925E-4	1.680756291816985E-9	0.07788296486423778	5.33175191908642E-4	24.482462616081392	-79.3186808219788
863000	-3516.038684470541	-3441.675998163649	-74.3626863068917	-3441.675998163649	49.4927375152727	204.6085609852225	0.7960497084194272	0.1793404859545877	2.367335671161377	0.4533238428840366	0.1793404859545877	2.367335671161377	0.4533238428840366	0.21744888008562455	5.321088931524212E-4	1.1579426800110916E-8	0.19772980503994678	5.429217850015249E-4	18.057705744402657	-80.4680979237427
864000	-3525.2472516350663	-3437.26653100602	-87.98072062904602	-3437.26653100602	44.3395184545097	191.0439510550099	0.7960497084194272	0.1793404859545877	2.367335671161377	0.4533238428840366	0.1793404859545877	2.367335671161377	0.4533238428840366	0.28951253864010645	5.84466265347459E-4	2.4030923925999156E-8	0.29080620265252755	5.130785280597728E-4	24.869624383854767	-78.17982176423406
865000	-3523.2699008005084	-3436.67262372417	-86.59727707633813	-3436.67262372417	43.15499276481364	203.59534700058816	0.7960497084194272	0.1793404859545877	2.367335671161377	0.4533238428840366	0.1793404859545877	2.367335671161377	0.4533238428840366	0.22341736053801003	5.262530595249014E-4	2.0737745938824976E-8	0.26258971588870045	5.426885980486654E-4	22.32232134631284	-79.10377108314405
866000	-3488.8229258925185	-3431.1898300301114	-57.633095862407245	-3431.1898300301114	47.78878929251727	199.44516152789956	0.7960497084194272	0.1793404859545877	2.367335671161377	0.4533238428840366	0.1793404859545877	2.367335671161377	0.4533238428840366	0.14062428312075256	5.699717063985315E-4	5.737342112513675E-9	0.12977338860387386	5.75654013904132E-4	21.051393123927294	-78.09464733890007
867000	-3488.414506295799	-3432.26929058541	-56.14521571038884	-3432.26929058541	38.33609594422052	173.72499448562615	0.7960497084194272	0.1793404859545877	2.367335671161377	0.4533238428840366	0.1793404859545877	2.367335671161377	0.4533238428840366	0.16473542635143776	5.837077820564869E-4	8.14871798340441E-9	0.14968707068319032	6.223923683297717E-4	14.989018530983085	-76.41415638979781
868000	-3501.285721135515	-3428.3453881743526	-72.94033296116233	-3428.3453881743526	40.88816347265179	190.2232658149697	0.7960497084194272	0.1793404859545877	2.367335671161377	0.4533238428840366	0.1793404859545877	2.367335671161377	0.4533238428840366	0.18246000463380385	4.7186950458466044E-4	7.764563885556203E-9	0.19873987297128604	4.2380657376932425E-4	16.81371683862132	-78.98780038887499
869000	-3488.7403579528486	-3431.9176504415414	-56.82270751130709	-3431.9176504415414	45.37326019519739	187.5480582134789	0.7077632537653961	0.1793404859545877	2.367335671161377	0.4533238428840366	0.1793404859545877	2.367335671161377	0.4533238428840366	0.1327072556720877	5.029892984107454E-4	5.131860661190081E-9	0.1422329907912258	5.090327599272019E-4	20.40034382245958	-76.07553060152134
870000	-3520.732353444572	-3433.698684370074	-87.033669074498	-3433.698684370074	58.15756255752487	252.3790341899394	0.7077632537653961	0.1793404859545877	2.367335671161377	0.4533238428840366	0.1793404859545877	2.367335671161377	0.4533238428840366	0.231315924206564	3.347563556214503E-4	7.433673729713379E-9	0.2591104455632334	3.2646273886131053E-4	15.65171769123749	-89.11347597290792
871000	-3509.0398050221606	-3431.8409068216342	-77.1988982005265	-3431.8409068216342	60.45138168003235	245.37026317771188	0.7077632537653961	0.2326170413564631	2.2258725656441585	0.5415103929993798	0.2326170413564631	2.2258725656441585	0.5415103929993798	0.16633032222059918	3.883389163033988E-4	6.850036412269334E-9	0.19252819481031835	4.539137790721181E-4	22.09613352914299	-82.22048118277644
872000	-3526.035720973635	-3441.9143875319864	-84.12133344164818	-3441.9143875319864	63.533729784608134	252.27797405513422	0.7077632537653961	0.2326170413564631	2.2258725656441585	0.5415103929993798	0.2326170413564631	2.2258725656441585	0.5415103929993798	0.22071425658026406	3.878762623039642E-4	8.385378178982132E-9	0.2291351845527041	3.8680608598905134E-4	16.839165314445843	-85.42556006135953
873000	-3510.464291618826	-3438.2162753329285	-72.24801628589752	-3438.2162753329285	37.92448153340686	193.0332667832674	0.7077632537653961	0.2326170413564631	2.2258725656441585	0.5415103929993798	0.2326170413564631	2.2258725656441585	0.5415103929993798	0.20987767205867044	5.420921495987801E-4	1.2205881223051435E-8	0.2109647699894905	5.448506067991672E-4	17.026037616689294	-81.30997289175959
874000	-3514.121848730405	-3433.5396994883213	-80.58214924208383	-3433.5396994883213	47.973868647954696	222.69092124565896	0.7077632537653961	0.2326170413564631	2.2258725656441585	0.5415103929993798	0.2326170413564631	2.2258725656441585	0.5415103929993798	0.2140052220821207	4.994546614382417E-4	1.2195171245442751E-8	0.20435407378159645	5.284460566893031E-4	16.62835175801772	-85.76894912475855
875000	-3503.9398948140515	-3433.941067059927	-69.9988277541245	-3433.941067059927	39.93352833124187	193.66632746675313	0.7077632537653961	0.13135228883638222	2.2258725656441585	0.6427751455194606	0.13135228883638222	2.2258725656441585	0.6427751455194606	0.193295211531874	5.033478782371239E-4	8.647347408367345E-9	0.19621411348837803	4.8272350383743136E-4	14.346423425124462	-81.77121706524292
876000	-3535.544514393524	-3440.501905532521	-95.04260886100276	-3440.501905532521	52.75218525426822	227.94527281419735	0.7077632537653961	0.13135228883638222	2.2258725656441585	0.6427751455194606	0.13135228883638222	2.2258725656441585	0.6427751455194606	0.2966826353641868	3.8799974164900066E-4	1.6380926472503998E-8	0.3108645857105956	3.907630965394486E-4	15.640210181010914	-83.00683267005411
877000	-3522.449410314656	-3438.3075775341204	-84.14183278053557	-3438.3075775341204	57.27907824752731	249.63198081585037	0.7077632537653961	0.13135228883638222	2.2258725656441585	0.6427751455194606	0.13135228883638222	2.2258725656441585	0.6427751455194606	0.29321340065878954	3.4084462646646576E-4	6.11310090254775E-9	0.2311280812483352	3.563272612837082E-4	21.32335374218024	-84.44664928709517
878000	-3505.8618197024243	-3433.1039715874126	-72.75784811501192	-3433.1039715874126	55.00644180021226	233.63054487280286	0.7077632537653961	0.13135228883638222	2.4561931067264133	0.41245460443720605	0.13135228883638222	2.4561931067264133	0.41245460443720605	0.17125188859405818	4.947195570374645E-4	7.458961938234844E-9	0.1865996449403213	4.510586477952752E-4	22.080619459438875	-81.10915845391762
879000	-3491.5561022540846	-3429.4499425259487	-62.106159728135836	-3429.4499425259487	50.82521322716678	196.51745347420302	0.7077632537653961	0.13135228883638222	2.4561931067264133	0.41245460443720605	0.13135228883638222	2.4561931067264133	0.41245460443720605	0.17930567539707787	5.179572348539816E-4	8.001802682454301E-9	0.1658139037352266	5.456286407209868E-4	17.630378228918914	-76.46856497690739
880000	-3484.6395597441892	-3426.30696728685	-58.33259245733904	-3426.30696728685	38.349397902045	177.8013318728605	0.7077632537653961	0.13135228883638222	2.4561931067264133	0.41245460443720605	0.13135228883638222	2.4561931067264133	0.41245460443720605	0.12339058132669614	6.388621614285257E-4	6.681974716194642E-9	0.1316987803283767	6.175447043840022E-4	22.591313458714254	-77.05854330819773
881000	-3468.563533064612	-3425.231092080201	-43.332440984410624	-3425.231092080201	47.95340910600765	200.95850715556463	0.7077632537653961	0.13135228883638222	2.4561931067264133	0.41245460443720605	0.13135228883638222	2.4561931067264133	0.41245460443720605	0.08203315344148665	5.485608583383388E-4	2.4140243591151855E-9	0.0894202239798216	5.539841853064677E-4	18.298813090414377	-79.09662420784619
882000	-3500.371500949912	-3436.426368599551	-63.94513235036077	-3436.426368599551	34.94924771609078	154.7667160992992	0.7077632537653961	0.13135228883638222	2.4561931067264133	0.41245460443720605	0.13135228883638222	2.4561931067264133	0.41245460443720605	0.180655092171732	6.414251267695906E-4	1.4067818511306057E-8	0.17563312447349197	6.450696645076654E-4	11.280452077592043	-75.82094970992915
883000	-3489.5853374659587	-3432.535535571399	-57.04980189455939	-3432.535535571399	41.901011817858404	175.7572418610392	0.7077632537653961	0.24054981488223826	2.4561931067264133	0.30325707839135	0.24054981488223826	2.4561931067264133	0.30325707839135	0.13444686065358724	4.755775051855016E-4	5.094927311959136E-9	0.147865557019178	4.864431795063972E-4	17.960624019311016	-75.60064684810726
884000	-3492.869570112192	-3421.8307261679024	-71.03884394428972	-3421.8307261679024	39.36646672828553	188.99292444736554	0.8342020969950052	0.16112230546579112	2.4561931067264133	0.3826845878077971	0.16112230546579112	2.4561931067264133	0.3826845878077971	0.198651549354849	4.967767450646224E-4	8.641381904052049E-9	0.19438988861731915	4.917028286012374E-4	22.68195863470797	-79.10922048771222
885000	-3524.1918183970024	-3433.703239136366	-90.48857926063634	-3433.703239136366	33.32559039829593	158.8306982485683	0.8342020969950052	0.16112230546579112	2.4561931067264133	0.3826845878077971	0.16112230546579112	2.4561931067264133	0.3826845878077971	0.39458133132762524	6.349030025693457E-4	4.729450519463126E-8	0.3325127296672062	6.40245239704738E-4	18.005126923327172	-75.67052250693287
886000	-3516.1076554285905	-3422.724372560031	-93.38328286855959	-3422.724372560031	42.65688642402939	187.9412891336018	0.8342020969950052	0.16112230546579112	2.4561931067264133	0.3826845878077971	0.16112230546579112	2.4561931067264133	0.3826845878077971	0.3607061839434949	4.965443752287193E-4	3.7901715333678766E-8	0.3693820455923326	5.258728504989956E-4	13.742861034499528	-79.87657875639314
887000	-3537.5532717614615	-3437.3219347588006	-100.23133700266075	-3437.3219347588006	52.99660748306229	185.73311005727385	0.8342020969950052	0.16112230546579112	2.4561931067264133	0.3826845878077971	0.16112230546579112	2.4561931067264133	0.3826845878077971	0.44275025616394015	5.821039952089003E-4	1.2334690381582377E-7	0.4767493199951293	7.243870252750254E-4	12.218607117495557	-74.6024908147177
888000	-3539.0568900526305	-3427.3776194642073	-111.67927058842334	-3427.3776194642073	72.03497515657668	232.84517344198767	0.8342020969950052	0.014685118518093399	2.6026302936741113	0.3826845878077971	0.014685118518093399	2.6026302936741113	0.3826845878077971	0.6539061445007601	3.7896456397507874E-4	7.935953356149402E-8	0.5967049637836777	4.5676005403972756E-4	19.06273197591012	-75.9724218310974
889000	-3538.242700475458	-3432.6439416041685	-105.59875887128983	-3432.6439416041685	73.19038222747035	239.04629584894235	0.8342020969950052	0.014685118518093399	2.6026302936741113	0.3826845878077971	0.014685118518093399	2.6026302936741113	0.3826845878077971	0.5071732027989188	3.5979109422571906E-4	5.586346769881166E-8	0.5289044068513508	4.551198082722292E-4	23.56478209892393	-77.39793293861615
890000	-3508.970112132548	-3434.420390700716	-74.54972143183195	-3434.420390700716	44.15397253943203	193.07552358657472	0.8342020969950052	0.014685118518093399	2.6026302936741113	0.3826845878077971	0.014685118518093399	2.6026302936741113	0.3826845878077971	0.22382253216279566	4.8082912050536014E-4	1.2400473571463123E-8	0.22751079266244834	4.983401814945078E-4	12.829599058158385	-81.58662963478079
891000	-3504.6063731710237	-3432.163748948933	-72.44262422209083	-3432.163748948933	40.68581507180845	189.2805481234533	0.8342020969950052	0.16619006355711882	2.4060837869844582	0.4277261494584248	0.16619006355711882	2.4060837869844582	0.4277261494584248	0.16340084271992014	5.065440153329313E-4	1.0041299155359542E-8	0.20606387712136812	4.970156609189092E-4	18.48024103375785	-78.79321218895119
892000	-3518.9114887753526	-3430.795833453677	-88.11565532167552	-3430.795833453677	34.64790550275592	164.2478565796911	0.8342020969950052	0.16619006355711882	2.4060837869844582	0.4277261494584248	0.16619006355711882	2.4060837869844582	0.4277261494584248	0.2843551607547256	5.328205219739422E-4	3.7872315933468253E-8	0.3611295195045608	5.185381950737378E-4	14.179045710058418	-76.62007642692033
893000	-3520.5821123634373	-3432.2244625173666	-88.35764984607047	-3432.2244625173666	36.22973570287298	157.35358717471422	0.8342020969950052	0.16619006355711882	2.4060837869844582	0.4277261494584248	0.16619006355711882	2.4060837869844582	0.4277261494584248	0.35407387758045145	6.450374863334107E-4	4.8328041958290286E-8	0.37363608171015994	6.188735210859856E-4	14.672707230315758	-73.32121807801717
894000	-3506.6769614492846	-3431.3573675558664	-75.31959389341814	-3431.3573675558664	44.092133930331094	172.54676734046407	0.6477673446693177	0.16619006355711882	2.4060837869844582	0.4277261494584248	0.16619006355711882	2.4060837869844582	0.4277261494584248	0.23229630603071627	6.550455202887498E-4	2.639588690380119E-8	0.24229850923118829	6.421413967552817E-4	13.42794365673391	-74.677325793091
895000	-3527.75178921549	-3437.4204272281695	-90.33136198732065	-3437.4204272281695	43.83578855615492	208.37400629838368	0.6477673446693177	0.16619006355711882	2.4060837869844582	0.4277261494584248	0.16619006355711882	2.4060837869844582	0.4277261494584248	0.3266124939493876	4.4021690105859823E-4	1.8356855701329956E-8	0.3078718924288926	4.8417695164011324E-4	18.751217319691364	-83.66469166937384
896000	-3526.712389636685	-3423.8924526266674	-102.81993701001798	-3423.8924526266674	83.44002424883726	318.6426083993293	0.6477673446693177	0.16619006355711882	2.4060837869844582	0.4277261494584248	0.16619006355711882	2.4060837869844582	0.4277261494584248	0.46552093394412425	3.1571026587128676E-4	1.586170438232788E-8	0.35835152322955854	4.1924294647487103E-4	23.482675494764344	-86.25535512719229
897000	-3529.585134605793	-3431.5320830240507	-98.05305158174234	-3431.5320830240507	51.44988445061697	236.0247927209047	0.6477673446693177	0.21270370699687038	2.3595701435447065	0.4277261494584248	0.21270370699687038	2.3595701435447065	0.4277261494584248	0.3467778503265432	4.321628326504963E-4	3.4915334396184354E-8	0.3618782600986809	5.842273307366594E-4	22.81170234099796	-81.5785545914282
898000	-3511.071651094097	-3440.3357672721318	-70.735883821965	-3440.3357672721318	43.95335217157341	184.86465436356676	0.6477673446693177	0.3110173601281566	2.2612564904134205	0.4277261494584248	0.3110173601281566	2.2612564904134205	0.4277261494584248	0.2039088816163871	5.901253528167533E-4	1.4573912961584916E-8	0.2105360595426424	5.777129025143453E-4	12.712741209045955	-78.71374302172546
899000	-3491.5739134423493	-3440.4292765344308	-51.14463690791848	-3440.4292765344308	45.818910449027925	197.32169438555226	0.6477673446693177	0.3110173601281566	2.2612564904134205	0.4277261494584248	0.3110173601281566	2.2612564904134205	0.4277261494584248	0.12041427222625911	5.403808067627939E-4	3.648829296219637E-9	0.11046016494578506	5.413442212431933E-4	16.336135636700806	-78.71022412455982
900000	-3504.881869811723	-3431.8384214077632	-73.04344840395967	-3431.8384214077632	51.642922880655505	232.82098996103764	0.6477673446693177	0.3110173601281566	2.2612564904134205	0.4277261494584248	0.3110173601281566	2.2612564904134205	0.4277261494584248	0.19704415501522787	4.712834228155522E-4	6.0767731120449045E-9	0.16329857000411777	4.54277415771384E-4	19.165506700993177	-83.2619985952795
901000	-3505.72618312448	-3432.746487449069	-72.97969567541107	-3432.746487449069	38.33000841002667	177.90710154355907	0.6477673446693177	0.3110173601281566	2.2612564904134205	0.4277261494584248	0.3110173601281566	2.2612564904134205	0.4277261494584248	0.21354137508089768	5.853980942987215E-4	1.3385461731427523E-8	0.21142111324070678	5.401012085405864E-4	13.460658616845823	-78.46462690195081
902000	-3537.574440074552	-3434.49785302462	-103.07658704993233	-3434.49785302462	61.06310350976225	239.8289083518923	0.6477673446693177	0.3110173601281566	2.2612564904134205	0.4277261494584248	0.3110173601281566	2.2612564904134205	0.4277261494584248	0.4214928106754066	4.449659927101154E-4	5.2361696341658566E-8	0.43886255309809213	5.249242290847132E-4	22.152100573038435	-79.8438166740456
903000	-3507.446524449969	-3436.8445283907636	-70.60199605920532	-3436.8445283907636	52.032377700399266	208.21687107633704	0.6477673446693177	0.3110173601281566	2.2612564904134205	0.4277261494584248	0.3110173601281566	2.2612564904134205	0.4277261494584248	0.16941170139690415	4.555763076702208E-4	6.112701844854691E-9	0.16981575869943683	4.3194886439145797E-4	19.074109740456933	-78.50914349145494
904000	-3522.4687950812972	-3442.616776594343	-79.85201848695452	-3442.616776594343	38.81382609831026	180.17662598709236	0.6477673446693177	0.3110173601281566	2.2612564904134205	0.4277261494584248	0.3110173601281566	2.2612564904134205	0.4277261494584248	0.2604564042937746	5.042010254591515E-4	1.958667330201919E-8	0.2651789035191619	5.381296535539118E-4	18.01967749772435	-77.19895352696528
905000	-3495.1475756187792	-3443.9452272818057	-51.20234833697352	-3443.9452272818057	49.121438495739646	202.5279308005974	0.6477673446693177	0.3110173601281566	2.2612564904134205	0.4277261494584248	0.3110173601281566	2.2612564904134205	0.4277261494584248	0.1134308548054747	4.901702099159914E-4	3.3005405382003836E-9	0.11571213650946385	5.015381946510457E-4	19.62336123169985	-78.36158726486154
906000	-3487.498654674723	-3433.6966421402954	-53.80201253442783	-3433.6966421402954	45.538240554473916	219.03423622028083	0.6477673446693177	0.13137712209120028	2.1818421350877055	0.6867807428210959	0.13137712209120028	2.1818421350877055	0.6867807428210959	0.12099472223918938	4.370184580332952E-4	2.2026909133318584E-9	0.10595227512465272	4.459926798546525E-4	18.007665617652	-83.5021822534537
907000	-3529.2613510540305	-3431.1597783019397	-98.1015727520907	-3431.1597783019397	39.772775961183726	202.69256389990875	0.6477673446693177	0.13137712209120028	2.1818421350877055	0.6867807428210959	0.13137712209120028	2.1818421350877055	0.6867807428210959	0.40885420992350024	5.532429662004759E-4	5.408365433562217E-8	0.45897886327796894	5.725382897534615E-4	19.38580791575696	-80.02797369075437
908000	-3547.254718868904	-3446.7547187598416	-100.5000001090623	-3446.7547187598416	37.57240420985991	196.16132385168945	0.6477673446693177	0.13137712209120028	2.1818421350877055	0.6867807428210959	0.13137712209120028	2.1818421350877055	0.6867807428210959	0.41558003864885207	4.347696835660203E-4	2.3253807468381442E-8	0.3687953672133475	4.0032047644046587E-4	22.073341520368842	-80.41322422859469
909000	-3518.793644389258	-3442.083675394939	-76.70996899431931	-3442.083675394939	34.667794782775744	177.82073193519392	0.6477673446693177	0.13137712209120028	2.1818421350877055	0.6867807428210959	0.13137712209120028	2.1818421350877055	0.6867807428210959	0.22107750217420682	4.568589590682113E-4	1.256210074632954E-8	0.26047632324250153	4.4793594726945553E-4	21.040006503770737	-78.37935915492142
910000	-3532.6621267711416	-3434.23169921964	-98.43042755150128	-3434.23169921964	29.63677071682132	132.75877900312796	0.6477673446693177	0.044593357115866455	2.2686259000630393	0.6867807428210959	0.044593357115866455	2.2686259000630393	0.6867807428210959	0.36503198357640954	6.43183923051361E-4	8.176688307972985E-8	0.45877052056204437	5.300619944415812E-4	9.89654264876215	-72.08393314371264
911000	-3537.9808515373666	-3440.088982836809	-97.89186870055767	-3440.088982836809	23.513122557477274	109.122985472803	0.6477673446693177	0.044593357115866455	2.2686259000630393	0.6867807428210959	0.044593357115866455	2.2686259000630393	0.6867807428210959	0.5013208889074778	9.114069903568882E-4	2.0236642223720898E-7	0.5092978124379453	7.695714816739402E-4	10.128092682878519	-66.87764153659543
912000	-3525.012154449945	-3437.153614632106	-87.85853981783883	-3437.153614632106	31.4259889317835	163.73451281356512	0.6477673446693177	0.044593357115866455	2.2686259000630393	0.6867807428210959	0.044593357115866455	2.2686259000630393	0.6867807428210959	0.2677707020604645	7.148646095649667E-4	4.11403145250181E-8	0.272526046628355	6.795587883462563E-4	18.674685901683553	-78.36803864091283
913000	-3506.7495288401133	-3434.552689754659	-72.19683908545461	-3434.552689754659	28.724092402073374	136.01665424960927	0.6477673446693177	0.044593357115866455	2.2686259000630393	0.6867807428210959	0.044593357115866455	2.2686259000630393	0.6867807428210959	0.2854145366317763	7.404072159430921E-4	4.483117735302622E-8	0.265081666894503	8.195282321592413E-4	11.668944693199762	-73.24455031942612
914000	-3520.9217813099185	-3448.253756856191	-72.6680244537273	-3448.253756856191	34.6905160654455	148.9412637180806	0.6477673446693177	0.07899448928774366	2.2990070739814596	0.6219984367307985	0.07899448928774366	2.2990070739814596	0.6219984367307985	0.24213779177899356	6.893972888407362E-4	4.8701316230601076E-8	0.312778101320675	7.199427805114638E-4	11.86418214539356	-73.44911950688972
915000	-3506.5823092469986	-3434.586333509699	-71.99597573729963	-3434.586333509699	24.5967257653229	126.81462771061565	0.6477673446693177	0.2177560544982586	2.2990070739814596	0.4832368715202835	0.2177560544982586	2.2990070739814596	0.4832368715202835	0.29494587923725457	7.017210908054876E-4	3.0660999304182246E-8	0.24116491919312372	7.218643343796426E-4	12.095812875480757	-72.11745182545425
916000	-3518.921262619678	-3438.865654795852	-80.0556078238258	-3438.865654795852	42.260097963986716	197.94331573900007	0.6477673446693177	0.2177560544982586	2.2990070739814596	0.4832368715202835	0.2177560544982586	2.2990070739814596	0.4832368715202835	0.1943744097964408	5.082515729520802E-4	1.2732133498068744E-8	0.22870346094471575	4.75330101700561E-4	19.43366441621839	-79.06017848751789
917000	-3524.8510883845884	-3437.91866842468	-86.93241995990809	-3437.91866842468	43.210925431281176	165.73609701555074	0.6477673446693177	0.2177560544982586	2.2990070739814596	0.4832368715202835	0.2177560544982586	2.2990070739814596	0.4832368715202835	0.31965541052849217	5.726896870723256E-4	5.174018362692596E-8	0.36632116831212735	5.756468336912572E-4	14.725177939648837	-72.26128742995304
918000	-3544.224304800636	-3433.0081810582055	-111.21612374243087	-3433.0081810582055	34.1318901898029	142.50262071207703	0.712391343735222	0.07136202590906288	2.581351509651586	0.34728646443935285	0.07136202590906288	2.581351509651586	0.34728646443935285	0.5752769823695802	6.62925092787554E-4	1.3022213423400926E-7	0.5608465686252595	5.617296127502466E-4	16.983092274470525	-70.76436843919878
919000	-3536.529218646914	-3423.8468987058554	-112.68231994105878	-3423.8468987058554	33.409541507649465	184.32273300834757	0.712391343735222	0.07136202590906288	2.581351509651586	0.34728646443935285	0.07136202590906288	2.581351509651586	0.34728646443935285	0.5718344958551911	5.380000346954681E-4	7.033390519316892E-8	0.5471427416788928	4.623382978942524E-4	19.04868884863663	-80.13897354842406
920000	-3516.571881402957	-3431.106453570279	-85.46542783267793	-3431.106453570279	33.32308523953453	165.75462767902766	0.712391343735222	0.07136202590906288	2.581351509651586	0.34728646443935285	0.07136202590906288	2.581351509651586	0.34728646443935285	0.3777577166366729	6.838630546881855E-4	3.281426602890392E-8	0.26475123724578165	7.009829710342604E-4	20.65509194862077	-76.17121003995459
921000	-3518.0087482372387	-3422.681122942037	-95.32762529520183	-3422.681122942037	53.410740344711385	230.04640173282198	0.712391343735222	0.07136202590906288	2.581351509651586	0.34728646443935285	0.07136202590906288	2.581351509651586	0.34728646443935285	0.42249272417293515	4.6293673045916175E-4	3.814384562926798E-8	0.3592603605314709	6.124955713029092E-4	15.27211655268187	-84.71756028100569
922000	-3493.9761313660056	-3430.8811745512003	-63.094956814805286	-3430.8811745512003	47.449578631957664	206.64823167082918	0.712391343735222	0.07136202590906288	2.5281020214364456	0.4005359526544933	0.07136202590906288	2.5281020214364456	0.4005359526544933	0.16455287442799474	4.8133843376145996E-4	5.4490550890998365E-9	0.15263995889887508	5.047773019411757E-4	17.16947056172393	-80.25436611435039
923000	-3456.7449016969285	-3430.816241334391	-25.928660362537173	-3430.816241334391	34.269106678766015	166.73550671932318	0.712391343735222	0.07136202590906288	2.5281020214364456	0.4005359526544933	0.07136202590906288	2.5281020214364456	0.4005359526544933	0.05870570052401142	5.429721200370112E-4	1.0903931789564445E-9	0.061512077122837835	5.384860144189346E-4	14.569811834551468	-76.68537380626685
924000	-3517.4751112051895	-3434.0889150590997	-83.3861961460897	-3434.0889150590997	29.395655500318714	141.53483282184237	0.712391343735222	0.07136202590906288	2.6272215816603683	0.3014163924305707	0.07136202590906288	2.6272215816603683	0.3014163924305707	0.32644039079564235	7.158741153689884E-4	7.463239102502315E-8	0.361440711812371	7.21588830355402E-4	12.744300921542905	-73.51847607101156
925000	-3531.029158770018	-3431.93977903164	-99.08937973837814	-3431.93977903164	24.246106574775105	129.5342021431908	0.712391343735222	0.07136202590906288	2.6272215816603683	0.3014163924305707	0.07136202590906288	2.6272215816603683	0.3014163924305707	0.36205348968398854	7.319081373301392E-4	1.2635794511655376E-7	0.467729458285161	6.93187105372368E-4	8.680169603179356	-76.65700837864117
926000	-3520.1400941133456	-3438.358415764526	-81.78167834881953	-3438.358415764526	39.062597468910745	158.87698111560385	0.712391343735222	0.07136202590906288	2.6272215816603683	0.3014163924305707	0.07136202590906288	2.6272215816603683	0.3014163924305707	0.36076779187114616	5.806068011527255E-4	3.6185737423799875E-8	0.316745934744411	6.501263272719538E-4	10.54981004675909	-75.88069432935556
927000	-3508.6709151985474	-3424.7082432178818	-83.9626719806656	-3424.7082432178818	58.12408756481486	237.72971118773933	0.712391343735222	0.07136202590906288	2.449930208579408	0.47870776551153077	0.07136202590906288	2.449930208579408	0.47870776551153077	0.2705418630711858	3.8064806437350634E-4	1.2225554907591533E-8	0.2593714597193942	4.339174539538026E-4	18.400829975138763	-82.93904467351506
928000	-3491.379844579574	-3422.1115516631166	-69.2682929164574	-3422.1115516631166	56.81594536919572	253.4781785481021	0.712391343735222	0.07136202590906288	2.449930208579408	0.47870776551153077	0.07136202590906288	2.449930208579408	0.47870776551153077	0.14451368245261353	3.584368223055714E-4	3.0642497649485875E-9	0.151955969731457	3.5988434909642813E-4	21.859345402660722	-84.59538712278264
929000	-3513.118094741368	-3436.877477843479	-76.24061689788894	-3436.877477843479	49.843518422480436	212.7416468831717	0.712391343735222	0.07136202590906288	2.6088100020391787	0.31982797205176006	0.07136202590906288	2.6088100020391787	0.31982797205176006	0.26742687613038757	3.7778426201772933E-4	6.956965410677813E-9	0.22235333719571468	3.9672341681507874E-4	14.05838369182679	-81.52051397118956
930000	-3524.0225509843544	-3430.6985641308925	-93.32398685346216	-3430.6985641308925	61.21559868153195	230.72499400480507	0.712391343735222	0.07136202590906288	2.6088100020391787	0.31982797205176006	0.07136202590906288	2.6088100020391787	0.31982797205176006	0.32196121055880583	5.690219073979677E-4	3.699041349413372E-8	0.3138605625560875	6.028229590178997E-4	18.907753093312206	-80.18842684442107
931000	-3532.8001858471625	-3438.622115847925	-94.1780699992372	-3438.622115847925	56.7677983982175	257.63466793653674	0.712391343735222	0.07136202590906288	2.6088100020391787	0.31982797205176006	0.07136202590906288	2.6088100020391787	0.31982797205176006	0.2904885286109191	5.313638960003458E-4	2.7638225681736487E-8	0.30226894188876047	5.7935584622018E-4	16.931019827780013	-88.2047446280624
932000	-3519.9952173648544	-3438.319001016968	-81.67621634788675	-3438.319001016968	35.39116218972573	155.58931537463585	0.712391343735222	0.07136202590906288	2.6088100020391787	0.31982797205176006	0.07136202590906288	2.6088100020391787	0.31982797205176006	0.30588413081726346	6.594326008643968E-4	2.683784118371329E-8	0.2587759783506375	5.854336675158852E-4	11.55306524759709	-74.99719556940056
933000	-3513.3589878743855	-3434.0053163355224	-79.353671538863	-3434.0053163355224	35.81108030604673	170.55239044271318	0.8294151036415427	0.21485942600818253	2.465312601940059	0.31982797205176006	0.21485942600818253	2.465312601940059	0.31982797205176006	0.2767650450564945	6.669131350918617E-4	3.815350543478954E-8	0.2846861495732396	7.387100918955303E-4	17.103339217911763	-77.62706797475887
934000	-3541.7417719067043	-3442.1671220702515	-99.57464983645308	-3442.1671220702515	34.39245443084225	163.2944836713868	0.8294151036415427	0.21485942600818253	2.465312601940059	0.31982797205176006	0.21485942600818253	2.465312601940059	0.31982797205176006	0.4305745259441568	6.265772705552121E-4	8.082096070466824E-8	0.39933095200756163	7.089851900745215E-4	22.70027817008329	-76.88087123932897
935000	-3518.2445096348424	-3428.976389199719	-89.26812043512348	-3428.976389199719	45.01235824322328	168.4703795543882	0.8294151036415427	0.21485942600818253	2.465312601940059	0.31982797205176006	0.21485942600818253	2.465312601940059	0.31982797205176006	0.43574799878984943	5.999615579930833E-4	8.105386411505275E-8	0.4155673647771495	7.176735039594187E-4	13.283534214206737	-73.64778483516633
936000	-3530.200194363619	-3441.1794116078454	-89.02078275577378	-3441.1794116078454	44.04615192587142	154.2638653007694	0.8294151036415427	0.21485942600818253	2.465312601940059	0.31982797205176006	0.21485942600818253	2.465312601940059	0.31982797205176006	0.4163639483385116	6.40395983802912E-4	8.612139583599509E-8	0.4525811632428634	6.486124951134464E-4	12.046635604955883	-70.15757727309129
937000	-3512.7492538975403	-3431.1432211138886	-81.60603278365168	-3431.1432211138886	38.80869977165128	175.16473248240175	0.6622430397887775	0.21485942600818253	2.465312601940059	0.31982797205176006	0.21485942600818253	2.465312601940059	0.31982797205176006	0.31951306211658126	6.255311954856613E-4	2.848911338062917E-8	0.26019093303475854	6.572738224162435E-4	15.336931874709542	-77.18145784480475
938000	-3507.6280863416505	-3428.8399252120403	-78.78816112961005	-3428.8399252120403	38.920086741897094	188.82407661837703	0.6622430397887775	0.037462396495562406	2.3693984935281676	0.5931391099762715	0.037462396495562406	2.3693984935281676	0.5931391099762715	0.22292428908852646	5.437495331517841E-4	2.011916927501329E-8	0.240039565694974	6.10362392717697E-4	19.390602399740025	-79.31674259272464
939000	-3497.008697969686	-3428.4029100377224	-68.6057879319637	-3428.4029100377224	49.02618701138352	225.17384661363164	0.6622430397887775	0.037462396495562406	2.3693984935281676	0.5931391099762715	0.037462396495562406	2.3693984935281676	0.5931391099762715	0.16421647486275287	3.7339801298373143E-4	3.3406131363653225E-9	0.15728269037011003	3.622196663482039E-4	20.9581711402957	-82.63129391022423
940000	-3514.103672506215	-3428.5372043037833	-85.56646820243157	-3428.5372043037833	56.55046138728175	221.2760369720949	0.6622430397887775	0.23593709770631502	2.3693984935281676	0.3946644087655189	0.23593709770631502	2.3693984935281676	0.3946644087655189	0.3066207768022572	4.3406289452025185E-4	1.4764049239042912E-8	0.2686541586916878	4.608180258982575E-4	18.179437168506986	-78.6878556763701
941000	-3510.8397049476234	-3432.216772758386	-78.62293218923728	-3432.216772758386	42.3058491541246	204.5489298280957	0.6622430397887775	0.23593709770631502	2.3693984935281676	0.3946644087655189	0.23593709770631502	2.3693984935281676	0.3946644087655189	0.24301053418975233	5.075494994498384E-4	1.0653614078538486E-8	0.20357014632591494	5.019147381251516E-4	12.175797871847783	-86.01683943029961
942000	-3501.2429565653374	-3431.1445282059326	-70.09842835940489	-3431.1445282059326	41.86698603209977	195.2566920074291	0.8079075903030083	0.23593709770631502	2.3693984935281676	0.3946644087655189	0.23593709770631502	2.3693984935281676	0.3946644087655189	0.20239612130995926	5.805504680573676E-4	8.115319768175342E-9	0.16173764249177236	5.481489800514331E-4	15.18768596724623	-83.21722316312518
943000	-3505.599476045825	-3433.596614964053	-72.00286108177224	-3433.596614964053	46.59977636381565	190.46701553551438	0.8079075903030083	0.23593709770631502	2.3693984935281676	0.3946644087655189	0.23593709770631502	2.3693984935281676	0.3946644087655189	0.240810136365357	5.983986339791192E-4	1.7722381294350835E-8	0.2144887116867251	6.34833980121716E-4	16.28587289067718	-77.98063926785078
944000	-3506.193314458179	-3434.0351125026164	-72.15820195556245	-3434.0351125026164	47.439751628141856	208.12777828912866	0.8079075903030083	0.23593709770631502	2.3693984935281676	0.3946644087655189	0.23593709770631502	2.3693984935281676	0.3946644087655189	0.16931245192128286	5.815074451508461E-4	1.3123216591128838E-8	0.19938615756899836	5.780662907183378E-4	20.711730235681983	-79.08595104712492
945000	-3510.483991111827	-3426.334376872789	-84.14961423903765	-3426.334376872789	54.132528126775	246.33212689692036	0.8079075903030083	0.23593709770631502	2.3693984935281676	0.3946644087655189	0.23593709770631502	2.3693984935281676	0.3946644087655189	0.23578738374555722	4.1132887688376593E-4	9.629407099516183E-9	0.22425329977893774	4.522347426751205E-4	16.978899380639994	-86.64546142728685
946000	-3520.194488860918	-3430.815187776746	-89.37930108417228	-3430.815187776746	52.22319032282596	220.87762438583582	0.8079075903030083	0.23593709770631502	2.3693984935281676	0.3946644087655189	0.23593709770631502	2.3693984935281676	0.3946644087655189	0.22101083981296413	4.892983719305843E-4	1.5955821296976776E-8	0.25850463081649167	4.7651898429610544E-4	21.83701071552675	-82.37762248220085
947000	-3501.335574323196	-3425.7537903831235	-75.58178394007261	-3425.7537903831235	69.06418945780437	271.06001120542675	0.8096787740844005	0.13651685376771605	2.3693984935281676	0.49408465270411783	0.13651685376771605	2.3693984935281676	0.49408465270411783	0.17559506841905337	3.442098587534617E-4	4.360525788759953E-9	0.18317301013005188	3.587655260732416E-4	18.638504632029445	-84.87607193086976
948000	-3513.6889090882587	-3419.6015829389858	-94.08732614927315	-3419.6015829389858	37.371701319938474	208.73824544227944	0.8096787740844005	0.13651685376771605	2.3693984935281676	0.49408465270411783	0.13651685376771605	2.3693984935281676	0.49408465270411783	0.29384478887351667	4.6450456649997976E-4	1.9775383913007268E-8	0.2766686691764358	4.891563189293847E-4	25.941664920474096	-82.81942643012427
949000	-3510.07556798924	-3426.895327601147	-83.18024038809276	-3426.895327601147	36.48025235858248	184.03394541837687	0.8096787740844005	0.13651685376771605	2.3693984935281676	0.49408465270411783	0.13651685376771605	2.3693984935281676	0.49408465270411783	0.25997069109431953	5.513850859682983E-4	2.1999613045291865E-8	0.27793872175016565	5.249900308883745E-4	17.230150740883527	-79.00961320265226
950000	-3520.9565324213663	-3434.954503799091	-86.00202862227508	-3434.954503799091	31.90242055693609	165.0774480846429	0.8096787740844005	0.13651685376771605	2.3693984935281676	0.49408465270411783	0.13651685376771605	2.3693984935281676	0.49408465270411783	0.2623925346819482	4.89102153094253E-4	2.3056219775415622E-8	0.3246310219126254	4.6416170063505214E-4	21.17843879776256	-76.61841343418897
951000	-3529.7487486606797	-3427.881624231003	-101.86712442967641	-3427.881624231003	45.92188160129566	195.31148710457404	0.8096787740844005	0.13651685376771605	2.3693984935281676	0.49408465270411783	0.13651685376771605	2.3693984935281676	0.49408465270411783	0.4483270387119048	4.739805591253732E-4	4.3115401022336634E-8	0.4543221485332808	4.4911259540181416E-4	13.454366749612705	-79.65894689703612
952000	-3523.746311957682	-3429.1183584687283	-94.62795348895375	-3429.1183584687283	47.86364612284899	224.04710631803803	0.8096787740844005	0.13651685376771605	2.3693984935281676	0.49408465270411783	0.13651685376771605	2.3693984935281676	0.49408465270411783	0.32118176447286007	3.91713526014792E-4	1.238489517510522E-8	0.32238834330273825	3.3108374999043957E-4	18.636788410160506	-83.54144921026578
953000	-3517.6605127867692	-3442.528142165005	-75.13237062176388	-3442.528142165005	49.80912325354574	232.6401989544644	0.8096787740844005	0.13651685376771605	2.3693984935281676	0.49408465270411783	0.13651685376771605	2.3693984935281676	0.49408465270411783	0.19008572183988606	4.3513255379142246E-4	6.367352799323484E-9	0.18199600189254864	4.3765302149766924E-4	23.807959579085	-82.8548198736374
954000	-3512.9932434271764	-3435.3829053992777	-77.61033802789862	-3435.3829053992777	42.06953549589073	203.3170844415587	0.8096787740844005	0.13651685376771605	2.3693984935281676	0.49408465270411783	0.13651685376771605	2.3693984935281676	0.49408465270411783	0.207113617952564	4.190232027330622E-4	8.603141536293312E-9	0.22029559609490504	4.4815749198283546E-4	18.51651247375173	-81.62398265468767
955000	-3531.9125414271075	-3445.0711014622198	-86.84143996488751	-3445.0711014622198	48.27042254899945	220.55196433510463	0.8096787740844005	0.13651685376771605	2.3693984935281676	0.49408465270411783	0.13651685376771605	2.3693984935281676	0.49408465270411783	0.2714828058310754	5.213420835765883E-4	1.1142150236630788E-8	0.21904693972263783	4.3847497737825234E-4	16.02340375271922	-83.34712598630779
956000	-3524.2196191149683	-3429.781711997038	-94.4379071179303	-3429.781711997038	47.568769086048405	215.81755157476633	0.8096787740844005	0.15792704590511047	2.530542598005618	0.311530356089273	0.15792704590511047	2.530542598005618	0.311530356089273	0.262422104085489	4.011262608090235E-4	1.3592504082614937E-8	0.30847286873462554	3.676139842704986E-4	23.963769155795546	-81.55505694998087
957000	-3524.3773380798066	-3439.2756857764584	-85.10165230334796	-3439.2756857764584	35.47294396230634	169.63445719198367	0.8096787740844005	0.24170759216836427	2.4467620517423643	0.311530356089273	0.24170759216836427	2.4467620517423643	0.311530356089273	0.25315657012005754	5.134797653418275E-4	1.8305976044169553E-8	0.2757065999507657	4.611041130632185E-4	18.02236496186502	-76.88300220410616
958000	-3529.5979127917294	-3430.4339399341384	-99.16397285759113	-3430.4339399341384	41.90868113484878	181.2421661745457	0.8096787740844005	0.14204524304128457	2.546424400869444	0.311530356089273	0.14204524304128457	2.546424400869444	0.311530356089273	0.40936142513759	5.793057972448101E-4	4.416331330944066E-8	0.39436219302072434	5.076234007884542E-4	19.49290445816853	-76.14366937148824
959000	-3502.825702703043	-3424.4581021585323	-78.36760054451089	-3424.4581021585323	30.614936319406745	158.92258101144841	0.8096787740844005	0.1698745412138666	2.4723828571947757	0.3577426015913591	0.1698745412138666	2.4723828571947757	0.3577426015913591	0.28170180395911065	5.577623457620759E-4	2.5024426881485496E-8	0.2764545567097069	6.082274484491475E-4	16.673374698083897	-76.91617082552699
960000	-3513.2121472048975	-3435.1355772938996	-78.0765699109978	-3435.1355772938996	28.211883587497663	133.38409100386016	0.8096787740844005	0.1698745412138666	2.4723828571947757	0.3577426015913591	0.1698745412138666	2.4723828571947757	0.3577426015913591	0.3025034711376005	8.265208585602695E-4	5.9098702467961486E-8	0.30314818693361206	8.431464961660119E-4	10.254052719728621	-71.86140784449425
961000	-3521.889703126537	-3438.686932386915	-83.2027707396219	-3438.686932386915	38.94440782948516	176.40018446629023	0.8096787740844005	0.1698745412138666	2.4723828571947757	0.3577426015913591	0.1698745412138666	2.4723828571947757	0.3577426015913591	0.2913391866158509	5.389704202006932E-4	2.9585505917038535E-8	0.29061526685117256	6.112948959078088E-4	17.538594797741045	-76.35975912728829
962000	-3534.1963037530777	-3432.849136886081	-101.34716686699657	-3432.849136886081	41.8468597280627	207.1766160873372	0.8096787740844005	0.1698745412138666	2.4723828571947757	0.3577426015913591	0.1698745412138666	2.4723828571947757	0.3577426015913591	0.4622374181816902	4.774413808378834E-4	3.00981924348923E-8	0.3579392879321271	5.189537630126801E-4	23.724639486608577	-81.97000050211513
963000	-3537.3219032974257	-3444.688569716903	-92.63333358052233	-3444.688569716903	32.80857074955762	184.47454970141914	0.8096787740844005	0.1698745412138666	2.4867117291010983	0.34341372968503664	0.1698745412138666	2.4867117291010983	0.34341372968503664	0.3426331933042873	6.540703442164411E-4	5.011709695813403E-8	0.32973604930769257	6.853959593042983E-4	16.902550399911227	-82.59924347618902
964000	-3513.844408086566	-3420.269511357513	-93.57489672905348	-3420.269511357513	41.37620902694034	201.45982609832168	0.8096787740844005	0.1698745412138666	2.4867117291010983	0.34341372968503664	0.1698745412138666	2.4867117291010983	0.34341372968503664	0.34141029131833134	5.327086368507802E-4	3.331165851403169E-8	0.3459712519213518	5.974893458282137E-4	16.73729416076302	-81.50246482069211
965000	-3518.1302954933426	-3431.9631236869945	-86.16717180634826	-3431.9631236869945	36.107286733803676	167.58314133338746	0.8096787740844005	0.1698745412138666	2.4867117291010983	0.34341372968503664	0.1698745412138666	2.4867117291010983	0.34341372968503664	0.26359761237541524	6.185311864611327E-4	2.81161700891055E-8	0.2895459005029189	5.565792686778391E-4	20.22520280636526	-76.12858504444159
966000	-3512.3713469028826	-3435.719298335583	-76.65204856729974	-3435.719298335583	48.98960057675405	202.22261471350595	0.8096787740844005	0.1698745412138666	2.4867117291010983	0.34341372968503664	0.1698745412138666	2.4867117291010983	0.34341372968503664	0.24588484689060627	6.034879058634178E-4	1.8390296351360317E-8	0.22328725198322832	6.184565140929812E-4	14.526214396363528	-80.51404581513697
967000	-3485.73488754129	-3426.8918153620716	-58.843072179218474	-3426.8918153620716	44.728452515723205	196.48787418747227	0.8096787740844005	0.1698745412138666	2.4867117291010983	0.34341372968503664	0.1698745412138666	2.4867117291010983	0.34341372968503664	0.167084660518794	4.1952230568841666E-4	3.1784487020410867E-9	0.13063740817824188	4.373313284662306E-4	19.08208173204921	-79.22822308291646
968000	-3522.634094894496	-3422.9578597022573	-99.6762351922386	-3422.9578597022573	46.707484080142514	207.86122131029316	0.8096787740844005	0.1698745412138666	2.4867117291010983	0.34341372968503664	0.1698745412138666	2.4867117291010983	0.34341372968503664	0.3679569088533356	4.145188144347496E-4	2.2247362415173292E-8	0.39460570526562055	3.6851133767031903E-4	20.287817176936176	-80.3548742838055
969000	-3523.7597095790666	-3438.6336892610766	-85.12602031799	-3438.6336892610766	30.448752806831997	136.75889477912057	0.8096787740844005	0.1698745412138666	2.4867117291010983	0.34341372968503664	0.1698745412138666	2.4867117291010983	0.34341372968503664	0.30142010381747697	8.068377526204788E-4	9.483565138198835E-8	0.38630455508058487	7.943620366445527E-4	11.298673277043532	-72.2019035015083
970000	-3520.5113128241446	-3418.2630374015457	-102.2482754225988	-3418.2630374015457	42.582238775707204	181.01828896631162	0.8096787740844005	0.1698745412138666	2.4867117291010983	0.34341372968503664	0.1698745412138666	2.4867117291010983	0.34341372968503664	0.5231627336121973	5.466877268712747E-4	9.73594607557042E-8	0.5338305184071734	6.051707355299292E-4	16.00061416729558	-76.22025404910865
971000	-3529.1418127470624	-3428.106449274882	-101.03536347218036	-3428.106449274882	31.108727886949612	142.51208751234313	0.8096787740844005	0.1698745412138666	2.3714876565364102	0.45863780224972467	0.1698745412138666	2.3714876565364102	0.45863780224972467	0.6974200584701704	7.466793163113846E-4	1.8250911022600757E-7	0.5683563142953164	8.353408465492431E-4	9.56430625759437	-75.47295228632687
972000	-3528.3649740927995	-3425.9056506688294	-102.45932342396996	-3425.9056506688294	35.74868460305712	173.64498256166584	0.8096787740844005	0.1698745412138666	2.3714876565364102	0.45863780224972467	0.1698745412138666	2.3714876565364102	0.45863780224972467	0.5312740172949062	6.347940952133292E-4	2.4249583842389944E-7	0.7646972120109409	6.818544297291172E-4	17.82791861568049	-76.58751176897111
973000	-3522.2281806212222	-3423.689996937003	-98.5381836842193	-3423.689996937003	23.91072310181864	123.4191886981755	0.8096787740844005	0.1698745412138666	2.5550850206905436	0.2750404380955916	0.1698745412138666	2.5550850206905436	0.2750404380955916	0.6067220537551493	8.087971772991427E-4	2.2012596263077222E-7	0.6141571127608785	7.947781199970329E-4	10.832790837553548	-71.94850998715066
974000	-3512.7666588563634	-3418.8341122908746	-93.93254656548898	-3418.8341122908746	28.472683896564867	142.15598087749925	0.8096787740844005	0.1698745412138666	2.5550850206905436	0.2750404380955916	0.1698745412138666	2.5550850206905436	0.2750404380955916	0.5055319381488586	7.284025595874653E-4	9.101183333345953E-8	0.46766701691768486	7.25142374326584E-4	14.331183832185635	-73.90078022981466
975000	-3519.0067330554357	-3429.7456205471735	-89.26111250826229	-3429.7456205471735	25.73154002164703	130.9212769136082	0.8096787740844005	0.1698745412138666	2.5550850206905436	0.2750404380955916	0.1698745412138666	2.5550850206905436	0.2750404380955916	0.370955940606593	7.423102300778886E-4	8.792034664872082E-8	0.44469782721170653	7.050646969790339E-4	13.131745642094579	-72.79573586440695
976000	-3518.8124595299887	-3434.72614094112	-84.08631858886868	-3434.72614094112	26.875782065065472	122.40533358765578	0.8096787740844005	0.1698745412138666	2.5550850206905436	0.2750404380955916	0.1698745412138666	2.5550850206905436	0.2750404380955916	0.38345438843255153	8.383534502356418E-4	8.497250070599758E-8	0.3479601105732614	8.635958650160167E-4	20.817512422138673	-70.69767154504999
977000	-3511.4456689754466	-3428.85535768716	-82.59031128828663	-3428.85535768716	25.914117680951506	126.12107905641929	0.8096787740844005	0.04507018806782098	2.5550850206905436	0.3998447912416372	0.04507018806782098	2.5550850206905436	0.3998447912416372	0.2849937466397171	8.210381244173931E-4	7.192540127402349E-8	0.3738930450563718	6.734451177147978E-4	13.827987931030444	-70.36935043967405
978000	-3523.844047025962	-3437.0777289252314	-86.76631810073064	-3437.0777289252314	25.27667271562955	122.93115288573182	0.8096787740844005	0.04507018806782098	2.5550850206905436	0.3998447912416372	0.04507018806782098	2.5550850206905436	0.3998447912416372	0.35370410051720536	7.779171894012912E-4	8.7493184046844E-8	0.41424035064882897	6.924144628944632E-4	16.18597907427215	-70.02664851115402
979000	-3523.1050827970544	-3428.714737380134	-94.39034541692055	-3428.714737380134	24.744871454374284	141.46712597021738	0.8096787740844005	0.04507018806782098	2.5550850206905436	0.3998447912416372	0.04507018806782098	2.5550850206905436	0.3998447912416372	0.43230307803692675	7.009514069226731E-4	7.44203951980211E-8	0.47353240003044345	6.080265012083169E-4	16.017489509951826	-75.48497964026235
980000	-3526.685347045489	-3432.9718657902145	-93.71348125527447	-3432.9718657902145	27.647319281530564	149.9193665614091	0.8096787740844005	0.04507018806782098	2.5550850206905436	0.3998447912416372	0.04507018806782098	2.5550850206905436	0.3998447912416372	0.4331674036736685	5.537776087582608E-4	6.218873849822578E-8	0.4686229474716597	5.743707989213751E-4	12.593559280797592	-76.98251772019114
981000	-3528.135968348503	-3436.604778335662	-91.53119001284107	-3436.604778335662	25.844043626176774	142.93396764192474	0.8096787740844005	0.04507018806782098	2.5550850206905436	0.3998447912416372	0.04507018806782098	2.5550850206905436	0.3998447912416372	0.3555507721756816	7.55556786007865E-4	9.153388238563582E-8	0.486211320788026	6.093324237110786E-4	14.838969003107394	-74.48234129340408
982000	-3521.7267025927626	-3443.3252409342886	-78.40146165847419	-3443.3252409342886	32.264451857393404	177.66587770270124	0.8096787740844005	0.04507018806782098	2.5550850206905436	0.3998447912416372	0.04507018806782098	2.5550850206905436	0.3998447912416372	0.26642586633650506	6.074161289435666E-4	2.0610562106962064E-8	0.23343952067842821	6.248772152104772E-4	15.937939778343264	-79.69745768723898
983000	-3513.163355332674	-3431.58102239229	-81.58233294038432	-3431.58102239229	28.631952413194263	137.06775036530235	0.8096787740844005	0.04507018806782098	2.5550850206905436	0.3998447912416372	0.04507018806782098	2.5550850206905436	0.3998447912416372	0.2465935794743461	8.315549513734095E-4	3.8432085518332296E-8	0.2496394472764712	7.293357022811404E-4	7.329843380991696	-79.08904619730173
984000	-3524.3902513511975	-3431.1368002050754	-93.2534511461222	-3431.1368002050754	39.3235367957356	156.15226766010218	0.8096787740844005	0.11619129882974918	2.5550850206905436	0.328723680479709	0.11619129882974918	2.5550850206905436	0.328723680479709	0.3157150233301687	6.30544584623928E-4	6.623483563285333E-8	0.3740885179767587	6.115312728601128E-4	12.749102341524026	-72.75366507325397
985000	-3513.939791310498	-3435.620315412708	-78.31947589779037	-3435.620315412708	32.27382471264509	151.70720122286716	0.8096787740844005	0.11619129882974918	2.487838275178095	0.39597042599215765	0.11619129882974918	2.487838275178095	0.39597042599215765	0.30810288949626763	6.97044107188194E-4	4.18345208842798E-8	0.28948753049042253	7.294174215589285E-4	14.289340838534072	-74.78670138544996
986000	-3529.530806865018	-3431.502408688473	-98.02839817654487	-3431.502408688473	32.82745845009165	160.41473628072666	0.8096787740844005	0.03236138249561887	2.5716681915122255	0.39597042599215765	0.03236138249561887	2.5716681915122255	0.39597042599215765	0.425040891119806	5.949766480686444E-4	4.6446455915606174E-8	0.3973355690471887	4.847029122716924E-4	12.901464377360663	-76.17161674588071
987000	-3518.555717659924	-3428.213093503274	-90.34262415664998	-3428.213093503274	33.71069064173636	167.4891841725133	0.8096787740844005	0.03236138249561887	2.5716681915122255	0.39597042599215765	0.03236138249561887	2.5716681915122255	0.39597042599215765	0.42617990255686905	5.445915277993666E-4	4.812046680338353E-8	0.4184662386152944	5.656819015920161E-4	17.479600494814452	-75.80590495825469
988000	-3515.4853606059382	-3421.8365239188606	-93.64883668707772	-3421.8365239188606	33.31787052363518	168.3400428425535	0.8096787740844005	0.03236138249561887	2.5716681915122255	0.39597042599215765	0.03236138249561887	2.5716681915122255	0.39597042599215765	0.3127420903003886	6.107964015494718E-4	4.3198927344879545E-8	0.36762068354906063	5.45633203618044E-4	14.249600800038051	-79.12465859944355
989000	-3527.8689633219224	-3428.1243750228177	-99.74458829910469	-3428.1243750228177	51.87728824381634	221.73197565323463	0.8096787740844005	0.03236138249561887	2.4081661843949873	0.5594724331093957	0.03236138249561887	2.4081661843949873	0.5594724331093957	0.40585967016033636	4.241194226295221E-4	3.725119494141042E-8	0.472724405126875	4.1874479617740734E-4	16.942809530200158	-83.11137465521752
990000	-3531.06247418434	-3429.612795550912	-101.44967863342784	-3429.612795550912	41.80342771763897	203.78566403418233	0.8096787740844005	0.03236138249561887	2.4081661843949873	0.5594724331093957	0.03236138249561887	2.4081661843949873	0.5594724331093957	0.41880673817456543	4.626803415303767E-4	3.789282058233072E-8	0.4099204055087588	4.819317515181075E-4	17.39397277039618	-81.11435549158564
991000	-3527.360196771776	-3431.978552065393	-95.38164470638289	-3431.978552065393	33.685350011308266	167.7900271402906	0.8096787740844005	0.03236138249561887	2.4081661843949873	0.5594724331093957	0.03236138249561887	2.4081661843949873	0.5594724331093957	0.38090601596069346	5.884822078895695E-4	5.48669887292695E-8	0.3655696212568333	5.901290530396769E-4	12.620495579141318	-78.84003750698692
992000	-3523.0575318966225	-3443.459008878612	-79.59852301801035	-3443.459008878612	26.50620802112399	133.89817747627455	0.8096787740844005	0.03236138249561887	2.4081661843949873	0.5594724331093957	0.03236138249561887	2.4081661843949873	0.5594724331093957	0.24462082168357954	6.576903766187575E-4	3.50972171627611E-8	0.28249260810823734	6.189920593983974E-4	14.470196702824808	-72.26630386407514
993000	-3513.3610070767	-3441.659619370007	-71.70138770669287	-3441.659619370007	37.92082882039215	172.37097919307254	0.8096787740844005	0.03236138249561887	2.4081661843949873	0.5594724331093957	0.03236138249561887	2.4081661843949873	0.5594724331093957	0.23981188645943569	5.762625874712556E-4	1.3823769945659125E-8	0.21433783996389869	5.365914704929985E-4	14.677393258871927	-76.78792966698639
994000	-3508.6169247207977	-3439.684210367627	-68.93271435317027	-3439.684210367627	37.19880407950312	173.96426524900292	0.8096787740844005	0.16740710801282477	2.4081661843949873	0.42442670759218976	0.16740710801282477	2.4081661843949873	0.42442670759218976	0.13340153360189527	7.164098731829564E-4	1.4315823759917694E-8	0.17649474953534167	6.573310298068172E-4	12.806999797815944	-79.48022342364709
995000	-3537.594847682044	-3448.616962521045	-88.97788516099892	-3448.616962521045	28.46873879476334	152.0299537229217	0.8096787740844005	0.16740710801282477	2.4081661843949873	0.42442670759218976	0.16740710801282477	2.4081661843949873	0.42442670759218976	0.2931653464900308	5.717435600764902E-4	3.013335279781656E-8	0.31217021282790797	5.115449809445434E-4	12.925226716913818	-77.66331514957449
996000	-3534.6384089193607	-3445.4809134209786	-89.15749549838209	-3445.4809134209786	31.45615492116816	179.90222001121063	0.8096787740844005	0.16740710801282477	2.4081661843949873	0.42442670759218976	0.16740710801282477	2.4081661843949873	0.42442670759218976	0.34862777189020955	5.508977485331107E-4	2.3035318201925445E-8	0.2957418123920631	5.271722875555219E-4	21.959261827542235	-79.65481425571778
997000	-3512.8282947978337	-3436.721185791506	-76.10710900632775	-3436.721185791506	49.89072962698876	193.03549714046952	0.8096787740844005	0.16740710801282477	2.4081661843949873	0.42442670759218976	0.16740710801282477	2.4081661843949873	0.42442670759218976	0.24691504025290634	4.404842869132975E-4	1.5440618586014093E-8	0.2572375510034222	5.002646839735854E-4	15.84390286040974	-76.53287327474578
998000	-3512.7624438621656	-3436.4446207947935	-76.3178230673721	-3436.4446207947935	36.49525155492286	161.9804989689217	0.8096787740844005	0.16740710801282477	2.4081661843949873	0.42442670759218976	0.16740710801282477	2.4081661843949873	0.42442670759218976	0.231496498740121	5.26870714721037E-4	1.6772454477500327E-8	0.2543071490707206	4.968478439772633E-4	18.127820909014535	-74.10644617963021
999000	-3520.166191564841	-3440.2161499674085	-79.95004159743277	-3440.2161499674085	50.139703881588396	203.84441262680122	0.8096787740844005	0.16740710801282477	2.4081661843949873	0.42442670759218976	0.16740710801282477	2.4081661843949873	0.42442670759218976	0.23161519863037427	5.284546698050711E-4	1.4413405862227424E-8	0.23885008032962046	4.787441666679757E-4	17.967911740815335	-78.17887819067386
1000000	-3506.151023839768	-3435.5097342217086	-70.64128961805955	-3435.5097342217086	49.41857966501222	206.80497718429996	0.8096787740844005	0.08070602044761818	2.637470868619281	0.28182311093310264	0.08070602044761818	2.637470868619281	0.28182311093310264	0.2339845482072842	4.2582678806763906E-4	5.805037114963521E-9	0.17515408834164276	4.404001900316852E-4	16.204035362247545	-80.68514301451657
1001000	-3538.595001017326	-3428.548125719583	-110.04687529774326	-3428.548125719583	32.737878405220854	159.41806077629371	0.6961573549489335	0.15858562497985718	2.4428953885108244	0.3985189865093167	0.15858562497985718	2.4428953885108244	0.3985189865093167	0.5276110344659465	7.022686814211227E-4	1.124475240216005E-7	0.4590627845986292	6.475635907413269E-4	20.35912690844842	-75.35601968207217
1002000	-3510.564706579897	-3426.4624491320023	-84.10225744789498	-3426.4624491320023	38.94246650448622	172.1524037547781	0.6961573549489335	0.15858562497985718	2.4428953885108244	0.3985189865093167	0.15858562497985718	2.4428953885108244	0.3985189865093167	0.249065991870908	5.072753901574389E-4	1.9385989812182202E-8	0.2894413358014523	4.720394266767612E-4	16.6651425852149	-76.27039439538717
1003000	-3524.935365293571	-3426.966144267555	-97.96922102601584	-3426.966144267555	28.458093917878283	145.40217953889174	0.6961573549489335	0.055515161019281486	2.5459658524714	0.3985189865093167	0.055515161019281486	2.5459658524714	0.3985189865093167	0.4974015280526797	6.948755181798926E-4	7.943334036417977E-8	0.4399976326148688	6.298329929089844E-4	12.83466726205041	-75.02228722282976
1004000	-3519.6064391244527	-3433.9732064035097	-85.63323272094286	-3433.9732064035097	31.06627090672407	149.21786239865583	0.6961573549489335	0.15733389200422498	2.4441471214864565	0.3985189865093167	0.15733389200422498	2.4441471214864565	0.3985189865093167	0.33691811555985873	6.273786936364942E-4	3.917904877582734E-8	0.3731542087573507	5.375971435394107E-4	10.645584511675704	-75.00169005214852
1005000	-3537.4028388579627	-3421.300497453862	-116.10234140410066	-3421.300497453862	49.903576765093874	198.9655603761458	0.6961573549489335	0.1255182987075158	2.441062267597658	0.43341943369482416	0.1255182987075158	2.441062267597658	0.43341943369482416	0.6884446519081467	5.798789332214964E-4	3.136548392493494E-7	0.8206610341444952	6.516664418595221E-4	15.999064898982342	-77.25552400833848
1006000	-3540.8103196938937	-3427.426229462213	-113.3840902316806	-3427.426229462213	47.90583895135912	188.9761958712486	0.6961573549489335	0.1255182987075158	2.441062267597658	0.43341943369482416	0.1255182987075158	2.441062267597658	0.43341943369482416	0.49220849639049113	5.779716209436022E-4	2.3149584600405392E-7	0.6947873659457047	5.912624671510889E-4	18.734905923476553	-75.4032364920402
1007000	-3520.81448083686	-3430.6633331722815	-90.15114766457862	-3430.6633331722815	44.318278086282675	188.98817456662672	0.6961573549489335	0.1255182987075158	2.4727164792330645	0.40176522205941745	0.1255182987075158	2.4727164792330645	0.40176522205941745	0.35464847386307785	4.668569254539154E-4	2.49795506443292E-8	0.3374927869965067	4.642526805156117E-4	15.350264382046394	-78.60450301196843
1008000	-3523.355754474632	-3434.7938778801304	-88.56187659450146	-3434.7938778801304	48.539613956623455	205.47164679778015	0.6961573549489335	0.1255182987075158	2.4727164792330645	0.40176522205941745	0.1255182987075158	2.4727164792330645	0.40176522205941745	0.2528734503682135	4.855837871503927E-4	2.15525865840077E-8	0.28036469130721214	4.812110583425753E-4	12.55614225805185	-81.3426585048858
1009000	-3519.523314588041	-3436.9959111171797	-82.52740347086132	-3436.9959111171797	48.07106255797615	191.33392535533144	0.6961573549489335	0.1255182987075158	2.4727164792330645	0.40176522205941745	0.1255182987075158	2.4727164792330645	0.40176522205941745	0.3477605712556332	5.532300860696119E-4	3.2704602141621605E-8	0.3119168544804665	6.42260734477866E-4	12.32776506462522	-78.15015475890775
1010000	-3515.4209118403255	-3423.1520910161257	-92.2688208242	-3423.1520910161257	37.585932565498084	165.4600323309166	0.6961573549489335	0.1255182987075158	2.397292770793094	0.4771889304993881	0.1255182987075158	2.397292770793094	0.4771889304993881	0.3231732802943008	5.60723190011587E-4	5.534926028522117E-8	0.4328077735828716	5.592590475905242E-4	13.027569887825724	-75.92224123253403
1011000	-3482.8265808086435	-3437.1980610762625	-45.62851973238083	-3437.1980610762625	33.76460415910766	157.28507355994486	0.6961573549489335	0.1255182987075158	2.397292770793094	0.4771889304993881	0.1255182987075158	2.397292770793094	0.4771889304993881	0.13426419278641077	6.03692839721727E-4	4.565004326266052E-9	0.109478191552415	6.136520145132316E-4	13.027569887825724	-75.33386611410943
1012000	-3521.923255094494	-3426.1254223221263	-95.79783277236746	-3426.1254223221263	39.104683783281885	177.87772925096746	0.6961573549489335	0.1255182987075158	2.397292770793094	0.4771889304993881	0.1255182987075158	2.397292770793094	0.4771889304993881	0.3968484671375783	5.101219242870124E-4	3.763750948590074E-8	0.38835434172703337	4.8377286944282155E-4	19.618583464871854	-77.99096274546281
1013000	-3534.3832913527954	-3443.1164944364155	-91.26679691638	-3443.1164944364155	47.55512683771798	185.84632464117652	0.6961573549489335	0.1255182987075158	2.5108730179729575	0.3636086833195248	0.1255182987075158	2.5108730179729575	0.3636086833195248	0.27230247421179565	5.659169488928109E-4	4.1626591249967004E-8	0.3366043361296358	5.79256777486579E-4	16.326865486033658	-76.13199937360395
1014000	-3526.1800653434602	-3429.579929844959	-96.60013549850088	-3429.579929844959	29.051008640313917	146.49778260615582	0.6961573549489335	0.07755582279367657	2.5108730179729575	0.411571159233364	0.07755582279367657	2.5108730179729575	0.411571159233364	0.32230152286929536	6.76210510532096E-4	8.56600868480256E-8	0.39133437127269327	7.496735253301847E-4	15.294794876624442	-73.60078017837947
1015000	-3520.886190976549	-3433.610435033821	-87.27575594272824	-3433.610435033821	32.29127309792298	138.97477416811657	0.6961573549489335	0.07755582279367657	2.5108730179729575	0.411571159233364	0.07755582279367657	2.5108730179729575	0.411571159233364	0.3667437476736681	8.122355960921126E-4	1.1703504957811936E-7	0.40152258250368095	9.001105356468789E-4	15.576180139613015	-70.82300484060471
1016000	-3518.180332565568	-3425.7054556322605	-92.4748769333074	-3425.7054556322605	32.2205188539466	140.1591772058247	0.6961573549489335	0.07755582279367657	2.5108730179729575	0.411571159233364	0.07755582279367657	2.5108730179729575	0.411571159233364	0.48134696356372714	7.075887067996499E-4	6.407274027920237E-8	0.3294070711641247	7.971060336797202E-4	21.17665129630091	-72.04835686654016
1017000	-3512.913124919368	-3433.914087403983	-78.99903751538477	-3433.914087403983	32.530344583559724	150.1753701488003	0.6961573549489335	0.07755582279367657	2.5108730179729575	0.411571159233364	0.07755582279367657	2.5108730179729575	0.411571159233364	0.2726331591781495	5.660157049923918E-4	2.994862042551501E-8	0.30700610335569917	5.526803511436542E-4	17.315564634284463	-72.19369820088866
1018000	-3507.405827403866	-3430.1751394368976	-77.23068796696866	-3430.1751394368976	57.992575391138615	237.56714788134514	0.6961573549489335	0.07755582279367657	2.5108730179729575	0.411571159233364	0.07755582279367657	2.5108730179729575	0.411571159233364	0.20728949602507546	4.1119184625589434E-4	6.977541971557618E-9	0.20997710518946985	3.8955181499150616E-4	15.560450345419873	-83.81245582899095
1019000	-3518.347667583654	-3422.693403588681	-95.65426399497287	-3422.693403588681	48.39187422027808	219.79395446833965	0.6961573549489335	0.07755582279367657	2.5108730179729575	0.411571159233364	0.07755582279367657	2.5108730179729575	0.411571159233364	0.3713291178430982	4.21750132005073E-4	1.8730149920591893E-8	0.3312122062132124	4.32854867755907E-4	20.42237983914648	-82.30606820337835
1020000	-3518.368583492905	-3423.016936384726	-95.35164710817936	-3423.016936384726	44.42307614440189	177.42415489995224	0.6961573549489335	0.07755582279367657	2.5108730179729575	0.411571159233364	0.07755582279367657	2.5108730179729575	0.411571159233364	0.4435014848150837	4.844655989483362E-4	5.706776050100281E-8	0.4202514915293093	5.899348815882652E-4	17.563847526456897	-74.98878084813187
1021000	-3531.5593323238927	-3427.3581106424363	-104.20122168145654	-3427.3581106424363	44.03194835544106	179.85134812331222	0.6961573549489335	0.07755582279367657	2.5108730179729575	0.411571159233364	0.07755582279367657	2.5108730179729575	0.411571159233364	0.3268921318410936	5.379043644288591E-4	4.645821779621285E-8	0.44790376426419604	4.1108776699687614E-4	17.21477375055052	-75.29173737021479
1022000	-3486.440567663247	-3427.571164664814	-58.869402998432456	-3427.571164664814	57.14726305579053	222.6277517061373	0.6961573549489335	0.07755582279367657	2.6372255805049347	0.28521859670138694	0.07755582279367657	2.6372255805049347	0.28521859670138694	0.16179945476847538	4.3979717881311554E-4	3.5577746495547275E-9	0.13930582381560422	4.330772652425771E-4	19.063593117047986	-79.4351487209393
1023000	-3487.0020639305444	-3428.4919061000533	-58.51015783049107	-3428.4919061000533	49.79803499266251	213.78435943202652	0.6961573549489335	0.07755582279367657	2.6372255805049347	0.28521859670138694	0.07755582279367657	2.6372255805049347	0.28521859670138694	0.13479191993363426	4.721181130872406E-4	3.811572893104545E-9	0.13193010574688419	4.63348141654668E-4	21.16310119686717	-80.59593508283203
1024000	-3510.480057255863	-3422.535940118201	-87.94411713766206	-3422.535940118201	37.12357337460676	184.334805363135	0.6961573549489335	0.07755582279367657	2.6372255805049347	0.28521859670138694	0.07755582279367657	2.6372255805049347	0.28521859670138694	0.2975158684941295	6.200083102757639E-4	3.872879219014376E-8	0.3098351354499275	6.772322496101529E-4	18.670892039924265	-78.15915056661265
1025000	-3531.9361242782466	-3431.979815999162	-99.95630827908464	-3431.979815999162	28.737483530356386	136.23165594990775	0.6961573549489335	0.07755582279367657	2.6372255805049347	0.28521859670138694	0.07755582279367657	2.6372255805049347	0.28521859670138694	0.35289862805944633	6.960599670531822E-4	1.3394647375986997E-7	0.47956243084711014	7.360819749371832E-4	13.21661581266835	-72.21386141557021
1026000	-3503.9762459852136	-3428.091522513188	-75.88472347202574	-3428.091522513188	39.938539601992915	176.5390496677585	0.6961573549489335	0.07755582279367657	2.6372255805049347	0.28521859670138694	0.07755582279367657	2.6372255805049347	0.28521859670138694	0.26510871888837095	4.682753952514824E-4	1.4640923382168208E-8	0.24844997488511858	4.873863056623747E-4	17.478839104647406	-75.75685031981038
1027000	-3498.5366848915996	-3438.352902696423	-60.18378219517664	-3438.352902696423	31.20574880849174	131.12248977295366	0.6961573549489335	0.18849601843122257	2.5262853848673887	0.28521859670138694	0.18849601843122257	2.5262853848673887	0.28521859670138694	0.20460987026973793	7.929254814691563E-4	1.839096948592438E-8	0.18460697972603968	7.136163450698122E-4	13.287967366890733	-69.95788708055777
1028000	-3509.683501396492	-3437.687225884216	-71.99627551227613	-3437.687225884216	32.259659451262834	145.61833556508137	0.6961573549489335	0.18849601843122257	2.5262853848673887	0.28521859670138694	0.18849601843122257	2.5262853848673887	0.28521859670138694	0.22740156319976876	6.9126856514491E-4	2.4082175320564486E-8	0.2265137073690119	6.646085466279183E-4	13.82726496663269	-72.60688445707957
1029000	-3513.5287665313335	-3434.244791638473	-79.28397489286051	-3434.244791638473	56.76148105825727	215.01419837471428	0.6961573549489335	0.09915796757636468	2.6156234357222465	0.28521859670138694	0.09915796757636468	2.6156234357222465	0.28521859670138694	0.22883587866295588	4.073725070435355E-4	9.406826252039726E-9	0.22648189332113178	4.055168239947342E-4	16.012076197351288	-78.7595612494998
1030000	-3504.7003149669695	-3422.2285035911136	-82.47181137585578	-3422.2285035911136	55.298301454372115	275.0756943810919	0.6961573549489335	0.09915796757636468	2.6156234357222465	0.28521859670138694	0.09915796757636468	2.6156234357222465	0.28521859670138694	0.1973225988906057	4.1608354546013613E-4	5.999279544774061E-9	0.18570088440951915	4.135295059072918E-4	22.395339761567822	-89.85925736315028
1031000	-3527.1962454285713	-3439.1007292431914	-88.09551618537968	-3439.1007292431914	40.69682545631417	181.13289952036234	0.6961573549489335	0.09915796757636468	2.6156234357222465	0.28521859670138694	0.09915796757636468	2.6156234357222465	0.28521859670138694	0.31529513289887323	5.001220059980616E-4	2.2778169980966334E-8	0.2962947457098423	4.91422816068644E-4	22.52487398531207	-76.69901307070221
1032000	-3524.1042310809585	-3433.0923330031333	-91.01189807782521	-3433.0923330031333	68.56923841725295	274.8561122498228	0.6961573549489335	0.09915796757636468	2.4548424685192436	0.4459995639043899	0.09915796757636468	2.4548424685192436	0.4459995639043899	0.3004257656202585	4.2548534103234665E-4	2.2757199646501468E-8	0.30131896105395417	5.275039039398038E-4	18.113334054578914	-86.45356015206262
1033000	-3494.593227760471	-3425.4275899584286	-69.16563780204262	-3425.4275899584286	41.865863348131455	200.36302424997223	0.6961573549489335	0.09915796757636468	2.4548424685192436	0.4459995639043899	0.09915796757636468	2.4548424685192436	0.4459995639043899	0.1555108515497454	4.2779540852803526E-4	6.407679506713864E-9	0.18133982800268042	4.5125725995251984E-4	18.394495529572435	-80.75503318712052
1034000	-3496.6671058541147	-3428.8530857667374	-67.81402008737729	-3428.8530857667374	31.428321365775503	160.27863748549956	0.6961573549489335	0.09915796757636468	2.5801816416970444	0.32066039072658925	0.09915796757636468	2.5801816416970444	0.32066039072658925	0.15017453863481958	7.072821600479125E-4	1.5318605885350603E-8	0.17593368321286176	7.024776505138441E-4	23.899151780219	-76.2355558974601
1035000	-3501.7107564471467	-3427.406170185997	-74.30458626114967	-3427.406170185997	34.948419768839	160.2086170515196	0.6961573549489335	0.09915796757636468	2.4622343119257675	0.4386077204978662	0.09915796757636468	2.4622343119257675	0.4386077204978662	0.2979352141301835	6.123642882255384E-4	1.654130096687003E-8	0.22283600415349877	5.936207587124231E-4	15.730483410090336	-75.1912074913663
1036000	-3516.436541386771	-3428.532695602837	-87.90384578393386	-3428.532695602837	52.875500760044034	218.0893368807074	0.6961573549489335	0.09915796757636468	2.4622343119257675	0.4386077204978662	0.09915796757636468	2.4622343119257675	0.4386077204978662	0.2956168779283022	4.933353677586447E-4	1.991528391179817E-8	0.2596595266447196	5.127561513156006E-4	23.96712367128556	-79.52048134577012
1037000	-3481.864570496882	-3426.1255103060557	-55.73906019082645	-3426.1255103060557	43.47144447026987	186.95827838649342	0.6961573549489335	0.09915796757636468	2.4622343119257675	0.4386077204978662	0.09915796757636468	2.4622343119257675	0.4386077204978662	0.11188393514167262	4.89161575613484E-4	4.2311645386862664E-9	0.13071585365663985	5.060964033087007E-4	13.227635236726313	-80.87845505688146
1038000	-3513.8338214811456	-3430.6538424356218	-83.17997904552378	-3430.6538424356218	45.90676096791463	202.2654386916421	0.6961573549489335	0.09915796757636468	2.4622343119257675	0.4386077204978662	0.09915796757636468	2.4622343119257675	0.4386077204978662	0.23323958550257726	5.522666540519314E-4	2.0707783575629843E-8	0.27467937249871677	5.309656939532399E-4	19.22924821896939	-79.4173976736299
1039000	-3500.5275418517012	-3428.941455570703	-71.586086280998	-3428.941455570703	57.954834827846426	237.46150070949383	0.6961573549489335	0.046311624920892164	2.4622343119257675	0.4914540631533387	0.046311624920892164	2.4622343119257675	0.4914540631533387	0.20128415664527527	4.932516605585463E-4	7.877535849115739E-9	0.18316421566707192	4.988114307102031E-4	18.426118690491677	-81.54150372184283
1040000	-3482.1471085663807	-3430.8061642091893	-51.3409443571912	-3430.8061642091893	52.568251698457956	230.53685339498963	0.6961573549489335	0.046311624920892164	2.4622343119257675	0.4914540631533387	0.046311624920892164	2.4622343119257675	0.4914540631533387	0.10695039740985085	4.6673295020132016E-4	2.1109700488396275E-9	0.09744324623316131	4.8072705734372826E-4	19.806905453121235	-82.73881537694807
1041000	-3513.331552409771	-3427.00518735729	-86.32636505248108	-3427.00518735729	59.76256400347459	229.94893189560304	0.6961573549489335	0.046311624920892164	2.4622343119257675	0.4914540631533387	0.046311624920892164	2.4622343119257675	0.4914540631533387	0.2707798264085423	4.4222639627064276E-4	1.787827666932673E-8	0.2742301713559267	4.713155544860845E-4	25.549893776671418	-80.00455416723331
1042000	-3503.2241073073646	-3443.7269703823335	-59.49713692503123	-3443.7269703823335	37.18765179985506	163.16942379584805	0.6961573549489335	0.046311624920892164	2.6265168915917805	0.3271714834873256	0.046311624920892164	2.6265168915917805	0.3271714834873256	0.16721002436404803	6.577444238868907E-4	1.2336315513212832E-8	0.16810150073170096	6.924655354129363E-4	13.666726277878885	-74.89882776288718
1043000	-3515.944412727353	-3424.468409222989	-91.4760035043642	-3424.468409222989	50.74299759369497	242.63324026496366	0.6961573549489335	0.046311624920892164	2.6265168915917805	0.3271714834873256	0.046311624920892164	2.6265168915917805	0.3271714834873256	0.22801942238264944	5.408975731975457E-4	2.1968984964467618E-8	0.27219436574427985	5.286596024860402E-4	19.92304575617214	-86.07140296090634
1044000	-3497.015503739762	-3429.3644850278924	-67.65101871186991	-3429.3644850278924	35.082567280178786	160.29344193212745	0.6961573549489335	0.046311624920892164	2.6265168915917805	0.3271714834873256	0.046311624920892164	2.6265168915917805	0.3271714834873256	0.19649063747241163	7.118653073970757E-4	1.9947006824711692E-8	0.19895720846817744	7.135459852424709E-4	16.629355144392502	-75.52472191700849
1045000	-3470.524883500593	-3430.67222328041	-39.852660220183054	-3430.67222328041	36.97629482208115	169.47988936123272	0.6961573549489335	0.046311624920892164	2.6265168915917805	0.3271714834873256	0.046311624920892164	2.6265168915917805	0.3271714834873256	0.09617524568801433	5.535762347074702E-4	2.3731522644089673E-9	0.08760576946678732	5.483576485971643E-4	14.176113338674304	-77.01659705567343
1046000	-3520.5429720955735	-3432.8193213909317	-87.72365070464167	-3432.8193213909317	38.85190291926692	166.99047912632517	0.6961573549489335	0.046311624920892164	2.6265168915917805	0.3271714834873256	0.046311624920892164	2.6265168915917805	0.3271714834873256	0.3643992265745375	5.918224125745946E-4	4.651342004009239E-8	0.3492696059459029	6.624106038388243E-4	15.801959846868687	-76.21933656689096
1047000	-3536.026705580596	-3430.8426252604913	-105.18408032010464	-3430.8426252604913	45.0100191234718	186.72726640130549	0.6961573549489335	0.046311624920892164	2.6265168915917805	0.3271714834873256	0.046311624920892164	2.6265168915917805	0.3271714834873256	0.4507392626863585	5.600093516591801E-4	1.4527674421025124E-7	0.5684861279155661	6.732352361768992E-4	11.99948653118707	-79.4199531799984
1048000	-3503.4724108624337	-3427.0114959540365	-76.46091490839731	-3427.0114959540365	48.85031883580744	201.76336957109714	0.6961573549489335	0.046311624920892164	2.6265168915917805	0.3271714834873256	0.046311624920892164	2.6265168915917805	0.3271714834873256	0.22568766082182098	5.055766434688237E-4	1.5007629482395258E-8	0.22875670783856727	5.660763251444694E-4	16.900638648201834	-79.35102157732959
1049000	-3507.08008541766	-3433.68953308452	-73.39055233314015	-3433.68953308452	38.231547956539735	182.05199001509718	0.6961573549489335	0.046311624920892164	2.6265168915917805	0.3271714834873256	0.046311624920892164	2.6265168915917805	0.3271714834873256	0.2920290038058006	3.9709377114400835E-4	5.589866625729059E-9	0.20444561621235915	3.853419618324134E-4	15.28601002719453	-78.51387328171063
1050000	-3529.972970872334	-3432.591484072926	-97.3814867994077	-3432.591484072926	41.57326183126624	212.81764560562834	0.6961573549489335	0.10572147545513666	2.4967782003391283	0.3975003242057331	0.10572147545513666	2.4967782003391283	0.3975003242057331	0.3368941967058729	4.693948032378913E-4	3.112923438202959E-8	0.40058328147819566	4.5741456896787163E-4	15.774945926477018	-84.57360876663785
1051000	-3542.2298405564047	-3432.7714316839233	-109.45840887248153	-3432.7714316839233	34.25899924141518	153.0046191647004	0.6961573549489335	0.10572147545513666	2.4967782003391283	0.3975003242057331	0.10572147545513666	2.4967782003391283	0.3975003242057331	0.4644393720264338	5.692282554934628E-4	1.0189717760946114E-7	0.568051991920916	4.682536543729833E-4	10.625752457073828	-74.85630001256281
1052000	-3512.491615047492	-3431.4295971099805	-81.0620179375114	-3431.4295971099805	34.0301963851572	163.8034838247121	0.6961573549489335	0.10572147545513666	2.4967782003391283	0.3975003242057331	0.10572147545513666	2.4967782003391283	0.3975003242057331	0.21229874082956138	5.111699289683918E-4	1.5704880013440294E-8	0.25419342330904743	4.668198337864694E-4	13.337923340834838	-78.19385526062983
1053000	-3528.880281945575	-3427.9110965971886	-100.96918534838642	-3427.9110965971886	33.00345287768158	170.84947928824283	0.6961573549489335	0.10572147545513666	2.4967782003391283	0.3975003242057331	0.10572147545513666	2.4967782003391283	0.3975003242057331	0.353887424640172	5.830287528200305E-4	8.254153692917407E-8	0.462746942114981	6.214538288066931E-4	17.196717420116467	-77.72525031767154
1054000	-3525.1505300669337	-3427.353133697933	-97.79739636900067	-3427.353133697933	32.32608538314921	149.33296608229642	0.6961573549489335	0.10572147545513666	2.4967782003391283	0.3975003242057331	0.10572147545513666	2.4967782003391283	0.3975003242057331	0.39692575764901755	6.727812645770953E-4	1.4143999990277962E-7	0.5347938480629484	7.088876649753071E-4	14.51416453017393	-74.3488996413525
1055000	-3508.056426687839	-3426.231777773836	-81.82464891400355	-3426.231777773836	39.57992089110752	171.34101114028272	0.6961573549489335	0.10572147545513666	2.4967782003391283	0.3975003242057331	0.10572147545513666	2.4967782003391283	0.3975003242057331	0.2924237507086611	6.244737372658276E-4	3.100697717793646E-8	0.278709444286531	6.059525408478804E-4	15.613097101623685	-75.68484350152872
1056000	-3511.265009564434	-3441.3452782775885	-69.91973128684546	-3441.3452782775885	39.41380279687536	151.32019531833583	0.6961573549489335	0.10572147545513666	2.4967782003391283	0.3975003242057331	0.10572147545513666	2.4967782003391283	0.3975003242057331	0.1988220026134546	6.441528848367988E-4	2.057391868773378E-8	0.22901415557875104	6.323344763135378E-4	18.318550832979437	-71.84660017690265
1057000	-3494.293462984937	-3428.1948242388958	-66.09863874604125	-3428.1948242388958	48.163198678605966	205.19762310596195	0.6961573549489335	0.10572147545513666	2.4967782003391283	0.3975003242057331	0.10572147545513666	2.4967782003391283	0.3975003242057331	0.18564983516682076	5.000473901556762E-4	8.75079415622708E-9	0.1758323653807992	5.561348646218473E-4	17.5245882977649	-79.45921477958248
1058000	-3503.9257232636623	-3433.5919077361064	-70.33381552755587	-3433.5919077361064	43.718245437792376	199.05986600796527	0.6961573549489335	0.10572147545513666	2.4967782003391283	0.3975003242057331	0.10572147545513666	2.4967782003391283	0.3975003242057331	0.22282046704798802	4.673365099686992E-4	7.107023389361325E-9	0.18230356303983405	4.6977389859242843E-4	21.318097398105618	-78.92474106049977
1059000	-3513.8946821070567	-3431.2869030031234	-82.6077791039333	-3431.2869030031234	45.74778647814253	209.62429185776853	0.6961573549489335	0.10572147545513666	2.4967782003391283	0.3975003242057331	0.10572147545513666	2.4967782003391283	0.3975003242057331	0.21893157376550507	4.4778982082821126E-4	1.4632366146258958E-8	0.25127804802441017	4.7638536310607197E-4	16.949527291338637	-81.7542063612668
1060000	-3513.8343035211865	-3430.6379942127696	-83.1963093084169	-3430.6379942127696	32.43115108413594	158.81932110048768	0.6961573549489335	0.10572147545513666	2.4967782003391283	0.3975003242057331	0.10572147545513666	2.4967782003391283	0.3975003242057331	0.32078436404740823	5.923070148301718E-4	4.695543524340845E-8	0.3448538659532926	6.876777095018715E-4	12.886248262544747	-76.35138161544027
1061000	-3473.4960446479395	-3437.844470749028	-35.65157389891164	-3437.844470749028	43.41793348311203	187.57284018819797	0.6961573549489335	0.10572147545513666	2.4967782003391283	0.3975003242057331	0.10572147545513666	2.4967782003391283	0.3975003242057331	0.10192257057874744	6.380675110197114E-4	1.9212898286674844E-9	0.06987707224713675	6.348740263896475E-4	16.527833353886546	-78.15164013230392
1062000	-3483.869764727119	-3424.991472065697	-58.87829266142203	-3424.991472065697	47.80222968108529	216.4377986903127	0.6961573549489335	0.10572147545513666	2.4967782003391283	0.3975003242057331	0.10572147545513666	2.4967782003391283	0.3975003242057331	0.10694444705436099	5.204425581547486E-4	3.9357671235248055E-9	0.12128845284372447	5.113051514849851E-4	18.249082192647542	-82.40554011413889
1063000	-3519.4020279997912	-3434.9514408295236	-84.45058717026782	-3434.9514408295236	62.641056112094546	224.5808943416598	0.8372586131256843	0.10572147545513666	2.4967782003391283	0.3975003242057331	0.10572147545513666	2.4967782003391283	0.3975003242057331	0.2998021042789938	4.661326680114955E-4	1.549826037745397E-8	0.25167047788577435	5.127332631175428E-4	20.742011886488665	-78.86129234912356
1064000	-3545.3011401991525	-3437.6139756388966	-107.68716456025615	-3437.6139756388966	37.9014638443194	205.76899352611557	0.8372586131256843	0.10572147545513666	2.4967782003391283	0.3975003242057331	0.10572147545513666	2.4967782003391283	0.3975003242057331	0.46622685721946855	4.853460129256711E-4	5.646002943094223E-8	0.48990107486965967	5.131309915114696E-4	18.261457025969825	-86.85259433703094
1065000	-3515.815914832741	-3421.1784056002925	-94.63750923244835	-3421.1784056002925	27.3916293856018	135.47121504966879	0.8372586131256843	0.10572147545513666	2.4967782003391283	0.3975003242057331	0.10572147545513666	2.4967782003391283	0.3975003242057331	0.47034354543134427	7.491835509334476E-4	1.272312583565226E-7	0.5236700713428835	7.088673658855528E-4	15.647844687440342	-72.50336633186707
1066000	-3530.9896757810325	-3429.2471149953653	-101.74256078566721	-3429.2471149953653	29.815545605496567	143.74673918973753	0.8372586131256843	0.10572147545513666	2.4967782003391283	0.3975003242057331	0.10572147545513666	2.4967782003391283	0.3975003242057331	0.5366173604775429	7.450411726730095E-4	2.458546477185872E-7	0.6681745129970138	6.795553359987504E-4	11.559474035829451	-72.73467157310185
1067000	-3551.4456253642743	-3438.275050754951	-113.1705746093235	-3438.275050754951	40.95723245188044	200.2589461167493	0.8372586131256843	0.10572147545513666	2.4967782003391283	0.3975003242057331	0.10572147545513666	2.4967782003391283	0.3975003242057331	0.492509110408677	4.1730679639753E-4	5.6139125544996616E-8	0.5391836087058633	4.026957922354022E-4	16.584454161129322	-82.602857184483
1068000	-3543.100042478078	-3434.4621670238507	-108.63787545422753	-3434.4621670238507	44.99641320162756	247.9652450928466	0.8372586131256843	0.24971971540727048	2.4967782003391283	0.2535020842535993	0.24971971540727048	2.4967782003391283	0.2535020842535993	0.40009498310207536	3.531035374727082E-4	1.4030298441099746E-8	0.3753030810910892	3.188436255437769E-4	21.70996836211167	-89.48745967734288
1069000	-3541.102820101084	-3435.7711659252113	-105.33165417587257	-3435.7711659252113	53.29912992815602	246.09298951866805	0.8372586131256843	0.24971971540727048	2.4967782003391283	0.2535020842535993	0.24971971540727048	2.4967782003391283	0.2535020842535993	0.43849669573381256	3.7221595137390155E-4	2.9517877132679165E-8	0.4353810458632776	4.422693951007945E-4	25.726564872422543	-83.89743464862906
1070000	-3525.7150389492017	-3431.8521110631395	-93.86292788606228	-3431.8521110631395	63.49288762421247	217.2589374753236	0.8372586131256843	0.1672086073437972	2.5792893084026014	0.2535020842535993	0.1672086073437972	2.5792893084026014	0.2535020842535993	0.3405242919597867	3.9393177606974095E-4	3.120589114074295E-8	0.3590937007328052	4.6737868102143E-4	18.116499091454422	-75.67844391364385
1071000	-3513.448544369376	-3436.139547105212	-77.3089972641644	-3436.139547105212	41.121312101306586	188.20146386552386	0.8372586131256843	0.1672086073437972	2.5792893084026014	0.2535020842535993	0.1672086073437972	2.5792893084026014	0.2535020842535993	0.23432740456161216	3.6521762666369016E-4	7.70987508095413E-9	0.2532746008795239	3.369428721205989E-4	14.014122205468487	-80.32306627966582
1072000	-3502.2323385415953	-3438.799211060438	-63.4331274811569	-3438.799211060438	46.495601460034905	189.79189636941632	0.8372586131256843	0.1672086073437972	2.5214457629607394	0.31134562969546137	0.1672086073437972	2.5214457629607394	0.31134562969546137	0.18367376397700477	5.650866861086115E-4	7.337235887004584E-9	0.1579433322608694	5.471463479175756E-4	16.988997644826252	-77.45435077762252
1073000	-3503.739392900074	-3434.4365809117617	-69.30281198831236	-3434.4365809117617	38.3605017013829	160.813455840099	0.8372586131256843	0.1672086073437972	2.459658746414621	0.3731326462415801	0.1672086073437972	2.459658746414621	0.3731326462415801	0.2297294393009583	5.456777148340568E-4	1.0309008613696974E-8	0.19814841168639039	4.910358455254437E-4	14.123074180938438	-73.55940368469092
1074000	-3530.016196269117	-3428.554766273159	-101.46142999595747	-3428.554766273159	30.332591810417902	160.36030177179572	0.8372586131256843	0.1672086073437972	2.5337639825419016	0.29902741011429923	0.1672086073437972	2.5337639825419016	0.29902741011429923	0.4228530644418955	6.763534471419726E-4	7.531160740230543E-8	0.43117591880101147	5.99474660686211E-4	14.802728816077403	-78.42360128169274
1075000	-3515.560002245775	-3427.245308598087	-88.31469364768842	-3427.245308598087	42.24450843248479	175.16960046595105	0.8372586131256843	0.1672086073437972	2.5337639825419016	0.29902741011429923	0.1672086073437972	2.5337639825419016	0.29902741011429923	0.29764931521691246	5.488329388672282E-4	5.055033289875249E-8	0.3734620711029223	5.95847256416269E-4	16.041506321182087	-75.07859410369896
1076000	-3519.2823138869576	-3427.443215100662	-91.83909878629555	-3427.443215100662	40.97605676195373	189.03785221094188	0.8372586131256843	0.08413893615510856	2.5337639825419016	0.38209708130298786	0.08413893615510856	2.5337639825419016	0.38209708130298786	0.3119715553835738	4.89039996326245E-4	3.425930348056796E-8	0.3426209647189075	5.468516146206714E-4	24.552964306943302	-77.70882156328578
1077000	-3508.397915441899	-3432.8800040060173	-75.51791143588152	-3432.8800040060173	55.851819499231105	234.38841927046033	0.8372586131256843	0.08413893615510856	2.5337639825419016	0.38209708130298786	0.08413893615510856	2.5337639825419016	0.38209708130298786	0.18411743990763757	4.097830842100084E-4	7.598233305500612E-9	0.2095923805886421	4.1571512746282826E-4	16.122276654714778	-85.75571526883066
1078000	-3480.780457803961	-3432.2384390652055	-48.542018738755196	-3432.2384390652055	45.572276472733805	204.09882125669483	0.7187661478569993	0.08413893615510856	2.5337639825419016	0.38209708130298786	0.08413893615510856	2.5337639825419016	0.38209708130298786	0.10683895519936702	4.906922515218869E-4	1.9958593543091527E-9	0.09062811575259033	4.844978776386806E-4	23.715827398274705	-79.69202472245175
1079000	-3515.5967534636125	-3418.358077519341	-97.23867594427145	-3418.358077519341	44.8015678634255	213.60379627495735	0.7187661478569993	0.08413893615510856	2.5793393842027155	0.33652167964217417	0.08413893615510856	2.5793393842027155	0.33652167964217417	0.36081510393198024	5.141981807752715E-4	4.0713333663935274E-8	0.40000309935500644	5.06163134910712E-4	17.31178203990019	-81.54273623289887
1080000	-3487.2173896277186	-3434.474166087085	-52.74322354063341	-3434.474166087085	74.08267797851842	262.7961384991602	0.7187661478569993	0.08413893615510856	2.5793393842027155	0.33652167964217417	0.08413893615510856	2.5793393842027155	0.33652167964217417	0.08667948742337891	4.7635195894214083E-4	2.335854643585287E-9	0.09954488313295379	4.7194766527215763E-4	14.231109169235973	-83.96718925825137
1081000	-3477.7823435915016	-3428.814992110632	-48.96735148086977	-3428.814992110632	41.045809714518334	184.85185414616328	0.7187661478569993	0.08413893615510856	2.5793393842027155	0.33652167964217417	0.08413893615510856	2.5793393842027155	0.33652167964217417	0.11521927019910734	5.6541763430109E-4	4.004895812497862E-9	0.11341348582864341	5.560993084522239E-4	18.36904099272507	-76.224915031717
1082000	-3497.120215680864	-3425.6631635013505	-71.45705217951377	-3425.6631635013505	61.349825157905975	244.09638526144656	0.7187661478569993	0.08413893615510856	2.5793393842027155	0.33652167964217417	0.08413893615510856	2.5793393842027155	0.33652167964217417	0.17307456400241164	4.162308678577038E-4	5.236689244171798E-9	0.1734361452709149	4.156214071317025E-4	23.65865921789735	-81.29353537825219
1083000	-3520.2574365713012	-3430.5607654539294	-89.69667111737171	-3430.5607654539294	40.57020289313093	211.5165425310143	0.7187661478569993	0.08413893615510856	2.5793393842027155	0.33652167964217417	0.08413893615510856	2.5793393842027155	0.33652167964217417	0.24634601754219804	4.292898644568434E-4	1.1818584660703552E-8	0.27837411192462624	3.854567062051014E-4	18.556526661090096	-83.97894359532596
1084000	-3499.4102442120297	-3432.983587118227	-66.42665709380235	-3432.983587118227	39.247870776627984	160.42038204994472	0.7187661478569993	0.08413893615510856	2.5793393842027155	0.33652167964217417	0.08413893615510856	2.5793393842027155	0.33652167964217417	0.1800060165468129	6.432303676766233E-4	1.971677155150225E-8	0.21880617743291889	6.203071924703791E-4	15.636134608045372	-73.08035900931615
1085000	-3528.6814577035684	-3433.2868838980535	-95.39457380551497	-3433.2868838980535	34.99062612265365	148.28892837103328	0.7187661478569993	0.08413893615510856	2.5793393842027155	0.33652167964217417	0.08413893615510856	2.5793393842027155	0.33652167964217417	0.3630119513230035	7.170816240652553E-4	6.734087361239284E-8	0.3986679313077961	6.254044080504302E-4	19.82950525212702	-72.29812991462249
1086000	-3544.5284961588454	-3432.2141476755196	-112.31434848332592	-3432.2141476755196	33.13270740429043	184.44939210039928	0.7187661478569993	0.08413893615510856	2.5793393842027155	0.33652167964217417	0.08413893615510856	2.5793393842027155	0.33652167964217417	0.520702102356698	5.34505111388466E-4	6.941804373453071E-8	0.5106474407848502	5.218810884148422E-4	22.486988186076427	-80.7510913642794
1087000	-3521.562230141356	-3427.35214207333	-94.2100880680257	-3427.35214207333	27.090701544087963	140.19023625751458	0.7187661478569993	0.17593549565497985	2.5793393842027155	0.24472512014230285	0.17593549565497985	2.5793393842027155	0.24472512014230285	0.4479628879096315	7.221720603427994E-4	9.512819144004813E-8	0.4625505600447986	6.856925264595198E-4	18.53481558724874	-73.47756471191799
1088000	-3522.3609274938385	-3433.6640675435174	-88.69685995032121	-3433.6640675435174	27.635137029668613	138.54937370682438	0.7187661478569993	0.17593549565497985	2.42567597558481	0.39838852876020836	0.17593549565497985	2.42567597558481	0.39838852876020836	0.31900472778903444	7.475011108507562E-4	6.525569785682338E-8	0.3378223223158999	6.965983446151248E-4	17.472181861883083	-73.23671718351744
1089000	-3510.0318581522533	-3444.179583631838	-65.85227452041538	-3444.179583631838	29.506330641256596	133.57598616873324	0.7187661478569993	0.17593549565497985	2.42567597558481	0.39838852876020836	0.17593549565497985	2.42567597558481	0.39838852876020836	0.18752093581696228	6.644297919851894E-4	1.5843757430393972E-8	0.20227347430482387	6.164183151731826E-4	16.417672244459887	-70.73973634789022
1090000	-3523.8185036038794	-3437.107121973994	-86.71138162988544	-3437.107121973994	33.64005744273183	173.9628379024063	0.7187661478569993	0.17593549565497985	2.3174011195690634	0.506663384775955	0.17593549565497985	2.3174011195690634	0.506663384775955	0.2702130963006278	6.026368673417922E-4	2.5595865487021223E-8	0.2788979971440241	5.483046704236632E-4	18.87857374761834	-77.79780001967988
1091000	-3512.470373690112	-3430.898144538936	-81.57222915117623	-3430.898144538936	63.012194338966395	252.6552996564136	0.7187661478569993	0.17593549565497985	2.3174011195690634	0.506663384775955	0.17593549565497985	2.3174011195690634	0.506663384775955	0.2648695849854113	4.7435001585777674E-4	1.1794523857634949E-8	0.2229564304432508	5.199150458198719E-4	15.831495703373847	-86.07057756169607
1092000	-3522.5692698756243	-3436.42301878491	-86.14625109071466	-3436.42301878491	40.04104280323355	173.33003490807442	0.7187661478569993	0.17593549565497985	2.3174011195690634	0.506663384775955	0.17593549565497985	2.3174011195690634	0.506663384775955	0.3080913025462055	6.111291544685996E-4	3.203557164300438E-8	0.3161140095277523	6.030884061236376E-4	18.194354850147093	-75.13686178480734
1093000	-3530.8149351080983	-3442.3927353174968	-88.42219979060161	-3442.3927353174968	53.0677210053283	251.62638141819292	0.7187661478569993	0.11582507495326429	2.3174011195690634	0.5667738054776705	0.11582507495326429	2.3174011195690634	0.5667738054776705	0.2932710573964514	5.029608294033592E-4	1.543981257946105E-8	0.24611581872580152	5.609307194046636E-4	18.836139204976522	-86.62817581143662
1094000	-3516.6834055407285	-3430.622986005827	-86.06041953490143	-3430.622986005827	53.382619528592265	256.1814953922266	0.7187661478569993	0.2954980973896084	2.3174011195690634	0.38710078304132645	0.2954980973896084	2.3174011195690634	0.38710078304132645	0.2159491459691248	4.187022472884934E-4	8.339519276486398E-9	0.21198907025843564	4.396405114398884E-4	31.894317602990967	-86.10432699343635
1095000	-3482.623310397746	-3432.0447726753982	-50.578537722347725	-3432.0447726753982	59.75630744267666	284.4970917544633	0.7187661478569993	0.2954980973896084	2.3174011195690634	0.38710078304132645	0.2954980973896084	2.3174011195690634	0.38710078304132645	0.08946184992730848	3.539349257716435E-4	8.92965076115566E-10	0.08067280739736778	3.805216641349359E-4	21.341903700312013	-88.29037071975804
1096000	-3478.1710341171633	-3432.5927912724674	-45.57824284469619	-3432.5927912724674	48.46745580725585	212.21485773233445	0.7187661478569993	0.2954980973896084	2.3174011195690634	0.38710078304132645	0.2954980973896084	2.3174011195690634	0.38710078304132645	0.1005541409597932	4.74036750127045E-4	1.8575044196837011E-9	0.09264907994039698	4.7697377985217286E-4	18.197462111693497	-79.57666306710473
1097000	-3473.915927287717	-3432.284295489264	-41.63163179845273	-3432.284295489264	37.43257209632967	169.30226169869061	0.7187661478569993	0.18672018905689058	2.426179027901781	0.38710078304132645	0.18672018905689058	2.426179027901781	0.38710078304132645	0.1005541409597932	6.322680566452041E-4	3.1788817054977916E-9	0.0902520358234014	6.147542539963987E-4	19.32335145265159	-75.24293588588576
1098000	-3502.711563849332	-3439.3114820607566	-63.40008178857552	-3439.3114820607566	27.690000973088598	132.8390075748493	0.7187661478569993	0.18672018905689058	2.426179027901781	0.38710078304132645	0.18672018905689058	2.426179027901781	0.38710078304132645	0.19961550107206555	8.999086565324699E-4	2.9321211178776606E-8	0.1942192960933473	8.783443749975611E-4	13.253256128352191	-71.8207759806162
1099000	-3483.2999635059095	-3429.0372155036894	-54.26274800222037	-3429.0372155036894	49.85603849054176	228.73160924229614	0.7187661478569993	0.18672018905689058	2.426179027901781	0.38710078304132645	0.18672018905689058	2.426179027901781	0.38710078304132645	0.11723276325104938	5.516266939175124E-4	3.2635026363007287E-9	0.10197014082632386	5.486845528446554E-4	20.357298053806765	-83.09379080107774
1100000	-3511.4557991700563	-3433.7823670417447	-77.67343212831138	-3433.7823670417447	35.4909196783211	210.48581306557438	0.7187661478569993	0.11651259906804697	2.4963866178906247	0.38710078304132645	0.11651259906804697	2.4963866178906247	0.38710078304132645	0.2007298723986189	5.131476986887535E-4	8.583722868544676E-9	0.18959051029895516	4.930840528281066E-4	19.31971729047164	-86.62152593880116
1101000	-3496.133053402913	-3424.061751222675	-72.07130218023784	-3424.061751222675	60.25248081766867	269.67790245332895	0.7187661478569993	0.11651259906804697	2.4963866178906247	0.38710078304132645	0.11651259906804697	2.4963866178906247	0.38710078304132645	0.19571265583012512	3.6617617105029184E-4	3.911408904972816E-9	0.16044622255417937	3.863358239475835E-4	18.157076100094564	-87.75418608796359
1102000	-3506.7107951443927	-3436.3309159295345	-70.3798792148582	-3436.3309159295345	33.425713947131996	168.67548605261774	0.7187661478569993	0.11651259906804697	2.4963866178906247	0.38710078304132645	0.11651259906804697	2.4963866178906247	0.38710078304132645	0.23816584146215078	7.058642395484301E-4	2.120531496894216E-8	0.21122431010524356	7.109651400872654E-4	17.5724563495584	-75.70282026648472
1103000	-3497.5871826731827	-3427.6312496908854	-69.95593298229743	-3427.6312496908854	35.21047263593897	172.17764962428905	0.7187661478569993	0.11651259906804697	2.4963866178906247	0.38710078304132645	0.11651259906804697	2.4963866178906247	0.38710078304132645	0.2090498340432758	5.083325151189244E-4	1.0944911525691027E-8	0.20365977289361228	5.207787846364715E-4	16.077127517053224	-76.88678801178318
1104000	-3516.5751658919603	-3428.3462563775815	-88.22890951437897	-3428.3462563775815	49.8180282677759	246.64687537921196	0.7187661478569993	0.11651259906804697	2.4963866178906247	0.38710078304132645	0.11651259906804697	2.4963866178906247	0.38710078304132645	0.2378576554969217	3.8690465882343123E-4	8.641726337365642E-9	0.2340845480230509	3.9341094362277114E-4	24.807736649100796	-85.5388773241589
1105000	-3516.554910108932	-3428.909484355062	-87.6454257538698	-3428.909484355062	50.7621954140598	230.7050601350334	0.7187661478569993	0.11651259906804697	2.4963866178906247	0.38710078304132645	0.11651259906804697	2.4963866178906247	0.38710078304132645	0.2426353251376409	3.8728832584203706E-4	1.0556310483742723E-8	0.24320454561328533	4.0605133867784244E-4	15.234283681410554	-85.50608343483107
1106000	-3505.9153037375063	-3421.692800636901	-84.22250310060492	-3421.692800636901	62.63393980667267	241.84748949527255	0.7187661478569993	0.11651259906804697	2.4963866178906247	0.38710078304132645	0.11651259906804697	2.4963866178906247	0.38710078304132645	0.2837468605619492	4.8786762493356617E-4	1.2448503704842532E-8	0.2297454863170283	4.714092803961898E-4	20.714590286806594	-80.29587343827845
1107000	-3504.511934218287	-3420.5104747860937	-84.00145943219343	-3420.5104747860937	63.51265217612627	277.16224775188664	0.7187661478569993	0.11651259906804697	2.4963866178906247	0.38710078304132645	0.11651259906804697	2.4963866178906247	0.38710078304132645	0.21202775317223313	3.213212091899754E-4	4.803786349582841E-9	0.198143844922028	3.4033688309999163E-4	24.10250360000295	-86.66395135670959
1108000	-3512.7326510482376	-3425.03687714307	-87.69577390516756	-3425.03687714307	38.43775941031935	183.10754065076068	0.7187661478569993	0.11651259906804697	2.4963866178906247	0.38710078304132645	0.11651259906804697	2.4963866178906247	0.38710078304132645	0.2322305787928836	5.784094964870959E-4	2.538114272782292E-8	0.2629592233669573	5.52551304041351E-4	16.34363673259902	-79.30424678359987
1109000	-3530.4171369039063	-3430.4692811579175	-99.94785574598865	-3430.4692811579175	62.95654400259899	259.7085671205157	0.7187661478569993	0.11651259906804697	2.3732220520231886	0.5102653489087625	0.11651259906804697	2.3732220520231886	0.5102653489087625	0.29769855733503375	3.565588257234293E-4	1.4204568206927218E-8	0.32977187693385995	3.5864058783607747E-4	22.343098357351533	-83.02092322742752
1110000	-3522.375546933498	-3428.550037431764	-93.8255095017341	-3428.550037431764	51.56659029570078	242.18256450792694	0.7187661478569993	0.11651259906804697	2.2596786110104348	0.6238087899215161	0.11651259906804697	2.2596786110104348	0.6238087899215161	0.3694506575738701	3.89138054832968E-4	1.3865615164060478E-8	0.3064256989016852	4.371525398935073E-4	26.061420267496263	-84.16660589337017
1111000	-3527.434717034303	-3430.114167480999	-97.32054955330408	-3430.114167480999	28.264615389274034	152.77576504604008	0.7187661478569993	0.11651259906804697	2.2596786110104348	0.6238087899215161	0.11651259906804697	2.2596786110104348	0.6238087899215161	0.3944920451148006	6.705137137199951E-4	8.232044992561227E-8	0.4498778172717959	6.318315625962118E-4	16.626471541714274	-76.23727275599485
1112000	-3547.266707884411	-3435.4592017605437	-111.8075061238674	-3435.4592017605437	26.221023273718362	138.3813908043252	0.7187661478569993	0.11651259906804697	2.435458548202878	0.4480288527290729	0.11651259906804697	2.435458548202878	0.4480288527290729	0.57448410671501	7.312502149940251E-4	1.0217773386136963E-7	0.4624281674473126	5.620668804667837E-4	14.918053012523496	-73.712011712315
1113000	-3534.2747536212014	-3421.2643713647344	-113.01038225646715	-3421.2643713647344	39.91103191101551	179.85077800327645	0.7187661478569993	0.11651259906804697	2.435458548202878	0.4480288527290729	0.11651259906804697	2.435458548202878	0.4480288527290729	0.45158622583332875	6.196600504585385E-4	1.0428219051076311E-7	0.5938287653535927	4.7890187962978964E-4	13.498688908931458	-79.0345872251298
1114000	-3508.2402035881846	-3422.059876954039	-86.18032663414559	-3422.059876954039	53.78924688935592	209.17977190294016	0.7187661478569993	0.11651259906804697	2.435458548202878	0.4480288527290729	0.11651259906804697	2.435458548202878	0.4480288527290729	0.31169016099961433	5.208270344624195E-4	3.328599648583729E-8	0.33901979404712784	5.52136906578004E-4	16.317654273154936	-77.81632118479214
1115000	-3499.0680928367324	-3433.712393493935	-65.35569934279737	-3433.712393493935	33.226897394007565	156.53755160267318	0.7187661478569993	0.11651259906804697	2.435458548202878	0.4480288527290729	0.11651259906804697	2.435458548202878	0.4480288527290729	0.18934953160224288	6.573774943694692E-4	1.3356516669286344E-8	0.18796454419571734	6.10663662154249E-4	12.211751138423672	-76.13110100463072
1116000	-3521.103623538872	-3429.458057976944	-91.64556556192788	-3429.458057976944	35.645858747430886	176.65466001797907	0.7187661478569993	0.11651259906804697	2.435458548202878	0.4480288527290729	0.11651259906804697	2.435458548202878	0.4480288527290729	0.33929123019692914	6.490285339236001E-4	4.342134942238439E-8	0.34906804266010055	5.992476003432597E-4	17.710522755851326	-76.9371588203787
1117000	-3521.9494655293965	-3425.1938786370642	-96.75558689233225	-3425.1938786370642	33.067331257885606	166.99476478408903	0.7187661478569993	0.11651259906804697	2.435458548202878	0.4480288527290729	0.11651259906804697	2.435458548202878	0.4480288527290729	0.35502994733123483	6.208345607969395E-4	6.818064683727999E-8	0.4372982315889466	5.760977412454312E-4	14.52259365888763	-78.31724618620024
1118000	-3515.3954191611792	-3435.2847599934116	-80.11065916776755	-3435.2847599934116	40.539279168515854	168.28779655436458	0.7187661478569993	0.11651259906804697	2.435458548202878	0.4480288527290729	0.11651259906804697	2.435458548202878	0.4480288527290729	0.3411893326454877	5.937690204468803E-4	2.844840336809473E-8	0.2885826957202185	6.168540940284726E-4	12.077718092925668	-75.77935484117462
1119000	-3515.9709515768973	-3423.753875739683	-92.21707583721451	-3423.753875739683	29.950948028891506	158.28145750546253	0.7187661478569993	0.11651259906804697	2.58369591900062	0.29979148193133076	0.11651259906804697	2.58369591900062	0.29979148193133076	0.35560621767470135	6.675590948444043E-4	8.787501975443913E-8	0.411711340598057	7.539476882590992E-4	14.478253156309433	-78.20631437480696
1120000	-3490.3794977224848	-3428.172464365567	-62.20703335691753	-3428.172464365567	40.427409483593934	200.68918172197033	0.7187661478569993	0.11651259906804697	2.58369591900062	0.29979148193133076	0.11651259906804697	2.58369591900062	0.29979148193133076	0.14294971135643383	4.8696588756005725E-4	4.849197487193796E-9	0.1430502608287868	4.969999870928371E-4	16.090994802022216	-81.71412603761924
1121000	-3510.54110695722	-3424.819453138297	-85.72165381892324	-3424.819453138297	59.99917313254667	245.19817814365138	0.7187661478569993	0.11651259906804697	2.58369591900062	0.29979148193133076	0.11651259906804697	2.58369591900062	0.29979148193133076	0.1600292944638828	3.9928080372471196E-4	8.244259113639359E-9	0.23053456352023666	3.8098745671007986E-4	22.50195199490353	-82.15238232821315
1122000	-3526.7125075085005	-3432.707136525229	-94.00537098327123	-3432.707136525229	53.704396888706995	243.60137069808312	0.7187661478569993	0.11651259906804697	2.58369591900062	0.29979148193133076	0.11651259906804697	2.58369591900062	0.29979148193133076	0.26059978987224963	3.2062313475499863E-4	1.0551613333906947E-8	0.32503952515139556	3.1119880333952484E-4	16.558656518081236	-85.81477636131623
1123000	-3516.5272662339326	-3424.887674123293	-91.63959211063947	-3424.887674123293	66.41308102182755	264.2936305281586	0.7187661478569993	0.11651259906804697	2.58369591900062	0.29979148193133076	0.11651259906804697	2.58369591900062	0.29979148193133076	0.3230281709087069	4.0322826758676925E-4	1.2874013575725178E-8	0.29089285629513395	4.2556784644203995E-4	22.07325475501452	-83.6954860249432
1124000	-3519.387240842407	-3428.0252102565146	-91.36203058589255	-3428.0252102565146	33.223122507912166	161.44158667819949	0.7187661478569993	0.11651259906804697	2.58369591900062	0.29979148193133076	0.11651259906804697	2.58369591900062	0.29979148193133076	0.43328777378613553	6.244672613073052E-4	3.8470161492418416E-8	0.3648636222730838	5.751874692356218E-4	12.3831791982622	-77.06811201454683
1125000	-3517.661173027498	-3427.844033456033	-89.81713957146512	-3427.844033456033	32.07303492482543	152.17099881687767	0.7187661478569993	0.11651259906804697	2.58369591900062	0.29979148193133076	0.11651259906804697	2.58369591900062	0.29979148193133076	0.42819356930110974	5.796290936883929E-4	5.471353652687124E-8	0.3709783112878081	6.54275383317931E-4	18.34053280073239	-74.45073862797103
1126000	-3520.349973662485	-3438.6402692807783	-81.70970438170659	-3438.6402692807783	34.769802026880896	146.12289590459497	0.7187661478569993	0.11651259906804697	2.58369591900062	0.29979148193133076	0.11651259906804697	2.58369591900062	0.29979148193133076	0.25310297122736464	7.35234381412737E-4	4.6869625224817935E-8	0.3008595317747009	6.97472335120984E-4	9.666786099732438	-73.28253012789884
1127000	-3505.2556447296092	-3431.916871329611	-73.33877339999846	-3431.916871329611	47.49708496121973	220.02181348965166	0.7187661478569993	0.11651259906804697	2.4392151137451714	0.4442722871867797	0.11651259906804697	2.4392151137451714	0.4442722871867797	0.20988417397484457	4.897422576092768E-4	9.341555841588596E-9	0.19338456034126647	5.253463983961946E-4	21.81980258698304	-80.91458395110742
1128000	-3511.3896027330647	-3425.9094255935483	-85.48017713951619	-3425.9094255935483	33.863027497086634	177.6991199317918	0.7187661478569993	0.11651259906804697	2.4392151137451714	0.4442722871867797	0.11651259906804697	2.4392151137451714	0.4442722871867797	0.26426127581194414	4.371596665393391E-4	1.6951940756311843E-8	0.2688026614233767	4.7553025901446504E-4	20.589664301821927	-78.32676934599303
1129000	-3515.244919127622	-3420.8172474480675	-94.42767167955414	-3420.8172474480675	31.031787637700297	150.65726525987185	0.7187661478569993	0.11651259906804697	2.4392151137451714	0.4442722871867797	0.11651259906804697	2.4392151137451714	0.4442722871867797	0.35068509581699836	6.912390294335419E-4	1.1222089575471107E-7	0.4846798058982426	6.582422202238349E-4	15.962866581578496	-74.02875130643329
1130000	-3516.33160058408	-3421.547386408609	-94.78421417547155	-3421.547386408609	32.046023682620024	157.03574051352044	0.7187661478569993	0.11651259906804697	2.4392151137451714	0.4442722871867797	0.11651259906804697	2.4392151137451714	0.4442722871867797	0.4530455179383705	5.909780554838409E-4	5.317086961574932E-8	0.43007146108834543	5.660488020469023E-4	17.32480380781633	-74.54328166880953
1131000	-3521.357845637645	-3425.232693996292	-96.12515164135306	-3425.232693996292	30.34299144594699	155.71719286535608	0.7187661478569993	0.11651259906804697	2.4392151137451714	0.4442722871867797	0.11651259906804697	2.4392151137451714	0.4442722871867797	0.4930113837888276	6.422800413956824E-4	1.0113639938727689E-7	0.5539647425519376	6.634263307744672E-4	16.079472340938644	-75.18338791753392
1132000	-3540.60392657077	-3424.9748514755456	-115.6290750952246	-3424.9748514755456	33.2747214399053	168.6496389518133	0.7187661478569993	0.11651259906804697	2.4392151137451714	0.4442722871867797	0.11651259906804697	2.4392151137451714	0.4442722871867797	0.544097835392974	6.285468478790965E-4	1.4441056374455153E-7	0.6433813848105098	5.477758102740437E-4	15.801385006621137	-78.11679748207426
1133000	-3521.9595385867347	-3411.362699943341	-110.59683864339374	-3411.362699943341	26.09775578706842	131.57262296532681	0.7187661478569993	0.11651259906804697	2.4392151137451714	0.4442722871867797	0.11651259906804697	2.4392151137451714	0.4442722871867797	0.7154546573686912	6.654157924649878E-4	1.980827655706114E-7	0.7036282158480242	6.664802025626193E-4	19.356038644647	-72.5325765338444
1134000	-3520.22843789286	-3416.048345732329	-104.18009216053082	-3416.048345732329	27.17756959853639	127.41838569196233	0.7187661478569993	0.11651259906804697	2.4392151137451714	0.4442722871867797	0.11651259906804697	2.4392151137451714	0.4442722871867797	0.720384823979068	8.351442874845832E-4	3.7577094698110775E-7	0.7247293022358073	0.0010033183897513336	17.54821087267653	-70.21015780236566
1135000	-3528.3282400735675	-3435.9147130480524	-92.4135270255152	-3435.9147130480524	28.40040971758769	137.5334848803371	0.7187661478569993	0.11651259906804697	2.4392151137451714	0.4442722871867797	0.11651259906804697	2.4392151137451714	0.4442722871867797	0.37335958906828987	8.479333809181442E-4	1.401243383482227E-7	0.44392730869352676	8.00617969979659E-4	12.699274911656675	-73.37072517647827
1136000	-3526.9631658906414	-3427.95133862341	-99.01182726723144	-3427.95133862341	32.79099740653915	147.2240539882269	0.7187661478569993	0.11651259906804697	2.4392151137451714	0.4442722871867797	0.11651259906804697	2.4392151137451714	0.4442722871867797	0.4490526583805905	6.556223496133328E-4	1.4506142933479512E-7	0.5389548089148744	6.62558351625408E-4	18.267460689015564	-72.64073057327111
1137000	-3512.139184302564	-3430.0378507014166	-82.10133360114737	-3430.0378507014166	36.83033244068448	163.68129356289285	0.7187661478569993	0.11651259906804697	2.4392151137451714	0.4442722871867797	0.11651259906804697	2.4392151137451714	0.4442722871867797	0.29292216863180676	5.915999893561559E-4	2.7169629775267216E-8	0.2914497863372876	5.6164195584309E-4	19.328215077951366	-76.04751600135722
1138000	-3529.4432721118324	-3423.763153878227	-105.68011823360543	-3423.763153878227	31.692414303632976	170.0327640548237	0.7187661478569993	0.11651259906804697	2.4392151137451714	0.4442722871867797	0.11651259906804697	2.4392151137451714	0.4442722871867797	0.44128846767191043	5.566115990517375E-4	4.9134340315513524E-8	0.39556186435238155	4.916274047860573E-4	20.107155234994256	-78.45607559809366
1139000	-3533.948999694556	-3433.853926486667	-100.09507320788872	-3433.853926486667	40.75652853764646	188.61073132885247	0.7187661478569993	0.11651259906804697	2.4392151137451714	0.4442722871867797	0.11651259906804697	2.4392151137451714	0.4442722871867797	0.4619743703804651	4.4006189858522636E-4	5.164929847031699E-8	0.48574965764398564	4.5776566046400505E-4	13.607464856450715	-80.49803055634116
1140000	-3535.8926362094653	-3433.1873281834087	-102.70530802605641	-3433.1873281834087	40.14231305588049	185.47026781110685	0.7187661478569993	0.11651259906804697	2.4392151137451714	0.4442722871867797	0.11651259906804697	2.4392151137451714	0.4442722871867797	0.4381132379903044	5.951993933431896E-4	8.315353201855497E-8	0.5004911301640852	5.456419109829815E-4	11.844028182867271	-80.98442749497892
1141000	-3516.0396248182647	-3430.7503159638927	-85.28930885437188	-3430.7503159638927	44.19161695802912	209.34148459823706	0.7187661478569993	0.11651259906804697	2.4392151137451714	0.4442722871867797	0.11651259906804697	2.4392151137451714	0.4442722871867797	0.21928987167096933	4.938640989618634E-4	1.3965909882275288E-8	0.24632442772809665	4.6288545168126667E-4	17.10645667919424	-81.69703616996526
1142000	-3479.8590581520702	-3428.3349722884695	-51.52408586360086	-3428.3349722884695	50.45237859001594	217.2346321606845	0.7187661478569993	0.11651259906804697	2.4392151137451714	0.4442722871867797	0.11651259906804697	2.4392151137451714	0.4442722871867797	0.09492264058244348	3.9093032092076723E-4	1.944705309955542E-9	0.11144284966129044	4.0549370327766385E-4	16.683953330044428	-81.26205837873368
1143000	-3503.907199343966	-3429.535768318839	-74.3714310251269	-3429.535768318839	43.76321248191542	207.05105430987913	0.7187661478569993	0.11651259906804697	2.5863261111146776	0.29716128981727363	0.11651259906804697	2.5863261111146776	0.29716128981727363	0.18502237274659208	5.432722655936214E-4	1.2375849153857162E-8	0.21393680478908897	5.290007016233723E-4	20.016198656049813	-80.1686663478849
1144000	-3506.123994589925	-3428.420151049153	-77.70384354077228	-3428.420151049153	46.89170165324994	190.83040151668854	0.7187661478569993	0.11651259906804697	2.5863261111146776	0.29716128981727363	0.11651259906804697	2.5863261111146776	0.29716128981727363	0.277277984672367	6.09272190399529E-4	2.3146872813830276E-8	0.2517083971580021	6.199974724370455E-4	11.29449824486098	-79.95118411591636
1145000	-3495.813965601564	-3428.2570614402875	-67.55690416127653	-3428.2570614402875	41.418696310844474	172.17328251952395	0.7187661478569993	0.11651259906804697	2.5863261111146776	0.29716128981727363	0.11651259906804697	2.5863261111146776	0.29716128981727363	0.2218872549209065	5.514425685528831E-4	1.271912532197015E-8	0.20453828514786637	5.617030375115224E-4	16.790380444286573	-74.99865325025492
1146000	-3494.3265971272363	-3428.7696434115187	-65.55695371571764	-3428.7696434115187	55.46755819638635	198.6300263768837	0.7187661478569993	0.11651259906804697	2.5863261111146776	0.29716128981727363	0.11651259906804697	2.5863261111146776	0.29716128981727363	0.180361190658516	4.853585107978213E-4	1.0293921530293697E-8	0.19529940878003527	5.043453922070107E-4	15.851622308527388	-75.27980261100282
1147000	-3511.7997494178144	-3428.3011682153983	-83.49858120241628	-3428.3011682153983	44.23976481737364	183.6248037759892	0.5973197046097443	0.11651259906804697	2.5863261111146776	0.29716128981727363	0.11651259906804697	2.5863261111146776	0.29716128981727363	0.2890613456683249	5.153489037493686E-4	2.5660085806304887E-8	0.27865825414592565	5.657032543937059E-4	12.994405745204809	-78.40382852695639
1148000	-3508.74957965754	-3435.7498201043013	-72.99975955323843	-3435.7498201043013	33.76475730515669	160.3443236422779	0.5973197046097443	0.11651259906804697	2.5863261111146776	0.29716128981727363	0.11651259906804697	2.5863261111146776	0.29716128981727363	0.2402628334320588	5.391685935874569E-4	1.300456264348437E-8	0.23934749061148786	4.8165323952659237E-4	15.633685964252857	-73.87584612825556
1149000	-3470.424570754452	-3435.929892826476	-34.49467792797582	-3435.929892826476	37.128803043513784	154.28038994206415	0.5973197046097443	0.11651259906804697	2.5863261111146776	0.29716128981727363	0.11651259906804697	2.5863261111146776	0.29716128981727363	0.08790032622819464	6.64921409426555E-4	3.583663755721358E-9	0.08681576850390306	6.917189368491904E-4	10.594232307998686	-74.29171099491353
1150000	-3465.6664321090725	-3436.0523461305875	-29.61408597848493	-3436.0523461305875	50.24797347710161	196.6843963395987	0.5892958737175034	0.11651259906804697	2.5863261111146776	0.29716128981727363	0.11651259906804697	2.5863261111146776	0.29716128981727363	0.08145782231480227	5.268925928725851E-4	1.0143968011279515E-9	0.06335069114824234	5.041549391341932E-4	13.364666690450555	-78.37453661142915
1151000	-3506.364994153172	-3446.3815218100394	-59.98347234313262	-3446.3815218100394	33.07648585394624	164.76378208633767	0.5892958737175034	0.11651259906804697	2.5863261111146776	0.29716128981727363	0.11651259906804697	2.5863261111146776	0.29716128981727363	0.16026583482855922	4.860322837754142E-4	4.797951878838266E-9	0.14296250032937713	4.779277288909026E-4	18.360616825467098	-77.4668741452629
1152000	-3508.484242567562	-3433.9517787870877	-74.53246378047432	-3433.9517787870877	35.362895233620385	145.8771372668802	0.7920744746872734	0.11651259906804697	2.5863261111146776	0.29716128981727363	0.11651259906804697	2.5863261111146776	0.29716128981727363	0.2359953047848098	7.049012642674192E-4	3.429609594289685E-8	0.2660281362637568	7.053018551807846E-4	14.2084636221876	-71.83970080398744
1153000	-3534.5690747135523	-3443.1764041221045	-91.39267059144795	-3443.1764041221045	35.96244096468731	173.7783963772144	0.7920744746872734	0.11651259906804697	2.5863261111146776	0.29716128981727363	0.11651259906804697	2.5863261111146776	0.29716128981727363	0.27782738014168534	6.349560609017026E-4	4.02005857694771E-8	0.3173538681126515	6.057913861794365E-4	11.632889556439034	-81.71383246086272
1154000	-3493.0813625799155	-3440.2673266499723	-52.814035929942996	-3440.2673266499723	42.282478577155324	169.42102793115248	0.7920744746872734	0.11651259906804697	2.5863261111146776	0.29716128981727363	0.11651259906804697	2.5863261111146776	0.29716128981727363	0.16581581034634563	6.521147117511154E-4	1.0661634069342225E-8	0.14794267940811304	7.216494805176045E-4	14.023417475885795	-73.08911760243198
1155000	-3505.2276694884836	-3438.734727383784	-66.49294210469938	-3438.734727383784	34.761688259586705	159.3414476224368	0.7920744746872734	0.11651259906804697	2.5863261111146776	0.29716128981727363	0.11651259906804697	2.5863261111146776	0.29716128981727363	0.1726004494297004	6.742772188784521E-4	1.713474508299353E-8	0.19330439481429945	6.455786996007669E-4	15.877796162160692	-73.70705714451613
1156000	-3511.4697690110147	-3428.4479916820073	-83.02177732900734	-3428.4479916820073	34.27897751187616	161.87322805325664	0.7920744746872734	0.11651259906804697	2.5863261111146776	0.29716128981727363	0.11651259906804697	2.5863261111146776	0.29716128981727363	0.3236106744575865	6.03174854785307E-4	3.196564760687652E-8	0.272875603147507	6.614878856930745E-4	21.39351679116338	-75.3336584082878
1157000	-3524.594488600651	-3425.486881689446	-99.10760691120517	-3425.486881689446	38.892084663143905	175.37889494777036	0.7920744746872734	0.11651259906804697	2.5863261111146776	0.29716128981727363	0.11651259906804697	2.5863261111146776	0.29716128981727363	0.40359705081648994	5.439605241834727E-4	3.6845167485844057E-8	0.41755989724129805	4.731689799997712E-4	20.340680891816525	-76.66139762446895
1158000	-3507.632772958114	-3433.5478970461995	-74.08487591191462	-3433.5478970461995	34.258999060740145	140.64656670639278	0.7920744746872734	0.11651259906804697	2.5863261111146776	0.29716128981727363	0.11651259906804697	2.5863261111146776	0.29716128981727363	0.2695288952292378	7.080288750477552E-4	4.654802989146411E-8	0.3061574216362132	7.039886721380725E-4	10.94181124906985	-71.23697145388077
1159000	-3524.4841816362573	-3427.5324103516573	-96.95177128459989	-3427.5324103516573	34.772625782726095	162.77360009364617	0.7920744746872734	0.11651259906804697	2.4972067920126135	0.38628060891933785	0.11651259906804697	2.4972067920126135	0.38628060891933785	0.39019890075733904	5.71887904265008E-4	8.337136341015E-8	0.46459265861725013	6.191519224830627E-4	13.025346374654104	-77.21778939527687
1160000	-3528.0891149260115	-3432.243298478032	-95.84581644797913	-3432.243298478032	35.299520021406174	162.27001844897646	0.7920744746872734	0.11651259906804697	2.4972067920126135	0.38628060891933785	0.11651259906804697	2.4972067920126135	0.38628060891933785	0.4206675991548955	7.192722063438105E-4	1.2233355024483974E-7	0.4887747038983699	7.112254195662139E-4	16.317985575197937	-75.10724333373872
1161000	-3518.418592305716	-3425.6290004562034	-92.78959184951279	-3425.6290004562034	36.52604150536247	167.08233430526028	0.7920744746872734	0.11651259906804697	2.4972067920126135	0.38628060891933785	0.11651259906804697	2.4972067920126135	0.38628060891933785	0.4746112919179243	6.874236252049809E-4	7.946470898402334E-8	0.4003592218477096	8.824487058059373E-4	14.997706671063138	-76.72489863172942
1162000	-3541.9805662785607	-3429.88687572742	-112.09369055114091	-3429.88687572742	51.509960177456236	192.73177230502492	0.7920744746872734	0.11651259906804697	2.4972067920126135	0.38628060891933785	0.11651259906804697	2.4972067920126135	0.38628060891933785	0.5150477843570204	6.385655119620423E-4	2.3609231948435465E-7	0.5714082753617898	7.152994759139697E-4	14.523451035405264	-75.19749507209697
1163000	-3494.358535346309	-3433.8659496759697	-60.492585670339466	-3433.8659496759697	45.322735382870846	207.51931312950734	0.7920744746872734	0.11651259906804697	2.4972067920126135	0.38628060891933785	0.11651259906804697	2.4972067920126135	0.38628060891933785	0.12201024181936405	4.784285607807003E-4	4.40322492386569E-9	0.13786974874609015	4.8546967206959435E-4	14.706216949604903	-82.54362512994311
1164000	-3543.7691331762294	-3441.733571874096	-102.03556130213353	-3441.733571874096	49.47720037283251	229.79236210523882	0.7920744746872734	0.11651259906804697	2.4972067920126135	0.38628060891933785	0.11651259906804697	2.4972067920126135	0.38628060891933785	0.36252601587385264	4.631744048817973E-4	3.14908680171979E-8	0.3686253499836606	4.542379557940153E-4	22.03730112090391	-84.29130861911719
1165000	-3525.3758713619454	-3431.68610215259	-93.68976920935548	-3431.68610215259	42.58583863063832	194.57417109523652	0.7920744746872734	0.11651259906804697	2.4972067920126135	0.38628060891933785	0.11651259906804697	2.4972067920126135	0.38628060891933785	0.3140076317057933	4.414008645823967E-4	2.896579980719254E-8	0.3552424072895629	5.016150295790791E-4	12.878747695462154	-83.94167592158946
1166000	-3514.071981853075	-3432.8534567595075	-81.21852509356788	-3432.8534567595075	51.68861349752634	213.19105878164152	0.7920744746872734	0.11651259906804697	2.4972067920126135	0.38628060891933785	0.11651259906804697	2.4972067920126135	0.38628060891933785	0.26351553564663255	4.8295814866573713E-4	1.7380688915632433E-8	0.2614079995558248	5.162019771848029E-4	16.13981443878113	-80.29166110093762
1167000	-3502.7409997017394	-3432.4305504275717	-70.31044927416777	-3432.4305504275717	50.8156248688214	240.16371566381972	0.7920744746872734	0.11651259906804697	2.4972067920126135	0.38628060891933785	0.11651259906804697	2.4972067920126135	0.38628060891933785	0.13564554894754458	3.7923308736496165E-4	3.2949467178156695E-9	0.1471531988217221	4.019780708468166E-4	27.511212096562105	-83.79968791202802
1168000	-3504.8423124178344	-3429.282633310342	-75.55967910749214	-3429.282633310342	38.27008685805128	198.1313970370276	0.7920744746872734	0.0756562786200671	2.5380631124605935	0.38628060891933785	0.0756562786200671	2.5380631124605935	0.38628060891933785	0.22265550062926304	5.566992585113359E-4	1.3509712200787654E-8	0.21014643926739715	5.720087668074597E-4	16.90390486147454	-82.68326930229891
1169000	-3515.6199592000175	-3425.4294782325355	-90.19048096748207	-3425.4294782325355	57.435425857166926	208.5068668694537	0.7920744746872734	0.0756562786200671	2.5380631124605935	0.38628060891933785	0.0756562786200671	2.5380631124605935	0.38628060891933785	0.30214957712602825	4.232898542558774E-4	2.2626224366473932E-8	0.3506130194681548	4.153487839532705E-4	15.6120393941324	-76.82511262980759
1170000	-3512.5416638675442	-3440.5744038483067	-71.96726001923776	-3440.5744038483067	57.9673297943507	212.55048240879694	0.7920744746872734	0.0756562786200671	2.5380631124605935	0.38628060891933785	0.0756562786200671	2.5380631124605935	0.38628060891933785	0.20852043146586002	4.7726861636693095E-4	8.70170779964724E-9	0.1888210872209662	4.82712355488641E-4	12.941168275609275	-79.6169503021515
1171000	-3507.294439510247	-3425.295346115395	-81.99909339485158	-3425.295346115395	50.21778356309673	201.9169730177226	0.7920744746872734	0.0756562786200671	2.5380631124605935	0.38628060891933785	0.0756562786200671	2.5380631124605935	0.38628060891933785	0.32447345685113965	4.5862397745511437E-4	1.662564214968351E-8	0.27190474990590363	5.131393931929232E-4	16.99187557000455	-78.58410510451888
1172000	-3524.8484638759683	-3431.0990794525133	-93.74938442345493	-3431.0990794525133	61.50743673230107	265.8538208630131	0.7920744746872734	0.0756562786200671	2.5380631124605935	0.38628060891933785	0.0756562786200671	2.5380631124605935	0.38628060891933785	0.33444415479520884	4.4500267815197046E-4	1.5047405338144432E-8	0.32867854556676246	3.863694580214785E-4	20.39693307865925	-85.16739181181059
1173000	-3506.0413046519157	-3432.66289385812	-73.37841079379574	-3432.66289385812	44.27389544815631	186.2078822838535	0.7920744746872734	0.0756562786200671	2.5380631124605935	0.38628060891933785	0.0756562786200671	2.5380631124605935	0.38628060891933785	0.19865992416912479	5.048396301116676E-4	1.0808111783978702E-8	0.2018339079958378	4.958876587978302E-4	16.225394655360187	-77.04547895954988
1174000	-3527.659054111101	-3446.9019675763184	-80.75708653478266	-3446.9019675763184	29.951548459752654	162.89001155116418	0.7920744746872734	0.0756562786200671	2.5380631124605935	0.38628060891933785	0.0756562786200671	2.5380631124605935	0.38628060891933785	0.3250182361570506	5.252638362539203E-4	1.843884218849211E-8	0.26870572783633634	5.436631409526116E-4	16.547140950718	-78.0804492749723
1175000	-3516.973059333185	-3420.2300593196605	-96.74300001352455	-3420.2300593196605	32.64972767426278	168.27738375181661	0.7920744746872734	0.0756562786200671	2.514699625059365	0.4096440963205666	0.0756562786200671	2.514699625059365	0.4096440963205666	0.40433377602751946	4.889698445567825E-4	3.887259931545665E-8	0.44094504406859103	4.2930230239644627E-4	15.985436959416587	-77.34702284237612
1176000	-3526.0824083849734	-3420.6696399521597	-105.41276843281351	-3420.6696399521597	34.706804560842485	168.17953036660927	0.7920744746872734	0.0756562786200671	2.514699625059365	0.4096440963205666	0.0756562786200671	2.514699625059365	0.4096440963205666	0.48312023344735777	5.42026658293821E-4	5.2020020605076025E-8	0.5067411468614889	4.325178916985646E-4	16.048790537930895	-77.83091020759893
1177000	-3536.5076882769536	-3421.4046858544866	-115.10300242246716	-3421.4046858544866	34.3620855617907	160.28128798887488	0.7474413559600738	0.0756562786200671	2.514699625059365	0.4096440963205666	0.0756562786200671	2.514699625059365	0.4096440963205666	0.6293934342232109	6.21546335077105E-4	2.1244254899667137E-7	0.7609965294526605	5.387498727697995E-4	13.9030417894452	-77.25247246323772
1178000	-3525.9651828959595	-3440.362266418478	-85.60291647748136	-3440.362266418478	31.775159007435306	135.79363970803075	0.7474413559600738	0.14282648065587755	2.4475294230235547	0.4096440963205666	0.14282648065587755	2.4475294230235547	0.4096440963205666	0.3582529691283069	7.754797904475732E-4	9.259396386644934E-8	0.3411100080189239	8.414503019894352E-4	13.602664387139173	-70.50579156904719
1179000	-3502.1303751567357	-3432.8623968023217	-69.26797835441414	-3432.8623968023217	38.309782486603915	185.8810065003586	0.7474413559600738	0.14282648065587755	2.4475294230235547	0.4096440963205666	0.14282648065587755	2.4475294230235547	0.4096440963205666	0.18320639348448628	7.157776761745891E-4	1.2957496523428398E-8	0.17109898658352646	6.4947206095149E-4	14.386610264036179	-81.28570186956735
1180000	-3498.4396838201465	-3428.888914799859	-69.55076902028758	-3428.888914799859	33.72543740261576	180.16004321482168	0.7474413559600738	0.14282648065587755	2.4475294230235547	0.4096440963205666	0.14282648065587755	2.4475294230235547	0.4096440963205666	0.19405040644255078	6.216609581558281E-4	1.4194432916735427E-8	0.185707747931274	6.519630077507241E-4	19.02869629902135	-79.30486489603237
1181000	-3519.4557719320946	-3428.3313696982837	-91.12440223381077	-3428.3313696982837	53.46300829915011	230.31618271532764	0.7474413559600738	0.14282648065587755	2.3953148979953367	0.46185862134878447	0.14282648065587755	2.3953148979953367	0.46185862134878447	0.32719081724728544	4.755098444108921E-4	2.2145381011480767E-8	0.29487377717047997	5.325716764019036E-4	16.33881137909157	-84.78319660068895
1182000	-3485.8461066188493	-3442.2052129497483	-43.64089366910106	-3442.2052129497483	41.92038242524046	176.69410707013853	0.7474413559600738	0.14282648065587755	2.3953148979953367	0.46185862134878447	0.14282648065587755	2.3953148979953367	0.46185862134878447	0.10508275643561965	4.480676395717002E-4	1.886355340075596E-9	0.09571156715922634	4.4420386380486726E-4	14.22721811231355	-77.07594533759648
1183000	-3493.158487015608	-3430.553351016315	-62.60513599929281	-3430.553351016315	49.40800255979251	214.80526436716343	0.7474413559600738	0.14282648065587755	2.3953148979953367	0.46185862134878447	0.14282648065587755	2.3953148979953367	0.46185862134878447	0.17736197407663848	4.381942701391422E-4	4.14656816578063E-9	0.14579995328787482	4.525454723650343E-4	20.233665342121267	-80.13068294032739
1184000	-3498.564495343527	-3429.7821625675174	-68.78233277600967	-3429.7821625675174	35.539833249410016	158.65739566217732	0.7474413559600738	0.14282648065587755	2.3953148979953367	0.46185862134878447	0.14282648065587755	2.3953148979953367	0.46185862134878447	0.1809877279049505	6.137402941621649E-4	1.5016479313001743E-8	0.20784183107405485	5.752364502012433E-4	10.812715825379643	-77.45773779230801
1185000	-3504.8514367802304	-3423.970216939738	-80.88121984049269	-3423.970216939738	44.6090833528978	196.64101005036176	0.7474413559600738	0.04741739569521079	2.4907239829560033	0.46185862134878447	0.04741739569521079	2.4907239829560033	0.46185862134878447	0.24123070132675722	4.8809123796964194E-4	1.7393993087132216E-8	0.25526704405665845	5.105013897428847E-4	18.15410863528229	-78.64520172016219
1186000	-3505.5246168331987	-3425.60585618858	-79.91876064461829	-3425.60585618858	37.19599131494418	168.39435699663417	0.7474413559600738	0.04741739569521079	2.4907239829560033	0.46185862134878447	0.04741739569521079	2.4907239829560033	0.46185862134878447	0.25978791573774923	5.978847613831302E-4	2.4116986312616255E-8	0.264018675637364	5.672165751491149E-4	13.31717209768595	-76.14680876072399
1187000	-3510.152457110121	-3422.2965977605245	-87.85585934959641	-3422.2965977605245	36.60421444498918	167.26967658826516	0.7474413559600738	0.04741739569521079	2.4907239829560033	0.46185862134878447	0.04741739569521079	2.4907239829560033	0.46185862134878447	0.3334682843803665	6.353237372619508E-4	5.642171084481879E-8	0.3757001354154862	6.413681144072548E-4	15.338550434784924	-76.36004752077498
1188000	-3473.604536884573	-3428.4188707691965	-45.18566611537632	-3428.4188707691965	36.60103971995576	173.3114431204787	0.7474413559600738	0.04741739569521079	2.4907239829560033	0.46185862134878447	0.04741739569521079	2.4907239829560033	0.46185862134878447	0.0983774872835405	5.607222891311843E-4	3.22971770940235E-9	0.10170991111669439	5.655285976243675E-4	18.348513802589665	-76.73306168786134
1189000	-3456.4550186778956	-3429.482853456207	-26.97216522168862	-3429.482853456207	43.38477880600518	216.776864372138	0.7474413559600738	0.04741739569521079	2.4907239829560033	0.46185862134878447	0.04741739569521079	2.4907239829560033	0.46185862134878447	0.04691291035425037	4.105486890038636E-4	3.7693511697119854E-10	0.04702960799745146	4.128250848804469E-4	21.26660664051674	-83.89967186427381
1190000	-3462.5810026219515	-3435.775368671567	-26.805633950384497	-3435.775368671567	45.55530798061028	215.1511214761554	0.7474413559600738	0.20793894575264432	2.4907239829560033	0.30133707129135096	0.20793894575264432	2.4907239829560033	0.30133707129135096	0.05210223517467912	4.718510491093274E-4	5.357380980699742E-10	0.049421372683301296	4.642911969983889E-4	18.960295402056783	-82.51766091030186
1191000	-3462.2617189943444	-3430.5950755191316	-31.66664347521283	-3430.5950755191316	45.624384176283954	219.3403160743728	0.7474413559600738	0.20793894575264432	2.402183630598444	0.3898774236489103	0.20793894575264432	2.402183630598444	0.3898774236489103	0.05358343084914909	4.596441618922224E-4	6.818995214617622E-10	0.05721865058779779	4.6255106977516786E-4	18.334468184501958	-82.15658389842457
1192000	-3438.064762629323	-3424.797652503212	-13.267110126111158	-3424.797652503212	56.175181668061704	240.2461705991759	0.7474413559600738	0.20793894575264432	2.402183630598444	0.3898774236489103	0.20793894575264432	2.402183630598444	0.3898774236489103	0.0311522401304537	4.381466809917607E-4	1.9849785401717984E-10	0.03230242411845712	4.354554419684139E-4	22.81772050336892	-82.92780673201692
1193000	-3479.583326130176	-3436.835277661789	-42.74804846838716	-3436.835277661789	49.849630604907965	198.24283749195627	0.7474413559600738	0.20793894575264432	2.402183630598444	0.3898774236489103	0.20793894575264432	2.402183630598444	0.3898774236489103	0.0939908960171752	5.849691292470719E-4	3.1308516869764825E-9	0.09355420803129037	5.945497397048729E-4	16.807057264788245	-77.65755241546499
1194000	-3484.3725921781484	-3430.263546022096	-54.10904615605242	-3430.263546022096	50.58018182343966	218.7799222757468	0.7474413559600738	0.3076908901588289	2.402183630598444	0.2901254792427258	0.3076908901588289	2.402183630598444	0.2901254792427258	0.08445423521049836	5.036035229045732E-4	2.560536147740508E-9	0.10480910883343607	4.7695542173522166E-4	15.042282993360738	-83.0389862296166
1195000	-3507.706926422959	-3428.6752631836166	-79.03166323934238	-3428.6752631836166	40.91373073318994	189.56452042743456	0.7474413559600738	0.2698317694375264	2.2683979979464204	0.4617702326160521	0.2698317694375264	2.2683979979464204	0.4617702326160521	0.20820582427778148	4.4215870459689234E-4	9.480165287189762E-9	0.235910710795665	4.0870473215559914E-4	13.645424788636701	-81.33617774219306
1196000	-3522.748195759363	-3429.0500231750852	-93.69817258427774	-3429.0500231750852	39.47580298625203	210.85335118575983	0.7474413559600738	0.2698317694375264	2.2683979979464204	0.4617702326160521	0.2698317694375264	2.2683979979464204	0.4617702326160521	0.2136978328060548	5.036581099601475E-4	1.709862427532476E-8	0.2821956598472731	4.506658427413827E-4	14.933978417333764	-85.73003408208449
1197000	-3514.5770971548245	-3429.6519305512543	-84.92516660357029	-3429.6519305512543	32.25752148882677	163.88401750643888	0.7474413559600738	0.2698317694375264	2.2683979979464204	0.4617702326160521	0.2698317694375264	2.2683979979464204	0.4617702326160521	0.23481160680247132	5.875975130634883E-4	2.9222372107128814E-8	0.28950472519254705	5.698824980456916E-4	14.69547978506187	-76.94380149671748
1198000	-3518.3803482829408	-3434.7448838394043	-83.63546444353655	-3434.7448838394043	31.992409246490222	170.37338857007828	0.7474413559600738	0.2698317694375264	2.2683979979464204	0.4617702326160521	0.2698317694375264	2.2683979979464204	0.4617702326160521	0.3076724899458255	6.174198361682132E-4	3.299534506871067E-8	0.2876324349134086	6.363815182426065E-4	14.859428806134783	-79.29465591057782
1199000	-3526.3826614748355	-3423.8370273846604	-102.54563409017524	-3423.8370273846604	45.80838459627941	225.44897567943295	0.7474413559600738	0.2698317694375264	2.2683979979464204	0.4617702326160521	0.2698317694375264	2.2683979979464204	0.4617702326160521	0.30432562225934756	4.755662302910965E-4	2.7915730011383557E-8	0.38087083673291416	4.0283005621500457E-4	18.77045056906888	-83.66104919187772
1200000	-3482.829246386019	-3430.10966023449	-52.71958615152873	-3430.10966023449	54.51777128269206	242.0130865667145	0.7474413559600738	0.2698317694375264	2.2683979979464204	0.4617702326160521	0.2698317694375264	2.2683979979464204	0.4617702326160521	0.10183780864835022	4.016673470256683E-4	1.5050947107255426E-9	0.09843956561340943	3.946455358040685E-4	21.875638210756893	-83.70012573708239
1201000	-3489.381584124721	-3437.5436034367144	-51.83798068800661	-3437.5436034367144	38.62951904969136	183.7675128829781	0.7474413559600738	0.2698317694375264	2.2683979979464204	0.4617702326160521	0.2698317694375264	2.2683979979464204	0.4617702326160521	0.11031728525657558	5.562241187852732E-4	4.3286246202180285E-9	0.12122734079003043	5.441310432289641E-4	14.612310048246623	-79.57707071477483
1202000	-3518.505488508124	-3442.6995321310724	-75.80595637705177	-3442.6995321310724	33.08415202731078	157.85366076521507	0.7474413559600738	0.2698317694375264	2.4119623119287796	0.31820591863369274	0.2698317694375264	2.4119623119287796	0.31820591863369274	0.27123763724646427	6.271408921979872E-4	2.6035546950668375E-8	0.2512731198780481	6.493473376923726E-4	15.389275669805311	-74.44513248069637
1203000	-3509.23878372734	-3425.660308988499	-83.5784747388409	-3425.660308988499	30.490221329594796	159.24893258918334	0.7474413559600738	0.12934121933996282	2.4119623119287796	0.45869646873125636	0.12934121933996282	2.4119623119287796	0.45869646873125636	0.24589134123959233	5.352427745416168E-4	2.0725837104615134E-8	0.26822240449441603	5.196666107092389E-4	20.7108341239784	-76.7450830795972
1204000	-3510.5167666600023	-3438.5274265334206	-71.98934012658152	-3438.5274265334206	21.934156903177385	110.33279344408679	0.7474413559600738	0.12934121933996282	2.4119623119287796	0.45869646873125636	0.12934121933996282	2.4119623119287796	0.45869646873125636	0.28519370541951095	8.450162228333952E-4	5.358144850342044E-8	0.26545709807835693	8.455835531110665E-4	10.847533602777505	-69.0923262940749
1205000	-3511.8858348686545	-3440.8133870565557	-71.07244781209855	-3440.8133870565557	24.312902503135742	123.26653996396065	0.7474413559600738	0.12934121933996282	2.4119623119287796	0.45869646873125636	0.12934121933996282	2.4119623119287796	0.45869646873125636	0.25946139747751157	8.210136805445608E-4	4.569048561185285E-8	0.2672468894476474	7.851924920872104E-4	12.056746174534913	-71.10601901173307
1206000	-3512.988800606354	-3426.4168120059653	-86.57198860038847	-3426.4168120059653	25.273107033252423	117.76075086817995	0.7474413559600738	0.12934121933996282	2.4119623119287796	0.45869646873125636	0.12934121933996282	2.4119623119287796	0.45869646873125636	0.3574991515884029	8.698535545623908E-4	1.775762569536671E-7	0.48739671581554067	8.743684174141338E-4	11.582215590530266	-69.01608954038538
1207000	-3517.4376285316275	-3424.8143580749147	-92.62327045671303	-3424.8143580749147	21.022018914985225	108.23964211581814	0.7474413559600738	0.12934121933996282	2.4119623119287796	0.45869646873125636	0.12934121933996282	2.4119623119287796	0.45869646873125636	0.47238579643810297	0.0010674711196787313	2.7176013398457834E-7	0.547462164173581	9.414568660148535E-4	11.296660846661142	-68.83304963415962
1208000	-3541.782730433988	-3423.566420476389	-118.21630995759902	-3423.566420476389	23.13051187407939	113.34343171387148	0.7474413559600738	0.12934121933996282	2.481273272655195	0.38938550800484084	0.12934121933996282	2.481273272655195	0.38938550800484084	0.6425200221790285	9.251509059069813E-4	2.7205861799615E-7	0.6040258526263997	6.532171591492197E-4	11.812394160173225	-69.05904033195704
1209000	-3528.3008239275114	-3426.958079087936	-101.34274483957567	-3426.958079087936	22.197325067611647	121.66953508751955	0.7474413559600738	0.21278008768126666	2.481273272655195	0.30594663966353697	0.21278008768126666	2.481273272655195	0.30594663966353697	0.6076419723653541	8.462309086954217E-4	1.7563208858263378E-7	0.6053462420072466	7.026701286234096E-4	13.598384857603975	-72.55045053781832
1210000	-3517.3216435530635	-3419.613266406682	-97.7083771463811	-3419.613266406682	26.35767132765427	133.09688475208037	0.7474413559600738	0.21278008768126666	2.481273272655195	0.30594663966353697	0.21278008768126666	2.481273272655195	0.30594663966353697	0.5318206411298326	7.556534439370666E-4	1.0709420620586905E-7	0.5078250973750608	6.957604166385129E-4	10.686985178420123	-74.44808279639119
1211000	-3531.703085056437	-3426.4491286664434	-105.25395638999349	-3426.4491286664434	26.920492223255938	128.7152283795687	0.7474413559600738	0.21278008768126666	2.481273272655195	0.30594663966353697	0.21278008768126666	2.481273272655195	0.30594663966353697	0.5601626055531571	7.002858652697955E-4	1.9103985209805133E-7	0.5597597063057979	7.331695737387583E-4	12.308699004118875	-69.91316466489685
1212000	-3512.4894208366986	-3434.983199138417	-77.50622169828127	-3434.983199138417	27.040792163179233	130.76071983419808	0.7474413559600738	0.21278008768126666	2.481273272655195	0.30594663966353697	0.21278008768126666	2.481273272655195	0.30594663966353697	0.32281480553780584	7.28817191106931E-4	4.747299926949383E-8	0.304954383209556	7.517222410279156E-4	12.06872204872099	-70.97800266821477
1213000	-3512.741376507191	-3429.6931014344873	-83.04827507270385	-3429.6931014344873	22.676277158623122	109.3446054934606	0.7474413559600738	0.21278008768126666	2.481273272655195	0.30594663966353697	0.21278008768126666	2.481273272655195	0.30594663966353697	0.4195506711579751	8.712077789674176E-4	1.399272461984427E-7	0.4694228061059091	8.833001421579802E-4	9.61436570582499	-67.85180821363494
1214000	-3520.8339398701964	-3437.9620456253565	-82.87189424483974	-3437.9620456253565	26.469945935140352	142.13004124502757	0.7474413559600738	0.21278008768126666	2.481273272655195	0.30594663966353697	0.21278008768126666	2.481273272655195	0.30594663966353697	0.26925661217582847	7.969732474231653E-4	5.960195310994518E-8	0.31783548201564266	7.731324949490704E-4	12.316799364809274	-75.14987292526084
1215000	-3515.3805650921295	-3426.9319023813423	-88.44866271078719	-3426.9319023813423	51.79065388894652	231.62265945288448	0.7474413559600738	0.21278008768126666	2.481273272655195	0.30594663966353697	0.21278008768126666	2.481273272655195	0.30594663966353697	0.26925661217582847	4.952272424482399E-4	1.9421117689732847E-8	0.2818730851822646	5.120229753845687E-4	14.707589134450599	-85.61879854582845
1216000	-3519.80557796878	-3426.989307376619	-92.81627059216133	-3426.989307376619	43.59918352030792	237.16970933319132	0.7474413559600738	0.03169464054110366	2.662358719795358	0.30594663966353697	0.03169464054110366	2.662358719795358	0.30594663966353697	0.2781580012438115	4.6143835536057923E-4	1.6680163376821734E-8	0.26659249631860765	5.205322092137144E-4	23.535461026994998	-85.0395419850093
1217000	-3491.31127134994	-3432.787857139772	-58.523414210167914	-3432.787857139772	50.73645591991112	207.6634761436233	0.7474413559600738	0.03169464054110366	2.662358719795358	0.30594663966353697	0.03169464054110366	2.662358719795358	0.30594663966353697	0.1561260682610333	5.567309213952065E-4	5.3947451204176244E-9	0.1307627483200664	5.857043540114941E-4	24.873076190682937	-77.64093773009039
1218000	-3533.0514674988117	-3442.301668060144	-90.74979943866754	-3442.301668060144	29.757627124949384	170.45973069346022	0.7474413559600738	0.03169464054110366	2.6728652016502057	0.2954401578086894	0.03169464054110366	2.6728652016502057	0.2954401578086894	0.3108445769146839	6.286233916135285E-4	2.908535549389599E-8	0.28945648584807243	5.522292843469879E-4	14.746272245155591	-80.98300229670866
1219000	-3528.291547739729	-3436.7600962642077	-91.53145147552144	-3436.7600962642077	47.015568623989516	188.61775227722705	0.7474413559600738	0.03169464054110366	2.6728652016502057	0.2954401578086894	0.03169464054110366	2.6728652016502057	0.2954401578086894	0.4122932517188098	5.248669056412444E-4	4.738123585694156E-8	0.3858568507887284	6.027797988256728E-4	16.634279917980887	-76.48444383783055
1220000	-3513.2495221342674	-3422.9891304064504	-90.26039172781718	-3422.9891304064504	54.87010033844986	245.89338201867878	0.7474413559600738	0.03169464054110366	2.469391477168979	0.49891388228991596	0.03169464054110366	2.469391477168979	0.49891388228991596	0.22858715721282313	4.241883101741272E-4	1.6006875749911947E-8	0.29248013174393256	4.2099425154033717E-4	16.294850815979952	-87.52770594986765
1221000	-3516.0013238021947	-3431.002122468463	-84.99920133373209	-3431.002122468463	46.97508131200693	214.96408744542524	0.7474413559600738	0.03169464054110366	2.469391477168979	0.49891388228991596	0.03169464054110366	2.469391477168979	0.49891388228991596	0.27719707067899496	4.8777204304138467E-4	1.1865437943949667E-8	0.21474381960693759	4.8058273737879606E-4	23.128629843159366	-80.03975690997046
1222000	-3507.287955897716	-3431.250476349107	-76.03747954860907	-3431.250476349107	49.784384975403846	229.5433133257481	0.7474413559600738	0.03169464054110366	2.469391477168979	0.49891388228991596	0.03169464054110366	2.469391477168979	0.49891388228991596	0.20423176777050348	5.329209545544889E-4	8.029183603784685E-9	0.17493858776487053	5.336372850507655E-4	26.008760595064917	-82.89751926521168
1223000	-3534.4593450585594	-3432.0237598143026	-102.43558524425681	-3432.0237598143026	67.58422357475175	291.89630299723154	0.7474413559600738	0.03169464054110366	2.6328552933415157	0.3354500661173791	0.03169464054110366	2.6328552933415157	0.3354500661173791	0.2653236959590791	2.8831738445086774E-4	1.0818982949382964E-8	0.30351749295783637	3.301757632049262E-4	24.55327640947531	-88.3041808658345
1224000	-3533.6131937510254	-3433.190161230587	-100.42303252043871	-3433.190161230587	50.504733476023866	249.4003049648378	0.7474413559600738	0.03169464054110366	2.6328552933415157	0.3354500661173791	0.03169464054110366	2.6328552933415157	0.3354500661173791	0.32624688212425607	3.7323311561067614E-4	2.0907517231625172E-8	0.36009650060645276	3.96938962423466E-4	19.876071602900375	-88.85081463066491
1225000	-3500.7914083642227	-3423.889156963671	-76.90225140055152	-3423.889156963671	77.37076266247183	304.2341133574567	0.7474413559600738	0.03169464054110366	2.6328552933415157	0.3354500661173791	0.03169464054110366	2.6328552933415157	0.3354500661173791	0.1729504592941519	3.2174149507282687E-4	2.4998244546470568E-9	0.1556446738378053	3.1233887507291626E-4	28.038049912388797	-85.45735510443855
1226000	-3511.59286840216	-3429.976476029592	-81.61639237256823	-3429.976476029592	66.11560212325745	290.8050739638104	0.7474413559600738	0.03169464054110366	2.6328552933415157	0.3354500661173791	0.03169464054110366	2.6328552933415157	0.3354500661173791	0.23540582527820572	2.917685177980108E-4	3.953239308377843E-9	0.2002833937176208	3.091186688083596E-4	19.619733061154264	-89.0206619376936
1227000	-3528.3084407366564	-3436.246715398667	-92.06172533798936	-3436.246715398667	33.23627553199087	188.01789116753142	0.7474413559600738	0.03169464054110366	2.6328552933415157	0.3354500661173791	0.03169464054110366	2.6328552933415157	0.3354500661173791	0.291326341220505	5.828769036750678E-4	3.845053754243401E-8	0.3327820978973717	5.739810207654988E-4	15.588311529931715	-82.61588566467526
1228000	-3499.0562291448464	-3439.5982862163205	-59.45794292852567	-3439.5982862163205	25.230335772064002	122.66204471183647	0.7474413559600738	0.03169464054110366	2.6328552933415157	0.3354500661173791	0.03169464054110366	2.6328552933415157	0.3354500661173791	0.193098769043752	7.02402012964625E-4	1.9021439938446076E-8	0.19644915414401604	7.248499116539446E-4	11.314563438395934	-69.89501496515791
1229000	-3538.6787547121767	-3431.19432921842	-107.48442549375636	-3431.19432921842	40.29213908297903	198.20898978217812	0.7474413559600738	0.03169464054110366	2.6328552933415157	0.3354500661173791	0.03169464054110366	2.6328552933415157	0.3354500661173791	0.45722982267291684	4.784665653143021E-4	5.6367316674066364E-8	0.5269307998470266	4.521817029955435E-4	19.907231471719427	-80.56945653322244
1230000	-3539.119832086326	-3424.862091450384	-114.25774063594184	-3424.862091450384	41.6881285600682	245.76682820614957	0.7474413559600738	0.03169464054110366	2.505959795846475	0.4623455636124197	0.03169464054110366	2.505959795846475	0.4623455636124197	0.47847901714129565	3.605469445221216E-4	2.0183184840382798E-8	0.4476195302567278	3.3756654058926397E-4	20.733547006045303	-90.8798191983474
1231000	-3500.1294177776126	-3430.705949002664	-69.42346877494862	-3430.705949002664	51.522314022490626	219.89798917034958	0.7474413559600738	0.03169464054110366	2.505959795846475	0.4623455636124197	0.03169464054110366	2.505959795846475	0.4623455636124197	0.2131101360326509	4.2316157621515694E-4	4.952628072867294E-9	0.16778778776074527	4.264783551100237E-4	15.308132285567234	-83.36962103117794
1232000	-3510.738382262459	-3428.672374851322	-82.0660074111372	-3428.672374851322	59.88689960239812	296.72155850256934	0.7474413559600738	0.03169464054110366	2.505959795846475	0.4623455636124197	0.03169464054110366	2.505959795846475	0.4623455636124197	0.22168955750770064	2.9815228742512584E-4	2.5651555164244214E-9	0.17410810808556235	3.1123224228106304E-4	21.055614397122344	-92.36724750628379
1233000	-3515.1078856009217	-3433.2555824433907	-81.85230315753104	-3433.2555824433907	37.269156225957204	191.38341142998402	0.7474413559600738	0.147222777732057	2.505959795846475	0.34681742642146635	0.147222777732057	2.505959795846475	0.34681742642146635	0.2732012862713431	4.7907683240496873E-4	1.0499831199360418E-8	0.22987207076977995	4.3015271047467784E-4	15.59445384259557	-82.01209364305136
1234000	-3508.896409547307	-3427.209189736984	-81.68721981032296	-3427.209189736984	40.47609648099595	200.88492117488045	0.7474413559600738	0.147222777732057	2.505959795846475	0.34681742642146635	0.147222777732057	2.505959795846475	0.34681742642146635	0.23744806346144928	5.107989922044693E-4	1.6182159103976755E-8	0.24023006794613433	5.149559172578565E-4	15.351228328998895	-81.42109503796004
1235000	-3514.5745244678255	-3423.7522187816908	-90.82230568613456	-3423.7522187816908	36.860432471815045	202.93828408518777	0.7474413559600738	0.147222777732057	2.505959795846475	0.34681742642146635	0.147222777732057	2.505959795846475	0.34681742642146635	0.2721246277441659	4.3223732873711243E-4	1.545733764811442E-8	0.2837461521546412	4.177519014238972E-4	13.480914871250954	-88.58272937637801
1236000	-3514.02232855082	-3418.223497406518	-95.79883114430194	-3418.223497406518	65.97962658766215	302.3321337278776	0.7474413559600738	0.07688770597830401	2.505959795846475	0.4171524981752193	0.07688770597830401	2.505959795846475	0.4171524981752193	0.2512519810852035	3.151812424995223E-4	7.0591579452427946E-9	0.2394771699435457	3.268301480222538E-4	22.86331896119674	-89.5420984146467
1237000	-3505.224596192689	-3425.316721203716	-79.9078749889732	-3425.316721203716	53.86496336812782	264.55167896074283	0.7474413559600738	0.07688770597830401	2.505959795846475	0.4171524981752193	0.07688770597830401	2.505959795846475	0.4171524981752193	0.20407817374117038	3.3905795071794104E-4	3.2120818143684983E-9	0.1763230276793165	3.4063461433237E-4	21.544047885556168	-88.2467291191146
1238000	-3509.5035785364466	-3442.448044140664	-67.05553439578262	-3442.448044140664	36.39885879730007	163.01394156788126	0.7474413559600738	0.07688770597830401	2.6109342896775294	0.312178004344165	0.07688770597830401	2.6109342896775294	0.312178004344165	0.2131755695795837	7.291743461987022E-4	1.8725989478366474E-8	0.19241722769507572	7.191588983642158E-4	19.678262773737192	-75.51366583521708
1239000	-3506.3159666997	-3432.4558022121028	-73.86016448759713	-3432.4558022121028	51.010007230181635	207.4908968697696	0.7474413559600738	0.07688770597830401	2.6109342896775294	0.312178004344165	0.07688770597830401	2.6109342896775294	0.312178004344165	0.19333132534275357	4.8453762806315633E-4	1.0551132619880023E-8	0.20316864473237942	5.197600083688935E-4	23.569135049684924	-78.18145341247771
1240000	-3517.353400602952	-3427.722378377136	-89.63102222581637	-3427.722378377136	47.94519775662025	213.35088188789896	0.7474413559600738	0.07688770597830401	2.481178000182957	0.4419342938387373	0.07688770597830401	2.481178000182957	0.4419342938387373	0.2475382713696734	5.599155705944108E-4	2.634399850257223E-8	0.3120056792997448	5.199883858897921E-4	20.386850080565374	-80.49262831063042
1241000	-3495.086069116783	-3427.1444932193926	-67.94157589739032	-3427.1444932193926	38.76508514788632	168.83741171611132	0.7474413559600738	0.07688770597830401	2.481178000182957	0.4419342938387373	0.07688770597830401	2.481178000182957	0.4419342938387373	0.2118399612872576	5.491842506138982E-4	1.1125057477886131E-8	0.19815614038077323	5.231911049212952E-4	12.397881740597802	-75.92899318966101
1242000	-3489.0217161654773	-3427.480962768635	-61.54075339684239	-3427.480962768635	40.59805809954283	189.18500823955347	0.7474413559600738	0.07688770597830401	2.481178000182957	0.4419342938387373	0.07688770597830401	2.481178000182957	0.4419342938387373	0.14320859216762133	5.381310882467511E-4	6.001433071325463E-9	0.14353346566302966	5.259094109564776E-4	16.77484039294443	-79.44239648816824
1243000	-3524.7291184315886	-3430.1449517105275	-94.58416672106115	-3430.1449517105275	50.18360969197143	226.69119224816066	0.7474413559600738	0.07688770597830401	2.481178000182957	0.4419342938387373	0.07688770597830401	2.481178000182957	0.4419342938387373	0.2285597555428043	4.7921675616810375E-4	1.675395393347852E-8	0.23750728369261137	4.835524074779128E-4	22.508373295265137	-81.70518354261809
1244000	-3504.7746821241612	-3431.7526324187365	-73.02204970542492	-3431.7526324187365	47.27940428814814	221.34766801882984	0.7474413559600738	0.07688770597830401	2.481178000182957	0.4419342938387373	0.07688770597830401	2.481178000182957	0.4419342938387373	0.17505142488921235	4.754303808791078E-4	6.124088914893452E-9	0.16492028855717017	4.653017284253558E-4	17.053311201422186	-84.06817652425799
1245000	-3508.467401540101	-3440.5801223814074	-67.88727915869353	-3440.5801223814074	40.88838620421839	183.2399965633203	0.7474413559600738	0.07688770597830401	2.546689853151186	0.37642244087050847	0.07688770597830401	2.546689853151186	0.37642244087050847	0.17662663026972633	5.120192073415605E-4	1.0054644218286277E-8	0.19198663237694127	5.260985691463178E-4	15.633347634706928	-78.16130933410564
1246000	-3506.1868408694095	-3426.4844433751955	-79.70239749421403	-3426.4844433751955	43.34266714649801	193.59690355111292	0.7474413559600738	0.07688770597830401	2.546689853151186	0.37642244087050847	0.07688770597830401	2.546689853151186	0.37642244087050847	0.26779332508252496	5.683738026432121E-4	2.114135969189576E-8	0.2340972179750899	6.248473299207595E-4	20.35413860350066	-79.1274789101572
1247000	-3505.2904847613813	-3423.4145911820974	-81.87589357928407	-3423.4145911820974	38.72880826395032	180.93510261699862	0.7474413559600738	0.07688770597830401	2.546689853151186	0.37642244087050847	0.07688770597830401	2.546689853151186	0.37642244087050847	0.2399031951910659	5.998220384981815E-4	2.7168006456723905E-8	0.26518150269626495	6.314077129520137E-4	16.736060952182484	-78.87689337687975
1248000	-3497.866904747839	-3433.5989052984187	-64.26799944942012	-3433.5989052984187	28.247282738341774	139.4986597476499	0.7474413559600738	0.07688770597830401	2.546689853151186	0.37642244087050847	0.07688770597830401	2.546689853151186	0.37642244087050847	0.16902744634869388	6.810107889488244E-4	1.4671054782129159E-8	0.18184860188130542	7.090137295216142E-4	21.026956945088852	-72.60387053625426
1249000	-3512.6293955118335	-3435.298308478154	-77.3310870336796	-3435.298308478154	34.25093790343288	165.5290242663903	0.7474413559600738	0.07688770597830401	2.546689853151186	0.37642244087050847	0.07688770597830401	2.546689853151186	0.37642244087050847	0.25820614642432804	8.005519755400041E-4	4.0618536190200685E-8	0.24866758314970708	8.103130971877971E-4	17.777856558927816	-75.92059591873682
1250000	-3470.9811260409742	-3433.5309670219467	-37.45015901902744	-3433.5309670219467	47.65686253188404	191.87589343976163	0.7474413559600738	0.07688770597830401	2.546689853151186	0.37642244087050847	0.07688770597830401	2.546689853151186	0.37642244087050847	0.08423791638242835	6.085091932327281E-4	2.4510721941370557E-9	0.0800389770970951	6.243635889771085E-4	17.717563654626247	-77.52643881215766
1251000	-3523.0698701548326	-3436.989064527917	-86.08080562691575	-3436.989064527917	47.72730349261552	205.98498835461663	0.7474413559600738	0.07688770597830401	2.546689853151186	0.37642244087050847	0.07688770597830401	2.546689853151186	0.37642244087050847	0.2783151057929471	5.709620572091982E-4	3.2321423422056395E-8	0.3092380714059391	5.616576008965644E-4	14.863778169214415	-80.8128566595158
1252000	-3517.1045880575016	-3426.760395125417	-90.34419293208487	-3426.760395125417	40.19875663815161	173.55710890424152	0.7474413559600738	0.07688770597830401	2.546689853151186	0.37642244087050847	0.07688770597830401	2.546689853151186	0.37642244087050847	0.38098272421366364	5.707265006589907E-4	4.143441624457043E-8	0.3802936873207885	5.275041108765578E-4	16.2842880774266	-76.06728637971953
1253000	-3525.032737044047	-3424.0407453318658	-100.99199171218126	-3424.0407453318658	52.626869116842315	220.03740705056677	0.7474413559600738	0.07688770597830401	2.546689853151186	0.37642244087050847	0.07688770597830401	2.546689853151186	0.37642244087050847	0.4731117798058716	3.272955080120346E-4	2.000020200585849E-8	0.41569006162194333	3.4786832953274873E-4	18.759257070782063	-80.9718113978619
1254000	-3503.7515392211935	-3431.2904245054	-72.46111471579347	-3431.2904245054	54.01638389267631	205.73434828343775	0.7474413559600738	0.07688770597830401	2.546689853151186	0.37642244087050847	0.07688770597830401	2.546689853151186	0.37642244087050847	0.23888049451787202	5.383846737866698E-4	1.882892543436158E-8	0.2503558705291523	5.603158874382031E-4	17.852539722368004	-76.88126850228012
1255000	-3483.7632584704415	-3426.722051609501	-57.041206860940896	-3426.722051609501	48.892061208057946	198.16700629315773	0.7474413559600738	0.07688770597830401	2.546689853151186	0.37642244087050847	0.07688770597830401	2.546689853151186	0.37642244087050847	0.14560082551473666	5.579543442089447E-4	5.3822384349653634E-9	0.13081080989956737	5.491339344277174E-4	14.924781363872729	-79.28604467818991
1256000	-3522.226415069862	-3426.436462899424	-95.78995217043823	-3426.436462899424	50.6601477851604	190.85826157450748	0.7474413559600738	0.16719685396416592	2.456380705165324	0.37642244087050847	0.16719685396416592	2.456380705165324	0.37642244087050847	0.4964905436946802	5.155068935012362E-4	5.4837114963089874E-8	0.44355062464555833	5.927077164530306E-4	13.477973162551038	-78.6706841661546
1257000	-3540.614354344228	-3417.969821811055	-122.64453253317271	-3417.969821811055	53.220104604206014	222.4376973035685	0.7474413559600738	0.16719685396416592	2.456380705165324	0.37642244087050847	0.16719685396416592	2.456380705165324	0.37642244087050847	0.47081158569573145	4.3727002111890444E-4	1.0840310732552544E-7	0.7399412597454654	3.732055073657644E-4	20.43377203391022	-81.12143695995259
1258000	-3501.54470412378	-3431.6005444225425	-69.94415970123731	-3431.6005444225425	45.06925795114626	217.92672074436817	0.7474413559600738	0.16719685396416592	2.456380705165324	0.37642244087050847	0.16719685396416592	2.456380705165324	0.37642244087050847	0.19019061588530908	4.3285333063039044E-4	5.410920638538154E-9	0.17930894849762277	4.128212169460359E-4	16.28474240977302	-82.77465490063256
1259000	-3527.1440601518093	-3428.028427250659	-99.11563290115016	-3428.028427250659	33.75033091650854	170.64872762755033	0.7474413559600738	0.16719685396416592	2.456380705165324	0.37642244087050847	0.16719685396416592	2.456380705165324	0.37642244087050847	0.40407772893865374	5.490228121606603E-4	5.969566021530215E-8	0.4189803268912653	5.892851483464838E-4	21.93030793689021	-77.73174001728344
1260000	-3543.6789734543154	-3436.6986136616065	-106.98035979270905	-3436.6986136616065	48.63160218097591	206.61661397631116	0.7474413559600738	0.16719685396416592	2.456380705165324	0.37642244087050847	0.16719685396416592	2.456380705165324	0.37642244087050847	0.44815166432352405	5.079742566639232E-4	4.5878046259464E-8	0.43866504556155506	4.5598716479849574E-4	18.254814381777575	-81.17840963585323
1261000	-3516.9459688547227	-3426.402455019238	-90.54351383548445	-3426.402455019238	33.32419993763487	151.17302445022028	0.7474413559600738	0.16719685396416592	2.456380705165324	0.37642244087050847	0.16719685396416592	2.456380705165324	0.37642244087050847	0.37325820766853196	6.701812614050983E-4	8.027761908530192E-8	0.42266750103353473	6.817649738847559E-4	13.41466570246973	-74.14502812105218
1262000	-3504.332641088438	-3425.2871006967084	-79.04554039172947	-3425.2871006967084	36.83161387753095	164.2003496242142	0.7474413559600738	0.16719685396416592	2.456380705165324	0.37642244087050847	0.16719685396416592	2.456380705165324	0.37642244087050847	0.28392872210758235	5.830176710857955E-4	3.1794492438762085E-8	0.29326329336257223	6.086608187424597E-4	14.657763448421354	-74.81221290836183
1263000	-3504.5658462415704	-3430.065306192684	-74.50054004888636	-3430.065306192684	40.794865674839535	173.83386766320066	0.7474413559600738	0.16719685396416592	2.456380705165324	0.37642244087050847	0.16719685396416592	2.456380705165324	0.37642244087050847	0.2849147905663184	4.957897492244268E-4	1.0159025045345303E-8	0.20725733178806502	4.849057383833014E-4	11.155164022575145	-79.29619637859277
1264000	-3504.904111214693	-3439.200316674785	-65.703794539908	-3439.200316674785	34.283966020285376	161.15628242269617	0.7474413559600738	0.16719685396416592	2.456380705165324	0.37642244087050847	0.16719685396416592	2.456380705165324	0.37642244087050847	0.2153453496389917	5.194725140164366E-4	8.888675686474165E-9	0.18815683427167865	4.934339552019874E-4	13.25688346185753	-75.90910218739465
1265000	-3477.0621808321607	-3431.9796456902573	-45.08253514190359	-3431.9796456902573	33.67371980962584	147.0878726146608	0.7474413559600738	0.16719685396416592	2.456380705165324	0.37642244087050847	0.16719685396416592	2.456380705165324	0.37642244087050847	0.11290758526658995	5.963875402627938E-4	4.1901563736834085E-9	0.10791232039961426	6.008148797021418E-4	20.88837725997315	-72.61173422077387
1266000	-3489.0275273977168	-3425.621570261776	-63.4059571359409	-3425.621570261776	53.7239900755761	232.48653528511483	0.7474413559600738	0.16719685396416592	2.456380705165324	0.37642244087050847	0.16719685396416592	2.456380705165324	0.37642244087050847	0.14601071162070756	4.1211833826065397E-4	3.2481476089177426E-9	0.13840340502211168	4.1879429865790304E-4	19.229994037453228	-83.336370112975
1267000	-3510.673388906419	-3417.108725118493	-93.5646637879259	-3417.108725118493	62.25602429854623	262.5527295031361	0.7474413559600738	0.16719685396416592	2.456380705165324	0.37642244087050847	0.16719685396416592	2.456380705165324	0.37642244087050847	0.24016577415545576	4.287658907846841E-4	1.4189033199683117E-8	0.27553331054331665	4.224247079263206E-4	16.877297501464987	-87.47479916663075
1268000	-3516.5948195447977	-3428.2705366535347	-88.32428289126312	-3428.2705366535347	43.41708499120514	190.77216181347015	0.7474413559600738	0.16719685396416592	2.456380705165324	0.37642244087050847	0.16719685396416592	2.456380705165324	0.37642244087050847	0.2945105677962817	4.5879456110415977E-4	2.345323717362018E-8	0.35644651069632177	4.5397349144359555E-4	14.05241731166443	-80.53664471258676
1269000	-3507.933645100344	-3422.0458437707002	-85.88780132964402	-3422.0458437707002	34.141688667493696	178.59813295862273	0.7474413559600738	0.16719685396416592	2.456380705165324	0.37642244087050847	0.16719685396416592	2.456380705165324	0.37642244087050847	0.2908297357510539	5.299844118179965E-4	1.97689065086622E-8	0.27922088167187675	5.048241033739882E-4	19.77523691405618	-78.66618048408871
1270000	-3516.0199681737945	-3433.8392143622855	-82.18075381150918	-3433.8392143622855	39.683596689637135	181.12721564985372	0.7474413559600738	0.16719685396416592	2.456380705165324	0.37642244087050847	0.16719685396416592	2.456380705165324	0.37642244087050847	0.27118666824987736	6.453387098351727E-4	2.683026809947411E-8	0.2684811401629351	6.011414758300957E-4	16.277731539868242	-78.11954250164506
1271000	-3497.3037262156404	-3435.7344436434723	-61.56928257216788	-3435.7344436434723	38.399401884490956	173.3003359362463	0.7474413559600738	0.0483708341347997	2.57520672499469	0.37642244087050847	0.0483708341347997	2.57520672499469	0.37642244087050847	0.17640997151960675	5.552675589974202E-4	7.189345060716461E-9	0.16392696271233703	5.2878280058169E-4	12.597859005129546	-78.41821337952778
1272000	-3494.2520579266798	-3434.1427046082968	-60.10935331838298	-3434.1427046082968	42.49337135006886	177.1093533999437	0.7474413559600738	0.0483708341347997	2.57520672499469	0.37642244087050847	0.0483708341347997	2.57520672499469	0.37642244087050847	0.1648168842966212	5.54155330676153E-4	7.3680530437114435E-9	0.15405268831866822	6.073033822269538E-4	16.69509378889184	-76.39677679012009
1273000	-3525.219718845767	-3426.611223955443	-98.60849489032397	-3426.611223955443	38.907056238703674	214.42006246600135	0.7474413559600738	0.1729935484426351	2.4505840106868546	0.37642244087050847	0.1729935484426351	2.4505840106868546	0.37642244087050847	0.3626555194901362	4.6218220486119116E-4	3.3656677171829085E-8	0.37436577577786545	5.027247952250677E-4	22.483920185241786	-82.79727450786544
1274000	-3520.521235204146	-3423.8259706949793	-96.69526450916631	-3423.8259706949793	50.42802242159926	232.51024057077998	0.7474413559600738	0.1729935484426351	2.551771912255077	0.27523453930228603	0.1729935484426351	2.551771912255077	0.27523453930228603	0.336394514822136	3.622150332716235E-4	9.895026504636942E-9	0.30160406022981423	3.15228816787313E-4	26.940434903188063	-82.77806011851655
1275000	-3492.3547403032053	-3432.764207387584	-59.59053291562129	-3432.764207387584	56.18198159036529	246.8262035060978	0.7474413559600738	0.04275023183676302	2.551771912255077	0.4054778559081581	0.04275023183676302	2.551771912255077	0.4054778559081581	0.1367944376513919	3.51773787695595E-4	1.561971757003919E-9	0.11512938782221709	3.502330547344661E-4	19.674228588601675	-85.28767725379468
1276000	-3515.6152108451433	-3432.353290702472	-83.26192014267134	-3432.353290702472	60.476274715188836	266.38685570844564	0.7474413559600738	0.04275023183676302	2.551771912255077	0.4054778559081581	0.04275023183676302	2.551771912255077	0.4054778559081581	0.19986846175349496	3.3810309862620537E-4	5.313820247736172E-9	0.21343115736845727	3.4307308144781453E-4	23.1828120116113	-85.65365852922352
1277000	-3512.356031299349	-3427.314597953641	-85.04143334570803	-3427.314597953641	38.144374175209755	191.63524033955304	0.7474413559600738	0.04275023183676302	2.551771912255077	0.4054778559081581	0.04275023183676302	2.551771912255077	0.4054778559081581	0.2806125629666458	5.038286995052826E-4	2.1573665358635375E-8	0.29235433847081577	4.960266059059751E-4	14.183940205389563	-81.76430607997686
1278000	-3517.487173734912	-3428.3936490537376	-89.09352468117463	-3428.3936490537376	55.37483273227836	235.79285811421357	0.7474413559600738	0.04275023183676302	2.6324528583650313	0.3247969097982038	0.04275023183676302	2.6324528583650313	0.3247969097982038	0.24883928073920858	4.175904288596898E-4	1.8667921989538707E-8	0.3116752165579872	4.3733787465707815E-4	21.65298357415381	-81.26580851348481
1279000	-3513.513645054571	-3430.7456645021075	-82.7679805524635	-3430.7456645021075	39.37338415170144	192.74887664143077	0.7474413559600738	0.04275023183676302	2.5210296457276593	0.43622012243557595	0.04275023183676302	2.5210296457276593	0.43622012243557595	0.2772484042367923	4.785002746386964E-4	1.7093527236094528E-8	0.2776050333780627	5.008530573491114E-4	13.778017152973344	-82.45071800799245
1280000	-3487.0730328584077	-3433.014355380458	-54.05867747794995	-3433.014355380458	38.895794703110674	181.2852565051706	0.7474413559600738	0.04275023183676302	2.5210296457276593	0.43622012243557595	0.04275023183676302	2.5210296457276593	0.43622012243557595	0.12784348858914435	4.894072221259443E-4	3.974094487563415E-9	0.1270205351970234	5.063146389498169E-4	15.632316748919331	-78.58766708421695
1281000	-3536.5504199421894	-3428.3007195398654	-108.2497004023238	-3428.3007195398654	44.351424530783554	195.55460051976155	0.7474413559600738	0.04275023183676302	2.5210296457276593	0.43622012243557595	0.04275023183676302	2.5210296457276593	0.43622012243557595	0.39840884407904065	3.906672497995621E-4	2.3317711156961013E-8	0.4744245159273723	2.873111363801872E-4	11.96172374358925	-83.00790234681931
1282000	-3549.5274865894553	-3423.8920646001743	-125.63542198928118	-3423.8920646001743	40.12054390939721	204.6072705190906	0.7474413559600738	0.04275023183676302	2.5210296457276593	0.43622012243557595	0.04275023183676302	2.5210296457276593	0.43622012243557595	0.6331174106721882	5.281514251681796E-4	1.1123484532555857E-7	0.6797375031180037	4.2198174262838087E-4	23.360941679718806	-80.65914033947624
1283000	-3538.593290632626	-3434.652065146353	-103.94122548627315	-3434.652065146353	41.31477522028507	175.04378515613544	0.7474413559600738	0.04275023183676302	2.5210296457276593	0.43622012243557595	0.04275023183676302	2.5210296457276593	0.43622012243557595	0.413368246990246	5.608677947885263E-4	1.1002118365504416E-7	0.6306114544462309	5.272198071994968E-4	14.062232637809771	-75.02446774029697
1284000	-3517.4282753076204	-3423.3917149761915	-94.03656033142909	-3423.3917149761915	37.20016075356878	198.77435537919007	0.7474413559600738	0.1904222762464696	2.3733576013179527	0.43622012243557595	0.1904222762464696	2.3733576013179527	0.43622012243557595	0.3451130911177976	5.160428433672203E-4	2.514856564233069E-8	0.31724394225765734	4.7571661962661515E-4	20.169052303272096	-81.07926246721335
1285000	-3552.032114618179	-3433.2924943724206	-118.73962024575839	-3433.2924943724206	55.2249636782975	274.08071418025736	0.7474413559600738	0.1904222762464696	2.3733576013179527	0.43622012243557595	0.1904222762464696	2.3733576013179527	0.43622012243557595	0.28599485194912705	3.930409185730961E-4	2.037641473980008E-8	0.44621679425577854	3.05265071703482E-4	24.35308548973326	-86.79878541766266
1286000	-3526.886649446122	-3424.968001922886	-101.91864752323615	-3424.968001922886	51.116753083832805	235.15701745374136	0.7474413559600738	0.1904222762464696	2.3733576013179527	0.43622012243557595	0.1904222762464696	2.3733576013179527	0.43622012243557595	0.40665835125981825	4.025680811210672E-4	3.1239990759306186E-8	0.4212140438523769	4.4131988419281263E-4	15.22550465947303	-86.80985998458168
1287000	-3442.9005148843216	-3432.2386049541665	-10.66190993015535	-3432.2386049541665	44.01109840387797	186.96758653565007	0.7474413559600738	0.1904222762464696	2.5669536690937633	0.2426240546597652	0.1904222762464696	2.5669536690937633	0.2426240546597652	0.04032497590690655	5.881315159399043E-4	4.1353374899725824E-10	0.034829038446078306	5.79118269660199E-4	21.17676195546861	-76.81207516659545
1288000	-3471.719379667891	-3431.65465518308	-40.06472448481082	-3431.65465518308	37.281445049244866	181.7760738732185	0.7474413559600738	0.1904222762464696	2.5669536690937633	0.2426240546597652	0.1904222762464696	2.5669536690937633	0.2426240546597652	0.09178578675649951	4.965368909038032E-4	1.842545427808057E-9	0.0841735562898789	5.143201456609656E-4	16.867284387622952	-79.31841640979825
1289000	-3483.0658152795236	-3442.6535511222987	-40.4122641572247	-3442.6535511222987	42.51681594268467	182.74253990054268	0.7474413559600738	0.1904222762464696	2.5669536690937633	0.2426240546597652	0.1904222762464696	2.5669536690937633	0.2426240546597652	0.07470631514205626	5.717191789197601E-4	2.481667397455188E-9	0.08471617317362427	5.786255616668129E-4	17.648688608351108	-75.79108128291155
1290000	-3507.081055221817	-3445.6144542165325	-61.466601005284566	-3445.6144542165325	37.30431528328556	153.2476796279894	0.7474413559600738	0.1904222762464696	2.5669536690937633	0.2426240546597652	0.1904222762464696	2.5669536690937633	0.2426240546597652	0.15521438904303322	7.764863980692679E-4	1.748610245206803E-8	0.16186702627731053	8.096386065207571E-4	17.648688608351108	-72.66593782020963
1291000	-3526.2792495021117	-3439.668395045215	-86.61085445689656	-3439.668395045215	35.209996622680336	155.48235652306724	0.7474413559600738	0.1904222762464696	2.5669536690937633	0.2426240546597652	0.1904222762464696	2.5669536690937633	0.2426240546597652	0.3357370756018832	5.330249032981099E-4	2.464186882208583E-8	0.30314163554509715	4.810991895812086E-4	18.539013566777683	-73.62674189294225
1292000	-3491.520227552818	-3435.428619658967	-56.091607893851055	-3435.428619658967	50.30663468110765	206.67998262268438	0.7474413559600738	0.1904222762464696	2.5669536690937633	0.2426240546597652	0.1904222762464696	2.5669536690937633	0.2426240546597652	0.16982572354081268	4.6075354441437176E-4	3.251429910464367E-9	0.12742086308457576	4.643765157321823E-4	19.119987843853753	-77.88499638204692
1293000	-3494.879766141693	-3442.5690665338125	-52.310699607880416	-3442.5690665338125	62.55039794919091	231.0401250814122	0.7474413559600738	0.1904222762464696	2.5669536690937633	0.2426240546597652	0.1904222762464696	2.5669536690937633	0.2426240546597652	0.12522384032697	4.888533151609556E-4	3.208498468263227E-9	0.11759437102279667	4.89435283701832E-4	13.998090117434966	-82.38806485488239
1294000	-3499.563613152395	-3436.151212596743	-63.4124005556522	-3436.151212596743	54.45323139731602	230.98596072548196	0.7474413559600738	0.1904222762464696	2.5669536690937633	0.2426240546597652	0.1904222762464696	2.5669536690937633	0.2426240546597652	0.15198005611843757	4.905949087296595E-4	4.038113201677072E-9	0.13288912796962948	5.002550573885022E-4	26.888633417002644	-81.57727069910597
1295000	-3491.3979819839483	-3424.731599751844	-66.66638223210443	-3424.731599751844	52.059198210884254	225.23020794848875	0.7474413559600738	0.1904222762464696	2.5669536690937633	0.2426240546597652	0.1904222762464696	2.5669536690937633	0.2426240546597652	0.14687265850131473	4.8413981289136964E-4	5.475967319143185E-9	0.15104998399337874	4.930089671056069E-4	21.362452130403945	-82.18216993843825
1296000	-3511.3035623716	-3431.002396071028	-80.30116630057199	-3431.002396071028	51.206116327989726	248.26479825817208	0.7474413559600738	0.1904222762464696	2.5669536690937633	0.2426240546597652	0.1904222762464696	2.5669536690937633	0.2426240546597652	0.23944251497863056	4.116724174969709E-4	7.268466265716197E-9	0.20414967560508615	4.3605374279416184E-4	19.982082603056927	-85.97011024617422
1297000	-3505.1947844220736	-3425.5947152059016	-79.60006921617196	-3425.5947152059016	54.984056075328	267.7768208203348	0.7474413559600738	0.1904222762464696	2.5669536690937633	0.2426240546597652	0.1904222762464696	2.5669536690937633	0.2426240546597652	0.1857093538088109	3.368376024721259E-4	3.8429223794553285E-9	0.1823431763594483	3.345405688847141E-4	23.56856376928757	-88.13156974442893
1298000	-3511.092798798849	-3429.743729172921	-81.34906962592773	-3429.743729172921	73.07837783253579	286.58553710437	0.7474413559600738	0.1904222762464696	2.5669536690937633	0.2426240546597652	0.1904222762464696	2.5669536690937633	0.2426240546597652	0.17820306575335798	4.4533180916418453E-4	8.066910539243424E-9	0.1969484553212947	4.4819301772549907E-4	24.864899887568956	-84.50858938194555
1299000	-3531.7922891663666	-3432.6479792723485	-99.1443098940179	-3432.6479792723485	41.586135013314525	226.82962098038476	0.7474413559600738	0.1904222762464696	2.5669536690937633	0.2426240546597652	0.1904222762464696	2.5669536690937633	0.2426240546597652	0.2940446643240869	5.481144869735041E-4	3.115873748665151E-8	0.31079526181480194	5.567541452094505E-4	22.922470094830167	-84.55894238336789
1300000	-3510.9902892018204	-3425.7348394040505	-85.25544979776967	-3425.7348394040505	65.07277311567843	254.4502930091471	0.7474413559600738	0.1904222762464696	2.5669536690937633	0.2426240546597652	0.1904222762464696	2.5669536690937633	0.2426240546597652	0.2516320934198485	3.690518706933389E-4	1.1266223393586926E-8	0.27043781250275606	4.2627778795850614E-4	19.998856874461005	-83.10079580858866
1301000	-3520.1434494729133	-3429.264081453995	-90.8793680189185	-3429.264081453995	37.66506326200344	198.0341193336275	0.7474413559600738	0.11126688907258789	2.646109056267645	0.2426240546597652	0.11126688907258789	2.646109056267645	0.2426240546597652	0.3221029105701735	5.286089854061577E-4	2.214116788574102E-8	0.30290656496379964	4.7242633154119843E-4	20.670400885591555	-80.74579779079401
1302000	-3502.356064735565	-3423.910965721671	-78.44509901389398	-3423.910965721671	44.041500602505685	207.3546957486939	0.7474413559600738	0.11126688907258789	2.646109056267645	0.2426240546597652	0.11126688907258789	2.646109056267645	0.2426240546597652	0.2600942657198316	4.361396371035477E-4	1.0875674169606929E-8	0.2220851940069296	4.710535493275059E-4	17.62982273385078	-81.08475021545894
1303000	-3521.3698811899885	-3426.953847837108	-94.41603335288062	-3426.953847837108	72.17458394539938	283.61762251166095	0.7474413559600738	0.11126688907258789	2.646109056267645	0.2426240546597652	0.11126688907258789	2.646109056267645	0.2426240546597652	0.29021312697449486	3.813305946268919E-4	9.953077229057978E-9	0.21692339893463483	4.2246378476234456E-4	23.68358435350701	-84.59397308188264
1304000	-3503.519077243783	-3431.4538457728527	-72.06523147093066	-3431.4538457728527	43.845723229100315	215.71311835566928	0.7474413559600738	0.11126688907258789	2.646109056267645	0.2426240546597652	0.11126688907258789	2.646109056267645	0.2426240546597652	0.2010119080746431	4.542295333348549E-4	5.885622304316454E-9	0.17887379527314434	4.4330542985209664E-4	16.752835552937377	-84.60749291317094
1305000	-3498.1232564502266	-3427.8540424904336	-70.26921395979278	-3427.8540424904336	40.187889221793725	174.02505466899694	0.7474413559600738	0.11126688907258789	2.646109056267645	0.2426240546597652	0.11126688907258789	2.646109056267645	0.2426240546597652	0.24218224771011096	5.341113534814004E-4	1.5343421302481225E-8	0.2126881180635861	5.789828851673518E-4	17.2187552026895	-75.53207238856446
1306000	-3509.5175658385474	-3428.6629780204144	-80.85458781813321	-3428.6629780204144	41.06623964345045	164.83775718330892	0.7474413559600738	0.11126688907258789	2.646109056267645	0.2426240546597652	0.11126688907258789	2.646109056267645	0.2426240546597652	0.31376182624770654	6.794845561150183E-4	4.540574942432401E-8	0.3128893942124236	6.736444544117295E-4	13.351018423672391	-73.76125772825299
1307000	-3519.006193340462	-3434.611071167804	-84.39512217265799	-3434.611071167804	37.25646192524849	138.92330988959768	0.7474413559600738	0.11126688907258789	2.646109056267645	0.2426240546597652	0.11126688907258789	2.646109056267645	0.2426240546597652	0.38554217016964815	6.995147685013104E-4	1.1520925938664584E-7	0.4190607963860633	8.218256475398625E-4	10.840409639832272	-67.60236317764904
1308000	-3525.6011746658187	-3426.845564630655	-98.75561003516368	-3426.845564630655	45.75218303401443	173.40712857994095	0.7474413559600738	0.11126688907258789	2.646109056267645	0.2426240546597652	0.11126688907258789	2.646109056267645	0.2426240546597652	0.554311139766319	5.964547337461618E-4	1.9548718289468814E-7	0.5915330031172756	7.730501893350179E-4	13.83771182769615	-72.01393852610502
1309000	-3504.4603266795402	-3427.8634771043553	-76.59684957518496	-3427.8634771043553	38.68368350137385	162.47096688322807	0.7474413559600738	0.04471744959979375	2.646109056267645	0.30917349413255935	0.04471744959979375	2.646109056267645	0.30917349413255935	0.3069320783529493	5.985297594399723E-4	3.562462112756188E-8	0.290769717466858	6.881184514035415E-4	11.464593123570053	-75.5332063582534
1310000	-3515.0242871818095	-3428.6410375253413	-86.38324965646825	-3428.6410375253413	63.727555272018556	253.58726310359188	0.7474413559600738	0.04471744959979375	2.601922816701174	0.3533597336990302	0.04471744959979375	2.601922816701174	0.3533597336990302	0.20742255730264914	3.6018050310698905E-4	7.903037286723879E-9	0.25494213687880857	3.2771982860597834E-4	18.70554762929984	-82.95318280464102
1311000	-3519.688598012685	-3434.0384621250564	-85.65013588762851	-3434.0384621250564	29.52683394962869	163.4568184164385	0.7474413559600738	0.04471744959979375	2.601922816701174	0.3533597336990302	0.04471744959979375	2.601922816701174	0.3533597336990302	0.32106208894330773	5.883282043407165E-4	2.7103364786880477E-8	0.32159653562345	5.0384326913218E-4	18.587748386951354	-77.36968110015995
1312000	-3507.923231431406	-3429.460675423187	-78.46255600821884	-3429.460675423187	29.57110778067428	160.69871167433377	0.7474413559600738	0.04471744959979375	2.601922816701174	0.3533597336990302	0.04471744959979375	2.601922816701174	0.3533597336990302	0.2788059301324392	5.787533701119975E-4	2.0554801345261072E-8	0.25099563398874664	5.698452192198682E-4	20.63552137612461	-76.73012000280545
1313000	-3531.4056691948276	-3430.1110396809627	-101.29462951386499	-3430.1110396809627	38.19050686926411	195.74183245963184	0.7474413559600738	0.04471744959979375	2.601922816701174	0.3533597336990302	0.04471744959979375	2.601922816701174	0.3533597336990302	0.34360137616053577	4.4327679285465936E-4	4.785264915534556E-8	0.4523181876161757	5.00778629449816E-4	22.354375355986935	-80.38549129187587
1314000	-3528.15233416287	-3428.2230486549765	-99.92928550789341	-3428.2230486549765	35.83790973232751	170.05764869540485	0.7474413559600738	0.04471744959979375	2.601922816701174	0.3533597336990302	0.04471744959979375	2.601922816701174	0.3533597336990302	0.4015047275201124	5.971478288461905E-4	7.484660211699254E-8	0.4264521121733289	6.129169781354504E-4	23.123326591647626	-76.58148931709616
1315000	-3519.432160134566	-3422.8959913924095	-96.53616874215649	-3422.8959913924095	29.258506146126752	150.01876668457845	0.7474413559600738	0.04471744959979375	2.4146298194516715	0.5406527309485326	0.04471744959979375	2.4146298194516715	0.5406527309485326	0.5493352912158047	6.482151942830679E-4	7.183722770560915E-8	0.441270732778165	6.762686395135243E-4	13.854530140396243	-75.12634645022032
1316000	-3521.199276245696	-3444.9435215879607	-76.25575465773562	-3444.9435215879607	33.02657072329117	159.7260800304448	0.7474413559600738	0.04471744959979375	2.4146298194516715	0.5406527309485326	0.04471744959979375	2.4146298194516715	0.5406527309485326	0.2739319351469312	7.869773204419229E-4	3.725165470373482E-8	0.26003480235331294	7.687384905987002E-4	14.666715594971471	-76.21703200641046
1317000	-3519.435860295441	-3429.561045283534	-89.87481501190733	-3429.561045283534	42.306121904421225	190.92529303809633	0.7474413559600738	0.04471744959979375	2.502789976475069	0.4524925739251349	0.04471744959979375	2.502789976475069	0.4524925739251349	0.306312132201935	5.056546070031085E-4	3.833162647025382E-8	0.3624312918890777	5.642151060366405E-4	21.858143867245417	-76.34661071903182
1318000	-3538.602590519173	-3434.030161076434	-104.57242944273933	-3434.030161076434	52.2866373828898	238.49462991233125	0.7474413559600738	0.04471744959979375	2.502789976475069	0.4524925739251349	0.04471744959979375	2.502789976475069	0.4524925739251349	0.683551955801264	4.882763118451916E-4	8.304855404258806E-8	0.5192693412697323	7.440424356906374E-4	17.597011627172957	-84.32091115305295
1319000	-3512.203921408085	-3423.723965255504	-88.47995615258095	-3423.723965255504	37.74343127666594	202.98102942365733	0.7474413559600738	0.157135389821629	2.390372036253234	0.4524925739251349	0.157135389821629	2.390372036253234	0.4524925739251349	0.25239586801675223	4.7195743884930825E-4	1.4408476116939035E-8	0.2862685658680052	4.0112908292719946E-4	16.865507601866998	-83.51109256198728
1320000	-3530.7651849156096	-3425.827953070746	-104.9372318448636	-3425.827953070746	33.320935422055875	178.3603172773448	0.7474413559600738	0.157135389821629	2.390372036253234	0.4524925739251349	0.157135389821629	2.390372036253234	0.4524925739251349	0.42289762737092307	6.926037517032576E-4	6.645017779970621E-8	0.44959872761790515	5.514766533247848E-4	12.980324834846787	-81.89457504588924
1321000	-3534.193741347605	-3427.7262796172163	-106.46746173038856	-3427.7262796172163	31.081372285003738	164.13178984387542	0.7474413559600738	0.0596161898977908	2.487891236177072	0.4524925739251349	0.0596161898977908	2.487891236177072	0.4524925739251349	0.5079067997787653	5.200122765886863E-4	4.071036994184167E-8	0.4480706015281211	4.3934885305040836E-4	16.56535830260481	-77.42159332171843
1322000	-3524.2268783248605	-3424.1582824262796	-100.06859589858104	-3424.1582824262796	50.695207421991185	209.43173315116388	0.7474413559600738	0.0596161898977908	2.592128973835508	0.34825483626669873	0.0596161898977908	2.592128973835508	0.34825483626669873	0.27937070170550043	4.983850515028001E-4	2.703231232157201E-8	0.34845464844891677	4.5775902912835773E-4	21.89426399153639	-78.43020076401622
1323000	-3505.4997792265654	-3429.798803768385	-75.70097545818042	-3429.798803768385	46.14382918827777	222.59858663823482	0.7474413559600738	0.0596161898977908	2.5023005727674716	0.438083237334735	0.0596161898977908	2.5023005727674716	0.438083237334735	0.2263911427788124	3.8123998139812337E-4	5.54959775254655E-9	0.20148304399860725	3.7890349196193754E-4	19.888298709252297	-83.03088367392422
1324000	-3507.2559709475654	-3431.167644492987	-76.08832645457808	-3431.167644492987	44.489154847165835	191.41481769376077	0.7474413559600738	0.16417255662403368	2.5023005727674716	0.33352687060849207	0.16417255662403368	2.5023005727674716	0.33352687060849207	0.17312522812544895	5.288467000715945E-4	1.4217862290641395E-8	0.21676067417646427	5.377927728813487E-4	20.155003546677616	-77.34210292899603
1325000	-3508.5424008668388	-3438.8904567738196	-69.65194409301942	-3438.8904567738196	55.26669292073381	228.67036327604802	0.858247167386245	0.16417255662403368	2.5023005727674716	0.33352687060849207	0.16417255662403368	2.5023005727674716	0.33352687060849207	0.15489446256298164	5.027319722764854E-4	6.515704361776522E-9	0.16743703110637545	4.923231017242965E-4	19.70743312491951	-81.5042425797465
1326000	-3519.3774320018188	-3432.6962413470314	-86.68119065478723	-3432.6962413470314	69.81237984751378	282.6262655298332	0.858247167386245	0.012546359054549427	2.653926770336956	0.33352687060849207	0.012546359054549427	2.653926770336956	0.33352687060849207	0.23428373042161466	3.751883945942649E-4	7.566175940713168E-9	0.2169932686746808	3.933313598031673E-4	27.200342533453835	-84.81602232133636
1327000	-3514.785624730458	-3430.954906048256	-83.83071868220203	-3430.954906048256	67.41719118801099	263.80007853498296	0.858247167386245	0.012546359054549427	2.653926770336956	0.33352687060849207	0.012546359054549427	2.653926770336956	0.33352687060849207	0.2129880072368499	4.43146073954286E-4	7.641728729163934E-9	0.2019031507642137	3.99791096394694E-4	18.756576322036032	-82.78641522695838
1328000	-3479.908648382392	-3443.8098162020883	-36.09883218030371	-3443.8098162020883	53.38736644788692	196.68901459786184	0.858247167386245	0.012546359054549427	2.653926770336956	0.33352687060849207	0.012546359054549427	2.653926770336956	0.33352687060849207	0.09864198473306772	4.76232021823704E-4	1.6495349350084084E-9	0.0823115998716602	4.897009264661843E-4	15.214566293866584	-75.5611968751149
1329000	-3462.5686324296903	-3437.320709091408	-25.247923338282266	-3437.320709091408	55.08365419725663	251.50654080013047	0.858247167386245	0.012546359054549427	2.553297963807758	0.4341556771376897	0.012546359054549427	2.553297963807758	0.4341556771376897	0.05272316637032994	4.5861540730196467E-4	4.1559926788302333E-10	0.04458089087083045	4.5788248027675414E-4	18.407798026637053	-85.47892002240495
1330000	-3482.1381399242364	-3436.798984719429	-45.339155204807305	-3436.798984719429	52.02843080368458	238.78807411172755	0.706738732540845	0.012546359054549427	2.553297963807758	0.4341556771376897	0.012546359054549427	2.553297963807758	0.4341556771376897	0.07991566420147551	3.164483212291411E-4	5.561766743852769E-10	0.07365012589536893	3.13522129894572E-4	15.79797284835234	-86.96273518583692
1331000	-3532.067867855099	-3442.110812864533	-89.957054990566	-3442.110812864533	43.87275200988692	228.7728293040029	0.706738732540845	0.012546359054549427	2.553297963807758	0.4341556771376897	0.012546359054549427	2.553297963807758	0.4341556771376897	0.2498217326214182	4.8668218706086154E-4	2.3432868546658355E-8	0.31135815713861476	5.091357363624558E-4	21.879360282808783	-83.820497693479
1332000	-3543.1114413601395	-3439.3677909760754	-103.74365038406404	-3439.3677909760754	49.78186158057724	235.59424631164822	0.706738732540845	0.012546359054549427	2.553297963807758	0.4341556771376897	0.012546359054549427	2.553297963807758	0.4341556771376897	0.3393758601362222	4.71892937968227E-4	2.3239573833835583E-8	0.3645812791955283	3.966712649370715E-4	24.078506506253053	-83.73831395544128
1333000	-3525.0914650043383	-3438.7402259010755	-86.35123910326293	-3438.7402259010755	39.71749277213369	176.50313598303916	0.706738732540845	0.012546359054549427	2.553297963807758	0.4341556771376897	0.012546359054549427	2.553297963807758	0.4341556771376897	0.3611281062388606	5.606361706531342E-4	3.063209943396478E-8	0.29262444903995055	6.212391147582935E-4	21.23994046488843	-76.00918445799819
1334000	-3511.18618615189	-3432.671799691025	-78.51438646086493	-3432.671799691025	41.75487118160548	186.6960723751292	0.706738732540845	0.012546359054549427	2.553297963807758	0.4341556771376897	0.012546359054549427	2.553297963807758	0.4341556771376897	0.2595117285045903	5.476803119304133E-4	1.5641173321115064E-8	0.23561938511583044	5.41071818704402E-4	21.547718558663483	-77.81331908009358
1335000	-3474.8211360312716	-3436.754889899297	-38.06624613197473	-3436.754889899297	30.959395729247607	154.05673518261386	0.706738732540845	0.23949727879076554	2.553297963807758	0.2072047574014736	0.23949727879076554	2.553297963807758	0.2072047574014736	0.07618667879824105	6.379952710131053E-4	2.988066140269545E-9	0.08262825608285056	6.709572758156111E-4	20.25279491403311	-75.04153043650314
1336000	-3529.0074801966834	-3437.408537694601	-91.59894250208275	-3437.408537694601	61.615923444684626	255.32960973156526	0.706738732540845	0.23949727879076554	2.553297963807758	0.2072047574014736	0.23949727879076554	2.553297963807758	0.2072047574014736	0.2591755259878815	4.248208133686071E-4	1.6503753113230955E-8	0.28153006404345426	4.3588021529990706E-4	22.328697106841016	-83.83137305178762
1337000	-3489.3660366769086	-3431.627149463635	-57.738887213273664	-3431.627149463635	59.687571778660434	264.85145520324306	0.706738732540845	0.23949727879076554	2.553297963807758	0.2072047574014736	0.23949727879076554	2.553297963807758	0.2072047574014736	0.09584850995490278	4.0535597666576637E-4	1.7731622235273323E-9	0.10636477838971031	3.995154294944013E-4	18.96279817952385	-87.51470467145242
1338000	-3521.093333800874	-3432.9271138982995	-88.16621990257443	-3432.9271138982995	44.83029852354083	233.0938338406413	0.706738732540845	0.23949727879076554	2.553297963807758	0.2072047574014736	0.23949727879076554	2.553297963807758	0.2072047574014736	0.2499855290941889	4.131380863326926E-4	1.1776402507454935E-8	0.265751915816626	4.4752600410421676E-4	23.94636123788625	-84.31498963860449
1339000	-3507.5643593560417	-3438.098541480162	-69.46581787587948	-3438.098541480162	53.10802743487489	240.8973756201438	0.706738732540845	0.09130939398079366	2.7014858486177302	0.2072047574014736	0.09130939398079366	2.7014858486177302	0.2072047574014736	0.1965914570415494	4.7790457739278763E-4	5.3340646694432806E-9	0.1563697560245447	4.683100513081775E-4	19.089370230199833	-84.43135718237222
1340000	-3517.4767611003426	-3438.3576786634444	-79.11908243689837	-3438.3576786634444	32.29701027106014	181.3174229634824	0.706738732540845	0.09130939398079366	2.7014858486177302	0.2072047574014736	0.09130939398079366	2.7014858486177302	0.2072047574014736	0.20728610303798303	6.270105579255643E-4	2.1017338478058157E-8	0.23525712501190083	6.129600493918044E-4	17.380601611835854	-81.08770913464853
1341000	-3522.3943820620784	-3430.050348645641	-92.34403341643741	-3430.050348645641	32.98211666241278	177.13645185490907	0.706738732540845	0.09130939398079366	2.7014858486177302	0.2072047574014736	0.09130939398079366	2.7014858486177302	0.2072047574014736	0.37046257081615963	5.606120610897392E-4	3.317810069536533E-8	0.3401367781345567	5.35644387654127E-4	14.249301544850463	-80.53949111849434
1342000	-3514.3080590296754	-3424.8557457195975	-89.45231331007778	-3424.8557457195975	31.722326312536296	152.95423720249036	0.706738732540845	0.09130939398079366	2.54889232343071	0.3597982825884935	0.09130939398079366	2.54889232343071	0.3597982825884935	0.3781047547342824	6.813567757580341E-4	4.783834621821391E-8	0.3554663153924095	6.712640531813421E-4	17.652804257959566	-74.20534012412315
1343000	-3516.665640377176	-3431.468952196072	-85.19668818110364	-3431.468952196072	30.271490189902867	152.33092160492984	0.706738732540845	0.09130939398079366	2.54889232343071	0.3597982825884935	0.09130939398079366	2.54889232343071	0.3597982825884935	0.31773572086681995	7.056772922626055E-4	3.721230980069334E-8	0.3121074495864828	5.90676887425345E-4	11.577553568190663	-77.61498457543564
1344000	-3519.2784187694892	-3425.8946642899805	-93.38375447950855	-3425.8946642899805	32.366663235159635	155.95341343599438	0.706738732540845	0.09130939398079366	2.54889232343071	0.3597982825884935	0.09130939398079366	2.54889232343071	0.3597982825884935	0.3740804838607331	6.59267121761357E-4	7.917157135669628E-8	0.3996520396485877	6.711026450860005E-4	14.909450738407555	-75.51328446445787
1345000	-3511.1188857108978	-3435.2662154753903	-75.85267023550745	-3435.2662154753903	34.99541209227846	160.8551459555617	0.706738732540845	0.09130939398079366	2.54889232343071	0.3597982825884935	0.09130939398079366	2.54889232343071	0.3597982825884935	0.2350997744491763	5.760285350955636E-4	2.2765997428738716E-8	0.2548057248082732	5.879031957629644E-4	16.342202632053	-75.36612511843242
1346000	-3478.976000254692	-3440.6205581748977	-38.35544207979394	-3440.6205581748977	45.97767267934883	181.74741403249675	0.706738732540845	0.09130939398079366	2.54889232343071	0.3597982825884935	0.09130939398079366	2.54889232343071	0.3597982825884935	0.09963786676022021	4.7935038931057566E-4	1.7516303099237726E-9	0.08919742984246727	4.7099681035909856E-4	18.096573920769302	-74.8862761981884
1347000	-3514.910795958847	-3427.964894213	-86.94590174584683	-3427.964894213	50.7329959081706	211.26851898305546	0.706738732540845	0.09130939398079366	2.54889232343071	0.3597982825884935	0.09130939398079366	2.54889232343071	0.3597982825884935	0.28762626369184857	4.041446190565523E-4	1.4925297390825047E-8	0.30904570797463415	3.9146187848577643E-4	17.48865160753431	-79.93440396521723
1348000	-3522.8115932128917	-3432.4302506035024	-90.38134260938922	-3432.4302506035024	30.866865182211313	149.8913266533558	0.706738732540845	0.09130939398079366	2.54889232343071	0.3597982825884935	0.09130939398079366	2.54889232343071	0.3597982825884935	0.44231146389871645	5.579200995476416E-4	3.8518594791044075E-8	0.3698500272196301	5.300059236515358E-4	12.759955058694002	-75.65090611262546
1349000	-3519.9488623111615	-3434.0946928845888	-85.85416942657261	-3434.0946928845888	44.28356798974633	179.74631960409744	0.706738732540845	0.09130939398079366	2.54889232343071	0.3597982825884935	0.09130939398079366	2.54889232343071	0.3597982825884935	0.3656230425073992	5.926411669602834E-4	3.6534746415166814E-8	0.3201782449882704	6.106768626794369E-4	19.522692972100607	-75.55557989636306
1350000	-3497.718502971317	-3433.596997955728	-64.12150501558892	-3433.596997955728	36.08315575859162	166.37869134971635	0.706738732540845	0.09130939398079366	2.54889232343071	0.3597982825884935	0.09130939398079366	2.54889232343071	0.3597982825884935	0.18162184799552156	6.650128440736157E-4	1.4551177469114807E-8	0.18308276984839997	6.768247271615611E-4	16.589215958956448	-75.89061078524405
1351000	-3509.3968527551397	-3422.953436249666	-86.44341650547338	-3422.953436249666	40.87831365454466	186.86057763317245	0.706738732540845	0.09130939398079366	2.54889232343071	0.3597982825884935	0.09130939398079366	2.54889232343071	0.3597982825884935	0.2911557782049727	5.018785602753419E-4	1.846065060776666E-8	0.26418092964539575	4.959770204251621E-4	20.427646139418858	-78.08749065948207
1352000	-3510.1510484937808	-3426.8804770399433	-83.27057145383742	-3426.8804770399433	36.31609569657039	186.02562991418915	0.706738732540845	0.09130939398079366	2.6619761804751305	0.2467144255440733	0.09130939398079366	2.6619761804751305	0.2467144255440733	0.25325647369917603	6.279591078621733E-4	2.8015140372766486E-8	0.27564562670333725	6.01183826721751E-4	19.809286517433453	-79.41137011491149
1353000	-3527.633001038859	-3429.5262391592946	-98.10676187956477	-3429.5262391592946	44.842553282008794	194.87993692107628	0.706738732540845	0.09130939398079366	2.6619761804751305	0.2467144255440733	0.09130939398079366	2.6619761804751305	0.2467144255440733	0.3203612403143515	5.479693508492097E-4	3.0074244489065535E-8	0.3097142043429901	4.7999124376115946E-4	18.20565137323165	-78.3525552029702
1354000	-3505.912113707443	-3429.511891397871	-76.40022230957207	-3429.511891397871	44.255638083035095	166.01445504902517	0.706738732540845	0.09130939398079366	2.6619761804751305	0.2467144255440733	0.09130939398079366	2.6619761804751305	0.2467144255440733	0.3010665900454945	6.375324817850619E-4	3.50698467732344E-8	0.25792231804192434	7.011809599379964E-4	18.269775372483213	-71.9146952618601
1355000	-3532.3267463216544	-3441.1795679407405	-91.14717838091374	-3441.1795679407405	34.60787674882097	161.8660162508685	0.706738732540845	0.09130939398079366	2.6619761804751305	0.2467144255440733	0.09130939398079366	2.6619761804751305	0.2467144255440733	0.32660635842192365	6.593073178369971E-4	5.844057901435091E-8	0.3948208582811088	5.991291567123232E-4	17.982642459261424	-74.9005130513182
1356000	-3526.224598355437	-3443.262810043043	-82.96178831239402	-3443.262810043043	39.06038900470836	189.99154701902384	0.706738732540845	0.09130939398079366	2.6619761804751305	0.2467144255440733	0.09130939398079366	2.6619761804751305	0.2467144255440733	0.22759827245600944	4.141718399897118E-4	9.095582144297932E-9	0.24266880739602562	3.895394648849987E-4	13.994540925055418	-82.2732152391852
1357000	-3533.264392297667	-3430.588449063313	-102.67594323435405	-3430.588449063313	44.277464091294405	226.75041481125177	0.706738732540845	0.09130939398079366	2.5137799299102714	0.3949106761089324	0.09130939398079366	2.5137799299102714	0.3949106761089324	0.3135708248106407	3.878863231589027E-4	1.954141662133022E-8	0.38251860113958114	3.635739529768926E-4	18.740491193548486	-86.43680154198924
1358000	-3531.9579445055833	-3427.90173507305	-104.05620943253307	-3427.90173507305	48.20336314497379	240.31943113550392	0.706738732540845	0.22908947793985013	2.375999845951215	0.3949106761089324	0.22908947793985013	2.375999845951215	0.3949106761089324	0.3871999658994059	4.8079611502033415E-4	4.7616859065718554E-8	0.44257574668146593	4.881032915993949E-4	19.47029029448591	-85.25518479852491
1359000	-3518.847807114525	-3422.7114300079274	-96.13637710659745	-3422.7114300079274	47.69494098476015	200.5099392008833	0.706738732540845	0.08391182320848886	2.5211775006825765	0.3949106761089324	0.08391182320848886	2.5211775006825765	0.3949106761089324	0.4109628890630323	4.850388082488424E-4	2.519026445002831E-8	0.34774707783398084	4.568279676258327E-4	18.11925865339281	-78.70785124153653
1360000	-3535.258889328576	-3437.10964087848	-98.14924845009585	-3437.10964087848	36.71466545826832	187.71984901180667	0.706738732540845	0.16319240636256452	2.441896917528501	0.3949106761089324	0.16319240636256452	2.441896917528501	0.3949106761089324	0.3711203143075931	4.7172213708923156E-4	4.6454583668984747E-8	0.4326151109789139	5.520258222354655E-4	22.55500393657256	-79.67689259227421
1361000	-3522.3087857291184	-3438.370215742864	-83.93856998625463	-3438.370215742864	31.149092326083082	161.21868847750275	0.706738732540845	0.16319240636256452	2.441896917528501	0.3949106761089324	0.16319240636256452	2.441896917528501	0.3949106761089324	0.26280197344445866	5.580752455591068E-4	2.52772047969234E-8	0.2770322234652246	5.571925439136312E-4	15.991789844009896	-76.06242642585484
1362000	-3500.671171855288	-3426.9896816485016	-73.6814902067864	-3426.9896816485016	72.05551591411374	293.624497670842	0.706738732540845	0.16319240636256452	2.441896917528501	0.3949106761089324	0.16319240636256452	2.441896917528501	0.3949106761089324	0.21390609208379466	3.3304103353442644E-4	2.500390685402782E-9	0.15197311961921536	3.5351834515313235E-4	27.364479245322613	-84.25214721776484
1363000	-3500.08396919293	-3427.663849280802	-72.42011991212804	-3427.663849280802	46.2713646417788	194.8317822011666	0.706738732540845	0.16319240636256452	2.441896917528501	0.3949106761089324	0.16319240636256452	2.441896917528501	0.3949106761089324	0.19027774969768396	4.607105192059273E-4	1.1866870935855745E-8	0.22330056354452565	4.8421943650859867E-4	17.54696275140429	-78.47085059041844
1364000	-3503.8917049864845	-3430.843744773582	-73.04796021290258	-3430.843744773582	56.968888091890236	231.38943800589482	0.706738732540845	0.16319240636256452	2.441896917528501	0.3949106761089324	0.16319240636256452	2.441896917528501	0.3949106761089324	0.1834547347196233	4.906892520309156E-4	7.1353777524836416E-9	0.17645582095043125	4.8253187680256433E-4	22.46545447208375	-81.64735436539436
1365000	-3530.11746982586	-3441.2630190512955	-88.8544507745644	-3441.2630190512955	35.33383525511039	184.59670631191642	0.706738732540845	0.16319240636256452	2.441896917528501	0.3949106761089324	0.16319240636256452	2.441896917528501	0.3949106761089324	0.29122709428973714	6.143923074671374E-4	2.6078920334682913E-8	0.2679070501683236	5.998425053355807E-4	18.18665098432232	-81.00423042242608
1366000	-3499.799748198401	-3427.830483292961	-71.96926490543987	-3427.830483292961	47.470216797202994	212.05299467726937	0.706738732540845	0.16319240636256452	2.441896917528501	0.3949106761089324	0.16319240636256452	2.441896917528501	0.3949106761089324	0.1709248327055272	4.4256988707998317E-4	5.780119685305907E-9	0.16807179503063352	4.4097108512024187E-4	21.510921470550965	-81.61349501772176
1367000	-3514.9590057978035	-3435.779310888782	-79.17969490902144	-3435.779310888782	38.83128651019001	177.00747327769187	0.706738732540845	0.16319240636256452	2.5633870239337972	0.2734205697036362	0.16319240636256452	2.5633870239337972	0.2734205697036362	0.2427027762104344	4.762340919673012E-4	1.5502593522552836E-8	0.26688131304426066	5.049492846440694E-4	22.827269028896083	-76.3722540180814
1368000	-3501.8130481547023	-3439.9829538811846	-61.83009427351788	-3439.9829538811846	50.266694997820174	204.1273035666124	0.706738732540845	0.16319240636256452	2.5633870239337972	0.2734205697036362	0.16319240636256452	2.5633870239337972	0.2734205697036362	0.14851148354703592	5.130894721884826E-4	7.200165377616704E-9	0.15647477574334032	5.567218342622936E-4	11.579282404083864	-82.7059563733397
1369000	-3478.271907992938	-3425.3148642558654	-52.957043737072595	-3425.3148642558654	46.80353446950212	198.30955295728984	0.706738732540845	0.16319240636256452	2.5633870239337972	0.2734205697036362	0.16319240636256452	2.5633870239337972	0.2734205697036362	0.12310948128980553	4.949399238788223E-4	3.1389679885474033E-9	0.11794686336940517	4.822071195917886E-4	21.919977060271517	-78.14580715144456
1370000	-3510.091313707433	-3427.569299730887	-82.52201397654592	-3427.569299730887	62.4636810302517	260.8415176126313	0.706738732540845	0.16319240636256452	2.5633870239337972	0.2734205697036362	0.16319240636256452	2.5633870239337972	0.2734205697036362	0.22161381301497476	4.06108962597911E-4	8.164697076925206E-9	0.22646689219650004	3.97942080433085E-4	17.229049276551166	-86.6834192910823
1371000	-3486.233436681904	-3437.722256404886	-48.511180277017786	-3437.722256404886	48.814692985889536	215.23269970872516	0.8344492721471832	0.16319240636256452	2.5633870239337972	0.2734205697036362	0.16319240636256452	2.5633870239337972	0.2734205697036362	0.10454055997747871	4.43832573195426E-4	1.9061711498725706E-9	0.10007994961358513	4.3764019624666734E-4	18.173246984232023	-81.52145006980817
1372000	-3531.3922688266516	-3426.6674816585155	-104.72478716813599	-3426.6674816585155	64.67764106812851	267.75456557224595	0.8344492721471832	0.16319240636256452	2.5633870239337972	0.2734205697036362	0.16319240636256452	2.5633870239337972	0.2734205697036362	0.3416298896392246	2.85904750855362E-4	1.3368966134613606E-8	0.41344266374751226	2.945734732381677E-4	22.271542255537092	-85.11942184671712
1373000	-3543.797558900694	-3443.2190113637366	-100.57854753695761	-3443.2190113637366	77.32601920897906	327.0336424034497	0.8344492721471832	0.16319240636256452	2.5633870239337972	0.2734205697036362	0.16319240636256452	2.5633870239337972	0.2734205697036362	0.28472254387698936	2.62570263938702E-4	7.212507425350258E-9	0.2939421213886922	2.936496466470083E-4	24.376394192661973	-90.50915479743946
1374000	-3517.6551976382043	-3432.061637887553	-85.59355975065145	-3432.061637887553	75.08816000318006	308.2867414430991	0.8344492721471832	0.16319240636256452	2.4178416685810062	0.41896592505642705	0.16319240636256452	2.4178416685810062	0.41896592505642705	0.21126891705886494	3.375185580086548E-4	4.756920885164574E-9	0.19784285746749147	3.539537191071533E-4	28.309235422030792	-86.96837969670183
1375000	-3509.0699174377187	-3436.326717188109	-72.74320024960981	-3436.326717188109	32.65270425383468	166.7870888618523	0.8344492721471832	0.16319240636256452	2.4178416685810062	0.41896592505642705	0.16319240636256452	2.4178416685810062	0.41896592505642705	0.1745417842090188	5.134623793923004E-4	1.0625809826320666E-8	0.20025497746615437	5.119183274220659E-4	20.70606439116325	-76.84834316878555
1376000	-3542.3858991409797	-3436.2451689168506	-106.14073022412926	-3436.2451689168506	33.49967150180141	188.50661095126318	0.8344492721471832	0.16319240636256452	2.4178416685810062	0.41896592505642705	0.16319240636256452	2.4178416685810062	0.41896592505642705	0.39464508522863445	4.505150246067406E-4	2.862415145320264E-8	0.4187247594874415	3.847920115490759E-4	16.035511204070982	-85.79597659132594
1377000	-3528.9204407027287	-3423.8910617262773	-105.0293789764516	-3423.8910617262773	47.44745777470597	203.85815358910713	0.8344492721471832	0.16319240636256452	2.4178416685810062	0.41896592505642705	0.16319240636256452	2.4178416685810062	0.41896592505642705	0.3354479374704944	4.993479917603146E-4	4.5605371458897324E-8	0.3938862060407979	4.806640615998336E-4	22.593634217510107	-78.72980758661929
1378000	-3520.9369668642994	-3430.198493217926	-90.73847364637304	-3430.198493217926	38.55404646014231	189.9578696839758	0.8344492721471832	0.16319240636256452	2.4178416685810062	0.41896592505642705	0.16319240636256452	2.4178416685810062	0.41896592505642705	0.3186494931897648	5.491527697019926E-4	2.713318330288162E-8	0.30745477893207535	5.312027510199106E-4	16.882322562033927	-81.04491207674495
1379000	-3501.6891782032103	-3426.687321473703	-75.00185672950741	-3426.687321473703	43.88112385446762	175.31625913295747	0.8344492721471832	0.16319240636256452	2.4178416685810062	0.41896592505642705	0.16319240636256452	2.4178416685810062	0.41896592505642705	0.20604086023763774	5.151980099397028E-4	1.5431844338179336E-8	0.22784778158433777	5.394351694451252E-4	17.12305714806122	-74.30605743540683
1380000	-3521.75069545897	-3434.813656146402	-86.9370393125676	-3434.813656146402	39.72083794642054	186.57991873065936	0.8344492721471832	0.16319240636256452	2.4178416685810062	0.41896592505642705	0.16319240636256452	2.4178416685810062	0.41896592505642705	0.29551290861318036	4.939759273774287E-4	2.471212670421749E-8	0.3216153764364761	4.8176329418414955E-4	15.634031641671559	-77.01820558356629
1381000	-3530.0705268548527	-3430.760806915551	-99.30971993930186	-3430.760806915551	56.25120059048593	229.55561125854996	0.8344492721471832	0.16319240636256452	2.4178416685810062	0.41896592505642705	0.16319240636256452	2.4178416685810062	0.41896592505642705	0.35556599241630266	4.3551903940415284E-4	3.1653068599663276E-8	0.4003732140217991	4.441648446779103E-4	19.40537401864427	-81.39206094772103
1382000	-3523.184852867303	-3434.415368153951	-88.76948471335218	-3434.415368153951	49.56143236238624	215.60599404699266	0.8344492721471832	0.16319240636256452	2.4178416685810062	0.41896592505642705	0.16319240636256452	2.4178416685810062	0.41896592505642705	0.2936938116347754	4.044108752934387E-4	1.1528566935271121E-8	0.2530520368626007	3.9522834298207505E-4	12.963567832153233	-83.63569687033375
1383000	-3508.7694865850954	-3440.2482855605717	-68.52120102452365	-3440.2482855605717	70.94793962175726	248.84349215558646	0.8344492721471832	0.16319240636256452	2.4178416685810062	0.41896592505642705	0.16319240636256452	2.4178416685810062	0.41896592505642705	0.15989868376433058	4.109285797072626E-4	4.945842260813763E-9	0.16947281076498463	4.138719037843209E-4	21.524911486994803	-80.11368743419074
1384000	-3505.0269014179253	-3427.2382265353913	-77.78867488253411	-3427.2382265353913	46.491351692072726	188.4399834433655	0.8344492721471832	0.16319240636256452	2.4178416685810062	0.41896592505642705	0.16319240636256452	2.4178416685810062	0.41896592505642705	0.19594069889477328	4.974194856561477E-4	1.5757576534396394E-8	0.23179467205043733	5.234436569702099E-4	20.032412091220113	-76.6202789417131
1385000	-3512.8796286688903	-3430.9694242832693	-81.91020438562116	-3430.9694242832693	33.30512600604549	157.68502198404866	0.8344492721471832	0.16319240636256452	2.4178416685810062	0.41896592505642705	0.16319240636256452	2.4178416685810062	0.41896592505642705	0.24510519288462376	6.501899165058554E-4	2.5083620874569485E-8	0.24245424763858997	5.910500154153932E-4	16.051688165901677	-74.69412238172939
1386000	-3509.1881796062917	-3435.051323695451	-74.13685591084038	-3435.051323695451	28.084111469044608	132.3585568017881	0.8344492721471832	0.16319240636256452	2.4178416685810062	0.41896592505642705	0.16319240636256452	2.4178416685810062	0.41896592505642705	0.29259599236276024	8.086071705233276E-4	4.874010273611345E-8	0.28583448140367806	7.968459474466058E-4	15.543633506043912	-70.34743716696067
1387000	-3510.424049462181	-3438.398613543763	-72.02543591841788	-3438.398613543763	32.2987801890361	139.1404847136952	0.8344492721471832	0.16319240636256452	2.4178416685810062	0.41896592505642705	0.16319240636256452	2.4178416685810062	0.41896592505642705	0.24013262454019424	6.92932268023231E-4	2.7077938385858146E-8	0.2259715076476843	6.960364760948464E-4	17.279671611285867	-70.7986157030408
1388000	-3509.3735555254357	-3433.043657675164	-76.32989785027179	-3433.043657675164	43.80110210851248	180.26928140598926	0.8344492721471832	0.16319240636256452	2.5770484026899343	0.2597591909474991	0.16319240636256452	2.5770484026899343	0.2597591909474991	0.21672986521177787	4.449945340314593E-4	9.564859216634188E-9	0.22996760324352578	4.1635011676834896E-4	14.328421219670757	-77.61884582250285
1389000	-3528.3184315257695	-3431.3694087958856	-96.9490227298839	-3431.3694087958856	30.87841760789007	159.19300964417113	0.8344492721471832	0.16319240636256452	2.5770484026899343	0.2597591909474991	0.16319240636256452	2.5770484026899343	0.2597591909474991	0.5620899740844855	7.465815680861998E-4	1.7168921230211577E-7	0.5350985045174754	8.897813167381268E-4	12.98220887253245	-77.94458582181936
1390000	-3545.181872322747	-3437.304439266171	-107.87743305657618	-3437.304439266171	37.46124744604415	185.5975592051925	0.8344492721471832	0.16319240636256452	2.5770484026899343	0.2597591909474991	0.16319240636256452	2.5770484026899343	0.2597591909474991	0.45147513855132415	5.616958342340653E-4	1.3088001034104164E-7	0.5501626041735806	6.782481598586711E-4	18.72007345076042	-79.78960289829413
1391000	-3537.981201223005	-3435.87027394992	-102.11092727308491	-3435.87027394992	40.77541236943367	191.43401758742735	0.8344492721471832	0.16319240636256452	2.5770484026899343	0.2597591909474991	0.16319240636256452	2.5770484026899343	0.2597591909474991	0.36013957946644237	5.200427832890364E-4	4.4362936401897094E-8	0.4327167420974395	4.643237481776804E-4	17.762138120069203	-79.71017200940173
1392000	-3514.477357684622	-3431.4032981794926	-83.07405950512921	-3431.4032981794926	37.14419129516491	167.65745320977047	0.8344492721471832	0.16319240636256452	2.5770484026899343	0.2597591909474991	0.16319240636256452	2.5770484026899343	0.2597591909474991	0.26510508745397726	5.59086009950134E-4	2.9210046755375664E-8	0.2972382009618094	5.828548912965071E-4	19.00032142042362	-74.83171556543786
1393000	-3483.1805784139815	-3429.8659152182454	-53.31466319573593	-3429.8659152182454	41.691913031061546	193.57351246229808	0.7010067594600906	0.16319240636256452	2.5770484026899343	0.2597591909474991	0.16319240636256452	2.5770484026899343	0.2597591909474991	0.12317283138577578	5.01966260521196E-4	3.6214993092158993E-9	0.12135453512900855	5.059053606928873E-4	16.92900778371679	-79.3073054104456
1394000	-3504.8517918830844	-3435.2667963087006	-69.58499557438361	-3435.2667963087006	34.11158119077967	165.28983994964153	0.7010067594600906	0.16319240636256452	2.5770484026899343	0.2597591909474991	0.16319240636256452	2.5770484026899343	0.2597591909474991	0.20958935804838943	6.024836743329529E-4	1.4056886028684488E-8	0.19386505515021835	6.024619991940331E-4	19.015740956931403	-76.22070736456911
1395000	-3475.243795440835	-3427.252425353728	-47.99137008710693	-3427.252425353728	35.958737277045266	156.4206935292463	0.7010067594600906	0.16319240636256452	2.4693313185618875	0.3674762750755459	0.16319240636256452	2.4693313185618875	0.3674762750755459	0.13690959648356663	6.153088402147455E-4	4.886953876272962E-9	0.11830945690987331	5.889251794451512E-4	14.567480453818956	-74.3292188397199
1396000	-3513.508958260615	-3428.6409414171762	-84.86801684343907	-3428.6409414171762	43.71118135233499	178.30190621781142	0.7010067594600906	0.16319240636256452	2.4693313185618875	0.3674762750755459	0.16319240636256452	2.4693313185618875	0.3674762750755459	0.31401791589156536	5.58131495573657E-4	3.246847236161117E-8	0.2985992013707453	5.758341746190326E-4	20.65328438606561	-74.26126816140584
1397000	-3531.9930060375495	-3430.0154242285666	-101.97758180898282	-3430.0154242285666	46.78021319700875	193.25424318815996	0.8015891462184638	0.16319240636256452	2.4693313185618875	0.3674762750755459	0.16319240636256452	2.4693313185618875	0.3674762750755459	0.38701764066297856	4.8763838100847264E-4	6.206108254248427E-8	0.39881268389079344	5.596186882075104E-4	13.365312355259046	-78.92069130974059
1398000	-3500.1699913041584	-3433.331380817259	-66.83861048689944	-3433.331380817259	33.832738468003726	133.3511787449938	0.8015891462184638	0.16319240636256452	2.4693313185618875	0.3674762750755459	0.16319240636256452	2.4693313185618875	0.3674762750755459	0.21755062886439555	7.027897945023595E-4	3.9461557402093575E-8	0.2733040961211169	7.440461383135979E-4	11.961136277773928	-68.46177337817676
1399000	-3491.825666698425	-3438.9098768069844	-52.915789891440625	-3438.9098768069844	38.93955516396927	167.2081903983295	0.8015891462184638	0.16319240636256452	2.4693313185618875	0.3674762750755459	0.16319240636256452	2.4693313185618875	0.3674762750755459	0.16893412771808186	5.073146462629875E-4	4.198447926092443E-9	0.12621760293047224	5.17044292380684E-4	12.575670468954332	-75.92722091547986
1400000	-3474.2979495447776	-3435.6530548481255	-38.64489469665223	-3435.6530548481255	34.32445587165332	159.7481942404405	0.8015891462184638	0.16319240636256452	2.4693313185618875	0.3674762750755459	0.16319240636256452	2.4693313185618875	0.3674762750755459	0.09574534142723035	5.96236486950756E-4	2.804833065349122E-9	0.09023041820098084	5.8507087248666E-4	15.862611112852168	-75.40966746223309
1401000	-3511.7410019612134	-3436.902562697558	-74.83843926365557	-3436.902562697558	28.32520880462844	152.10018565035216	0.8015891462184638	0.16319240636256452	2.4693313185618875	0.3674762750755459	0.16319240636256452	2.4693313185618875	0.3674762750755459	0.2214817244773343	6.049598833373105E-4	1.6716114329857624E-8	0.21842798453029993	5.613729339264162E-4	18.78437027040039	-76.09300103763721
1402000	-3511.0243205319803	-3437.059812280287	-73.96450825169308	-3437.059812280287	40.14910346047338	172.2135825274396	0.7046637964574031	0.16319240636256452	2.4693313185618875	0.3674762750755459	0.16319240636256452	2.4693313185618875	0.3674762750755459	0.20385873518307593	6.075917603807819E-4	1.6832553504424216E-8	0.22100149228055882	5.838016701231893E-4	20.387838151501825	-75.17268557229043
1403000	-3490.2072517500633	-3430.098690985385	-60.10856076467832	-3430.098690985385	27.268384709877676	138.14938322013535	0.7046637964574031	0.16319240636256452	2.4693313185618875	0.3674762750755459	0.16319240636256452	2.4693313185618875	0.3674762750755459	0.16400553934155	6.558320304253384E-4	1.1783915119360722E-8	0.17405015008375116	6.407575413009258E-4	11.355861228565452	-75.25485719022251
1404000	-3507.3382995887982	-3425.9426189253677	-81.39568066343057	-3425.9426189253677	33.982903488065844	175.68022866581597	0.7046637964574031	0.16319240636256452	2.4693313185618875	0.3674762750755459	0.16319240636256452	2.4693313185618875	0.3674762750755459	0.28819595643590085	5.289846212456894E-4	1.3293894185644812E-8	0.21611591742608982	5.349631802163073E-4	25.877473171242816	-78.50806329220727
1405000	-3513.998506556199	-3429.7598434095844	-84.23866314661461	-3429.7598434095844	33.480011806417984	188.90517445398098	0.7046637964574031	0.16319240636256452	2.4693313185618875	0.3674762750755459	0.16319240636256452	2.4693313185618875	0.3674762750755459	0.26100322219591937	5.213991559076908E-4	1.5591310044734784E-8	0.25959863502341013	4.8719702524579745E-4	16.93187849932578	-81.73672833206993
1406000	-3503.823722735205	-3434.0392225558853	-69.78450017931983	-3434.0392225558853	40.95475653079294	178.2767905207113	0.7046637964574031	0.16319240636256452	2.4693313185618875	0.3674762750755459	0.16319240636256452	2.4693313185618875	0.3674762750755459	0.18456220429874554	5.874531447477405E-4	1.4461297516630508E-8	0.1944883244903073	5.994686604793274E-4	14.750603093605195	-76.1363368494029
1407000	-3517.4296698365984	-3435.3803949566854	-82.04927487991274	-3435.3803949566854	57.59378615011155	221.26337822299416	0.7046637964574031	0.16319240636256452	2.3142693225376343	0.5225382710997992	0.16319240636256452	2.3142693225376343	0.5225382710997992	0.22438611141811513	4.208518104886943E-4	1.3650570533028339E-8	0.24570524989827594	4.6716009495883246E-4	19.121398145282907	-80.25870078123879
1408000	-3526.1094060269875	-3427.7105852649124	-98.39882076207503	-3427.7105852649124	31.020295585168554	170.1048858280027	0.7046637964574031	0.28500763475065966	2.3142693225376343	0.40072304271170406	0.28500763475065966	2.3142693225376343	0.40072304271170406	0.3683933999754936	6.588578419118297E-4	6.241952895491574E-8	0.39747382860806735	6.367877942055415E-4	19.844512751154365	-78.54441938676973
1409000	-3513.177563910232	-3422.672560863987	-90.50500304624468	-3422.672560863987	47.01310067670824	204.19558114364258	0.7046637964574031	0.28500763475065966	2.3142693225376343	0.40072304271170406	0.28500763475065966	2.3142693225376343	0.40072304271170406	0.2467440025308517	5.004014727448427E-4	3.070822301469749E-8	0.33254240931430634	5.640308465666053E-4	18.041824355239445	-79.32508317563324
1410000	-3491.3841676859465	-3426.0706619835937	-65.3135057023528	-3426.0706619835937	41.94715073299689	176.42892347082008	0.7046637964574031	0.28500763475065966	2.237002247515414	0.4779901177339245	0.28500763475065966	2.237002247515414	0.4779901177339245	0.17130479898695825	6.050163644288468E-4	1.2531143919093368E-8	0.17844888817034973	6.247218257661611E-4	15.894737491629083	-75.73446727477692
1411000	-3541.6410974841538	-3433.089098308569	-108.55199917558461	-3433.089098308569	49.77831683908801	248.52163492184323	0.7046637964574031	0.28500763475065966	2.237002247515414	0.4779901177339245	0.28500763475065966	2.237002247515414	0.4779901177339245	0.3233120657567071	3.9828754408428115E-4	2.7412286423229352E-8	0.3755722115049974	3.9305138056375873E-4	19.772315570266898	-85.68180572063925
1412000	-3521.500378731852	-3432.515189803565	-88.98518892828676	-3432.515189803565	53.97818341483412	252.04851290079182	0.7046637964574031	0.28500763475065966	2.237002247515414	0.4779901177339245	0.28500763475065966	2.237002247515414	0.4779901177339245	0.2810556712717601	4.1768583279658923E-4	1.4293646515645445E-8	0.29575548997852835	4.251389133832538E-4	21.53616212173792	-85.01031213456454
1413000	-3514.0270407024213	-3442.6044025601013	-71.42263814232004	-3442.6044025601013	54.450625532714184	225.38690453142664	0.7046637964574031	0.28500763475065966	2.237002247515414	0.4779901177339245	0.28500763475065966	2.237002247515414	0.4779901177339245	0.19015352532698432	4.356030360231521E-4	5.631344188736404E-9	0.16873170784061267	4.3827594655966524E-4	23.487466823824505	-80.59464012569303
1414000	-3498.856101790475	-3435.335182103734	-63.52091968674068	-3435.335182103734	46.56522280452464	207.7298447590804	0.7046637964574031	0.28500763475065966	2.237002247515414	0.4779901177339245	0.28500763475065966	2.237002247515414	0.4779901177339245	0.1515762417105448	4.5895491321130494E-4	4.26105037012671E-9	0.15133263247968604	4.475600541192543E-4	16.781072485695326	-81.57533799823399
1415000	-3490.605335042083	-3432.567296245376	-58.038038796707156	-3432.567296245376	37.00336821179937	176.19771440806764	0.7046637964574031	0.2441321773582726	2.237002247515414	0.5188655751263116	0.2441321773582726	2.237002247515414	0.5188655751263116	0.13041902624164153	6.107719072483425E-4	5.971465789484789E-9	0.13286138115842197	5.644349420423057E-4	12.32523486775851	-80.30426858078626
1416000	-3521.7223219605603	-3438.2765865842903	-83.44573537627014	-3438.2765865842903	38.172825279372326	196.64247947349975	0.7046637964574031	0.2441321773582726	2.237002247515414	0.5188655751263116	0.2441321773582726	2.237002247515414	0.5188655751263116	0.23813846606029798	4.983825803262058E-4	1.0577448261613719E-8	0.21349342764719206	4.698195485907352E-4	22.60259862379197	-82.29525445559888
1417000	-3510.615384646832	-3428.5672672377978	-82.04811740903402	-3428.5672672377978	34.59581066655457	169.9753931622378	0.7046637964574031	0.2441321773582726	2.237002247515414	0.5188655751263116	0.2441321773582726	2.237002247515414	0.5188655751263116	0.295039465167585	5.515727827515819E-4	2.511676148471636E-8	0.2766253176948645	5.622668891669291E-4	15.63969321216845	-77.91478038382516
1418000	-3517.0678439202447	-3446.278468760449	-70.78937515979594	-3446.278468760449	37.96250538775386	164.2182455355154	0.7046637964574031	0.12183638986201267	2.237002247515414	0.6411613626225715	0.12183638986201267	2.237002247515414	0.6411613626225715	0.22406749109439675	5.248094510882527E-4	1.2738438371179734E-8	0.20901155706878619	5.662715726461647E-4	19.541132508889238	-74.33229956094162
1419000	-3506.6579350474285	-3431.4403308193023	-75.21760422812616	-3431.4403308193023	31.802520824050042	150.54844719502228	0.7046637964574031	0.12183638986201267	2.237002247515414	0.6411613626225715	0.12183638986201267	2.237002247515414	0.6411613626225715	0.2919066556716266	7.645824847760885E-4	2.976237222662637E-8	0.24185423064987402	7.886897776334071E-4	18.189690185672276	-73.42487558240441
1420000	-3508.5809654480477	-3429.463015225953	-79.11795022209465	-3429.463015225953	39.97671913092667	167.38937784522722	0.7046637964574031	0.12183638986201267	2.237002247515414	0.6411613626225715	0.12183638986201267	2.237002247515414	0.6411613626225715	0.28453138931874844	5.863999311272215E-4	2.3899679818454346E-8	0.2668511081825788	5.631772380362564E-4	13.714557097042066	-75.07975700007734
1421000	-3527.6590525663228	-3432.345160884745	-95.31389168157789	-3432.345160884745	47.89841289326283	227.35325431815505	0.7046637964574031	0.12183638986201267	2.237002247515414	0.6411613626225715	0.12183638986201267	2.237002247515414	0.6411613626225715	0.26915495153242497	5.129849837400886E-4	2.2123884132212608E-8	0.2823281800754488	4.883459982985989E-4	18.823332215130407	-82.7419417841474
1422000	-3481.3949461650454	-3420.6287578249944	-60.76618834005122	-3420.6287578249944	49.2811463819107	247.92150180711815	0.7046637964574031	0.12183638986201267	2.237002247515414	0.6411613626225715	0.12183638986201267	2.237002247515414	0.6411613626225715	0.1240600273080608	3.818823029511295E-4	1.8129031052666883E-9	0.1117939278687324	3.7537268673603095E-4	18.39246865385154	-87.85670957693264
1423000	-3515.673700052738	-3435.31739964161	-80.35630041112799	-3435.31739964161	42.21952006204658	197.4605647972509	0.7046637964574031	0.12183638986201267	2.237002247515414	0.6411613626225715	0.12183638986201267	2.237002247515414	0.6411613626225715	0.2391529815313067	4.741352193345713E-4	1.8564805112209057E-8	0.285157952152701	4.670189819599798E-4	16.705858768320674	-80.22287079572054
1424000	-3512.7907553393434	-3439.2740377723812	-73.51671756696227	-3439.2740377723812	72.97756224436449	285.5035048421124	0.7046637964574031	0.1440893511408883	2.237002247515414	0.6189084013436958	0.1440893511408883	2.237002247515414	0.6189084013436958	0.18002377042704754	3.292748513229191E-4	3.240157373303814E-9	0.1768807996039023	3.280166637467604E-4	19.31867644511309	-86.52763099465419
1425000	-3513.373306475756	-3427.3474185495757	-86.0258879261805	-3427.3474185495757	61.58676666857186	289.07820533261844	0.7046637964574031	0.1440893511408883	2.4110107815422963	0.4448998673168135	0.1440893511408883	2.4110107815422963	0.4448998673168135	0.20041252481118293	3.782553696296327E-4	7.176333690993236E-9	0.20412644035642555	4.058759682109026E-4	21.391024041835156	-89.42052092407843
1426000	-3487.090561091135	-3436.802431800507	-50.28812929062821	-3436.802431800507	58.82640495315055	247.77279297561358	0.7046637964574031	0.1440893511408883	2.4110107815422963	0.4448998673168135	0.1440893511408883	2.4110107815422963	0.4448998673168135	0.09810969770420937	4.6503739313620936E-4	1.6546035902852215E-9	0.0900257392057277	4.708253172684236E-4	20.911365761455873	-83.03605956438622
1427000	-3504.797084172307	-3424.0995508897386	-80.6975332825687	-3424.0995508897386	42.34269113591641	175.99646038822416	0.7046637964574031	0.1440893511408883	2.4110107815422963	0.4448998673168135	0.1440893511408883	2.4110107815422963	0.4448998673168135	0.2431532321229306	5.912863021112546E-4	2.556008338022198E-8	0.26312378169385164	5.809211960076431E-4	10.87032251607699	-79.19405890161389
1428000	-3517.7896185213576	-3426.1639467953046	-91.62567172605299	-3426.1639467953046	40.39168001432815	159.11417921943521	0.7046637964574031	0.1440893511408883	2.4110107815422963	0.4448998673168135	0.1440893511408883	2.4110107815422963	0.4448998673168135	0.3691779703000399	6.397105663673426E-4	8.702298948900727E-8	0.3978880842808581	7.117074057003526E-4	13.268302664527265	-72.30738229113885
1429000	-3491.3041435394243	-3430.8637982317955	-60.440345307628895	-3430.8637982317955	40.10903187898911	172.9313148008798	0.7046637964574031	0.1440893511408883	2.4110107815422963	0.4448998673168135	0.1440893511408883	2.4110107815422963	0.4448998673168135	0.15908519873168875	6.069391735769503E-4	1.0545336265492964E-8	0.16717757428050556	6.193799370785684E-4	14.38582747458489	-77.55413083812635
1430000	-3495.4879732691247	-3438.653390398536	-56.83458287058866	-3438.653390398536	34.816440414207825	196.8140363740955	0.7046637964574031	0.1440893511408883	2.5270761933030825	0.32883445555602747	0.1440893511408883	2.5270761933030825	0.32883445555602747	0.12949304846546963	5.025331436882608E-4	3.24086765336381E-9	0.11932568368763308	4.7758874625959983E-4	18.6035835031989	-82.76306966412635
1431000	-3537.629968111119	-3435.799854483625	-101.83011362749406	-3435.799854483625	42.821271861312525	193.9581435757247	0.7046637964574031	0.1440893511408883	2.5270761933030825	0.32883445555602747	0.1440893511408883	2.5270761933030825	0.32883445555602747	0.35094411364776634	5.865583835308093E-4	5.165525831187781E-8	0.3692700063455946	5.299958819222427E-4	17.516286900787346	-78.02302278865481
1432000	-3525.7907448044252	-3429.0402134236583	-96.7505313807669	-3429.0402134236583	33.31377991735214	154.53859581635143	0.7046637964574031	0.1440893511408883	2.5270761933030825	0.32883445555602747	0.1440893511408883	2.5270761933030825	0.32883445555602747	0.4029875752883566	6.92603168708544E-4	8.428557688985987E-8	0.4024484763292171	6.750933225983367E-4	16.012527408995293	-74.75992492869133
1433000	-3503.294816262917	-3428.1562336992456	-75.13858256367129	-3428.1562336992456	36.815223575295086	174.41437592556312	0.7046637964574031	0.1440893511408883	2.5270761933030825	0.32883445555602747	0.1440893511408883	2.5270761933030825	0.32883445555602747	0.2669953229472162	6.313269630759534E-4	2.0351926198758394E-8	0.23818131373396015	6.145622809764994E-4	12.82683757013896	-77.16771790923873
1434000	-3534.5099207537764	-3431.268413228763	-103.24150752501315	-3431.268413228763	32.47552111673502	182.50556862710638	0.7046637964574031	0.1440893511408883	2.5270761933030825	0.32883445555602747	0.1440893511408883	2.5270761933030825	0.32883445555602747	0.44327556318560674	5.383117806975389E-4	3.5579871748727065E-8	0.41384907775790764	4.333684804814564E-4	17.430582363994684	-81.24848980550011
1435000	-3529.5589659758525	-3431.951200436789	-97.60776553906366	-3431.951200436789	27.93279022937588	157.34651209285477	0.7046637964574031	0.1440893511408883	2.5270761933030825	0.32883445555602747	0.1440893511408883	2.5270761933030825	0.32883445555602747	0.5273429425431624	6.046935754780206E-4	4.692803111211118E-8	0.39143015337268955	5.81993347620754E-4	17.155261044218893	-77.36830883006627
1436000	-3551.559678448917	-3426.3006675174465	-125.25901093147048	-3426.3006675174465	51.3523848301579	253.14929249718756	0.7046637964574031	0.1440893511408883	2.435672777343656	0.42023787151545394	0.1440893511408883	2.435672777343656	0.42023787151545394	0.45504998374638994	3.945345175692441E-4	8.33798651634698E-8	0.7283272359135242	3.2768405240693726E-4	21.558601115248884	-88.08244469800313
1437000	-3533.1141252241805	-3428.726113014856	-104.38801220932466	-3428.726113014856	33.405856365316986	169.07030583429665	0.7046637964574031	0.1440893511408883	2.435672777343656	0.42023787151545394	0.1440893511408883	2.435672777343656	0.42023787151545394	0.4253204530467322	5.577049796871515E-4	5.287499329501455E-8	0.48544150798407787	4.1746314836196624E-4	11.51955212570775	-82.2384932779489
1438000	-3528.038187459875	-3426.2804305764703	-101.75775688340492	-3426.2804305764703	26.79790168821412	150.47329610253672	0.7046637964574031	0.1440893511408883	2.435672777343656	0.42023787151545394	0.1440893511408883	2.435672777343656	0.42023787151545394	0.2956705746161759	5.022862533116182E-4	4.0904314149847653E-8	0.4789156606309594	3.8577766059904103E-4	12.987785217218189	-78.4277927335471
1439000	-3542.5389014465054	-3426.374618035432	-116.16428341107357	-3426.374618035432	30.86726937271781	177.03989132301726	0.7046637964574031	0.1440893511408883	2.435672777343656	0.42023787151545394	0.1440893511408883	2.435672777343656	0.42023787151545394	0.5437972695529185	5.795923242343874E-4	6.850432662736164E-8	0.6081871862516836	3.6779775226446416E-4	17.41907812013921	-80.63288988629776
1440000	-3514.4063709719135	-3422.3066108658118	-92.09976010610154	-3422.3066108658118	28.261426634882273	142.19245884718148	0.7046637964574031	0.1440893511408883	2.435672777343656	0.42023787151545394	0.1440893511408883	2.435672777343656	0.42023787151545394	0.4901270899754591	5.70612315809389E-4	5.486256012328224E-8	0.4666600572361845	5.289648205778891E-4	12.418575426490461	-74.03883061368569
1441000	-3521.1520832933957	-3426.214002381371	-94.9380809120249	-3426.214002381371	26.072583441018192	132.04257659142772	0.7046637964574031	0.0617678135137813	2.517994314970763	0.42023787151545394	0.0617678135137813	2.517994314970763	0.42023787151545394	0.5083000012972648	6.839250365434887E-4	1.2597965167910774E-7	0.529333158576683	7.685390709862758E-4	11.349093726082861	-73.93976835991396
1442000	-3538.8743339251837	-3433.3984131267243	-105.47592079845943	-3433.3984131267243	33.56104843526087	157.9602088968998	0.7046637964574031	0.0617678135137813	2.517994314970763	0.42023787151545394	0.0617678135137813	2.517994314970763	0.42023787151545394	0.39685562091764953	6.4840288089912E-4	9.169429052723205E-8	0.5644660883756142	4.991043915271531E-4	13.834981492050213	-75.41144566727365
1443000	-3502.0412881185966	-3425.8582806033273	-76.18300751526948	-3425.8582806033273	48.53994186809592	207.78916098890676	0.7046637964574031	0.0617678135137813	2.517994314970763	0.42023787151545394	0.0617678135137813	2.517994314970763	0.42023787151545394	0.18311140487375813	5.525761997042217E-4	9.996994166245525E-9	0.18935269214656272	5.019816409849552E-4	20.237423628561505	-79.67384073429446
1444000	-3517.5578012425276	-3425.1253335879833	-92.43246765454455	-3425.1253335879833	38.789281417686354	176.7377803879085	0.7046637964574031	0.0617678135137813	2.517994314970763	0.42023787151545394	0.0617678135137813	2.517994314970763	0.42023787151545394	0.26212567114205626	5.781019887825981E-4	2.540393549703003E-8	0.30107678712375646	4.688030274549094E-4	22.691635366934356	-77.09555437369093
1445000	-3514.780463076092	-3421.1698527249678	-93.61061035112431	-3421.1698527249678	38.34811251461916	219.8025757066008	0.7046637964574031	0.0617678135137813	2.517994314970763	0.42023787151545394	0.0617678135137813	2.517994314970763	0.42023787151545394	0.3238318334824813	4.3066290313684944E-4	1.283983988461624E-8	0.27598585976812107	4.1737447457517373E-4	29.972639443751962	-83.5219162672289
1446000	-3501.513789570381	-3422.639698893907	-78.87409067647401	-3422.639698893907	51.05736971733682	213.92787912944883	0.7046637964574031	0.0617678135137813	2.517994314970763	0.42023787151545394	0.0617678135137813	2.517994314970763	0.42023787151545394	0.22973587767896114	4.4633326184317115E-4	1.5118182084357634E-8	0.25311872306856553	5.2266456897677E-4	19.473458014526816	-80.23790654955255
1447000	-3520.602468787684	-3424.5889794541554	-96.01348933352848	-3424.5889794541554	33.95510070783679	179.04558094053527	0.7046637964574031	0.0617678135137813	2.517994314970763	0.42023787151545394	0.0617678135137813	2.517994314970763	0.42023787151545394	0.3781004494834577	6.277864824254074E-4	7.077460813214662E-8	0.4242907093728306	6.127016884813182E-4	14.391141533407772	-79.70220964566819
1448000	-3514.57042184228	-3431.374416437814	-83.1960054044662	-3431.374416437814	28.940111518561178	144.41143282299552	0.7046637964574031	0.0617678135137813	2.517994314970763	0.42023787151545394	0.0617678135137813	2.517994314970763	0.42023787151545394	0.3465989810795889	6.696261306331466E-4	4.672517108829678E-8	0.33965692632281874	6.508440521087655E-4	9.363426983719895	-76.86368995550536
1449000	-3543.867666917908	-3443.61666386783	-100.25100305007788	-3443.61666386783	31.501433338781244	142.70119034141212	0.7046637964574031	0.0617678135137813	2.517994314970763	0.42023787151545394	0.0617678135137813	2.517994314970763	0.42023787151545394	0.5299062376097411	7.591895277635707E-4	1.7230319374043156E-7	0.6006476701533451	6.609938706511717E-4	11.196663976739295	-74.42746535319945
1450000	-3542.3722103592436	-3445.1864623953966	-97.18574796384691	-3445.1864623953966	22.939526519317894	128.63473059381803	0.7046637964574031	0.0617678135137813	2.517994314970763	0.42023787151545394	0.0617678135137813	2.517994314970763	0.42023787151545394	0.3969368905061008	7.595965368783644E-4	1.074052438079598E-7	0.5135615479997816	6.665848006775808E-4	10.52418965593393	-76.18480176093222
1451000	-3534.7457702441034	-3434.5060118248834	-100.23975841921981	-3434.5060118248834	27.698278311759683	143.61050657542248	0.7046637964574031	0.0617678135137813	2.517994314970763	0.42023787151545394	0.0617678135137813	2.517994314970763	0.42023787151545394	0.5217443457263903	7.518495820803857E-4	1.3858328182819645E-7	0.5653864884819073	6.923585388579916E-4	10.47808192513406	-76.49834095114684
1452000	-3526.5788136157526	-3441.463446990603	-85.11536662514955	-3441.463446990603	21.37067190574384	103.25949711107	0.7046637964574031	0.0617678135137813	2.517994314970763	0.42023787151545394	0.0617678135137813	2.517994314970763	0.42023787151545394	0.4378775029509376	6.906649393020099E-4	9.360932877523472E-8	0.4595791778190774	6.907652449158935E-4	7.351604843833091	-68.02059386339843
1453000	-3526.127697760538	-3440.827928783814	-85.29976897672377	-3440.827928783814	25.96803067829988	116.17429839803087	0.7046637964574031	0.0617678135137813	2.517994314970763	0.42023787151545394	0.0617678135137813	2.517994314970763	0.42023787151545394	0.4847483575049012	9.329886651311048E-4	3.4871546017850575E-7	0.6440921234420932	0.001000768176057691	10.232035926127534	-66.00335082629775
1454000	-3516.0419150647786	-3424.618355428703	-91.4235596360756	-3424.618355428703	27.874724648441646	140.0574859340434	0.7046637964574031	0.0617678135137813	2.517994314970763	0.42023787151545394	0.0617678135137813	2.517994314970763	0.42023787151545394	0.42796734816830806	6.898402187428598E-4	7.227222183006867E-8	0.4248664145231512	6.405840723317261E-4	15.707675090552295	-72.22087017128425
1455000	-3531.068900361765	-3428.8437649125244	-102.22513544924053	-3428.8437649125244	22.820544886412158	117.84252885996206	0.7046637964574031	0.1374486512540457	2.4423134772304986	0.42023787151545394	0.1374486512540457	2.4423134772304986	0.42023787151545394	0.508070167811005	8.118134167270805E-4	2.7186607311119436E-7	0.6582866403301855	7.288306800427401E-4	12.597277579540208	-71.48267045127895
1456000	-3520.277383929898	-3422.7922730633745	-97.48511086652323	-3422.7922730633745	29.264701597020224	133.0237533323508	0.7046637964574031	0.1374486512540457	2.4423134772304986	0.42023787151545394	0.1374486512540457	2.4423134772304986	0.42023787151545394	0.5424503860457842	8.086182795268285E-4	2.389435021643897E-7	0.667571504434442	7.890255774906863E-4	11.882196824492121	-70.54980083879556
1457000	-3521.9989958011347	-3423.6607981335965	-98.33819766753834	-3423.6607981335965	23.355346248370854	110.55160043707235	0.7046637964574031	0.1374486512540457	2.4423134772304986	0.42023787151545394	0.1374486512540457	2.4423134772304986	0.42023787151545394	0.4723119213842521	9.48420204485914E-4	2.53608351387435E-7	0.5587800202424538	8.052714823221E-4	9.708456950623502	-67.2186896235878
1458000	-3539.9099640511045	-3429.12558397797	-110.78438007313416	-3429.12558397797	27.793690159029186	127.21367783582238	0.7046637964574031	0.1374486512540457	2.4423134772304986	0.42023787151545394	0.1374486512540457	2.4423134772304986	0.42023787151545394	0.616336210144466	6.966929025638868E-4	3.200198061125165E-7	0.853969603296801	6.141403504963149E-4	9.755363283821499	-71.29951580489744
1459000	-3526.052705065319	-3420.568092477128	-105.48461258819104	-3420.568092477128	31.612392888692884	149.39320988696517	0.5857368468340844	0.1374486512540457	2.4423134772304986	0.42023787151545394	0.1374486512540457	2.4423134772304986	0.42023787151545394	0.5135850695469157	5.986323141579048E-4	1.1017398434888474E-7	0.6167565871247601	4.90401611748823E-4	14.826343576727389	-74.34952029662348
1460000	-3548.468760185773	-3437.777230098976	-110.69153008679743	-3437.777230098976	31.875342555983856	132.8320442622829	0.5857368468340844	0.1374486512540457	2.4423134772304986	0.42023787151545394	0.1374486512540457	2.4423134772304986	0.42023787151545394	0.6158117234295577	6.891039061882841E-4	2.1324752173106894E-7	0.7219914650462227	5.728251816535601E-4	13.544016538269068	-69.94904574703041
1461000	-3520.3556072492916	-3430.729702102584	-89.62590514670761	-3430.729702102584	25.990249317917083	125.14110974015551	0.5857368468340844	0.1374486512540457	2.4423134772304986	0.42023787151545394	0.1374486512540457	2.4423134772304986	0.42023787151545394	0.4086742080299338	7.13292344735742E-4	8.375985146368053E-8	0.4797735787734586	6.273470684352498E-4	11.947862576339759	-71.20443459008627
1462000	-3526.133141398721	-3426.556811257709	-99.5763301410121	-3426.556811257709	28.40188612887045	139.60699718682724	0.5857368468340844	0.1374486512540457	2.4423134772304986	0.42023787151545394	0.1374486512540457	2.4423134772304986	0.42023787151545394	0.45804726965947434	7.32153360849008E-4	1.291286293404282E-7	0.5706393519115075	6.381666582833861E-4	11.365625433720785	-74.50421961561929
1463000	-3551.0581051985223	-3444.7850906602216	-106.2730145383008	-3444.7850906602216	32.688811704650156	154.7703396988816	0.5857368468340844	0.1374486512540457	2.4423134772304986	0.42023787151545394	0.1374486512540457	2.4423134772304986	0.42023787151545394	0.5260340350500766	8.476950667730286E-4	3.1365067591350065E-7	0.6409516923073013	8.534712899314676E-4	16.30445550277241	-75.14682842619762
1464000	-3536.0753188470803	-3432.169544326801	-103.90577452027935	-3432.169544326801	41.44918437371962	191.93340720826532	0.5857368468340844	0.1929819370779338	2.5363146004668766	0.27070346245518806	0.1929819370779338	2.5363146004668766	0.27070346245518806	0.4080834651333086	5.829760289488197E-4	9.454252905900725E-8	0.5265041946391589	5.903292464422579E-4	20.653610894051656	-78.8059444219466
1465000	-3514.8684450640553	-3428.825842913772	-86.0426021502837	-3428.825842913772	52.77498159894203	212.45833027889597	0.5857368468340844	0.1929819370779338	2.5363146004668766	0.27070346245518806	0.1929819370779338	2.5363146004668766	0.27070346245518806	0.25017858109658586	4.2587300997779876E-4	1.9987304738706413E-8	0.31158157543716136	4.780867960448037E-4	22.27833490208435	-77.86984629840889
1466000	-3496.906441562939	-3421.074100014329	-75.83234154861015	-3421.074100014329	51.23516433557273	228.08968501186723	0.7350105981611361	0.1032951470252711	2.5363146004668766	0.36039025250785073	0.1032951470252711	2.5363146004668766	0.36039025250785073	0.18011163107170375	4.1347906156485317E-4	7.188761545067134E-9	0.20180831953860048	4.2558927975885885E-4	15.673707639918428	-83.76847607407312
1467000	-3500.5030327170225	-3432.464564012697	-68.03846870432584	-3432.464564012697	47.92376340672451	217.23077078385003	0.7350105981611361	0.10234353844185899	2.537266209050289	0.36039025250785073	0.10234353844185899	2.537266209050289	0.36039025250785073	0.17941294463083457	4.243387425903174E-4	4.79900462231828E-9	0.15338575774870922	4.377314604544934E-4	18.77997828574599	-81.11964928985715
1468000	-3505.4598421549827	-3424.2508357686966	-81.20900638628602	-3424.2508357686966	63.52680895825427	239.56832140275716	0.7350105981611361	0.10234353844185899	2.537266209050289	0.36039025250785073	0.10234353844185899	2.537266209050289	0.36039025250785073	0.2653897125813399	5.118289532530005E-4	1.9261614826114102E-8	0.24987582051810153	5.554761346954517E-4	17.398950968395138	-81.6909765636039
1469000	-3527.69486252296	-3418.807600676839	-108.8872618461212	-3418.807600676839	34.7076891673545	169.48844122471462	0.7350105981611361	0.10234353844185899	2.537266209050289	0.36039025250785073	0.10234353844185899	2.537266209050289	0.36039025250785073	0.47435698819608857	5.732083129633745E-4	4.564223357780577E-8	0.4844207995500244	4.136370377426886E-4	12.76309597523359	-80.3889668773854
1470000	-3538.721860156714	-3428.9676316912014	-109.75422846551217	-3428.9676316912014	30.255007325553493	164.67879512061182	0.7350105981611361	0.10234353844185899	2.537266209050289	0.36039025250785073	0.10234353844185899	2.537266209050289	0.36039025250785073	0.5231119697930622	6.71932665500437E-4	1.0585301654200675E-7	0.5745431588629722	5.396141254963624E-4	16.608568761582198	-78.41317182338788
1471000	-3535.1576141429887	-3425.6939895554274	-109.46362458756117	-3425.6939895554274	41.252906367119785	201.37312559795924	0.7350105981611361	0.10234353844185899	2.4320942711889257	0.4655621903692141	0.10234353844185899	2.4320942711889257	0.4655621903692141	0.5731512454047419	5.104016318855947E-4	4.981133847230082E-8	0.4934671863079089	4.712846380353801E-4	20.4395420784971	-80.89051630716472
1472000	-3526.244442339489	-3441.035442031619	-85.20900030787004	-3441.035442031619	39.00549812807688	167.56454406866584	0.7350105981611361	0.10234353844185899	2.4320942711889257	0.4655621903692141	0.10234353844185899	2.4320942711889257	0.4655621903692141	0.37723770301669135	6.394113188064095E-4	4.8853395020557845E-8	0.34821129487425706	6.764984210540462E-4	12.967072827301738	-75.82659773486947
1473000	-3532.3200279800953	-3430.0659752407882	-102.25405273930691	-3430.0659752407882	29.510205910986443	147.38992782004308	0.7350105981611361	0.10234353844185899	2.4320942711889257	0.4655621903692141	0.10234353844185899	2.4320942711889257	0.4655621903692141	0.4891597624198985	6.691206065907849E-4	1.0766886105484998E-7	0.5186333165528233	6.170364769584053E-4	15.131196614125608	-73.35798936934194
1474000	-3534.475865705216	-3420.137868482197	-114.33799722301926	-3420.137868482197	54.7736314334846	270.38032386750757	0.7350105981611361	0.10234353844185899	2.4320942711889257	0.4655621903692141	0.10234353844185899	2.4320942711889257	0.4655621903692141	0.47846931038018436	4.1733541259660533E-4	4.007188877784181E-8	0.5188877018695653	3.868135596855897E-4	23.525390926154945	-86.88914053043615
1475000	-3564.7644748552602	-3441.130090909479	-123.63438394578154	-3441.130090909479	56.156641166356536	260.7973842083495	0.7350105981611361	0.10234353844185899	2.4320942711889257	0.4655621903692141	0.10234353844185899	2.4320942711889257	0.4655621903692141	0.5341289921955061	3.43119133606624E-4	3.44227496461684E-8	0.5768960206562733	2.8070366489721556E-4	20.91532373613219	-85.42135488094412
1476000	-3519.4515399349048	-3418.6671940436763	-100.78434589122858	-3418.6671940436763	43.68112035173817	210.8975447147897	0.7350105981611361	0.10234353844185899	2.4320942711889257	0.4655621903692141	0.10234353844185899	2.4320942711889257	0.4655621903692141	0.4111899419488411	4.142697437856095E-4	2.1884270867647833E-8	0.38198201044600155	3.802781694163165E-4	17.803990596173524	-83.64309842273654
1477000	-3533.8687738430717	-3429.407698337407	-104.4610755056645	-3429.407698337407	38.92820245576684	203.85354988340518	0.7350105981611361	0.10234353844185899	2.4320942711889257	0.4655621903692141	0.10234353844185899	2.4320942711889257	0.4655621903692141	0.42061031752069494	4.726261452241013E-4	3.034692704374665E-8	0.39598546826257996	4.315660421871581E-4	14.67368322492306	-85.52018051940566
1478000	-3547.3989785977333	-3433.3139686952586	-114.08500990247452	-3433.3139686952586	66.95726978057544	291.10765440581594	0.7350105981611361	0.10234353844185899	2.4320942711889257	0.4655621903692141	0.10234353844185899	2.4320942711889257	0.4655621903692141	0.47925076921463744	2.892964439798461E-4	2.0322014699215516E-8	0.4218090304322158	3.439737323399788E-4	21.910748365413717	-88.61241602863343
1479000	-3533.5224442956737	-3430.990525768575	-102.53191852709888	-3430.990525768575	52.959760797674	224.5848896441159	0.7350105981611361	0.10234353844185899	2.4320942711889257	0.4655621903692141	0.10234353844185899	2.4320942711889257	0.4655621903692141	0.4989059411395851	4.5722318184812796E-4	5.047857319349357E-8	0.440903637108106	5.786862591002847E-4	17.02403897688944	-82.13461471156373
1480000	-3504.438885880626	-3434.901207944843	-69.537677935783	-3434.901207944843	39.19758306691244	158.15319860905674	0.7350105981611361	0.10234353844185899	2.4320942711889257	0.4655621903692141	0.10234353844185899	2.4320942711889257	0.4655621903692141	0.23477190674906617	6.859597216356589E-4	3.152034418684009E-8	0.23346243794401117	7.500181070253208E-4	14.454639534265652	-72.96341245620494
1481000	-3509.9144346668204	-3420.5603668335984	-89.3540678332221	-3420.5603668335984	45.72463477508349	214.94379194103843	0.7350105981611361	0.10234353844185899	2.4320942711889257	0.4655621903692141	0.10234353844185899	2.4320942711889257	0.4655621903692141	0.28640548448159636	4.3340024922479837E-4	1.4432594175035882E-8	0.28572893158437873	4.252063145607646E-4	20.494211969901244	-82.84674531292241
1482000	-3505.6784920085506	-3429.1460361221084	-76.53245588644215	-3429.1460361221084	46.70000673466642	198.259505826858	0.7350105981611361	0.10234353844185899	2.4320942711889257	0.4655621903692141	0.10234353844185899	2.4320942711889257	0.4655621903692141	0.18851902590258313	4.972614864761967E-4	1.1867867540053968E-8	0.21798724205444522	4.7709945711626154E-4	16.20915213880267	-79.16800972594007
1483000	-3512.9369587011497	-3424.2585632102064	-88.67839549094322	-3424.2585632102064	36.7686763776405	186.60596211176056	0.7350105981611361	0.10234353844185899	2.5467123872322346	0.3509440743259052	0.10234353844185899	2.5467123872322346	0.3509440743259052	0.29571443322419644	6.27189121837905E-4	4.310744689067503E-8	0.33133027211275035	6.759959602387657E-4	14.420352831315356	-80.97423456178022
1484000	-3532.354408673253	-3438.830937408587	-93.52347126466603	-3438.830937408587	43.972310930571155	221.12644004776757	0.5665862891634064	0.10234353844185899	2.5467123872322346	0.3509440743259052	0.10234353844185899	2.5467123872322346	0.3509440743259052	0.29136736532246504	4.06391773079215E-4	1.4665971201880141E-8	0.33694344212556177	3.768911977201918E-4	24.605126659713616	-82.80826662372576
1485000	-3519.3545155875254	-3429.2046346700604	-90.149880917465	-3429.2046346700604	34.57828170964204	164.35167699622906	0.5665862891634064	0.10234353844185899	2.5467123872322346	0.3509440743259052	0.10234353844185899	2.5467123872322346	0.3509440743259052	0.37337579114385605	5.892743881441111E-4	8.278921959932608E-8	0.4163193611717718	7.208177956435923E-4	13.566507593594018	-76.07485215790408
1486000	-3517.568190001408	-3438.2858517103564	-79.28233829105164	-3438.2858517103564	48.60000710884125	201.96793597105435	0.5665862891634064	0.10234353844185899	2.5467123872322346	0.3509440743259052	0.10234353844185899	2.5467123872322346	0.3509440743259052	0.24556396061340713	4.411039509921784E-4	9.927346320281477E-9	0.22446537500027045	4.192695611546029E-4	14.336118338576787	-80.042291311872
1487000	-3493.018890616133	-3440.2607583638046	-52.75813225232855	-3440.2607583638046	41.81384935458054	192.14273724609058	0.5665862891634064	0.10234353844185899	2.5467123872322346	0.3509440743259052	0.10234353844185899	2.5467123872322346	0.3509440743259052	0.09176361506965222	6.084264202806458E-4	4.83745481075089E-9	0.11306540505707509	6.146904285759864E-4	15.227867612360031	-80.239433492151
1488000	-3508.028662057402	-3432.1406718042294	-75.8879902531725	-3432.1406718042294	40.41342480030439	186.82323187806065	0.6827578983584368	0.20789127541139185	2.4411646502627016	0.3509440743259052	0.20789127541139185	2.4411646502627016	0.3509440743259052	0.23711198812403728	4.898511560374664E-4	1.2659165750473071E-8	0.23398210534984254	4.829060489250995E-4	17.92545273539727	-78.72210559470943
1489000	-3526.8949262001574	-3436.4989664400105	-90.39595976014692	-3436.4989664400105	38.8744420410063	170.30360051929566	0.8062190950579222	0.20789127541139185	2.4411646502627016	0.3509440743259052	0.20789127541139185	2.4411646502627016	0.3509440743259052	0.2981687372999337	6.573820381270383E-4	5.2405277171033274E-8	0.3574086823871069	6.214132243936635E-4	19.399794644011166	-76.61488525355533
1490000	-3524.3780820810407	-3445.517947412754	-78.86013466828653	-3445.517947412754	32.46675917862623	161.56216926389698	0.8062190950579222	0.20789127541139185	2.4411646502627016	0.3509440743259052	0.20789127541139185	2.4411646502627016	0.3509440743259052	0.207741677578799	7.166332173806041E-4	2.6545479470921312E-8	0.23782681464758168	6.510150563574212E-4	13.009037758055618	-77.02821856679321
1491000	-3521.829326412126	-3432.271476586821	-89.55784982530517	-3432.271476586821	29.40379386074377	135.37806108317423	0.8062190950579222	0.08216999288774157	2.4411646502627016	0.47666535684955547	0.08216999288774157	2.4411646502627016	0.47666535684955547	0.46187824889081813	7.846710683958523E-4	1.271751496879386E-7	0.4603601604133751	8.708984519333492E-4	13.216617509687858	-71.11614108917776
1492000	-3523.9561261812314	-3424.715390683905	-99.24073549732644	-3424.715390683905	40.77418497974519	179.8104702773112	0.8062190950579222	0.08216999288774157	2.4411646502627016	0.47666535684955547	0.08216999288774157	2.4411646502627016	0.47666535684955547	0.470081408112854	5.601530657018657E-4	5.429119064199745E-8	0.4181209630296998	5.667927464156369E-4	15.628566929509365	-77.76959399643647
1493000	-3514.2109843349854	-3432.915582750809	-81.29540158417626	-3432.915582750809	39.55295648704032	208.53545421787305	0.8062190950579222	0.08216999288774157	2.58974311310313	0.32808689400912716	0.08216999288774157	2.58974311310313	0.32808689400912716	0.21927997963643175	5.34342010834632E-4	1.5176155493182342E-8	0.21699567614781373	5.511456993553612E-4	17.698500942739965	-83.98852712173453
1494000	-3531.869866444222	-3429.2477538069807	-102.62211263724156	-3429.2477538069807	38.46161834865952	180.99145961989484	0.8062190950579222	0.08216999288774157	2.58974311310313	0.32808689400912716	0.08216999288774157	2.58974311310313	0.32808689400912716	0.6169563781841322	4.441993859300835E-4	4.507222012610022E-8	0.48481733112708797	5.02892051869563E-4	18.835126380561487	-77.4977412608295
1495000	-3541.125825268262	-3421.8203830348257	-119.30544223343621	-3421.8203830348257	45.52954519798074	240.51292092098282	0.8062190950579222	0.08216999288774157	2.58974311310313	0.32808689400912716	0.08216999288774157	2.58974311310313	0.32808689400912716	0.6069251932495515	3.8603174060721656E-4	3.8195133218563126E-8	0.582048191531918	3.584463208760678E-4	21.073940291581163	-89.03358895813857
1496000	-3545.604817347142	-3428.8545319402874	-116.75028540685466	-3428.8545319402874	33.88598959366765	198.94357688952326	0.8062190950579222	0.08216999288774157	2.58974311310313	0.32808689400912716	0.08216999288774157	2.58974311310313	0.32808689400912716	0.5387223652637517	5.276107546339854E-4	5.474657357244859E-8	0.5018603387885111	4.4978315072113196E-4	27.290088008025567	-82.9022414202685
1497000	-3531.5235824058914	-3425.554890899985	-105.96869150590632	-3425.554890899985	34.91041183129182	181.63316874467517	0.8062190950579222	0.08216999288774157	2.58974311310313	0.32808689400912716	0.08216999288774157	2.58974311310313	0.32808689400912716	0.5135624042952174	5.599184647228917E-4	1.2282629997844128E-7	0.5926087331893423	6.127689295158037E-4	19.516414533217226	-79.46787090235576
1498000	-3534.0350687454	-3429.0262358541527	-105.00883289124741	-3429.0262358541527	32.94684585174812	167.9747290014128	0.8062190950579222	0.08216999288774157	2.58974311310313	0.32808689400912716	0.08216999288774157	2.58974311310313	0.32808689400912716	0.4427986281307502	5.1675000260832E-4	1.4825829157515668E-7	0.5589365949082221	6.669533746080079E-4	15.644008590654487	-77.1739393096334
1499000	-3537.398067799649	-3428.932797133052	-108.46527066659691	-3428.932797133052	37.19606872690132	189.95679217324556	0.6425029778788303	0.08216999288774157	2.4304382467502186	0.48739176036203846	0.08216999288774157	2.4304382467502186	0.48739176036203846	0.7339396820586013	3.5984365085298456E-4	7.364760140131004E-8	0.6174970337991847	5.516770491610306E-4	14.000442374096265	-82.36824850062024
1500000	-3508.832533259897	-3427.716100887069	-81.1164323728281	-3427.716100887069	43.53063886014817	201.53794454942118	0.7239315182985823	0.08216999288774157	2.4304382467502186	0.48739176036203846	0.08216999288774157	2.4304382467502186	0.48739176036203846	0.2209849562279478	4.864574425267775E-4	1.3808909287946254E-8	0.244707001081647	4.915330138657491E-4	16.5484810720545	-81.74066784638013
