#
#model:
#
#<?xml version="1.0" encoding="UTF-8" standalone="no"?><input id="posterior" spec="beast.base.inference.CompoundDistribution">
#    <distribution id="prior" spec="beast.base.inference.CompoundDistribution">
#        <distribution id="BayesianSkyline.t:HRTV_S_BEAST" spec="beast.base.evolution.tree.coalescent.BayesianSkyline">
#            <parameter dimension="5" id="bPopSizes.t:HRTV_S_BEAST" lower="0.0" name="popSizes" spec="beast.base.inference.parameter.RealParameter">380.0</parameter>
#            <groupSizes dimension="5" id="bGroupSizes.t:HRTV_S_BEAST" spec="beast.base.inference.parameter.IntegerParameter">1</groupSizes>
#            <treeIntervals id="BSPTreeIntervals.t:HRTV_S_BEAST" spec="beast.base.evolution.tree.TreeIntervals">
#                <tree id="Tree.t:HRTV_S_BEAST" spec="beast.base.evolution.tree.Tree">
#                    <trait id="dateTrait.t:HRTV_S_BEAST" spec="beast.base.evolution.tree.TraitSet" traitname="date" value="HRTV-23_T_S_2019=2019,HRTV-26_T_S_2019=2019,HRTV-404_T_S_2021=2021,HRTV-100_T_S_2022=2022,HRTV-187_T_S_2022=2022,HRTV-056F_T_S_2023=2023,HRTV-504_T_S_2019=2019,HRTV-432R_T_S_2023=2023,HRTV-642T_T_S_2023=2023,JX005843_H_S_MO_2009=2009,OQ688983.1_T_S_MO_2012=2012,OQ688989.1_T_S_MO_2012=2012,OQ688986.1_T_S_KS_2015=2015,OQ688993.1_H_S_OK_2017=2017,MZ440341_T_S_NY_2018=2018,MZ440344_T_S_NY_2018=2018,NC_024496_H_S_MO_2009=2009,KJ740146_H_S_TN_2013=2013,OQ688998.1_H_S_KY_2017=2017,OQ689001.1_H_S_MO_2017=2017">
#                        <taxa id="TaxonSet.HRTV_S_BEAST" spec="beast.base.evolution.alignment.TaxonSet">
#                        </taxa>
#                    </trait>
#                    <taxonset idref="TaxonSet.HRTV_S_BEAST"/>
#                </tree>
#            </treeIntervals>
#        </distribution>
#        <distribution id="MarkovChainedPopSizes.t:HRTV_S_BEAST" parameter="@bPopSizes.t:HRTV_S_BEAST" shape="1.5" spec="beast.base.inference.distribution.MarkovChainDistribution" useLogNormal="true"/>
#        <prior id="ORCRatePriorDistribution.c:HRTV_S_BEAST" name="distribution">
#            <parameter dimension="38" id="ORCRates.c:HRTV_S_BEAST" lower="1.0E-100" name="x" spec="beast.base.inference.parameter.RealParameter">0.5</parameter>
#            <LogNormal id="LogNormalDistributionModel.0" meanInRealSpace="true" name="distr">
#                <parameter estimate="false" id="RealParameter.2" name="M" spec="beast.base.inference.parameter.RealParameter">1.0</parameter>
#                <parameter id="ORCsigma.c:HRTV_S_BEAST" lower="0.0" name="S" spec="beast.base.inference.parameter.RealParameter">0.2</parameter>
#            </LogNormal>
#        </prior>
#        <prior id="ORCsigmaPrior.c:HRTV_S_BEAST" name="distribution" x="@ORCsigma.c:HRTV_S_BEAST">
#            <Gamma id="Gamma.0" name="distr">
#                <parameter estimate="false" id="RealParameter.3" name="alpha" spec="beast.base.inference.parameter.RealParameter">5.0</parameter>
#                <parameter estimate="false" id="RealParameter.4" name="beta" spec="beast.base.inference.parameter.RealParameter">0.05</parameter>
#            </Gamma>
#        </prior>
#        <prior id="ORCucldMeanPrior.c:HRTV_S_BEAST" name="distribution">
#            <parameter id="ORCucldMean.c:HRTV_S_BEAST" name="x" spec="beast.base.inference.parameter.RealParameter">0.0016226</parameter>
#            <Gamma id="Gamma.1" name="distr">
#                <alpha id="Function$Constant.1" spec="beast.base.core.Function$Constant" value="0.1"/>
#                <beta id="Function$Constant.2" spec="beast.base.core.Function$Constant" value="100.0"/>
#            </Gamma>
#        </prior>
#        <prior id="Standard_TPM3_rates_prior.s:HRTV_S_BEAST" name="distribution">
#            <parameter dimension="3" id="TPM3rates.s:HRTV_S_BEAST" lower="0.0" name="x" spec="beast.base.inference.parameter.RealParameter">1.0 1.0 1.0</parameter>
#            <distr id="Dirichlet.0" spec="beast.base.inference.distribution.Dirichlet">
#                <alpha id="Function$Constant.0" spec="beast.base.core.Function$Constant" value="1.0 1.0 1.0"/>
#            </distr>
#        </prior>
#        <prior id="PropInvariantPrior.s:HRTV_S_BEAST" name="distribution">
#            <parameter id="proportionInvariant.s:HRTV_S_BEAST" lower="0.0" name="x" spec="beast.base.inference.parameter.RealParameter" upper="1.0">0.769</parameter>
#            <Uniform id="Uniform.2" name="distr"/>
#        </prior>
#    </distribution>
#    <distribution id="likelihood" spec="beast.base.inference.CompoundDistribution" useThreads="true">
#        <distribution data="@HRTV_S_BEAST" id="treeLikelihood.HRTV_S_BEAST" spec="beast.base.evolution.likelihood.ThreadedTreeLikelihood" tree="@Tree.t:HRTV_S_BEAST">
#            <siteModel id="SiteModel.s:HRTV_S_BEAST" proportionInvariant="@proportionInvariant.s:HRTV_S_BEAST" spec="beast.base.evolution.sitemodel.SiteModel">
#                <parameter estimate="false" id="mutationRate.s:HRTV_S_BEAST" lower="0.0" name="mutationRate" spec="beast.base.inference.parameter.RealParameter">1.0</parameter>
#                <parameter estimate="false" id="gammaShape.s:HRTV_S_BEAST" lower="0.1" name="shape" spec="beast.base.inference.parameter.RealParameter">1.0</parameter>
#                <substModel id="Standard_TPM3.s:HRTV_S_BEAST" rates="@TPM3rates.s:HRTV_S_BEAST" spec="substmodels.nucleotide.TPM3"/>
#            </siteModel>
#            <branchRateModel clock.rate="@ORCucldMean.c:HRTV_S_BEAST" id="OptimisedRelaxedClock.c:HRTV_S_BEAST" rates="@ORCRates.c:HRTV_S_BEAST" spec="beast.base.evolution.branchratemodel.UCRelaxedClockModel" tree="@Tree.t:HRTV_S_BEAST">
#                <LogNormal S="@ORCsigma.c:HRTV_S_BEAST" id="ORCLogNormalDistributionModel.c:HRTV_S_BEAST" meanInRealSpace="true" name="distr">
#                    <parameter estimate="false" id="RealParameter.1" name="M" spec="beast.base.inference.parameter.RealParameter">1.0</parameter>
#                </LogNormal>
#            </branchRateModel>
#        </distribution>
#    </distribution>
#</input>
#
Sample	posterior	likelihood	prior	treeLikelihood	Tree.height	Tree.treeLength	proportionInvariant	RateAC-Standard_TPM3	RateAG-Standard_TPM3	RateAT-Standard_TPM3	RateCG-Standard_TPM3	RateCT-Standard_TPM3	RateGT-Standard_TPM3	ORCsigma	ORCRatesStat.mean	ORCRatesStat.variance	ORCRatesStat.coefficientOfVariation	ORCucldMean	BayesianSkyline	bPopSizes.1	bPopSizes.2	bPopSizes.3	bPopSizes.4	bPopSizes.5	bGroupSizes.1	bGroupSizes.2	bGroupSizes.3	bGroupSizes.4	bGroupSizes.5
0	-22689.379343341923	-6449.466071353185	-16239.913271988738	-6449.466071353185	1.2018086472997144E306	8.625068447896872E306	0.820969221975808	1.281549485657988	1.0183918657408673	0.7000586486011404	1.281549485657988	1.0183918657408673	0.7000586486011404	0.3154060852472743	0.002288501846642675	6.389018476653443E-7	0.3276682457362923	0.002670763919709404	-13415.265845253016	7.084965717463613E306	2.9538448786481345E306	1.5159034758745097E306	5.343846509833947E305	4.8603891443378016E305	2	8	5	3	1
1000	-22647.170114680295	-6449.466071353185	-16197.704043327112	-6449.466071353185	2.95469702340876E306	1.119790272983225E307	0.820969221975808	1.281549485657988	1.11455140257323	0.6038991117687778	1.281549485657988	1.11455140257323	0.6038991117687778	0.10103690089024456	1.4278052323435925E-4	1.7604442067460047E-10	0.09502675324882813	1.4043910889861494E-4	-13415.64134612125	1.2246482083260438E307	3.330513681345572E306	1.1933406579923403E306	8.715116788300322E305	1.317449498172643E306	1	8	5	1	4
2000	-22699.18075646952	-6449.466071353184	-16249.714685116334	-6449.466071353184	9.451566098027974E306	2.8724085746389283E307	0.820969221975808	1.5238455303490674	0.9516105109411119	0.5245439587098164	1.5238455303490674	0.9516105109411119	0.5245439587098164	0.23192229329901592	6.391743257355055E-5	3.6106942812253417E-10	0.2616622272823227	7.046030734962016E-5	-13426.523660994724	1.4049480603587743E307	2.3689623712205767E306	3.0674918748525285E306	1.985899643996714E306	3.472897391370726E306	1	8	3	3	4
3000	-22688.381634783585	-6449.466071353184	-16238.9155634304	-6449.466071353184	2.3707966677905767E306	1.278724568341875E307	0.820969221975808	1.5238455303490674	0.9516105109411119	0.5245439587098164	1.5238455303490674	0.9516105109411119	0.5245439587098164	0.2723564946641273	2.1722060910856563E-4	2.962913956403185E-9	0.25193764534935537	2.2650112504104937E-4	-13420.835580896073	1.3425105140221707E307	3.657640920669682E306	6.040379514221605E306	1.557416838367508E306	8.491513531684361E305	2	5	4	1	7
4000	-22697.67338610183	-6449.466071353184	-16248.207314748644	-6449.466071353184	1.658270524909455E306	1.1583744399971214E307	0.820969221975808	1.5238455303490674	0.9516105109411119	0.5245439587098164	1.5238455303490674	0.9516105109411119	0.5245439587098164	0.2881197601491704	3.5332057851353586E-4	9.174100984762879E-9	0.28037019043131534	3.303044933469336E-4	-13422.524158172682	4.5319657267373514E306	3.6887706044211296E306	4.297319606868821E306	3.231631564101107E306	1.330618273531231E306	3	3	1	5	7
5000	-23310.385160692815	-7071.210577749716	-16239.1745829431	-7071.210577749716	1.7686313206260806E306	1.0039096523745168E307	0.5073703432233401	1.5238455303490674	0.9516105109411119	0.5245439587098164	1.5238455303490674	0.9516105109411119	0.5245439587098164	0.2347799992712441	5.002852737043608E-4	1.547111833636218E-8	0.266656449506683	4.912773968691217E-4	-13418.534770023296	4.3056933201749595E306	4.4726936077601416E306	1.307503263984024E306	2.7723898423211456E306	8.007765863761198E305	5	2	4	1	7
6000	-23331.56181699266	-7071.210577749716	-16260.351239242944	-7071.210577749716	3.287035337179207E306	2.476510796692267E307	0.5073703432233401	1.5238455303490674	0.9516105109411119	0.5245439587098164	1.5238455303490674	0.9516105109411119	0.5245439587098164	0.19660691664877414	2.7617381523840102E-5	3.965364583915242E-11	0.2190575447547519	2.7585119659244333E-5	-13440.839638879916	1.9533446866933196E307	1.6849280700052357E307	6.821395783561458E306	5.1061469849390403E306	8.026901816150678E306	5	2	2	4	6
7000	-23355.211302366944	-7071.210577749716	-16284.00072461723	-7071.210577749716	1.2625258344164338E307	9.442097773959885E307	0.5073703432233401	1.5238455303490674	0.9516105109411119	0.5245439587098164	1.5238455303490674	0.9516105109411119	0.5245439587098164	0.2373618387411939	3.8875017910186556E-7	7.197343262598603E-15	0.22925504304085662	3.6297600263682546E-7	-13463.201208759216	5.513310797056889E307	1.7407609399288875E307	4.4521932465098E307	1.1117183691724363E307	1.317514950550571E307	7	1	1	1	9
8000	-24003.533880134186	-7718.702564307486	-16284.8313158267	-7718.702564307486	1.281461785746617E307	1.1792905720245491E308	0.32770657090779776	1.5238455303490674	0.9516105109411119	0.5245439587098164	1.5238455303490674	0.9516105109411119	0.5245439587098164	0.1868578751563161	1.0664608460930075E-6	4.564680920836306E-14	0.2158597541673102	1.0169934887795205E-6	-13467.24592793698	6.02342889360932E307	1.2936453400560528E308	4.829828756192067E307	2.571777179290736E307	2.0606401877795553E307	4	1	1	3	10
9000	-24018.211683122197	-7718.702564307486	-16299.509118814713	-7718.702564307486	3.00913139977628E307	Infinity	0.32770657090779776	1.5238455303490674	0.9516105109411119	0.5245439587098164	1.5238455303490674	0.9516105109411119	0.5245439587098164	0.1976406614364113	0.0	1.5644615314670262E-14	0.19174239220112627	6.801428757377938E-7	-13484.09992817564	1.2334664455449707E308	6.640664836042036E307	1.4239176480017163E308	6.679482940996606E307	3.791080315776877E307	6	3	2	2	6
10000	-24027.25299616139	-7718.702564307486	-16308.550431853904	-7718.702564307486	6.772117640058995E307	Infinity	0.32770657090779776	1.5238455303490674	0.9516105109411119	0.5245439587098164	1.5238455303490674	0.9516105109411119	0.5245439587098164	0.19408823299217326	0.0	6.0655322493599744E-15	0.1873634249884005	3.9628763937817503E-7	-13493.640220361227	1.099353488398015E308	1.6583790088302317E308	7.478797844210961E307	3.223751390565423E307	1.695346810520345E307	2	5	6	5	1
11000	-23996.176694812908	-7718.702564307486	-16277.474130505421	-7718.702564307486	2.2778173924579663E307	Infinity	0.32770657090779776	1.5238455303490674	0.9516105109411119	0.5245439587098164	1.5238455303490674	0.9516105109411119	0.5245439587098164	0.08694256944265549	0.0	1.993435089239714E-15	0.10682008595081138	4.2492863010518766E-7	-13482.382358161482	1.0254898997331827E308	7.616135296784043E307	4.3780132800368793E307	4.641573892970971E307	1.1431956745165608E307	3	1	7	4	4
12000	-24105.473243230288	-7846.920414012243	-16258.552829218046	-7846.920414012243	1.4257607802618261E307	1.1998276086425142E308	0.3011242989021852	1.5238455303490674	0.9516105109411119	0.5245439587098164	1.5238455303490674	0.9516105109411119	0.5245439587098164	0.09989361546324003	3.7467142749568647E-6	1.3260320671936688E-13	0.09741364082264461	3.7086043707590477E-6	-13467.336196307451	1.2978600191356705E308	8.542821713361128E307	3.452099306020431E307	2.1848931245393101E307	4.900265447974022E306	2	3	10	2	2
13000	-24153.166796017213	-7846.920414012243	-16306.24638200497	-7846.920414012243	3.428097850110618E307	Infinity	0.3011242989021852	1.419446415862514	0.9708915204620979	0.6096620636753839	1.419446415862514	0.9708915204620979	0.6096620636753839	0.1974508870326303	0.0	9.609077655603553E-12	0.1890484439206969	1.631127189551367E-5	-13488.531480632288	1.095558505383262E308	1.0935306945202979E308	3.3250571749001107E307	1.6846742918921077E307	7.281027754846497E306	3	9	4	1	2
14000	-23720.927528977518	-7379.020139362256	-16341.907389615262	-7379.020139362256	5.858934524721884E307	Infinity	0.41108149378416237	1.419446415862514	0.9708915204620979	0.6096620636753839	1.419446415862514	0.9708915204620979	0.6096620636753839	0.3233216604589383	0.0	4.2957346614652224E-11	0.36294183057061213	1.6728990310435964E-5	-13496.893126588686	1.095558505383262E308	1.0935306945202979E308	1.0055165165841948E308	7.209585929077928E307	3.0077756942722147E307	3	2	12	1	1
15000	-23691.08099818007	-7379.020139362256	-16312.060858817815	-7379.020139362256	1.2120527923904625E308	Infinity	0.41108149378416237	1.419446415862514	0.9708915204620979	0.6096620636753839	1.419446415862514	0.9708915204620979	0.6096620636753839	0.21192982757903694	0.0	8.503665236211814E-12	0.19708138739075837	1.5070296912086924E-5	-13491.32360360317	9.131981310231488E307	9.03962463954395E307	5.751419180481606E307	9.747069258088109E307	4.054271661357463E307	11	3	3	1	1
16000	-24093.14453914071	-7797.030057954791	-16296.114481185921	-7797.030057954791	1.5078959305374826E308	Infinity	0.31118546473503683	1.419446415862514	0.9708915204620979	0.6096620636753839	1.419446415862514	0.9708915204620979	0.6096620636753839	0.1651047366208569	0.0	5.33511694267147E-10	0.14697650686060365	1.4950548994423915E-4	-13478.27493685183	4.081671285401047E307	4.282301419747729E307	7.950046498761281E307	8.570296588940931E307	1.284203045203928E308	3	6	3	3	4
17000	-24112.312262893713	-7797.030057954791	-16315.282204938921	-7797.030057954791	2.853676468118656E307	Infinity	0.31118546473503683	1.419446415862514	0.9708915204620979	0.6096620636753839	1.419446415862514	0.9708915204620979	0.6096620636753839	0.30102019778973677	0.0	6.24342663456738E-11	0.2622660804226971	2.9787507724551442E-5	-13483.403434974303	1.2048674659803336E308	5.83365793805261E307	6.388088940630627E307	4.737145858529665E307	6.021795881900654E307	2	1	3	8	5
18000	-24140.576732480167	-7797.030057954791	-16343.546674525376	-7797.030057954791	1.2869585408288276E308	Infinity	0.31118546473503683	1.419446415862514	1.1388121627257324	0.4417414214117495	1.419446415862514	1.1388121627257324	0.4417414214117495	0.35686781024556025	0.0	8.713126500538452E-9	0.4070488394303716	2.2283375472518672E-4	-13493.068452624322	9.752069349082653E307	1.000397954893083E308	1.0682024358324587E308	1.4861921278778778E308	8.412022203591871E307	1	1	4	3	10
19000	-24129.771392643815	-7797.030057954791	-16332.741334689024	-7797.030057954791	7.815515941803984E307	Infinity	0.31118546473503683	1.2731678346876114	1.1388121627257324	0.588020002586652	1.2731678346876114	1.1388121627257324	0.588020002586652	0.2840810566463598	0.0	1.5134553177230083E-6	0.27760770580217864	0.004434477927517551	-13494.961281207032	1.3817932827439439E308	6.2847006067657E307	3.7266018919521517E307	6.848282214854078E307	2.6816574472234584E307	2	4	2	7	4
20000	-24077.67324299627	-7797.030057954791	-16280.643185041477	-7797.030057954791	2.301962967381614E307	Infinity	0.31118546473503683	1.2731678346876114	1.1388121627257324	0.588020002586652	1.2731678346876114	1.1388121627257324	0.588020002586652	0.104747219928025	0.0	9.839276334250106E-6	0.10081826897466332	0.031140264492143802	-13479.229568345952	1.3576024337613002E308	1.3108397025258733E308	8.870604639884813E307	3.347372047878985E307	2.753033543736391E307	2	9	1	3	4
21000	-22743.311056484396	-6418.921572310787	-16324.38948417361	-6418.921572310787	6.416372932291816E307	Infinity	0.8497573629975663	1.2731678346876114	1.1388121627257324	0.588020002586652	1.2731678346876114	1.1388121627257324	0.588020002586652	0.1784582427713019	0.0	5.158314847477653E-4	0.22362057620363715	0.09804060394569351	-13484.426642087852	1.3796372452506218E308	7.127813484686097E307	9.693461105856382E307	7.911764898517029E307	2.892738152354939E307	1	2	6	3	7
22000	-22737.357041327035	-6418.921572310787	-16318.435469016247	-6418.921572310787	3.3658958135902687E307	Infinity	0.8497573629975663	1.2731678346876114	1.1388121627257324	0.588020002586652	1.2731678346876114	1.1388121627257324	0.588020002586652	0.27363791879405275	0.0	0.007848242064422379	0.26462455579173705	0.3241304318903872	-13482.151873700763	6.284984502882571E307	3.6388481117974966E307	2.3907698379879813E307	1.7527209396151727E307	1.3241770596743005E307	4	6	6	2	1
23000	-22715.108948322908	-6418.921572310779	-16296.187376012129	-6418.921572310779	1.3563560944787743E307	1.6933050934245215E308	0.8497573629975663	1.1375371403671877	1.2220088681659658	0.6404539914668423	1.1375371403671877	1.2220088681659658	0.6404539914668423	0.300373027590738	0.018236320696664803	2.0168209816830872E-5	0.24990217591175687	0.01862684057685487	-13466.407722032833	1.5828467508102961E308	3.7021125266706934E307	7.103510867558408E306	3.0100296453489294E306	1.1407337430622676E306	9	2	5	1	2
24000	-22711.519678286124	-6418.921572310779	-16292.598105975343	-6418.921572310779	1.7407791961669896E307	Infinity	0.8497573629975663	1.1375371403671877	1.2220088681659658	0.6404539914668423	1.1375371403671877	1.2220088681659658	0.6404539914668423	0.13995274358346416	0.0	8.924639777563148E-6	0.1602713267072311	0.019480765682807506	-13474.886532679013	1.0693089994529327E308	4.1611477428273635E307	1.682183375979181E307	4.4520206019885696E306	2.637092726704699E306	9	2	1	5	2
25000	-22721.46096063738	-6418.921572310779	-16302.539388326602	-6418.921572310779	1.6337840269607397E307	Infinity	0.8497573629975663	1.1375371403671877	1.2220088681659658	0.6404539914668423	1.1375371403671877	1.2220088681659658	0.6404539914668423	0.29103115472209234	0.0	1.6395228431428918E-4	0.21455969524572946	0.055498322161890566	-13471.801080956444	1.0195207582513763E308	3.28406890880895E307	8.5098525514367E306	2.7569923192701443E306	2.4817602072321337E306	8	6	2	2	1
26000	-22704.770933546788	-6418.921572310779	-16285.84936123601	-6418.921572310779	6.991786449677259E306	8.937442884053314E307	0.8497573629975663	1.1375371403671877	1.2220088681659658	0.6404539914668423	1.1375371403671877	1.2220088681659658	0.6404539914668423	0.2719455567904958	0.13007759318993153	0.0013086042509761696	0.272961554148447	0.13297023755662465	-13455.204010272497	8.066238078060315E307	1.1813366893148137E307	6.091072978289187E306	1.5635476561433978E306	5.741582086393149E305	6	5	5	1	2
27000	-22711.492593561547	-6418.921572310777	-16292.571021250767	-6418.921572310777	1.4818328415672618E307	9.83525458760081E307	0.8497573629975663	1.1375371403671877	1.2220088681659658	0.6404539914668423	1.1375371403671877	1.2220088681659658	0.6404539914668423	0.27357270675864886	0.30535914146976656	0.00710556734776406	0.2705900574017031	0.2991530683425622	-13458.073265113215	4.731820766187849E307	1.5496079062536164E307	7.950798014638737E306	5.785872604567973E306	3.5476724061505585E306	6	2	4	4	3
28000	-22699.6856226223	-6418.921572310777	-16280.764050311522	-6418.921572310777	9.398209770835648E306	7.56081044521147E307	0.8497573629975663	1.1375371403671877	1.2220088681659658	0.6404539914668423	1.1375371403671877	1.2220088681659658	0.6404539914668423	0.2392365994430666	1.347924905273299	0.07453768553721436	0.21256251718665667	1.2786238756459467	-13450.132307080868	7.429453979401481E307	4.4730324270312193E307	9.440094203693283E306	1.994701953500631E306	4.4488970898850115E306	3	5	4	5	2
29000	-22676.17633290206	-6418.921572310777	-16257.254760591284	-6418.921572310777	7.495895989829126E306	6.49925599124065E307	0.8497573629975663	1.1375371403671877	1.2220088681659658	0.6404539914668423	1.1375371403671877	1.2220088681659658	0.6404539914668423	0.10647546316361597	2.6938136164449835	0.08962832953698568	0.1110863700834195	2.674066336769955	-13453.182172456887	7.794597063917881E307	4.4730324270312193E307	1.0502060984860173E307	5.352147506530314E306	6.447995258055165E306	1	6	3	7	2
30000	-22651.82872362203	-6418.921572310777	-16232.907151311254	-6418.921572310777	6.859765053130039E306	3.941718543650561E307	0.8497573629975663	1.1375371403671877	1.2220088681659658	0.6404539914668423	1.1375371403671877	1.2220088681659658	0.6404539914668423	0.08576890629095629	0.33975329400796933	6.92244824281962E-4	0.07861065133058494	0.32670769663107574	-13442.786896717591	1.056332369456837E307	7.722628570832614E306	1.655656997600349E307	3.629509599310304E306	1.808803003116764E306	1	3	6	7	2
31000	-22687.113071791413	-6418.921572310777	-16268.191499480638	-6418.921572310777	2.0853174759423577E306	2.022800215543372E307	0.8497573629975663	1.1375371403671877	1.2220088681659658	0.6404539914668423	1.1375371403671877	1.2220088681659658	0.6404539914668423	0.31405809468630547	0.057791000446932764	2.2027453321248674E-4	0.2691928039656302	0.0541708075537331	-13436.21598034287	2.7226570061252844E307	7.871533377164434E306	7.818312038275515E306	4.060246514837982E306	8.067792000403713E306	1	3	8	5	2
32000	-22672.89716023966	-6418.921572310777	-16253.975587928882	-6418.921572310777	2.9281610531840305E306	1.745083569497191E307	0.8497573629975663	1.1375371403671877	1.2220088681659658	0.6404539914668423	1.1375371403671877	1.2220088681659658	0.6404539914668423	0.22261961387321488	0.027631591688299702	3.303240758468326E-5	0.19485694908060586	0.029390660246181772	-13433.74651567438	2.3803305567059535E307	8.53092384852093E306	7.818312038275515E306	3.8398622885053527E306	8.054305217231072E306	1	1	8	6	3
33000	-22707.30602096117	-6418.9215723107845	-16288.384448650384	-6418.9215723107845	2.2572402355066025E307	7.716450801916422E307	0.8497573629975663	1.2159408652047743	1.1436051433283791	0.6404539914668423	1.2159408652047743	1.1436051433283791	0.6404539914668423	0.29955541046657586	0.016605442002471545	2.0545146331952087E-5	0.3063547415487329	0.01440819834466212	-13452.164444425965	1.6507944799079992E307	2.1713974618995904E307	8.340775726089142E306	7.598488479367194E306	1.0388391373031175E307	1	3	7	5	3
34000	-22714.61215531923	-6418.921572310775	-16295.690583008456	-6418.921572310775	7.054299875557399E307	Infinity	0.8497573629975663	1.2159408652047743	1.3589047116364574	0.4251544231587641	1.2159408652047743	1.3589047116364574	0.4251544231587641	0.2603201081358754	0.0	1.05867495893533E-4	0.3099301862586862	0.03345177537275638	-13455.58710493418	4.923856641818712E307	1.855018778288378E307	7.819552657198182E306	2.8002980659365456E307	2.939930241621411E307	3	1	8	3	4
35000	-24017.292315266466	-7703.230836821399	-16314.061478445068	-7703.230836821399	3.7928655059692877E307	Infinity	0.3310788794841847	1.2159408652047743	1.3589047116364574	0.4251544231587641	1.2159408652047743	1.3589047116364574	0.4251544231587641	0.3667350587350867	0.0	9.277597739276509E-5	0.3623852592947055	0.02766030575134017	-13471.456323380185	1.1435942603304509E308	5.122125409836018E307	2.0209122632893413E307	2.431641416539785E307	2.1557182431693863E307	5	2	4	4	4
36000	-23974.233169815776	-7703.230836821401	-16271.002332994374	-7703.230836821401	7.619018704891369E306	7.536725277141461E307	0.3310788794841847	1.3828658291545477	1.191979747686684	0.4251544231587641	1.3828658291545477	1.191979747686684	0.4251544231587641	0.144646195626743	0.252916600848679	0.0010229850242119245	0.1298302669257557	0.24916133418641345	-13459.03139744156	4.704265531857093E307	7.406627937734724E307	3.7709388441469295E307	5.411087747793735E306	3.3513212897031243E306	1	5	1	6	6
37000	-24019.98617188523	-7703.230836821401	-16316.755335063828	-7703.230836821401	1.3226977771716665E307	1.0900069546394098E308	0.3310788794841847	1.3828658291545477	1.191979747686684	0.4251544231587641	1.3828658291545477	1.191979747686684	0.4251544231587641	0.3455607551439725	0.12312236070632931	0.0019631437685670456	0.39504246944656485	0.10408907691469074	-13463.509004972639	5.572102085293182E307	5.479814549933155E307	1.5801466797334777E307	9.112645203962318E306	6.429662245125674E306	6	2	2	5	4
38000	-23975.384763342547	-7703.230836821406	-16272.153926521141	-7703.230836821406	7.240619557157651E306	6.61632662592321E307	0.3310788794841847	1.2483132705343156	1.191979747686684	0.5597069817789961	1.2483132705343156	1.191979747686684	0.5597069817789961	0.1894883799097172	0.1968692506130594	0.0010032733955822439	0.1616762288157989	0.2008804999828868	-13456.080471421159	4.1219137226146285E307	4.650606486213133E307	2.5178012130176865E307	5.971478921241095E306	3.20604692470253E306	6	2	2	5	4
39000	-23336.949743017045	-7041.668885772131	-16295.280857244916	-7041.668885772131	2.6536549201694075E307	1.4193359823534936E308	0.5179240399740446	1.2483132705343156	1.191979747686684	0.5597069817789961	1.2483132705343156	1.191979747686684	0.5597069817789961	0.22941635921023334	0.32168510759219165	0.0034742960776055817	0.18116760154766465	0.3282770321270686	-13470.334881546476	5.493204153021616E307	2.0529203156024592E307	4.561429450283858E307	1.1896593323657317E307	1.3287767602966607E307	3	4	5	5	2
40000	-23332.082595804204	-7041.668885772131	-16290.413710032075	-7041.668885772131	2.519762074400453E307	1.2185837044604264E308	0.5179240399740446	1.1535475567391456	1.191979747686684	0.6544726955741661	1.1535475567391456	1.191979747686684	0.6544726955741661	0.18836070286309245	1.3126431079659733	0.07509131239634567	0.19884848101966296	1.3602371455892588	-13466.470191058661	2.0619589090657454E307	2.1610901794804692E307	1.8153981737615635E307	1.842555515555373E307	1.4830113444402097E307	3	1	3	10	2
41000	-23344.06566181873	-7041.668885772131	-16302.3967760466	-7041.668885772131	1.423184590566862E308	Infinity	0.5179240399740446	1.1535475567391456	1.191979747686684	0.6544726955741661	1.1535475567391456	1.191979747686684	0.6544726955741661	0.16093031288474782	0.0	3.891809422515118E-6	0.16141392579531677	0.012174820530582747	-13484.030456598926	1.3195941039006972E308	1.28763918349816E308	1.0479791631614475E308	5.001552505152142E307	4.147165894121862E307	2	1	3	7	6
42000	-23365.75722332078	-7041.668885772131	-16324.088337548648	-7041.668885772131	3.0395448477801734E307	Infinity	0.5179240399740446	0.9719916784645741	1.3735356259612554	0.6544726955741661	0.9719916784645741	1.3735356259612554	0.6544726955741661	0.2953286902918296	0.0	0.0016758316008508752	0.31576804132818537	0.12220620448390859	-13479.498700711054	1.1146349688526733E308	1.211618383652085E308	2.5965800905044257E307	2.368082789919492E307	1.6445845168730266E307	4	1	1	6	7
43000	-23309.506123926192	-7041.668885772131	-16267.837238154063	-7041.668885772131	1.6268393702427703E307	9.648364072930094E307	0.5179240399740446	0.9719916784645741	1.4697412689625418	0.5582670525728798	0.9719916784645741	1.4697412689625418	0.5582670525728798	0.12055001478778438	Infinity	0.0780041042954736	0.11705593733802415	2.391985271287484	-13462.325467834413	5.749165410126451E307	3.321303520974421E307	1.887273594554325E307	9.685469470762074E306	7.438670922369339E306	4	3	6	2	4
44000	-23316.149852399452	-7041.668885772131	-16274.48096662732	-7041.668885772131	9.446618526116753E306	4.204965067338451E307	0.5179240399740446	0.9719916784645741	1.4697412689625418	0.5582670525728798	0.9719916784645741	1.4697412689625418	0.5582670525728798	0.2860016469654232	0.8696979372825193	0.060944509808586664	0.26440608473404037	1.027882590569448	-13443.727228872362	1.423758587473581E307	9.102575948458415E306	8.445944973323881E306	2.9437054393403833E306	7.411286956895493E306	4	3	6	2	4
45000	-23296.318409370317	-7041.668885772131	-16254.649523598187	-7041.668885772131	7.692940206068529E306	5.001417699710664E307	0.5179240399740446	0.9719916784645741	1.4697412689625418	0.5582670525728798	0.9719916784645741	1.4697412689625418	0.5582670525728798	0.12795848577539623	0.5150205216376992	0.004033007564729679	0.12479739051043967	0.5029850694056504	-13450.54531718594	2.0143172911992182E307	1.106139446761453E307	9.430635789635932E306	2.1186327554580232E306	1.621853639324715E306	4	8	1	2	4
46000	-23313.919388537543	-7041.668885772131	-16272.250502765413	-7041.668885772131	1.7373008132098483E307	5.234116863206967E307	0.5179240399740446	0.9719916784645741	1.4697412689625418	0.5582670525728798	0.9719916784645741	1.4697412689625418	0.5582670525728798	0.25369518779834205	0.12614435367909596	0.0019435491041413892	0.2975024023527069	0.1491044094428824	-13438.899916761025	2.9356179101398524E307	1.067474987953765E307	5.408397473053555E306	3.716347719982137E306	4.9757437036581803E306	4	1	3	7	4
47000	-23268.91068995453	-7041.668885772131	-16227.2418041824	-7041.668885772131	1.47155867702878E306	1.186385369080552E307	0.5179240399740446	0.9719916784645741	1.4697412689625418	0.5582670525728798	0.9719916784645741	1.4697412689625418	0.5582670525728798	0.15491149065756887	0.016175506859066095	5.240287671143697E-6	0.14450337547144138	0.01604891460280028	-13425.577375769331	8.976951245408588E306	8.322177300544885E306	4.7235886768693425E306	2.2683829692340983E306	1.6941044884990808E306	5	2	2	9	1
48000	-23287.737883403264	-7041.668885772131	-16246.068997631135	-7041.668885772131	2.561339569534073E306	2.1486749645635973E307	0.5179240399740446	0.9719916784645741	1.4697412689625418	0.5582670525728798	0.9719916784645741	1.4697412689625418	0.5582670525728798	0.19614482997318866	0.20038476488190862	0.0013813689893589084	0.18973451830511798	0.19796975261254143	-13431.209953048847	2.053229569154274E307	5.0984336573968E306	2.2211712545822953E306	1.7918382021974212E306	1.1862876546718994E306	5	2	7	4	1
49000	-23301.1106846174	-7041.668885772131	-16259.441798845271	-7041.668885772131	4.324750851878297E306	2.425818548967713E307	0.5179240399740446	1.1938483266243642	1.4697412689625418	0.33641040441308967	1.1938483266243642	1.4697412689625418	0.33641040441308967	0.2198901116638293	0.6152336560590581	0.017713229331585895	0.22041390746830286	0.6068334282048478	-13436.26141366137	4.455098142750555E306	9.699170097162544E306	6.304717853551419E306	3.911820788810624E306	4.242222980328396E306	1	4	9	4	1
50000	-23351.393386600135	-7041.668885772131	-16309.724500828004	-7041.668885772131	2.3355174481487553E307	1.0263445945741752E308	0.5179240399740446	1.1938483266243642	1.4697412689625418	0.33641040441308967	1.1938483266243642	1.4697412689625418	0.33641040441308967	0.3901690357099688	0.6584611530318153	0.05466640653274105	0.4173651498679003	0.6031500681792731	-13462.764444567092	1.4770844845583732E308	4.04084042462072E307	2.781721988840199E307	1.5498675843036517E307	4.936520167320673E306	2	4	5	7	1
51000	-23350.693784021387	-7041.668885772131	-16309.024898249254	-7041.668885772131	2.343659834109256E307	1.342419901019292E308	0.5179240399740446	1.1938483266243642	1.4697412689625418	0.33641040441308967	1.1938483266243642	1.4697412689625418	0.33641040441308967	0.3060962537881869	0.08831704363723926	0.0010816186863045842	0.3649534231231182	0.09472521614797223	-13469.124307405506	2.269035725950435E307	3.3438899267282216E307	1.416546246074795E307	1.132693733106238E307	2.4327822296932765E307	2	5	1	2	9
52000	-23664.078247993275	-7317.295136716018	-16346.783111277258	-7317.295136716018	9.44838390138212E307	Infinity	0.4285935889409155	1.1938483266243642	1.4697412689625418	0.33641040441308967	1.1938483266243642	1.4697412689625418	0.33641040441308967	0.35158948646059796	NaN	0.15130024481483684	0.3167681745446862	1.1894039371436174	-13496.296280381843	1.4873930534017232E308	8.322744571171713E307	9.712135341675127E307	1.2754745280758995E308	2.190230984362845E307	7	5	4	1	2
53000	-23652.846967154917	-7317.295136716018	-16335.551830438899	-7317.295136716018	5.06662843369605E307	Infinity	0.4285935889409155	1.1938483266243642	1.4697412689625418	0.33641040441308967	1.1938483266243642	1.4697412689625418	0.33641040441308967	0.2515205835994879	0.0	0.017799733952595362	0.30341836857766996	0.4475083990610541	-13490.655473958555	1.7625579941673186E308	1.0356616727001061E308	7.827895861735757E307	7.040671248621553E307	7.108688747049966E307	5	1	5	1	7
54000	-25270.377058003698	-8949.878691072123	-16320.498366931575	-8949.878691072123	1.6542033851747914E308	Infinity	0.14714263150401008	1.1938483266243642	1.4697412689625418	0.33641040441308967	1.1938483266243642	1.4697412689625418	0.33641040441308967	0.17420979302947548	0.0	3.3581309211748216E-5	0.16395433518661023	0.03595413222259478	-13499.510280649132	1.3105160769282157E308	8.218460620175912E307	8.599954970450129E307	8.772156025158057E307	3.442781390704773E307	1	6	2	5	5
55000	-25275.828044082104	-8949.878691072123	-16325.94935300998	-8949.878691072123	1.1038004187963551E308	Infinity	0.14714263150401008	1.1938483266243642	1.2767180932667994	0.5294335801088319	1.1938483266243642	1.2767180932667994	0.5294335801088319	0.21501272599663868	0.0	0.0027123267496852394	0.2689719881383297	0.19062974400519092	-13485.154602461247	8.137043418338158E307	8.12678666355937E307	5.102986966011745E307	8.772156025158057E307	5.488587182839789E307	1	7	2	6	3
56000	-24205.60025262543	-7898.348636756622	-16307.25161586881	-7898.348636756622	6.284572739849382E307	Infinity	0.2911115008867683	1.1938483266243642	1.2767180932667994	0.5294335801088319	1.1938483266243642	1.2767180932667994	0.5294335801088319	0.2333673332317687	NaN	0.031943316864166064	0.22313283852712046	0.7924471125366734	-13473.756219464516	8.891225577577759E307	3.44461822336981E307	6.253596446839214E307	2.9060396059748143E307	4.3262002294318637E307	1	7	4	2	5
57000	-22918.26538834568	-6613.809311237466	-16304.456077108216	-6613.809311237466	7.398611899294095E307	Infinity	0.7095548867848963	1.1938483266243642	1.2767180932667994	0.5294335801088319	1.1938483266243642	1.2767180932667994	0.5294335801088319	0.15559458771558812	0.0	6.449292710547639E-5	0.15515011327449424	0.050682133157463144	-13485.834398276043	5.73798171291935E307	7.179311695432294E307	3.0152180115728606E307	6.370056607388469E307	4.649887616635193E307	4	7	3	3	2
58000	-22858.277716442608	-6613.809311237466	-16244.46840520514	-6613.809311237466	1.0018091737827362E307	9.213659406103767E307	0.7095548867848963	1.1938483266243642	1.2767180932667994	0.5294335801088319	1.1938483266243642	1.2767180932667994	0.5294335801088319	0.06052057089957255	0.4699154509216827	6.307715503386605E-4	0.0531559301070562	0.47063028994205225	-13462.712299821835	5.079019479981674E307	9.978228918912603E306	2.1327575863483104E307	2.9875190170807405E307	6.253816963342294E306	10	1	2	2	4
59000	-22945.826011391997	-6613.809311237466	-16332.016700154529	-6613.809311237466	2.8871368911383814E307	Infinity	0.7095548867848963	1.1938483266243642	1.2767180932667994	0.5294335801088319	1.1938483266243642	1.2767180932667994	0.5294335801088319	0.3683749149937036	0.0	0.05675186552868807	0.34621862300157336	0.6019912586876629	-13475.633318838789	6.14116511142436E307	3.3176958874790135E307	4.960952457400595E307	2.040449577905014E307	1.0350892489194557E307	9	4	2	2	2
60000	-22898.618347108335	-6613.809311237466	-16284.809035870869	-6613.809311237466	2.691495797638274E307	Infinity	0.7095548867848963	1.1938483266243642	1.2767180932667994	0.5294335801088319	1.1938483266243642	1.2767180932667994	0.5294335801088319	0.13190791726499512	0.0	7.328303397045422E-4	0.12474113379187636	0.2207900580501794	-13476.060169342109	1.5536310856412844E308	7.408717081308299E307	2.375930591286044E307	1.6247968411474092E307	7.105990793176493E306	4	10	2	1	2
61000	-23545.086104048576	-7279.242080623641	-16265.844023424934	-7279.242080623641	1.6617720832947496E307	1.5119757475229786E308	0.4398051126660789	1.1938483266243642	1.2767180932667994	0.5294335801088319	1.1938483266243642	1.2767180932667994	0.5294335801088319	0.08909557925572242	0.1852545584911587	2.721748286423931E-4	0.08909256007588974	0.18617763523995826	-13472.819486531542	6.065878578488932E307	1.8811507392514476E307	1.257383972912455E307	1.046442724739395E307	1.2346181087380062E307	10	4	2	2	1
62000	-23801.449693732884	-7522.593057149938	-16278.856636582947	-7522.593057149938	5.72128066611342E307	Infinity	0.37332596702387044	1.1938483266243642	1.2767180932667994	0.5294335801088319	1.1938483266243642	1.2767180932667994	0.5294335801088319	0.07440536034815222	0.0	5.151946537083773E-6	0.06817651518290703	0.032951718435803905	-13491.885474834206	1.755289798668783E308	6.237139755035598E307	4.272255876384215E307	3.033828872903021E307	1.0888246892862798E307	10	1	6	1	1
63000	-23828.20250310297	-7522.593057149938	-16305.609445953032	-7522.593057149938	1.0972926739385994E308	Infinity	0.37332596702387044	1.1938483266243642	1.2767180932667994	0.5294335801088319	1.1938483266243642	1.2767180932667994	0.5294335801088319	0.12343632309030649	0.0	1.8959106056395443E-5	0.12255461434400607	0.03648030294860028	-13496.7323896914	1.1102422273568941E308	4.601666158853784E307	7.382649169785919E307	6.971728108060543E307	3.8570002215598205E307	10	1	4	2	2
64000	-23853.047317467935	-7522.593057149938	-16330.454260317996	-7522.593057149938	1.5992539202478194E308	Infinity	0.37332596702387044	1.1938483266243642	1.2767180932667994	0.5294335801088319	1.1938483266243642	1.2767180932667994	0.5294335801088319	0.1969210460895872	0.0	0.0014278880310307125	0.19942334946280643	0.19477897309562023	-13502.10042519413	1.6309630167030453E308	1.3009448981070894E308	1.0977238241585991E308	1.0016129811409638E308	4.2816811153260624E307	4	7	4	2	2
65000	-23840.701758077907	-7522.593057149938	-16318.108700927967	-7522.593057149938	2.463705104660305E307	1.321695280521878E308	0.37332596702387044	1.1938483266243642	1.2767180932667994	0.5294335801088319	1.1938483266243642	1.2767180932667994	0.5294335801088319	0.3707916552128952	Infinity	0.6884836823044477	0.35512138158482826	2.501369238937989	-13469.812627242998	8.933617452739092E307	7.836302360033405E307	4.0848148028220423E307	1.2907380865409478E307	1.114120199760307E307	3	8	3	1	4
66000	-23770.489185237133	-7522.593057149938	-16247.896128087195	-7522.593057149938	6.112390435085999E306	4.2529381578010763E307	0.37332596702387044	1.1938483266243642	1.2767180932667994	0.5294335801088319	1.1938483266243642	1.2767180932667994	0.5294335801088319	0.12917168479979357	0.26489259477391885	9.80059113543997E-4	0.11777825206406552	0.25837001126738507	-13445.191621160746	3.296820223684805E307	1.4731057977239036E307	6.627631647353713E306	2.4354715751817936E306	1.6543027882144798E306	3	8	3	1	4
67000	-23766.749067170866	-7522.593057149938	-16244.156010020928	-7522.593057149938	6.963092322538484E306	4.775574831010151E307	0.37332596702387044	1.5337022849906803	1.1412227749482473	0.32507494006106796	1.5337022849906803	1.1412227749482473	0.32507494006106796	0.1520359735219211	0.7293101401775448	0.0066064988195595285	0.11204190379489337	0.7343736850535517	-13439.790003340608	4.973967346277388E307	3.286517087997676E307	5.574338558946192E306	5.0933835479956806E306	2.265471969507304E306	3	1	7	1	7
68000	-23770.93876684115	-7522.59305714994	-16248.34570969121	-7522.59305714994	3.7602824913502875E306	2.593183863811383E307	0.37332596702387044	1.4002677260465595	1.4289162232912047	0.17081605066223146	1.4002677260465595	1.4289162232912047	0.17081605066223146	0.17797802051584308	Infinity	1.3919950887013846	0.1654806143482869	7.017645379575772	-13428.825185340986	2.255455621399507E307	1.0399074301840795E307	4.079829456010477E306	6.128775495827515E306	9.352930977075957E305	3	3	5	1	7
69000	-23793.46736407198	-7522.59305714994	-16270.87430692204	-7522.59305714994	1.7431901241822352E307	7.195060868591375E307	0.37332596702387044	1.4002677260465595	1.4289162232912047	0.17081605066223146	1.4002677260465595	1.4289162232912047	0.17081605066223146	0.1729702456259715	1.1248051428546486	0.03052412240119455	0.1643680056605192	1.0711710933875758	-13451.335158290569	1.1346793400031202E307	2.861551443824118E307	2.5689347556972836E307	1.0122908885305434E307	5.650949914094702E306	3	3	1	5	7
70000	-23785.54863568563	-7522.59305714994	-16262.955578535692	-7522.59305714994	2.808647989925127E307	1.4133376906432404E308	0.37332596702387044	1.4002677260465595	1.4289162232912047	0.17081605066223146	1.4002677260465595	1.4289162232912047	0.17081605066223146	0.0841128868132714	1.0016006838627587	0.005859813092249026	0.07445983259366383	1.020729235471086	-13470.405083930025	9.263897521915898E307	5.116688034430165E307	4.208679653804114E307	3.867257342927105E307	2.3782953862157015E307	3	3	1	4	8
71000	-23799.827013806338	-7522.59305714994	-16277.233956656399	-7522.59305714994	1.4721211523591152E307	1.2464653564427834E308	0.37332596702387044	1.4002677260465595	1.4289162232912047	0.17081605066223146	1.4002677260465595	1.4289162232912047	0.17081605066223146	0.11303894844096989	0.12147078779373377	2.152643877175439E-4	0.11981438645818723	0.12220651885265446	-13469.390332430354	1.058628218527207E308	4.391153934718038E307	5.961190840689365E307	1.5369179713645258E307	4.884239928709839E306	7	1	4	3	4
72000	-23809.91922976194	-7522.59305714994	-16287.326172612	-7522.59305714994	2.1783410591299936E307	1.5206825627969746E308	0.37332596702387044	1.4002677260465595	1.4289162232912047	0.17081605066223146	1.4002677260465595	1.4289162232912047	0.17081605066223146	0.19002780611334114	0.9330998390760931	0.016866230418699616	0.13393014049376326	0.9475476340804483	-13471.778970693336	5.122931083283497E307	4.144598238955021E307	9.857743531258648E306	1.133138714580365E307	8.046777635406498E306	7	3	2	3	4
73000	-23817.712438935207	-7522.59305714994	-16295.119381785265	-7522.59305714994	4.998067559227032E307	Infinity	0.37332596702387044	1.4002677260465595	1.4289162232912047	0.17081605066223146	1.4002677260465595	1.4289162232912047	0.17081605066223146	0.17935487832302485	NaN	0.04251685983545963	0.15970534552738722	1.4056080599825764	-13471.459761680297	2.967723230145535E307	7.921299013199236E307	3.153341081687615E307	3.502933881224916E307	1.676418557915393E307	7	2	3	3	4
74000	-23830.488715086667	-7522.59305714994	-16307.895657936726	-7522.59305714994	2.5021849560703745E307	1.7467312743696148E308	0.37332596702387044	1.4002677260465595	1.4289162232912047	0.17081605066223146	1.4002677260465595	1.4289162232912047	0.17081605066223146	0.24401346356311143	Infinity	0.07028420187452193	0.23393221637199063	1.11902757242295	-13475.423482470796	8.756385693305075E307	4.958932416656131E307	2.633922685934785E307	2.917707972695279E307	1.0752820205352664E307	7	2	5	1	4
75000	-23849.582413775257	-7522.59305714994	-16326.989356625316	-7522.59305714994	6.529320617750969E307	Infinity	0.37332596702387044	1.4002677260465595	1.2337230368018426	0.3660092371515936	1.4002677260465595	1.2337230368018426	0.3660092371515936	0.23413132518739196	NaN	0.07365342116286673	0.21555402626929634	1.342064095058849	-13497.748755174764	1.5676874698060865E308	1.2175204809172937E308	9.396588152676504E307	2.8993884311124677E307	1.9277511903154018E307	4	1	8	2	4
76000	-23815.50546791545	-7522.5930571499375	-16292.912410765513	-7522.5930571499375	6.15952696477366E307	Infinity	0.37332596702387044	1.2083921602948526	1.4255986025535494	0.3660092371515936	1.2083921602948526	1.4255986025535494	0.3660092371515936	0.13161131232752932	0.0	0.0016039502826478919	0.13749410602502476	0.2996121324213723	-13479.76081887109	5.336028568435979E307	4.907371712193408E307	7.592613644541043E307	4.810919054355017E307	2.300275073556199E307	1	7	1	6	4
77000	-23830.42261391885	-7522.5930571499375	-16307.829556768913	-7522.5930571499375	8.81517411638036E306	6.013807043824998E307	0.37332596702387044	1.2083921602948526	1.4255986025535494	0.3660092371515936	1.2083921602948526	1.4255986025535494	0.3660092371515936	0.3559217905896454	Infinity	9.089241675568111	0.4133472306474636	7.330228773309282	-13455.60143780219	1.1326368784159264E308	8.263487578660273E307	3.36990288730918E307	1.2177936449920772E307	5.41724396490667E306	1	2	1	11	4
78000	-23823.512719861443	-7522.5930571499375	-16300.919662711505	-7522.5930571499375	1.8449853617802597E307	1.0192824007157214E308	0.37332596702387044	1.2083921602948526	1.4255986025535494	0.3660092371515936	1.2083921602948526	1.4255986025535494	0.3660092371515936	0.3048746799384268	0.18330446954860946	0.0033148498665593064	0.28233407352092965	0.20613002040659567	-13462.823159956952	9.682488782161395E307	3.2400364955293436E307	4.1681842217967366E307	2.3040217215630156E307	1.4076424479854776E307	1	2	1	11	4
79000	-23867.036027424925	-7522.59305714994	-16344.442970274984	-7522.59305714994	4.587992748678051E307	Infinity	0.37332596702387044	1.3971657967602502	1.2368249660881518	0.3660092371515936	1.3971657967602502	1.2368249660881518	0.3660092371515936	0.6708398086818697	0.0	0.0016542984049514632	0.5431738339116575	0.0779694540692016	-13479.021161770286	1.001746515229786E308	4.1250052210806517E307	2.687996942631779E307	2.6138608384987065E307	2.548305453519552E307	4	4	2	6	3
80000	-23843.410366467357	-7522.59305714994	-16320.817309317417	-7522.59305714994	6.564565096585464E307	Infinity	0.37332596702387044	1.3971657967602502	1.2368249660881518	0.3660092371515936	1.3971657967602502	1.2368249660881518	0.3660092371515936	0.21837948327220374	NaN	0.08419825343976035	0.26372411454603145	1.0458701243820612	-13478.41220337872	8.747169475808054E307	8.54441087389984E307	6.979962681897563E307	4.580475331087128E307	6.231186965880722E307	5	3	2	6	3
81000	-23833.684945495428	-7522.59305714994	-16311.091888345487	-7522.59305714994	2.975345352411703E307	Infinity	0.37332596702387044	1.3971657967602502	1.2368249660881518	0.3660092371515936	1.3971657967602502	1.2368249660881518	0.3660092371515936	0.21151228006264594	0.0	0.006716989084675191	0.23693072604862464	0.3482397412123993	-13476.157374493589	1.340630076076723E308	4.727243171902236E307	4.258673381489146E307	2.7598767420234437E307	2.0338513080432019E307	7	1	6	1	4
82000	-23828.20677019099	-7522.59305714994	-16305.613713041052	-7522.59305714994	6.746837845688203E307	Infinity	0.37332596702387044	1.3971657967602502	1.2368249660881518	0.3660092371515936	1.3971657967602502	1.2368249660881518	0.3660092371515936	0.14727664182489322	NaN	0.07194912099939686	0.14955555081315158	1.8699054963745447	-13486.948815753209	1.0116495550120759E308	1.130811490182139E308	8.063686368229419E307	2.9871185320497607E307	1.8955645392251672E307	11	1	2	2	3
83000	-23062.515877576	-6759.754445785546	-16302.761431790452	-6759.754445785546	3.6105880761243826E307	Infinity	0.6341296154583065	1.22170722018247	1.4122835426659321	0.3660092371515936	1.22170722018247	1.4122835426659321	0.3660092371515936	0.1408724826296661	0.0	4.92938407449617E-5	0.13384930681513119	0.05230432912835566	-13489.630990468346	1.0116495550120759E308	7.77217928759619E307	4.716941146714671E307	6.366394015177178E307	4.509777300694028E307	11	1	3	2	2
84000	-23073.286503277	-6759.754445785546	-16313.532057491451	-6759.754445785546	6.360015068150229E307	Infinity	0.6341296154583065	1.22170722018247	1.4122835426659321	0.3660092371515936	1.22170722018247	1.4122835426659321	0.3660092371515936	0.2883449367010828	0.0	1.1330484136700622E-4	0.2654507366752373	0.040234805704712114	-13478.522889749132	1.5053402263691027E308	4.84185556732664E307	5.694042086530116E307	3.298631208714973E307	5.046155792437967E307	1	8	7	1	2
85000	-23073.377759041272	-6759.754445785546	-16313.623313255726	-6759.754445785546	2.567433837275964E307	1.3663396982691728E308	0.6341296154583065	1.22170722018247	1.4122835426659321	0.3660092371515936	1.22170722018247	1.4122835426659321	0.3660092371515936	0.33999776223061023	0.026201694667195213	8.62108789219484E-5	0.3558812267056308	0.024521164872874757	-13463.440860841996	8.319693210678004E307	3.35294500018839E307	1.7632449158748154E307	1.4257576759699078E307	1.5074546176934753E307	2	2	3	10	2
86000	-23037.466145025828	-6759.754445785546	-16277.711699240283	-6759.754445785546	2.097244200340446E307	1.568044848822467E308	0.6341296154583065	1.22170722018247	1.4122835426659321	0.3660092371515936	1.22170722018247	1.4122835426659321	0.3660092371515936	0.16156387927867172	6.905341451009099E-4	9.025985788861551E-9	0.14192273285665602	6.771777936855309E-4	-13469.689978238499	1.3529725844199193E308	1.025111764466237E308	3.3068027386059067E307	2.793235169746864E307	1.2287713586518338E307	3	1	2	10	3
87000	-23069.6124282943	-6759.754445785546	-16309.857982508753	-6759.754445785546	3.460630531074226E307	Infinity	0.6341296154583065	1.22170722018247	1.4122835426659321	0.3660092371515936	1.22170722018247	1.4122835426659321	0.3660092371515936	0.2833060956008916	0.0	8.821426397025573E-7	0.22992198738733133	0.003912053373570483	-13475.742677904873	7.603615555020214E307	4.008908413070267E307	1.8724492305606304E307	5.194824150818885E307	1.7488867779597664E307	1	2	4	8	4
88000	-23070.126139445034	-6759.754445785546	-16310.371693659486	-6759.754445785546	7.317478285963576E307	Infinity	0.6341296154583065	1.22170722018247	1.4122835426659321	0.3660092371515936	1.22170722018247	1.4122835426659321	0.3660092371515936	0.19070951151360943	0.0	1.8086872936030018E-10	0.20418025422009586	6.944728698321624E-5	-13487.54210255368	1.5171764502925267E308	1.79405414540172E308	1.7118741340148925E308	5.727864898139657E307	2.847480761422641E307	1	2	2	8	6
89000	-23072.01004521108	-6759.754445785545	-16312.255599425534	-6759.754445785545	1.072759787654072E308	Infinity	0.6341296154583065	1.22170722018247	1.2101684137531739	0.568124366064352	1.22170722018247	1.2101684137531739	0.568124366064352	0.24328123328109005	0.0	3.4218938535574234E-12	0.22734836295201055	8.059307522559518E-6	-13484.166021524916	1.7634892587941335E308	1.6862394884318925E308	8.862415481779615E307	4.354662920066106E307	7.138937831449574E307	1	2	4	7	5
90000	-23057.1969225145	-6759.754445785545	-16297.442476728955	-6759.754445785545	7.34862894664349E307	Infinity	0.6341296154583065	1.22170722018247	1.2101684137531739	0.568124366064352	1.22170722018247	1.2101684137531739	0.568124366064352	0.21278973135652718	0.0	1.2978557410793883E-12	0.21876108093346736	5.318465237572115E-6	-13478.17046379238	2.71695058646432E307	5.226454719523492E307	5.052438409332895E307	4.354662920066106E307	2.5145286262684646E307	3	5	4	6	1
91000	-23084.973173240927	-6759.754445785545	-16325.218727455382	-6759.754445785545	9.92020703235622E307	Infinity	0.6341296154583065	1.22170722018247	1.2101684137531739	0.568124366064352	1.22170722018247	1.2101684137531739	0.568124366064352	0.2909221722943863	0.0	3.245742227847286E-12	0.29760082691225576	6.5771287735277364E-6	-13491.042253767437	7.791641903098989E307	6.807785625012293E307	1.1474461527672672E308	1.5799301810291403E308	1.1839699110518728E308	6	2	3	6	2
92000	-23358.86662782084	-7024.790143890201	-16334.076483930638	-7024.790143890201	9.240797735561715E307	Infinity	0.5240731542625603	1.22170722018247	1.2101684137531739	0.568124366064352	1.22170722018247	1.2101684137531739	0.568124366064352	0.28744429895829426	0.0	1.6748958643442428E-7	0.33515532141303794	0.0012305471428490468	-13489.731678381871	4.917434052884564E307	3.249268216913639E307	9.113923228070521E307	1.5224215121425398E308	8.613295680805482E307	3	3	3	6	4
93000	-23338.017927446977	-7024.790143890201	-16313.227783556778	-7024.790143890201	4.295106061852841E307	Infinity	0.5240731542625603	1.22170722018247	1.2101684137531739	0.568124366064352	1.22170722018247	1.2101684137531739	0.568124366064352	0.25320771417509474	0.0	2.9733244569871347E-9	0.22328767039427333	2.5576173069812545E-4	-13486.216715857316	1.2288285196425681E308	8.670157373570138E307	5.598599809306017E307	7.11528403950092E307	1.0081786631431043E307	5	9	1	2	2
94000	-23339.121866353806	-7024.790143890201	-16314.331722463605	-7024.790143890201	5.853849336566503E307	Infinity	0.5240731542625603	1.22170722018247	1.2101684137531739	0.568124366064352	1.22170722018247	1.2101684137531739	0.568124366064352	0.24155395630220972	0.0	1.876446716191419E-9	0.22760838229315974	1.9011645492613777E-4	-13485.19231909669	1.2288285196425681E308	9.918944333702354E307	1.0814515342657203E308	4.538254106452501E307	3.084438886293394E307	3	9	1	2	4
95000	-23344.333454820626	-7024.790143890201	-16319.543310930427	-7024.790143890201	3.7241911775396453E307	Infinity	0.5240731542625603	1.22170722018247	1.447469667886312	0.33082311193121383	1.22170722018247	1.447469667886312	0.33082311193121383	0.3309794977145406	0.0	2.121361996340441E-7	0.31895148265571116	0.0015994380640750648	-13480.9169674571	1.018023743591499E308	6.664921191565827E307	8.01175887817347E307	5.927985167501692E307	2.510834956334106E307	1	12	1	1	4
96000	-23300.087435786205	-7024.790143890201	-16275.297291896002	-7024.790143890201	6.271573809067387E307	Infinity	0.5240731542625603	1.4051696631233794	1.2640072249454024	0.33082311193121383	1.4051696631233794	1.2640072249454024	0.33082311193121383	0.09727694569133949	0.0	3.2772200193300415E-10	0.09473031879123686	1.9190654757047154E-4	-13482.206890086765	1.2368067496308292E308	6.664921191565827E307	6.77063051022339E307	5.301266102549789E307	3.447084108099152E307	1	6	7	1	4
97000	-23327.552891533567	-7024.790143890201	-16302.762747643366	-7024.790143890201	9.10256121749281E307	Infinity	0.5240731542625603	1.4051696631233794	1.2640072249454024	0.33082311193121383	1.4051696631233794	1.2640072249454024	0.33082311193121383	0.15966003507408674	0.0	1.095976579283967E-8	0.12734620395648938	8.383302544044662E-4	-13491.928001833354	6.992296228247579E307	7.889471318074418E307	6.727696038806454E307	1.2969209014082153E308	6.118855613728561E307	2	4	8	4	1
98000	-23344.657063759863	-7024.790143890201	-16319.866919869664	-7024.790143890201	6.032054949519056E307	Infinity	0.5240731542625603	1.2131704369638308	1.456006451104951	0.33082311193121383	1.2131704369638308	1.456006451104951	0.33082311193121383	0.20741469147272784	0.0	1.0229516572191713E-6	0.28127963640078557	0.0035185644846734876	-13481.349508096244	5.520428877212683E307	7.889471318074418E307	4.4411448862653333E307	6.327120562405242E307	5.604867889885595E307	7	1	5	3	3
99000	-24444.6200873895	-8125.18259443191	-16319.43749295759	-8125.18259443191	1.2727196617510286E308	Infinity	0.2509384869534872	1.2131704369638308	1.456006451104951	0.33082311193121383	1.2131704369638308	1.456006451104951	0.33082311193121383	0.219340570978021	0.0	6.198782258423503E-12	0.22340292152266478	1.0927770676064317E-5	-13489.688199567116	3.170240666004431E307	4.504207954878888E307	1.4047243868507846E308	1.767126907566903E308	1.0306825263197984E308	5	1	5	5	3
100000	-24467.395398028802	-8125.18259443191	-16342.212803596893	-8125.18259443191	8.382816268227831E307	Infinity	0.2509384869534872	1.2131704369638308	1.456006451104951	0.33082311193121383	1.2131704369638308	1.456006451104951	0.33082311193121383	0.3780642511720082	0.0	3.628897152406571E-11	0.47483560552731197	1.3252762668506262E-5	-13489.758237460834	7.635129051218563E307	1.3164488873822164E308	7.139991225102702E307	6.90263738401223E307	6.195878282439788E307	1	2	4	9	3
101000	-24444.117787738855	-8125.18259443191	-16318.935193306943	-8125.18259443191	7.270446884435103E307	Infinity	0.2509384869534872	1.2131704369638308	1.456006451104951	0.33082311193121383	1.2131704369638308	1.456006451104951	0.33082311193121383	0.30502489860592874	0.0	7.387360632855215E-12	0.32793282257500195	8.515550096077797E-6	-13485.765010112002	1.585096077534961E308	7.040408454733193E307	6.618486282021201E307	5.418336455431575E307	4.0258656948995247E307	1	4	7	5	2
102000	-22792.55553619541	-6507.464429515334	-16285.091106680075	-6507.464429515334	1.406851708882922E308	Infinity	0.776294100162372	1.2131704369638308	1.456006451104951	0.33082311193121383	1.2131704369638308	1.456006451104951	0.33082311193121383	0.07549019483155801	0.0	5.043128789410206E-13	0.0895164218088169	7.9482492175026E-6	-13491.91046749665	9.54159928028302E307	1.1551951777853275E308	8.468466093806766E307	8.438791677748207E307	1.310876778827436E308	2	4	3	5	5
103000	-22820.51329125387	-6507.464429515334	-16313.048861738536	-6507.464429515334	7.518139031096919E307	Infinity	0.776294100162372	1.2131704369638308	1.456006451104951	0.33082311193121383	1.2131704369638308	1.456006451104951	0.33082311193121383	0.24650944349689813	0.0	7.487940455380553E-11	0.19622790694763903	4.433488546143036E-5	-13489.753888074818	8.830901529138012E307	6.561127523098092E307	1.2676415746096687E308	3.9068585090362457E307	2.4563993957915543E307	2	3	6	3	5
104000	-22798.086886044533	-6507.464429515334	-16290.6224565292	-6507.464429515334	1.0771847057207616E308	Infinity	0.776294100162372	1.2131704369638308	1.456006451104951	0.33082311193121383	1.2131704369638308	1.456006451104951	0.33082311193121383	0.21453597603022104	0.0	3.038736269894295E-13	0.18047262450275448	3.156808350689978E-6	-13478.567123110117	2.0040592978735464E307	1.5071512209627125E307	1.98184341357242E307	4.3928197304689164E307	3.7205839149787067E307	4	3	2	2	8
105000	-22799.2820564874	-6507.464429515334	-16291.817626972062	-6507.464429515334	1.0523464610148007E308	Infinity	0.776294100162372	1.2131704369638308	1.456006451104951	0.33082311193121383	1.2131704369638308	1.456006451104951	0.33082311193121383	0.1381028284163514	0.0	3.866906651484611E-15	0.12065168875499935	4.991508077478662E-7	-13490.299360968153	1.1977715008237619E308	8.214488308841717E307	8.417866441144312E307	9.075543066792941E307	3.289999951137575E307	4	3	9	2	1
106000	-22784.563969081602	-6507.464429515334	-16277.099539566267	-6507.464429515334	2.6652042836298627E307	Infinity	0.776294100162372	1.2131704369638308	1.456006451104951	0.33082311193121383	1.2131704369638308	1.456006451104951	0.33082311193121383	0.14493250717065562	0.0	1.2533492691741155E-10	0.13806602212188698	8.431579723382585E-5	-13473.146528718267	5.720934074839232E307	3.971834932180535E307	5.57490143517596E307	2.0790709413751846E307	9.169007872458156E306	7	2	7	1	2
107000	-22823.22273917865	-6507.464429515334	-16315.758309663315	-6507.464429515334	5.191434189419546E307	Infinity	0.776294100162372	1.2131704369638308	1.456006451104951	0.33082311193121383	1.2131704369638308	1.456006451104951	0.33082311193121383	0.2755649763799888	0.0	2.1587819720176377E-10	0.3352694809237308	4.395073901518434E-5	-13478.16198293981	4.387566769799584E307	5.241495376384938E307	2.982753876296293E307	2.7902826144345226E307	2.6199774590725963E307	12	2	1	1	3
108000	-23960.82577092833	-7610.21666685518	-16350.609104073152	-7610.21666685518	1.5101797137167767E308	Infinity	0.35215084770669103	1.2131704369638308	1.456006451104951	0.33082311193121383	1.2131704369638308	1.456006451104951	0.33082311193121383	0.40416267359779523	0.0	1.822069735163048E-7	0.7564188541158201	5.053474633902351E-4	-13488.38451766018	7.179091820258478E307	8.534165599695258E307	9.433398895307985E307	2.7554572882758756E307	2.911506455919588E307	3	2	1	1	12
109000	-23933.63518415251	-7610.21666685518	-16323.418517297328	-7610.21666685518	1.2177812863278624E308	Infinity	0.35215084770669103	1.2131704369638308	1.456006451104951	0.33082311193121383	1.2131704369638308	1.456006451104951	0.33082311193121383	0.2514004960004072	0.0	2.7219064393004827E-7	0.24089939329498797	0.0020443951285624043	-13489.144597349023	1.0131857182643036E308	5.918913735567582E307	7.327964216918935E307	8.29246226638309E307	7.154822207830484E307	3	9	4	1	2
110000	-23918.89076943948	-7610.2166668551845	-16308.674102584295	-7610.2166668551845	8.711198715916512E307	Infinity	0.35215084770669103	1.1059469294368036	1.5632299586319782	0.33082311193121383	1.1059469294368036	1.5632299586319782	0.33082311193121383	0.1467996752142836	0.0	2.5653639115923307E-7	0.13776972118791295	0.003679094579027944	-13494.75908043739	9.631826673955767E307	1.3488832435571582E308	1.7377820754310935E308	4.362311266523855E307	6.18144336057246E307	4	9	2	1	3
111000	-23923.782190546954	-7610.2166668551845	-16313.565523691768	-7610.2166668551845	4.825322483348624E307	Infinity	0.35215084770669103	1.1059469294368036	1.5632299586319782	0.33082311193121383	1.1059469294368036	1.5632299586319782	0.33082311193121383	0.21003432883523443	0.0	1.8576623187169177E-4	0.23095302840046403	0.057299987782784285	-13484.49608168177	1.1090313558862952E308	5.110966496502599E307	4.240433026142288E307	3.319121577018383E307	2.8852739886292343E307	10	3	2	1	3
112000	-23949.834360546483	-7610.2166668551845	-16339.6176936913	-7610.2166668551845	1.0352764870210378E308	Infinity	0.35215084770669103	1.1059469294368036	1.5632299586319782	0.33082311193121383	1.1059469294368036	1.5632299586319782	0.33082311193121383	0.35684024182764157	0.0	3.2377616092830645E-4	0.3280251919667314	0.05088047589506634	-13482.976083364236	6.559677526287964E307	3.251381431914737E307	6.595399363408267E307	1.7166878317249448E308	1.1095100600287935E308	3	10	2	1	3
113000	-22728.857468455357	-6405.483478122978	-16323.373990332379	-6405.483478122978	5.883258005755354E307	Infinity	0.8649170677822682	0.8873898378065728	1.781787050262209	0.33082311193121383	0.8873898378065728	1.781787050262209	0.33082311193121383	0.32142025971496435	0.0	3.3700373897404374E-4	0.40389923265368194	0.04400625376603573	-13472.893656453067	1.8166842561449392E307	1.9970258891715812E307	2.5526239577751257E307	4.758841550109161E307	5.669217999137609E307	7	2	2	5	3
114000	-22736.81290524557	-6405.48347812298	-16331.329427122591	-6405.48347812298	1.5282569269292951E308	Infinity	0.8649170677822682	1.130645413852988	1.1573502927805346	0.7120042933664732	1.130645413852988	1.1573502927805346	0.7120042933664732	0.2152643898229618	0.0	2.303412591545473E-6	0.2519872705350657	0.006239261400153186	-13493.907380313587	8.621091500617524E307	1.2043622609251378E308	1.4030975805618414E308	1.0742093824704309E308	1.1241138985363884E308	7	2	1	5	4
115000	-22712.394374290197	-6405.48347812298	-16306.910896167215	-6405.48347812298	8.502712139484992E307	Infinity	0.8649170677822682	1.130645413852988	1.1573502927805346	0.7120042933664732	1.130645413852988	1.1573502927805346	0.7120042933664732	0.1831278280022935	0.0	4.826416176242396E-6	0.13887066739757883	0.01562561136058482	-13488.560016113739	8.331823541957313E307	7.18774816392796E307	5.244485309189179E307	8.574317863846909E307	1.5780142817378226E307	3	2	9	3	2
116000	-22724.81922838657	-6405.48347812298	-16319.335750263588	-6405.48347812298	7.11950953811976E307	Infinity	0.8649170677822682	1.130645413852988	1.1573502927805346	0.7120042933664732	1.130645413852988	1.1573502927805346	0.7120042933664732	0.24465668464761997	0.0	1.0248147826489008E-4	0.2293761064281459	0.04293215941044625	-13482.960053323279	1.6463125858530857E308	1.4509439505177223E308	6.927307593460171E307	1.4088016707415716E307	3.42544525363324E307	3	1	9	5	1
117000	-22755.300381285844	-6405.48347812298	-16349.816903162864	-6405.48347812298	1.788732535619232E308	Infinity	0.8649170677822682	1.130645413852988	1.1573502927805346	0.7120042933664732	1.130645413852988	1.1573502927805346	0.7120042933664732	0.27715576734073205	0.0	0.0010352821137890066	0.29537616545229084	0.10278669745293471	-13503.0606780004	1.6190509841925577E308	1.4108871159260602E308	1.395094215512832E308	7.618523187689411E307	9.146635480157023E307	6	2	5	5	1
118000	-22718.041852884235	-6405.48347812298	-16312.558374761255	-6405.48347812298	3.5343204885758107E307	1.7544170511291031E308	0.8649170677822682	1.130645413852988	1.1573502927805346	0.7120042933664732	1.130645413852988	1.1573502927805346	0.7120042933664732	0.23701577366409	0.252856570011977	0.004092894775611663	0.2580221919143599	0.22649747588558045	-13471.6354309219	7.20590398577932E307	3.2633604626438607E307	2.6925284652696476E307	1.7620785702339367E307	1.8395314174913126E307	6	2	2	6	3
119000	-22729.726120850264	-6405.48347812298	-16324.242642727284	-6405.48347812298	4.959931423378635E307	Infinity	0.8649170677822682	1.130645413852988	1.1573502927805346	0.7120042933664732	1.130645413852988	1.1573502927805346	0.7120042933664732	0.31860299699946465	0.0	1.5792353231869376E-6	0.3388011530026442	0.003994437253528592	-13483.01615846097	9.829374720256597E307	6.529440124766976E307	7.624639384177669E307	6.230684464020657E307	2.3238251813522517E307	5	1	2	8	3
120000	-22731.316161671777	-6405.483478122978	-16325.8326835488	-6405.483478122978	8.357085785928119E307	Infinity	0.8649170677822682	1.3019333339435515	0.9860623726899711	0.7120042933664732	1.3019333339435515	0.9860623726899711	0.7120042933664732	0.2335654678565377	0.0	4.35344170833295E-4	0.19401609200349443	0.10817192585581224	-13494.054533332155	1.0513033285820395E308	1.672547644289668E308	1.3086145274562609E308	6.491883284237483E307	1.7933903504781523E307	1	5	2	9	2
121000	-22713.835128547034	-6405.483478122978	-16308.351650424054	-6405.483478122978	8.080689199727262E307	Infinity	0.8649170677822682	1.3019333339435515	0.9860623726899711	0.7120042933664732	1.3019333339435515	0.9860623726899711	0.7120042933664732	0.17624301875686488	0.0	6.420551266411335E-6	0.1400781888600921	0.017741715531232483	-13489.49435769776	1.3955108861404079E308	8.292474214285794E307	1.0055332843310246E308	1.5666513108715833E308	4.523447132205812E307	2	4	2	9	2
122000	-22749.58900286141	-6405.483478122978	-16344.105524738432	-6405.483478122978	9.363738866301632E307	Infinity	0.8649170677822682	1.3019333339435515	0.9860623726899711	0.7120042933664732	1.3019333339435515	0.9860623726899711	0.7120042933664732	0.3990194335938785	0.0	4.285723945986331E-5	0.36674132001845633	0.016406110169648117	-13492.603002573262	6.668493977233654E307	5.478167838172235E307	7.634671814397396E307	7.306675010712276E307	2.4853652399341373E307	1	5	2	9	2
123000	-22713.317320462083	-6405.483478122978	-16307.833842339103	-6405.483478122978	4.623869056255603E307	Infinity	0.8649170677822682	1.3019333339435515	0.9860623726899711	0.7120042933664732	1.3019333339435515	0.9860623726899711	0.7120042933664732	0.20678490542164402	0.0	1.0606568423649697E-4	0.20786593353084967	0.05062984585128728	-13482.032695992586	9.486466637233862E307	6.349284953592992E307	6.659418141775018E307	4.606355336410106E307	1.7625167575158697E307	9	1	2	5	2
124000	-22710.647239242357	-6405.483478122978	-16305.163761119378	-6405.483478122978	5.326811688602999E307	Infinity	0.8649170677822682	1.3019333339435515	0.9860623726899711	0.7120042933664732	1.3019333339435515	0.9860623726899711	0.7120042933664732	0.29742857481928303	0.0	1.0583071864784427E-4	0.30186585162352575	0.034553174586726194	-13465.87318872149	2.8995030423699137E307	4.629983199410271E307	3.817893436222619E307	2.6456172652844093E307	4.653871889444973E307	7	3	1	5	3
125000	-22702.497033265863	-6405.483478122978	-16297.013555142887	-6405.483478122978	1.1404662318735816E307	1.0202606749190493E308	0.8649170677822682	1.3019333339435515	0.9860623726899711	0.7120042933664732	1.3019333339435515	0.9860623726899711	0.7120042933664732	0.2690661780052897	0.011631851326947102	8.767803007721074E-6	0.24009195111875686	0.01189752398867203	-13469.497425046957	3.1751016374156264E307	1.9184211687538548E307	1.1653137940379632E307	1.4786794937606917E307	6.039596762635432E306	1	9	1	4	4
126000	-22680.17607350779	-6405.483478122978	-16274.692595384815	-6405.483478122978	1.5622701396500702E307	8.287981482650253E307	0.8649170677822682	1.3019333339435515	0.9860623726899711	0.7120042933664732	1.3019333339435515	0.9860623726899711	0.7120042933664732	0.14897219380105164	0.012647996292230335	3.727986444226321E-6	0.15588621470157507	0.012330398519252437	-13460.882733991268	8.210972910193704E307	4.0617400838200594E307	2.3337000794297936E307	2.395817230802354E307	8.145406732317879E306	2	8	1	4	4
127000	-22689.883851002567	-6405.48347812298	-16284.400372879585	-6405.48347812298	7.526015876572902E306	4.735285402113723E307	0.8649170677822682	1.1302558973395993	1.1577398092939233	0.7120042933664732	1.1302558973395993	1.1577398092939233	0.7120042933664732	0.2851479460906939	0.0014346396144804688	2.1169224985209E-7	0.31345535027341	0.0015379840368105022	-13449.857186591975	1.007196406702811E308	2.6294160802503637E307	1.469518214783582E307	1.8363001321939726E307	5.0464857215828647E306	2	2	1	4	10
128000	-22690.716187708204	-6405.4834781229765	-16285.232709585227	-6405.4834781229765	2.762997342753229E307	1.7521028319883974E308	0.8649170677822682	0.886800895437946	1.4011948111955765	0.7120042933664732	0.886800895437946	1.4011948111955765	0.7120042933664732	0.10524494153378318	0.0013178751400727633	2.4148679900253315E-8	0.11791750271005298	0.0013236031499438826	-13474.10753120814	2.1078680150115435E307	5.680622678918701E307	1.6848995697978127E308	2.0426924184930818E307	2.1151060973785417E307	3	3	2	1	10
129000	-22687.21832465884	-6405.4834781229765	-16281.734846535863	-6405.4834781229765	2.8460086569737886E307	1.1702921660012372E308	0.8649170677822682	0.886800895437946	1.4011948111955765	0.7120042933664732	0.886800895437946	1.4011948111955765	0.7120042933664732	0.18879749757138806	0.0028837813656583393	3.2780580245962865E-7	0.20473681881016517	0.00289393874437941	-13462.15595872368	3.780902531452512E307	2.696619196489232E307	1.9976546639424833E307	2.9129397290983837E307	1.3389597162134314E307	2	3	2	2	10
130000	-22682.04460382497	-6405.483478122978	-16276.56112570199	-6405.483478122978	5.282265561284292E307	1.7117115750232355E308	0.8649170677822682	0.886800895437946	1.291221139528537	0.8219779650335127	0.886800895437946	1.291221139528537	0.8219779650335127	0.21047022334120155	8.49807124820581E-4	1.8093110537668034E-8	0.16676405210298798	8.587779373667707E-4	-13462.212280012098	4.79891716256843E307	1.0212374082019572E307	1.3214054074916597E307	1.1263978124277204E307	2.326056262632248E307	1	3	2	2	11
131000	-22698.90937316484	-6405.483478122978	-16293.42589504186	-6405.483478122978	1.1439336300631785E307	5.703617519360988E307	0.8649170677822682	0.886800895437946	1.291221139528537	0.8219779650335127	0.886800895437946	1.291221139528537	0.8219779650335127	0.34064362659486463	0.001125763613589481	2.420507970501474E-7	0.4025877431054183	0.00120083224815448	-13449.659198351806	2.8969169412476263E307	1.647472861099087E307	1.7209578895868465E307	4.939592295325567E306	6.846270822745808E306	1	1	2	2	13
132000	-22711.968087015404	-6405.483478122978	-16306.484608892428	-6405.483478122978	2.0782737725958752E307	8.829945021621003E307	0.8649170677822682	0.8644596809495643	1.5170600246527164	0.6184802943977149	0.8644596809495643	1.5170600246527164	0.6184802943977149	0.4094886369353845	0.010166162136726617	2.4094125520198155E-5	0.44134693497639355	0.010649984979649247	-13456.662303361401	1.4688994861325602E307	1.7734106185856417E307	2.5176141272816746E307	1.531508767285658E307	2.5898277396685416E307	11	1	3	1	3
133000	-22725.727499942157	-6405.483478122978	-16320.244021819179	-6405.483478122978	7.622340523615217E307	Infinity	0.8649170677822682	0.8644596809495643	1.5170600246527164	0.6184802943977149	0.8644596809495643	1.5170600246527164	0.6184802943977149	0.3247091598574076	0.0	1.8158608496724488E-4	0.3151792530392618	0.04264891600235742	-13476.332337140271	1.9304311394692758E307	2.0317893484454977E307	5.426304219207826E307	7.150046603590563E307	3.888563215532723E307	11	1	3	1	3
134000	-22723.962235633557	-6405.483478122978	-16318.478757510578	-6405.483478122978	1.1248176983749735E308	Infinity	0.8649170677822682	0.8644596809495643	1.5170600246527164	0.6184802943977149	0.8644596809495643	1.5170600246527164	0.6184802943977149	0.2266501584766957	0.0	1.2590021302243534E-6	0.2884554335542756	0.0038449956939088517	-13481.028394111352	5.98224873511444E307	7.026115574338839E307	5.078154937960289E307	7.807882193572211E307	4.998488959565943E307	6	2	4	4	3
135000	-22697.839455095385	-6405.483478122978	-16292.355976972407	-6405.483478122978	1.0209200172973544E308	Infinity	0.8649170677822682	0.8644596809495643	1.5170600246527164	0.6184802943977149	0.8644596809495643	1.5170600246527164	0.6184802943977149	0.10139453859860975	0.0	4.2979229158601675E-4	0.11831671826681313	0.17375965234803464	-13482.86044329144	1.02585727237533E308	7.525773129199457E307	3.214928487766504E307	4.0980663521695627E307	5.202372465799569E307	6	5	1	1	6
136000	-22752.830407387242	-6405.483478122978	-16347.346929264264	-6405.483478122978	2.6119582523496327E307	Infinity	0.8649170677822682	0.8644596809495643	1.5170600246527164	0.6184802943977149	0.8644596809495643	1.5170600246527164	0.6184802943977149	0.5513234910573008	0.0	3.763846251716065E-5	0.8112417628944127	0.0076503077429454875	-13479.691891584776	1.2022009232490958E308	6.715984545882583E307	6.227764089334261E307	1.5976406884843071E307	6.942143922527464E306	8	5	4	1	1
137000	-22694.87558663095	-6405.483478122978	-16289.392108507975	-6405.483478122978	2.958833831945938E307	Infinity	0.8649170677822682	0.8644596809495643	1.5170600246527164	0.6184802943977149	0.8644596809495643	1.5170600246527164	0.6184802943977149	0.14509458587846663	0.0	2.054938565489776E-7	0.1676213394050734	0.002705155323376886	-13474.996850273286	5.351034163268408E307	5.852506398530412E307	2.8266601959678986E307	1.7533521141263282E307	8.569497625416E306	9	6	1	1	2
138000	-22704.293086657854	-6405.483478122978	-16298.809608534873	-6405.483478122978	2.267535051629051E307	Infinity	0.8649170677822682	0.8644596809495643	1.5170600246527164	0.6184802943977149	0.8644596809495643	1.5170600246527164	0.6184802943977149	0.18035970618559655	0.0	7.3213562983743E-5	0.18046025607873892	0.0477278036875262	-13479.925071357779	1.1267102831925792E308	4.071877323792763E307	2.8758386928920596E307	1.3444972987867849E307	5.984702828800674E306	12	3	1	1	2
139000	-22699.0612692188	-6405.483478122978	-16293.57779109582	-6405.483478122978	2.2054044107002045E307	Infinity	0.8649170677822682	0.8644596809495643	1.5170600246527164	0.6184802943977149	0.8644596809495643	1.5170600246527164	0.6184802943977149	0.16251216898326917	0.0	4.112300008190983E-6	0.1624449233640112	0.012634047726214208	-13479.410245428708	1.427999636567861E308	4.691772136742144E307	1.6836458992427994E307	5.0231172164415605E306	2.057552925524235E306	12	3	1	1	2
140000	-22666.9949041948	-6405.483478122978	-16261.511426071822	-6405.483478122978	2.1953766869952564E307	Infinity	0.8649170677822682	0.8644596809495643	1.5170600246527164	0.6184802943977149	0.8644596809495643	1.5170600246527164	0.6184802943977149	0.0977476972713926	0.0	1.0457429420339976E-8	0.0863457537206013	0.0011769185871202436	-13472.445172077134	8.754732307965322E307	2.202177977682053E307	2.0479783395591221E307	6.080575227897869E306	2.034030760860394E306	12	3	1	1	2
141000	-22737.769289268144	-6405.483478122978	-16332.285811145164	-6405.483478122978	1.0701655898484547E308	Infinity	0.8649170677822682	0.8644596809495643	1.5170600246527164	0.6184802943977149	0.8644596809495643	1.5170600246527164	0.6184802943977149	0.26038189359298347	0.0	4.497858606832383E-8	0.24984299333828222	8.565185917475081E-4	-13497.018891851532	9.496041373131743E307	1.0811671402557349E308	5.062358976281882E307	6.152338301963866E307	1.0005802147384235E308	1	14	1	1	2
142000	-22723.852903713927	-6405.483478122978	-16318.369425590949	-6405.483478122978	6.282405324897252E307	Infinity	0.8649170677822682	1.1204028600814435	1.5170600246527164	0.36253711526583565	1.1204028600814435	1.5170600246527164	0.36253711526583565	0.23327994345571493	0.0	3.985440744904077E-8	0.24464803595015852	8.332010932853086E-4	-13490.356597676222	6.688931237630412E307	1.0811671402557349E308	4.859707172374367E307	3.023588986415917E307	3.296258657018442E307	1	11	1	4	2
143000	-22729.006469354026	-6405.483478122978	-16323.522991231046	-6405.483478122978	1.1451303316567188E308	Infinity	0.8649170677822682	1.1204028600814435	1.5170600246527164	0.36253711526583565	1.1204028600814435	1.5170600246527164	0.36253711526583565	0.24398740109684902	0.0	6.75460511860642E-6	0.27041344499087105	0.0098564925055716	-13490.467211236506	1.4296477947861355E308	6.76733205259972E307	1.025056249743638E308	5.581128809721594E307	3.820434510557135E307	1	7	5	4	2
144000	-22720.641940675087	-6405.4834781229765	-16315.158462552112	-6405.4834781229765	1.2709064530182716E308	Infinity	0.8649170677822682	0.8931468452647091	2.0580801360150196	0.0487730187202669	0.8931468452647091	2.0580801360150196	0.0487730187202669	0.18648321795129985	0.0	3.707633591990656E-4	0.1557228276322791	0.12311838607215336	-13490.275904631286	8.900817717742836E307	4.666987148440541E307	1.715352394628274E308	1.653052832817467E308	1.2780841577939997E308	1	11	1	4	2
145000	-22716.32430125274	-6405.4834781229765	-16310.84082312976	-6405.4834781229765	4.436183385277604E307	Infinity	0.8649170677822682	0.8931468452647091	2.0580801360150196	0.0487730187202669	0.8931468452647091	2.0580801360150196	0.0487730187202669	0.22833482018192194	0.0	0.001561145198832461	0.2493406294726354	0.15366914063921855	-13472.7867742134	1.2877105546422683E308	5.900450834932665E307	2.326723495924594E307	2.7145854683829165E307	2.2936266579370337E307	3	3	8	3	2
146000	-22730.203381895062	-6405.4834781229765	-16324.719903772086	-6405.4834781229765	2.5684995949753465E307	Infinity	0.8649170677822682	0.8931468452647091	2.0580801360150196	0.0487730187202669	0.8931468452647091	2.0580801360150196	0.0487730187202669	0.31246264517803446	0.0	0.020988567104935827	0.3052192460722744	0.49620220955345623	-13478.383565044975	1.679092106028339E308	9.912043911228806E307	6.428010402713128E307	7.045224207184856E307	1.0937954253360595E307	2	3	9	3	2
147000	-22726.741094941557	-6405.4834781229765	-16321.25761681858	-6405.4834781229765	5.594488576832666E307	Infinity	0.8649170677822682	0.8931468452647091	2.0580801360150196	0.0487730187202669	0.8931468452647091	2.0580801360150196	0.0487730187202669	0.23708192848832052	0.0	2.8858731880583745E-4	0.28223302383318916	0.06360211513113513	-13485.783321945064	7.906590217912665E307	1.049003118695266E308	3.142151376853594E307	1.406442949942868E307	1.8419507839548024E307	7	3	4	3	2
148000	-22696.636087118815	-6405.4834781229765	-16291.152608995839	-6405.4834781229765	4.713771775441423E307	1.5878989394845242E308	0.8649170677822682	0.8931468452647091	2.0580801360150196	0.0487730187202669	0.8931468452647091	2.0580801360150196	0.0487730187202669	0.2171049998842946	0.07906533749654616	2.669159022901089E-4	0.20194749285683516	0.07730408214071706	-13463.991005021642	2.7447551952419666E307	2.730453750553267E307	2.0655165225047376E307	7.314126064290346E306	1.201828066153185E307	8	3	4	2	2
149000	-22641.15017111437	-6405.4834781229765	-16235.666692991392	-6405.4834781229765	1.1074044820799733E307	5.790952047140349E307	0.8649170677822682	0.8931468452647091	2.0580801360150196	0.0487730187202669	0.8931468452647091	2.0580801360150196	0.0487730187202669	0.0802745423358349	0.005164300494179163	1.603169439649475E-7	0.07750469806668407	0.005110638643662496	-13452.144038319366	2.0844662750039086E307	7.651982341018957E306	6.465913464614491E306	5.905896131304876E306	9.142838429229489E306	2	2	4	2	9
150000	-22635.0168174125	-6405.4834781229765	-16229.533339289523	-6405.4834781229765	2.6533029039107414E306	1.3153413656830284E307	0.8649170677822682	0.8931468452647091	2.0580801360150196	0.0487730187202669	0.8931468452647091	2.0580801360150196	0.0487730187202669	0.16596687227409002	1.0452166107279448	0.021661307203412077	0.13943131273114578	1.0460515681490374	-13423.474130530014	3.250283683307653E306	2.1224212322925435E306	4.072620387278015E306	1.728054892576161E306	2.6815356820119396E306	5	6	6	1	1
151000	-22676.301043601037	-6405.4834781229765	-16270.817565478063	-6405.4834781229765	1.3777736613132933E307	4.77503482391397E307	0.8649170677822682	1.0325724811718588	1.9186545001078699	0.0487730187202669	1.0325724811718588	1.9186545001078699	0.0487730187202669	0.300618488360134	0.0035300205083901937	9.681731365382675E-7	0.29132084241712436	0.0033240844807299356	-13441.076426512756	6.6539798021103E306	5.338606967401582E306	3.3563224674787686E306	6.042471320946552E306	3.453420832480732E306	1	6	10	1	1
152000	-22644.38869862655	-6405.4834781229765	-16238.905220503575	-6405.4834781229765	1.8337837741917826E306	1.0956553640914783E307	0.8649170677822682	1.0325724811718588	1.9186545001078699	0.0487730187202669	1.0325724811718588	1.9186545001078699	0.0487730187202669	0.23327699055482973	0.06047117869897227	1.946493117464124E-4	0.22384718450389365	0.06123324706151677	-13420.192639286473	2.16762612825962E306	2.5975355143998062E306	3.3563224674787686E306	2.6996221153816342E306	1.774662841476958E306	1	6	10	1	1
153000	-22648.60472662372	-6405.483478122978	-16243.12124850074	-6405.483478122978	1.8767644223959213E306	1.7310950227964627E307	0.8649170677822682	1.2022599084269454	1.7489670728527833	0.0487730187202669	1.2022599084269454	1.7489670728527833	0.0487730187202669	0.21384516732355022	0.002562243076401941	3.237826683270042E-7	0.21653786378186318	0.0026708007995780436	-13428.502718778987	1.880735808915464E307	5.470298555784223E306	3.909144669173942E306	1.0229322846278192E306	9.024660205297137E305	3	6	4	2	4
154000	-22699.57627652945	-6405.483478122978	-16294.09279840647	-6405.483478122978	4.6134943356834654E306	4.2222479746180095E307	0.8649170677822682	1.2022599084269454	1.7489670728527833	0.0487730187202669	1.2022599084269454	1.7489670728527833	0.0487730187202669	0.47564620913172695	0.018691595092591346	5.718453954999304E-5	0.39612569916595264	0.018200198647444082	-13447.658680387362	2.3069234518677585E307	1.1041171087679716E307	6.29723397859831E306	2.1379145142169572E306	2.354717149312286E306	3	6	5	2	3
155000	-22696.092245362106	-6405.483478122978	-16290.608767239128	-6405.483478122978	4.8690887109685764E306	3.9710630375470644E307	0.8649170677822682	1.2022599084269454	1.7489670728527833	0.0487730187202669	1.2022599084269454	1.7489670728527833	0.0487730187202669	0.3437390105702257	0.004784536124724184	3.5083357385310475E-6	0.44187227218143355	0.004057825495544745	-13445.690197684495	2.3804522327684336E307	1.2541864598002093E307	3.6671964349093775E306	1.5441687322375474E306	3.1793439778632395E306	2	7	7	2	1
156000	-22666.69861175296	-6405.4834781229765	-16261.215133629985	-6405.4834781229765	1.8667225722187455E306	9.647051933034649E306	0.8649170677822682	1.006966273940324	1.9442607073394047	0.0487730187202669	1.006966273940324	1.9442607073394047	0.0487730187202669	0.39906122034652913	0.021169629586260258	1.2033049061201947E-4	0.5099357374446739	0.020576945833864966	-13417.367592541546	5.696193325751985E306	1.4834063519308473E306	1.8647869030756972E306	9.81960179458846E305	8.86127323217299E305	2	10	4	2	1
157000	-23808.2432782393	-7527.621121466167	-16280.622156773132	-7527.621121466167	1.684860121875092E307	7.403564360767579E307	0.37207432311938843	1.006966273940324	1.9442607073394047	0.0487730187202669	1.006966273940324	1.9442607073394047	0.0487730187202669	0.2491304951811907	0.2997838040671483	0.005410590135755672	0.24047750514479715	0.29732370867951635	-13450.231968649838	3.965559281103784E307	1.0932685448369454E307	7.022392523450421E306	1.0593738650861299E307	4.9335262520009004E306	2	10	2	4	1
158000	-23308.028536563022	-6995.631927168911	-16312.396609394113	-6995.631927168911	2.5487993849906104E307	Infinity	0.5349075359409333	1.006966273940324	1.9442607073394047	0.0487730187202669	1.006966273940324	1.9442607073394047	0.0487730187202669	0.2617568609597779	0.0	1.0713902624868531E-5	0.27037087331680043	0.01153186050139736	-13477.496997328664	5.449761718401787E307	6.574526813907052E307	3.500571301840377E307	9.120548724166894E306	6.585149914618633E306	11	1	4	2	1
159000	-23296.605444777244	-6995.631927168911	-16300.973517608334	-6995.631927168911	2.582296789196492E307	Infinity	0.5349075359409333	1.006966273940324	1.9442607073394047	0.0487730187202669	1.006966273940324	1.9442607073394047	0.0487730187202669	0.16851399530897856	0.0	0.007784830262146434	0.17803061502525785	0.48614551848916815	-13480.709624226261	1.2565056663431406E308	2.9859782657421123E307	1.592834821690684E307	6.838632588688519E306	9.696900693208057E306	9	2	4	3	1
160000	-23317.42766039431	-6995.631927168911	-16321.795733225399	-6995.631927168911	4.67214279248865E307	Infinity	0.5349075359409333	1.006966273940324	1.9442607073394047	0.0487730187202669	1.006966273940324	1.9442607073394047	0.0487730187202669	0.24781973404175076	0.0	0.01615267719176958	0.26275929845081014	0.49421141784826134	-13488.15452834878	1.2837820221362773E308	6.938104103281429E307	4.277969344158154E307	2.6221695634256E307	3.581051743360193E307	6	5	6	1	1
161000	-23331.066905882682	-6995.631927168911	-16335.434978713773	-6995.631927168911	5.862664717205483E307	Infinity	0.5349075359409333	1.006966273940324	1.9442607073394047	0.0487730187202669	1.006966273940324	1.9442607073394047	0.0487730187202669	0.28884536370269553	0.0	0.024345964965489596	0.3246955631513198	0.48409961509322774	-13490.164578194293	7.401374026212112E307	7.22155955199884E307	7.734012224365599E307	3.0047119961731116E307	7.720429811940298E307	4	3	6	1	5
162000	-23334.15639243625	-6995.631927168912	-16338.52446526734	-6995.631927168912	6.980049832497293E307	Infinity	0.5349075359409333	0.8356745484369089	1.835160346456926	0.3291651051061608	0.8356745484369089	1.835160346456926	0.3291651051061608	0.2968550701623154	0.0	0.003921931958921741	0.3709131621575447	0.18131506529452115	-13489.101824439022	1.1563301429442685E308	1.0125624140260822E308	8.688393659592584E307	8.398074731619689E307	4.073996891294848E307	4	3	10	1	1
163000	-23294.52418028129	-6995.631927168912	-16298.892253112377	-6995.631927168912	8.229804096184254E307	Infinity	0.5349075359409333	0.8356745484369089	1.835160346456926	0.3291651051061608	0.8356745484369089	1.835160346456926	0.3291651051061608	0.1673251690357776	0.0	0.001385207591190485	0.16616709794278392	0.2294268842148874	-13478.74086801016	6.471700240356414E307	7.971107708205215E307	3.4737034230930695E307	3.4684712444689957E307	9.079537209944104E307	3	3	2	10	1
164000	-23273.266752502343	-6995.631927168912	-16277.634825333429	-6995.631927168912	2.3780300421756526E307	1.4582670555329582E308	0.5349075359409333	0.8356745484369089	1.835160346456926	0.3291651051061608	0.8356745484369089	1.835160346456926	0.3291651051061608	0.1048608531148312	0.49539674728676547	0.00273402996891567	0.10583639351377123	0.4875267759654075	-13472.06090891761	1.7095646969537645E308	1.6117646095361481E308	3.243768002979901E307	2.2914711880357023E307	9.324163098209043E306	2	3	1	12	1
165000	-23356.11620660896	-6995.631927168912	-16360.484279440048	-6995.631927168912	1.293213290391144E308	Infinity	0.5349075359409333	0.8356745484369089	1.835160346456926	0.3291651051061608	0.8356745484369089	1.835160346456926	0.3291651051061608	0.25802065225648396	0.0	3.6231647712914924E-4	0.36440400573193854	0.04956767301037044	-13504.653594505631	7.717008084078357E307	6.488420911419897E307	4.760028727151178E307	1.641401677304863E308	8.453537678587302E307	2	3	1	12	1
166000	-23288.111979605663	-6995.631927168911	-16292.480052436751	-6995.631927168911	1.1485207500921768E308	Infinity	0.5349075359409333	0.6192990935462367	2.0515358013475984	0.3291651051061608	0.6192990935462367	2.0515358013475984	0.3291651051061608	0.07595244784104647	0.0	1.3785355766161044E-5	0.08411300148607995	0.04418651788057464	-13495.273137158687	1.4624259635297068E308	6.807093713601024E307	1.0829451269007361E308	1.0960046082877451E308	6.563046603718047E307	2	2	2	12	1
167000	-23312.936593997	-6995.631927168911	-16317.304666828091	-6995.631927168911	4.693104950868663E307	Infinity	0.5349075359409333	0.6192990935462367	2.0515358013475984	0.3291651051061608	0.6192990935462367	2.0515358013475984	0.3291651051061608	0.2632963595921533	0.0	5.310856050326007E-4	0.21603487849967457	0.10360838508601213	-13483.622586579799	5.782946081600294E307	4.054699971104961E307	8.654113679386794E307	7.088993343576772E307	3.4752803489814953E307	2	2	1	12	2
168000	-23309.553773098625	-6995.631927168911	-16313.921845929714	-6995.631927168911	3.6258053572215996E307	Infinity	0.5349075359409333	0.6192990935462367	2.0515358013475984	0.3291651051061608	0.6192990935462367	2.0515358013475984	0.3291651051061608	0.23348348705765995	0.0	0.0019448929714275217	0.23732942270091362	0.17808046898144136	-13477.079013556911	2.314466022912678E307	3.7349610208469876E307	5.965470000467876E307	3.382609150032735E307	2.9827596390571855E307	2	1	11	3	2
169000	-23313.529384715242	-6995.631927168911	-16317.89745754633	-6995.631927168911	4.490081466135049E307	Infinity	0.5349075359409333	0.6192990935462367	2.0515358013475984	0.3291651051061608	0.6192990935462367	2.0515358013475984	0.3291651051061608	0.27664531912497603	0.0	2.0219408829768773E-4	0.2719085969875956	0.05362407297124854	-13478.775331808189	9.507601986695466E307	1.5962297026220251E308	9.399440372276036E307	6.968584571895202E307	4.690989903082087E307	2	1	2	5	9
170000	-23287.556264144518	-6995.631927168911	-16291.924336975606	-6995.631927168911	1.053520055790601E307	4.599424812627051E307	0.5349075359409333	0.8301654902414592	1.8406694046523757	0.3291651051061608	0.8301654902414592	1.8406694046523757	0.3291651051061608	0.5301257775465154	0.013215723028535577	3.2422585872061025E-5	0.4043147371290192	0.016207374082640353	-13447.307742525949	4.2458201834604405E307	1.27431481960826E307	8.705336923637188E306	1.1357212219898968E307	1.123394257302021E307	2	10	1	4	2
171000	-23252.469076747122	-6995.631927168911	-16256.83714957821	-6995.631927168911	1.8275129969744321E307	5.808706771885648E307	0.5349075359409333	1.0281010641459782	1.8406694046523757	0.13122953120164188	1.0281010641459782	1.8406694046523757	0.13122953120164188	0.1748239787038373	0.13109507475425547	4.7590558734091613E-4	0.16400298004216657	0.13747977367390823	-13443.917892099616	2.0061411071365912E307	2.64713692482792E307	6.467887046735872E306	4.7871333119525285E306	8.921951863723322E306	9	1	1	6	2
172000	-23288.143445254558	-6995.631927168911	-16292.511518085648	-6995.631927168911	1.7273153408769008E307	8.960859114966017E307	0.5349075359409333	1.0281010641459782	1.8406694046523757	0.13122953120164188	1.0281010641459782	1.8406694046523757	0.13122953120164188	0.24981957687074718	1.3723297693796113	0.07314551223997694	0.215028811445315	1.235544811147159	-13462.374382172791	6.56569303299014E307	2.6498309971124006E307	2.962606938481995E307	1.0596092996128067E307	1.0026252613188945E307	9	1	1	6	2
173000	-23263.79424805545	-6995.631927168911	-16268.162320886537	-6995.631927168911	3.520363335011807E307	1.0966229496428585E308	0.5349075359409333	1.0281010641459782	1.8406694046523757	0.13122953120164188	1.0281010641459782	1.8406694046523757	0.13122953120164188	0.1293520000276858	0.6978728422116197	0.009196207858250377	0.1367878682593517	0.7148642519289283	-13457.082121946749	2.0420076180315039E307	3.934109421189145E307	1.9322076495464177E307	1.424838036990683E307	1.0892563674364259E307	1	1	4	5	8
174000	-23261.737824376967	-6995.631927168911	-16266.105897208057	-6995.631927168911	6.78244236626921E306	7.578466472143547E307	0.5349075359409333	1.0281010641459782	1.8406694046523757	0.13122953120164188	1.0281010641459782	1.8406694046523757	0.13122953120164188	0.18217863366160272	0.15986017012437287	4.341119867466833E-4	0.13283501763104327	0.1541813931032209	-13452.45425548167	1.6676810058955631E308	2.0483220947505814E307	1.4205636975081243E307	8.168907815947215E306	5.905462350393352E306	1	4	4	3	7
175000	-23267.648503358556	-6995.631927168911	-16272.016576189646	-6995.631927168911	4.1981313324994344E307	1.5546493822081762E308	0.5349075359409333	1.0281010641459782	1.8406694046523757	0.13122953120164188	1.0281010641459782	1.8406694046523757	0.13122953120164188	0.13774473025632947	0.013010628503529954	3.5036397452162482E-6	0.13500866057922245	0.014289471283066825	-13465.083536441896	4.785605269581102E307	4.91170697767451E307	1.3786954599235357E307	1.8234333262813121E307	8.33814536354593E306	1	1	4	9	4
176000	-23351.63188248171	-6995.631927168911	-16355.999955312798	-6995.631927168911	7.043082694099403E307	Infinity	0.5349075359409333	1.0281010641459782	1.8406694046523757	0.13122953120164188	1.0281010641459782	1.8406694046523757	0.13122953120164188	0.6159444124790201	0.0	1.0329445870218804E-4	0.7230099920053957	0.014862352508726891	-13489.661810339863	1.4522047826890236E308	1.5403728406663275E308	1.4879814915549968E308	8.72770402254929E307	3.7361438067404165E307	1	1	4	6	7
177000	-23324.996115525068	-6995.631927168911	-16329.364188356156	-6995.631927168911	1.427978882998408E308	Infinity	0.5349075359409333	1.0281010641459782	1.8406694046523757	0.13122953120164188	1.0281010641459782	1.8406694046523757	0.13122953120164188	0.21741562813263737	0.0	0.003725930741456309	0.2080743504524121	0.2975736657520965	-13496.759452598113	5.483546909086193E307	5.507361788191042E307	8.864158039501755E307	1.3814029132928266E308	1.1144866440517494E308	1	1	4	6	7
178000	-23353.914312983405	-6995.631927168911	-16358.282385814493	-6995.631927168911	4.808574741508103E307	Infinity	0.5349075359409333	1.0281010641459782	1.8406694046523757	0.13122953120164188	1.0281010641459782	1.8406694046523757	0.13122953120164188	0.5695229662633332	NaN	3.0087820015744673	0.6010085077349372	2.89696913479909	-13484.001305238722	6.806719744507416E307	1.4639642796238602E308	5.554108354586188E307	4.1903913537653197E307	1.722206736639815E307	3	4	2	5	5
179000	-23331.55543277991	-6995.631927168911	-16335.923505611	-6995.631927168911	5.971361950587692E307	Infinity	0.5349075359409333	1.0281010641459782	1.8406694046523757	0.13122953120164188	1.0281010641459782	1.8406694046523757	0.13122953120164188	0.26987498747984723	NaN	0.03902084733537784	0.3441941622191076	0.5809838443720721	-13489.642841046256	1.7265202115130878E308	1.0111078616538435E308	6.972528866437607E307	2.5167431600432405E307	2.0172353417738128E307	3	2	2	5	7
180000	-23297.827351703072	-6995.631927168911	-16302.195424534162	-6995.631927168911	9.266813594806959E307	Infinity	0.5349075359409333	1.0281010641459782	1.8406694046523757	0.13122953120164188	1.0281010641459782	1.8406694046523757	0.13122953120164188	0.14693844211877133	NaN	0.007396740441977136	0.13859004696647023	0.602551950776412	-13483.741521106005	1.7265202115130878E308	9.704788471477884E307	4.425647923124283E307	5.921712673026461E307	6.951461329923968E307	3	2	8	5	1
181000	-23318.357029656396	-6995.631927168911	-16322.725102487486	-6995.631927168911	1.1220458357766998E308	Infinity	0.5349075359409333	1.0281010641459782	1.8406694046523757	0.13122953120164188	1.0281010641459782	1.8406694046523757	0.13122953120164188	0.18249392564326067	0.0	1.0373770130146188E-4	0.15360301989332104	0.06657056521471882	-13501.826540403423	1.556725566763701E308	1.0233222439934415E308	1.3553025869612162E308	1.4720412972157908E308	1.1369789318154982E308	3	2	4	7	3
182000	-23684.485320372707	-7394.087859781607	-16290.3974605911	-7394.087859781607	3.2872486520859496E307	Infinity	0.40692838243045154	1.0281010641459782	1.8406694046523757	0.13122953120164188	1.0281010641459782	1.8406694046523757	0.13122953120164188	0.13844305190202616	0.0	1.5939428539025515E-5	0.15339683939393461	0.02618720600634374	-13475.740203589807	1.094662733710709E308	4.691328663020078E307	1.5728037213933332E307	4.10072821524184E307	1.8279455344958383E307	3	2	4	8	2
183000	-23708.862886141585	-7394.087859781607	-16314.775026359977	-7394.087859781607	4.0117827359669964E307	Infinity	0.40692838243045154	1.0281010641459782	1.8406694046523757	0.13122953120164188	1.0281010641459782	1.8406694046523757	0.13122953120164188	0.28143428353110916	0.0	5.911318296309274E-7	0.305316382722263	0.0025638135098968026	-13477.599599950865	9.72052474415965E307	5.613406254437712E307	7.66464588100109E307	3.5267303827673766E307	4.998723242116006E307	2	1	6	9	1
184000	-23733.955208357405	-7394.087859781607	-16339.867348575797	-7394.087859781607	6.071586997242335E307	Infinity	0.40692838243045154	1.0281010641459782	1.8406694046523757	0.13122953120164188	1.0281010641459782	1.8406694046523757	0.13122953120164188	0.24153939145555864	0.0	2.981662124179511E-5	0.3491076718730136	0.014905519007222869	-13491.77705537215	1.2909821697139236E308	1.4862048916906012E308	8.197429142487138E307	4.637435574749948E307	2.552834296570479E307	8	1	6	3	1
185000	-23690.288223746662	-7394.087859781607	-16296.200363965056	-7394.087859781607	6.480866740024271E307	Infinity	0.40692838243045154	1.0281010641459782	1.8406694046523757	0.13122953120164188	1.0281010641459782	1.8406694046523757	0.13122953120164188	0.1072686564009096	0.0	8.56431910798576E-7	0.12424481784569671	0.007541328875416755	-13487.818473290192	1.2909821697139236E308	1.1528873249826326E308	4.23374321687894E307	4.70705189051698E307	4.0185424688254616E307	8	1	6	3	1
186000	-23701.197095541775	-7394.087859781607	-16307.109235760168	-7394.087859781607	1.0104045661198066E308	Infinity	0.40692838243045154	1.0281010641459782	1.8406694046523757	0.13122953120164188	1.0281010641459782	1.8406694046523757	0.13122953120164188	0.1254333885428055	0.0	5.985823670247184E-7	0.12267142741460517	0.006248800622665579	-13496.415255803086	1.4075253614092757E308	1.2490314141427581E308	8.085523311486453E307	8.99509235198763E307	8.99280841534704E307	9	1	4	4	1
187000	-23691.941450821687	-7394.087859781607	-16297.853591040079	-7394.087859781607	1.1298641366087296E308	Infinity	0.40692838243045154	1.0281010641459782	1.8406694046523757	0.13122953120164188	1.0281010641459782	1.8406694046523757	0.13122953120164188	0.1112986181211202	0.0	9.753748682311432E-6	0.12275175114210515	0.02573183186390911	-13487.652467168084	1.469480049639371E308	8.065064020714098E307	1.1582797384224915E308	8.364571347908752E307	3.925937830128336E307	4	8	2	3	2
188000	-23709.30650992116	-7394.087859781607	-16315.218650139554	-7394.087859781607	4.2501079385121506E307	Infinity	0.40692838243045154	1.0281010641459782	1.8406694046523757	0.13122953120164188	1.0281010641459782	1.8406694046523757	0.13122953120164188	0.19440168447465037	0.0	6.777897189633047E-4	0.23586060836857758	0.11073679142036778	-13481.665978813753	1.275941540033756E308	1.1574408962463987E308	7.120823877960368E307	3.00608210272908E307	5.901106871438713E306	6	4	2	5	2
189000	-25383.75689435097	-9038.526763404203	-16345.230130946768	-9038.526763404203	7.750002393459161E307	Infinity	0.1389904197463224	1.0281010641459782	1.8406694046523757	0.13122953120164188	1.0281010641459782	1.8406694046523757	0.13122953120164188	0.38532092530322487	0.0	8.047127039344267E-4	0.3617027308693361	0.07951926012821586	-13494.781725399396	1.541716929933951E308	1.3585740930927083E308	1.0705959088033703E308	7.190773204320984E307	1.174768646606015E308	6	6	2	4	1
190000	-25369.67475738905	-9038.526763404203	-16331.147993984847	-9038.526763404203	1.0938061988022678E308	Infinity	0.1389904197463224	1.1196853678893552	1.7490851009089987	0.13122953120164188	1.1196853678893552	1.7490851009089987	0.13122953120164188	0.2990453499428582	0.0	1.0793105271875262E-4	0.26917693424987205	0.04054483009324154	-13492.57808363986	1.1050303591780788E308	6.808533006238657E307	9.68930578434642E307	7.09277581623735E307	2.3382571252352364E307	6	9	1	2	1
191000	-25348.242742207094	-9038.526763404203	-16309.715978802891	-9038.526763404203	3.24808315875452E307	1.6767134660027516E308	0.1389904197463224	1.1196853678893552	1.7490851009089987	0.13122953120164188	1.1196853678893552	1.7490851009089987	0.13122953120164188	0.31198446765957	0.05417306397178127	2.3670704762138295E-4	0.2754320771779817	0.055660275655808104	-13471.189531930071	1.2374409263927134E308	4.1913091614725513E307	5.207543214558426E307	2.1806275285461882E307	1.1497680041467334E307	2	13	1	2	1
192000	-25330.967291304973	-9038.526763404203	-16292.440527900771	-9038.526763404203	1.0307730065630831E308	Infinity	0.1389904197463224	1.1196853678893552	1.7490851009089987	0.13122953120164188	1.1196853678893552	1.7490851009089987	0.13122953120164188	0.06984109473213064	0.0	1.8905424113389586E-5	0.10104868896277144	0.04268049429247899	-13486.316040639627	1.6170512760202833E308	7.114710698519931E307	7.046249914481888E307	8.310461431127893E307	5.372135453480727E307	3	3	11	1	1
193000	-25334.223657893377	-9038.526763404203	-16295.696894489174	-9038.526763404203	4.622502027370246E307	Infinity	0.1389904197463224	1.1196853678893552	1.7490851009089987	0.13122953120164188	1.1196853678893552	1.7490851009089987	0.13122953120164188	0.20805202270258644	0.0	0.0031789514964036657	0.17781634718596032	0.30349673399195687	-13470.412049197541	2.1802521699712037E307	2.1316778228157636E307	4.840958334542885E307	2.125343066275475E307	1.975494685171436E307	3	3	11	1	1
194000	-24683.120765125423	-8386.988406587909	-16296.132358537516	-8386.988406587909	3.474274445800309E307	1.6592948027673938E308	0.21164092350866812	1.1196853678893552	1.7490851009089987	0.13122953120164188	1.1196853678893552	1.7490851009089987	0.13122953120164188	0.2082369837651326	0.16000571951052867	0.0010077435794960512	0.20862856420150966	0.15377817155790885	-13469.360229504202	2.883844744894462E307	2.0142156374679413E307	5.092388288908207E307	1.7294949952605048E307	1.0898905636826636E307	12	3	2	1	1
195000	-24709.445835453844	-8386.988406587909	-16322.457428865937	-8386.988406587909	2.8781943638930377E307	Infinity	0.21164092350866812	0.9742988009257156	1.8944716678726383	0.13122953120164188	0.9742988009257156	1.8944716678726383	0.13122953120164188	0.27656039339970445	NaN	1.4367046352013084	0.29455790699452317	4.152880908868776	-13479.810428702765	1.0482893270789675E308	5.483936859405563E307	3.917091915286881E307	1.808911524216169E307	1.145512845177395E307	12	3	2	1	1
196000	-24709.052397049723	-8386.988406587909	-16322.063990461817	-8386.988406587909	4.446474054966852E307	Infinity	0.21164092350866812	0.9742988009257156	1.8944716678726383	0.13122953120164188	0.9742988009257156	1.8944716678726383	0.13122953120164188	0.25114944992365096	NaN	0.1452393480732982	0.2511913412583013	1.5939888437768304	-13488.427517602902	1.7629995879662077E308	6.842007645147683E307	3.827075005765176E307	1.6074557271046945E307	1.6186654055210704E307	10	5	2	1	1
197000	-24675.96417746879	-8386.988406587909	-16288.975770880883	-8386.988406587909	3.628301287121989E307	Infinity	0.21164092350866812	0.9742988009257156	1.8944716678726383	0.13122953120164188	0.9742988009257156	1.8944716678726383	0.13122953120164188	0.09115102811791245	NaN	0.025712154634251853	0.09083559757057692	1.751471573555361	-13486.899545601294	1.437585198368436E308	4.549547725439876E307	6.098724801641995E307	2.6888419319399063E307	3.133585502282164E307	9	5	2	2	1
198000	-22817.879942050808	-6507.33642790988	-16310.543514140927	-6507.33642790988	3.764437847268139E307	Infinity	0.7763839539763269	0.9742988009257156	1.8944716678726383	0.13122953120164188	0.9742988009257156	1.8944716678726383	0.13122953120164188	0.18609439411342646	NaN	0.07810979794865958	0.23864983512743215	1.1238450618806486	-13477.818021862675	5.831126597173641E307	2.9452862723683556E307	5.101799917342737E307	1.9880622028272907E307	7.394822981067314E306	9	5	2	2	1
199000	-22775.596529596543	-6507.33642790988	-16268.260101686663	-6507.33642790988	2.0569493204808105E307	1.3309398685381447E308	0.7763839539763269	0.9742988009257156	1.8944716678726383	0.13122953120164188	0.9742988009257156	1.8944716678726383	0.13122953120164188	0.07887076295526702	Infinity	0.031601863256641785	0.09016401775417827	1.9344630714749722	-13469.281208686229	4.88227523517334E307	2.501448664083426E307	1.099727861212624E307	1.2917768941530504E307	1.1447570225777274E307	9	5	2	2	1
200000	-24637.66989839644	-8310.578595881554	-16327.091302514888	-8310.578595881554	2.83198159173042E307	Infinity	0.22240450501977013	0.9742988009257156	1.8944716678726383	0.13122953120164188	0.9742988009257156	1.8944716678726383	0.13122953120164188	0.19691816481617563	0.0	0.006412451853287607	0.28614010000670165	0.2596182182497782	-13481.97283711936	1.3666991921285574E308	1.0275316587530112E308	3.0369271452972396E307	1.7045001303863304E307	4.888271465866354E306	9	3	4	2	1
201000	-24588.488433879433	-8310.578595881554	-16277.909837997879	-8310.578595881554	1.449574797826383E307	1.4252637980891303E308	0.22240450501977013	0.9742988009257156	1.8944716678726383	0.13122953120164188	0.9742988009257156	1.8944716678726383	0.13122953120164188	0.12021559021496321	0.7253449267913656	0.00766478930143361	0.12380477369036597	0.7099047714384613	-13470.394125815474	9.09782029859387E307	2.0391543321724856E307	1.7463573845773497E307	5.111818675528223E306	2.403754851301069E306	9	3	4	2	1
202000	-24616.9126793896	-8310.578595881554	-16306.334083508045	-8310.578595881554	1.6435626718021632E307	Infinity	0.22240450501977013	0.9742988009257156	1.8944716678726383	0.13122953120164188	0.9742988009257156	1.8944716678726383	0.13122953120164188	0.23400648706419375	0.0	0.04173396152657067	0.2599604064544728	0.8100356279160958	-13473.68527156632	1.0991570346798874E308	3.2857034419270096E307	1.2429247513110134E307	1.1967857170268136E307	9.720184489607995E306	9	3	4	2	1
203000	-24607.676195667533	-8310.578595881554	-16297.097599785979	-8310.578595881554	2.581571201105607E307	1.5049112141216912E308	0.22240450501977013	0.9742988009257156	1.8944716678726383	0.13122953120164188	0.9742988009257156	1.8944716678726383	0.13122953120164188	0.193492694062097	Infinity	0.10387359067431924	0.18595533460465372	1.6964543543653552	-13470.55902352355	3.673827699360581E307	4.0710156563805E307	2.321754645897626E307	2.225540696308747E307	2.778277962001577E307	11	3	3	1	1
204000	-24641.041578897813	-8310.578595881554	-16330.462983016261	-8310.578595881554	3.6303301627501703E307	Infinity	0.22240450501977013	0.9742988009257156	1.8944716678726383	0.13122953120164188	0.9742988009257156	1.8944716678726383	0.13122953120164188	0.32783811468151175	NaN	1.609491510441	0.3881701111989272	3.485843354950969	-13479.062682329852	4.647945529629736E307	2.734341352893442E307	2.578811782565376E307	5.779077511032975E307	9.037289617246806E307	11	1	3	3	1
205000	-24631.541292560032	-8310.578595881554	-16320.962696678478	-8310.578595881554	1.7247432389018886E307	1.1021411443087152E308	0.22240450501977013	0.9742988009257156	1.654710438168377	0.3709907609059031	0.9742988009257156	1.654710438168377	0.3709907609059031	0.33671751860145277	Infinity	6.671443383703234	0.38954292170179	5.998424474989095	-13468.08418858797	5.268275692968645E307	2.839707280028586E307	1.4704140432972995E307	1.7140358248850617E307	1.9202439078123781E307	10	1	3	3	2
206000	-24655.64808920092	-8310.578595881554	-16345.069493319364	-8310.578595881554	2.9982663836483454E307	Infinity	0.22240450501977013	0.9742988009257156	1.654710438168377	0.3709907609059031	0.9742988009257156	1.654710438168377	0.3709907609059031	0.44290843171433436	NaN	0.5452885645671466	0.44973634822152786	1.6467522235504433	-13484.034701069393	1.036847657314435E308	5.407376452810385E307	2.0621212260581307E307	2.7399335680322267E307	3.6695282764991306E307	10	1	5	1	2
207000	-26231.369440398554	-9949.057605468483	-16282.311834930071	-9949.057605468483	1.8424190413577687E307	1.0513956401841379E308	0.07759108843810024	1.1696517374137625	1.4593575016803302	0.3709907609059031	1.1696517374137625	1.4593575016803302	0.3709907609059031	0.1561496677613423	Infinity	0.27548962874867905	0.16588989426962622	3.3540720093279144	-13464.25029172291	2.7071002311752486E307	1.1330697229410027E307	2.0270194510936392E307	4.734830613223104E306	5.993072084528173E306	10	1	5	1	2
208000	-26246.365688599308	-9949.057605468483	-16297.308083130825	-9949.057605468483	1.2630656895961397E307	5.477152943661555E307	0.07759108843810024	1.1696517374137625	1.4593575016803302	0.3709907609059031	1.1696517374137625	1.4593575016803302	0.3709907609059031	0.36043841836824553	Infinity	2.688724510387391	0.4082354870169789	3.872001340202076	-13448.217276541585	1.287755438163548E307	1.671337896941512E307	4.955934620826023E306	1.1334937914179073E307	4.23521786537267E306	10	1	5	1	2
209000	-26276.172027832254	-9949.057605468483	-16327.11442236377	-9949.057605468483	4.413091311362145E307	Infinity	0.07759108843810024	1.1696517374137625	1.4593575016803302	0.3709907609059031	1.1696517374137625	1.4593575016803302	0.3709907609059031	0.3359412455800801	NaN	0.7948043052577358	0.29293991707021966	2.988507015074818	-13479.78230287368	3.952735557322305E307	3.3925856478644125E307	5.75382364347889E307	8.437890552014062E307	4.3096901404486363E307	10	1	5	1	2
210000	-26232.352579360282	-9949.057605468483	-16283.294973891801	-9949.057605468483	5.601120946589831E307	Infinity	0.07759108843810024	1.1696517374137625	1.4593575016803302	0.3709907609059031	1.1696517374137625	1.4593575016803302	0.3709907609059031	0.1541953925702722	NaN	0.06411710454318958	0.13592999572120376	1.8737994423206028	-13469.95085169912	6.777345371727723E307	2.2543432540597324E307	2.388650859626699E307	2.6326287077622246E307	1.1955921183344768E307	2	1	5	9	2
211000	-26272.297471625032	-9949.057605468483	-16323.239866156548	-9949.057605468483	1.8548695600553392E307	1.0341006368015801E308	0.07759108843810024	1.1696517374137625	1.4593575016803302	0.3709907609059031	1.1696517374137625	1.4593575016803302	0.3709907609059031	0.5140600117235552	0.25217532047513336	0.01819502279264487	0.5465559119534797	0.25109823819545507	-13462.377879697127	2.460278889649253E307	2.396485778695709E307	2.388650859626699E307	2.355624114475709E307	2.14275218469084E307	2	1	3	11	2
212000	-26252.219942014868	-9949.05760546848	-16303.162336546387	-9949.05760546848	3.591481546467353E307	Infinity	0.07759108843810024	1.3663566021023634	1.2626526369917292	0.3709907609059031	1.3663566021023634	1.2626526369917292	0.3709907609059031	0.21280692373394353	NaN	1.3993218640890444	0.19861210675312987	5.794749812238853	-13473.331766143308	9.97563021483957E307	5.765360131718163E307	6.747524173646969E307	2.355624114475709E307	1.0094486111664314E307	2	1	2	12	2
213000	-26261.474198145268	-9949.05760546848	-16312.416592676786	-9949.05760546848	2.397056573126616E307	1.0238328915103353E308	0.07759108843810024	1.135923078166462	1.4930861609276307	0.3709907609059031	1.135923078166462	1.4930861609276307	0.3709907609059031	0.37670454179608304	Infinity	0.6459941166028426	0.3429865020653561	2.2506519245555303	-13460.48962699403	7.720841057822395E307	9.237382415186089E307	3.451681599820734E307	1.509112719003473E307	1.2189504397136297E307	1	2	2	9	5
214000	-26227.6715670996	-9949.05760546848	-16278.613961631121	-9949.05760546848	3.340150095051707E307	1.7624377734119188E308	0.07759108843810024	1.135923078166462	1.4930861609276307	0.3709907609059031	1.135923078166462	1.4930861609276307	0.3709907609059031	0.12209585023610568	0.44048159867915715	0.002820754583426635	0.11967794767202396	0.44772494937016216	-13472.496661448755	3.489232530484755E307	3.091407061855635E307	1.7911391714663006E307	2.8073270454150366E307	3.9791049173230633E307	1	9	1	6	2
215000	-26285.714655279706	-9949.05760546848	-16336.657049811225	-9949.05760546848	1.2860534026370452E308	Infinity	0.07759108843810024	1.135923078166462	1.4930861609276307	0.3709907609059031	1.135923078166462	1.4930861609276307	0.3709907609059031	0.25985539672550556	0.0	0.0024059339216410455	0.23223670654727352	0.2073130788327254	-13500.82575699286	1.1639437082662446E308	1.4105293041580397E308	8.142884203899336E307	8.133094893279514E307	4.558258828643696E307	1	13	2	1	2
216000	-23979.36936489275	-7663.583294616517	-16315.786070276234	-7663.583294616517	5.776976631692615E307	Infinity	0.33989092019771594	1.135923078166462	1.4930861609276307	0.3709907609059031	1.135923078166462	1.4930861609276307	0.3709907609059031	0.21601014631978305	0.0	5.724244123974921E-6	0.19845709290133742	0.01235382905950723	-13490.23856779395	1.1503504843652747E308	1.4105293041580397E308	2.4832568933318084E307	2.890239407535432E307	6.924592507723101E306	1	13	2	1	2
217000	-23974.347131634575	-7663.583294616517	-16310.763837018058	-7663.583294616517	3.664222801290991E307	Infinity	0.33989092019771594	1.135923078166462	1.4930861609276307	0.3709907609059031	1.135923078166462	1.4930861609276307	0.3709907609059031	0.2682974372950993	0.0	1.1358634969749959E-5	0.25638529195744153	0.013112693244990805	-13479.561344588303	1.5601594479024462E308	7.153761646038763E307	2.648811832572027E307	1.9001685161699306E307	1.595137042941157E307	1	13	2	2	1
218000	-23962.618544912948	-7663.583294616517	-16299.035250296432	-7663.583294616517	2.8530160920945157E307	1.2941986062685034E308	0.33989092019771594	1.135923078166462	1.4930861609276307	0.3709907609059031	1.135923078166462	1.4930861609276307	0.3709907609059031	0.24650058305795436	0.00868169236487415	5.661697698049314E-6	0.26124047399039685	0.008973197252754158	-13465.926196176737	1.4650562379489022E308	1.9613321013305735E307	3.972165412876094E307	2.3462458246831063E307	1.6846539826788743E307	1	2	1	7	8
219000	-23941.9654365954	-7663.583294616517	-16278.382141978884	-7663.583294616517	8.083933940859591E307	Infinity	0.33989092019771594	1.135923078166462	1.4930861609276307	0.3709907609059031	1.135923078166462	1.4930861609276307	0.3709907609059031	0.10896121455689226	0.0	1.2780711100767983E-6	0.11697146624514376	0.009641624441431372	-13475.085390131333	4.2845161184090707E307	2.8142349339736595E307	4.199658768122157E307	3.1641503347949135E307	5.157398493966459E307	2	2	1	1	13
220000	-23930.157817381347	-7663.583294616517	-16266.57452276483	-7663.583294616517	2.5807908833318974E307	1.3511257473619679E308	0.33989092019771594	1.135923078166462	1.4930861609276307	0.3709907609059031	1.135923078166462	1.4930861609276307	0.3709907609059031	0.10896121455689226	0.027301963317329345	6.633174654935373E-6	0.09289331435055115	0.02816172342854718	-13467.769100938069	2.6462138716028094E307	5.064082671781422E307	5.218888762618305E307	5.38785645399709E307	3.3114144648039945E307	5	2	1	1	10
221000	-23969.720581611873	-7663.583294616517	-16306.137286995356	-7663.583294616517	4.003420973302664E307	Infinity	0.33989092019771594	1.135923078166462	1.4930861609276307	0.3709907609059031	1.135923078166462	1.4930861609276307	0.3709907609059031	0.25643462794414656	0.0	0.02634629974544477	0.19021584711470993	0.868649269496401	-13474.571661846416	1.7469661620205597E307	4.53745242979762E307	3.5181775218738695E307	6.154124866094545E307	3.982375236190154E307	2	12	1	1	3
222000	-23941.54129383554	-7663.583294616517	-16277.957999219023	-7663.583294616517	4.300293250839955E307	1.5151966629122384E308	0.33989092019771594	1.135923078166462	1.4930861609276307	0.3709907609059031	1.135923078166462	1.4930861609276307	0.3709907609059031	0.1554759576190624	0.6244415269623893	0.011060847833606337	0.17050071288521723	0.6335572393334555	-13459.632263000354	1.8562428553210242E307	1.4792138021753112E307	3.712428227742514E307	3.619196922591994E307	4.274232800408782E307	9	5	1	2	2
223000	-23987.93767647246	-7663.583294616517	-16324.35438185594	-7663.583294616517	7.583631967588379E307	Infinity	0.33989092019771594	1.135923078166462	1.4930861609276307	0.3709907609059031	1.135923078166462	1.4930861609276307	0.3709907609059031	0.2550619751886795	NaN	0.02061020091467422	0.23655221455891307	0.6000835331993482	-13485.863842692626	5.465080697473833E307	7.238230431535489E307	6.70615670566997E307	6.002174982820314E307	3.0600269235330754E307	8	5	2	3	1
224000	-23954.564491401703	-7663.583294616517	-16290.981196785184	-7663.583294616517	6.708624922627036E307	Infinity	0.33989092019771594	1.135923078166462	1.4930861609276307	0.3709907609059031	1.135923078166462	1.4930861609276307	0.3709907609059031	0.15022415362974006	NaN	0.02086502984367258	0.11556516095467725	1.2498200101949428	-13478.213842766794	4.545041761628848E307	9.886375320439347E307	6.020163274998005E307	6.058592341302995E307	2.525991004568799E307	8	6	1	3	1
225000	-23983.19902031022	-7663.583294616517	-16319.615725693704	-7663.583294616517	7.720754507603812E307	Infinity	0.33989092019771594	1.135923078166462	1.4930861609276307	0.3709907609059031	1.135923078166462	1.4930861609276307	0.3709907609059031	0.3553190852828187	0.0	0.032594782534256496	0.32234061000147224	0.5320421429167752	-13471.79434897629	2.459400824417586E307	2.0168368955831327E307	2.1360443462153238E307	3.3831442947827336E307	6.055401187087572E307	5	6	1	3	4
226000	-23970.653201885703	-7663.583294616517	-16307.069907269186	-7663.583294616517	4.1585679083919337E307	Infinity	0.33989092019771594	1.135923078166462	1.4930861609276307	0.3709907609059031	1.135923078166462	1.4930861609276307	0.3709907609059031	0.1618861449496043	0.0	8.153836286768249E-4	0.1857818098019441	0.15061915178519197	-13482.74878402949	4.341901545009836E307	5.803036608330939E307	4.186261500040695E307	3.7227398788822366E307	2.466661581556994E307	3	5	1	2	8
227000	-24020.500812939594	-7663.583294616517	-16356.917518323076	-7663.583294616517	1.2282649448359709E308	Infinity	0.33989092019771594	1.3547020447185318	1.2743071943755608	0.3709907609059031	1.3547020447185318	1.2743071943755608	0.3709907609059031	0.45177926435397714	NaN	0.21457757397964713	0.45606364890416723	0.9661259277031473	-13492.706160434034	1.3476063572014458E308	5.830290387131334E307	7.523570804128291E307	1.2224838061812021E308	1.1080201183636957E308	3	5	3	3	5
228000	-23955.948121057794	-7663.583294616517	-16292.364826441277	-7663.583294616517	1.4177213443037184E308	Infinity	0.33989092019771594	1.4511357974008623	1.2743071943755608	0.27455700822357265	1.4511357974008623	1.2743071943755608	0.27455700822357265	0.12398589012591653	NaN	0.012928942227342675	0.11403202248432194	1.0047451962333347	-13481.865721835231	6.869828201869963E307	4.112250721217051E307	3.2760743064767316E307	9.362481967265068E307	6.785605169308869E307	4	3	4	3	5
229000	-23966.505613759105	-7663.583294616517	-16302.922319142588	-7663.583294616517	7.686125324386448E307	Infinity	0.33989092019771594	1.4511357974008623	1.2743071943755608	0.27455700822357265	1.4511357974008623	1.2743071943755608	0.27455700822357265	0.2305024779019866	0.0	0.02138311059841297	0.23693450494989127	0.60682594036887	-13470.35550610308	4.4684892156674473E307	2.9291087283989683E307	3.2760743064767316E307	4.2940536429912E307	4.430420096454491E307	2	5	3	4	5
230000	-23945.038587140945	-7663.583294616517	-16281.455292524428	-7663.583294616517	2.8822439341783473E307	1.365382540740876E308	0.33989092019771594	1.4511357974008623	1.2743071943755608	0.27455700822357265	1.4511357974008623	1.2743071943755608	0.27455700822357265	0.134803480373824	0.4528370735857231	0.004171825132343867	0.13980999500618904	0.46175752861824837	-13467.02093307702	1.6107131301236895E308	3.111963343927001E307	3.3403859130406886E307	3.280011073686496E307	1.6182665342791966E307	2	8	3	4	2
231000	-23978.83048354007	-7663.583294616517	-16315.247188923553	-7663.583294616517	2.3913342380862375E307	1.3731361423136184E308	0.33989092019771594	1.4511357974008623	1.2743071943755608	0.27455700822357265	1.4511357974008623	1.2743071943755608	0.27455700822357265	0.29126436530952055	Infinity	0.21856173394862466	0.3280246064132715	1.3621284423332407	-13468.5667093605	8.508138755080663E307	3.4369872543252627E307	4.4633809604539895E307	2.48993489221455E307	1.8128108674547464E307	2	4	3	5	5
232000	-22989.609438015403	-6702.812848791948	-16286.796589223453	-6702.812848791948	1.245057997795936E308	Infinity	0.6619213196601331	1.4511357974008623	1.2743071943755608	0.27455700822357265	1.4511357974008623	1.2743071943755608	0.27455700822357265	0.14015912032197078	0.0	2.4474813976916596E-6	0.12349887453326103	0.012913955651772589	-13479.395970606462	1.0303161214765083E308	4.0913529904239643E307	4.405460649054288E307	6.708831459252253E307	5.062700635240371E307	2	4	3	5	5
233000	-22984.7609249746	-6702.812848791948	-16281.948076182649	-6702.812848791948	3.6900918334943625E307	Infinity	0.6619213196601331	1.4511357974008623	1.2743071943755608	0.27455700822357265	1.4511357974008623	1.2743071943755608	0.27455700822357265	0.13751834517041434	0.0	5.9360280811703274E-6	0.13650462996364554	0.01790558761716094	-13472.44953860743	6.215710226713044E307	2.457995027598288E307	2.8472659695235744E307	3.05865748143139E307	4.722334645315391E307	3	4	3	4	5
234000	-23034.89007216046	-6702.812848791948	-16332.07722336851	-6702.812848791948	1.0922061276828265E308	Infinity	0.6619213196601331	1.4511357974008623	1.2743071943755608	0.27455700822357265	1.4511357974008623	1.2743071943755608	0.27455700822357265	0.26417259646213154	0.0	1.0138369760601962E-5	0.30396549028774794	0.010639024293500233	-13493.035014187484	1.6682601147758616E308	6.867493576962875E307	5.669710663419214E307	5.278025341458094E307	5.947585861217034E307	4	1	7	1	6
235000	-23014.974076669012	-6702.812848791948	-16312.161227877063	-6702.812848791948	1.0963018394863647E308	Infinity	0.6619213196601331	1.4511357974008623	1.2743071943755608	0.27455700822357265	1.4511357974008623	1.2743071943755608	0.27455700822357265	0.15455333700837565	0.0	1.737759056347941E-5	0.14682836015061718	0.028265187015568027	-13493.444472038782	6.975979977471428E307	4.499004587441506E307	1.001721829153851E308	3.6257677839766604E307	6.338069772397715E307	4	1	1	1	12
236000	-23029.19840047493	-6702.812848791948	-16326.385551682979	-6702.812848791948	1.4091977489309994E308	Infinity	0.6619213196601331	1.1641660549091368	1.5612769368672863	0.27455700822357265	1.1641660549091368	1.5612769368672863	0.27455700822357265	0.149268070520737	0.0	4.8175310544737554E-5	0.16273667800513675	0.041775018422382584	-13500.858526933647	1.6165404182156361E308	2.4727878639991733E307	2.8330596577552964E307	5.56958287320514E307	1.3806160775521612E308	4	1	1	1	12
237000	-23017.98557984333	-6702.812848791948	-16315.172731051383	-6702.812848791948	7.382684029454678E307	Infinity	0.6619213196601331	1.1641660549091368	1.5612769368672863	0.27455700822357265	1.1641660549091368	1.5612769368672863	0.27455700822357265	0.2671262952187805	0.0	1.407065745041686E-7	0.24666136158253496	0.0015076722748437672	-13481.2778991867	4.1160629827270297E307	4.3513136414508643E307	1.204098113504578E308	9.400063464513989E307	6.274270980331542E307	4	1	1	1	12
238000	-23008.451066511767	-6702.812848791948	-16305.63821771982	-6702.812848791948	2.3698611528356943E307	1.4499724555094785E308	0.6619213196601331	1.1641660549091368	1.5612769368672863	0.27455700822357265	1.1641660549091368	1.5612769368672863	0.27455700822357265	0.3198877839626364	0.05132914202112912	1.7436702214286673E-4	0.2534361060794785	0.05515090076431714	-13469.627793778223	3.438771563222404E307	6.210102222861803E307	5.774337546016853E307	4.0126203934566733E307	1.497204695132786E307	13	1	1	1	3
239000	-23007.664167729257	-6702.812848791949	-16304.85131893731	-6702.812848791949	4.700270523930938E307	Infinity	0.6619213196601331	1.1641660549091368	1.5612769368672863	0.27455700822357265	1.1641660549091368	1.5612769368672863	0.27455700822357265	0.21929525487755033	0.0	0.02704506633970699	0.22426636178307402	0.7415531746100922	-13470.631038739295	1.5816649829359364E307	4.698242813125498E307	7.343005990276666E307	4.68476260179394E307	2.7072241933827983E307	7	2	7	1	2
240000	-23017.114184816575	-6702.81284879195	-16314.301336024624	-6702.81284879195	5.678965944154921E307	Infinity	0.6619213196601331	0.9306710511320858	1.7947719406443372	0.27455700822357265	0.9306710511320858	1.7947719406443372	0.27455700822357265	0.31690660728825487	NaN	0.11983334681394578	0.2385109296514654	1.6028841025198297	-13479.967297096096	8.0588766725086E307	4.560026047070689E307	3.6866404028147084E307	2.0534990438738989E307	2.038117711756403E307	6	5	5	1	2
241000	-22978.393938961348	-6702.81284879195	-16275.581090169397	-6702.81284879195	6.931580121848266E307	Infinity	0.6619213196601331	1.1551113908024906	1.5703316009739325	0.27455700822357265	1.1551113908024906	1.5703316009739325	0.27455700822357265	0.07410995094294419	NaN	0.0022364358504239823	0.06421047413218459	0.7395653586365601	-13487.21210684905	1.7510832943536588E308	8.697810531655664E307	5.590147770349313E307	3.929101456889447E307	4.270634002581874E307	6	5	5	1	2
242000	-23009.314430457813	-6702.81284879195	-16306.501581665863	-6702.81284879195	1.2997838256445975E307	1.182707166883897E308	0.6619213196601331	1.1551113908024906	1.5703316009739325	0.27455700822357265	1.1551113908024906	1.5703316009739325	0.27455700822357265	0.2595609010241188	Infinity	0.23937249955748383	0.23874531263733595	2.038416180755007	-13470.468462331544	1.1438141972730672E308	5.666289725500124E307	2.1303216925106894E307	2.8738058752993157E307	8.794135804026407E306	5	5	5	2	2
243000	-23015.665653038577	-6702.81284879195	-16312.852804246626	-6702.81284879195	3.491959975572421E307	Infinity	0.6619213196601331	1.1551113908024906	1.5703316009739325	0.27455700822357265	1.1551113908024906	1.5703316009739325	0.27455700822357265	0.2944774374782816	NaN	0.20200541598877483	0.27435483025892743	1.656675081570958	-13474.759498563026	3.9968931615165877E307	3.058835565520631E307	4.446238377911826E307	2.7573562944020486E307	2.2253660966586454E307	3	5	9	1	1
244000	-23039.222884178624	-6702.81284879195	-16336.410035386672	-6702.81284879195	6.039625662715898E307	Infinity	0.6619213196601331	1.1551113908024906	1.5703316009739325	0.27455700822357265	1.1551113908024906	1.5703316009739325	0.27455700822357265	0.24363037103963217	NaN	0.015299962140354397	0.24801700952298925	0.4874495333721924	-13491.17620523644	1.7241027221360012E308	8.419876873288689E307	2.158378804190062E307	9.096129935386765E307	4.3048788553715434E307	9	5	3	1	1
245000	-23005.278789857326	-6702.81284879195	-16302.465941065375	-6702.81284879195	9.28430288703324E307	Infinity	0.6619213196601331	1.1551113908024906	1.5703316009739325	0.27455700822357265	1.1551113908024906	1.5703316009739325	0.27455700822357265	0.1957749387372036	0.0	0.004009960940896358	0.18149098655158444	0.3551679899488752	-13477.500025175994	1.6919895979500254E308	6.499050131730986E307	1.0592109606793635E308	5.330582256744713E307	3.115751316093817E307	2	5	3	1	8
246000	-23031.45493792448	-6702.81284879195	-16328.642089132532	-6702.81284879195	1.4225200353885373E308	Infinity	0.6619213196601331	1.1551113908024906	1.5703316009739325	0.27455700822357265	1.1551113908024906	1.5703316009739325	0.27455700822357265	0.2503524399918568	0.0	0.004688799393858419	0.2800298865588154	0.24950799203690407	-13489.565972477016	1.7208021562624873E308	1.241300337275086E308	1.0573030125691725E308	6.859508712513553E307	4.598628499350196E307	4	5	3	6	1
247000	-23025.428081299367	-6702.812848791949	-16322.615232507416	-6702.812848791949	1.3049468042309141E308	Infinity	0.6619213196601331	1.1551113908024906	1.3248005749205773	0.5200880342769278	1.1551113908024906	1.3248005749205773	0.5200880342769278	0.29327732267768825	0.0	4.00293107722035E-5	0.20746889370643234	0.03173520598452498	-13491.466839803616	1.3782309647483457E308	5.86670184362357E307	4.955955614363825E307	4.1466089172628314E307	3.4913310730549673E307	3	5	3	6	2
248000	-23015.562339421744	-6702.812848791949	-16312.749490629794	-6702.812848791949	4.4044863396945487E307	Infinity	0.6619213196601331	1.1551113908024906	1.3248005749205773	0.5200880342769278	1.1551113908024906	1.3248005749205773	0.5200880342769278	0.22655577917726102	0.0	3.4930132493201224E-5	0.24062466950174416	0.023797955782541683	-13481.843863081085	1.477706494858916E308	6.591185352918788E307	3.975455297174339E307	2.6984318894771034E307	2.0103835828835192E307	3	1	6	2	7
249000	-23003.52057923127	-6702.812848791949	-16300.70773043932	-6702.812848791949	4.3438678119837494E307	Infinity	0.6619213196601331	1.1551113908024906	1.3248005749205773	0.5200880342769278	1.1551113908024906	1.3248005749205773	0.5200880342769278	0.2199656487394145	0.0	5.788101417590469E-4	0.21546886769038523	0.1095161090615392	-13467.965557650605	7.960398092675784E307	7.357713854854688E307	3.7826006650213476E307	5.220371105439066E306	1.9559078729539998E307	3	1	6	2	7
250000	-24779.388413630193	-8441.475144012158	-16337.913269618033	-8441.475144012158	6.691175918692241E307	Infinity	0.20429452290469527	1.1551113908024906	1.3248005749205773	0.5200880342769278	1.1551113908024906	1.3248005749205773	0.5200880342769278	0.33439966523944004	0.0	0.005957128256625507	0.40234327998194513	0.17512832991131916	-13481.806020953532	4.4224641893147865E307	1.4128643174787345E308	1.2629342070133082E308	4.2890952256740646E307	2.072414225965753E307	6	1	6	2	4
251000	-23400.249408670938	-7078.514510293468	-16321.73489837747	-7078.514510293468	4.127892315727273E307	Infinity	0.5048009822142605	1.1551113908024906	1.3248005749205773	0.5200880342769278	1.1551113908024906	1.3248005749205773	0.5200880342769278	0.2608145860776673	0.0	0.0095526293845845	0.321367041049009	0.2882948871497638	-13474.720092552647	1.1116618702086067E308	6.682223253080685E307	4.3408827305559056E307	4.675712978181866E307	2.2265761157744327E307	4	3	6	2	4
252000	-23364.009006386626	-7078.514510293468	-16285.494496093157	-7078.514510293468	2.401320367162459E307	1.1112089031406736E308	0.5048009822142605	1.1551113908024906	1.3248005749205773	0.5200880342769278	1.1551113908024906	1.3248005749205773	0.5200880342769278	0.1372886221767566	0.7145427347926964	0.012573150436248922	0.15584917015445426	0.7013774124892851	-13465.564969050958	5.021122862136901E307	4.227813708156618E307	3.6847388590260025E307	2.3245135268098867E307	2.961246523834526E307	4	3	6	2	4
253000	-23390.39380585181	-7078.514510293468	-16311.879295558341	-7078.514510293468	3.200451630790261E307	Infinity	0.5048009822142605	1.1551113908024906	1.3248005749205773	0.5200880342769278	1.1551113908024906	1.3248005749205773	0.5200880342769278	0.22878249231014985	NaN	0.2843808419430097	0.24674791448725705	2.2644195724099707	-13476.073250248704	1.0380396173775448E308	6.471995498928632E307	3.862034032897569E307	3.9957320145530354E307	2.499595912861845E307	4	1	5	1	8
254000	-23376.903806785464	-7078.514510293468	-16298.389296491996	-7078.514510293468	1.7978535977219492E307	1.5531877297156359E308	0.5048009822142605	1.1551113908024906	1.3248005749205773	0.5200880342769278	1.1551113908024906	1.3248005749205773	0.5200880342769278	0.14983625726726713	Infinity	2.828286886517185	0.19687105779921096	8.746898879581373	-13470.254229508351	1.6096921273761257E308	5.306911608489975E307	3.1898719581088756E307	2.5762210612700123E307	9.421355142366394E306	4	1	8	1	5
255000	-23384.89832462483	-7078.514510293468	-16306.383814331362	-7078.514510293468	2.58392667981897E307	Infinity	0.5048009822142605	1.1551113908024906	1.3248005749205773	0.5200880342769278	1.1551113908024906	1.3248005749205773	0.5200880342769278	0.22407037380484968	NaN	0.12442492450765405	0.21430651100685946	1.7505161424226345	-13477.815249881327	5.051830159171881E307	5.428841421899479E307	3.754831510643152E307	1.8635123436093758E307	1.2867027505326253E307	4	1	4	5	5
256000	-23367.512007817997	-7078.514510293468	-16288.99749752453	-7078.514510293468	9.800039601289751E306	5.934900275168531E307	0.5048009822142605	1.1551113908024906	1.3248005749205773	0.5200880342769278	1.1551113908024906	1.3248005749205773	0.5200880342769278	0.32345072936384744	Infinity	1.9529696886485868	0.2496091464489926	5.843271075041302	-13452.69794470809	1.40682719987991E307	1.7806726243979712E307	2.7943391272365397E307	8.382836280432934E306	8.646658068768331E306	4	1	4	5	5
257000	-23389.37336681017	-7078.51451029347	-16310.8588565167	-7078.51451029347	8.904421133620024E306	7.257512340822732E307	0.5048009822142605	1.1551113908024906	1.51711765422044	0.3277709549770651	1.1551113908024906	1.51711765422044	0.3277709549770651	0.47699509034368764	2.1418508244291643	0.9940036882861987	0.4536971859624061	2.348824245937858	-13459.355757873815	4.803734443556482E307	1.7392606895942188E307	1.6760699054926902E307	7.472949442341388E306	8.61837753407417E306	5	1	5	5	3
258000	-23364.709902109124	-7078.51451029347	-16286.195391815652	-7078.51451029347	3.5812226760777046E307	Infinity	0.5048009822142605	1.1551113908024906	1.51711765422044	0.3277709549770651	1.1551113908024906	1.51711765422044	0.3277709549770651	0.11813384248590961	NaN	0.08153891909098021	0.09568783496318196	3.016024585563845	-13483.88989021325	1.4886118451703466E308	5.83163212304885E307	4.0584046002555383E307	1.5151150496691407E307	1.3688436905512368E307	5	7	1	5	1
259000	-23394.03627867393	-7078.51451029347	-16315.52176838046	-7078.51451029347	4.1409179193979764E307	Infinity	0.5048009822142605	1.1551113908024906	1.51711765422044	0.3277709549770651	1.1551113908024906	1.51711765422044	0.3277709549770651	0.24033155757069743	NaN	0.07030251823079664	0.227085632602768	1.2013414727457832	-13483.228569633773	1.4886118451703466E308	3.4932031568399075E307	2.124217852016958E307	2.1107416112528155E307	2.3021104733942375E307	8	3	2	1	5
260000	-23385.62216457642	-7078.51451029347	-16307.107654282949	-7078.51451029347	1.2829546235460412E308	Infinity	0.5048009822142605	1.1551113908024906	1.51711765422044	0.3277709549770651	1.1551113908024906	1.51711765422044	0.3277709549770651	0.16146826590647523	0.0	0.0011965258372480568	0.15290146768788432	0.2184015700905279	-13487.968683003117	1.2502971468702672E308	6.870030218792861E307	5.883080091567745E307	4.579772909193002E307	4.0999573712661555E307	8	3	2	1	5
261000	-23364.24057633069	-7078.51451029347	-16285.72606603722	-7078.51451029347	4.086783096673145E307	Infinity	0.5048009822142605	1.1551113908024906	1.51711765422044	0.3277709549770651	1.1551113908024906	1.51711765422044	0.3277709549770651	0.11613507460397667	0.0	2.378327083423425E-5	0.10699518754685998	0.046141766280764517	-13482.613711052616	1.3923424757767552E308	7.618968488529851E307	6.343597015856287E307	4.2575518177349427E307	1.1358241113923875E307	5	3	5	1	5
262000	-23387.627643006213	-7078.51451029347	-16309.113132712742	-7078.51451029347	5.977592629564977E307	Infinity	0.5048009822142605	1.1551113908024906	1.51711765422044	0.3277709549770651	1.1551113908024906	1.51711765422044	0.3277709549770651	0.1801081725627546	0.0	1.3162717336997823E-6	0.18275657269228215	0.006386583307242384	-13485.708257783592	1.461330429392996E308	5.31486984019757E307	4.185324074536864E307	9.658941190088707E307	1.4665870884004466E307	5	3	5	4	2
263000	-23347.662787210727	-7078.51451029347	-16269.148276917258	-7078.51451029347	3.4088786556799873E307	1.516324254912491E308	0.5048009822142605	1.1551113908024906	1.51711765422044	0.3277709549770651	1.1551113908024906	1.51711765422044	0.3277709549770651	0.12927190456229443	0.02577124866194831	6.221974039466884E-6	0.09746086476507484	0.02586944624013315	-13470.570830343848	7.784236985737268E307	2.845919936117189E307	2.5498645816718874E307	2.0822576861768356E307	1.442576634350991E307	4	3	6	4	2
264000	-23408.125311777698	-7078.514510293468	-16329.610801484228	-7078.514510293468	8.78088210715186E307	Infinity	0.5048009822142605	0.9521655868367565	1.7200634581861742	0.3277709549770651	0.9521655868367565	1.7200634581861742	0.3277709549770651	0.28761786893615643	0.0	5.827492071667051E-8	0.28268673876865325	8.687300850728806E-4	-13491.191630690513	4.74779690069042E307	9.07942023220789E307	1.1157563776835576E308	1.1950595363598337E308	4.4814539841063133E307	6	3	4	4	2
265000	-23406.41775678536	-7078.514510293468	-16327.90324649189	-7078.514510293468	1.0494085181441207E308	Infinity	0.5048009822142605	0.9521655868367565	1.7200634581861742	0.3277709549770651	0.9521655868367565	1.7200634581861742	0.3277709549770651	0.23733533396626455	0.0	1.338026088675765E-6	0.2555007892722135	0.0044949610997226585	-13492.689029402933	1.1837069258815335E308	1.4183056370118889E308	1.2733629846320087E308	4.775248206930405E307	6.505607295867501E307	6	3	4	4	2
266000	-23405.219865244308	-7078.514510293468	-16326.70535495084	-7078.514510293468	6.871407450145977E307	Infinity	0.5048009822142605	0.9521655868367565	1.7200634581861742	0.3277709549770651	0.9521655868367565	1.7200634581861742	0.3277709549770651	0.23623422922351786	NaN	0.009161676406252706	0.19665998039493096	0.47853004933827775	-13495.583969022953	1.7387072770126742E308	1.2136841989451532E308	5.067630689191423E307	1.4567309998998413E307	3.430704646433414E307	3	3	6	4	3
267000	-23390.868693523444	-7078.514510293468	-16312.354183229976	-7078.514510293468	1.6551943441857142E307	1.1024166213349006E308	0.5048009822142605	0.9521655868367565	1.7200634581861742	0.3277709549770651	0.9521655868367565	1.7200634581861742	0.3277709549770651	0.33271962456678345	Infinity	0.7967957463791365	0.33213110423567516	2.653075168417712	-13465.849499286289	7.257749894097721E307	3.80345438397909E307	4.874814268152853E307	2.546433649459952E307	7.423775586135336E306	3	4	5	4	3
268000	-23390.868950286782	-7078.514510293468	-16312.354439993314	-7078.514510293468	3.325747624193376E307	1.5524608066695814E308	0.5048009822142605	0.9521655868367565	1.7200634581861742	0.3277709549770651	0.9521655868367565	1.7200634581861742	0.3277709549770651	0.3389556932002442	0.1359522052466748	0.0025911548898986387	0.34245944872549444	0.16481356385480242	-13467.818049407522	1.0951475387767195E308	3.372489949474221E307	1.5014358319943003E307	3.7641292007968294E307	1.242186227030093E307	1	4	5	6	3
269000	-23394.46322293345	-7078.514510293468	-16315.948712639982	-7078.514510293468	5.048578336125176E307	Infinity	0.5048009822142605	0.9521655868367565	1.7200634581861742	0.3277709549770651	0.9521655868367565	1.7200634581861742	0.3277709549770651	0.2992035114038241	0.0	0.026781176056193887	0.3150805316584998	0.5140750079006309	-13472.81512166927	1.7127349515906001E308	5.746071328168485E307	2.1629493671390076E307	2.604643927833582E307	1.7731671099017157E307	1	3	5	6	4
270000	-23410.305647673733	-7078.514510293468	-16331.791137380265	-7078.514510293468	6.931867793713208E307	Infinity	0.5048009822142605	0.9521655868367565	1.7200634581861742	0.3277709549770651	0.9521655868367565	1.7200634581861742	0.3277709549770651	0.3550110453958532	NaN	0.13612845202591028	0.3719804486129181	1.0126233440659949	-13478.378550145575	3.3587023850339535E307	6.964125948079042E307	7.913262443440031E307	6.745355467554599E307	3.472456320257837E307	3	2	4	6	4
271000	-23391.248658716322	-7078.514510293468	-16312.734148422853	-7078.514510293468	2.9229565349438113E307	Infinity	0.5048009822142605	0.9521655868367565	1.7200634581861742	0.3277709549770651	0.9521655868367565	1.7200634581861742	0.3277709549770651	0.23704694090244197	NaN	0.14053132122833728	0.241467680407264	1.6033243670552746	-13476.967270641175	6.465332592608811E307	3.820579740333754E307	5.671623853270041E307	7.691912372509778E307	2.984663767850327E307	3	2	4	6	4
272000	-23420.202853042683	-7078.514510293468	-16341.688342749216	-7078.514510293468	6.845252017983629E307	Infinity	0.5048009822142605	0.9521655868367565	1.7200634581861742	0.3277709549770651	0.9521655868367565	1.7200634581861742	0.3277709549770651	0.3175162063806787	NaN	0.3771245221185724	0.3320597761838059	1.7663526100598252	-13488.44732886655	1.533124885526177E308	1.7535002694218182E308	1.0993552221479038E308	8.247629432516624E307	5.786915844253577E307	3	3	3	4	6
273000	-23367.59227818491	-7078.51451029347	-16289.077767891442	-7078.51451029347	2.2195104686251033E307	1.1328938676540987E308	0.5048009822142605	0.9521655868367565	1.7200634581861742	0.3277709549770651	0.9521655868367565	1.7200634581861742	0.3277709549770651	0.20933038725642783	Infinity	0.19039080671097422	0.17160142781964338	2.4633777728979798	-13463.103415124167	7.298570104477467E307	7.560495317667988E307	4.47893612707508E307	1.3396615465870143E307	9.238031578345507E306	1	5	3	5	5
274000	-23387.419257786954	-7078.51451029347	-16308.904747493483	-7078.51451029347	7.657532809983839E307	Infinity	0.5048009822142605	0.9521655868367565	1.7200634581861742	0.3277709549770651	0.9521655868367565	1.7200634581861742	0.3277709549770651	0.22237243085874694	0.0	1.2183329431882405E-5	0.2469173511717811	0.013475612128201413	-13473.113249301083	1.4399526846153911E308	6.264132766958414E307	5.702225298496718E307	3.0402599416811237E307	2.1575811513252856E307	1	2	3	8	5
275000	-23384.904497552623	-7078.51451029347	-16306.389987259152	-7078.51451029347	3.385550670192043E307	Infinity	0.5048009822142605	0.9521655868367565	1.7200634581861742	0.3277709549770651	0.9521655868367565	1.7200634581861742	0.3277709549770651	0.14824463947154765	0.0	4.93256936170542E-6	0.14105212256208854	0.01626874421966255	-13490.683689743395	1.7871749744046561E308	9.646299758672052E307	1.2572283542268688E308	1.6164725849781335E308	6.550743955241867E307	1	6	3	2	7
276000	-23389.891062992243	-7078.51451029347	-16311.376552698772	-7078.51451029347	2.739090366737338E307	Infinity	0.5048009822142605	0.8698521321605027	1.8023769128624278	0.3277709549770651	0.8698521321605027	1.8023769128624278	0.3277709549770651	0.23683569847370375	0.0	4.150940482939168E-5	0.2510026194381813	0.024479506924920867	-13475.289421574449	1.7591098718706346E308	7.931446446334547E307	6.776407324997526E307	1.9101661381340366E307	1.7312744645452636E307	3	4	1	10	1
277000	-23350.71540191346	-7078.51451029347	-16272.20089161999	-7078.51451029347	8.431622702367265E306	6.805256689109987E307	0.5048009822142605	0.745960903714614	1.8023769128624278	0.45166218342295383	0.745960903714614	1.8023769128624278	0.45166218342295383	0.1897607780827256	0.18129497997804483	8.598090237229015E-4	0.1618085885552382	0.18549281962593578	-13458.947485641163	1.8353173652332155E307	1.3983518036288578E307	9.36259870690587E306	1.0241490616566753E307	6.378862256164896E306	3	8	1	3	4
278000	-23363.637760844525	-7078.51451029347	-16285.123250551056	-7078.51451029347	8.563465634413518E306	4.75420575921102E307	0.5048009822142605	0.33722028099613777	2.211117535580904	0.45166218342295383	0.33722028099613777	2.211117535580904	0.45166218342295383	0.24949296010317693	Infinity	4.336646918152914	0.23927086984170637	8.349109160620873	-13450.978343949291	2.353243247836243E307	1.1121673108859247E307	1.8984355192095941E307	6.203879886729372E306	3.600009475648147E306	3	8	1	3	4
279000	-23370.09775152702	-7078.51451029347	-16291.58324123355	-7078.51451029347	3.320207292387963E306	2.534149505513529E307	0.5048009822142605	0.33722028099613777	2.211117535580904	0.45166218342295383	0.33722028099613777	2.211117535580904	0.45166218342295383	0.43314414829191566	3.3040134505828473	3.4744932039831733	0.5488979245279672	3.8214945382806054	-13437.726436728031	1.4844410150989146E307	1.1121673108859247E307	7.357179634062803E306	3.264751174899589E306	6.161288941537861E305	3	4	5	3	4
280000	-23366.854979779488	-7078.51451029347	-16288.340469486018	-7078.51451029347	4.2720482124997144E306	2.0761008545428287E307	0.5048009822142605	0.5534442454032249	2.211117535580904	0.23543821901586673	0.5534442454032249	2.211117535580904	0.23543821901586673	0.5407701772822653	Infinity	38.80076189275456	0.55346701722568	13.138782526059595	-13432.092277083606	5.321183074884535E306	6.053397449970303E306	2.861894745574308E306	3.034146166199941E306	5.5785311227300735E306	3	4	5	4	3
281000	-23346.146521786937	-7078.51451029347	-16267.632011493466	-7078.51451029347	3.387605260341614E306	1.524785406661043E307	0.5048009822142605	0.5534442454032249	2.211117535580904	0.23543821901586673	0.5534442454032249	2.211117535580904	0.23543821901586673	0.3204336213806583	0.3738864892841717	0.019457708562637312	0.31944037515941615	0.4104838475993749	-13426.019223940108	4.8743353343480697E306	5.2842269496579966E306	1.7236996135841797E306	3.0207387455577625E306	1.6752352397642175E306	2	4	5	4	4
282000	-23353.61653001854	-7078.51451029347	-16275.10201972507	-7078.51451029347	1.316939617917132E307	5.901873411047062E307	0.5048009822142605	0.5534442454032249	2.211117535580904	0.23543821901586673	0.5534442454032249	2.211117535580904	0.23543821901586673	0.24197456419024518	3.0114090429136833	0.3472849899047678	0.19212254079225569	3.0892227542978112	-13450.860321048953	2.5200597397242865E307	1.0114661785806574E307	1.7090149119425356E307	7.195862742346396E306	6.279026881179089E306	1	4	4	6	4
283000	-23360.69392125285	-7078.51451029347	-16282.179410959377	-7078.51451029347	1.0444918894514103E307	4.1173831064492584E307	0.5048009822142605	0.5534442454032249	2.211117535580904	0.23543821901586673	0.5534442454032249	2.211117535580904	0.23543821901586673	0.29096730066323767	Infinity	4.528559568597947	0.3047807739705596	6.251323053139319	-13440.88022273026	2.316777612371729E306	2.4833463411118197E306	5.409141387233485E306	3.2943081376822346E306	3.861679554298427E306	2	4	4	5	4
284000	-23370.77846157494	-7078.51451029347	-16292.263951281471	-7078.51451029347	1.0522587679941184E307	4.0204076593711577E307	0.5048009822142605	0.5534442454032249	2.211117535580904	0.23543821901586673	0.5534442454032249	2.211117535580904	0.23543821901586673	0.4678137516562454	0.08287453520679536	0.0021812817048099805	0.5208672028725294	0.08796769882486023	-13438.651514418516	2.4219130933853984E307	9.976246913085105E306	3.340721228254446E306	4.479952611956097E306	8.396909794709367E306	1	5	5	3	5
285000	-23382.085423863224	-7078.514510293468	-16303.570913569754	-7078.514510293468	2.3480350426236934E307	1.286968334718223E308	0.5048009822142605	0.6519579303172963	2.211117535580904	0.1369245341017953	0.6519579303172963	2.211117535580904	0.1369245341017953	0.3480404250888864	0.00549405783428946	2.821614082931295E-6	0.3249056956249415	0.005115648694719783	-13464.626796888497	1.2006344852803553E308	6.26009825647562E307	2.4786158402299385E307	9.634111859690812E306	1.1443890162637592E307	2	5	2	5	5
286000	-23359.764911103535	-7078.514510293468	-16281.250400810066	-7078.514510293468	1.7233811692894316E307	1.072103966309082E308	0.5048009822142605	0.6519579303172963	2.211117535580904	0.1369245341017953	0.6519579303172963	2.211117535580904	0.1369245341017953	0.18173493364781004	0.018126966479122476	9.113514230677397E-6	0.1678073540172736	0.018382668898201712	-13462.499426159868	6.785377933992381E307	3.330063906378708E307	1.9342480657807762E307	7.317561285551268E306	2.0928979465318013E307	2	5	2	5	5
287000	-23384.44131319283	-7078.514510293468	-16305.926802899361	-7078.514510293468	1.435991923490945E308	Infinity	0.5048009822142605	0.6519579303172963	2.211117535580904	0.1369245341017953	0.6519579303172963	2.211117535580904	0.1369245341017953	0.14436185113771896	0.0	2.8319557935175955E-7	0.14072880201122187	0.003859660499148141	-13491.881692894887	1.760241462876985E308	8.268965233266133E307	9.562627038699601E307	9.101144583711589E307	9.55921225021395E307	3	2	5	2	7
288000	-23387.335456248962	-7078.514510293468	-16308.820945955493	-7078.514510293468	6.128155288691374E307	Infinity	0.5048009822142605	0.6519579303172963	2.211117535580904	0.1369245341017953	0.6519579303172963	2.211117535580904	0.1369245341017953	0.16732660040009473	0.0	9.234374613146294E-7	0.19056636378109756	0.00509062019384383	-13483.565694309822	1.6267865427588091E308	3.9598898990463994E307	5.861233545236186E307	4.546120375546429E307	2.130858733528362E307	1	11	1	4	2
289000	-23369.747353948114	-7078.514510293468	-16291.232843654645	-7078.514510293468	7.394147958079431E307	Infinity	0.5048009822142605	0.6519579303172963	2.211117535580904	0.1369245341017953	0.6519579303172963	2.211117535580904	0.1369245341017953	0.1508405327403947	0.0	3.5734542156092083E-6	0.11444895441877347	0.016842981661449048	-13481.11718964219	1.2373536301668157E308	4.1692569047683864E307	1.1025763391433877E308	1.3222229273217965E308	7.2549080698633E307	1	8	4	4	2
290000	-23403.08386221355	-7078.514510293468	-16324.569351920081	-7078.514510293468	3.7508863601337864E307	Infinity	0.5048009822142605	0.6519579303172963	2.211117535580904	0.1369245341017953	0.6519579303172963	2.211117535580904	0.1369245341017953	0.29864925118376706	0.0	9.25251873176908E-4	0.3076941995762959	0.093698163657526	-13479.037866439869	2.9631911155437046E307	3.7907251638707846E307	6.014278901904806E307	2.62121532231075E307	2.727038711258496E307	1	8	4	4	2
291000	-23400.64173238491	-7078.514510293468	-16322.127222091442	-7078.514510293468	1.1777481845933967E308	Infinity	0.5048009822142605	0.6519579303172963	2.211117535580904	0.1369245341017953	0.6519579303172963	2.211117535580904	0.1369245341017953	0.172658188531052	0.0	9.656236037033595E-4	0.1779877758804009	0.17269175777371723	-13496.477881358527	1.6893124160599497E308	8.266902635550857E307	1.114956269479732E308	1.2933777389907742E308	4.31466923036973E307	4	5	4	4	2
292000	-23418.346582217357	-7078.514510293468	-16339.832071923887	-7078.514510293468	5.332650080451261E307	Infinity	0.5048009822142605	0.6519579303172963	2.211117535580904	0.1369245341017953	0.6519579303172963	2.211117535580904	0.1369245341017953	0.36516349077334487	0.0	0.02927003446884979	0.3822909853968943	0.47675853868634693	-13486.669468784008	1.4416687107436598E308	5.062818269186877E307	2.937766256566273E307	9.510334835788591E307	9.765398076252151E307	4	1	4	8	2
293000	-23404.52166724206	-7078.514510293468	-16326.007156948594	-7078.514510293468	8.169492794731498E307	Infinity	0.5048009822142605	0.6519579303172963	2.211117535580904	0.1369245341017953	0.6519579303172963	2.211117535580904	0.1369245341017953	0.22635366284671907	0.0	0.0056808829381233515	0.24470254902867247	0.30179133554045	-13488.852878542264	7.99281182438735E307	9.097196195175374E307	4.495320596899968E307	1.0306783197816097E308	6.507089060239264E307	4	1	4	8	2
294000	-23333.652824857912	-7078.514510293468	-16255.138314564443	-7078.514510293468	4.0446312295871253E307	Infinity	0.5048009822142605	0.6519579303172963	2.211117535580904	0.1369245341017953	0.6519579303172963	2.211117535580904	0.1369245341017953	0.05929020515236649	NaN	0.005470926980463921	0.04346677680759248	1.7130754291579715	-13476.186203458	5.505505455379371E307	1.2801642382081911E308	4.1383906234094725E307	4.622425491327367E307	2.741003477166396E307	4	1	4	8	2
295000	-23374.361955229466	-7078.514510293468	-16295.847444935998	-7078.514510293468	2.351527404803375E307	9.465487642549324E307	0.5048009822142605	0.6519579303172963	2.211117535580904	0.1369245341017953	0.6519579303172963	2.211117535580904	0.1369245341017953	0.18025551697844938	Infinity	0.6183807698984876	0.2472017957747336	3.1396222305550996	-13458.025067112589	3.5280294535245835E307	2.4217715995311187E307	4.504295925057724E307	1.4875546564775297E307	1.6328379546760837E307	2	2	3	11	1
296000	-23356.561164478746	-7078.514510293468	-16278.046654185278	-7078.514510293468	1.2863097293886436E307	5.6195716436392E307	0.5048009822142605	0.6519579303172963	2.211117535580904	0.1369245341017953	0.6519579303172963	2.211117535580904	0.1369245341017953	0.255328686331834	2.0421269896286627	0.2061272822865085	0.22652931852636646	2.0981375059243494	-13448.41001369683	3.304561784529616E307	1.6219883877028628E307	2.404762045891085E307	6.512382282846507E306	1.0895650705172333E307	2	2	3	11	1
297000	-23382.861723334943	-7078.514510293468	-16304.347213041474	-7078.514510293468	9.3023148258763E306	6.165641596281143E307	0.5048009822142605	0.6519579303172963	2.211117535580904	0.1369245341017953	0.6519579303172963	2.211117535580904	0.1369245341017953	0.45031935225257885	2.6691298854221035	1.5465986965439067	0.45947389307839265	2.8754825562612636	-13450.584956731773	4.536378804149183E307	2.4284271585928516E307	1.58120999038175E307	5.3370184993511035E306	3.310838196583614E306	2	2	3	11	1
298000	-23371.445675683583	-7078.514510293468	-16292.931165390115	-7078.514510293468	3.9141914583167966E306	1.820569848366908E307	0.5048009822142605	0.6519579303172963	2.211117535580904	0.1369245341017953	0.6519579303172963	2.211117535580904	0.1369245341017953	0.45692418993094247	1.4238731432807035	0.3007615089099816	0.4326308318611908	1.0537442384080726	-13430.153783241212	4.263563904133553E307	1.6038269420160638E307	1.0010472252072702E307	2.4363563000243205E306	1.4160032830149744E306	2	2	3	11	1
299000	-23369.37082049692	-7078.514510293468	-16290.856310203451	-7078.514510293468	7.872453358872087E306	3.837879879271069E307	0.5048009822142605	0.6519579303172963	2.211117535580904	0.1369245341017953	0.6519579303172963	2.211117535580904	0.1369245341017953	0.32592425034487843	1.7342172143207002	0.49329363901524836	0.3742013794236949	1.9851406928830426	-13446.39120695245	2.773215196291317E307	1.4758315181186902E307	1.865389496185749E307	6.109472889127567E306	1.4457269278102344E307	3	2	2	11	1
300000	-23360.495699708725	-7078.514510293468	-16281.981189415255	-7078.514510293468	2.611884629916265E307	8.843574534026165E307	0.5048009822142605	0.6519579303172963	2.211117535580904	0.1369245341017953	0.6519579303172963	2.211117535580904	0.1369245341017953	0.2963820810367474	0.2249947478312152	0.003520876933976896	0.2658018276544223	0.2143418781619372	-13442.330817906775	1.0339762944409192E307	6.463176577959626E306	6.915064037221754E306	4.513428570499084E307	2.8399710985838184E307	3	2	12	1	1
301000	-23351.60584972211	-7078.514510293468	-16273.09133942864	-7078.514510293468	7.713722545036754E306	4.926163708618641E307	0.5048009822142605	0.6519579303172963	2.211117535580904	0.1369245341017953	0.6519579303172963	2.211117535580904	0.1369245341017953	0.23254919003895144	0.13599996564857095	0.0010511825625961048	0.227425418280971	0.14137005991439366	-13449.156278833112	5.977761158791344E307	1.8535673861940455E307	5.405449275486446E306	1.7874077837513474E306	2.1897702406089588E306	1	4	12	1	1
302000	-23382.830202668883	-7078.514510293468	-16304.315692375416	-7078.514510293468	7.541589509602802E306	7.096209826641356E307	0.5048009822142605	0.6519579303172963	2.211117535580904	0.1369245341017953	0.6519579303172963	2.211117535580904	0.1369245341017953	0.44043646200812486	2.123327655369997	0.6750003036566543	0.3657119259346986	2.193123480405457	-13453.48805139524	4.800829111102641E307	4.500178277035853E307	7.552293943838694E306	4.0740836074261485E306	2.3058638194017976E306	2	3	10	1	3
303000	-23337.686677960726	-7078.514510293468	-16259.172167667259	-7078.514510293468	5.3948991621646E306	4.543635668323996E307	0.5048009822142605	0.6519579303172963	2.211117535580904	0.1369245341017953	0.6519579303172963	2.211117535580904	0.1369245341017953	0.13196227633253674	0.8169061697911312	0.013358564788840897	0.14328989906700776	0.8073883845604998	-13450.323462919456	2.2664172616420204E307	1.5399738878572957E307	7.72342647663409E306	6.596089859731608E306	3.68053741664604E306	2	3	9	2	3
304000	-23369.53735692909	-7078.514510293468	-16291.02284663562	-7078.514510293468	9.336305653204942E306	6.969152335943527E307	0.5048009822142605	0.6519579303172963	2.211117535580904	0.1369245341017953	0.6519579303172963	2.211117535580904	0.1369245341017953	0.22663639909554348	Infinity	5.801571206362275	0.22463705339337264	10.810512037746687	-13460.744724619779	2.5115338630114017E307	1.10977450182624E307	1.515212609866413E307	1.801802448322541E307	1.5141651712825435E307	2	3	9	2	3
305000	-23376.389718619525	-7078.514510293468	-16297.875208326057	-7078.514510293468	1.0703445834611591E307	7.887001707454749E307	0.5048009822142605	0.6519579303172963	2.211117535580904	0.1369245341017953	0.6519579303172963	2.211117535580904	0.1369245341017953	0.2444710487377468	Infinity	2.309791145654562	0.2620058137881401	5.862188878361169	-13459.498774839967	7.979433197900044E307	3.8309891845826926E307	1.5335329932073573E307	1.1032530223376865E307	2.326950671994529E306	2	3	9	2	3
306000	-23361.168395173187	-7078.514510293468	-16282.653884879717	-7078.514510293468	1.49905200386706E307	8.904266898102256E307	0.5048009822142605	0.6519579303172963	2.211117535580904	0.1369245341017953	0.6519579303172963	2.211117535580904	0.1369245341017953	0.20497769053960543	0.01394824342003556	7.971068370042225E-6	0.2161321660468389	0.012771412257562507	-13457.890727669017	1.1500276182547605E308	4.388351525357742E307	2.084313708601337E307	6.700279146207697E306	6.505156162429239E306	2	4	5	2	6
307000	-22680.561907241266	-6398.649784272468	-16281.912122968797	-6398.649784272468	1.8162582177712516E307	1.2051431196865647E308	0.873746074954001	0.6519579303172963	2.211117535580904	0.1369245341017953	0.6519579303172963	2.211117535580904	0.1369245341017953	0.17169871819985097	0.0067373184038741285	1.1876686161060766E-6	0.1619728551036011	0.006566556315860124	-13466.02837081336	1.2870229131874094E308	5.62052858320316E307	1.7657962692261477E307	2.350213526937557E307	9.635315501192758E306	2	4	8	2	3
308000	-22689.159819111992	-6398.649784272468	-16290.510034839524	-6398.649784272468	7.764950207214283E307	Infinity	0.873746074954001	0.6519579303172963	2.211117535580904	0.1369245341017953	0.6519579303172963	2.211117535580904	0.1369245341017953	0.12767161679763103	0.0	5.854249196973516E-6	0.1373378164332247	0.016922985397462682	-13474.346849484873	7.662758869036995E307	7.576104324763534E307	2.1562766575127068E307	3.178270829329556E307	6.664435791367494E307	4	2	8	2	3
309000	-22689.407757447174	-6398.649784272468	-16290.757973174705	-6398.649784272468	5.614375677465206E307	Infinity	0.873746074954001	0.6519579303172963	2.211117535580904	0.1369245341017953	0.6519579303172963	2.211117535580904	0.1369245341017953	0.18056928312914602	0.0	2.0459744213648188E-5	0.15079691878380003	0.02989497191705958	-13473.951556142922	4.788151169769263E307	4.07360882013959E307	5.0074166131313E307	3.2708078313461793E307	1.0275069585227964E307	4	6	6	2	1
310000	-22730.037362746374	-6398.649784272468	-16331.387578473907	-6398.649784272468	2.8889386958348455E307	Infinity	0.873746074954001	0.551661694175239	2.211117535580904	0.23722077024385263	0.551661694175239	2.211117535580904	0.23722077024385263	0.35355925218772594	0.0	1.1323515871931915E-6	0.45781729503135704	0.0024850980229650034	-13484.353649971776	8.117036003492888E307	7.625235044587193E307	6.402830784774064E307	2.389586074553885E307	1.1929153829848116E307	7	1	6	2	3
311000	-22638.976716465193	-6398.649784272468	-16240.326932192726	-6398.649784272468	7.227742114460148E306	4.2904332122002993E307	0.873746074954001	0.551661694175239	2.211117535580904	0.23722077024385263	0.551661694175239	2.211117535580904	0.23722077024385263	0.10566677588358915	0.057904350278136785	2.8314795639725796E-5	0.09161509675406392	0.059677241850410706	-13447.951952257898	1.5948790065308136E307	1.624178861863749E307	1.1211979680048176E307	9.352260068340682E306	8.84977305636729E306	6	1	7	2	3
312000	-22642.38008287643	-6398.649784272468	-16243.73029860396	-6398.649784272468	1.0759114384355592E307	3.5722514611698914E307	0.873746074954001	0.551661694175239	2.211117535580904	0.23722077024385263	0.551661694175239	2.211117535580904	0.23722077024385263	0.16294214752186792	0.05552701609039815	6.918622640054019E-5	0.15173545927969492	0.05501522718867473	-13436.155145580038	8.576196600425717E306	7.956378503203454E306	3.091711126993043E306	4.389569423418329E306	7.695783976030703E306	5	2	8	1	3
313000	-22672.95542910183	-6398.649784272468	-16274.30564482936	-6398.649784272468	7.471021054816491E306	3.7065701215795657E307	0.873746074954001	0.551661694175239	2.211117535580904	0.23722077024385263	0.551661694175239	2.211117535580904	0.23722077024385263	0.30672925871058565	0.007877822297621571	4.704799115099969E-6	0.2653580896687255	0.007599274560794573	-13442.361636600841	1.5644221156606079E307	6.358598454938429E306	3.1884183910375847E306	2.0367224621954103E306	5.506118838737276E306	5	2	2	1	9
314000	-22673.871736410587	-6398.649784272468	-16275.22195213812	-6398.649784272468	4.269049760558685E306	3.4906846093982717E307	0.873746074954001	0.551661694175239	2.211117535580904	0.23722077024385263	0.551661694175239	2.211117535580904	0.23722077024385263	0.24524679767472599	0.0011694536816844842	1.013690285270651E-7	0.27268306619196253	0.0010705627691256119	-13440.194800947238	6.100675628462723E307	2.1885629786292807E307	3.741435275689847E306	3.832569821618764E306	1.875380935789577E306	3	2	4	6	4
315000	-22649.16861466474	-6398.649784272468	-16250.518830392271	-6398.649784272468	6.069443231333645E306	5.524954441297219E307	0.873746074954001	0.551661694175239	2.211117535580904	0.23722077024385263	0.551661694175239	2.211117535580904	0.23722077024385263	0.13250712918559468	0.0016292614396392349	4.550680550132537E-8	0.1317748429631473	0.0016285642743964035	-13447.424537019413	4.993107628988796E307	5.108954009025625E307	2.1726625107367163E307	4.925454226205227E306	3.1811866867045645E306	3	2	4	6	4
316000	-22676.14339724453	-6398.649784272468	-16277.493612972063	-6398.649784272468	8.047957111891693E306	7.767102582408982E307	0.873746074954001	0.551661694175239	2.211117535580904	0.23722077024385263	0.551661694175239	2.211117535580904	0.23722077024385263	0.1982163223875034	3.409236070345085E-4	3.596654654687405E-9	0.1823697657161787	3.261744425168562E-4	-13460.850241666985	8.184274336449491E307	3.975309273246123E307	3.7077447533697195E307	1.0066939312792686E307	1.1618677167145994E307	3	2	4	6	4
317000	-22725.8079488953	-6398.649784272468	-16327.158164622831	-6398.649784272468	2.7496079046231407E307	Infinity	0.873746074954001	0.551661694175239	2.211117535580904	0.23722077024385263	0.551661694175239	2.211117535580904	0.23722077024385263	0.3274073762682119	0.0	5.19045301938413E-7	0.33494761728254785	0.0020063528642955794	-13477.561888728304	4.059696432708454E307	6.045143997443847E307	9.497300366837558E307	5.54641997788207E307	7.982418213016005E306	3	1	4	7	4
318000	-22712.72440441147	-6398.649784272468	-16314.074620139003	-6398.649784272468	7.624217670342972E307	Infinity	0.873746074954001	0.551661694175239	2.211117535580904	0.23722077024385263	0.551661694175239	2.211117535580904	0.23722077024385263	0.30689989522437455	0.0	1.500441412337971E-4	0.29231234848346244	0.044177574777590004	-13476.428243056893	5.323173872423128E307	2.7205390146352396E307	4.58303632325533E307	5.082749432915617E307	4.2221531554765227E307	1	8	1	5	4
319000	-22750.93137155148	-6398.649784272468	-16352.28158727901	-6398.649784272468	1.1742391875659072E308	Infinity	0.873746074954001	0.7750028562460114	1.9877763735101315	0.23722077024385263	0.7750028562460114	1.9877763735101315	0.23722077024385263	0.34801977656614486	0.0	1.6497837214744869E-4	0.4245907707686575	0.031134455197812428	-13498.306597814897	1.0515138113492774E308	3.7876108240688425E307	1.2139413347879213E308	1.0703147209518048E308	1.3700998865091775E308	1	2	1	2	13
320000	-22731.451163151818	-6398.6497842724675	-16332.801378879349	-6398.6497842724675	1.6891290181935126E308	Infinity	0.873746074954001	0.5436033439435006	2.2191758858126422	0.23722077024385263	0.5436033439435006	2.2191758858126422	0.23722077024385263	0.23592996499838237	0.0	2.610430651059333E-4	0.26555108622306844	0.058528774346402766	-13493.744532303239	7.377046865670153E307	3.5522104318175075E307	3.7973423611700627E307	1.0135666652285122E308	7.4277252813143E307	1	2	1	2	13
321000	-22728.471966189223	-6398.6497842724675	-16329.822181916757	-6398.6497842724675	1.022433396455776E308	Infinity	0.873746074954001	0.5436033439435006	2.2191758858126422	0.23722077024385263	0.5436033439435006	2.2191758858126422	0.23722077024385263	0.2819712646074163	0.0	0.001123463397252382	0.228133391408338	0.14653494197274147	-13492.846913345085	1.0013075654148798E308	1.3249357354379565E308	7.658668180446728E307	8.697449396668569E307	6.154729687966962E307	1	2	2	13	1
322000	-22703.215258686858	-6398.6497842724675	-16304.56547441439	-6398.6497842724675	1.2943099442304276E308	Infinity	0.873746074954001	0.5436033439435006	2.2191758858126422	0.23722077024385263	0.5436033439435006	2.2191758858126422	0.23722077024385263	0.1695681616372523	0.0	1.4165782273232045E-4	0.16507814325618284	0.0728298081040649	-13486.409657881937	7.311758507492583E307	6.855998415262978E307	7.276810373540224E307	4.0558857951105322E307	3.4263210994987883E307	3	2	9	4	1
323000	-22712.720654912548	-6398.6497842724675	-16314.07087064008	-6398.6497842724675	1.5161384326827714E308	Infinity	0.873746074954001	0.5436033439435006	2.2191758858126422	0.23722077024385263	0.5436033439435006	2.2191758858126422	0.23722077024385263	0.24410610156808454	0.0	1.8257681550357424E-6	0.24509304543797997	0.005511401241637594	-13484.048959718828	1.6807716852062548E308	8.943216099022835E307	7.83254419154259E307	6.364166801897596E307	6.206728693991798E307	1	8	3	4	3
324000	-22717.118909476038	-6398.6497842724675	-16318.46912520357	-6398.6497842724675	6.029643774350943E307	Infinity	0.873746074954001	0.5436033439435006	2.2191758858126422	0.23722077024385263	0.5436033439435006	2.2191758858126422	0.23722077024385263	0.3364387530551324	0.0	8.76494629749944E-6	0.3533303393766362	0.008677776989187376	-13476.000232240936	1.1661704182297259E308	4.753530321307103E307	3.542309779571985E307	3.535887784037897E307	4.809178911640877E307	1	7	4	3	4
325000	-22711.142703394624	-6398.6497842724675	-16312.492919122154	-6398.6497842724675	1.3604051792491053E308	Infinity	0.873746074954001	0.5436033439435006	2.2191758858126422	0.23722077024385263	0.5436033439435006	2.2191758858126422	0.23722077024385263	0.20796286576258652	0.0	4.012884409413598E-10	0.19621680905744268	1.0838005372465597E-4	-13490.55792191355	7.593353710910075E307	7.319219209265364E307	1.0889625291237112E308	9.416381607674681E307	3.173499550548334E307	8	2	2	3	4
326000	-22726.89782506836	-6398.6497842724675	-16328.248040795894	-6398.6497842724675	6.128989653232603E307	Infinity	0.873746074954001	0.5436033439435006	2.2191758858126422	0.23722077024385263	0.5436033439435006	2.2191758858126422	0.23722077024385263	0.3225968155957045	0.0	6.231888515593138E-10	0.31417038145539367	8.425399699705286E-5	-13492.78579890152	1.5933089624988631E308	7.966883976288004E307	5.378940040523483E307	2.883139505850599E307	2.394299444873374E307	2	8	4	3	2
327000	-22707.597351019598	-6398.649784272468	-16308.94756674713	-6398.649784272468	2.285606674097328E307	1.4197173395540991E308	0.873746074954001	0.6153036207854614	2.1474756089706815	0.23722077024385263	0.6153036207854614	2.1474756089706815	0.23722077024385263	0.37424200468522	2.0822650756105634E-6	6.982896132620366E-13	0.3817521110347792	2.1492470160338127E-6	-13471.539080157998	8.955190518336855E307	4.576792011331914E307	4.404019032483392E307	4.2228024671935734E307	2.2730119062327856E307	3	6	4	4	2
328000	-22685.059798360428	-6398.649784272468	-16286.41001408796	-6398.649784272468	4.809819511282945E307	Infinity	0.873746074954001	0.6153036207854614	2.1474756089706815	0.23722077024385263	0.6153036207854614	2.1474756089706815	0.23722077024385263	0.18087085587675442	0.0	3.603715834111403E-16	0.16999394126915776	1.0764488109644082E-7	-13474.775636473114	9.089726605002043E307	3.9825685910195864E307	2.263859912225233E307	3.485137161074878E307	8.984060682572698E307	3	6	3	5	2
329000	-22715.65032588618	-6398.649784272468	-16317.000541613714	-6398.649784272468	6.85617037115073E307	Infinity	0.873746074954001	0.6153036207854614	2.1474756089706815	0.23722077024385263	0.6153036207854614	2.1474756089706815	0.23722077024385263	0.35768638121675195	0.0	1.7405011723871856E-14	0.35350566650091353	3.719667687091034E-7	-13478.70826858383	4.295947539519705E307	2.4131052777774023E307	5.446705757086278E307	1.103233797808563E308	9.571404221895094E307	3	6	3	5	2
330000	-22704.390033053765	-6398.649784272468	-16305.740248781296	-6398.649784272468	8.243472444583439E307	Infinity	0.873746074954001	0.6153036207854614	2.1474756089706815	0.23722077024385263	0.6153036207854614	2.1474756089706815	0.23722077024385263	0.1959027840299139	0.0	1.4292122090407955E-18	0.19076589604821645	6.352487293529203E-9	-13494.272292061543	1.7082717703724208E308	1.2320872476698496E308	7.066901257928273E307	6.773096423041471E307	8.028272454501288E307	3	6	3	5	2
331000	-22671.043653352077	-6398.649784272468	-16272.39386907961	-6398.649784272468	4.663510861451519E307	Infinity	0.873746074954001	0.6153036207854614	2.1474756089706815	0.23722077024385263	0.6153036207854614	2.1474756089706815	0.23722077024385263	0.1363096552486244	0.0	1.0558784859052088E-18	0.11780656353171771	8.694513818100429E-9	-13479.218561155498	1.1108275032090787E308	7.690926451658809E307	3.887309797289132E307	2.924458132256927E307	3.703381355910983E307	3	7	4	3	2
332000	-22697.8474910903	-6398.649784272468	-16299.19770681783	-6398.649784272468	1.8967633072616847E307	Infinity	0.873746074954001	0.5602616202407535	2.1474756089706815	0.29226277078856056	0.5602616202407535	2.1474756089706815	0.29226277078856056	0.22905148466548322	0.0	4.2134430228166855E-18	0.2307372543156677	8.523898901018575E-9	-13478.345714682557	5.274411205836603E307	7.420593448078329E307	5.28233097848668E307	4.833797905495838E307	5.94453535901357E306	3	2	2	5	7
333000	-22678.147589862037	-6398.649784272468	-16279.49780558957	-6398.649784272468	1.344992489630425E307	8.695935623333073E307	0.873746074954001	0.7978076914141508	1.9099295377972842	0.29226277078856056	0.7978076914141508	1.9099295377972842	0.29226277078856056	0.24253298458608213	5.295202721663716E-8	1.95992348951339E-16	0.25467736380489087	5.402923703700648E-8	-13461.119684019124	5.81059870277523E307	2.802640549670504E307	3.0136545933370344E307	1.685479322243422E307	1.5584859349560723E307	3	2	1	9	4
334000	-22691.41578100577	-6398.649784272468	-16292.7659967333	-6398.649784272468	1.1114274240049012E308	Infinity	0.873746074954001	0.7978076914141508	1.9099295377972842	0.29226277078856056	0.7978076914141508	1.9099295377972842	0.29226277078856056	0.17535275055306604	0.0	1.821822492730268E-19	0.18357893797584354	2.3127491273951528E-9	-13484.977595204664	1.402555116322305E308	9.462435942349953E307	5.762358084362778E307	4.381177905329196E307	4.3377508609081346E307	4	2	6	3	4
335000	-22719.79730095999	-6398.649784272468	-16321.14751668752	-6398.649784272468	7.047342427951088E307	Infinity	0.873746074954001	0.7978076914141508	1.9099295377972842	0.29226277078856056	0.7978076914141508	1.9099295377972842	0.29226277078856056	0.3140057736502986	0.0	5.5354503510488245E-18	0.4263024126033918	5.536679330904717E-9	-13481.656834005731	1.5557583250947994E308	1.5125781345276785E308	2.9012684410788166E307	5.471638578906092E307	5.491368179875086E307	4	1	5	4	5
336000	-22695.754898523926	-6398.649784272468	-16297.105114251457	-6398.649784272468	5.061206735039196E307	Infinity	0.873746074954001	0.7978076914141508	1.9099295377972842	0.29226277078856056	0.7978076914141508	1.9099295377972842	0.29226277078856056	0.27776119715619324	0.0	9.953943325150974E-18	0.3138203017727089	1.078210464734182E-8	-13470.86420603618	9.096431723305042E307	7.149033194023013E307	1.3840151628205362E307	2.3164493859273564E307	1.982640717416752E307	4	1	5	5	4
337000	-22638.948006364164	-6398.649784272468	-16240.298222091697	-6398.649784272468	3.0174448673493853E307	1.0014846884194727E308	0.873746074954001	0.7978076914141508	1.9099295377972842	0.29226277078856056	0.7978076914141508	1.9099295377972842	0.29226277078856056	0.10090895130866709	5.4199093660676E-7	2.521790736743749E-15	0.09342826394340689	5.417075535412654E-7	-13452.726791809146	1.5427817171416869E307	4.122194150901304E307	8.679925833335187E306	1.0174154814897579E307	1.206621134994659E307	4	1	5	5	4
338000	-22653.797095061364	-6398.649784272468	-16255.147310788896	-6398.649784272468	1.1592941442482808E307	4.97885919319608E307	0.873746074954001	0.7978076914141508	1.9099295377972842	0.29226277078856056	0.7978076914141508	1.9099295377972842	0.29226277078856056	0.1685282959766387	6.148528439642313E-5	1.3521573935642393E-10	0.18570099078696395	6.223871304905028E-5	-13442.331527663739	3.286464673773185E307	3.76331729552922E306	3.165963706251348E306	3.770145583482884E306	4.864777386884645E306	4	1	5	5	4
339000	-22619.94401311124	-6398.649784272468	-16221.294228838771	-6398.649784272468	6.574741840809693E306	4.528822792472962E307	0.873746074954001	0.7978076914141508	1.9099295377972842	0.29226277078856056	0.7978076914141508	1.9099295377972842	0.29226277078856056	0.08139624222860047	1.0507241974592666E-5	7.119568408962945E-13	0.07992583625580875	1.0489508274672431E-5	-13443.009096051974	3.286464673773185E307	1.0038307916267757E307	3.421596691550077E306	3.255456241597743E306	2.895678406606499E306	5	1	5	4	4
340000	-22595.83860666648	-6398.649784272468	-16197.188822394011	-6398.649784272468	2.1945565269728097E306	1.5119865802084735E307	0.873746074954001	0.7978076914141508	1.9099295377972842	0.29226277078856056	0.7978076914141508	1.9099295377972842	0.29226277078856056	0.1007676612045293	2.389677261359017E-6	3.7357193490350074E-14	0.08206606488656601	2.366808104032339E-6	-13422.963879713347	1.0856866618903917E307	5.334722838281671E306	3.189206311725253E306	9.243782760376044E305	7.995730222100808E305	5	1	5	4	4
341000	-22631.234537524535	-6398.6497842724675	-16232.58475325207	-6398.6497842724675	2.809944079554026E306	1.1955209899211044E307	0.873746074954001	0.7978076914141508	1.5856330811826211	0.6165592274032238	0.7978076914141508	1.5856330811826211	0.6165592274032238	0.20066838441414053	3.1228340713372274E-4	3.77680982788186E-9	0.21695972418168094	2.7883883130751935E-4	-13420.886971640075	6.969242060841346E306	6.712038386623683E306	1.8060182488433984E306	8.200665468484275E305	9.414664528150299E305	6	3	2	4	4
342000	-22627.526310617683	-6398.649784272468	-16228.876526345215	-6398.649784272468	1.9298094507959588E306	1.0107221834895917E307	0.873746074954001	0.5071142870697489	1.876326485527023	0.6165592274032238	0.5071142870697489	1.876326485527023	0.6165592274032238	0.207841130829677	1.2397331491972728E-5	9.39913889550293E-12	0.2520713495957007	1.2510296393358728E-5	-13415.352446308487	3.675510983976152E306	3.691868482595245E306	5.684392070004155E305	5.268852097722064E305	7.176466996512521E305	6	3	2	4	4
343000	-22643.595471637473	-6398.649784272468	-16244.945687365005	-6398.649784272468	3.523652301968149E306	1.2173458323868936E307	0.873746074954001	0.5071142870697489	1.876326485527023	0.6165592274032238	0.5071142870697489	1.876326485527023	0.6165592274032238	0.32972026655281966	1.8449017338890624E-5	1.0431767391635763E-10	0.49797800453917235	2.0497892670134077E-5	-13410.939544971998	8.960979589374605E305	8.520685669808504E305	7.551214498775182E305	1.9204955621257935E306	5.228972614628943E306	2	4	1	11	1
344000	-22618.635260863295	-6398.6497842724675	-16219.985476590826	-6398.6497842724675	4.990032561325867E306	1.5426909585984192E307	0.873746074954001	0.5071142870697489	1.7363026052236499	0.7565831077065969	0.5071142870697489	1.7363026052236499	0.7565831077065969	0.186950657983199	1.907156508381123E-5	1.2899510974140697E-11	0.18030881919423508	1.9662927229504927E-5	-13418.01935123949	3.1990534691959147E306	1.791829820026401E306	1.720723754722752E306	1.6394736964148077E306	2.9214914401705796E306	2	4	1	11	1
345000	-22605.97353392702	-6398.6497842724675	-16207.323749654553	-6398.6497842724675	9.595980739964833E305	5.164876205024333E306	0.873746074954001	0.5071142870697489	1.7363026052236499	0.7565831077065969	0.5071142870697489	1.7363026052236499	0.7565831077065969	0.186950657983199	3.996159765263602E-5	3.7888366901281815E-11	0.16178198057170207	3.582544278241374E-5	-13405.387852112948	2.4640324099689105E306	1.8646121750490428E306	1.0467099676166287E306	6.1706218545135925E305	7.710320051499172E305	1	4	4	5	5
346000	-22640.325046822567	-6398.649784272468	-16241.675262550098	-6398.649784272468	2.162522545804773E307	5.090781722087946E307	0.873746074954001	0.7717074476910103	1.4717094446023884	0.7565831077065969	0.7717074476910103	1.4717094446023884	0.7565831077065969	0.2168844929253856	7.932616266547094E-6	3.7457469479614745E-12	0.23116582048063186	8.404133059972552E-6	-13425.977655274699	4.709087463456697E306	6.756151896239036E306	4.0117697364600326E306	2.1163980820879062E306	8.49683957019683E306	1	4	4	9	1
347000	-22651.281575224915	-6398.649784272468	-16252.631790952448	-6398.649784272468	5.677399883080492E306	2.9471765092028963E307	0.873746074954001	0.7717074476910103	1.4717094446023884	0.7565831077065969	0.7717074476910103	1.4717094446023884	0.7565831077065969	0.20323298786549807	2.006782769022471E-5	1.2682738229115277E-11	0.19857087962067146	1.6726274663043986E-5	-13435.949863189553	8.82673135513407E306	9.619886319329572E306	3.7934700763453255E306	7.593115559151657E306	2.8466847561622323E306	2	2	3	11	1
348000	-22690.418796410777	-6398.649784272468	-16291.76901213831	-6398.649784272468	7.85620882266802E306	4.1060275932247027E307	0.873746074954001	0.7717074476910103	1.4717094446023884	0.7565831077065969	0.7717074476910103	1.4717094446023884	0.7565831077065969	0.4466319276636223	9.935538182441643E-6	2.5253084102303443E-11	0.4935990523728458	9.519575437114877E-6	-13444.50756467438	1.318026878420637E307	4.539106733629139E306	5.3670967246856595E306	1.7607878895552154E306	1.3983574157285845E306	2	2	13	1	1
349000	-22668.066472022318	-6398.649784272468	-16269.41668774985	-6398.649784272468	1.3153453344202057E307	7.536943490423282E307	0.873746074954001	0.7717074476910103	1.4717094446023884	0.7565831077065969	0.7717074476910103	1.4717094446023884	0.7565831077065969	0.20809251797072684	4.389492407420242E-6	6.694058445205888E-13	0.18814999380570283	4.157701889858332E-6	-13458.018858463534	3.730285558259546E307	1.022689190284443E307	1.3276492235117674E307	5.787442168210673E306	5.747066557434915E306	1	2	13	1	2
350000	-22713.81139116568	-6398.6497842724675	-16315.161606893213	-6398.6497842724675	2.081070444912678E307	9.594377006211674E307	0.873746074954001	0.8922702198117367	1.3511466724816619	0.7565831077065969	0.8922702198117367	1.3511466724816619	0.7565831077065969	0.5179993482565469	3.6543781024127957E-6	9.389639651413954E-12	0.6102889068430017	4.331102890028084E-6	-13463.131967396803	3.38522497457095E307	1.733105360876935E307	1.3276492235117674E307	5.121131727938623E306	6.603003500715879E306	1	1	12	3	2
351000	-22656.075882758254	-6398.6497842724675	-16257.426098485788	-6398.6497842724675	1.394172032523878E307	6.197780966172424E307	0.873746074954001	0.8922702198117367	1.3511466724816619	0.7565831077065969	0.8922702198117367	1.3511466724816619	0.7565831077065969	0.11822117315788798	1.0441878789196651E-6	2.0984286944827372E-14	0.1407744843415732	1.0049368269492811E-6	-13452.434029530481	4.416477858885917E307	2.5702394236520233E307	6.202119074863062E307	2.2122184636492574E307	9.203732753772234E306	1	2	1	3	12
352000	-22699.150276974608	-6398.6497842724675	-16300.500492702142	-6398.6497842724675	6.590885481729994E307	Infinity	0.873746074954001	0.8922702198117367	1.3511466724816619	0.7565831077065969	0.8922702198117367	1.3511466724816619	0.7565831077065969	0.2321590670949571	0.0	1.8513703594681504E-10	0.23263273868184162	5.8634747009344554E-5	-13477.157163099877	5.904795758805491E307	2.9719811262090077E307	3.2720265277535835E307	3.089120968777454E307	1.6152331618604776E307	1	6	1	10	1
353000	-22660.322220695416	-6398.6497842724675	-16261.672436422949	-6398.6497842724675	1.0982476152771682E307	8.702209661934272E307	0.873746074954001	0.8922702198117367	1.3511466724816619	0.7565831077065969	0.8922702198117367	1.3511466724816619	0.7565831077065969	0.1497550229089648	4.2372027205468937E-4	3.50147930391818E-9	0.13652031069136442	4.3563084750971974E-4	-13455.841515860782	1.0546882131868726E308	1.6480554135373132E307	1.0532085050889384E307	9.900162670959336E306	1.6518821285134953E306	3	4	1	10	1
354000	-22653.607121593206	-6398.6497842724675	-16254.957337320739	-6398.6497842724675	2.315416812107319E307	1.1571104537412956E308	0.873746074954001	0.8922702198117367	1.3511466724816619	0.7565831077065969	0.8922702198117367	1.3511466724816619	0.7565831077065969	0.10520321460662906	0.0038618831139869835	1.0447475375615841E-7	0.08187860322222829	0.004060646272830838	-13464.207978374729	3.8152915661611005E307	3.8278068131825706E307	4.0393675184641327E307	9.252080307126737E306	3.38798435627899E306	3	4	1	10	1
355000	-22673.929972000067	-6398.6497842724675	-16275.2801877276	-6398.6497842724675	1.1749846066707032E308	Infinity	0.873746074954001	0.8922702198117367	1.3511466724816619	0.7565831077065969	0.8922702198117367	1.3511466724816619	0.7565831077065969	0.14347830372766077	0.0	5.816028288397695E-7	0.14040157684563742	0.005593185542393062	-13464.868614736542	3.122687812587022E307	2.01243594847227E307	3.607896020611384E307	2.397926578249932E307	5.964065962153991E307	3	9	1	5	1
356000	-22660.87902643814	-6398.6497842724675	-16262.229242165671	-6398.6497842724675	7.588412219820924E307	Infinity	0.873746074954001	0.8922702198117367	1.3511466724816619	0.7565831077065969	0.8922702198117367	1.3511466724816619	0.7565831077065969	0.05808764045454619	0.0	1.4728042673072028E-6	0.060507704311587446	0.02023290575841323	-13479.196747372547	8.185971652282637E307	6.943454453749807E307	8.346850440412435E307	3.9133102387804973E307	3.577739739034253E307	3	5	1	3	7
357000	-22722.041469479147	-6398.6497842724675	-16323.39168520668	-6398.6497842724675	4.84136521531627E307	Infinity	0.873746074954001	0.8922702198117367	1.3511466724816619	0.7565831077065969	0.8922702198117367	1.3511466724816619	0.7565831077065969	0.35688981826294414	0.0	3.2240382264194836E-5	0.3535267726259186	0.01651788154798962	-13478.1940445746	1.139501238810903E308	5.182149263144891E307	5.406361403347268E307	1.6309281355702692E307	1.749655140304871E307	7	4	1	3	4
358000	-22731.842526655986	-6398.6497842724675	-16333.19274238352	-6398.6497842724675	5.740297594479808E307	Infinity	0.873746074954001	0.8922702198117367	1.3511466724816619	0.7565831077065969	0.8922702198117367	1.3511466724816619	0.7565831077065969	0.5304310328510579	0.0	0.0016884307038046568	0.47706852130202837	0.10206584092636119	-13477.975351597783	6.28714842453438E307	4.1403379785361803E307	4.392926018556041E307	5.60245496668613E307	4.093954646753623E307	8	5	1	3	2
359000	-22719.606314198485	-6398.6497842724675	-16320.956529926018	-6398.6497842724675	2.491569298738E307	Infinity	0.873746074954001	0.8922702198117367	1.3511466724816619	0.7565831077065969	0.8922702198117367	1.3511466724816619	0.7565831077065969	0.38339797784339796	0.0	8.561671817003487E-4	0.32710571267380717	0.08952620772945684	-13476.43396751171	7.233567664229561E307	3.668617071354073E307	2.7865714032911964E307	7.048389950471492E306	3.712860423428127E306	11	2	2	1	3
360000	-22713.843013002133	-6398.6497842724675	-16315.193228729666	-6398.6497842724675	2.23625683012792E307	Infinity	0.873746074954001	0.8922702198117367	1.3511466724816619	0.7565831077065969	0.8922702198117367	1.3511466724816619	0.7565831077065969	0.25304753122113893	0.0	0.005331476967629614	0.325524871846514	0.22376678398440014	-13477.42741119773	8.127379891705447E307	1.828083603042374E307	1.6287426254610035E307	6.065239924819575E306	3.080609343092073E306	11	1	3	1	3
361000	-22640.16043611405	-6398.649784272468	-16241.51065184158	-6398.649784272468	6.470132891755491E306	3.0207203456480476E307	0.873746074954001	0.6549730530744676	1.3511466724816619	0.993880274443866	0.6549730530744676	1.3511466724816619	0.993880274443866	0.10296119193298764	1.9240326201124236	0.04871585030216433	0.11486041426432829	1.99265820548194	-13440.934512504236	1.9673487690120342E307	9.151148196227207E306	4.344785366711217E306	2.628282460958009E306	7.764348279942362E305	2	10	3	1	3
362000	-22650.4398989951	-6398.649784272468	-16251.790114722631	-6398.649784272468	1.782476341049217E307	9.020235615466122E307	0.873746074954001	0.7668911067024665	1.3300201539930765	0.9030887393044524	0.7668911067024665	1.3300201539930765	0.9030887393044524	0.08030804523164646	0.907473507118223	0.006104193673645071	0.08395440212351159	0.9505662645521168	-13457.419518126717	9.788315904069562E307	2.8786021146067604E307	1.0698005348223247E307	1.315367791519138E307	7.069931516006083E306	3	2	3	3	8
363000	-23732.52196593008	-7423.033036644991	-16309.488929285086	-7423.033036644991	2.5959501871199215E307	1.6713232617275341E308	0.39907970857840575	0.7668911067024665	1.3300201539930765	0.9030887393044524	0.7668911067024665	1.3300201539930765	0.9030887393044524	0.2839044769711097	0.2585933739445442	0.005438059031326558	0.2885279400008895	0.2460505809529702	-13471.059686638995	1.1010283489510575E308	6.375748330542851E307	2.742097896698476E307	9.575996432587704E306	9.465386595284675E306	3	3	3	8	2
364000	-23734.60518230393	-7423.03303664499	-16311.57214565894	-7423.03303664499	2.2108142785573505E307	Infinity	0.39907970857840575	0.628697619563409	1.468213641132134	0.9030887393044524	0.628697619563409	1.468213641132134	0.9030887393044524	0.26280860158748004	0.0	0.021563460221127213	0.2547686762498878	0.5306600502006865	-13473.364898113747	1.2223755725908623E308	5.139290095813935E307	2.0721776197547272E307	1.437668292825443E307	5.418212071625865E306	3	3	3	8	2
365000	-23719.384519830368	-7423.03303664499	-16296.351483185379	-7423.03303664499	1.6212556042291758E307	1.6888966007086883E308	0.39907970857840575	0.628697619563409	1.468213641132134	0.9030887393044524	0.628697619563409	1.468213641132134	0.9030887393044524	0.23933959027792714	0.39133487401074535	0.005012338449419509	0.18264369793812335	0.38356113817827886	-13470.856942642946	1.4559309631446483E308	8.524957979758988E307	2.3433631871882967E307	1.0181128735675468E307	1.021813568466132E307	3	3	3	8	2
366000	-23705.772077961978	-7423.03303664499	-16282.739041316989	-7423.03303664499	9.234813272348921E306	6.419326373404084E307	0.39907970857840575	0.628697619563409	1.468213641132134	0.9030887393044524	0.628697619563409	1.468213641132134	0.9030887393044524	0.25660782725777226	0.5346049473085958	0.010656499155492013	0.19294548518322746	0.5459753722589652	-13458.08887637416	4.902645164595846E307	3.167727134994834E307	1.6645787630413867E307	1.0920409556643709E307	1.6051415159024417E307	6	4	3	4	2
367000	-23724.432835305546	-7423.03303664499	-16301.399798660557	-7423.03303664499	2.604068102762608E307	1.1606728860654894E308	0.39907970857840575	0.628697619563409	1.468213641132134	0.9030887393044524	0.628697619563409	1.468213641132134	0.9030887393044524	0.3168968400804341	0.703051167860382	0.042003168609343174	0.268782434299208	0.8173140768319175	-13465.099657025072	2.49649222561108E307	5.41466693825098E307	1.1637036259842865E307	1.3628285177460988E307	3.644782288762462E306	1	7	5	4	2
368000	-23765.310433366296	-7423.03303664499	-16342.277396721307	-7423.03303664499	4.332173926956399E307	Infinity	0.39907970857840575	0.46005107389661415	1.3931054428719598	1.1468434832314214	0.46005107389661415	1.3931054428719598	1.1468434832314214	0.3788073300356932	0.0	0.011447675054670642	0.33734712622528357	0.3126487427068503	-13489.843053721595	6.980538397528811E307	1.4818424418037917E308	1.0969088848632402E308	8.148266450747249E307	1.521803475508613E307	1	5	7	4	2
369000	-23733.727448447407	-7423.03303664499	-16310.694411802417	-7423.03303664499	8.548346783949617E307	Infinity	0.39907970857840575	0.46005107389661415	1.3931054428719598	1.1468434832314214	0.46005107389661415	1.3931054428719598	1.1468434832314214	0.1859488281068633	NaN	0.01759503551109329	0.17391787345109827	0.7828652656197674	-13486.943099180442	1.2523937646771453E308	5.845240583492284E307	5.346488813874507E307	7.645291626705743E307	4.0366695440147004E307	1	6	7	4	1
370000	-23727.856021505195	-7423.03303664499	-16304.822984860204	-7423.03303664499	3.7000445551304344E307	Infinity	0.39907970857840575	0.46005107389661415	1.3931054428719598	1.1468434832314214	0.46005107389661415	1.3931054428719598	1.1468434832314214	0.15570731791679404	0.0	0.001070831772309295	0.16829213442429825	0.19369288401616455	-13482.029549750194	8.715833890210266E307	1.0941534681958458E308	1.0022697249569033E308	2.81231731522737E307	7.810659380131455E306	1	6	7	4	1
371000	-22917.02732589079	-6678.320738331938	-16238.706587558854	-6678.320738331938	2.271613116581884E307	1.128943665924619E308	0.6744702850297019	0.46005107389661415	1.3931054428719598	1.1468434832314214	0.46005107389661415	1.3931054428719598	1.1468434832314214	0.047177719188275055	0.6092898200614432	0.00111966584287527	0.054696268003973064	0.6165580270227768	-13459.85883114485	4.4745790682345113E307	2.1600661444779408E307	1.4333222534450497E307	1.4828645988031732E307	3.5166635547490934E306	1	9	4	4	1
372000	-22992.749238732682	-6678.320738331938	-16314.428500400743	-6678.320738331938	8.103725595447921E307	Infinity	0.6744702850297019	0.46005107389661415	1.3931054428719598	1.1468434832314214	0.46005107389661415	1.3931054428719598	1.1468434832314214	0.3818675747998222	0.0	0.07480168549827697	0.39173874765935685	0.68077831980587	-13463.246248422727	1.140358193489579E307	2.531055635315782E307	1.3351929820318137E307	1.9362004948797931E307	1.238855838403388E307	5	5	4	4	1
373000	-22987.16341239803	-6678.320738331937	-16308.842674066093	-6678.320738331937	1.721813950019889E307	1.0964964576820918E308	0.6744702850297019	0.46005107389661415	1.3931054428719598	1.1468434832314214	0.46005107389661415	1.3931054428719598	1.1468434832314214	0.29920519163547116	Infinity	2.4707922469757024	0.31690981750874675	4.649563914760973	-13465.147487585094	3.8219672661379553E307	2.464814408366105E307	8.05871350696887E306	1.1365297561185859E307	5.5903148158104944E306	5	9	1	3	1
374000	-22989.705404140874	-6678.320738331939	-16311.384665808935	-6678.320738331939	1.686090235910718E307	1.2724977155942525E308	0.6744702850297019	0.46005107389661415	1.3931054428719598	1.1468434832314214	0.46005107389661415	1.3931054428719598	1.1468434832314214	0.32004173984159856	0.5669673965517006	0.048537641603158516	0.3725215330598366	0.5543572792614416	-13464.08036997492	8.729802427958585E307	2.1195290810266294E307	8.908700800457443E306	6.251203864809743E306	4.757974070166095E306	5	7	1	3	3
375000	-23035.441019149097	-6678.320738331942	-16357.120280817155	-6678.320738331942	1.1210203299792224E308	Infinity	0.6744702850297019	0.2576101460114674	1.5955463707571065	1.1468434832314214	0.2576101460114674	1.5955463707571065	1.1468434832314214	0.40533850666743093	0.0	7.586635019926816E-4	0.427343164189583	0.0636089526221436	-13496.192240366649	1.6702007111138711E308	1.4004681607349268E308	7.565248331660139E307	1.37172201819817E308	3.180690465040271E307	2	7	4	3	3
376000	-24076.19621266266	-7747.324305497847	-16328.871907164812	-7747.324305497847	2.8395492215972E307	Infinity	0.32156405229703505	0.2576101460114674	1.5955463707571065	1.1468434832314214	0.2576101460114674	1.5955463707571065	1.1468434832314214	0.34297711800133773	0.0	0.008634455128805884	0.37094606370199895	0.271051165464704	-13486.182898934487	1.2981044849684087E308	4.604199707714968E307	2.1434003938852277E307	1.3545982981924987E307	2.462816374114986E307	2	7	4	3	3
377000	-24059.76285997535	-7747.324305497847	-16312.438554477507	-7747.324305497847	2.808113769641123E307	Infinity	0.32156405229703505	0.2576101460114674	1.5955463707571065	1.1468434832314214	0.2576101460114674	1.5955463707571065	1.1468434832314214	0.2644942010995849	0.0	6.690403727857617E-4	0.19612578040201042	0.1359247551260947	-13482.792425916168	1.3355983635265123E308	6.83181844874967E307	7.159252349622678E307	1.221790108737292E307	1.201761675085846E307	1	7	5	2	4
378000	-24062.687394568817	-7747.324305497847	-16315.36308907097	-7747.324305497847	2.667091991365357E307	Infinity	0.32156405229703505	0.2576101460114674	1.5955463707571065	1.1468434832314214	0.2576101460114674	1.5955463707571065	1.1468434832314214	0.2709636149935512	0.0	0.0013969024212844537	0.2465902026172106	0.14007261758643644	-13473.944731523048	1.5920589416394994E308	1.493839159040201E308	3.1530837920892135E307	8.95050651413953E306	4.735893741361347E306	1	6	6	2	4
379000	-22826.68544273983	-6475.6961807937005	-16350.98926194613	-6475.6961807937005	3.789018120644397E307	Infinity	0.7996409757008448	0.2576101460114674	1.5955463707571065	1.1468434832314214	0.2576101460114674	1.5955463707571065	1.1468434832314214	0.5834340396300913	0.0	0.026345856366009	0.6314347679186131	0.22722323949311918	-13481.87687769397	1.5920589416394994E308	7.266539977511078E307	4.613774282589805E307	2.956632773392953E307	1.0011901805109117E307	1	6	6	2	4
380000	-22827.834836682814	-6475.6961807937005	-16352.138655889115	-6475.6961807937005	5.622477093572776E307	Infinity	0.7996409757008448	0.2576101460114674	1.5955463707571065	1.1468434832314214	0.2576101460114674	1.5955463707571065	1.1468434832314214	0.4772100324678874	NaN	0.03639729991716848	0.4708557385559396	0.4255202637169319	-13494.968697951044	1.5920589416394994E308	1.5380004657770485E308	7.323322890996452E307	5.578795762892568E307	5.582765360000593E307	1	6	9	2	1
381000	-22824.9156863301	-6475.696180793699	-16349.2195055364	-6475.696180793699	6.676497374154057E307	Infinity	0.7996409757008448	0.3990439751816952	1.4541125415868787	1.1468434832314214	0.3990439751816952	1.4541125415868787	1.1468434832314214	0.39772440731820713	0.0	2.235616328342572E-5	0.41431592586666494	0.010702501671532746	-13493.693640657295	7.945955534538043E307	8.860608110985572E307	1.6637504596415155E308	5.31710923270711E307	4.282467990134066E307	1	2	9	6	1
382000	-22796.563850177496	-6475.696180793699	-16320.867669383795	-6475.696180793699	4.934264053768705E307	Infinity	0.7996409757008448	0.3990439751816952	1.4541125415868787	1.1468434832314214	0.3990439751816952	1.4541125415868787	1.1468434832314214	0.32775206802137663	0.0	0.0011757358555024926	0.3412053679245661	0.09861876058173147	-13471.880046300212	3.799361507220216E307	8.875671750957513E307	1.1784522551667182E308	5.562097223722619E307	2.350834617018426E307	1	2	2	2	12
383000	-22834.744208394844	-6475.696180793699	-16359.048027601146	-6475.696180793699	1.6883096046591607E308	Infinity	0.7996409757008448	0.3990439751816952	1.4541125415868787	1.1468434832314214	0.3990439751816952	1.4541125415868787	1.1468434832314214	0.4800009681048178	0.0	0.005374108069108407	0.36040186895835263	0.1944445364685293	-13500.583738403671	1.286440260925291E308	1.0629914803412781E308	8.293668496828251E307	1.78342412251694E308	1.1893217301163725E308	6	2	2	6	3
384000	-22831.669365531816	-6475.696180793699	-16355.973184738119	-6475.696180793699	1.3182449933267261E308	Infinity	0.7996409757008448	0.3990439751816952	1.4541125415868787	1.1468434832314214	0.3990439751816952	1.4541125415868787	1.1468434832314214	0.29641043608410766	0.0	0.004876759869435938	0.3350769333759396	0.19918141246989288	-13505.790909254485	1.0352259467578568E308	8.623366131284235E307	1.0730333267604681E308	1.6177357053848318E308	9.407647240460443E307	6	2	2	6	3
385000	-22799.91860822247	-6475.696180793699	-16324.222427428773	-6475.696180793699	3.716162693319081E307	Infinity	0.7996409757008448	0.3990439751816952	1.4541125415868787	1.1468434832314214	0.3990439751816952	1.4541125415868787	1.1468434832314214	0.26662824007103064	NaN	0.07817018995608946	0.3011854028630157	0.8952815775536568	-13479.282161375511	9.353368087943539E307	8.068282519258916E307	6.531038399510993E307	2.577884708523074E307	1.519575790811138E307	6	2	2	6	3
386000	-22791.232054785112	-6475.696180793699	-16315.535873991415	-6475.696180793699	2.0388961708348571E307	1.5517073578970077E308	0.7996409757008448	0.3990439751816952	1.4541125415868787	1.1468434832314214	0.3990439751816952	1.4541125415868787	1.1468434832314214	0.3175474217439694	0.10819975549556707	0.0014320068671814417	0.33454504265560825	0.10559528724813566	-13468.598037749172	8.348622277810193E307	1.727764122494261E307	1.679623528505479E307	2.1599518554958657E307	1.5302943512010012E307	6	2	3	6	2
387000	-23459.850995440545	-7171.393219178726	-16288.457776261817	-7171.393219178726	1.6868221735202982E307	1.3068025093272463E308	0.4734340114660495	0.3990439751816952	1.4541125415868787	1.1468434832314214	0.3990439751816952	1.4541125415868787	1.1468434832314214	0.24080987796182013	0.009177206426602509	3.91596039669308E-6	0.2147528245208417	0.009565628239553502	-13465.427431903592	7.122160283995383E307	6.603237356207392E307	1.837680361988598E307	7.888255885458413E306	8.204696262456137E306	6	2	2	6	3
388000	-23502.811535964654	-7171.393219178726	-16331.41831678593	-7171.393219178726	5.270858094977947E307	Infinity	0.4734340114660495	0.3990439751816952	1.4541125415868787	1.1468434832314214	0.3990439751816952	1.4541125415868787	1.1468434832314214	0.4539309327992492	0.0	7.506346843000428E-6	0.5334759088615573	0.005495431663705183	-13477.543974647531	1.017513203929209E308	5.319748136958959E307	1.1071411643271618E307	3.1329569822343536E307	2.8042786412705776E307	6	2	2	6	3
389000	-23468.605034335873	-7171.393219178726	-16297.211815157145	-7171.393219178726	4.4316688709771706E307	Infinity	0.4734340114660495	0.3990439751816952	1.4541125415868787	1.1468434832314214	0.3990439751816952	1.4541125415868787	1.1468434832314214	0.18606330708913627	0.0	1.6054235423197217E-6	0.17648814008518024	0.007297090988844572	-13480.956683530165	4.1693817567598014E307	3.17623638157769E307	2.9382940174166547E307	2.987313095570684E307	2.4076413511196174E307	6	2	2	6	3
390000	-23464.581729108228	-7171.393219178726	-16293.188509929503	-7171.393219178726	4.735129219214985E307	Infinity	0.4734340114660495	0.3990439751816952	1.4541125415868787	1.1468434832314214	0.3990439751816952	1.4541125415868787	1.1468434832314214	0.12633911848950843	0.0	0.0036266856556045088	0.16934314402134196	0.35119487149222406	-13471.919778287222	1.362616559103225E308	6.51385674473409E307	2.7365927282649553E307	2.1989997849122076E307	1.8697318647043684E307	6	2	2	6	3
391000	-23489.348726784512	-7171.393219178726	-16317.955507605788	-7171.393219178726	1.3471102336829757E307	8.240894342109502E307	0.4734340114660495	0.3990439751816952	1.4541125415868787	1.1468434832314214	0.3990439751816952	1.4541125415868787	1.1468434832314214	0.35392564042103736	0.19897012011825177	0.008840315873994168	0.5026974260893714	0.17248400717997717	-13460.037869631728	2.0538983552512262E307	2.7977361978905827E307	1.703628985334467E307	2.133599007896448E307	2.081762353426483E307	6	2	3	6	2
392000	-23498.176170561914	-7171.393219178726	-16326.78295138319	-7171.393219178726	6.100446735536553E307	Infinity	0.4734340114660495	0.3990439751816952	1.4541125415868787	1.1468434832314214	0.3990439751816952	1.4541125415868787	1.1468434832314214	0.4630344683029877	0.0	2.696451982254732E-4	0.4220171922885203	0.037639189085144055	-13469.898052922506	3.3372029494494554E307	3.4496418937810006E307	2.8477133723077726E307	6.086114120826955E307	4.450166141701896E307	10	2	3	2	2
393000	-23490.48805563742	-7171.393219178726	-16319.094836458693	-7171.393219178726	4.786670977799914E307	Infinity	0.4734340114660495	0.3990439751816952	1.4541125415868787	1.1468434832314214	0.3990439751816952	1.4541125415868787	1.1468434832314214	0.24965345143218293	0.0	0.004836725708846933	0.25547706945382126	0.2603255008655442	-13482.416262983794	8.642989939376322E307	5.669367121563125E307	3.552396842314662E307	1.3043158725532535E307	1.2827754699959418E307	6	6	3	2	2
394000	-23480.34229838267	-7171.393219178726	-16308.949079203945	-7171.393219178726	5.289801096538832E307	Infinity	0.4734340114660495	0.3990439751816952	1.4541125415868787	1.1468434832314214	0.3990439751816952	1.4541125415868787	1.1468434832314214	0.2689263405137392	0.0	2.6226420724095285E-5	0.28296527461267795	0.01959030059700658	-13475.0208470507	1.4129269226110037E308	9.434734364846852E307	1.8546071818183925E307	1.5062902603254469E307	2.946038738979404E307	3	6	3	1	6
395000	-23470.191181443355	-7171.393219178726	-16298.79796226463	-7171.393219178726	3.2683209459291704E307	1.7444495850331326E308	0.4734340114660495	0.3990439751816952	1.4541125415868787	1.1468434832314214	0.3990439751816952	1.4541125415868787	1.1468434832314214	0.20295214218408472	0.10532080806650161	4.31047974453767E-4	0.19821722877577846	0.10506054995275489	-13471.673735268123	1.1837308681728664E308	7.324721692455298E307	2.639076947393119E307	6.737262628119847E306	2.3414075744584263E307	3	4	3	1	8
396000	-23480.27512916194	-7171.393219178726	-16308.881909983213	-7171.393219178726	2.9435655426484535E307	1.6540447102063692E308	0.4734340114660495	0.3990439751816952	1.4541125415868787	1.1468434832314214	0.3990439751816952	1.4541125415868787	1.1468434832314214	0.27870414677198596	Infinity	0.06877604414166409	0.23167185418471167	1.067129774100962	-13472.239295537922	6.932004502747699E307	6.25040791380724E307	2.366239789029403E307	1.8086796521177613E307	2.2190850440876782E307	3	5	2	2	7
397000	-23454.436822490024	-7171.393219178726	-16283.043603311298	-7171.393219178726	3.332118578482487E307	1.381211293548991E308	0.4734340114660495	0.3990439751816952	1.4541125415868787	1.1468434832314214	0.3990439751816952	1.4541125415868787	1.1468434832314214	0.12387937646811395	0.2439045325475922	0.0011384939057204253	0.13598785086289555	0.23754391672197242	-13467.418585575975	8.324460604540661E307	3.1149017985080753E307	4.2279853537214914E307	2.467520121624664E307	1.3446654804314946E307	3	5	2	2	7
398000	-23487.624347501674	-7171.393219178726	-16316.231128322948	-7171.393219178726	1.1385668746803115E307	9.332416451648448E307	0.4734340114660495	0.3990439751816952	1.4541125415868787	1.1468434832314214	0.3990439751816952	1.4541125415868787	1.1468434832314214	0.3225412907474812	Infinity	2.8466471154114394	0.31414442939236387	4.842020091013788	-13464.709346501731	2.06785308044494E307	3.7955626763125056E307	6.062588433097576E307	3.127430533702491E307	1.2773814521519374E307	3	6	3	2	5
399000	-23460.206272583022	-7171.393219178726	-16288.813053404296	-7171.393219178726	2.858278204981074E307	1.0475690529871357E308	0.4734340114660495	0.3990439751816952	1.4541125415868787	1.1468434832314214	0.3990439751816952	1.4541125415868787	1.1468434832314214	0.3063821561194029	0.12113219591755485	0.0010787511598730453	0.24732875029834644	0.1341314200612413	-13457.64764151707	2.0320758914077052E307	1.2246068871064896E307	1.9703045097182267E307	1.709021291495713E307	1.174844281001917E307	3	6	3	2	5
400000	-23498.727509413588	-7171.393219178726	-16327.334290234861	-7171.393219178726	2.254039441177561E307	Infinity	0.4734340114660495	0.3990439751816952	1.4541125415868787	1.1468434832314214	0.3990439751816952	1.4541125415868787	1.1468434832314214	0.44891465792912305	0.0	3.657888118859613E-7	0.3946333376372806	0.0013468476491433816	-13473.410957755383	7.77304976337411E307	6.380482161523279E307	2.723131416720018E307	1.0456715074993339E307	1.1346481509809715E307	3	7	2	3	4
401000	-23468.46534369832	-7171.393219178727	-16297.072124519593	-7171.393219178727	2.857276843074609E307	Infinity	0.4734340114660495	0.5628893630938813	1.2902671536746926	1.1468434832314214	0.5628893630938813	1.2902671536746926	1.1468434832314214	0.14421607000330536	0.0	6.536796802106489E-9	0.15609500589236383	5.102597354252105E-4	-13480.31435316949	1.3712214210521315E308	5.319302347476297E307	9.977856091057138E307	7.195674275630671E307	2.1662582124652188E307	3	7	2	3	4
402000	-23471.73847326698	-7171.393219178727	-16300.345254088254	-7171.393219178727	5.749336404124404E307	Infinity	0.4734340114660495	0.5628893630938813	1.2902671536746926	1.1468434832314214	0.5628893630938813	1.2902671536746926	1.1468434832314214	0.14805818390244907	0.0	1.283486114076697E-8	0.1093491270048695	0.0010988038778940203	-13493.965802049286	1.3712214210521315E308	1.6890475584313945E308	1.2289491477768393E308	5.559480576980661E307	1.5251013774873732E307	3	7	2	3	4
403000	-23534.136585046166	-7171.393219178727	-16362.74336586744	-7171.393219178727	1.7322448492696052E308	Infinity	0.4734340114660495	0.5628893630938813	1.2902671536746926	1.1468434832314214	0.5628893630938813	1.2902671536746926	1.1468434832314214	0.49629011042939136	0.0	8.7729421840297E-5	0.5060834943925028	0.01820230670235117	-13501.370041508351	1.741284019145538E308	1.2458851876171583E308	5.921138975932776E307	6.821983096111411E307	2.9541764753727705E307	3	7	2	3	4
404000	-23516.097884702853	-7171.393219178727	-16344.704665524127	-7171.393219178727	1.0370543540454372E308	Infinity	0.4734340114660495	0.5628893630938813	1.2902671536746926	1.1468434832314214	0.5628893630938813	1.2902671536746926	1.1468434832314214	0.4304769167617167	0.0	0.011929961441819275	0.31972958653962447	0.3295543651272356	-13490.878612396973	1.655470062163401E308	1.4039556478725683E308	1.252435489599459E308	1.4263974919210833E308	7.434970805194715E307	3	2	2	3	9
405000	-23470.227354252514	-7171.393219178727	-16298.834135073786	-7171.393219178727	7.599504781380845E307	Infinity	0.4734340114660495	0.5628893630938813	1.2902671536746926	1.1468434832314214	0.5628893630938813	1.2902671536746926	1.1468434832314214	0.21510162853253076	0.0	0.0018012937599481093	0.22945386730093595	0.189671798926405	-13466.765935742184	9.38817835259985E307	4.331471290372312E307	8.997654565572184E306	4.095644639138575E306	1.595101984088822E307	4	5	2	3	5
406000	-24424.12791540578	-8141.684045667776	-16282.443869738005	-8141.684045667776	1.0149274367357238E307	6.26402241882391E307	0.24825142183395565	0.5628893630938813	1.0410786906967089	1.396031946209405	0.5628893630938813	1.0410786906967089	1.396031946209405	0.2393827888370212	1.1676501107200292	0.06849071014595849	0.21859260576995068	1.2373053297494527	-13456.2129468151	3.334755507906328E307	3.1927897360938054E307	1.4568765867054374E307	6.318424156740755E306	8.017280959871047E306	4	5	2	5	3
407000	-22739.868198358115	-6462.425240483582	-16277.442957874535	-6462.425240483582	6.015373534585539E306	6.351954893497211E307	0.8101458509888998	0.5628893630938813	1.0410786906967089	1.396031946209405	0.5628893630938813	1.0410786906967089	1.396031946209405	0.16575810839364846	Infinity	0.34914028090469845	0.1918211771786005	3.0708575132044613	-13452.781557914237	3.441780450216827E307	4.261228087450008E307	1.9267219090541208E307	4.9955005516584334E306	1.8564953766240992E306	1	8	3	5	2
408000	-22682.504282417158	-6462.425240483582	-16220.079041933577	-6462.425240483582	3.523903355161308E306	3.57026675110011E307	0.8101458509888998	0.5628893630938813	1.0410786906967089	1.396031946209405	0.5628893630938813	1.0410786906967089	1.396031946209405	0.05897315058735778	2.0290654819223777	0.011890084839666222	0.053625348308915785	2.00231643521116	-13442.090437828003	5.393266539372575E307	2.9563879317127993E307	7.492795833621174E306	1.24737112877514E306	7.384426512155237E305	2	8	3	4	2
409000	-22716.431009142656	-6462.425240483582	-16254.005768659075	-6462.425240483582	8.016925931653063E306	4.639172979374554E307	0.8101458509888998	0.5628893630938813	1.0410786906967089	1.396031946209405	0.5628893630938813	1.0410786906967089	1.396031946209405	0.12403269073286084	2.3540415322708497	0.07534192722490649	0.11740481953944547	2.292114366767487	-13447.904118356728	2.9708522553030735E307	1.6961821064994338E307	1.469461585592178E307	4.281394456995673E306	7.139731134077957E306	2	8	1	4	4
410000	-24172.7982938317	-7867.381913193523	-16305.416380638177	-7867.381913193523	8.979738887959591E306	5.773102463430121E307	0.29709777054736236	0.5628893630938813	1.0410786906967089	1.396031946209405	0.5628893630938813	1.0410786906967089	1.396031946209405	0.4691922856871592	Infinity	2.372756801912526	0.45888166126314084	3.7573116377925135	-13451.971593160133	4.1348196193372104E307	2.476899298850829E307	1.2375252858629307E307	6.088625344152604E306	1.7067841175933408E306	2	8	1	4	4
411000	-24122.731147551058	-7867.381913193523	-16255.349234357536	-7867.381913193523	6.366389541837557E306	5.255365352272618E307	0.29709777054736236	0.5628893630938813	1.0410786906967089	1.396031946209405	0.5628893630938813	1.0410786906967089	1.396031946209405	0.14581849450213782	Infinity	0.5869580292763403	0.11432060689224646	7.115871366950735	-13450.129729346536	5.900765053758904E307	2.5007511954316973E307	1.1028099355432702E307	4.196532152416153E306	2.290137486436759E306	2	8	1	4	4
412000	-24148.70822523234	-7867.381913193523	-16281.326312038818	-7867.381913193523	4.447522761059972E306	2.7478413902515776E307	0.29709777054736236	0.5628893630938813	1.0410786906967089	1.396031946209405	0.5628893630938813	1.0410786906967089	1.396031946209405	0.3243989269851064	Infinity	28.496539211042165	0.35379893645577387	16.34136251736819	-13439.018751797463	9.727219182751328E306	1.0993949601169414E307	1.2876600224814332E307	3.271617860602647E306	1.9011594107732447E306	2	8	1	4	4
413000	-24136.79528724081	-7867.381913193523	-16269.413374047286	-7867.381913193523	1.1545585238942603E307	6.88928104118416E307	0.29709777054736236	0.5628893630938813	1.0410786906967089	1.396031946209405	0.5628893630938813	1.0410786906967089	1.396031946209405	0.15158820078657934	Infinity	0.3113976237679314	0.1463948359865576	3.8527375243570994	-13455.418978299615	4.1906897960639E307	1.6246868780402863E307	1.5917055398434274E307	1.775322987649068E307	1.0474261569631343E307	2	8	1	4	4
414000	-24179.19349163374	-7867.381913193523	-16311.81157844022	-7867.381913193523	6.145364949230719E307	1.7870850492377503E308	0.29709777054736236	0.5628893630938813	1.0410786906967089	1.396031946209405	0.5628893630938813	1.0410786906967089	1.396031946209405	0.33819339199958226	Infinity	0.3685639086062246	0.33866981788305983	1.8126247805781524	-13462.902069059513	1.8499125901445112E307	4.226690775661027E307	7.441677753353442E307	1.9188349277053464E307	1.580056992447241E307	9	1	1	4	4
415000	-22667.23677567108	-6400.290130188958	-16266.946645482125	-6400.290130188958	5.672804995607427E306	4.674080830639213E307	0.8715307600765773	0.5628893630938813	1.0410786906967089	1.396031946209405	0.5628893630938813	1.0410786906967089	1.396031946209405	0.16539022710965018	0.6120740808914521	0.011050048739712135	0.17380225818702955	0.6231825250599519	-13450.801833577907	1.926357825499562E307	1.2789888086328648E307	5.119421544727674E306	9.108522411683411E306	5.849016242055498E306	11	1	1	2	4
416000	-22680.991888361874	-6400.290130188958	-16280.701758172916	-6400.290130188958	7.168393923653527E306	6.120421554728262E307	0.8715307600765773	0.5628893630938813	1.0410786906967089	1.396031946209405	0.5628893630938813	1.0410786906967089	1.396031946209405	0.2600822821019147	0.24928438380589882	0.004516620560594384	0.26480839971863984	0.2617049841417872	-13453.020704550205	1.36659329688359E307	1.9403000916387185E307	7.920736766491667E306	3.168313197284164E306	9.67726897031827E305	10	3	2	2	2
417000	-22690.50778499865	-6400.290130188958	-16290.21765480969	-6400.290130188958	1.4834740089063085E307	1.397224126619219E308	0.8715307600765773	0.5628893630938813	1.0410786906967089	1.396031946209405	0.5628893630938813	1.0410786906967089	1.396031946209405	0.196172344419707	0.4480967700785642	0.008509879116026312	0.1993798387454989	0.4764674493160815	-13468.02290564256	4.608038138188495E307	3.7721065554916163E307	9.729518962621559E306	1.0617089813278475E307	2.0290296269767674E306	10	3	3	1	2
418000	-22692.045865654014	-6400.290130188958	-16291.755735465054	-6400.290130188958	1.5338093641805477E307	7.977518787734172E307	0.8715307600765773	0.5628893630938813	1.1887400235587664	1.2483706133473476	0.5628893630938813	1.1887400235587664	1.2483706133473476	0.26635287151298853	0.32009538884153277	0.009156853340447607	0.3121122038730652	0.2899594299577607	-13456.704477590647	2.8970446569175543E307	1.8023021337650537E307	5.4764433978804816E306	4.7204663381806434E306	3.9304515198333E306	10	3	3	2	1
419000	-22684.561962667816	-6400.290130188958	-16284.271832478858	-6400.290130188958	1.2503488130585152E307	7.727597738215104E307	0.8715307600765773	0.5628893630938813	1.1887400235587664	1.2483706133473476	0.5628893630938813	1.1887400235587664	1.2483706133473476	0.2622939863365132	0.49839487998676046	0.012057018080744832	0.22155970370166067	0.5275124626176626	-13458.960147311647	1.9313551443163287E307	1.6278792362471938E307	1.526104608406939E307	1.1048625937498654E307	5.1439739463047396E306	10	3	3	2	1
420000	-22711.760300085687	-6400.290130188958	-16311.47016989673	-6400.290130188958	1.5502278726530685E307	1.4698647591948475E308	0.8715307600765773	0.5628893630938813	1.1887400235587664	1.2483706133473476	0.5628893630938813	1.1887400235587664	1.2483706133473476	0.304356974225358	0.5273123625046565	0.028347720123249893	0.2969364587502918	0.582930026320285	-13471.129182893608	8.888817358107397E307	4.27467519478056E307	1.8651277998573716E307	1.09496197629147E307	1.9500023858138655E307	4	2	7	5	1
421000	-22647.36897587763	-6400.290130188957	-16247.078845688673	-6400.290130188957	1.7268677508707283E307	7.656231145006063E307	0.8715307600765773	0.7636683606909709	1.2475392770836786	0.9887923622253458	0.7636683606909709	1.2475392770836786	0.9887923622253458	0.08284629828072179	1.2083677221713303	0.0093164816749429	0.0803566797142723	1.2204094226068876	-13457.120360793497	3.179119724847686E307	2.5861942271607494E307	7.920122712853884E306	3.652622330000642E306	4.278303625886304E306	4	6	7	1	1
422000	-22648.277124574655	-6400.290130188959	-16247.986994385696	-6400.290130188959	1.3170070285968307E307	5.427750554775013E307	0.8715307600765773	0.6035327426902223	1.2475392770836786	1.1489279802260945	0.6035327426902223	1.2475392770836786	1.1489279802260945	0.0874983804130062	2.3774356676657047	0.046447885583804326	0.09086720101227652	2.3370090022729113	-13449.666400529479	1.3365582826869796E307	1.9473760632454734E307	9.621112829769085E306	1.3168355375921254E307	1.7283547031387258E307	1	6	10	1	1
423000	-22676.86423957561	-6400.290130188959	-16276.574109386653	-6400.290130188959	9.524385429443325E306	4.740540969651742E307	0.8715307600765773	0.6035327426902223	1.2475392770836786	1.1489279802260945	0.6035327426902223	1.2475392770836786	1.1489279802260945	0.283006249008866	0.48154874794159913	0.015380349702819483	0.24836736538593326	0.501102714449747	-13444.727794793862	5.391178458695759E307	9.346846106956717E306	3.985603038961694E306	8.177837667045602E306	6.70811400819212E306	1	4	5	6	3
424000	-22678.204895416893	-6400.290130188959	-16277.914765227935	-6400.290130188959	2.5011969915238285E307	1.1335582889618715E308	0.8715307600765773	0.6035327426902223	1.2475392770836786	1.1489279802260945	0.6035327426902223	1.2475392770836786	1.1489279802260945	0.1592568925091533	0.8281725380339978	0.012262267832419318	0.1356821670931298	0.8259585181310886	-13465.080327406531	1.2983295310364863E307	2.282000410177165E307	3.591142386250625E307	1.1371445861305957E307	1.0110415479943511E307	3	2	6	5	3
425000	-22691.133988233665	-6400.290130188959	-16290.843858044705	-6400.290130188959	1.811691390471212E307	1.697664969818251E308	0.8715307600765773	0.6035327426902223	1.2475392770836786	1.1489279802260945	0.6035327426902223	1.2475392770836786	1.1489279802260945	0.1624851274528749	0.9386818214056988	0.01848915626325837	0.14504468079876895	0.9585440678810184	-13475.03269576893	1.1182197145033758E308	1.277422719897092E308	6.544907693793397E307	1.6776487320728413E307	1.1287763548821633E307	2	3	4	5	5
426000	-22726.56530128918	-6400.290130188959	-16326.275171100224	-6400.290130188959	3.6674228456414206E307	Infinity	0.8715307600765773	0.6035327426902223	1.2475392770836786	1.1489279802260945	0.6035327426902223	1.2475392770836786	1.1489279802260945	0.2950824105741726	NaN	0.06721170471104616	0.28348765108777574	0.9543757091772818	-13486.019626927377	1.6663658893649612E308	1.277422719897092E308	6.013747033895096E307	5.363808413352797E307	4.785420409797921E307	3	3	2	7	4
427000	-22721.097438159177	-6400.290130188959	-16320.807307970219	-6400.290130188959	7.277767756069419E307	Infinity	0.8715307600765773	0.6035327426902223	1.2475392770836786	1.1489279802260945	0.6035327426902223	1.2475392770836786	1.1489279802260945	0.23857079047074256	0.0	1.298169901389354E-4	0.23627950863078606	0.048958647153593306	-13488.094235678396	7.855549068371891E307	9.261705667023422E307	2.9812712667023377E307	9.235450011844857E307	6.852989317692909E307	3	5	1	6	4
428000	-22738.03394702117	-6400.290130188959	-16337.74381683221	-6400.290130188959	3.4065129336109343E307	1.7176953771145775E308	0.8715307600765773	0.6035327426902223	1.5242622957066598	0.8722049616031133	0.6035327426902223	1.5242622957066598	0.8722049616031133	0.6681711747169333	0.0030090771645242937	1.1304293572920306E-5	0.9133055289691747	0.004014156323265012	-13469.861327201548	7.82367535092118E307	4.672338358141619E307	9.407484743075605E307	1.8555071912624341E307	2.3503582642270227E307	3	5	1	6	4
429000	-22656.554943012547	-6400.290130188959	-16256.264812823587	-6400.290130188959	5.276345013654282E307	Infinity	0.8715307600765773	0.6035327426902223	1.5242622957066598	0.8722049616031133	0.6035327426902223	1.5242622957066598	0.8722049616031133	0.0634996771726686	0.0	1.4482014615924535E-11	0.06172704774731591	6.165713228227846E-5	-13478.916418616807	1.6549605511342722E308	8.636495881363349E307	3.436258158458718E307	3.3018993494423676E307	3.344700438153146E307	3	4	1	8	3
430000	-22682.723609560464	-6400.290130188959	-16282.433479371506	-6400.290130188959	1.1669203936167594E308	Infinity	0.8715307600765773	0.6035327426902223	1.5242622957066598	0.8722049616031133	0.6035327426902223	1.5242622957066598	0.8722049616031133	0.09173468206391114	0.0	1.3508448425399587E-12	0.08706477381305243	1.3129510935235092E-5	-13489.023218231843	4.995669516391465E307	4.643562726250079E307	3.724716146066103E307	1.067069887858309E308	1.2609198699672758E308	3	1	4	8	3
431000	-22691.78057691809	-6400.290130188959	-16291.49044672913	-6400.290130188959	8.451342810985768E307	Infinity	0.8715307600765773	0.6035327426902223	1.5242622957066598	0.8722049616031133	0.6035327426902223	1.5242622957066598	0.8722049616031133	0.1441038815153338	0.0	9.529706267612555E-16	0.15736555910562658	1.9662286875120964E-7	-13482.69599688437	1.639067117421354E308	5.484229203166839E307	3.6117886730877636E307	8.174396359203987E307	1.0818761460445703E308	3	1	7	5	3
432000	-22717.44138226322	-6400.290130188959	-16317.15125207426	-6400.290130188959	6.519200686763878E307	Infinity	0.8715307600765773	0.6035327426902223	1.5242622957066598	0.8722049616031133	0.6035327426902223	1.5242622957066598	0.8722049616031133	0.2783913612206456	0.0	1.1029819578110295E-13	0.2657999581848224	1.2741887350980632E-6	-13489.069373601045	1.6929738363208195E308	1.0004555479683218E308	1.0336413184374906E308	8.875485994019377E307	6.334297604747331E307	3	2	7	4	3
433000	-22699.001491937717	-6400.290130188959	-16298.71136174876	-6400.290130188959	7.818893438101273E307	Infinity	0.8715307600765773	0.6035327426902223	1.5242622957066598	0.8722049616031133	0.6035327426902223	1.5242622957066598	0.8722049616031133	0.15369335972678944	0.0	9.670868422008523E-14	0.1561772084199735	1.8931501693590032E-6	-13487.153334287836	1.6929738363208195E308	8.51558895247547E307	6.034607480195642E307	3.64042382825865E307	3.304836164730167E307	3	1	10	2	3
434000	-22691.501406041072	-6400.290130188958	-16291.211275852114	-6400.290130188958	1.43596452930683E308	Infinity	0.8715307600765773	0.44189081282137943	1.8955058538507472	0.662603333327869	0.44189081282137943	1.8955058538507472	0.662603333327869	0.14254371099695706	0.0	3.3876339538808775E-16	0.15821331275343095	1.1896520776406038E-7	-13486.181231061126	1.2217124491738178E308	7.763909056758384E307	4.932043855581358E307	4.798529705930077E307	3.1423614241827145E307	2	1	10	2	4
435000	-22722.041908285217	-6400.290130188958	-16321.751778096257	-6400.290130188958	7.211629391831139E307	Infinity	0.8715307600765773	0.44189081282137943	1.8955058538507472	0.662603333327869	0.44189081282137943	1.8955058538507472	0.662603333327869	0.26941446875980013	0.0	7.744178724079631E-15	0.28292309312012087	3.0482185321719793E-7	-13491.577595228373	1.3176118845826508E308	1.524679217762026E308	1.6507134058219058E308	7.670334195035094E307	3.1335144517930413E307	2	1	10	2	4
436000	-22704.72003779783	-6400.290130188958	-16304.429907608874	-6400.290130188958	3.2229845072826596E307	Infinity	0.8715307600765773	0.44189081282137943	1.8955058538507472	0.662603333327869	0.44189081282137943	1.8955058538507472	0.662603333327869	0.3193193849691302	0.0	4.3131731556604824E-17	0.2759351986674477	2.599297831970734E-8	-13481.334072783171	1.6289476050987229E308	9.711823041932418E307	7.320416277705824E307	2.9100650407402254E307	1.7060563317618777E307	2	4	7	1	5
437000	-22679.786727888946	-6400.290130188959	-16279.496597699988	-6400.290130188959	5.030869219120525E307	Infinity	0.8715307600765773	0.28307702873838037	2.0543196379337463	0.662603333327869	0.28307702873838037	2.0543196379337463	0.662603333327869	0.15293312948910429	0.0	4.673951910022437E-19	0.14251935356575635	4.775453042673839E-9	-13479.696493554931	5.828874233441127E307	3.9096506156174926E307	5.870164394484736E307	2.6530052630825647E307	3.452050171742263E307	4	6	3	1	5
438000	-22668.944975422004	-6400.290130188958	-16268.654845233044	-6400.290130188958	3.6904261162328636E307	1.7255878218250195E308	0.8715307600765773	0.5311523368919555	1.8062443297801711	0.662603333327869	0.5311523368919555	1.8062443297801711	0.662603333327869	0.13304674427397545	9.328428980558061E-9	1.902599053071927E-18	0.14336812847588207	9.44721182125422E-9	-13468.933890112336	6.223910804910589E307	1.9875632852269225E307	4.0763555893801316E307	2.629757573246968E307	2.3671545140371566E307	3	6	4	1	5
439000	-22701.845873557722	-6400.290130188958	-16301.555743368763	-6400.290130188958	1.0010353059502077E308	Infinity	0.8715307600765773	0.5311523368919555	1.8062443297801711	0.662603333327869	0.5311523368919555	1.8062443297801711	0.662603333327869	0.17593817721816055	0.0	6.592891909245766E-20	0.18749802048906827	1.3275562125809892E-9	-13491.465878312452	9.217542612635374E307	5.16427462146271E307	5.321802341923871E307	3.8353349605039765E307	5.000324783416974E307	2	6	5	1	5
440000	-22703.60667589605	-6400.290130188958	-16303.316545707094	-6400.290130188958	1.2799921284642844E308	Infinity	0.8715307600765773	0.5311523368919555	1.623321861172085	0.8455258019359553	0.5311523368919555	1.623321861172085	0.8455258019359553	0.17802269110336316	0.0	6.95455029387606E-18	0.15573822317683025	1.7927733738995044E-8	-13494.451964182419	5.992723988060906E307	1.3578308558676474E308	7.820068910693561E307	1.5393651280925323E308	1.4780447352535588E308	2	3	5	1	8
441000	-22741.535871768006	-6400.290130188958	-16341.245741579049	-6400.290130188958	1.2405998567045377E308	Infinity	0.8715307600765773	0.5311523368919555	1.623321861172085	0.8455258019359553	0.5311523368919555	1.623321861172085	0.8455258019359553	0.5627311703796146	0.0	9.716983854412088E-15	0.5266683096673185	1.9717553995375474E-7	-13492.158172778665	1.0383378396701142E308	1.0273502025110013E308	7.531756238903956E307	7.095234312776671E307	7.597402064051576E307	4	1	5	1	8
442000	-22746.1396632397	-6400.290130188957	-16345.849533050745	-6400.290130188957	1.3203260531002355E308	Infinity	0.8715307600765773	0.7060778939431802	1.4483963041208603	0.8455258019359553	0.7060778939431802	1.4483963041208603	0.8455258019359553	0.6267345902254069	0.0	1.206197491529849E-16	0.5080332790752459	2.3000854053592733E-8	-13497.097547193414	1.1602605032187108E308	9.846673688125886E307	5.754700752473451E307	6.923990952316493E307	6.100723421596482E307	4	1	5	1	8
443000	-22728.519039119852	-6400.290130188957	-16328.228908930896	-6400.290130188957	8.108989564056824E307	Infinity	0.8715307600765773	0.7060778939431802	1.4483963041208603	0.8455258019359553	0.7060778939431802	1.4483963041208603	0.8455258019359553	0.28488820095875855	0.0	9.824150916882993E-13	0.33168835337235425	2.945228159923092E-6	-13486.972282174189	3.317695221547561E307	7.585167827106955E307	3.379808252671296E307	1.7344611190205774E308	5.820383608137952E307	1	4	3	3	8
444000	-22726.682466670456	-6400.290130188957	-16326.3923364815	-6400.290130188957	6.943163745179285E307	Infinity	0.8715307600765773	0.7060778939431802	1.4483963041208603	0.8455258019359553	0.7060778939431802	1.4483963041208603	0.8455258019359553	0.3521275589651116	0.0	4.028957113972863E-12	0.2891442614352128	6.430348747473791E-6	-13487.75852548026	3.994776048354403E307	8.190980801823275E307	5.867783039951988E307	6.913833282468378E307	3.996445741286605E307	1	1	1	8	8
445000	-22746.868350289587	-6400.290130188957	-16346.578220100631	-6400.290130188957	7.055054310973934E307	Infinity	0.8715307600765773	0.7060778939431802	1.4483963041208603	0.8455258019359553	0.7060778939431802	1.4483963041208603	0.8455258019359553	0.7998214694831633	0.0	2.7476813100778995E-12	0.6748870576606602	2.514079949489854E-6	-13483.20856986786	1.2366826647107918E308	6.161917389257824E307	5.54961654943755E307	6.366267150514255E307	4.47527870665823E307	1	1	4	8	5
446000	-22717.96581519849	-6400.290130188957	-16317.675685009535	-6400.290130188957	4.821347695125341E307	Infinity	0.8715307600765773	0.7060778939431802	1.4483963041208603	0.8455258019359553	0.7060778939431802	1.4483963041208603	0.8455258019359553	0.3940055426769764	0.0	2.3566561856880908E-12	0.3433118633334653	4.478902970078115E-6	-13471.595176900202	8.075411491532631E307	1.7922177967167453E308	1.9923749477393832E307	1.9916420422306607E307	2.77856508001332E307	1	1	4	6	7
447000	-22709.748179379727	-6400.290130188957	-16309.45804919077	-6400.290130188957	2.0645394957163206E307	1.1961579709712391E308	0.8715307600765773	0.7060778939431802	1.4483963041208603	0.8455258019359553	0.7060778939431802	1.4483963041208603	0.8455258019359553	0.36009283615021914	1.2198845716748767E-5	2.974924871183581E-11	0.4090318521662871	1.3224008626492523E-5	-13468.79051977933	7.793037007616119E307	5.80894376408015E307	2.3851018328859513E307	3.825023846786741E307	1.9883413191111939E307	4	5	4	4	2
448000	-22704.320684547223	-6400.290130188957	-16304.030554358265	-6400.290130188957	1.6723588020649953E308	Infinity	0.8715307600765773	0.7060778939431802	1.4483963041208603	0.8455258019359553	0.7060778939431802	1.4483963041208603	0.8455258019359553	0.19080897358280602	0.0	2.643768912234127E-11	0.21791135993052477	2.485505471581264E-5	-13482.50095404287	8.944614261195877E307	5.156158064479046E307	5.025753313695861E307	4.4323860294072925E307	5.151705154739888E307	4	4	1	2	8
449000	-22706.180612522818	-6400.290130188957	-16305.890482333862	-6400.290130188957	1.3251414493704987E308	Infinity	0.8715307600765773	0.7060778939431802	1.4483963041208603	0.8455258019359553	0.7060778939431802	1.4483963041208603	0.8455258019359553	0.12977960166659508	0.0	4.1533257825437456E-11	0.1382734069866601	4.4324932196915625E-5	-13493.230779921472	7.517069743305807E307	5.303888052006971E307	2.459264675589933E307	7.175362426143729E307	5.070606802269255E307	12	2	1	2	2
450000	-22736.30764325216	-6400.290130188957	-16336.017513063203	-6400.290130188957	6.180459069363811E307	Infinity	0.8715307600765773	0.7060778939431802	1.4483963041208603	0.8455258019359553	0.7060778939431802	1.4483963041208603	0.8455258019359553	0.34976259489817885	0.0	2.0133766657018015E-8	0.32767815045150617	4.229875660392193E-4	-13492.949423966025	1.4264621034035405E308	1.5354907867053247E308	5.994339068933355E307	4.0848767923201863E307	1.7863984211890056E307	9	2	1	5	2
451000	-22708.061798573734	-6400.290130188957	-16307.771668384778	-6400.290130188957	8.009625576967414E307	Infinity	0.8715307600765773	0.7060778939431802	1.4483963041208603	0.8455258019359553	0.7060778939431802	1.4483963041208603	0.8455258019359553	0.13656166019413518	0.0	1.7883314256077068E-8	0.15341456641853599	9.002507883012005E-4	-13495.83163625082	1.3332805778436306E308	1.3021439365304858E308	7.105849290636765E307	5.950843820644524E307	3.7331737635899905E307	3	8	1	5	2
452000	-22725.95475110679	-6400.290130188957	-16325.664620917833	-6400.290130188957	6.546720204499305E307	Infinity	0.8715307600765773	0.7060778939431802	1.4483963041208603	0.8455258019359553	0.7060778939431802	1.4483963041208603	0.8455258019359553	0.18835051430055302	0.0	9.979249321505796E-7	0.21910212430617843	0.004478247170415755	-13494.987750517288	1.3533017796258843E308	1.7779636023519774E308	7.723731314695114E307	4.90084038697922E307	4.2161609274028377E307	2	6	5	4	2
453000	-22709.93321700515	-6400.290130188957	-16309.643086816193	-6400.290130188957	1.8300929187674268E307	1.4586820946522397E308	0.8715307600765773	0.7060778939431802	1.4483963041208603	0.8455258019359553	0.7060778939431802	1.4483963041208603	0.8455258019359553	0.2838972542551496	0.08719581366216883	6.912931665308171E-4	0.3038800973875087	0.0912060577180257	-13472.605934893389	6.442312002048919E307	4.182584656574902E307	3.0130080776955934E307	1.8423195305841483E307	1.4345590852667443E307	5	6	2	4	2
454000	-22733.06019787886	-6400.290130188957	-16332.770067689906	-6400.290130188957	1.2402552859101194E308	Infinity	0.8715307600765773	0.7060778939431802	1.4483963041208603	0.8455258019359553	0.7060778939431802	1.4483963041208603	0.8455258019359553	0.410400475652452	0.0	1.6589324426103393E-5	0.5275749812847917	0.007840373412615863	-13481.642580121297	6.879740775930719E307	4.3089416039218845E307	5.914950885273374E307	6.696807808243606E307	7.281038762248011E307	5	6	1	5	2
455000	-22703.443884512137	-6400.290130188959	-16303.153754323179	-6400.290130188959	5.654874625668156E307	Infinity	0.8715307600765773	0.7060778939431802	1.8304413075726615	0.463480798484154	0.7060778939431802	1.8304413075726615	0.463480798484154	0.23502317692043262	0.0	2.3588756631282165E-6	0.18922987599504093	0.00822502217898281	-13477.117215998127	3.1968685978401426E307	1.3668116681122632E307	4.7761604205841E307	5.505380397633585E307	4.406707617225252E307	5	3	3	5	3
456000	-22676.28458360206	-6400.290130188959	-16275.994453413101	-6400.290130188959	2.000090234205075E307	7.848912775645979E307	0.8715307600765773	0.7060778939431802	1.8304413075726615	0.463480798484154	0.7060778939431802	1.8304413075726615	0.463480798484154	0.1810687066365451	0.19191162576042725	0.0012833116661661649	0.18594435922049127	0.19577554148828757	-13456.90925431319	1.9323353460532558E307	1.2069202530139297E307	1.7241848292634394E307	1.6342139693070654E307	4.925605011753436E306	5	3	3	5	3
457000	-22679.24845649128	-6400.290130188959	-16278.958326302323	-6400.290130188959	2.9205740152606173E307	1.0476210708834786E308	0.8715307600765773	0.7060778939431802	1.8304413075726615	0.463480798484154	0.7060778939431802	1.8304413075726615	0.463480798484154	0.174845984176925	0.19801135137648654	0.0010399208537345847	0.1641923710890015	0.19723619013078525	-13459.468710178011	2.3661086298866605E307	1.54584441251826E307	3.9278990316691063E307	8.18937164381382E306	1.3241188184185502E307	5	3	3	5	3
458000	-22682.368526428152	-6400.290130188959	-16282.078396239194	-6400.290130188959	8.827433180229151E307	Infinity	0.8715307600765773	0.7060778939431802	1.8304413075726615	0.463480798484154	0.7060778939431802	1.8304413075726615	0.463480798484154	0.12036534968849051	0.0	1.81964215549995E-8	0.10379920077927171	0.0013071552973302747	-13482.99302615206	9.41604409587865E307	6.14991619700892E307	6.27211068134338E307	5.008533427374375E307	2.0153612737273058E307	4	4	3	5	3
459000	-22730.3323592747	-6400.290130188959	-16330.042229085742	-6400.290130188959	1.7908050386570816E308	Infinity	0.8715307600765773	0.7060778939431802	1.8304413075726615	0.463480798484154	0.7060778939431802	1.8304413075726615	0.463480798484154	0.2949517696025414	0.0	1.2416381505127427E-8	0.27323200525991836	3.902177197757909E-4	-13489.556799563336	1.7596302107095428E308	1.2205371086612973E308	6.385045769562892E307	5.290758163882317E307	1.2966633516979925E308	3	4	1	3	8
460000	-22733.746079841494	-6400.290130188959	-16333.455949652534	-6400.290130188959	1.150366529446235E308	Infinity	0.8715307600765773	0.7060778939431802	1.8304413075726615	0.463480798484154	0.7060778939431802	1.8304413075726615	0.463480798484154	0.29443014490357816	0.0	3.20425418734883E-7	0.27804137164420917	0.002139131821112369	-13496.653053648723	1.7013922847827073E308	1.0981459898203381E308	1.4466597202152567E308	1.2368824103333154E308	7.475000392873798E307	3	3	7	5	1
461000	-22726.7935915665	-6400.290130188959	-16326.503461377542	-6400.290130188959	8.247608154194616E307	Infinity	0.8715307600765773	0.7060778939431802	1.8304413075726615	0.463480798484154	0.7060778939431802	1.8304413075726615	0.463480798484154	0.2896613072790758	0.0	7.636024098440424E-7	0.24035354872014558	0.0037444599940543483	-13492.707753672781	9.822010989946556E307	7.687124133528012E307	8.363536180887539E307	4.437050879380979E307	1.760865635200478E307	3	3	5	7	1
462000	-22724.874870903455	-6400.290130188959	-16324.584740714497	-6400.290130188959	7.754621774721959E307	Infinity	0.8715307600765773	0.7060778939431802	1.8304413075726615	0.463480798484154	0.7060778939431802	1.8304413075726615	0.463480798484154	0.2298880317282471	0.0	1.0175098964002419E-4	0.261623571462298	0.03658720657694257	-13484.382368088756	1.5915101659020611E308	5.298248957797416E307	5.995141750383917E307	5.505319698537587E307	1.611331839963512E307	3	3	5	7	1
463000	-22697.40464833007	-6400.290130188959	-16297.11451814111	-6400.290130188959	4.392731279926409E307	Infinity	0.8715307600765773	0.7060778939431802	1.8304413075726615	0.463480798484154	0.7060778939431802	1.8304413075726615	0.463480798484154	0.17564750854819317	0.0	2.190262255781387E-5	0.18862756678630513	0.02424691749422633	-13476.238573622642	3.0623266048682374E307	5.141689762005663E307	4.712176192512684E307	2.0812684735524967E307	1.4681395911458582E307	3	3	5	7	1
464000	-22685.24179537702	-6400.290130188959	-16284.95166518806	-6400.290130188959	1.5988446918901007E307	7.612757167794108E307	0.8715307600765773	0.9137077855413914	1.8304413075726615	0.2558509068859428	0.9137077855413914	1.8304413075726615	0.2558509068859428	0.21691656364260642	0.4859459739476506	0.016026103804628128	0.24802200025323656	0.5209637878440816	-13456.376066267821	5.22853046898692E307	2.33118923018087E307	1.637975889573439E307	8.939109719696293E306	7.632678862997476E306	3	5	3	7	1
465000	-22665.00469559857	-6400.290130188959	-16264.714565409613	-6400.290130188959	7.966652228537837E306	4.079179427006137E307	0.8715307600765773	0.9137077855413914	1.8304413075726615	0.2558509068859428	0.9137077855413914	1.8304413075726615	0.2558509068859428	0.17638885075259977	1.8739705768826704	0.15067021540223557	0.19573834071084953	2.0542803583324787	-13444.715972612776	1.827000638638945E307	2.1200325171929478E307	8.668489922349245E306	8.939109719696293E306	3.708094250794279E306	3	3	5	7	1
466000	-22696.951585343333	-6400.290130188959	-16296.661455154373	-6400.290130188959	6.562502158483365E306	3.571844491853145E307	0.8715307600765773	0.9137077855413914	1.8304413075726615	0.2558509068859428	0.9137077855413914	1.8304413075726615	0.2558509068859428	0.4470800315610286	2.725453169219655	2.320557259156847	0.5943306880730745	2.5307345921336184	-13445.36520762561	3.9123394658960156E307	1.8246698439519718E307	6.852380684919334E306	8.600625429173304E306	6.262750212065178E306	2	7	5	2	3
467000	-25086.804247815802	-8753.545738648529	-16333.258509167275	-8753.545738648529	2.73583806768562E307	1.1061034328376412E308	0.16697584478389157	0.9137077855413914	2.0084009387782227	0.07789127568038162	0.9137077855413914	2.0084009387782227	0.07789127568038162	0.5715090539459565	Infinity	8.925953983680943	0.6940554094721384	3.645153821273272	-13459.683109703477	1.485741602210958E307	2.0884178348282652E307	1.356805159587731E307	1.0907800784023832E307	7.720949197646368E306	9	1	5	2	2
468000	-25058.187736598025	-8753.545738648529	-16304.641997949495	-8753.545738648529	2.373608977377343E307	1.2291328969752581E308	0.16697584478389157	0.9137077855413914	2.0084009387782227	0.07789127568038162	0.9137077855413914	2.0084009387782227	0.07789127568038162	0.29396222094024627	Infinity	2.860479103352494	0.2751524767046324	6.183294584154455	-13465.96861292248	3.200966557830498E307	2.8494860921403675E307	2.8558206750268817E307	1.37498114276163E307	9.378888125614398E306	9	1	4	2	3
469000	-25083.358221051603	-8753.545738648527	-16329.812482403075	-8753.545738648527	2.471010455189631E307	Infinity	0.16697584478389157	0.970586142572819	1.951522581746795	0.07789127568038162	0.970586142572819	1.951522581746795	0.07789127568038162	0.3652628389410238	NaN	5.98249261991667	0.35998241294892513	7.540850111654817	-13481.254934993545	6.81697842575196E307	4.426048291066966E307	3.5575347659605374E307	3.574639029860273E307	2.8532566509262816E307	3	2	4	7	3
470000	-25080.23524768631	-8753.545738648527	-16326.68950903778	-8753.545738648527	1.7137891147346923E307	1.311494052810971E308	0.16697584478389157	0.970586142572819	1.951522581746795	0.07789127568038162	0.970586142572819	1.951522581746795	0.07789127568038162	0.3471817183398846	Infinity	18.28509921582575	0.30933380965001794	11.991452526624391	-13469.591740170337	1.6336436381332752E308	9.425693895689103E307	3.960074297958199E307	2.2197371871478354E307	1.874253858360576E307	4	3	4	5	3
471000	-25073.773032578036	-8753.545738648527	-16320.227293929509	-8753.545738648527	3.814638508071844E307	1.4756720974393135E308	0.16697584478389157	0.8279594417951204	1.951522581746795	0.2205179764580803	0.8279594417951204	1.951522581746795	0.2205179764580803	0.36171110365404974	Infinity	0.7463001409413391	0.4274765328529618	2.026409042628149	-13468.156901833572	4.1812756500302027E307	5.042931111816655E307	4.2548608430278827E307	6.807543277230055E306	5.216860816042212E306	4	3	4	5	3
472000	-23373.306211191037	-7110.819042935935	-16262.487168255102	-7110.819042935935	2.171431640072067E307	8.651742532696818E307	0.49362115198955253	0.8279594417951204	1.951522581746795	0.2205179764580803	0.8279594417951204	1.951522581746795	0.2205179764580803	0.15003317933704668	0.7259566946524186	0.00742528410669225	0.12154372310342615	0.7000715301534174	-13453.931925231329	1.205224200966023E307	1.982230396956424E307	1.4500634941699107E307	1.6048999716284263E307	1.9847501764155087E307	4	3	4	5	3
473000	-23421.03990584828	-7110.819042935935	-16310.220862912345	-7110.819042935935	5.90366453285223E307	Infinity	0.49362115198955253	0.8279594417951204	1.951522581746795	0.2205179764580803	0.8279594417951204	1.951522581746795	0.2205179764580803	0.21826901747201574	NaN	0.20016418412664133	0.2560640115660866	1.7382265363690976	-13474.976664395583	6.778634383732138E307	4.309723464813184E307	2.7163575116569716E307	2.1286288420194655E307	4.984285358070433E307	5	3	5	4	2
474000	-23428.243766760454	-7110.819042935935	-16317.424723824519	-7110.819042935935	5.127395014199249E307	Infinity	0.49362115198955253	0.8279594417951204	1.951522581746795	0.2205179764580803	0.8279594417951204	1.951522581746795	0.2205179764580803	0.21826901747201574	NaN	0.09911930603784776	0.19077925611851726	1.748225274016548	-13487.801875205398	9.15880292204279E307	1.0721243480390454E308	1.1574115707379506E308	7.599764466353645E307	2.842938913360407E307	1	3	5	8	2
475000	-23438.045847072575	-7110.819042935935	-16327.22680413664	-7110.819042935935	7.276894103477377E307	Infinity	0.49362115198955253	0.8279594417951204	1.951522581746795	0.2205179764580803	0.8279594417951204	1.951522581746795	0.2205179764580803	0.31918848355123997	0.0	0.01303686740349979	0.3466046289048055	0.35042584993579373	-13481.622207535504	4.681098840967014E307	2.633225451426111E307	4.840098906105358E307	8.182302341542988E307	7.281301542637736E307	1	3	5	8	2
476000	-23417.341049159673	-7110.819042935935	-16306.522006223739	-7110.819042935935	5.23020542190484E307	Infinity	0.49362115198955253	0.8279594417951204	1.951522581746795	0.2205179764580803	0.8279594417951204	1.951522581746795	0.2205179764580803	0.18703877893993662	NaN	0.057280921370533575	0.18644102071535684	1.2796672494405974	-13479.009835487623	4.653912361773476E307	3.718699576158464E307	9.917862205539411E307	8.171292611239149E307	3.184172122209998E307	2	3	1	7	6
477000	-23445.738720846974	-7110.819042935935	-16334.91967791104	-7110.819042935935	7.701955746433953E307	Infinity	0.49362115198955253	0.8279594417951204	1.951522581746795	0.2205179764580803	0.8279594417951204	1.951522581746795	0.2205179764580803	0.4064427025702808	NaN	0.18985161697645678	0.40951805157762067	1.0855794874161317	-13481.067769993597	1.0849941034393505E308	8.327350924001369E307	9.637873880649447E307	7.06062048379288E307	3.974062922207556E307	2	3	1	5	8
478000	-23445.3788327183	-7110.819042935935	-16334.559789782365	-7110.819042935935	1.73750349925438E308	Infinity	0.49362115198955253	0.8279594417951204	1.951522581746795	0.2205179764580803	0.8279594417951204	1.951522581746795	0.2205179764580803	0.28340808341951673	0.0	0.0040412857831875915	0.2776111973796562	0.2266697971246336	-13489.772125347772	1.7118642116973437E308	8.296488917897984E307	5.908342314221461E307	7.319931934619849E307	1.3195323099178225E308	2	2	2	9	4
479000	-24981.90493200513	-8651.33187284863	-16330.5730591565	-8651.33187284863	8.39886055886434E307	Infinity	0.17836098603530265	0.8279594417951204	1.951522581746795	0.2205179764580803	0.8279594417951204	1.951522581746795	0.2205179764580803	0.4134431020533444	0.0	0.019059664881090867	0.39624173586385114	0.3615791441144845	-13477.243779156513	3.274652256827963E307	2.277434240962259E307	2.3037826998462867E307	1.4430392216444788E308	4.525090499530585E307	1	6	2	2	8
480000	-23256.9775049367	-6938.66599032531	-16318.311514611392	-6938.66599032531	6.277522647573626E307	Infinity	0.5568894868632533	0.6797012610135909	2.0997807625283245	0.2205179764580803	0.6797012610135909	2.0997807625283245	0.2205179764580803	0.4135011041760569	NaN	0.19031984018022338	0.38104932697121785	1.1297753962048205	-13462.318620824832	8.875191490686866E306	1.1554120892736894E307	4.338840911845923E307	3.7156197202209667E307	2.1413316574894296E307	1	6	2	4	6
481000	-23227.46950619322	-6938.66599032531	-16288.80351586791	-6938.66599032531	1.1427303774381567E307	5.401131087137533E307	0.5568894868632533	0.6797012610135909	2.0997807625283245	0.2205179764580803	0.6797012610135909	2.0997807625283245	0.2205179764580803	0.2856241424094884	0.44153144693394364	0.018252829004194806	0.3002722749475373	0.41811887936721825	-13448.210151164352	2.339397025147115E307	8.372252385654781E306	6.43124722249457E306	5.4331303805257264E306	1.3013126050029722E307	1	6	2	5	5
482000	-23221.97572991477	-6938.66599032531	-16283.309739589462	-6938.66599032531	5.829566877977633E307	1.7393491764648826E308	0.5568894868632533	0.6797012610135909	2.0997807625283245	0.2205179764580803	0.6797012610135909	2.0997807625283245	0.2205179764580803	0.19240282897989158	0.35318354666539165	0.005827750878494386	0.20325963031936034	0.3858807619642642	-13459.17289786108	1.2602485742419567E307	1.4669922624164733E307	1.348685564409431E307	2.1970995133586746E307	1.1401302422410203E307	1	6	2	5	5
483000	-23248.983573527632	-6938.66599032531	-16310.317583202323	-6938.66599032531	5.444694718259111E307	Infinity	0.5568894868632533	0.6797012610135909	2.0997807625283245	0.2205179764580803	0.6797012610135909	2.0997807625283245	0.2205179764580803	0.1954999273563304	0.0	5.669767587752269E-4	0.19510491578043293	0.1255222097891542	-13484.586578516231	7.234117435496385E307	9.914602660985081E307	5.568999440304846E307	3.961603999077733E307	3.045714260637073E307	8	6	2	2	1
484000	-23219.749485622335	-6938.66599032531	-16281.083495297024	-6938.66599032531	1.0171000715018593E308	Infinity	0.5568894868632533	0.6797012610135909	2.0997807625283245	0.2205179764580803	0.6797012610135909	2.0997807625283245	0.2205179764580803	0.0764058160979735	0.0	1.6307051046659483E-4	0.07445832188155567	0.17329885125292088	-13488.395210833967	3.648099596612387E307	4.911963714266859E307	3.2876819625305403E307	5.470778912312555E307	6.330392995277009E307	9	7	1	1	1
485000	-23258.105441811156	-6938.66599032531	-16319.439451485845	-6938.66599032531	1.6655586871472034E308	Infinity	0.5568894868632533	0.45789214757389507	2.3215898759680202	0.2205179764580803	0.45789214757389507	2.3215898759680202	0.2205179764580803	0.2250573529141295	0.0	1.1616774744337086E-4	0.18766987689094736	0.05877374426357525	-13491.38908034377	1.7745914990618963E308	7.000477187539698E307	1.5819054433902004E308	6.527722199319588E307	1.930530602109596E307	5	11	1	1	1
486000	-23262.280109110143	-6938.66599032531	-16323.614118784833	-6938.66599032531	1.637886244390071E308	Infinity	0.5568894868632533	0.45789214757389507	2.3215898759680202	0.2205179764580803	0.45789214757389507	2.3215898759680202	0.2205179764580803	0.2651777587126727	0.0	0.008965222624199527	0.28104003796171384	0.34905951937539753	-13482.062141618313	1.4424306538675416E308	7.000477187539698E307	7.849509408790909E307	5.30977978355636E307	7.965753077207484E307	2	11	2	1	3
487000	-23237.651742401828	-6938.66599032531	-16298.985752076516	-6938.66599032531	1.4426189052327489E308	Infinity	0.5568894868632533	0.45789214757389507	2.3215898759680202	0.2205179764580803	0.45789214757389507	2.3215898759680202	0.2205179764580803	0.15528221786789245	NaN	0.00845833746334046	0.1662319501756736	0.5470715290550652	-13476.69201230118	4.120364907744757E307	3.13318744118879E307	2.677781173947215E307	3.5236490522047983E307	7.136934727437464E307	2	11	2	1	3
488000	-23248.43856878097	-6938.66599032531	-16309.772578455659	-6938.66599032531	1.4091390776750016E308	Infinity	0.5568894868632533	0.45789214757389507	2.3215898759680202	0.2205179764580803	0.45789214757389507	2.3215898759680202	0.2205179764580803	0.15386996561002364	0.0	1.3528777828915262E-5	0.12936461837733204	0.02702088250681157	-13490.410020458146	7.924963994060958E307	6.199179883596407E307	1.128683918219507E308	6.588418216055954E307	1.258479365481758E308	2	13	2	1	1
489000	-23232.973672999986	-6938.66599032531	-16294.307682674675	-6938.66599032531	8.071138368470451E307	Infinity	0.5568894868632533	0.45789214757389507	2.3215898759680202	0.2205179764580803	0.45789214757389507	2.3215898759680202	0.2205179764580803	0.13392538600724835	0.0	9.065482708976064E-6	0.13339769675054552	0.022924360418398713	-13482.729055303796	1.339157829130246E308	6.199179883596407E307	6.078502020761508E307	7.949103099607081E307	3.8576532558846324E307	2	13	2	1	1
490000	-23210.961986613213	-6938.66599032531	-16272.295996287903	-6938.66599032531	7.345428773617986E307	Infinity	0.5568894868632533	0.45789214757389507	2.3215898759680202	0.2205179764580803	0.45789214757389507	2.3215898759680202	0.2205179764580803	0.04300641312575934	0.0	1.9581476478121552E-7	0.04768757031867859	0.009267521557092243	-13497.578887520105	1.6400735134773727E308	1.3145123915354694E308	1.0548652630084767E308	5.085807709894768E307	2.83454584633839E307	2	13	2	1	1
491000	-23303.6569404466	-6938.66599032531	-16364.99095012129	-6938.66599032531	5.115388443599216E307	Infinity	0.5568894868632533	0.45789214757389507	2.3215898759680202	0.2205179764580803	0.45789214757389507	2.3215898759680202	0.2205179764580803	0.6611715634880637	0.0	6.71827656604816E-4	0.8347989270656915	0.028383617498867655	-13491.920129001126	1.3295892522249492E308	9.51731803149427E307	4.558762661656635E307	6.279290144274097E307	2.906829958637504E307	2	13	2	1	1
492000	-23240.23164445779	-6938.66599032531	-16301.565654132477	-6938.66599032531	3.3828379787090484E307	Infinity	0.5568894868632533	0.45789214757389507	2.3215898759680202	0.2205179764580803	0.45789214757389507	2.3215898759680202	0.2205179764580803	0.1823532536283615	0.0	1.1173163934561138E-4	0.19192854760697386	0.056857358545765575	-13482.120313290414	1.3295892522249492E308	8.278339022154289E307	2.3661098336328024E307	9.289461677595253E306	4.387959499877496E306	12	1	4	1	1
493000	-23210.889003483637	-6938.66599032531	-16272.223013158326	-6938.66599032531	6.99032583155851E306	5.96869018368937E307	0.5568894868632533	0.45789214757389507	2.3215898759680202	0.2205179764580803	0.45789214757389507	2.3215898759680202	0.2205179764580803	0.155793743951465	0.3650358428745297	0.0025951160843621862	0.13988715491540318	0.3543573884007651	-13457.959663276546	4.602817893837464E307	1.8445896115751278E307	1.826115269196425E307	5.744347175905627E306	7.83256100779602E305	12	1	4	1	1
494000	-23239.130544609252	-6938.66599032531	-16300.46455428394	-6938.66599032531	1.1865897114711308E307	9.168724627406643E307	0.5568894868632533	0.45789214757389507	2.3215898759680202	0.2205179764580803	0.45789214757389507	2.3215898759680202	0.2205179764580803	0.2466626574436773	0.03081787997896584	9.242294601276002E-5	0.2949282586278797	0.03304986005962831	-13465.397585776123	2.2137264321789125E307	1.8706039082310575E307	1.4485080664801276E307	1.3114560580603755E307	3.533976888185825E307	12	1	4	1	1
495000	-23240.058324570822	-6938.66599032531	-16301.392334245513	-6938.66599032531	7.728590955104175E307	Infinity	0.5568894868632533	0.45789214757389507	2.3215898759680202	0.2205179764580803	0.45789214757389507	2.3215898759680202	0.2205179764580803	0.30717987190428175	0.0	1.4881404880144206E-5	0.2838531404830717	0.013714807835021922	-13464.718299680233	1.1662839206508505E307	2.448380323604512E307	2.106957427639426E307	3.977777121489539E307	2.7206141619687063E307	12	1	4	1	1
496000	-23219.723742180493	-6938.66599032531	-16281.057751855184	-6938.66599032531	2.0930991159854063E307	9.745129448127807E307	0.5568894868632533	0.45789214757389507	2.3215898759680202	0.2205179764580803	0.45789214757389507	2.3215898759680202	0.2205179764580803	0.16872129744632514	0.01791509557239376	1.2831882636452998E-5	0.19277092316638156	0.018281602434747756	-13459.523708288369	2.017185368712694E307	2.0062171127684825E307	2.2069706269933472E307	2.0827423293281885E307	1.8949758101867663E307	12	1	3	2	1
497000	-23221.9136933074	-6938.66599032531	-16283.24770298209	-6938.66599032531	2.722984448925135E307	1.0965187373097264E308	0.5568894868632533	0.5767334117480105	2.2027486117939046	0.2205179764580803	0.5767334117480105	2.2027486117939046	0.2205179764580803	0.1917498872052122	0.0029780503664303694	4.964591349311279E-7	0.21953100577058124	0.003288259163264971	-13462.507416537554	3.502104216813262E307	9.864433971868569E306	9.081528334347387E306	1.2629695453970717E307	5.159157947275017E306	5	4	1	6	3
498000	-23235.46982571916	-6938.66599032531	-16296.80383539385	-6938.66599032531	1.4097415512909842E307	1.150485444258569E308	0.5568894868632533	0.5767334117480105	2.2027486117939046	0.2205179764580803	0.5767334117480105	2.2027486117939046	0.2205179764580803	0.27796274495908874	0.03345151622162394	9.494535645236527E-5	0.29335808594982904	0.03298577847123067	-13464.529586182103	7.146189431592062E307	2.1442133357315173E307	7.101719844885532E306	4.47628836834231E306	4.4947196828234523E306	5	4	1	8	1
499000	-23238.00349171245	-6938.66599032531	-16299.337501387141	-6938.66599032531	1.449470128072638E307	9.384058634415362E307	0.5568894868632533	0.5767334117480105	2.2027486117939046	0.2205179764580803	0.5767334117480105	2.2027486117939046	0.2205179764580803	0.39160838761272637	0.003420791719194889	1.8548442883232849E-6	0.35331214775275666	0.004450374395760664	-13461.426495775195	3.9992618550970745E307	1.096480556796687E307	8.973022064659095E306	8.826135113666098E306	1.369577244617857E307	6	4	1	7	1
500000	-23269.024810154253	-6938.665990325309	-16330.358819828944	-6938.665990325309	7.134326183326286E307	Infinity	0.5568894868632533	0.4273495391213844	2.3521324844205305	0.2205179764580803	0.4273495391213844	2.3521324844205305	0.2205179764580803	0.2994719453346861	0.0	2.908970777091864E-5	0.32198217058790346	0.01545998975119805	-13477.483587204228	1.4611712317349834E308	1.7249634856263873E307	1.9778554714750856E307	6.297013360404102E307	1.9424100237293543E307	6	4	1	7	1
