#
#model:
#
#<?xml version="1.0" encoding="UTF-8" standalone="no"?><input id="posterior" spec="beast.base.inference.CompoundDistribution">
#    <distribution id="prior" spec="beast.base.inference.CompoundDistribution">
#        <distribution id="BayesianSkyline.t:HRTV_S_BEAST" spec="beast.base.evolution.tree.coalescent.BayesianSkyline">
#            <parameter dimension="5" id="bPopSizes.t:HRTV_S_BEAST" lower="0.0" name="popSizes" spec="beast.base.inference.parameter.RealParameter">380.0</parameter>
#            <groupSizes dimension="5" id="bGroupSizes.t:HRTV_S_BEAST" spec="beast.base.inference.parameter.IntegerParameter">1</groupSizes>
#            <treeIntervals id="BSPTreeIntervals.t:HRTV_S_BEAST" spec="beast.base.evolution.tree.TreeIntervals">
#                <tree id="Tree.t:HRTV_S_BEAST" spec="beast.base.evolution.tree.Tree">
#                    <trait id="dateTrait.t:HRTV_S_BEAST" spec="beast.base.evolution.tree.TraitSet" traitname="date" value="HRTV-23_T_S_2019=2019,HRTV-26_T_S_2019=2019,HRTV-404_T_S_2021=2021,HRTV-100_T_S_2022=2022,HRTV-187_T_S_2022=2022,HRTV-056F_T_S_2023=2023,HRTV-504_T_S_2019=2019,HRTV-432R_T_S_2023=2023,HRTV-642T_T_S_2023=2023,JX005843_H_S_MO_2009=2009,OQ688983.1_T_S_MO_2012=2012,OQ688989.1_T_S_MO_2012=2012,OQ688986.1_T_S_KS_2015=2015,OQ688993.1_H_S_OK_2017=2017,MZ440341_T_S_NY_2018=2018,MZ440344_T_S_NY_2018=2018,NC_024496_H_S_MO_2009=2009,KJ740146_H_S_TN_2013=2013,OQ688998.1_H_S_KY_2017=2017,OQ689001.1_H_S_MO_2017=2017">
#                        <taxa id="TaxonSet.HRTV_S_BEAST" spec="beast.base.evolution.alignment.TaxonSet">
#                        </taxa>
#                    </trait>
#                    <taxonset idref="TaxonSet.HRTV_S_BEAST"/>
#                </tree>
#            </treeIntervals>
#        </distribution>
#        <distribution id="MarkovChainedPopSizes.t:HRTV_S_BEAST" parameter="@bPopSizes.t:HRTV_S_BEAST" shape="1.5" spec="beast.base.inference.distribution.MarkovChainDistribution" useLogNormal="true"/>
#        <prior id="ORCRatePriorDistribution.c:HRTV_S_BEAST" name="distribution">
#            <parameter dimension="38" id="ORCRates.c:HRTV_S_BEAST" lower="1.0E-100" name="x" spec="beast.base.inference.parameter.RealParameter">0.5</parameter>
#            <LogNormal id="LogNormalDistributionModel.0" meanInRealSpace="true" name="distr">
#                <parameter estimate="false" id="RealParameter.2" name="M" spec="beast.base.inference.parameter.RealParameter">1.0</parameter>
#                <parameter id="ORCsigma.c:HRTV_S_BEAST" lower="0.0" name="S" spec="beast.base.inference.parameter.RealParameter">0.2</parameter>
#            </LogNormal>
#        </prior>
#        <prior id="ORCsigmaPrior.c:HRTV_S_BEAST" name="distribution" x="@ORCsigma.c:HRTV_S_BEAST">
#            <Gamma id="Gamma.0" name="distr">
#                <parameter estimate="false" id="RealParameter.3" name="alpha" spec="beast.base.inference.parameter.RealParameter">5.0</parameter>
#                <parameter estimate="false" id="RealParameter.4" name="beta" spec="beast.base.inference.parameter.RealParameter">0.05</parameter>
#            </Gamma>
#        </prior>
#        <prior id="ORCucldMeanPrior.c:HRTV_S_BEAST" name="distribution">
#            <parameter id="ORCucldMean.c:HRTV_S_BEAST" name="x" spec="beast.base.inference.parameter.RealParameter">0.0016226</parameter>
#            <Gamma id="Gamma.1" name="distr">
#                <alpha id="Function$Constant.1" spec="beast.base.core.Function$Constant" value="0.1"/>
#                <beta id="Function$Constant.2" spec="beast.base.core.Function$Constant" value="100.0"/>
#            </Gamma>
#        </prior>
#        <prior id="Standard_TPM3_rates_prior.s:HRTV_S_BEAST" name="distribution">
#            <parameter dimension="3" id="TPM3rates.s:HRTV_S_BEAST" lower="0.0" name="x" spec="beast.base.inference.parameter.RealParameter">1.0 1.0 1.0</parameter>
#            <distr id="Dirichlet.0" spec="beast.base.inference.distribution.Dirichlet">
#                <alpha id="Function$Constant.0" spec="beast.base.core.Function$Constant" value="1.0 1.0 1.0"/>
#            </distr>
#        </prior>
#        <prior id="PropInvariantPrior.s:HRTV_S_BEAST" name="distribution">
#            <parameter id="proportionInvariant.s:HRTV_S_BEAST" lower="0.0" name="x" spec="beast.base.inference.parameter.RealParameter" upper="1.0">0.769</parameter>
#            <Uniform id="Uniform.2" name="distr"/>
#        </prior>
#    </distribution>
#    <distribution id="likelihood" spec="beast.base.inference.CompoundDistribution" useThreads="true">
#        <distribution data="@HRTV_S_BEAST" id="treeLikelihood.HRTV_S_BEAST" spec="beast.base.evolution.likelihood.ThreadedTreeLikelihood" tree="@Tree.t:HRTV_S_BEAST">
#            <siteModel id="SiteModel.s:HRTV_S_BEAST" proportionInvariant="@proportionInvariant.s:HRTV_S_BEAST" spec="beast.base.evolution.sitemodel.SiteModel">
#                <parameter estimate="false" id="mutationRate.s:HRTV_S_BEAST" lower="0.0" name="mutationRate" spec="beast.base.inference.parameter.RealParameter">1.0</parameter>
#                <parameter estimate="false" id="gammaShape.s:HRTV_S_BEAST" lower="0.1" name="shape" spec="beast.base.inference.parameter.RealParameter">1.0</parameter>
#                <substModel id="Standard_TPM3.s:HRTV_S_BEAST" rates="@TPM3rates.s:HRTV_S_BEAST" spec="substmodels.nucleotide.TPM3"/>
#            </siteModel>
#            <branchRateModel clock.rate="@ORCucldMean.c:HRTV_S_BEAST" id="OptimisedRelaxedClock.c:HRTV_S_BEAST" rates="@ORCRates.c:HRTV_S_BEAST" spec="beast.base.evolution.branchratemodel.UCRelaxedClockModel" tree="@Tree.t:HRTV_S_BEAST">
#                <LogNormal S="@ORCsigma.c:HRTV_S_BEAST" id="ORCLogNormalDistributionModel.c:HRTV_S_BEAST" meanInRealSpace="true" name="distr">
#                    <parameter estimate="false" id="RealParameter.1" name="M" spec="beast.base.inference.parameter.RealParameter">1.0</parameter>
#                </LogNormal>
#            </branchRateModel>
#        </distribution>
#    </distribution>
#</input>
#
Sample	posterior	likelihood	prior	treeLikelihood	Tree.height	Tree.treeLength	proportionInvariant	RateAC-Standard_TPM3	RateAG-Standard_TPM3	RateAT-Standard_TPM3	RateCG-Standard_TPM3	RateCT-Standard_TPM3	RateGT-Standard_TPM3	ORCsigma	ORCRatesStat.mean	ORCRatesStat.variance	ORCRatesStat.coefficientOfVariation	ORCucldMean	BayesianSkyline	bPopSizes.1	bPopSizes.2	bPopSizes.3	bPopSizes.4	bPopSizes.5	bGroupSizes.1	bGroupSizes.2	bGroupSizes.3	bGroupSizes.4	bGroupSizes.5
0	-19411.944321313335	-3737.153420027309	-15674.790901286025	-3737.153420027309	3.596593630921105E307	1.7741357919938975E308	0.6218716982760046	0.5542639808819483	1.3970938030417388	1.048642216076309	0.5542639808819483	1.3970938030417388	1.048642216076309	0.28125458837382983	5.46343440390176E-310	0.0	0.0	5.42864849943043E-310	-13473.451023905503	1.086533575498057E308	4.901936190455646E307	3.5482663277250376E307	4.0206680373823307E307	1.4877297656716412E307	1	8	3	1	6
1000	-19403.77583054139	-3750.3613785056937	-15653.414452035697	-3750.3613785056937	2.4456758049916393E307	1.2094965081734328E308	0.6218716982760046	0.5542639808819483	1.3970938030417388	1.048642216076309	0.5542639808819483	1.3970938030417388	1.048642216076309	0.1626092207065969	4.9520809999361E-310	0.0	0.0	5.22533624231825E-310	-13466.897065285939	7.215410338461254E307	7.636078027895706E307	1.6775368189735207E307	1.4723692621532406E307	1.48563930933449E307	3	4	4	2	6
2000	-19335.989406044184	-3686.21027247324	-15649.779133570944	-3686.21027247324	2.409465344410062E307	1.109234679227286E308	0.6218716982760046	0.5401344792171869	1.3970938030417388	1.0627717177410703	0.5401344792171869	1.3970938030417388	1.0627717177410703	0.2006941050760126	1.3272882052546E-309	0.0	0.0	1.33361779770993E-309	-13463.91007742606	1.820259422722041E307	3.1021998626402897E307	2.5210569905927834E307	2.0462562895994279E307	1.8424312634990886E307	3	4	4	1	7
3000	-19298.473517083614	-3658.6217032274726	-15639.85181385614	-3658.6217032274726	3.0943057839997516E307	Infinity	0.6218716982760046	0.5401344792171869	1.3970938030417388	1.0627717177410703	0.5401344792171869	1.3970938030417388	1.0627717177410703	0.10011636934620102	0.0	0.0	0.0	5.53023451201445E-310	-13472.553784159101	7.928284059706522E307	8.033452655117968E307	3.610329957515689E307	3.3775825091052893E307	2.8540396795240827E307	1	3	3	5	7
4000	-19404.27203073996	-3715.0837101028474	-15689.188320637113	-3715.0837101028474	1.4473703170189067E308	Infinity	0.6218716982760046	0.5401344792171869	1.3970938030417388	1.0627717177410703	0.5401344792171869	1.3970938030417388	1.0627717177410703	0.19592102539142803	0.0	0.0	0.0	2.7876946810548E-310	-13504.839768473485	1.7864786485936796E308	1.0940763091487014E308	1.4148846798286953E308	1.4722589420962806E308	1.6237968676637811E308	5	4	4	5	1
5000	-19357.015208911536	-3697.1479413211064	-15659.867267590429	-3697.1479413211064	3.230412433055695E307	Infinity	0.6218716982760046	0.5401344792171869	1.3970938030417388	1.0627717177410703	0.5401344792171869	1.3970938030417388	1.0627717177410703	0.1995283137473273	0.0	0.0	0.0	8.28130104271793E-310	-13474.709375967213	1.2926892132780966E308	3.691063106654206E307	4.506353520961696E307	3.3819338739728117E307	1.3572564783541467E307	4	5	2	7	1
6000	-19346.21435352694	-3681.8767776863056	-15664.337575840635	-3681.8767776863056	2.916970464708214E307	Infinity	0.6218716982760046	0.5401344792171869	1.3970938030417388	1.0627717177410703	0.5401344792171869	1.3970938030417388	1.0627717177410703	0.19003588388168108	0.0	0.0	0.0	6.04868926439333E-310	-13480.958333468245	1.7895864283192205E308	1.0915038431159563E308	6.166648043341596E307	2.0891230110565967E307	2.422587133212738E307	5	1	9	2	2
7000	-19308.599738124994	-3653.521324659159	-15655.078413465835	-3653.521324659159	4.2502939271943416E307	Infinity	0.6218716982760046	0.6697009285108653	1.3970938030417388	0.9332052684473919	0.6697009285108653	1.3970938030417388	0.9332052684473919	0.12220138028658573	0.0	0.0	0.0	5.0515097895795E-310	-13479.742711443056	1.142318273717408E308	5.940227347406336E307	5.821357041608056E307	3.082956410505713E307	3.725141534636223E307	7	2	5	1	4
8000	-19288.41849225107	-3603.383930922747	-15685.03456132832	-3603.383930922747	5.397068544021319E307	Infinity	0.6218716982760046	0.6697009285108653	1.3970938030417388	0.9332052684473919	0.6697009285108653	1.3970938030417388	0.9332052684473919	0.2474542418575229	0.0	0.0	0.0	1.59988657902216E-310	-13490.289615656695	1.2753761802536302E308	3.176525727483825E307	3.4895685300377104E307	2.683935851003119E307	9.021982915839297E306	11	1	4	1	2
9000	-19270.244460975344	-3566.203801754893	-15704.04065922045	-3566.203801754893	6.925833366588958E307	Infinity	0.6218716982760046	0.6697009285108653	1.3970938030417388	0.9332052684473919	0.6697009285108653	1.3970938030417388	0.9332052684473919	0.4773661567704415	0.0	0.0	0.0	3.277522705782E-310	-13485.598115127097	9.343422037816262E307	4.2806397602786064E307	6.203889818393569E307	2.1887614926140807E307	1.8611643730058645E307	7	7	3	1	1
10000	-19203.239500462532	-3582.2044804002608	-15621.03502006227	-3582.2044804002608	3.036327078668886E307	1.4917114633814167E308	0.6218716982760046	0.6697009285108653	1.3970938030417388	0.9332052684473919	0.6697009285108653	1.3970938030417388	0.9332052684473919	0.09196954192411681	6.5917092579973E-310	0.0	0.0	6.64341429070193E-310	-13466.028083717862	8.175160987498461E307	3.579771494862459E307	1.4417195870415075E307	1.9770287259270858E307	4.102009029580491E307	5	2	7	1	4
11000	-19200.990306029664	-3584.7980502220016	-15616.192255807664	-3584.7980502220016	2.864549185747673E307	1.699914309746514E308	0.615684311938403	0.7284839348654225	1.4092254645136097	0.8622906006209636	0.7284839348654225	1.4092254645136097	0.8622906006209636	0.053238480240607754	2.8350355298234E-310	0.0	0.0	2.8825416395603E-310	-13475.314255764255	8.549121538968283E307	4.2590995117938176E307	5.547736637691902E307	7.099548305651957E307	3.894789590780998E307	8	4	2	3	2
12000	-19348.47134880098	-3685.468384371558	-15663.002964429423	-3685.468384371558	1.4509612038139258E307	9.15117685222556E307	0.615684311938403	0.8251203973488466	1.4092254645136097	0.7656541381375396	0.8251203973488466	1.4092254645136097	0.7656541381375396	0.2697218070699125	2.156922339188595E-309	0.0	0.0	2.30618770144077E-309	-13463.842227488414	7.532057317410422E307	1.7406908370835538E307	2.1267307079621224E307	3.6293137248946585E307	3.076439474952241E307	5	4	2	1	7
13000	-19239.664106868266	-3613.7724848032612	-15625.891622065004	-3613.7724848032612	7.783955627660941E306	5.568657240538953E307	0.615684311938403	0.8251203973488466	1.4092254645136097	0.7656541381375396	0.8251203973488466	1.4092254645136097	0.7656541381375396	0.16266611854760651	2.259492033683544E-309	0.0	0.0	2.146202466848297E-309	-13450.147765910595	3.822434713015669E307	2.0355203059234753E307	7.178518114697285E306	1.0478296615540923E307	1.522947018667752E307	2	1	3	7	6
14000	-19344.265905984284	-3673.449702429211	-15670.816203555074	-3673.449702429211	1.637367152967399E307	8.681507785315032E307	0.615684311938403	0.8251203973488466	1.3442011756239798	0.8306784270271697	0.8251203973488466	1.3442011756239798	0.8306784270271697	0.4137224386834756	7.7932152120579E-310	0.0	0.0	8.5352251159228E-310	-13462.015877647402	7.870019336017074E307	2.062420843679781E307	9.613792556532642E306	1.1658089480682606E307	7.838012493962798E306	4	3	3	3	6
15000	-19331.223901093465	-3693.663642894874	-15637.56025819859	-3693.663642894874	1.1121930098987922E307	6.242542029091823E307	0.615684311938403	0.7029183340869103	1.3442011756239798	0.9528804902891059	0.7029183340869103	1.3442011756239798	0.9528804902891059	0.21596849815187358	2.58937206059028E-309	0.0	0.0	2.60616878766742E-309	-13454.357449085648	1.552985477167329E308	1.9161760717670538E307	9.927615616118151E306	6.423763346610088E306	7.838012493962798E306	3	3	7	1	5
16000	-19263.04471663582	-3661.6438749938775	-15601.400841641944	-3661.6438749938775	6.990983776900373E306	3.6519390818979644E307	0.615684311938403	0.8886072187347844	1.3442011756239798	0.7671916056412318	0.8886072187347844	1.3442011756239798	0.7671916056412318	0.1020939142986063	2.369647428374467E-309	0.0	0.0	2.39904515262653E-309	-13442.340814173342	3.876504724726995E307	1.9194841420419178E307	4.029452569325851E306	3.708932125506587E306	4.922693404770337E306	4	4	2	2	7
17000	-19400.171820922304	-3753.1491373663584	-15647.022683555946	-3753.1491373663584	4.5468788248666167E306	2.8684720382986337E307	0.615684311938403	0.7490965637618894	1.4837118305968748	0.7671916056412318	0.7490965637618894	1.4837118305968748	0.7671916056412318	0.43270909712407307	4.763402812976675E-309	0.0	0.0	5.11059546701327E-309	-13437.180216532297	2.481827545302336E307	1.160211300596324E307	4.248961567100775E306	1.4107837295251895E306	3.546635705472094E306	3	4	6	5	1
18000	-19258.374230374753	-3649.389715470203	-15608.98451490455	-3649.389715470203	1.8297678500128693E306	1.3205639699423206E307	0.33625345608990764	0.7490965637618894	1.2794649815321963	0.9714384547059102	0.7490965637618894	1.2794649815321963	0.9714384547059102	0.24581316516165963	8.835684571736804E-309	0.0	0.0	8.56356367271838E-309	-13423.41810795489	1.1666628333173952E307	5.859972538270511E306	1.3219174094976137E306	1.0716751629937147E306	4.404033053172973E305	1	4	7	6	1
19000	-19272.312059384152	-3626.234644684312	-15646.077414699841	-3626.234644684312	3.9602903737184E306	3.344324289408445E307	0.33625345608990764	0.7490965637618894	1.2794649815321963	0.9714384547059102	0.7490965637618894	1.2794649815321963	0.9714384547059102	0.3979408035778514	3.896885873783646E-309	0.0	0.0	3.78431039870757E-309	-13443.460264208878	8.737548649140169E306	6.723055255460586E306	4.121237728480538E306	1.3719640302989403E306	1.1024222041067193E306	8	2	7	1	1
20000	-19288.41651456422	-3678.2510679555003	-15610.165446608718	-3678.2510679555003	3.716499918931459E306	3.044195566139663E307	0.33625345608990764	0.7490965637618894	1.2794649815321963	0.9714384547059102	0.7490965637618894	1.2794649815321963	0.9714384547059102	0.15571938910759298	3.585730713582723E-309	0.0	0.0	3.67539257985226E-309	-13439.339663203004	1.0735340935417408E307	4.727485561026728E306	2.488119297790413E306	8.96600307569934E305	7.384032454416355E305	10	1	6	1	1
21000	-19327.64648353496	-3675.7027630284115	-15651.943720506551	-3675.7027630284115	3.72390972378189E306	2.353627525318355E307	0.33625345608990764	0.7490965637618894	1.2794649815321963	0.9714384547059102	0.7490965637618894	1.2794649815321963	0.9714384547059102	0.4442835329171816	2.19701017857498E-309	0.0	0.0	2.23154374021185E-309	-13439.223089415305	3.200754367392906E307	1.1325584901636037E307	3.969544947802491E306	4.585762373264455E306	4.0243669013055895E306	3	9	3	1	3
22000	-19324.526952031614	-3693.351038640981	-15631.175913390633	-3693.351038640981	6.013213897017365E306	2.528305276995338E307	0.33625345608990764	0.7490965637618894	1.2794649815321963	0.9714384547059102	0.7490965637618894	1.2794649815321963	0.9714384547059102	0.36498227685040396	3.305930321003667E-309	0.0	0.0	4.03312981946152E-309	-13433.971075767215	2.3569364220605617E307	1.0686918332392951E307	3.832054633069092E306	2.0115495218767603E306	3.59992256626392E306	1	5	4	8	1
23000	-19247.305722691002	-3643.7757802136234	-15603.529942477378	-3643.7757802136234	4.193842974865311E306	2.532662856701049E307	0.33625345608990764	0.8186176639207573	1.2794649815321963	0.9019173545470422	0.8186176639207573	1.2794649815321963	0.9019173545470422	0.15252494056788865	3.425294543324093E-309	0.0	0.0	3.56065956311961E-309	-13432.943033733993	4.739233104162237E307	9.966704564586176E306	6.940437801709387E306	1.6074229429360575E306	3.477935809229135E306	1	2	5	6	5
24000	-19380.479870600262	-3759.010008642439	-15621.469861957823	-3759.010008642439	6.087538486669669E306	3.9276824541166446E307	0.33625345608990764	0.8186176639207573	1.2794649815321963	0.9019173545470422	0.8186176639207573	1.2794649815321963	0.9019173545470422	0.18190319707366323	2.47289018372432E-309	0.0	0.0	2.51307454795294E-309	-13447.547173670431	1.1732053332563004E307	6.29316707572562E306	5.936183340747863E306	4.542818993944244E306	5.196885395204355E306	5	1	2	7	4
25000	-19324.296801172713	-3728.0431247557576	-15596.253676416956	-3728.0431247557576	2.2912082024248316E306	1.9597562106353326E307	0.33625345608990764	0.8186176639207573	1.2794649815321963	0.9019173545470422	0.8186176639207573	1.2794649815321963	0.9019173545470422	0.12464758848723935	3.09432601474395E-309	0.0	0.0	3.04777616917593E-309	-13433.467117811495	8.48722950481517E306	7.370887967711899E306	5.39099800772678E306	2.679115859107587E306	7.868057169334232E305	5	1	5	5	3
26000	-19262.218464942154	-3636.749830611663	-15625.468634330493	-3636.749830611663	1.8891012464588034E306	1.3039220665839447E307	0.33625345608990764	0.8186176639207573	1.2794649815321963	0.9019173545470422	0.8186176639207573	1.2794649815321963	0.9019173545470422	0.33274873950652056	4.817843089456804E-309	0.0	0.0	4.775147788008014E-309	-13426.305218154655	7.347709426011891E306	1.6956147745590944E306	1.601634856602804E306	1.0814226031233852E306	8.635025191433667E305	10	2	5	1	1
27000	-19433.713582871613	-3784.314884490857	-15649.398698380757	-3784.314884490857	5.769979722213907E306	4.852771257661897E307	0.33625345608990764	0.8186176639207573	1.2794649815321963	0.9019173545470422	0.8186176639207573	1.2794649815321963	0.9019173545470422	0.31845775890500283	1.617517388523065E-309	0.0	0.0	1.504208849006047E-309	-13449.95475329718	4.892482215074412E307	6.565377780252646E306	4.409805631711554E306	7.107228018928075E306	4.667557615154116E306	9	5	2	2	1
28000	-19334.994728697195	-3682.441601333876	-15652.553127363317	-3682.441601333876	1.6595776000924393E307	7.979226710042043E307	0.33625345608990764	0.8186176639207573	1.2794649815321963	0.9019173545470422	0.8186176639207573	1.2794649815321963	0.9019173545470422	0.298425434259007	8.44774622386337E-310	0.0	0.0	7.75721924731215E-310	-13456.258405229708	1.4606639205567427E307	1.692369030432066E307	2.096387173992464E307	1.4157936701282493E307	9.991697987541833E306	3	6	2	4	4
29000	-19233.159414890368	-3624.9541519990958	-15608.205262891273	-3624.9541519990958	1.2874708862588764E307	8.213220742448475E307	0.33625345608990764	0.8186176639207573	1.417444112154325	0.7639382239249135	0.8186176639207573	1.417444112154325	0.7639382239249135	0.07842655041162555	1.496563059171704E-309	0.0	0.0	1.453197400449574E-309	-13460.109464556816	3.1136885228012394E307	3.0148029548893546E307	1.609961845345034E307	1.548077820528619E307	1.056616758827946E307	3	4	4	2	6
30000	-19326.56879398747	-3660.8895087172846	-15665.679285270184	-3660.8895087172846	4.4752177948426213E307	Infinity	0.4558367507818834	0.8186176639207573	1.417444112154325	0.7639382239249135	0.8186176639207573	1.417444112154325	0.7639382239249135	0.19378592216744317	0.0	0.0	0.0	6.537138953779E-310	-13479.234434757273	7.627805267415684E307	4.0291939492507206E307	6.11703835944155E307	4.3468931595663786E307	2.105430193419395E307	6	9	1	1	2
31000	-19322.06152641762	-3627.0382758204537	-15695.023250597167	-3627.0382758204537	1.0312551043335487E308	Infinity	0.4558367507818834	0.4158358488337101	1.417444112154325	1.1667200390119608	0.4158358488337101	1.417444112154325	1.1667200390119608	0.29850113387686256	0.0	0.0	0.0	2.4356397499022E-310	-13492.42238529779	1.0249017060777773E308	6.383358524624899E307	5.908718731047008E307	1.128011053037476E308	6.999615654722379E307	4	2	5	2	6
32000	-19225.734550660727	-3556.461907545973	-15669.272643114755	-3556.461907545973	1.4793988694501578E308	Infinity	0.4558367507818834	0.4158358488337101	1.417444112154325	1.1667200390119608	0.4158358488337101	1.417444112154325	1.1667200390119608	0.21393978541046912	0.0	0.0	0.0	1.64902833295703E-310	-13482.146456931354	5.18131430457498E307	3.2728931807089396E307	2.255366887987248E307	2.5565450949319885E307	1.3121533395588548E308	1	8	4	1	5
33000	-19281.41046883962	-3621.3952249729564	-15660.015243866663	-3621.3952249729564	6.919140704644078E307	Infinity	0.4558367507818834	0.4158358488337101	1.417444112154325	1.1667200390119608	0.4158358488337101	1.417444112154325	1.1667200390119608	0.14527574366375645	0.0	0.0	0.0	2.85083104816086E-310	-13478.08562521888	2.3942995781565225E307	1.864331901703164E307	4.727109383840001E307	5.854910285583268E307	5.463801058294242E307	1	2	2	4	10
34000	-19388.141090836467	-3756.3269632450615	-15631.814127591404	-3756.3269632450615	1.8381407726073596E307	1.009100955026711E308	0.4558367507818834	0.4158358488337101	1.8400600962643971	0.7441040549018888	0.4158358488337101	1.8400600962643971	0.7441040549018888	0.1333265435805673	1.511428493302147E-309	0.0	0.0	1.516776283372347E-309	-13462.878395143167	3.3794888814675857E307	4.553474374703214E307	1.9569014899806557E307	9.613174803411274E306	1.5120274035437689E307	11	1	3	1	3
35000	-19392.639275187103	-3733.1413614963467	-15659.497913690755	-3733.1413614963467	1.3946660731728626E307	7.039959949686985E307	0.4558367507818834	0.4158358488337101	1.8400600962643971	0.7441040549018888	0.4158358488337101	1.8400600962643971	0.7441040549018888	0.3635736642088813	1.595479869403035E-309	0.0	0.0	1.684123473167475E-309	-13454.80553556864	2.1188048517318732E307	1.6927552078835444E307	1.2231159177593382E307	7.700590221544354E306	2.382151272380846E306	8	2	6	2	1
36000	-19359.724630563782	-3706.67748618829	-15653.047144375492	-3706.67748618829	1.6800694655879979E307	7.002715076061054E307	0.4558367507818834	0.7736145959660591	1.4822813491320481	0.7441040549018888	0.7736145959660591	1.4822813491320481	0.7441040549018888	0.31693464465447124	1.337195171726165E-309	0.0	0.0	1.254207628748153E-309	-13452.197052711888	2.035591089864364E307	8.50960029278733E306	1.0437075321598109E307	5.093710150561148E306	4.6234340325100594E306	5	3	5	5	1
37000	-19221.325982376875	-3577.9174538492625	-15643.40852852761	-3577.9174538492625	1.05734678006871E307	7.470236974231983E307	0.4558367507818834	0.33146518490858246	2.35580772062752	0.31272709446389374	0.33146518490858246	2.35580772062752	0.31272709446389374	0.22676328977558705	1.096104219063587E-309	0.0	0.0	1.084594968827246E-309	-13450.998098044194	1.0926722796166408E307	2.617649799686871E307	1.42894017716228E307	2.7926318197390103E306	1.959665926963236E306	7	4	4	2	2
38000	-19280.9553247362	-3623.877149294568	-15657.078175441631	-3623.877149294568	1.085712580677443E307	9.601388756203887E307	0.4558367507818834	0.02155379327702972	2.35580772062752	0.6226384860954465	0.02155379327702972	2.35580772062752	0.6226384860954465	0.281138633650205	1.254883487303617E-309	0.0	0.0	1.069453945693077E-309	-13461.925255410513	4.383790564350426E307	2.2969504930417263E307	8.797139002504181E306	4.962106154144371E306	2.4205195326023867E306	7	1	9	1	1
39000	-19273.7673819479	-3608.8716300620804	-15664.895751885817	-3608.8716300620804	2.1846088433354162E307	1.3400453979179083E308	0.4558367507818834	0.02155379327702972	2.6255912944785713	0.3528549122443952	0.02155379327702972	2.6255912944785713	0.3528549122443952	0.3176724064277076	1.287947443938097E-309	0.0	0.0	1.26896171083646E-309	-13467.962870246505	2.929209294907978E307	4.809607482334803E307	3.758967670792964E307	1.0279932991696265E307	7.790918507702127E306	8	5	2	3	1
40000	-19332.060184397178	-3724.4291159950512	-15607.631068402128	-3724.4291159950512	9.368190306855394E306	5.429808237809642E307	0.4558367507818834	0.02155379327702972	2.6255912944785713	0.3528549122443952	0.02155379327702972	2.6255912944785713	0.3528549122443952	0.11709953392055653	2.651508824312213E-309	0.0	0.0	2.604005404709455E-309	-13449.78769979409	2.611656610351148E307	1.0407380869746619E307	9.139872721889047E306	6.633937282939533E306	3.120328405399555E306	4	7	3	2	3
41000	-19304.799724283865	-3653.772331346256	-15651.027392937609	-3653.772331346256	1.7314353831914788E307	1.1366033927049641E308	0.4558367507818834	0.02155379327702972	2.6255912944785713	0.3528549122443952	0.02155379327702972	2.6255912944785713	0.3528549122443952	0.21514916740825543	1.19410133245305E-309	0.0	0.0	1.20702477149639E-309	-13463.816427874306	1.232219126781981E308	5.025565537441416E307	2.0445227236172164E307	2.293768379866283E307	7.677859294481236E306	1	3	6	4	5
42000	-19261.30454351398	-3602.0357243033986	-15659.268819210582	-3602.0357243033986	9.467894049556524E306	5.692197878510167E307	0.4558367507818834	0.02155379327702972	2.6255912944785713	0.3528549122443952	0.02155379327702972	2.6255912944785713	0.3528549122443952	0.37387718236350476	3.108482418979024E-309	0.0	0.0	3.381648858453826E-309	-13451.320044275522	3.065451543504873E307	1.5512095591151126E307	2.43334635277161E307	2.072071480881027E307	7.990680894149183E306	1	5	4	2	7
43000	-19268.254541347396	-3645.5529320084033	-15622.701609338992	-3645.5529320084033	1.1946246719425008E307	6.527889764310676E307	0.3953739109618551	0.02155379327702972	2.6255912944785713	0.3528549122443952	0.02155379327702972	2.6255912944785713	0.3528549122443952	0.13621644805415542	1.17338795397884E-309	0.0	0.0	1.1646194656197E-309	-13455.001257020678	1.266726125206092E307	2.852065084720673E307	2.3534495080275003E307	2.16638146525328E307	1.0498658434072832E307	1	3	4	3	8
44000	-19349.30876365681	-3711.8013219228696	-15637.50744173394	-3711.8013219228696	1.5609366479825962E307	6.621187832942942E307	0.3953739109618551	0.02155379327702972	2.6255912944785713	0.3528549122443952	0.02155379327702972	2.6255912944785713	0.3528549122443952	0.19170052593585332	1.572763670388743E-309	0.0	0.0	1.503495153097347E-309	-13452.23215116775	4.396163472134619E307	8.474407713538497E306	5.859098746139227E306	1.6316519386312608E307	2.4754645799767786E307	3	13	1	1	1
45000	-19174.276548215832	-3537.7046073640117	-15636.57194085182	-3537.7046073640117	1.9106109110293885E307	1.0781665779485547E308	0.3953739109618551	0.02155379327702972	2.6255912944785713	0.3528549122443952	0.02155379327702972	2.6255912944785713	0.3528549122443952	0.14374362735587543	6.95486098725204E-310	0.0	0.0	7.0315460914596E-310	-13463.204341710942	5.948865612986498E307	2.057708817460965E307	2.3318687725925274E307	2.0466260711852033E307	9.331604651483789E306	2	14	1	1	1
46000	-19261.470086151265	-3582.6830375356817	-15678.787048615583	-3582.6830375356817	2.2031825399359966E307	1.7218578595994465E308	0.3953739109618551	0.02155379327702972	2.6255912944785713	0.3528549122443952	0.02155379327702972	2.6255912944785713	0.3528549122443952	0.2981204020403638	5.54359021472704E-310	0.0	0.0	4.4749922523194E-310	-13473.70121349964	6.108503024064245E307	4.257309881800822E307	3.4905390649054764E307	8.980100336710685E306	1.0063647729803051E307	8	8	1	1	1
47000	-19275.86779162131	-3597.697650195672	-15678.170141425639	-3597.697650195672	2.068067254098762E307	1.5932280332329545E308	0.3953739109618551	0.02155379327702972	2.6255912944785713	0.3528549122443952	0.02155379327702972	2.6255912944785713	0.3528549122443952	0.3489266717692496	6.6882764059255E-310	0.0	0.0	6.75690146958276E-310	-13475.849488177144	2.847477288023448E307	4.257309881800822E307	1.9790489333642197E307	2.41791391161168E307	2.1140524361586065E307	5	10	2	1	1
48000	-19332.62489612523	-3647.424566855381	-15685.20032926985	-3647.424566855381	2.3342826469272307E307	1.6059700281195837E308	0.3953739109618551	0.02155379327702972	2.6255912944785713	0.3528549122443952	0.02155379327702972	2.6255912944785713	0.3528549122443952	0.38622014018689343	1.266080799778044E-309	0.0	0.0	1.334090706074486E-309	-13474.076331342354	8.605633172685363E307	8.75772912572178E307	3.087616660010906E307	2.2369707185930583E307	9.218466890990246E306	3	6	1	7	2
49000	-19324.733835855463	-3643.3734156949968	-15681.360420160465	-3643.3734156949968	4.600355271482993E307	Infinity	0.3953739109618551	0.02155379327702972	2.6255912944785713	0.3528549122443952	0.02155379327702972	2.6255912944785713	0.3528549122443952	0.29656033215736927	0.0	0.0	0.0	2.63140868303907E-310	-13483.454056043374	3.8520199360725477E307	6.12380125775296E307	7.339649852843425E307	3.626653590187718E307	3.50338550644287E307	1	2	6	3	7
50000	-19324.30057966889	-3628.970708486332	-15695.329871182557	-3628.970708486332	8.654896332544071E307	Infinity	0.3953739109618551	0.02155379327702972	2.6255912944785713	0.3528549122443952	0.02155379327702972	2.6255912944785713	0.3528549122443952	0.3734989760612359	0.0	0.0	0.0	1.9047892276263E-310	-13485.100415966037	1.1862225126307825E308	1.0485353270692191E308	5.400246247606717E307	6.06827128357268E307	9.962205840984087E307	4	5	1	8	1
51000	-19411.350106385016	-3723.8294693191046	-15687.520637065913	-3723.8294693191046	2.4509573211841874E307	1.637615689109815E308	0.3953739109618551	0.02155379327702972	2.9278153243471143	0.050630882375852004	0.02155379327702972	2.9278153243471143	0.050630882375852004	0.363931369704932	4.70157430138194E-310	0.0	0.0	4.2721354256376E-310	-13474.26075430832	1.4436768801596482E308	1.1259874628195922E308	3.762702110811889E307	3.812615152239614E307	1.5477250359310608E307	2	4	1	10	2
52000	-19323.193836226914	-3660.422419294741	-15662.771416932172	-3660.422419294741	3.54663242102229E307	Infinity	0.3953739109618551	0.02155379327702972	2.9278153243471143	0.050630882375852004	0.02155379327702972	2.9278153243471143	0.050630882375852004	0.1599551927494187	0.0	0.0	0.0	3.09543905344146E-310	-13477.63509715462	1.06919381225753E308	4.1300294830901977E307	3.3006755293361097E307	3.7502798104504606E307	1.0674823839488863E307	6	2	1	4	6
53000	-19345.03604745484	-3694.995836634837	-15650.040210820001	-3694.995836634837	4.457735924059053E307	Infinity	0.761818685046132	0.02155379327702972	2.3895778400607037	0.5888683666622628	0.02155379327702972	2.3895778400607037	0.5888683666622628	0.11456788112422327	0.0	0.0	0.0	8.86922527973166E-310	-13480.354641090964	1.6705498352321102E308	4.770324046484458E307	3.634372643503206E307	1.6958342492867107E307	1.0357288568190089E307	1	5	4	5	4
54000	-19354.684816672147	-3657.044416799094	-15697.640399873053	-3657.044416799094	2.532513417776901E307	Infinity	0.761818685046132	0.02155379327702972	2.3895778400607037	0.5888683666622628	0.02155379327702972	2.3895778400607037	0.5888683666622628	0.3504091985569119	0.0	0.0	0.0	7.21480635273903E-310	-13473.65888101979	9.09438560629843E307	2.040877345486281E307	1.7464013841758985E307	1.7729875980850593E307	6.30294426025432E306	5	7	2	4	1
55000	-19271.305461646207	-3575.8263201223313	-15695.479141523876	-3575.8263201223313	3.9825311229510717E307	Infinity	0.761818685046132	0.02155379327702972	2.3895778400607037	0.5888683666622628	0.02155379327702972	2.3895778400607037	0.5888683666622628	0.4283063831958896	0.0	0.0	0.0	4.69033442633675E-310	-13484.673978091178	1.5720106098254935E308	8.196460261639219E307	3.2228370708132964E307	4.1916418194597905E307	2.669213170945036E307	8	4	1	5	1
56000	-19374.82906017352	-3701.3816380332455	-15673.447422140274	-3701.3816380332455	4.046859362475364E307	Infinity	0.761818685046132	0.02155379327702972	2.3895778400607037	0.5888683666622628	0.02155379327702972	2.3895778400607037	0.5888683666622628	0.24570466191876336	0.0	0.0	0.0	7.1761381460756E-310	-13478.92815095846	1.2724653047807086E308	1.4062145292168867E308	5.541513332425441E307	6.065101536143417E307	4.933999961285465E307	3	5	4	4	3
57000	-19287.19978713258	-3592.93323561866	-15694.266551513922	-3592.93323561866	6.699934831457394E307	Infinity	0.761818685046132	0.02155379327702972	2.3895778400607037	0.5888683666622628	0.02155379327702972	2.3895778400607037	0.5888683666622628	0.282141828974782	0.0	0.0	0.0	3.1880240885681E-310	-13486.674717468974	1.4567326706175874E308	7.292565594523656E307	1.391160449300807E308	1.396717096669757E308	6.568239182398772E307	3	2	1	5	8
58000	-19205.36208791281	-3563.4851153092272	-15641.876972603584	-3563.4851153092272	6.011896487441483E307	Infinity	0.761818685046132	0.02155379327702972	2.3895778400607037	0.5888683666622628	0.02155379327702972	2.3895778400607037	0.5888683666622628	0.07873099441369782	0.0	0.0	0.0	1.5832970506249E-310	-13485.303174184328	9.483374718470985E307	4.375938801760804E307	2.316912695410589E307	1.1023895602858796E307	4.967817333576638E307	4	1	2	2	10
59000	-19260.948435083614	-3585.639261857843	-15675.309173225769	-3585.639261857843	1.1747001212006115E308	Infinity	0.761818685046132	0.02155379327702972	2.3895778400607037	0.5888683666622628	0.02155379327702972	2.3895778400607037	0.5888683666622628	0.1975856139166343	0.0	0.0	0.0	3.90209222187203E-310	-13482.260833144073	7.750660769657933E307	6.206474513301514E307	4.990938902543033E307	1.0609287429506753E308	7.694450701473363E307	2	3	4	1	9
60000	-19293.578081697837	-3605.01044421032	-15688.567637487518	-3605.01044421032	2.476879269806272E307	1.1650620727627125E308	0.761818685046132	0.02155379327702972	2.3895778400607037	0.5888683666622628	0.02155379327702972	2.3895778400607037	0.5888683666622628	0.597052689736827	1.02211575602461E-309	0.0	0.0	1.27059068680423E-309	-13464.477640047415	4.095989653214834E307	4.4080733491523244E307	1.9140942748894186E307	1.2782354457190371E307	1.0097802792912208E307	6	2	1	1	9
61000	-19267.312559413454	-3627.0916647290655	-15640.22089468439	-3627.0916647290655	1.5029052962707543E307	1.0796688764183037E308	0.761818685046132	0.02155379327702972	2.3895778400607037	0.5888683666622628	0.02155379327702972	2.3895778400607037	0.5888683666622628	0.13141111364012176	1.29202925453907E-309	0.0	0.0	1.279689960219325E-309	-13465.825748734243	4.4628027908586404E307	2.0683510404345058E307	2.2453788539134657E307	1.6599403094398256E307	7.912797806791521E306	4	8	1	1	5
62000	-19320.280739975267	-3627.869535965636	-15692.411204009632	-3627.869535965636	5.372999764516332E307	Infinity	0.761818685046132	0.02155379327702972	2.3895778400607037	0.5888683666622628	0.02155379327702972	2.3895778400607037	0.5888683666622628	0.44135218167015583	0.0	0.0	0.0	7.16167183534174E-310	-13479.017313166049	4.0893124246607284E307	3.0715463666311216E307	3.136817162758721E307	5.430957188243095E307	1.3909868374478517E307	4	5	3	6	1
63000	-19251.30658662592	-3599.171220592856	-15652.135366033062	-3599.171220592856	2.0996091005250196E307	Infinity	0.761818685046132	0.02155379327702972	2.3895778400607037	0.5888683666622628	0.02155379327702972	2.3895778400607037	0.5888683666622628	0.14683109720119103	0.0	0.0	0.0	6.2971932428031E-310	-13474.43984410238	8.433119980732324E307	4.832700191280734E307	2.797663225524592E307	7.316683168360891E306	3.8557277570923076E306	6	5	5	1	2
64000	-19313.528070300614	-3644.0527502025025	-15669.475320098112	-3644.0527502025025	2.9265972456141785E307	Infinity	0.761818685046132	0.48641817433520285	2.3895778400607037	0.1240039856040897	0.48641817433520285	2.3895778400607037	0.1240039856040897	0.1704601869971258	0.0	0.0	0.0	6.9234454796306E-310	-13483.379475156291	1.2248090037062641E308	8.282931413426102E307	4.3122559238277173E307	4.2550259828554856E307	1.8682686534534766E307	6	3	7	2	1
65000	-19237.367879343783	-3564.952043700842	-15672.415835642942	-3564.952043700842	3.289454899588848E307	Infinity	0.761818685046132	0.48641817433520285	2.3895778400607037	0.1240039856040897	0.48641817433520285	2.3895778400607037	0.1240039856040897	0.23373267350973054	0.0	0.0	0.0	2.23368711237065E-310	-13484.183649876324	1.072819778291671E308	6.828402392037573E307	2.986854302398255E307	2.0733621344633727E307	4.95976104049646E307	7	5	2	4	1
66000	-19269.972646846214	-3602.109501162044	-15667.863145684169	-3602.109501162044	5.132567896377083E307	Infinity	0.761818685046132	0.48641817433520285	2.3895778400607037	0.1240039856040897	0.48641817433520285	2.3895778400607037	0.1240039856040897	0.2142040944136153	0.0	0.0	0.0	1.8572115527351E-310	-13485.520222667403	1.7658313199290469E308	6.437807456926501E307	6.67402078509105E307	4.67456582547948E307	1.9518551856336376E307	2	12	1	2	2
67000	-19298.547367043724	-3607.191580116954	-15691.355786926772	-3607.191580116954	1.0997648933798692E308	Infinity	0.761818685046132	0.48641817433520285	2.3895778400607037	0.1240039856040897	0.48641817433520285	2.3895778400607037	0.1240039856040897	0.28159820760463544	0.0	0.0	0.0	3.7626311880853E-310	-13492.004384884394	1.461965016593346E308	6.622296358683996E307	7.885149855219045E307	6.301955444848455E307	2.336053933379356E307	2	1	11	3	2
68000	-19255.087764304324	-3597.510144217512	-15657.577620086813	-3597.510144217512	2.646555563565104E307	1.583960762198756E308	0.5110951718117558	0.02976862840010258	2.3895778400607037	0.58065353153919	0.02976862840010258	2.3895778400607037	0.58065353153919	0.19803795033731586	1.53692014763885E-309	0.0	0.0	1.64957080492619E-309	-13470.847494139713	8.723777452529178E307	3.181634471276874E307	2.4461102317630564E307	1.7965040245316783E307	2.410561473543871E307	6	2	1	5	5
69000	-19308.414741422017	-3656.2202706852895	-15652.194470736727	-3656.2202706852895	2.3549605723112965E307	1.793031868542535E308	0.5110951718117558	0.02976862840010258	2.3895778400607037	0.58065353153919	0.02976862840010258	2.3895778400607037	0.58065353153919	0.16987711429278005	1.014033358798194E-309	0.0	0.0	1.05198342829839E-309	-13471.645924844453	1.1864402139542592E308	1.4003794354702641E308	6.035642737842467E307	1.0708538433369177E307	1.2970353262333547E307	1	3	2	3	10
70000	-19300.019070088598	-3655.689157119027	-15644.32991296957	-3655.689157119027	1.0432716435224522E307	7.715264223932876E307	0.5110951718117558	0.02976862840010258	2.3895778400607037	0.58065353153919	0.02976862840010258	2.3895778400607037	0.58065353153919	0.19147094538497514	1.17532975091509E-309	0.0	0.0	1.189234770620016E-309	-13460.53284417617	7.249799253772246E307	2.432706713142049E307	1.2690248950285204E307	1.2541474109400686E307	7.323714520251163E306	4	3	1	9	2
71000	-19298.249264604092	-3646.357736073749	-15651.891528530341	-3646.357736073749	1.6171673456457862E307	9.969189734320738E307	0.5110951718117558	0.02976862840010258	2.3895778400607037	0.58065353153919	0.02976862840010258	2.3895778400607037	0.58065353153919	0.22498888822783863	8.13465469390963E-310	0.0	0.0	7.92634653903897E-310	-13461.191234923679	4.921401075851676E307	2.605728559238613E307	3.0991860591471176E307	9.464844224045871E306	7.540004971147657E306	2	3	6	2	6
72000	-19419.409738502167	-3749.0276739067544	-15670.382064595413	-3749.0276739067544	2.822635257130154E307	Infinity	0.5110951718117558	0.02976862840010258	2.3895778400607037	0.58065353153919	0.02976862840010258	2.3895778400607037	0.58065353153919	0.2664018353000055	0.0	0.0	0.0	5.4045595801909E-310	-13478.174419484687	1.1481957384099886E308	8.701636989753964E307	2.88672907720674E307	1.7084527768164394E307	1.9888263388511042E307	9	2	2	3	3
73000	-19368.606544674803	-3695.6156949644023	-15672.990849710402	-3695.6156949644023	1.2567547649581358E307	1.0805334074691694E308	0.5110951718117558	0.02976862840010258	2.3895778400607037	0.58065353153919	0.02976862840010258	2.3895778400607037	0.58065353153919	0.37793227056342193	1.092038988808617E-309	0.0	0.0	1.184106416614337E-309	-13467.87043979291	1.105714047181236E308	3.8894951057146997E307	5.252079601239086E307	4.511285888709185E307	2.1525327916207118E307	1	1	2	6	9
74000	-19340.65468576095	-3682.9668378779984	-15657.687847882953	-3682.9668378779984	1.1523566664980065E307	9.72947548676936E307	0.5110951718117558	0.02976862840010258	2.3895778400607037	0.58065353153919	0.02976862840010258	2.3895778400607037	0.58065353153919	0.26955848751353256	1.451496706982484E-309	0.0	0.0	1.392173345473715E-309	-13461.099116369789	7.029334558447667E307	3.6959769411146685E307	1.198048923185197E307	9.140303954208603E306	5.705875247108115E306	5	3	2	6	3
75000	-19266.33141229277	-3615.657571921636	-15650.673840371132	-3615.657571921636	5.465633947155989E306	5.430819553963319E307	0.5110951718117558	0.02976862840010258	2.8329739027131664	0.1372574688867273	0.02976862840010258	2.8329739027131664	0.1372574688867273	0.2581897792708881	1.96215399143135E-309	0.0	0.0	1.975696553262455E-309	-13450.795056260025	3.372771106940645E307	1.9231683092162236E307	9.271537302268945E306	5.698515243188623E306	1.5535564175660707E306	4	8	2	1	4
76000	-19259.732525415835	-3653.374952911354	-15606.357572504483	-3653.374952911354	3.6207247618748604E306	2.283252747282082E307	0.5110951718117558	0.02976862840010258	2.8329739027131664	0.1372574688867273	0.02976862840010258	2.8329739027131664	0.1372574688867273	0.1964497117434208	4.66943878685542E-309	0.0	0.0	4.821937586309696E-309	-13435.4925876785	6.664118439308545E306	5.954458056418637E306	3.246914415451235E306	4.8503015823442494E306	1.773070039717853E306	9	5	2	2	1
77000	-19196.63022781468	-3597.3132815200765	-15599.316946294603	-3597.3132815200765	7.365284967011346E306	4.052244698716034E307	0.5110951718117558	0.02976862840010258	1.9785277752769055	0.9917035963229882	0.02976862840010258	1.9785277752769055	0.9917035963229882	0.11032933275339059	2.375644602357075E-309	0.0	0.0	2.35815450947172E-309	-13443.848446146878	1.314038043060565E307	2.2121063443332005E307	1.4814260156451814E307	4.686193805250765E306	3.4544956193801146E306	5	2	4	7	1
78000	-19300.815123630047	-3663.6114398349273	-15637.20368379512	-3663.6114398349273	2.529970103213502E307	Infinity	0.5110951718117558	0.02976862840010258	2.528343341502647	0.44188803009724686	0.02976862840010258	2.528343341502647	0.44188803009724686	0.12568143620888583	0.0	0.0	0.0	3.02898447366577E-310	-13473.323822833725	1.165881019180284E308	3.3320578636382934E307	1.4011788494609722E307	1.3379059330728496E307	4.269800540983204E306	7	5	2	4	1
79000	-19287.028163968713	-3639.193846709725	-15647.834317258987	-3639.193846709725	3.21224120099141E307	Infinity	0.5110951718117558	0.02976862840010258	2.528343341502647	0.44188803009724686	0.02976862840010258	2.528343341502647	0.44188803009724686	0.13334318002371856	0.0	0.0	0.0	5.49114410590994E-310	-13477.220470539005	8.758112356968171E307	7.73830793882885E307	5.108028326942056E307	2.3033573109398107E307	1.2198898556843227E307	4	4	1	6	4
80000	-19334.556778002803	-3666.515964670726	-15668.040813332078	-3666.515964670726	3.248261232776733E307	1.7490860651314193E308	0.5110951718117558	0.02976862840010258	2.528343341502647	0.44188803009724686	0.02976862840010258	2.528343341502647	0.44188803009724686	0.2706987588407087	5.8125827750199E-310	0.0	0.0	6.13705340001234E-310	-13474.171200592136	6.387959755102023E307	4.235218485964004E307	4.540024478035097E307	3.126408158492459E307	1.1449170046954683E307	4	1	5	8	1
81000	-19289.521193165197	-3624.523863621852	-15664.997329543345	-3624.523863621852	7.241887962338919E307	Infinity	0.5110951718117558	0.02976862840010258	2.528343341502647	0.44188803009724686	0.02976862840010258	2.528343341502647	0.44188803009724686	0.14361096090943473	0.0	0.0	0.0	4.2685616827258E-310	-13489.151620583576	7.607228761758577E307	5.052258688955703E307	3.4731829458085886E307	2.461361158551339E307	2.971259486814825E307	4	8	1	5	1
82000	-19337.964441850854	-3706.0199479872044	-15631.944493863648	-3706.0199479872044	4.143499419127349E307	Infinity	0.5110951718117558	0.02976862840010258	2.528343341502647	0.44188803009724686	0.02976862840010258	2.528343341502647	0.44188803009724686	0.09653477248848778	0.0	0.0	0.0	4.9363522739203E-310	-13476.013224097434	6.746575381249763E307	7.009636853352369E307	3.5743008383526205E307	1.7310978675682747E307	2.9107498590258877E307	1	8	2	5	3
83000	-19209.42349329456	-3607.7339709592766	-15601.689522335282	-3607.7339709592766	4.049649636272849E307	1.5504504740797675E308	0.5110951718117558	0.02976862840010258	2.528343341502647	0.44188803009724686	0.02976862840010258	2.528343341502647	0.44188803009724686	0.03764489185394275	5.7825077871223E-310	0.0	0.0	5.8204797654486E-310	-13468.147779871992	3.5429417013301477E307	5.142725685638039E307	5.2551729424229E307	2.3865110626788726E307	9.188299803722311E306	4	1	4	8	2
84000	-19186.20805528028	-3572.7108900193684	-15613.497165260911	-3572.7108900193684	1.4895551492104291E307	7.902584664073711E307	0.5110951718117558	0.02976862840010258	2.528343341502647	0.44188803009724686	0.02976862840010258	2.528343341502647	0.44188803009724686	0.0876695668655845	8.72497902919436E-310	0.0	0.0	9.02267758876916E-310	-13456.720740469726	7.504255524266639E307	2.025069957599749E307	1.5891712378926156E307	9.270946251322805E306	5.943492858475898E306	2	2	2	9	4
85000	-19287.359591967474	-3624.5759508783076	-15662.783641089165	-3624.5759508783076	1.5576342678943777E308	Infinity	0.5110951718117558	0.02976862840010258	2.528343341502647	0.44188803009724686	0.02976862840010258	2.528343341502647	0.44188803009724686	0.1574621480883749	0.0	0.0	0.0	1.9899241529374E-310	-13489.420885619751	3.966713491203235E307	3.7712603036322923E307	7.62516497219087E307	6.269793720970907E307	4.4188614556922696E307	3	5	4	1	6
86000	-19320.895607351977	-3641.938195168603	-15678.957412183372	-3641.938195168603	3.797371104670948E307	Infinity	0.5110951718117558	0.4675593166183474	2.0905526532844023	0.44188803009724686	0.4675593166183474	2.0905526532844023	0.44188803009724686	0.22723347387309253	0.0	0.0	0.0	6.8711290826335E-310	-13481.733388117926	1.6887365128273055E308	9.394478896224446E307	2.7032291536749804E307	5.180120586066971E307	3.5306392796367903E307	3	5	1	8	2
87000	-19319.980772391635	-3657.4708729431504	-15662.509899448485	-3657.4708729431504	3.2058529737050447E307	Infinity	0.5110951718117558	0.5736953513490733	2.2126686020188164	0.21363604663210659	0.5736953513490733	2.2126686020188164	0.21363604663210659	0.17014251692573273	0.0	0.0	0.0	5.4996397726518E-310	-13473.7242359684	4.050258340305092E307	8.820915060387674E307	1.2700415549009662E308	1.7968596333014426E307	1.1528492850558215E307	6	6	2	3	2
88000	-19410.572800840135	-3731.3352027662527	-15679.237598073882	-3731.3352027662527	4.4159060984685474E307	Infinity	0.5110951718117558	0.5736953513490733	2.2126686020188164	0.21363604663210659	0.5736953513490733	2.2126686020188164	0.21363604663210659	0.238466079407115	0.0	0.0	0.0	4.52962472904537E-310	-13482.351149291768	9.826443028657471E307	1.248014575553604E308	1.1173393957256367E308	2.8517975595062146E307	9.832246270124592E306	2	11	1	2	3
89000	-19358.63997362854	-3693.295934597077	-15665.344039031463	-3693.295934597077	3.912668248891793E307	Infinity	0.5110951718117558	0.5736953513490733	2.2126686020188164	0.21363604663210659	0.5736953513490733	2.2126686020188164	0.21363604663210659	0.17376633837152217	0.0	0.0	0.0	3.6920040397639E-310	-13483.920640253495	1.7688470921196683E308	1.1362143494908337E308	4.558462517332816E307	4.540191703423765E307	2.505293252452544E307	4	4	4	3	4
90000	-19281.47297412862	-3597.9307375929016	-15683.542236535719	-3597.9307375929016	6.215658907466983E307	Infinity	0.5110951718117558	0.5736953513490733	2.2126686020188164	0.21363604663210659	0.5736953513490733	2.2126686020188164	0.21363604663210659	0.20103964867287366	0.0	0.0	0.0	1.99160603914043E-310	-13491.712627420404	1.5242008332394528E308	9.479490974078548E307	1.4271450326664248E308	7.666398333015051E307	4.368362171693338E307	2	1	2	11	3
91000	-19290.309783375047	-3588.5354830251663	-15701.774300349882	-3588.5354830251663	4.956558850658352E307	Infinity	0.8171781921223469	0.5736953513490733	2.2126686020188164	0.21363604663210659	0.5736953513490733	2.2126686020188164	0.21363604663210659	0.36433686568225737	0.0	0.0	0.0	3.88842585507403E-310	-13489.972027528715	1.383131668625557E308	1.1922425912238169E308	3.95367842917343E307	2.950274265092211E307	2.4733831861701044E307	2	9	2	3	3
92000	-19290.474895775136	-3608.258353785347	-15682.21654198979	-3608.258353785347	2.44611081250314E307	Infinity	0.8171781921223469	0.18748944017106212	2.5988745131968276	0.21363604663210659	0.18748944017106212	2.5988745131968276	0.21363604663210659	0.36433686568225737	0.0	0.0	0.0	4.4817060622969E-310	-13477.95297231312	1.383131668625557E308	8.594698619659935E307	4.908729724184415E307	8.027843792809486E306	3.6405202662750695E306	4	2	8	4	1
93000	-19249.123232619753	-3581.58763414827	-15667.535598471484	-3581.58763414827	1.574952173342302E307	1.4285308847918494E308	0.8171781921223469	0.18748944017106212	2.5988745131968276	0.21363604663210659	0.18748944017106212	2.5988745131968276	0.21363604663210659	0.26358568462082776	7.28652783631456E-310	0.0	0.0	8.1250318829637E-310	-13469.942779737084	6.942266865240185E307	7.514576953927991E307	1.8802754238157533E307	4.04464795375316E307	7.686779166648267E306	3	6	4	1	5
94000	-19380.66655463671	-3736.687502002395	-15643.979052634317	-3736.687502002395	1.4049255768439833E307	9.851201496919045E307	0.8171781921223469	0.18748944017106212	2.5988745131968276	0.21363604663210659	0.18748944017106212	2.5988745131968276	0.21363604663210659	0.13933643811038293	9.55726611270913E-310	0.0	0.0	9.2042914607403E-310	-13467.516887466267	9.090244973175706E307	6.228600524851542E307	3.0907560885232323E307	2.850058825999898E307	3.3259241717043364E307	1	4	6	4	4
95000	-19278.643441285105	-3608.850641041124	-15669.79280024398	-3608.850641041124	1.750548523601024E307	1.6586566607355011E308	0.8171781921223469	0.18748944017106212	2.1331866189256115	0.6793239409033226	0.18748944017106212	2.1331866189256115	0.6793239409033226	0.21332041472892943	1.077151445463144E-309	0.0	0.0	1.002687463414454E-309	-13475.607927271494	4.841516266876883E307	4.081431992964141E307	2.518811969225096E307	2.0793795465658712E307	1.4013108616077742E307	12	1	3	1	2
96000	-19278.747618997913	-3689.361422753494	-15589.38619624442	-3689.361422753494	5.107162270797035E306	3.048925644259825E307	0.8171781921223469	0.18748944017106212	2.6238636805838724	0.18864687924506157	0.18748944017106212	2.6238636805838724	0.18864687924506157	0.06329649665601776	6.430705732467794E-309	0.0	0.0	6.42145186755963E-309	-13444.1748148039	1.3236068463463205E307	2.1350981766139027E307	1.5063675401467428E307	1.3275657749862806E307	4.102087229792079E306	2	5	3	4	5
97000	-19268.558421784866	-3600.8894752518718	-15667.668946532995	-3600.8894752518718	2.9405562735626447E307	Infinity	0.8171781921223469	0.18748944017106212	2.6238636805838724	0.18864687924506157	0.18748944017106212	2.6238636805838724	0.18864687924506157	0.21465932007676164	0.0	0.0	0.0	3.77259629027836E-310	-13480.145427345737	1.752335428415821E308	6.697754858667062E307	3.8755954095153144E307	3.5982220490017276E307	7.386560924751708E306	6	2	8	1	2
98000	-19349.92990389987	-3665.516797576311	-15684.413106323558	-3665.516797576311	6.855098713653654E307	Infinity	0.8171781921223469	0.18748944017106212	2.6238636805838724	0.18864687924506157	0.18748944017106212	2.6238636805838724	0.18864687924506157	0.1940851297314791	0.0	0.0	0.0	3.3891773828634E-310	-13497.704510156495	1.6859371234727532E308	1.0060743574003806E308	6.658940033199165E307	5.906960798464609E307	1.1943608420246417E307	10	1	3	3	2
99000	-19365.175781859696	-3686.700725697914	-15678.475056161782	-3686.700725697914	5.098642468379669E307	Infinity	0.8171781921223469	0.18748944017106212	2.6238636805838724	0.18864687924506157	0.18748944017106212	2.6238636805838724	0.18864687924506157	0.20641627840358037	0.0	0.0	0.0	2.83699698038243E-310	-13489.727127033262	1.6859371234727532E308	8.170397848599894E307	5.692602216543158E307	4.503653438127959E307	9.907242343737989E306	11	2	3	1	2
100000	-19240.178764928147	-3559.4904634860472	-15680.6883014421	-3559.4904634860472	1.250584037236799E308	Infinity	0.8171781921223469	0.18748944017106212	2.6238636805838724	0.18864687924506157	0.18748944017106212	2.6238636805838724	0.18864687924506157	0.1973484801478906	0.0	0.0	0.0	1.9823400703641E-310	-13493.120773972258	1.0680684876446167E308	1.0111023571506124E308	9.382198749646186E307	9.836906645690181E307	1.0238857796057827E308	2	8	2	1	6
101000	-19269.92241710604	-3590.7334662573553	-15679.188950848686	-3590.7334662573553	8.73669384428713E307	Infinity	0.8171781921223469	0.18748944017106212	2.6238636805838724	0.18864687924506157	0.18748944017106212	2.6238636805838724	0.18864687924506157	0.15799151335478764	0.0	0.0	0.0	1.8249893730674E-310	-13490.948875950839	1.2378708494205146E308	9.178169354137565E307	1.3464826597486382E308	8.903459811631347E307	1.3337810594582856E308	4	1	8	1	5
102000	-19316.003181798667	-3656.0718251753856	-15659.931356623283	-3656.0718251753856	4.4387232761293733E307	Infinity	0.8171781921223469	0.18748944017106212	2.6238636805838724	0.18864687924506157	0.18748944017106212	2.6238636805838724	0.18864687924506157	0.1556165156620483	0.0	0.0	0.0	2.11598832732763E-310	-13482.889580036774	8.670183548733294E307	4.415875504919228E307	2.9329928866228863E307	3.9684714525710094E307	2.3692907977391435E307	8	1	4	2	4
103000	-19208.82966533163	-3550.3571162636745	-15658.472549067956	-3550.3571162636745	2.8263735341399215E307	1.5581466439486151E308	0.8171781921223469	0.18748944017106212	2.6238636805838724	0.18864687924506157	0.18748944017106212	2.6238636805838724	0.18864687924506157	0.20466871103745365	7.0508227188011E-310	0.0	0.0	7.4612182900191E-310	-13472.983266161404	6.407172282485384E307	4.544838514864171E307	3.0398164030346514E307	4.890424257097889E307	5.027530529121503E307	3	4	5	1	6
104000	-19241.224426106415	-3525.5341629691266	-15715.690263137289	-3525.5341629691266	7.451731249760712E307	Infinity	0.8171781921223469	0.18748944017106212	2.6238636805838724	0.18864687924506157	0.18748944017106212	2.6238636805838724	0.18864687924506157	0.5288803431367135	0.0	0.0	0.0	3.3493631115571E-310	-13491.661511003595	1.7101352562061875E308	1.5642051879917507E308	1.3880438540855728E308	4.367344337094416E307	4.755106778740396E307	2	3	1	3	10
105000	-19190.801610727154	-3523.7088242188215	-15667.092786508334	-3523.7088242188215	3.5665015012468436E307	Infinity	0.8171781921223469	0.18748944017106212	2.6238636805838724	0.18864687924506157	0.18748944017106212	2.6238636805838724	0.18864687924506157	0.1528755310143444	0.0	0.0	0.0	5.8172677449246E-310	-13476.621055425041	5.783306005771753E307	5.707904429712096E307	4.639175003995291E307	2.412101798550248E307	4.5630935044164E307	2	3	2	2	10
106000	-19301.429695077157	-3628.412572779945	-15673.017122297213	-3628.412572779945	2.7412876452424636E307	1.3005188373451422E308	0.8171781921223469	0.18748944017106212	2.6238636805838724	0.18864687924506157	0.18748944017106212	2.6238636805838724	0.18864687924506157	0.4303606361933753	1.719935501700347E-309	0.0	0.0	1.99326881009941E-309	-13462.608692820457	4.667466736396925E307	1.4753533870000033E307	3.3169743333366327E307	1.0826563927922223E307	9.226480719228622E306	2	5	6	4	2
107000	-19220.239184243484	-3553.2879141995554	-15666.951270043928	-3553.2879141995554	3.22346536097466E307	Infinity	0.8171781921223469	0.18748944017106212	2.6238636805838724	0.18864687924506157	0.18748944017106212	2.6238636805838724	0.18864687924506157	0.2140035622372998	0.0	0.0	0.0	3.5107425344723E-310	-13480.212572115484	1.135235087759203E308	6.581358025235148E307	4.841501153356566E307	1.8826446239355936E307	7.300467529081716E306	4	2	9	2	2
108000	-19303.23282814963	-3630.2113173121975	-15673.021510837434	-3630.2113173121975	6.220262106064425E307	Infinity	0.8171781921223469	0.18748944017106212	2.6238636805838724	0.18864687924506157	0.18748944017106212	2.6238636805838724	0.18864687924506157	0.19546525927286315	0.0	0.0	0.0	2.5998500648933E-310	-13486.747824513825	9.46104817622105E307	7.202513151169498E307	1.5913345893348988E308	7.470553861830899E307	2.943526310556629E307	4	6	2	4	3
109000	-19439.78662516429	-3733.1601016550785	-15706.626523509214	-3733.1601016550785	6.838912463338207E307	Infinity	0.8171781921223469	0.18748944017106212	2.6238636805838724	0.18864687924506157	0.18748944017106212	2.6238636805838724	0.18864687924506157	0.5357832522799408	0.0	0.0	0.0	3.5350230018496E-310	-13482.231453880726	7.014032993460708E307	7.755514780692337E307	1.1381357041223807E308	1.7498050250112637E307	3.851659743367042E307	3	6	2	1	7
110000	-19230.50251922624	-3544.3123505608246	-15686.190168665416	-3544.3123505608246	4.603240682037238E307	Infinity	0.8171781921223469	0.18748944017106212	2.6238636805838724	0.18864687924506157	0.18748944017106212	2.6238636805838724	0.18864687924506157	0.3239018641225768	0.0	0.0	0.0	4.7145373712729E-310	-13480.8054255985	7.856131479857984E307	4.953959182191505E307	4.625291105370686E307	4.4315899130783615E307	1.374669745625917E307	3	11	2	2	1
111000	-19370.73968736977	-3731.3692557087265	-15639.370431661044	-3731.3692557087265	1.0985636134107429E307	5.682898793527398E307	0.8171781921223469	0.18748944017106212	2.6238636805838724	0.18864687924506157	0.18748944017106212	2.6238636805838724	0.18864687924506157	0.17953462336547674	3.745040315821447E-309	0.0	0.0	3.838451101920764E-309	-13447.287953117522	1.2790620197457507E307	5.89874482642317E306	1.396728409684465E307	1.3708449578337993E307	2.5763758726835233E307	1	8	5	3	2
112000	-19246.704103570108	-3615.2379996127574	-15631.46610395735	-3615.2379996127574	7.718643648812625E306	4.476572186735107E307	0.8171781921223469	0.18748944017106212	2.6238636805838724	0.18864687924506157	0.18748944017106212	2.6238636805838724	0.18864687924506157	0.23615827548712778	4.10527535932874E-309	0.0	0.0	4.10462013704346E-309	-13448.085614663998	2.2073652509499256E307	1.4196415820259057E307	7.289927361238686E306	3.651041124107661E306	3.1194039642795324E306	2	2	12	1	2
113000	-19289.015870774816	-3636.6313346789475	-15652.38453609587	-3636.6313346789475	1.6268007722149102E307	1.0721067393472512E308	0.8171781921223469	0.18748944017106212	2.6238636805838724	0.18864687924506157	0.18748944017106212	2.6238636805838724	0.18864687924506157	0.24469640539455392	1.768221312413705E-309	0.0	0.0	1.70795375168868E-309	-13467.043854930886	8.05135956096254E307	4.980276797002128E307	1.7305125275333852E307	1.4790834127518486E307	1.1842122977829629E307	8	2	4	3	2
114000	-19258.324634601246	-3604.327015023012	-15653.997619578233	-3604.327015023012	1.5370239998555983E307	9.416991312875672E307	0.8171781921223469	0.18748944017106212	2.6238636805838724	0.18864687924506157	0.18748944017106212	2.6238636805838724	0.18864687924506157	0.23521196143599685	2.30230797232507E-309	0.0	0.0	2.315559276321524E-309	-13456.132449325267	8.818572344698599E307	4.638526718903578E307	1.2571900438879212E307	3.983620382612035E306	1.2062311824052415E307	3	1	5	5	5
115000	-19255.49366601841	-3621.1039011871185	-15634.389764831292	-3621.1039011871185	1.624868805020886E307	6.572211058084633E307	0.8171781921223469	0.18748944017106212	2.6238636805838724	0.18864687924506157	0.18748944017106212	2.6238636805838724	0.18864687924506157	0.23970606331558797	2.52104873817356E-309	0.0	0.0	2.672942489702575E-309	-13450.837580510804	6.622108526569021E307	1.6867836752400738E307	8.603024170948044E306	5.794588145987344E306	4.840085155906985E306	4	3	2	1	9
116000	-19256.625132775942	-3640.9984899891074	-15615.626642786836	-3640.9984899891074	9.692717383894934E306	5.639034427832161E307	0.8171781921223469	0.18748944017106212	2.6238636805838724	0.18864687924506157	0.18748944017106212	2.6238636805838724	0.18864687924506157	0.11305582002191843	2.695465531253646E-309	0.0	0.0	2.607486802497355E-309	-13452.660997114155	2.9932992323058667E307	1.3138662285411828E307	4.630437915212851E306	8.093692508636432E306	6.332481039047614E306	6	2	4	3	4
117000	-19452.22014479528	-3800.032823956023	-15652.187320839257	-3800.032823956023	2.660077602185458E307	Infinity	0.8171781921223469	0.18748944017106212	2.6238636805838724	0.18864687924506157	0.18748944017106212	2.6238636805838724	0.18864687924506157	0.13670997367857918	0.0	0.0	0.0	6.56112999193203E-310	-13478.776924727517	8.319755773127405E307	5.943313416602357E307	1.8011352784358981E307	7.239575105495441E306	9.058047281687114E306	2	10	2	3	2
118000	-19361.22627947828	-3702.3387269313425	-15658.887552546936	-3702.3387269313425	3.5383946345342957E307	Infinity	0.8171781921223469	0.18748944017106212	2.6238636805838724	0.18864687924506157	0.18748944017106212	2.6238636805838724	0.18864687924506157	0.10990829123379521	0.0	0.0	0.0	4.4833673378384E-310	-13484.615384011147	1.0200073008037794E308	1.4682993666602615E308	6.767386260989119E307	2.2972607739074487E307	3.816946797878687E307	3	9	2	1	4
119000	-19282.221130168968	-3629.936218760753	-15652.284911408216	-3629.936218760753	3.112518131092261E307	1.6572685787498015E308	0.8171781921223469	0.18748944017106212	2.6238636805838724	0.18864687924506157	0.18748944017106212	2.6238636805838724	0.18864687924506157	0.16139306192721697	4.25803432819056E-310	0.0	0.0	3.9081535245122E-310	-13471.932689108451	6.525907671187331E307	3.5691541224097315E307	4.4599101958661353E307	4.903266375782185E307	1.5275495647024505E307	1	5	4	1	8
120000	-19388.92165304999	-3699.417658064438	-15689.503994985555	-3699.417658064438	6.699914921562453E307	Infinity	0.8171781921223469	0.18748944017106212	2.6238636805838724	0.18864687924506157	0.18748944017106212	2.6238636805838724	0.18864687924506157	0.2584310548099559	0.0	0.0	0.0	4.6501851088244E-310	-13484.474385188329	6.873534707281557E307	8.322422626965095E307	1.7134757751079388E308	7.609377290488456E307	5.426046662776719E307	4	10	1	3	1
121000	-19370.38536793851	-3682.0889004952355	-15688.296467443275	-3682.0889004952355	8.573391378000339E307	Infinity	0.8171781921223469	0.18748944017106212	2.6238636805838724	0.18864687924506157	0.18748944017106212	2.6238636805838724	0.18864687924506157	0.26826601703234726	0.0	0.0	0.0	2.39206383859553E-310	-13492.042056281742	1.5684968419603047E308	1.1395987071706526E308	8.179280112782057E307	2.3490188613004437E307	2.1729393142944257E307	3	10	4	1	1
122000	-19265.23686580445	-3553.3790031981366	-15711.857862606314	-3553.3790031981366	5.536593772545926E307	Infinity	0.8171781921223469	0.18748944017106212	2.0564891514335826	0.7560214083953514	0.18748944017106212	2.0564891514335826	0.7560214083953514	0.45196951123745005	0.0	0.0	0.0	1.90652278410115E-310	-13487.590564975206	1.157003571089953E308	1.074589028055636E308	8.878206071299689E307	2.7287048438397705E307	1.1659924228506812E307	10	2	4	2	1
123000	-19283.331185036215	-3584.143313293986	-15699.187871742228	-3584.143313293986	6.070619048690892E307	Infinity	0.8171781921223469	0.18748944017106212	2.0564891514335826	0.7560214083953514	0.18748944017106212	2.0564891514335826	0.7560214083953514	0.5670751692561812	0.0	0.0	0.0	7.1365070537617E-310	-13475.680628949245	5.070743226814211E307	3.1101661779901785E307	6.139105247538761E307	2.992091726517811E307	3.154973497356892E307	11	3	1	2	2
124000	-19285.897709212484	-3615.704811693231	-15670.192897519253	-3615.704811693231	7.1095219665889E307	Infinity	0.8171781921223469	0.5588326221262476	1.685145969478397	0.7560214083953514	0.5588326221262476	1.685145969478397	0.7560214083953514	0.18380542697273092	0.0	0.0	0.0	1.7202572205308E-310	-13491.592525607612	1.0097611553910952E308	6.112625249807697E307	3.131925375302464E307	4.937920212180897E307	8.704685173952275E307	11	1	1	3	3
125000	-19237.297530971653	-3563.5700018987027	-15673.72752907295	-3563.5700018987027	4.521824524858936E307	Infinity	0.8171781921223469	0.5588326221262476	1.685145969478397	0.7560214083953514	0.5588326221262476	1.685145969478397	0.7560214083953514	0.21300187901223488	0.0	0.0	0.0	4.84227883603023E-310	-13484.042225536119	1.083679399346981E308	5.77187090772314E307	1.6517908542493812E307	3.555280504436572E307	4.478766530046527E307	9	4	1	4	1
126000	-19291.735251828108	-3593.3057499649585	-15698.42950186315	-3593.3057499649585	3.7557087359599504E307	Infinity	0.8171781921223469	0.5588326221262476	2.017100651211882	0.4240667266618667	0.5588326221262476	2.017100651211882	0.4240667266618667	0.37738513430458137	0.0	0.0	0.0	5.16528704317655E-310	-13483.174970730412	6.671684858577779E307	6.869884511955192E307	3.6595012406683634E307	3.7232290229369953E307	5.510495396605615E307	5	6	5	2	1
127000	-19246.505451994406	-3584.603805211177	-15661.901646783228	-3584.603805211177	9.180549141552178E307	Infinity	0.8171781921223469	0.15659334328595453	2.4193399300521747	0.4240667266618667	0.15659334328595453	2.4193399300521747	0.4240667266618667	0.12380442650072088	0.0	0.0	0.0	1.1535856551751E-310	-13488.800962619345	1.1870865986249465E308	1.2908192611902923E308	9.333269034669428E307	1.0217938208388238E308	3.358100471070517E307	1	12	3	1	2
128000	-19176.56105247375	-3505.1909357301643	-15671.370116743587	-3505.1909357301643	7.241960426832107E307	Infinity	0.8171781921223469	0.15659334328595453	2.4193399300521747	0.4240667266618667	0.15659334328595453	2.4193399300521747	0.4240667266618667	0.17294470653102856	0.0	0.0	0.0	1.5376058344861E-310	-13496.628074477452	1.729077483590045E308	1.105295220824134E308	3.164481638096016E307	2.1900438471334243E307	1.4907045580722182E307	1	15	1	1	1
129000	-19238.616821135605	-3557.902237309578	-15680.714583826028	-3557.902237309578	8.805620426833878E307	Infinity	0.8171781921223469	0.15659334328595453	2.4193399300521747	0.4240667266618667	0.15659334328595453	2.4193399300521747	0.4240667266618667	0.19240566245387708	0.0	0.0	0.0	1.73423572959927E-310	-13499.189950664355	1.1218088365813893E308	1.2654412154262946E308	3.2011772519005667E307	1.6605830926148864E307	6.914396051432868E306	2	14	1	1	1
130000	-19230.999153529596	-3543.622348101961	-15687.376805427633	-3543.622348101961	5.902689277434971E307	Infinity	0.8171781921223469	0.15659334328595453	2.4193399300521747	0.4240667266618667	0.15659334328595453	2.4193399300521747	0.4240667266618667	0.24663109543392606	0.0	0.0	0.0	2.91303797173914E-310	-13484.613654576551	5.654512303760459E307	9.701973696590012E307	7.024442703477203E307	4.6118854927132E307	7.809190635339891E306	1	9	2	6	1
131000	-19386.55100068718	-3681.5173057945076	-15705.033694892674	-3681.5173057945076	5.330664788642384E307	Infinity	0.8171781921223469	0.15659334328595453	2.4193399300521747	0.4240667266618667	0.15659334328595453	2.4193399300521747	0.4240667266618667	0.4074199473713351	0.0	0.0	0.0	1.7644701224239E-310	-13488.333772519336	1.6917753264542594E308	9.881389387524984E307	6.057236857070531E307	7.597914114075723E307	7.295601012784429E307	2	1	9	6	1
132000	-19265.66340358691	-3572.901850460453	-15692.761553126458	-3572.901850460453	6.94259634232232E307	Infinity	0.8171781921223469	0.15659334328595453	2.4193399300521747	0.4240667266618667	0.15659334328595453	2.4193399300521747	0.4240667266618667	0.23492797738698973	0.0	0.0	0.0	2.7920650049432E-310	-13492.529808165387	1.6917753264542594E308	7.827743864149758E307	9.586119371615236E307	7.535884944478721E307	2.845532711673083E307	11	4	1	2	1
133000	-19253.918783812038	-3580.117156747298	-15673.80162706474	-3580.117156747298	4.670109071959366E307	Infinity	0.8171781921223469	0.15659334328595453	2.4193399300521747	0.4240667266618667	0.15659334328595453	2.4193399300521747	0.4240667266618667	0.23259412431129378	0.0	0.0	0.0	4.37297128176547E-310	-13480.947351612787	8.992811242010904E307	5.568583910189402E307	2.2011835160892078E307	7.876265190138751E307	2.752977262161095E307	12	2	2	1	2
134000	-19233.489263663207	-3564.1684145475087	-15669.320849115697	-3564.1684145475087	5.299510001817765E307	Infinity	0.8171781921223469	0.15659334328595453	2.101258418400074	0.742148238313967	0.15659334328595453	2.101258418400074	0.742148238313967	0.15258442745733697	0.0	0.0	0.0	5.9237918523733E-310	-13486.606686347566	7.203839532948181E307	1.237244198223611E308	5.694823389988655E307	2.5865583386693673E307	1.4749738225018094E307	6	6	3	1	3
135000	-19321.62750902684	-3632.5691602508537	-15689.058348775985	-3632.5691602508537	1.3953710803432325E308	Infinity	0.8171781921223469	0.15659334328595453	2.101258418400074	0.742148238313967	0.15659334328595453	2.101258418400074	0.742148238313967	0.15613791460388518	0.0	0.0	0.0	3.78291712642497E-310	-13507.927856950471	7.157641213996392E307	7.229566334597391E307	1.4101764647448435E308	9.707865640041046E307	7.866400295863245E307	1	1	12	1	4
136000	-19288.201171991157	-3620.232969596803	-15667.968202394355	-3620.232969596803	8.808867661961512E307	Infinity	0.8171781921223469	0.15659334328595453	2.101258418400074	0.742148238313967	0.15659334328595453	2.101258418400074	0.742148238313967	0.1582123323623693	0.0	0.0	0.0	8.0415019760737E-311	-13493.91631962929	8.804488381602171E307	8.70819401075538E307	1.0471173764673766E308	6.958142444135655E307	3.9026215411586767E307	2	8	4	3	2
137000	-19261.670632499037	-3592.4085098386295	-15669.26212266041	-3592.4085098386295	1.1901902184121361E308	Infinity	0.8171781921223469	0.48519365898228456	2.101258418400074	0.413547922617637	0.48519365898228456	2.101258418400074	0.413547922617637	0.1654679098276587	0.0	0.0	0.0	4.06022115829487E-310	-13490.142446880678	1.664942530195513E308	1.6492958013745283E308	8.258540548155621E307	7.069339548809132E307	4.908943486800488E307	1	8	2	3	5
138000	-19264.970326291284	-3610.3761561152933	-15654.594170175991	-3610.3761561152933	3.081628984615453E307	Infinity	0.8171781921223469	0.48519365898228456	2.101258418400074	0.413547922617637	0.48519365898228456	2.101258418400074	0.413547922617637	0.14310822630000974	0.0	0.0	0.0	3.4857783071354E-310	-13479.563756118649	4.988568477116624E307	8.153609902273976E307	8.579378776519328E307	2.447153037286611E307	1.0462501974368116E307	5	4	1	7	2
139000	-19200.199340641022	-3547.3739099782124	-15652.82543066281	-3547.3739099782124	8.323571971425657E307	Infinity	0.8171781921223469	0.2172427787448704	2.369209298637488	0.413547922617637	0.2172427787448704	2.369209298637488	0.413547922617637	0.08543239554226635	0.0	0.0	0.0	1.62989720584976E-310	-13495.147685307971	1.6642240079847693E308	9.256508217475633E307	2.456857596455687E307	3.928386551212106E307	8.484826638466768E307	7	2	2	3	5
140000	-19251.23753402983	-3616.8645101396833	-15634.373023890148	-3616.8645101396833	1.1215029928107236E308	Infinity	0.8171781921223469	0.2172427787448704	2.369209298637488	0.413547922617637	0.2172427787448704	2.369209298637488	0.413547922617637	0.061069900891549844	0.0	0.0	0.0	3.08126385951205E-310	-13482.736962649817	1.4171608427538939E308	3.0104683513207916E307	6.576371592694205E307	6.12561363455329E307	3.663624241765061E307	11	2	1	1	4
141000	-19255.070489697933	-3585.127680991594	-15669.94280870634	-3585.127680991594	4.757461457864752E307	Infinity	0.8171781921223469	0.2172427787448704	2.369209298637488	0.413547922617637	0.2172427787448704	2.369209298637488	0.413547922617637	0.1813220091963385	0.0	0.0	0.0	7.907745408325E-310	-13482.548312700656	5.783997630074073E307	9.878040795646914E307	3.9811519755033325E307	3.5099655848427304E307	1.5265926769835448E307	2	5	6	3	3
142000	-19266.11997934698	-3580.7886214108266	-15685.331357936151	-3580.7886214108266	6.027694816166909E307	Infinity	0.8171781921223469	0.2172427787448704	2.369209298637488	0.413547922617637	0.2172427787448704	2.369209298637488	0.413547922617637	0.29403027170224955	0.0	0.0	0.0	4.13587936782636E-310	-13487.91814090539	6.231109522525083E307	6.156510356231902E307	7.258150187460683E307	6.950276881403189E307	4.148011396796583E307	6	1	7	1	4
143000	-19252.046601468217	-3572.3980420705366	-15679.648559397681	-3572.3980420705366	4.840242495053999E307	Infinity	0.8171781921223469	0.2172427787448704	2.369209298637488	0.413547922617637	0.2172427787448704	2.369209298637488	0.413547922617637	0.2667948430866051	0.0	0.0	0.0	4.8109204805513E-310	-13478.270287652802	1.0288704894680334E308	4.83260473888067E307	7.385201814512599E307	6.389697785965836E307	2.506288025431184E307	1	6	3	8	1
144000	-19209.66438240152	-3547.231270680925	-15662.433111720593	-3547.231270680925	1.1363278606680459E308	Infinity	0.8171781921223469	0.2172427787448704	2.369209298637488	0.413547922617637	0.2172427787448704	2.369209298637488	0.413547922617637	0.11067909805187809	0.0	0.0	0.0	1.233458223807E-310	-13494.429852257745	1.2100327560414526E308	7.337390041122357E307	1.537787064565789E308	1.4984983523423866E308	1.1063964298243577E308	3	1	9	3	3
145000	-19303.507315466533	-3637.090827310648	-15666.416488155885	-3637.090827310648	2.787256094317384E307	1.6673960272939351E308	0.8171781921223469	0.2172427787448704	2.369209298637488	0.413547922617637	0.2172427787448704	2.369209298637488	0.413547922617637	0.28576607486770345	5.9230179949528E-310	0.0	0.0	6.2926654405133E-310	-13469.679245089368	4.0061655111120598E307	9.229869018217187E307	9.191615024007704E307	2.0800362945747369E307	8.584704555778179E306	14	1	1	2	1
146000	-19216.092876586812	-3562.095632702041	-15653.997243884773	-3562.095632702041	2.885985195551788E307	1.6819287624260014E308	0.8171781921223469	0.2172427787448704	2.369209298637488	0.413547922617637	0.2172427787448704	2.369209298637488	0.413547922617637	0.18128405885724558	6.63424410958186E-310	0.0	0.0	6.51398467691505E-310	-13474.109594564561	6.502945169448007E307	4.427345720528553E307	4.851125215588843E307	3.400324621473439E307	1.2692162109011573E307	5	4	3	1	6
147000	-19271.280154977423	-3619.471228701985	-15651.808926275438	-3619.471228701985	1.248488455296976E307	9.345311300167187E307	0.8171781921223469	0.2172427787448704	2.369209298637488	0.413547922617637	0.2172427787448704	2.369209298637488	0.413547922617637	0.2511264076155685	1.07352520046689E-309	0.0	0.0	1.17231587337727E-309	-13461.639699261752	6.416492841678782E307	2.770592735396091E307	2.3532857866033054E307	1.1406931376338075E307	8.958305764194455E306	1	3	6	4	5
148000	-19306.484282001507	-3645.881899554362	-15660.602382447145	-3645.881899554362	1.169597909683335E307	9.200885743128356E307	0.8171781921223469	0.2172427787448704	2.369209298637488	0.413547922617637	0.2172427787448704	2.369209298637488	0.413547922617637	0.26038100458429536	7.29178590512274E-310	0.0	0.0	7.29481615271854E-310	-13465.680298580815	1.9099760747442975E307	1.6255141484190336E307	1.470872341645659E307	4.01313756780705E306	6.899688564798189E306	7	4	2	5	1
149000	-19271.898887202966	-3651.8348670348923	-15620.064020168073	-3651.8348670348923	9.11716463792775E306	6.026615638864758E307	0.8171781921223469	0.2172427787448704	2.369209298637488	0.413547922617637	0.2172427787448704	2.369209298637488	0.413547922617637	0.1377377325471176	2.26516583354349E-309	0.0	0.0	2.26928139877617E-309	-13452.544261496894	1.2615311689834913E307	6.442455934269453E306	8.381080991058564E306	1.0780270866909587E307	6.879290055255675E306	6	4	3	5	1
150000	-19253.336676711617	-3584.479188503507	-15668.857488208108	-3584.479188503507	1.551662891244405E307	7.931913392007858E307	0.8171781921223469	0.2172427787448704	2.369209298637488	0.413547922617637	0.2172427787448704	2.369209298637488	0.413547922617637	0.4732659916514109	1.084499984020606E-309	0.0	0.0	1.113755714142E-309	-13455.95873641817	1.1928432569272254E307	5.3644428388755105E306	1.160478068095798E307	7.135095719434446E306	1.2078483960328055E307	7	1	1	2	8
151000	-19241.098751147107	-3566.2518821084764	-15674.846869038629	-3566.2518821084764	3.692123244786943E307	Infinity	0.8171781921223469	0.2172427787448704	2.369209298637488	0.413547922617637	0.2172427787448704	2.369209298637488	0.413547922617637	0.2638161752003618	0.0	0.0	0.0	4.10768785923744E-310	-13476.425299323562	1.4694261299921222E308	1.1955841908683132E308	7.192267147135258E307	2.6533193766447647E307	1.2093101706227228E307	3	3	1	7	5
152000	-19361.05230716864	-3651.967904611272	-15709.08440255737	-3651.967904611272	6.306299466101949E307	Infinity	0.8171781921223469	0.2172427787448704	2.369209298637488	0.413547922617637	0.2172427787448704	2.369209298637488	0.413547922617637	0.446591091850784	0.0	0.0	0.0	3.22867950010686E-310	-13495.148874576827	1.2430989086413644E308	1.2399323351094793E308	8.089297058401197E307	8.244484566014638E307	3.300325951742546E307	6	1	3	4	5
153000	-19363.402515614558	-3658.0282371634685	-15705.374278451089	-3658.0282371634685	5.384019945934449E307	Infinity	0.8171781921223469	0.2172427787448704	2.369209298637488	0.413547922617637	0.2172427787448704	2.369209298637488	0.413547922617637	0.36615950412141385	0.0	0.0	0.0	3.9303613779998E-310	-13493.987901490047	1.2430989086413644E308	1.1086909665896278E308	1.719789267775125E308	8.684637996829253E307	7.489111302568786E307	3	2	5	2	7
154000	-19279.983784617307	-3589.857896078104	-15690.125888539202	-3589.857896078104	1.0002749420894149E308	Infinity	0.8171781921223469	0.2172427787448704	2.369209298637488	0.413547922617637	0.2172427787448704	2.369209298637488	0.413547922617637	0.25128577053798506	0.0	0.0	0.0	2.74492232465696E-310	-13491.605318950982	1.7199529741270679E308	1.305044975099954E308	6.819197417830118E307	6.645554239020566E307	3.9234085266250327E307	5	1	5	7	1
155000	-19299.481844295613	-3595.700856029582	-15703.78098826603	-3595.700856029582	1.1261463788837384E308	Infinity	0.8171781921223469	0.2172427787448704	2.369209298637488	0.413547922617637	0.2172427787448704	2.369209298637488	0.413547922617637	0.2666344512378662	0.0	0.0	0.0	1.40862984014186E-310	-13495.044500928154	8.664451651987297E307	1.4157963374024226E308	9.525118056315417E307	4.1063789941381833E307	3.598372255527148E307	5	9	1	3	1
156000	-19197.778793027654	-3528.834504048856	-15668.944288978797	-3528.834504048856	2.411642689965526E307	Infinity	0.8171781921223469	0.2172427787448704	2.369209298637488	0.413547922617637	0.2172427787448704	2.369209298637488	0.413547922617637	0.22069206009982809	0.0	0.0	0.0	5.7934115273752E-310	-13478.611786592728	5.24521042670739E307	4.774483256742957E307	4.700414423149895E307	3.042716225345497E307	1.4339009715973946E307	1	7	3	5	3
157000	-19261.190437876423	-3579.195263668261	-15681.995174208163	-3579.195263668261	3.823959123414469E307	Infinity	0.8171781921223469	0.2172427787448704	2.369209298637488	0.413547922617637	0.2172427787448704	2.369209298637488	0.413547922617637	0.21768736858019272	0.0	0.0	0.0	2.89571097501586E-310	-13483.396429244263	1.3775316414719133E308	1.6773630984170065E308	5.363760959961028E307	4.614805553443662E307	1.713161034265558E307	2	3	6	5	3
158000	-19245.16758191974	-3580.6135418813174	-15664.554040038425	-3580.6135418813174	4.3290759998471826E307	Infinity	0.8171781921223469	0.2172427787448704	2.369209298637488	0.413547922617637	0.2172427787448704	2.369209298637488	0.413547922617637	0.18477145782271515	0.0	0.0	0.0	3.66500154047597E-310	-13486.063328026285	1.3775316414719133E308	9.621422402499296E307	7.89304141906715E307	3.658714127170716E307	5.902955312050687E307	1	3	3	5	7
159000	-19287.949717320567	-3639.5863320844414	-15648.363385236127	-3639.5863320844414	2.42682752080984E307	Infinity	0.8171781921223469	0.2172427787448704	2.369209298637488	0.413547922617637	0.2172427787448704	2.369209298637488	0.413547922617637	0.13602879834632586	0.0	0.0	0.0	3.16901413158952E-310	-13474.861419151539	1.6607403840426606E308	6.451306056029331E307	4.3027598869479235E307	1.1123587779393834E307	2.92016998582791E306	1	1	10	6	1
160000	-19244.508747484506	-3601.9872405517604	-15642.521506932744	-3601.9872405517604	2.1908375016027217E307	1.4604997946738469E308	0.8171781921223469	0.2172427787448704	2.369209298637488	0.413547922617637	0.2172427787448704	2.369209298637488	0.413547922617637	0.16356560674964724	9.28701733992823E-310	0.0	0.0	9.26876709137264E-310	-13468.64622956475	1.7555522281097324E308	9.624622318709991E307	2.4201628015051866E307	1.2902826683906242E307	9.837251348972325E306	1	1	12	4	1
161000	-19281.020462731838	-3598.018219809417	-15683.002242922421	-3598.018219809417	5.975548709716481E307	Infinity	0.8171781921223469	0.2172427787448704	2.369209298637488	0.413547922617637	0.2172427787448704	2.369209298637488	0.413547922617637	0.23083243216756077	0.0	0.0	0.0	3.68555977277777E-310	-13488.951646570611	1.458652884376904E308	1.1239448511155394E308	6.306949668945748E307	7.303389983349954E307	3.834820962071838E307	6	2	4	4	3
162000	-19313.833050763606	-3604.773179347738	-15709.059871415868	-3604.773179347738	4.908631418007102E307	Infinity	0.8171781921223469	0.2172427787448704	2.369209298637488	0.413547922617637	0.2172427787448704	2.369209298637488	0.413547922617637	0.45144802070536627	0.0	0.0	0.0	3.5313883627486E-310	-13489.778410254963	1.6463764504268946E308	1.7032204504759078E308	7.683759004215396E307	7.467842084640822E307	3.494279380337011E307	8	1	4	3	3
163000	-19312.727122468077	-3649.450244909562	-15663.276877558514	-3649.450244909562	1.9519022168954444E307	1.3285547046119419E308	0.8171781921223469	0.6507788959772582	1.9356731814051005	0.413547922617637	0.6507788959772582	1.9356731814051005	0.413547922617637	0.24036837081428494	5.53777285427576E-310	0.0	0.0	5.681289274087E-310	-13467.802434732079	4.0605788732191947E307	1.6592213517947341E308	6.478370833087373E307	2.085731483933061E307	6.219335196663994E306	5	1	1	7	5
164000	-19264.885240105243	-3602.8150780170117	-15662.070162088232	-3602.8150780170117	2.8838584456653486E307	Infinity	0.8171781921223469	0.6507788959772582	1.9356731814051005	0.413547922617637	0.6507788959772582	1.9356731814051005	0.413547922617637	0.24711518122283999	0.0	0.0	0.0	6.58146047774106E-310	-13475.386737385716	7.824781682559082E307	3.538670279771797E307	2.9618033868466397E307	1.7552970791073588E307	3.53944008224056E307	6	1	7	4	1
165000	-19301.487899367963	-3648.993547000771	-15652.494352367192	-3648.993547000771	1.7592621478763912E307	1.124022342209283E308	0.8171781921223469	0.6507788959772582	1.9356731814051005	0.413547922617637	0.6507788959772582	1.9356731814051005	0.413547922617637	0.2308092437874202	1.167035129051586E-309	0.0	0.0	1.1308442029254E-309	-13460.234588256715	6.966389114948194E307	6.8870289807626E307	1.444499360075399E307	1.3151836739433738E307	6.978629725450028E306	3	1	3	10	2
166000	-19365.38561858248	-3696.3613147623346	-15669.024303820146	-3696.3613147623346	2.978093667475249E307	1.1790696182556043E308	0.8171781921223469	0.26720045834928186	2.3192516190330768	0.413547922617637	0.26720045834928186	2.3192516190330768	0.413547922617637	0.418711027237357	1.44888769207134E-309	0.0	0.0	1.485475104122293E-309	-13459.725968108929	6.571824254115875E307	9.04172460873071E307	2.943472752156655E307	1.3151836739433738E307	1.3924972756841653E307	3	1	2	11	2
167000	-19272.6561446205	-3650.70482038724	-15621.951324233261	-3650.70482038724	7.50748973475232E306	6.613283669538858E307	0.8171781921223469	0.26720045834928186	2.3192516190330768	0.413547922617637	0.26720045834928186	2.3192516190330768	0.413547922617637	0.12998031138019223	1.90699991125401E-309	0.0	0.0	1.956400938662304E-309	-13457.425695309306	8.295087491435111E307	3.7139111135446614E307	1.6760069663862863E307	2.2320489921366775E307	7.74128361290088E306	2	1	1	7	8
168000	-19313.437757660187	-3635.999408250367	-15677.43834940982	-3635.999408250367	1.2443747563072538E307	1.0326224273380955E308	0.8171781921223469	0.26720045834928186	2.3192516190330768	0.413547922617637	0.26720045834928186	2.3192516190330768	0.413547922617637	0.395308247985937	5.7656369485874E-310	0.0	0.0	5.53109789593604E-310	-13460.651453831406	8.423142362124363E307	3.3555390140913144E307	5.691513849243917E306	1.161606033434088E307	4.5948468112509384E306	8	1	1	1	8
169000	-19348.611031197484	-3695.778578447821	-15652.832452749664	-3695.778578447821	1.751366879878919E307	1.383956284673253E308	0.8171781921223469	0.26720045834928186	2.3192516190330768	0.413547922617637	0.26720045834928186	2.3192516190330768	0.413547922617637	0.21633108180977928	9.2036249473797E-310	0.0	0.0	9.17819035099715E-310	-13464.281813296042	5.528222090647599E307	4.153572210227451E307	1.4350490420197244E307	6.060364802742109E306	2.1894625402630287E306	7	2	1	8	1
170000	-19290.580732904345	-3652.4869269751052	-15638.093805929238	-3652.4869269751052	4.2796130753418203E306	3.2069788423811867E307	0.8171781921223469	0.11019054852236201	2.3192516190330768	0.5705578324445568	0.11019054852236201	2.3192516190330768	0.5705578324445568	0.28643312830111817	4.180992475048055E-309	0.0	0.0	4.07317504481646E-309	-13444.668928175864	1.0394426855753938E307	6.472762119483456E306	6.578479501433253E306	3.70046334011085E306	1.870662167971687E306	7	2	4	5	1
171000	-19303.8983116462	-3686.590918433964	-15617.307393212237	-3686.590918433964	4.643306568711946E306	3.712256559880834E307	0.8171781921223469	0.11019054852236201	2.3192516190330768	0.5705578324445568	0.11019054852236201	2.3192516190330768	0.5705578324445568	0.15786595836880732	5.58693151494154E-309	0.0	0.0	5.50035276852591E-309	-13444.318144391398	3.2247616323550203E307	5.499250209751376E306	4.5390558862124735E306	2.1705051504477065E306	1.4073116197528884E306	9	2	3	3	2
172000	-19273.90056667935	-3668.945367555819	-15604.955199123531	-3668.945367555819	3.40154576377418E306	3.0238396462606763E307	0.8171781921223469	0.11019054852236201	2.3192516190330768	0.5705578324445568	0.11019054852236201	2.3192516190330768	0.5705578324445568	0.15786595836880732	4.534516109273344E-309	0.0	0.0	4.68764925804558E-309	-13436.254871195018	1.572286057548698E307	3.163738543835115E306	9.352836268076404E305	1.2415817655814055E306	1.3022186496753132E306	10	2	4	2	1
173000	-19254.180997190768	-3620.12118041964	-15634.059816771127	-3620.12118041964	5.5769846337622885E306	4.681933397693453E307	0.8171781921223469	0.11019054852236201	2.3192516190330768	0.5705578324445568	0.11019054852236201	2.3192516190330768	0.5705578324445568	0.19665601136067573	2.805825206216737E-309	0.0	0.0	2.84340507504453E-309	-13449.499851744016	7.488401906123335E307	1.1617477703097984E307	9.321495379361394E306	5.348936390434538E306	3.451128160718697E306	4	8	1	2	4
174000	-19230.941098604515	-3580.3949662502378	-15650.546132354277	-3580.3949662502378	1.794287115040296E307	1.223557799093449E308	0.8171781921223469	0.11019054852236201	2.3192516190330768	0.5705578324445568	0.11019054852236201	2.3192516190330768	0.5705578324445568	0.1881783334609902	1.014495534039173E-309	0.0	0.0	9.89288959435555E-310	-13470.36649312231	5.980779864310511E307	2.694417949289256E307	1.77637501813081E307	1.1349870524797178E307	8.912428656580798E306	3	4	7	1	4
175000	-19286.07101315297	-3639.925687752213	-15646.145325400757	-3639.925687752213	2.206543420874775E307	1.4354541024472092E308	0.8171781921223469	0.11019054852236201	2.3192516190330768	0.5705578324445568	0.11019054852236201	2.3192516190330768	0.5705578324445568	0.1511570290210858	6.9985553252109E-310	0.0	0.0	7.09713139407853E-310	-13468.703508255252	1.2753462026297544E308	1.1109833815181438E308	4.2771765426123935E307	3.061787257467379E307	1.5199683598607854E307	1	1	3	8	6
176000	-19292.849604997962	-3628.643868640747	-15664.205736357215	-3628.643868640747	4.3615528753037254E307	Infinity	0.8171781921223469	0.11019054852236201	2.3192516190330768	0.5705578324445568	0.11019054852236201	2.3192516190330768	0.5705578324445568	0.19768557630310366	0.0	0.0	0.0	3.52599735034E-310	-13479.662809894136	1.6197437568170506E308	1.3286433251170567E308	4.2771765426123935E307	2.949539049417033E307	1.3434115956897937E307	5	3	6	3	2
177000	-19549.868852498203	-3865.9963169156895	-15683.872535582514	-3865.9963169156895	3.569005064820482E307	Infinity	0.8171781921223469	0.11019054852236201	2.3192516190330768	0.5705578324445568	0.11019054852236201	2.3192516190330768	0.5705578324445568	0.22912361655032867	0.0	0.0	0.0	3.59234411313966E-310	-13487.369342350983	8.369760846224848E307	7.711372239209565E307	3.834024835447411E307	2.8234856398039027E307	1.5936270528462702E307	3	7	1	4	4
178000	-19529.450306988125	-3838.8588491045616	-15690.591457883564	-3838.8588491045616	2.711483350899955E307	Infinity	0.8171781921223469	0.11019054852236201	2.3192516190330768	0.5705578324445568	0.11019054852236201	2.3192516190330768	0.5705578324445568	0.3919598303783221	0.0	0.0	0.0	1.292655037209815E-309	-13483.546297152008	1.691433804174087E308	1.0908503871181304E308	2.68605215219337E307	1.8020731394949606E307	1.84589222875792E307	7	4	1	3	4
179000	-19465.20918520259	-3794.8486560945967	-15670.360529107997	-3794.8486560945967	2.2238698094132205E307	1.6580481902071163E308	0.8171781921223469	0.11019054852236201	2.3192516190330768	0.5705578324445568	0.11019054852236201	2.3192516190330768	0.5705578324445568	0.31002904704340195	1.38493836677374E-309	0.0	0.0	1.421479228092927E-309	-13473.253861748244	7.45503635843566E307	4.531803161655384E307	4.4298706910060314E307	1.6241828231194564E307	6.990383589689958E306	1	8	1	7	2
180000	-19373.260668636125	-3714.25124522157	-15659.009423414556	-3714.25124522157	2.2455681596332685E307	1.6081807212084135E308	0.8171781921223469	0.11019054852236201	2.3192516190330768	0.5705578324445568	0.11019054852236201	2.3192516190330768	0.5705578324445568	0.1668337088251815	7.83005045913383E-310	0.0	0.0	8.4895331706965E-310	-13470.972970830071	7.167937801150837E307	2.5094689840363217E307	4.4531265336408885E306	7.464758223333589E306	2.469941527349849E307	8	6	1	1	3
181000	-19263.540263188162	-3597.2872430010266	-15666.253020187136	-3597.2872430010266	1.3801623280336377E307	6.808372831203872E307	0.8171781921223469	0.11019054852236201	2.3192516190330768	0.5705578324445568	0.11019054852236201	2.3192516190330768	0.5705578324445568	0.3542951844482403	9.1548870332303E-310	0.0	0.0	8.3095397828468E-310	-13454.714968506378	3.853032219136986E307	2.454871765166384E307	6.091905816992776E306	8.290210100325133E306	8.393718179227141E306	4	4	4	1	6
182000	-19275.352525184164	-3656.7400303335667	-15618.612494850597	-3656.7400303335667	1.8500711566548487E307	8.873614822689219E307	0.8171781921223469	0.11019054852236201	2.3192516190330768	0.5705578324445568	0.11019054852236201	2.3192516190330768	0.5705578324445568	0.12453607604165808	8.3224471502214E-310	0.0	0.0	8.08772717352606E-310	-13459.007628360845	5.391177311631799E307	2.8655305500665764E307	1.1153673554123666E307	4.941821940022264E306	5.934772057632172E306	3	2	7	6	1
183000	-19344.73644188819	-3681.6619689454456	-15663.074472942748	-3681.6619689454456	2.24355563419418E307	1.704664702182455E308	0.8171781921223469	0.11019054852236201	2.3192516190330768	0.5705578324445568	0.11019054852236201	2.3192516190330768	0.5705578324445568	0.2162038362928116	1.169861552856905E-309	0.0	0.0	1.186049363400596E-309	-13473.024646858607	8.877236642560162E307	3.630848653710079E307	3.3106736149279046E307	1.7880042240533386E307	9.605375147923758E306	6	2	2	3	6
184000	-19353.59700244869	-3685.4206813908836	-15668.176321057806	-3685.4206813908836	1.6267586164044744E307	1.1170619856909586E308	0.8171781921223469	0.11019054852236201	2.3192516190330768	0.5705578324445568	0.11019054852236201	2.3192516190330768	0.5705578324445568	0.30822078069857867	1.21321996331074E-309	0.0	0.0	1.20587882252568E-309	-13466.354713149609	1.5669965245250163E308	2.797140459323054E307	2.2870394545515033E307	1.6768645911413597E307	1.7403163845783388E307	5	3	3	2	6
185000	-19282.735663163017	-3593.5788742062437	-15689.156788956774	-3593.5788742062437	1.687423613528483E307	1.6957250920275777E308	0.8171781921223469	0.11019054852236201	2.3192516190330768	0.5705578324445568	0.11019054852236201	2.3192516190330768	0.5705578324445568	0.30394258901163634	7.12783094429083E-310	0.0	0.0	6.2516903304226E-310	-13474.015705651185	1.1298357750099742E308	5.160771894489836E307	1.1957196181307933E308	5.627091032521857E307	1.8704990865551297E307	1	4	6	1	7
186000	-19394.139588011414	-3665.7994256190923	-15728.340162392324	-3665.7994256190923	8.553159755394441E307	Infinity	0.8171781921223469	0.11019054852236201	2.3192516190330768	0.5705578324445568	0.11019054852236201	2.3192516190330768	0.5705578324445568	0.5746038495280744	0.0	0.0	0.0	1.6130875227083E-310	-13490.115359239133	1.4709494890591207E308	7.677154516663473E307	1.6308294706140942E308	1.4967741542323248E308	5.647176673185128E307	1	4	3	5	6
187000	-19268.18198072925	-3586.600914134328	-15681.581066594921	-3586.600914134328	9.977034700922987E307	Infinity	0.8171781921223469	0.11019054852236201	2.3192516190330768	0.5705578324445568	0.11019054852236201	2.3192516190330768	0.5705578324445568	0.2023056339648903	0.0	0.0	0.0	2.68258569231807E-310	-13485.901314410452	1.4709494890591207E308	1.0697585254679908E308	7.160080566806548E307	5.711533561632073E307	5.431593926531502E307	1	1	3	10	4
188000	-19302.389362905	-3601.204816210395	-15701.184546694605	-3601.204816210395	3.82514514969767E307	Infinity	0.8171781921223469	0.11019054852236201	2.3192516190330768	0.5705578324445568	0.11019054852236201	2.3192516190330768	0.5705578324445568	0.4796682370372272	0.0	0.0	0.0	7.2192004476566E-310	-13478.670256059833	8.758571730828415E307	6.786125948695827E307	2.442551307709593E307	1.1382884821993462E307	6.074162088522905E306	1	4	11	2	1
189000	-19274.175352307866	-3602.099502787361	-15672.075849520505	-3602.099502787361	3.648493109352747E307	Infinity	0.8171781921223469	0.11019054852236201	2.3192516190330768	0.5705578324445568	0.11019054852236201	2.3192516190330768	0.5705578324445568	0.21149334846746798	0.0	0.0	0.0	5.88120807370337E-310	-13483.621160905233	1.0001972880957366E308	7.312542032364954E307	2.050536055677613E307	5.726805771940143E306	9.778292398437508E306	6	9	2	1	1
190000	-19361.380736123865	-3712.968394492175	-15648.412341631689	-3712.968394492175	1.2949909976925952E307	6.985190630855424E307	0.8171781921223469	0.11019054852236201	2.3192516190330768	0.5705578324445568	0.11019054852236201	2.3192516190330768	0.5705578324445568	0.22239583250693218	1.99189193738045E-309	0.0	0.0	2.06902857767109E-309	-13459.200479581043	1.496968628062163E308	9.199059583169034E307	3.273708757914299E307	1.4501118823192656E307	1.2163365179445045E307	1	1	10	3	4
191000	-19347.37798972441	-3699.619645574379	-15647.75834415003	-3699.619645574379	1.8909473980685046E307	1.3526998384145706E308	0.8171781921223469	0.11019054852236201	2.3192516190330768	0.5705578324445568	0.11019054852236201	2.3192516190330768	0.5705578324445568	0.1558250724881094	5.8938143211426E-310	0.0	0.0	6.00787435532433E-310	-13469.142926959801	8.323700262645751E307	3.840058678886693E307	2.1668086745838397E307	1.3877623942580175E307	2.526040929369863E307	1	8	7	2	1
192000	-19424.646677588986	-3748.7707341424625	-15675.875943446523	-3748.7707341424625	3.8677528957933277E307	Infinity	0.8171781921223469	0.3511913260662969	2.078250841489142	0.5705578324445568	0.3511913260662969	2.078250841489142	0.5705578324445568	0.29366317584084256	0.0	0.0	0.0	2.71831796112666E-310	-13481.552617487809	1.6316152098996884E308	1.1724094712355847E308	7.600723708797293E307	2.4558787982630546E307	2.0978284052876287E307	1	5	2	5	6
193000	-19250.06247217518	-3594.7827003122657	-15655.279771862917	-3594.7827003122657	1.9243842797468616E307	1.159414845498301E308	0.8171781921223469	0.3511913260662969	2.078250841489142	0.5705578324445568	0.3511913260662969	2.078250841489142	0.5705578324445568	0.21086167075283452	1.51941811615261E-309	0.0	0.0	1.600253232923446E-309	-13467.310295165236	8.950753470851982E307	1.4917439508150897E308	6.912676886300676E307	1.7222884996789455E307	6.088428894537215E306	2	3	2	8	4
194000	-19365.06918894398	-3704.1846073637635	-15660.884581580216	-3704.1846073637635	1.6171492028837493E307	1.51468843607796E308	0.8171781921223469	0.3511913260662969	2.078250841489142	0.5705578324445568	0.3511913260662969	2.078250841489142	0.5705578324445568	0.24754461405869044	7.3577597483718E-310	0.0	0.0	7.3265263592324E-310	-13470.01613033752	1.1279440042252881E308	2.4981378609121834E307	2.8184889671144446E307	1.6975964840292523E307	1.1011281860395727E307	5	3	4	5	2
195000	-19351.14343414267	-3666.272204156957	-15684.87122998571	-3666.272204156957	6.472312313914796E307	Infinity	0.8171781921223469	0.3511913260662969	2.078250841489142	0.5705578324445568	0.3511913260662969	2.078250841489142	0.5705578324445568	0.24586526509562362	0.0	0.0	0.0	1.78261566885267E-310	-13488.532086534584	1.1279440042252881E308	8.137018060789987E307	1.3306665981388904E308	7.908645393052105E307	2.743623166058483E307	6	8	1	2	2
196000	-19304.076781968095	-3625.1478853702097	-15678.928896597887	-3625.1478853702097	1.3391954320073831E308	Infinity	0.8171781921223469	0.8059925849318113	2.078250841489142	0.11575657357904245	0.8059925849318113	2.078250841489142	0.11575657357904245	0.18755815433893458	0.0	0.0	0.0	2.12860405755255E-310	-13496.751876246866	8.895380884723343E307	7.223330363810232E307	1.049210165257696E308	7.782776147869175E307	1.0340285198694454E308	1	3	9	5	1
197000	-19289.62593777014	-3634.012685836361	-15655.613251933777	-3634.012685836361	3.741604418528426E307	Infinity	0.8171781921223469	0.8059925849318113	2.078250841489142	0.11575657357904245	0.8059925849318113	2.078250841489142	0.11575657357904245	0.13609795169884809	0.0	0.0	0.0	5.5209912707507E-310	-13486.145500783812	8.193822711882596E307	4.63311966227022E307	4.655401343589803E307	1.8973075495857877E307	1.904782320406028E307	1	4	8	1	5
198000	-19470.61366533697	-3825.021011754965	-15645.592653582002	-3825.021011754965	1.3617597865783592E307	9.546958403930926E307	0.8171781921223469	0.8059925849318113	2.078250841489142	0.11575657357904245	0.8059925849318113	2.078250841489142	0.11575657357904245	0.20188105668298154	3.401807822459374E-309	0.0	0.0	3.443215479660023E-309	-13463.337418206842	6.130612516370831E307	3.501804198361112E307	1.6865440486094068E307	1.5837064431057867E307	1.5459089456820483E307	3	5	2	7	2
199000	-19462.451269659632	-3825.507483921893	-15636.943785737738	-3825.507483921893	8.84621827568841E306	6.054881207622768E307	0.8171781921223469	0.8059925849318113	2.078250841489142	0.11575657357904245	0.8059925849318113	2.078250841489142	0.11575657357904245	0.19008940034137606	1.35710085280607E-309	0.0	0.0	1.44208014202523E-309	-13454.925033221793	8.111047315652617E307	3.557791561935267E307	2.2051749350936874E307	7.941839331620897E306	6.466890041254119E306	1	3	5	6	4
200000	-19268.557009989865	-3600.628404468428	-15667.928605521436	-3600.628404468428	6.157926884756578E307	Infinity	0.8171781921223469	0.8059925849318113	1.8765166571684542	0.31749075789973036	0.8059925849318113	1.8765166571684542	0.31749075789973036	0.19940228293253673	0.0	0.0	0.0	4.122735546501E-310	-13479.337101627183	6.891726350018702E307	2.570107195400053E307	7.204792621362199E307	3.2990400525264377E307	2.0374382417922667E307	1	1	7	8	2
201000	-19347.147870102628	-3663.473855216285	-15683.674014886343	-3663.473855216285	4.85503190311842E307	Infinity	0.8171781921223469	0.8059925849318113	1.8765166571684542	0.31749075789973036	0.8059925849318113	1.8765166571684542	0.31749075789973036	0.1991373466505993	0.0	0.0	0.0	2.1298137598829E-310	-13490.264643281651	1.5619018243106902E308	1.1902842308938486E308	9.377947374355287E307	1.048455970904503E308	2.8089111407199704E307	6	6	1	4	2
202000	-19307.91612807034	-3664.00772057026	-15643.908407500081	-3664.00772057026	2.5400562808946723E307	1.6980697643879585E308	0.8171781921223469	0.8059925849318113	1.8765166571684542	0.31749075789973036	0.8059925849318113	1.8765166571684542	0.31749075789973036	0.14403197518537234	1.46049620517503E-309	0.0	0.0	1.431198054923236E-309	-13470.134923970661	8.017505233587769E307	7.288704406076649E307	2.3391328354528965E307	4.156946987075619E307	9.296987499052718E306	3	1	2	7	6
203000	-19470.338354249674	-3780.578893814169	-15689.759460435504	-3780.578893814169	8.792497987932077E307	Infinity	0.8171781921223469	0.8059925849318113	1.5077933512047248	0.6862140638634598	0.8059925849318113	1.5077933512047248	0.6862140638634598	0.2571612755256078	0.0	0.0	0.0	4.7753948991439E-310	-13490.127179264264	1.4135324454556841E308	7.351564000055014E307	5.854989268978306E307	6.012866228452496E307	6.363255601451527E307	1	1	4	1	12
204000	-19277.565009545084	-3592.001434561719	-15685.563574983365	-3592.001434561719	7.143028801328657E307	Infinity	0.8171781921223469	0.8059925849318113	1.5077933512047248	0.6862140638634598	0.8059925849318113	1.5077933512047248	0.6862140638634598	0.22186304988563796	0.0	0.0	0.0	1.45593811469433E-310	-13492.01056989819	5.919254127406734E307	1.297866019937722E308	8.081210492087531E307	1.7064493458236816E308	9.010562661734012E307	1	1	2	6	9
205000	-19299.866187016425	-3610.3864589662858	-15689.479728050139	-3610.3864589662858	5.476938389166255E307	Infinity	0.8171781921223469	0.8059925849318113	1.5077933512047248	0.6862140638634598	0.8059925849318113	1.5077933512047248	0.6862140638634598	0.23602823810459012	0.0	0.0	0.0	3.28285632655326E-310	-13490.210585615143	7.819043742414122E307	4.592493011383242E307	8.113765103891843E307	6.966064005696981E307	6.480105504903295E307	1	4	4	1	9
206000	-19304.445975959195	-3614.616038678805	-15689.82993728039	-3614.616038678805	6.991134740147914E307	Infinity	0.8171781921223469	0.8059925849318113	1.5077933512047248	0.6862140638634598	0.8059925849318113	1.5077933512047248	0.6862140638634598	0.3117749599508093	0.0	0.0	0.0	2.93124852183437E-310	-13489.01341904219	5.890546541735751E307	7.935402840911889E307	1.6016199045580182E308	1.5453538952638853E308	4.202087505348696E307	2	9	2	3	3
207000	-19315.92603441659	-3638.684473045294	-15677.241561371296	-3638.684473045294	8.080923118049799E307	Infinity	0.8171781921223469	0.8059925849318113	1.5077933512047248	0.6862140638634598	0.8059925849318113	1.5077933512047248	0.6862140638634598	0.18709351967666776	0.0	0.0	0.0	1.9472739004369E-310	-13489.807007294025	4.888553857734317E307	3.190581817530077E307	5.214115144001788E307	1.4045659294835342E308	7.891816582823016E307	5	1	1	8	4
208000	-19282.683202675027	-3645.803821399307	-15636.879381275721	-3645.803821399307	1.0362957355992331E307	6.645935510748961E307	0.8171781921223469	0.8059925849318113	1.5077933512047248	0.6862140638634598	0.8059925849318113	1.5077933512047248	0.6862140638634598	0.1713367563766992	1.59573858289993E-309	0.0	0.0	1.537003406191143E-309	-13457.08081152219	3.056980711524331E307	2.005367978743406E307	1.3283667468923014E307	7.407381412693997E306	6.158432034515259E306	4	7	5	2	1
209000	-19245.937039475022	-3605.559727625479	-15640.377311849545	-3605.559727625479	8.905084132539762E306	6.693493780929009E307	0.8171781921223469	0.8059925849318113	1.5077933512047248	0.6862140638634598	0.8059925849318113	1.5077933512047248	0.6862140638634598	0.21522978477543636	2.50194302319932E-309	0.0	0.0	2.73646929661891E-309	-13457.288576417675	2.0022909457822557E307	1.8983293279770047E307	2.0833104296302217E307	9.96938026329767E306	3.254830396177915E306	3	3	10	2	1
210000	-19294.483078701836	-3645.4080687059945	-15649.075009995842	-3645.4080687059945	4.776069407197605E307	1.4555014109993935E308	0.8171781921223469	0.8059925849318113	1.5077933512047248	0.6862140638634598	0.8059925849318113	1.5077933512047248	0.6862140638634598	0.17811917910744415	1.46498575806546E-309	0.0	0.0	1.5745014997504E-309	-13459.35425031012	1.908241006079774E307	1.6497253159352974E307	1.7501432260018464E307	2.983245385925433E307	2.514314841620383E307	6	6	3	2	2
211000	-19341.249476360834	-3672.722806789985	-15668.526669570849	-3672.722806789985	2.215631951159525E307	1.293650291740342E308	0.8171781921223469	0.27367533552124557	1.5077933512047248	1.2185313132740254	0.27367533552124557	1.5077933512047248	1.2185313132740254	0.27107889792438594	8.9200579598213E-310	0.0	0.0	8.708778560551E-310	-13469.682018736608	1.119700605347785E308	4.558233797238245E307	2.896948470309377E307	1.3533338224630624E307	1.0216104751437332E307	4	4	1	9	1
212000	-19432.94375923096	-3767.669734054994	-15665.274025175964	-3767.669734054994	3.29416552428918E307	Infinity	0.8171781921223469	0.27367533552124557	1.5077933512047248	1.2185313132740254	0.27367533552124557	1.5077933512047248	1.2185313132740254	0.18829485975298138	0.0	0.0	0.0	9.2179238878101E-310	-13478.750496719558	6.444015774839057E307	2.2860463354085267E307	3.0733581015901037E307	3.300810554848935E307	2.073283548068241E307	7	7	3	1	1
213000	-19324.19725717028	-3684.8428291296773	-15639.3544280406	-3684.8428291296773	5.969435142685774E307	Infinity	0.8171781921223469	0.27367533552124557	1.5077933512047248	1.2185313132740254	0.27367533552124557	1.5077933512047248	1.2185313132740254	0.07015363560690714	0.0	0.0	0.0	2.1952571618075E-310	-13490.299319458289	1.0844197073331347E308	1.054650428525707E308	1.0632729642576788E308	9.61481511645236E307	4.966680285279324E307	2	5	2	7	3
214000	-19247.194621745883	-3571.7666341707823	-15675.4279875751	-3571.7666341707823	4.3489390227204554E307	Infinity	0.8171781921223469	0.27367533552124557	1.5077933512047248	1.2185313132740254	0.27367533552124557	1.5077933512047248	1.2185313132740254	0.2145568621253286	0.0	0.0	0.0	6.7988209717026E-310	-13476.792810979197	1.7474367329182162E308	1.0233398848922274E308	3.7855111625597704E307	2.370704704830694E307	2.8492212207765976E307	1	1	11	2	4
215000	-19224.911874512753	-3542.1011310818603	-15682.810743430893	-3542.1011310818603	6.122056142449393E307	Infinity	0.8171781921223469	0.7539652949845259	1.5077933512047248	0.7382413538107451	0.7539652949845259	1.5077933512047248	0.7382413538107451	0.22384846949894874	0.0	0.0	0.0	4.3855710916599E-310	-13485.889421878735	3.810919822779743E307	4.479919537254019E307	2.983474418301993E307	5.810639818595756E307	6.331032716325333E307	2	8	2	4	3
216000	-19329.123151800795	-3662.3533086530933	-15666.769843147702	-3662.3533086530933	6.371513639784662E307	Infinity	0.8171781921223469	0.7539652949845259	1.5077933512047248	0.7382413538107451	0.7539652949845259	1.5077933512047248	0.7382413538107451	0.17997727245799605	0.0	0.0	0.0	4.31411191970184E-310	-13481.312579660085	1.2657651674370885E308	5.117286167284688E307	8.833574686996912E307	3.552167945630324E307	5.912034660077761E307	6	5	1	5	2
217000	-19302.583065470255	-3615.2046905481793	-15687.378374922077	-3615.2046905481793	2.0376603266551077E307	1.7713269927780328E308	0.8171781921223469	0.7539652949845259	1.5077933512047248	0.7382413538107451	0.7539652949845259	1.5077933512047248	0.7382413538107451	0.37726839032298465	1.29027695229314E-309	0.0	0.0	1.4802674924206E-309	-13475.209356971565	1.2657651674370885E308	8.501260836036276E307	5.900027637379762E307	2.208013134806616E307	8.753676275920704E306	3	5	4	4	3
218000	-19276.579189027736	-3621.625086154805	-15654.95410287293	-3621.625086154805	2.2638504060479116E307	Infinity	0.8171781921223469	0.7539652949845259	2.0475486098507636	0.19848609516470617	0.7539652949845259	2.0475486098507636	0.19848609516470617	0.1333006446610785	0.0	0.0	0.0	5.61728202309423E-310	-13477.844813885204	6.170954848963324E307	4.98402339160626E307	3.067970105220528E307	2.6449739628074576E307	3.548951016926255E306	8	1	8	1	1
219000	-19298.34923199019	-3635.8537514698546	-15662.495480520334	-3635.8537514698546	2.2321758192411715E307	Infinity	0.8171781921223469	0.7539652949845259	2.0475486098507636	0.19848609516470617	0.7539652949845259	2.0475486098507636	0.19848609516470617	0.19956077680891854	0.0	0.0	0.0	7.72488224044804E-310	-13475.529113919863	1.014716028557334E308	3.209197327895285E307	2.8337067737244474E307	9.516628235684421E306	2.9874921526746455E306	10	1	5	1	2
220000	-19273.80149298511	-3620.166503807049	-15653.634989178061	-3620.166503807049	1.9324688289003976E307	1.5871135596568695E308	0.8171781921223469	0.7539652949845259	2.0475486098507636	0.19848609516470617	0.7539652949845259	2.0475486098507636	0.19848609516470617	0.2157055377135217	9.95268035159957E-310	0.0	0.0	9.98232855349853E-310	-13471.873190677408	8.580453652094249E307	3.565852528419363E307	1.6735116039474702E307	8.193471996515065E306	2.794717081366432E306	5	9	3	1	1
221000	-19281.5247710586	-3642.8867547236	-15638.638016335002	-3642.8867547236	5.833536369003683E307	Infinity	0.8171781921223469	0.7539652949845259	2.0475486098507636	0.19848609516470617	0.7539652949845259	2.0475486098507636	0.19848609516470617	0.06720533178620278	0.0	0.0	0.0	2.833894937572E-310	-13484.962586958727	7.488876741013645E307	3.570716208892965E307	7.631451872924399E307	9.251629120435858E307	4.1889496853967515E307	7	2	1	2	7
222000	-19315.33685980811	-3642.0143641195878	-15673.322495688522	-3642.0143641195878	7.856398113949004E307	Infinity	0.8171781921223469	0.7539652949845259	2.0475486098507636	0.19848609516470617	0.7539652949845259	2.0475486098507636	0.19848609516470617	0.12430572714785573	0.0	0.0	0.0	3.7775957451406E-310	-13491.266672576714	1.2008636626149967E308	7.354686484361656E307	7.497945441811747E307	8.801457383682862E307	3.4059741254419853E307	2	3	1	11	2
223000	-19430.815732306295	-3759.670024417267	-15671.145707889029	-3759.670024417267	3.8838433640078617E307	Infinity	0.4687867849230763	0.7539652949845259	2.0475486098507636	0.19848609516470617	0.7539652949845259	2.0475486098507636	0.19848609516470617	0.2161053235057807	0.0	0.0	0.0	3.28304888255436E-310	-13482.467417774153	8.549778329663799E307	1.567562981516629E308	4.4398053393096883E307	2.037704529785919E307	2.10596235100231E307	3	4	5	3	4
224000	-19308.665183231868	-3627.570087484552	-15681.095095747316	-3627.570087484552	1.1976206391549725E307	8.337472569405718E307	0.4687867849230763	0.19821264230212432	2.603301262533165	0.19848609516470617	0.19821264230212432	2.603301262533165	0.19848609516470617	0.43356010649552484	1.159957010380284E-309	0.0	0.0	1.277540355167164E-309	-13462.800347012671	6.399183237732131E307	5.912489013104498E307	3.862427064546994E307	1.6538660541654815E307	1.8363179918905486E307	1	5	2	3	8
225000	-19230.222025041276	-3597.2154057171592	-15633.006619324116	-3597.2154057171592	2.0537125867444517E307	1.447723102861376E308	0.4687867849230763	0.19821264230212432	2.603301262533165	0.19848609516470617	0.19821264230212432	2.603301262533165	0.19848609516470617	0.11941629672745324	8.6316361639752E-310	0.0	0.0	8.6897514170968E-310	-13469.671502806712	3.830582809334538E307	1.6063747210256085E307	5.601016741456781E307	1.2688154621479311E307	9.498678086642656E306	4	5	4	3	3
226000	-19272.154286518406	-3618.1189019819512	-15654.035384536453	-3618.1189019819512	1.1150050488159779E307	7.723428770968414E307	0.4687867849230763	0.4794652701192453	2.3220486347160443	0.19848609516470617	0.4794652701192453	2.3220486347160443	0.19848609516470617	0.25167708653822324	1.321196870644326E-309	0.0	0.0	1.23175628278588E-309	-13458.999490047632	5.656167169466778E307	2.002004179790265E307	1.226580978084847E307	1.0677613176260605E307	1.157709961462307E307	2	5	3	8	1
227000	-19214.14345227704	-3595.5220271316584	-15618.621425145382	-3595.5220271316584	5.652734861914249E306	5.197255767726779E307	0.2534203987819916	0.2276112116787593	2.3220486347160443	0.45034015360519214	0.2276112116787593	2.3220486347160443	0.45034015360519214	0.10666401283935842	2.27676057829163E-309	0.0	0.0	2.288998704805057E-309	-13454.974670848193	1.7633121802161634E307	3.449609949819927E307	2.4649849541027627E307	6.893856923323594E306	5.582484872213055E306	2	3	3	6	5
228000	-19364.469599266475	-3732.967720644542	-15631.501878621932	-3732.967720644542	8.015000972129867E306	4.0501104023612035E307	0.2534203987819916	0.2276112116787593	2.3220486347160443	0.45034015360519214	0.2276112116787593	2.3220486347160443	0.45034015360519214	0.24020371732406057	5.02077452065077E-309	0.0	0.0	5.04576949673962E-309	-13439.156793399448	3.289180251000177E307	4.669084885096952E306	9.15249890171364E306	1.0733079150121584E307	3.347393013946131E306	4	4	4	1	6
229000	-19284.818791580405	-3686.577032997714	-15598.24175858269	-3686.577032997714	1.7428509707689792E306	1.530800846995151E307	0.2534203987819916	0.2276112116787593	2.3220486347160443	0.45034015360519214	0.2276112116787593	2.3220486347160443	0.45034015360519214	0.17267090140997182	1.148525694854767E-308	0.0	0.0	1.168941821296116E-308	-13427.75455146839	8.135500448948087E306	6.565748786629341E306	4.4426832130950057E306	2.121503068634697E306	8.366513913089569E305	2	3	6	2	6
230000	-19185.2813499467	-3559.0042662068017	-15626.277083739898	-3559.0042662068017	3.1346500229698067E306	2.2051273217662167E307	0.5966948084539003	0.2276112116787593	2.3220486347160443	0.45034015360519214	0.2276112116787593	2.3220486347160443	0.45034015360519214	0.2634981637667907	4.64569503343836E-309	0.0	0.0	4.48116293204839E-309	-13430.969447998272	1.161628315910561E307	4.9656325122314035E306	8.074768902266922E306	7.143063067184081E306	1.4770723711688094E306	1	2	2	6	8
231000	-19312.679834757684	-3677.2827370150553	-15635.39709774263	-3677.2827370150553	4.179800767821632E306	2.7231952611473825E307	0.5966948084539003	0.2276112116787593	2.3220486347160443	0.45034015360519214	0.2276112116787593	2.3220486347160443	0.45034015360519214	0.2531183110125661	3.461943066533583E-309	0.0	0.0	3.649137702803463E-309	-13441.974485151459	7.134862696719449E307	1.4336919891773395E307	8.592833144796006E306	5.0192421784530017E306	2.9383858186572557E306	1	4	1	8	5
232000	-19195.674028456167	-3588.0964237154094	-15607.57760474076	-3588.0964237154094	3.6679425000867933E307	Infinity	0.5966948084539003	0.2276112116787593	2.3220486347160443	0.45034015360519214	0.2276112116787593	2.3220486347160443	0.45034015360519214	0.050192933468934185	0.0	0.0	0.0	3.34483555679055E-310	-13474.301481534832	7.782299700691075E307	5.322810326134053E307	5.885299638306541E307	4.457734823509864E307	1.7722447658748802E307	2	3	7	3	4
233000	-19352.74995297596	-3663.2250926133825	-15689.524860362577	-3663.2250926133825	2.2341973332368005E307	1.6580952679549135E308	0.5966948084539003	0.2276112116787593	2.3220486347160443	0.45034015360519214	0.2276112116787593	2.3220486347160443	0.45034015360519214	0.32725753191577384	4.47612422079175E-310	0.0	0.0	4.71560144109066E-310	-13475.627252173505	5.013885518139934E307	7.154239678361195E307	4.132055726743355E307	2.6314166227657296E307	4.1773549292953415E307	2	2	5	3	7
234000	-19271.194726240683	-3607.773468489438	-15663.421257751244	-3607.773468489438	4.136664917481812E307	Infinity	0.5966948084539003	0.2276112116787593	2.3220486347160443	0.45034015360519214	0.2276112116787593	2.3220486347160443	0.45034015360519214	0.15936480893977936	0.0	0.0	0.0	3.08409791324415E-310	-13478.838940411011	1.3053847824908771E308	9.30187504580331E307	5.752896398693257E307	5.409454056075066E307	2.2116232073915782E307	1	1	7	2	8
235000	-19300.199285414245	-3606.8671859113874	-15693.332099502859	-3606.8671859113874	2.4800266733780107E307	Infinity	0.5966948084539003	0.2276112116787593	2.3220486347160443	0.45034015360519214	0.2276112116787593	2.3220486347160443	0.45034015360519214	0.374876527216109	0.0	0.0	0.0	5.12141679312065E-310	-13479.334621286924	6.51504088155305E307	4.602102560195439E307	3.6735634459767427E307	1.257766609331671E307	1.274975711806038E307	1	11	2	3	2
236000	-19297.468769735344	-3630.1376602343134	-15667.33110950103	-3630.1376602343134	5.723186459488765E307	Infinity	0.5966948084539003	0.2276112116787593	2.3220486347160443	0.45034015360519214	0.2276112116787593	2.3220486347160443	0.45034015360519214	0.17015453719542142	0.0	0.0	0.0	3.06090644682335E-310	-13489.627088851663	1.2410555117035279E308	7.579135578560125E307	4.2531716546854957E307	3.579381875035626E307	4.3166929681260367E307	8	1	4	5	1
237000	-19256.991474501883	-3581.296708209104	-15675.69476629278	-3581.296708209104	4.847476728533987E307	Infinity	0.5966948084539003	0.2276112116787593	2.3220486347160443	0.45034015360519214	0.2276112116787593	2.3220486347160443	0.45034015360519214	0.20637081765539522	0.0	0.0	0.0	3.1852793381857E-310	-13485.152491757126	1.6738968840886552E308	1.2822309432693768E308	1.7633388471183446E307	4.276674763146663E307	1.573130845225129E307	7	1	2	4	5
238000	-19338.46784773951	-3676.3354405471664	-15662.132407192345	-3676.3354405471664	1.837983685028026E307	1.3601413970812996E308	0.5966948084539003	0.2276112116787593	2.3220486347160443	0.45034015360519214	0.2276112116787593	2.3220486347160443	0.45034015360519214	0.23582144505329006	7.34027340547546E-310	0.0	0.0	7.39462596456776E-310	-13469.29797359301	1.6318938459898184E308	9.58807621580176E307	4.137253298348562E307	1.759313056397068E307	1.421254290095151E307	2	2	1	10	4
239000	-19251.341656391385	-3662.732493590939	-15588.609162800447	-3662.732493590939	4.493356047824974E306	3.651226174753661E307	0.5966948084539003	0.8256641040880922	1.7239957423067114	0.45034015360519214	0.8256641040880922	1.7239957423067114	0.45034015360519214	0.06689803275392969	3.762995118670486E-309	0.0	0.0	3.80989963970531E-309	-13443.568475365171	2.3791298568124504E307	2.0863629728041738E307	1.189561075783694E307	5.870072199629332E306	4.450316688587089E306	1	3	2	11	2
240000	-19381.467460251708	-3736.950766210522	-15644.516694041187	-3736.950766210522	1.9759431524689848E307	Infinity	0.5966948084539003	0.8256641040880922	1.7239957423067114	0.45034015360519214	0.8256641040880922	1.7239957423067114	0.45034015360519214	0.1398095712240624	0.0	0.0	0.0	3.17695890919656E-310	-13471.274018617625	8.175348528041174E307	5.589888482543128E307	3.2262306232290733E307	1.0417809869669137E307	8.864866071164026E306	2	5	2	7	3
241000	-19359.634883615377	-3703.4094525543974	-15656.22543106098	-3703.4094525543974	2.0615003560084456E307	Infinity	0.5966948084539003	0.1749006785739201	1.7239957423067114	1.1011035791193642	0.1749006785739201	1.7239957423067114	1.1011035791193642	0.13506463280951958	0.0	0.0	0.0	4.160218983607E-310	-13473.883624733031	6.050045157234639E307	1.0449683738468707E308	6.281196353678178E307	1.4541780735247347E307	8.654348273771674E306	1	4	2	3	9
242000	-19371.997788181554	-3685.600766812325	-15686.39702136923	-3685.600766812325	1.9281506293626974E307	Infinity	0.8892278235103938	0.1749006785739201	1.7239957423067114	1.1011035791193642	0.1749006785739201	1.7239957423067114	1.1011035791193642	0.39256986826740314	0.0	0.0	0.0	7.24101571689856E-310	-13471.027391713445	1.7203860178536463E308	1.4453369413679396E308	7.237457608705165E307	1.3128555141046444E307	1.505173371868428E307	2	2	3	7	5
243000	-19403.665832781564	-3738.3468373315686	-15665.318995449996	-3738.3468373315686	1.712847979444934E307	1.0894704586995813E308	0.8892278235103938	0.1749006785739201	1.7239957423067114	1.1011035791193642	0.1749006785739201	1.7239957423067114	1.1011035791193642	0.3108176180915979	1.827390760422417E-309	0.0	0.0	1.98652357169183E-309	-13464.604850492226	5.906067586046265E307	4.1265777899965466E307	3.4961944653474873E307	1.4524949431510797E307	9.058855087814113E306	1	1	5	8	4
244000	-19256.596732729296	-3621.516206853313	-15635.080525875985	-3621.516206853313	1.607439420322565E307	1.153660237912174E308	0.8892278235103938	0.6469173442392702	1.7239957423067114	0.6290869134540142	0.6469173442392702	1.7239957423067114	0.6290869134540142	0.13309782297454537	1.29010484105574E-309	0.0	0.0	1.312405986384967E-309	-13467.872382703614	9.080548060557345E307	4.741453040614061E307	2.3181177280713134E307	2.134622432901017E307	1.2027378712155463E307	2	10	3	3	1
245000	-19336.033171554212	-3680.4881983934383	-15655.544973160775	-3680.4881983934383	2.3480734972382995E307	1.469079155142166E308	0.8892278235103938	0.6469173442392702	1.7239957423067114	0.6290869134540142	0.6469173442392702	1.7239957423067114	0.6290869134540142	0.21526355864916097	9.6340620458448E-310	0.0	0.0	9.48863856605366E-310	-13468.79936482019	3.1256686558285483E307	1.295845997408685E307	2.5720919032606413E307	1.4590718781850396E307	1.4483166462794306E307	2	6	9	1	1
246000	-19313.163249481393	-3657.7669927008565	-15655.396256780537	-3657.7669927008565	1.940307165624632E307	1.4265031967678966E308	0.8892278235103938	0.6469173442392702	1.7239957423067114	0.6290869134540142	0.6469173442392702	1.7239957423067114	0.6290869134540142	0.19132520113714102	1.306478199455296E-309	0.0	0.0	1.28265171172682E-309	-13472.528159579377	5.403551239809551E307	5.150003594223771E307	2.7678506040493303E307	1.5929463520641544E307	1.0086130005662343E307	1	6	4	2	6
247000	-19367.62206814521	-3697.219544969391	-15670.402523175819	-3697.219544969391	3.840169330566732E307	Infinity	0.8892278235103938	0.6469173442392702	1.7239957423067114	0.6290869134540142	0.6469173442392702	1.7239957423067114	0.6290869134540142	0.2004045800312989	0.0	0.0	0.0	5.4675974397735E-310	-13480.58105663283	7.445817367927554E307	7.969530457031515E307	5.661611313321931E307	2.0454746122734404E307	1.4264774953700145E307	3	9	3	3	1
248000	-19350.275701258564	-3679.751400710481	-15670.524300548084	-3679.751400710481	3.780517150878987E307	Infinity	0.8892278235103938	0.6469173442392702	1.7239957423067114	0.6290869134540142	0.6469173442392702	1.7239957423067114	0.6290869134540142	0.1594566336352951	0.0	0.0	0.0	2.80368529249784E-310	-13486.42174030464	1.4212823604760775E308	6.964074146183011E307	5.050375076687252E307	2.392667653727175E307	2.109686730091652E307	11	3	1	3	1
249000	-19303.44387414696	-3636.7037867111453	-15666.740087435815	-3636.7037867111453	9.308574228347014E307	Infinity	0.8892278235103938	0.6469173442392702	1.7239957423067114	0.6290869134540142	0.6469173442392702	1.7239957423067114	0.6290869134540142	0.20351036016779084	0.0	0.0	0.0	4.3586315727499E-310	-13483.610610395188	1.567671003705759E308	9.933201290635082E307	6.273909968439704E307	4.933454789884268E307	4.993586343816742E307	2	5	3	3	6
250000	-19331.26029314624	-3697.109143000478	-15634.151150145763	-3697.109143000478	3.172219354385244E307	Infinity	0.8892278235103938	0.6469173442392702	1.7239957423067114	0.6290869134540142	0.6469173442392702	1.7239957423067114	0.6290869134540142	0.0802646517118551	0.0	0.0	0.0	3.23806342781016E-310	-13481.606129204754	9.91142313038012E307	5.677422491508636E307	2.756497038725106E307	1.7432111087192184E307	1.2588842008579822E307	1	6	5	5	2
251000	-19378.452649060415	-3684.125570590512	-15694.327078469903	-3684.125570590512	4.0213381597963783E307	Infinity	0.8892278235103938	0.6469173442392702	1.7239957423067114	0.6290869134540142	0.6469173442392702	1.7239957423067114	0.6290869134540142	0.43336731204974654	0.0	0.0	0.0	4.1599031255599E-310	-13486.680280737737	7.012038235442649E307	6.860837300766786E307	5.811885115815933E307	5.240634444221132E307	2.1417456578688003E307	2	3	6	6	2
252000	-19319.233995105635	-3640.0823454327724	-15679.151649672862	-3640.0823454327724	1.5787403112299868E307	1.0200424344580078E308	0.8892278235103938	0.2331368443485745	1.7239957423067114	1.0428674133447098	0.2331368443485745	1.7239957423067114	1.0428674133447098	0.4226128152542404	1.178329078473385E-309	0.0	0.0	1.240281059311136E-309	-13466.323244081279	1.1012446500753266E308	5.698396243725791E307	5.653480915988157E307	2.7590781408952756E307	1.1663582587104015E307	2	4	1	5	7
253000	-19267.69830407506	-3614.8744534654134	-15652.823850609646	-3614.8744534654134	2.280133426319808E307	1.762411858409871E308	0.8892278235103938	0.2331368443485745	1.7239957423067114	1.0428674133447098	0.2331368443485745	1.7239957423067114	1.0428674133447098	0.18419623273305197	3.38177599322214E-310	0.0	0.0	3.63402828598047E-310	-13474.179495928172	1.505260083295941E308	8.270234088565022E307	4.56601616128777E307	3.85477973119834E307	1.3942317515992905E307	1	5	2	8	3
254000	-19352.529282144176	-3695.8993971115333	-15656.629885032642	-3695.8993971115333	2.687744719520895E307	1.6566297360216924E308	0.8892278235103938	0.12771693066693113	1.8294156559883548	1.0428674133447098	0.12771693066693113	1.8294156559883548	1.0428674133447098	0.21385661674039258	8.154090327862E-310	0.0	0.0	8.2407191137478E-310	-13471.359373527604	3.9025997079012243E307	2.2424928864367513E307	4.573108369531914E307	6.536503479820029E307	3.14543714248359E307	1	3	2	6	7
255000	-19312.249550121847	-3630.7720882687872	-15681.47746185306	-3630.7720882687872	3.535260771788929E307	Infinity	0.8892278235103938	0.12771693066693113	1.8294156559883548	1.0428674133447098	0.12771693066693113	1.8294156559883548	1.0428674133447098	0.32175152427605047	0.0	0.0	0.0	8.5245137376152E-310	-13476.482859602604	8.176808015044864E307	4.439600841788753E307	4.125836556288508E307	3.5802027492743876E307	8.529014264191276E306	3	4	6	4	2
256000	-19262.111123755563	-3599.35601069363	-15662.755113061934	-3599.35601069363	4.335302405441788E307	Infinity	0.8892278235103938	0.12771693066693113	1.8294156559883548	1.0428674133447098	0.12771693066693113	1.8294156559883548	1.0428674133447098	0.19200456551638292	0.0	0.0	0.0	6.71236012408083E-310	-13472.2279148347	3.5265588611928875E307	4.4138880834442976E307	5.006656306442044E307	4.352381165113807E307	6.83263153889836E307	12	2	1	1	3
257000	-19287.43939440589	-3658.6612356286605	-15628.77815877723	-3658.6612356286605	7.645087401005871E306	5.86939534866067E307	0.8892278235103938	0.12771693066693113	1.8294156559883548	1.0428674133447098	0.12771693066693113	1.8294156559883548	1.0428674133447098	0.18766082342260174	2.05707059415377E-309	0.0	0.0	2.07089407417887E-309	-13453.683251245824	2.281440843198958E307	1.6381283937611212E307	1.5811176723808692E307	1.3126073405481096E307	9.738413873743263E306	4	10	1	1	3
258000	-19289.649487602608	-3615.8844064989844	-15673.765081103624	-3615.8844064989844	2.805742572934301E307	Infinity	0.8892278235103938	0.12771693066693113	1.8294156559883548	1.0428674133447098	0.12771693066693113	1.8294156559883548	1.0428674133447098	0.2507324879958379	0.0	0.0	0.0	5.1478602660803E-310	-13475.936382256526	1.2860796564241131E308	4.149050846344535E307	1.8091762666706966E307	2.324180851436232E307	7.256369466431346E306	3	8	1	4	3
259000	-19366.006224923185	-3708.6510704771276	-15657.355154446059	-3708.6510704771276	2.4134059788910334E307	Infinity	0.8892278235103938	0.12771693066693113	1.8294156559883548	1.0428674133447098	0.12771693066693113	1.8294156559883548	1.0428674133447098	0.1619465551882051	0.0	0.0	0.0	1.14469885700323E-309	-13476.791942310123	4.55834370441371E307	1.9307530544487434E307	6.640592350390593E307	7.163651256763815E307	3.2877396511763527E307	1	3	5	5	5
260000	-19395.46924961165	-3724.0072780925248	-15671.461971519127	-3724.0072780925248	1.4747628823851594E307	1.1737358150479563E308	0.8892278235103938	0.12771693066693113	1.8294156559883548	1.0428674133447098	0.12771693066693113	1.8294156559883548	1.0428674133447098	0.29020932584086545	1.583406484911264E-309	0.0	0.0	1.41733845482401E-309	-13468.48365509241	6.719206078280164E307	3.7308433337240415E307	3.481689054492823E307	2.9883256574898964E307	1.709677170187845E307	1	2	6	6	4
261000	-19388.727866788187	-3726.8877221617267	-15661.84014462646	-3726.8877221617267	2.679836874071822E307	Infinity	0.8892278235103938	0.12771693066693113	2.406541390722845	0.4657416786102193	0.12771693066693113	2.406541390722845	0.4657416786102193	0.14232091480429285	0.0	0.0	0.0	2.01795972075385E-310	-13481.456554147224	1.2674345075720126E308	7.85896093852588E307	3.49902306503764E307	1.4746495507551114E307	1.0645247284026105E307	10	1	3	1	4
262000	-19345.459502752932	-3665.957549174019	-15679.501953578912	-3665.957549174019	5.303954217821615E307	Infinity	0.8892278235103938	0.12771693066693113	2.406541390722845	0.4657416786102193	0.12771693066693113	2.406541390722845	0.4657416786102193	0.19799238620691317	0.0	0.0	0.0	5.0931553406392E-310	-13493.929085231188	1.5054225805215826E308	1.220150464221557E308	7.758953257157306E307	8.243471974820387E307	3.984104066631236E307	12	1	3	2	1
263000	-19209.219894760383	-3558.255924428716	-15650.963970331666	-3558.255924428716	6.953507336621239E307	Infinity	0.8892278235103938	0.12771693066693113	2.406541390722845	0.4657416786102193	0.12771693066693113	2.406541390722845	0.4657416786102193	0.11279915954759563	0.0	0.0	0.0	5.22346047229057E-310	-13487.524344739893	1.7927335596150736E308	8.787772447799312E307	5.9993245273722E307	6.7745423811639435E307	9.757861460640794E307	2	2	3	10	2
264000	-19375.97852515102	-3714.8988725809295	-15661.079652570088	-3714.8988725809295	1.3508164271998176E308	Infinity	0.8892278235103938	0.12771693066693113	2.406541390722845	0.4657416786102193	0.12771693066693113	2.406541390722845	0.4657416786102193	0.08980202572314501	0.0	0.0	0.0	3.37203181747087E-310	-13497.650307998263	1.6513432795663912E308	1.345691474469301E308	1.3205852664733326E308	5.96376362675846E307	3.002091695632717E307	3	8	2	5	1
265000	-19255.820096667754	-3589.1720320208533	-15666.648064646903	-3589.1720320208533	5.527239163855245E307	Infinity	0.5042148935361968	0.12771693066693113	2.406541390722845	0.4657416786102193	0.12771693066693113	2.406541390722845	0.4657416786102193	0.1880841014953452	0.0	0.0	0.0	5.2014450616569E-310	-13482.994962190734	8.072880658687922E307	5.59491402529467E307	5.221527863261752E307	6.475321436727185E307	5.668812364165479E307	2	6	1	2	8
266000	-19220.490313608192	-3564.0071230541917	-15656.483190554	-3564.0071230541917	1.681486574251251E307	1.1375199938145826E308	0.5042148935361968	0.12771693066693113	2.406541390722845	0.4657416786102193	0.12771693066693113	2.406541390722845	0.4657416786102193	0.2071842125497897	1.35740098386019E-309	0.0	0.0	1.28817640806069E-309	-13468.674081551262	2.317455933134596E307	3.407701661375315E307	2.223193393476298E307	1.0390697486914583E307	7.32472344022739E306	3	2	5	7	2
267000	-19262.263704140245	-3585.0391232172865	-15677.224580922957	-3585.0391232172865	1.673806619908657E307	9.408850725251274E307	0.5042148935361968	0.12771693066693113	2.406541390722845	0.4657416786102193	0.12771693066693113	2.406541390722845	0.4657416786102193	0.3917740092043268	7.8938165134992E-310	0.0	0.0	8.59463132936573E-310	-13468.382806777583	9.640759725367048E307	3.991266823406725E307	3.2367555541807213E307	2.454480347828525E307	4.006346441528002E307	3	1	1	6	8
268000	-19300.205209162712	-3655.9745364263254	-15644.230672736388	-3655.9745364263254	1.9619523181230522E307	1.3176661139770829E308	0.5042148935361968	0.12771693066693113	2.406541390722845	0.4657416786102193	0.12771693066693113	2.406541390722845	0.4657416786102193	0.15399804987129498	9.29527312776965E-310	0.0	0.0	9.20503411993574E-310	-13470.13040058584	2.7187262083020907E307	2.887519884228239E307	2.5368420454007185E307	1.684245835071951E307	1.353260383015533E307	4	6	7	1	1
269000	-19335.347093612236	-3703.0237728870643	-15632.32332072517	-3703.0237728870643	1.1659287910099937E307	1.037156200968048E308	0.5042148935361968	0.12771693066693113	2.145366780681105	0.7269162886519591	0.12771693066693113	2.145366780681105	0.7269162886519591	0.13438824882672518	9.51362792201983E-310	0.0	0.0	9.1583916440467E-310	-13466.025361911936	6.498922255435987E307	3.607242565213914E307	1.5833645889691514E307	1.1546562193417828E307	1.1082825947294152E307	1	10	1	5	2
270000	-19237.448092013252	-3604.50648842837	-15632.94160358488	-3604.50648842837	2.4437629999186713E307	1.0230922630935507E308	0.5042148935361968	0.12771693066693113	2.145366780681105	0.7269162886519591	0.12771693066693113	2.145366780681105	0.7269162886519591	0.10399832475761754	6.80404711954943E-310	0.0	0.0	6.66505929900655E-310	-13461.316557037862	4.84495044763518E307	1.9946372282633112E307	2.428695332296056E307	1.717535217194E307	6.405811304169169E306	1	4	8	5	1
271000	-19376.457666706836	-3708.8625677949144	-15667.595098911921	-3708.8625677949144	5.050636789024252E307	Infinity	0.5042148935361968	0.12771693066693113	2.145366780681105	0.7269162886519591	0.12771693066693113	2.145366780681105	0.7269162886519591	0.15949848223689184	0.0	0.0	0.0	4.54978543038042E-310	-13485.927118946853	1.1406629188669698E308	1.2535803082760859E308	1.0048948280975126E308	4.591986404952041E307	2.1520813143665906E307	4	1	7	6	1
272000	-19217.528671491546	-3522.964548763471	-15694.564122728074	-3522.964548763471	3.910348995060456E307	Infinity	0.5042148935361968	0.12771693066693113	2.145366780681105	0.7269162886519591	0.12771693066693113	2.145366780681105	0.7269162886519591	0.3625844566925429	0.0	0.0	0.0	3.8338178469841E-310	-13483.706006589848	6.734651549177783E307	3.194143499156713E307	6.767517204049378E307	2.9068021560118766E307	8.34158732447151E306	7	5	2	3	2
273000	-19284.510022744475	-3621.3280636475733	-15663.1819590969	-3621.3280636475733	2.548688151906185E307	1.7653367437562693E308	0.5042148935361968	0.12771693066693113	2.4503238037139887	0.42195926561907565	0.12771693066693113	2.4503238037139887	0.42195926561907565	0.25107176950413795	5.4650348672245E-310	0.0	0.0	6.3593760389488E-310	-13474.231172381544	1.2903568354389001E308	7.005174287935073E307	4.0982221832062485E307	3.5329925125725956E307	1.4190173976114085E307	5	3	5	4	2
274000	-19432.68447762428	-3778.031901847352	-15654.652575776927	-3778.031901847352	4.4748648789411714E307	Infinity	0.5042148935361968	0.6835862182883372	1.8944545160925825	0.42195926561907565	0.6835862182883372	1.8944545160925825	0.42195926561907565	0.1271957697174301	0.0	0.0	0.0	3.4647822851007E-310	-13489.08896507868	1.3950104304136136E308	8.340683656570022E307	7.902066782126771E307	3.653684098827416E307	5.580299571197394E307	4	8	4	2	1
275000	-19378.346891772315	-3696.9358602910347	-15681.411031481279	-3696.9358602910347	4.287501275048976E307	Infinity	0.5042148935361968	0.6835862182883372	1.8944545160925825	0.42195926561907565	0.6835862182883372	1.8944545160925825	0.42195926561907565	0.2861388881053093	0.0	0.0	0.0	6.13581349726215E-310	-13481.947624743188	7.475580459404912E307	5.58658568355725E307	1.1255829557457462E308	2.8573539631152123E307	1.4023340392314013E307	8	4	3	1	3
276000	-19447.348386676567	-3764.0888927574883	-15683.25949391908	-3764.0888927574883	9.35360111163477E307	Infinity	0.5042148935361968	0.6835862182883372	1.8944545160925825	0.42195926561907565	0.6835862182883372	1.8944545160925825	0.42195926561907565	0.21965340556697177	0.0	0.0	0.0	1.92104795424235E-310	-13499.241242868875	1.1863555400130162E308	4.173429654281645E307	2.9690062189458024E307	1.5707517195217175E307	8.709462575229428E306	9	3	3	2	2
277000	-19343.72560379926	-3649.2771153376807	-15694.448488461578	-3649.2771153376807	4.0286248374612914E307	Infinity	0.5042148935361968	0.6835862182883372	1.8944545160925825	0.42195926561907565	0.6835862182883372	1.8944545160925825	0.42195926561907565	0.29385165693362714	0.0	0.0	0.0	3.1150534914849E-310	-13482.869005017583	3.885243942762651E307	5.472902269193968E307	3.530855994036259E307	1.4637647065515242E307	1.4237228073217772E307	8	4	2	4	1
278000	-19238.34502984341	-3584.3450169467615	-15654.000012896648	-3584.3450169467615	2.4919836155207644E307	Infinity	0.5042148935361968	0.6835862182883372	1.8944545160925825	0.42195926561907565	0.6835862182883372	1.8944545160925825	0.42195926561907565	0.14977436449179915	0.0	0.0	0.0	4.56404165937487E-310	-13474.236313402393	2.1831383883274954E307	9.634036365998371E306	7.848252977411138E307	2.4861023450364947E307	5.801423182552754E306	5	2	8	1	3
279000	-19228.593507340334	-3560.0876690263854	-15668.50583831395	-3560.0876690263854	2.2893915722650336E307	1.6598697889146319E308	0.5042148935361968	0.6835862182883372	1.8944545160925825	0.42195926561907565	0.6835862182883372	1.8944545160925825	0.42195926561907565	0.2638953773860884	6.9125382989544E-310	0.0	0.0	6.77011374192466E-310	-13473.36169770678	6.598699405761514E307	6.485455120689731E307	4.583298295219662E307	2.554181530115661E307	1.2641712148506375E307	11	2	2	1	3
280000	-19238.641480330854	-3555.6504520580534	-15682.991028272801	-3555.6504520580534	7.249510716903378E307	Infinity	0.5042148935361968	0.24511941102741364	2.332921323353506	0.42195926561907565	0.24511941102741364	2.332921323353506	0.42195926561907565	0.211730300789218	0.0	0.0	0.0	1.8837135142982E-310	-13495.6001364572	1.2806319600747851E308	8.306630575466006E307	5.99124015361003E307	3.095710235544119E307	2.0797450875729661E307	8	6	2	1	2
281000	-19276.54258937036	-3579.260453419322	-15697.282135951038	-3579.260453419322	7.432748169471378E307	Infinity	0.5042148935361968	0.24511941102741364	2.332921323353506	0.42195926561907565	0.24511941102741364	2.332921323353506	0.42195926561907565	0.30615417692044355	0.0	0.0	0.0	1.447438301047E-310	-13496.860900888172	1.610059246716978E308	8.672475629944947E307	5.847175170956414E307	2.478542329360625E307	4.3435844663672707E307	7	6	1	2	3
282000	-19245.873595515728	-3573.578864174681	-15672.294731341046	-3573.578864174681	2.397237546348648E307	Infinity	0.5042148935361968	0.24511941102741364	2.332921323353506	0.42195926561907565	0.24511941102741364	2.332921323353506	0.42195926561907565	0.2459295552415141	0.0	0.0	0.0	6.8010729106949E-310	-13476.426936866466	8.583311634577875E307	3.2327343618329153E307	3.279019873901818E307	4.96291770237404E307	2.292679414882348E307	3	5	2	5	4
283000	-19252.767137992603	-3578.537742137045	-15674.229395855557	-3578.537742137045	2.0028114475882978E307	1.2632408910420009E308	0.5042148935361968	0.24511941102741364	2.332921323353506	0.42195926561907565	0.24511941102741364	2.332921323353506	0.42195926561907565	0.32049289881796433	1.11509115272231E-309	0.0	0.0	1.091616513908897E-309	-13466.033937987979	8.247819016989781E307	2.9176530363046873E307	1.5595473688463608E307	1.512983434738537E307	1.508382609547773E307	7	1	2	5	4
284000	-19275.977707369246	-3601.082909407725	-15674.894797961522	-3601.082909407725	1.9138431540115946E307	1.3005506180596988E308	0.5042148935361968	0.24511941102741364	2.332921323353506	0.42195926561907565	0.24511941102741364	2.332921323353506	0.42195926561907565	0.3187834690525843	9.5297033979744E-310	0.0	0.0	9.65815971910483E-310	-13468.210355916111	1.0910965705636945E308	3.162562023586019E307	1.3073175411218515E307	1.6232510722932174E307	7.363946428551651E306	6	2	2	5	4
285000	-19277.190674014906	-3627.2520783070777	-15649.938595707827	-3627.2520783070777	6.170357527236852E307	Infinity	0.5042148935361968	0.24511941102741364	2.332921323353506	0.42195926561907565	0.24511941102741364	2.332921323353506	0.42195926561907565	0.13163700040059303	0.0	0.0	0.0	4.1056564727387E-310	-13484.765115359496	1.3389592276314422E308	7.514274794218176E307	2.6104637247131134E307	2.583585025230062E307	1.9476195708951472E307	7	3	1	5	3
286000	-19288.628720684606	-3625.243316352486	-15663.38540433212	-3625.243316352486	3.365603800766296E307	Infinity	0.5042148935361968	0.24511941102741364	2.332921323353506	0.42195926561907565	0.24511941102741364	2.332921323353506	0.42195926561907565	0.16417760151301541	0.0	0.0	0.0	4.89192134738313E-310	-13479.379285447305	4.499285962931514E307	5.500218351026664E307	9.171267175928557E307	4.548579340772186E307	4.0302926631560964E307	9	1	1	6	2
287000	-19352.498095528612	-3680.5862143584004	-15671.911881170212	-3680.5862143584004	3.193245172912835E307	Infinity	0.5042148935361968	0.24511941102741364	2.332921323353506	0.42195926561907565	0.24511941102741364	2.332921323353506	0.42195926561907565	0.2167667757980266	0.0	0.0	0.0	2.44534809284316E-310	-13483.539779471736	1.117622194829422E308	1.6128619171518669E308	5.483101184868823E307	3.561767737089005E307	2.8948862916381525E307	1	8	1	6	3
288000	-19245.16375408609	-3605.538587303205	-15639.625166782886	-3605.538587303205	1.6215883150235968E307	9.229028878279235E307	0.5042148935361968	0.24511941102741364	2.332921323353506	0.42195926561907565	0.24511941102741364	2.332921323353506	0.42195926561907565	0.12106937965904792	2.03867501130571E-309	0.0	0.0	2.14294254689106E-309	-13461.459181991699	4.436716432963278E307	4.0872848013585763E307	3.3624744520763347E307	1.7617282021898906E307	8.365769634460134E306	1	4	1	6	7
289000	-19372.493714742264	-3692.0224675813392	-15680.471247160924	-3692.0224675813392	4.826787512326926E307	Infinity	0.5042148935361968	0.24511941102741364	2.332921323353506	0.42195926561907565	0.24511941102741364	2.332921323353506	0.42195926561907565	0.2325104092877884	0.0	0.0	0.0	5.2025022277559E-310	-13476.843255886102	9.443559321751203E307	4.570356640846842E307	1.431705716221879E307	2.140808002517992E307	3.9812211758833446E307	1	2	1	4	11
290000	-19308.09761626075	-3639.4681627096797	-15668.629453551071	-3639.4681627096797	3.039477327843442E307	1.5928649307533012E308	0.3766457016239882	0.24511941102741364	2.332921323353506	0.42195926561907565	0.24511941102741364	2.332921323353506	0.42195926561907565	0.26558230700151014	1.285473681904703E-309	0.0	0.0	1.216977985819574E-309	-13471.305965615627	3.8915691630206845E307	5.625416689761066E307	3.6602219971475923E307	3.7578114084641587E307	3.7383243756529665E307	1	3	7	6	2
291000	-19311.01749960436	-3637.421925660855	-15673.595573943507	-3637.421925660855	7.881893044744474E307	Infinity	0.6075260651482507	0.24511941102741364	2.332921323353506	0.42195926561907565	0.24511941102741364	2.332921323353506	0.42195926561907565	0.21915493788010637	0.0	0.0	0.0	2.01710483045835E-310	-13476.86288020168	4.858541242865807E307	1.0333753180356435E308	6.710884590651507E307	4.208778615910598E307	3.3375958089418304E307	5	3	2	1	8
292000	-19373.672149921753	-3687.668100518332	-15686.004049403422	-3687.668100518332	5.073840387311922E307	Infinity	0.6075260651482507	0.24511941102741364	2.332921323353506	0.42195926561907565	0.24511941102741364	2.332921323353506	0.42195926561907565	0.34388183907730707	0.0	0.0	0.0	4.67112144565814E-310	-13478.009396014122	4.4781049169834843E307	2.7382264150567637E307	3.4822887283954883E307	5.433159995874259E307	3.4774403153577535E307	4	6	1	7	1
293000	-19346.430691155194	-3639.5436667447457	-15706.88702441045	-3639.5436667447457	5.584244145785242E307	Infinity	0.6075260651482507	0.24511941102741364	2.332921323353506	0.42195926561907565	0.24511941102741364	2.332921323353506	0.42195926561907565	0.5089679192189365	0.0	0.0	0.0	3.48061396077726E-310	-13485.162502508862	9.974784618913646E307	6.240663481945348E307	4.035447056619808E307	4.711117614958268E307	4.3277506592736825E307	3	7	6	2	1
294000	-19218.98196825812	-3550.7737189809286	-15668.20824927719	-3550.7737189809286	6.929369325948369E307	Infinity	0.6075260651482507	0.24511941102741364	2.332921323353506	0.42195926561907565	0.24511941102741364	2.332921323353506	0.42195926561907565	0.16643088608531878	0.0	0.0	0.0	1.17893748576475E-310	-13492.95720273554	1.4070130108958171E308	5.260298754003602E307	4.161171209832902E307	5.004041253559991E307	3.5447407757106223E307	7	8	1	1	2
295000	-19339.502860316363	-3677.7298752437077	-15661.772985072654	-3677.7298752437077	2.7834402319995745E307	Infinity	0.6075260651482507	0.24511941102741364	2.332921323353506	0.42195926561907565	0.24511941102741364	2.332921323353506	0.42195926561907565	0.13517413202123502	0.0	0.0	0.0	5.5688691228182E-310	-13483.64185061499	9.591275196193352E307	2.197729524348799E307	4.787053640539677E307	2.3572234060260297E307	2.803560163655396E307	9	2	1	2	5
296000	-19337.21912381478	-3694.1543962693995	-15643.064727545378	-3694.1543962693995	9.310015257705794E306	7.714268392640535E307	0.6075260651482507	0.24511941102741364	2.332921323353506	0.42195926561907565	0.24511941102741364	2.332921323353506	0.42195926561907565	0.18797778020324868	1.68394656799724E-309	0.0	0.0	1.734720092555423E-309	-13459.06138815018	4.490284871747602E307	4.667563400491858E307	1.2248158390600396E307	6.293163900662257E306	4.2391196001420894E306	7	2	6	1	3
297000	-19247.39045385752	-3606.167679694057	-15641.222774163463	-3606.167679694057	1.5927212586568223E307	1.257309367604326E308	0.6075260651482507	0.24511941102741364	2.332921323353506	0.42195926561907565	0.24511941102741364	2.332921323353506	0.42195926561907565	0.18368589071277922	5.42076481367236E-310	0.0	0.0	5.22278950191627E-310	-13459.625371716684	3.4906801284703895E307	2.5203296993472997E307	2.454511557883694E307	3.3504530070018186E306	8.463303888094994E305	1	8	6	1	3
298000	-19256.944293892662	-3640.5530224580316	-15616.39127143463	-3640.5530224580316	3.2278111039807274E306	3.0397064313931477E307	0.6075260651482507	0.24511941102741364	2.332921323353506	0.42195926561907565	0.24511941102741364	2.332921323353506	0.42195926561907565	0.25022946701245424	2.876821418703255E-309	0.0	0.0	3.023168623631863E-309	-13434.096937373455	1.854545727639049E307	1.0764503825774829E307	4.014908723453754E306	1.463341528433779E306	4.285013111966185E305	1	13	1	1	3
299000	-19289.084809661956	-3683.8761541415124	-15605.208655520442	-3683.8761541415124	4.4779619651270504E306	4.424726234354328E307	0.6075260651482507	0.24511941102741364	2.332921323353506	0.42195926561907565	0.24511941102741364	2.332921323353506	0.42195926561907565	0.12404329286845277	4.350427688927417E-309	0.0	0.0	4.520215650051537E-309	-13446.534946508702	1.8988787761997364E307	6.458768065406821E306	3.5385947938792996E306	1.1331392916994289E306	4.003622304756124E305	10	5	1	1	2
300000	-19279.276006712484	-3645.058557177975	-15634.217449534508	-3645.058557177975	4.417875710283027E306	3.9316753897349936E307	0.6075260651482507	0.24511941102741364	2.332921323353506	0.42195926561907565	0.24511941102741364	2.332921323353506	0.42195926561907565	0.2042730354026972	1.958192530239936E-309	0.0	0.0	2.03547940428283E-309	-13445.75164154181	2.0491410133123863E307	5.006320855242934E306	7.97691068224607E306	1.7937418978128493E306	9.254029624775736E305	10	5	1	1	2
301000	-19211.274327758027	-3581.0835761469402	-15630.190751611086	-3581.0835761469402	2.9957289703182746E306	2.277247729264553E307	0.6075260651482507	0.24511941102741364	2.332921323353506	0.42195926561907565	0.24511941102741364	2.332921323353506	0.42195926561907565	0.2551664581517026	5.783575526962E-309	0.0	0.0	5.738619154403095E-309	-13437.789346459112	1.6356916566169674E307	1.1028937828007609E307	1.2629300323497488E307	3.2492728514648895E306	3.6019865099687833E306	2	4	4	5	4
302000	-19358.340675674623	-3670.4747398658337	-15687.865935808788	-3670.4747398658337	4.33984447065414E307	Infinity	0.6075260651482507	0.47391745505571425	2.332921323353506	0.193161221590775	0.47391745505571425	2.332921323353506	0.193161221590775	0.28317083118740966	0.0	0.0	0.0	2.60115166567666E-310	-13480.464434128991	1.3825780213416883E308	5.394655901101872E307	8.638343042945947E307	1.5247400078496314E307	1.0891418102804471E307	6	2	1	6	4
303000	-19313.945479612474	-3634.025039466915	-15679.920440145559	-3634.025039466915	2.4075042950852283E307	Infinity	0.6075260651482507	0.47391745505571425	2.332921323353506	0.193161221590775	0.47391745505571425	2.332921323353506	0.193161221590775	0.3033515372200461	0.0	0.0	0.0	4.22823042523815E-310	-13474.629833591787	7.83322700028405E307	1.123820279965515E308	1.1924900076883844E308	3.1016790749347556E307	1.437172612649777E307	3	2	3	6	5
304000	-19353.610888803258	-3666.8435333519806	-15686.767355451278	-3666.8435333519806	4.1822408463381503E307	Infinity	0.6075260651482507	0.47391745505571425	2.332921323353506	0.193161221590775	0.47391745505571425	2.332921323353506	0.193161221590775	0.48417474286110057	0.0	0.0	0.0	6.4510693573597E-310	-13471.719712369344	7.987507400806115E307	2.992527478183015E307	2.2278478029505725E307	1.3637242001791427E307	1.4539372870734137E307	3	5	3	4	4
305000	-19299.40193366928	-3652.8047966404984	-15646.597137028783	-3652.8047966404984	6.933182770882357E307	Infinity	0.6075260651482507	0.47391745505571425	2.332921323353506	0.193161221590775	0.47391745505571425	2.332921323353506	0.193161221590775	0.12095448081005167	0.0	0.0	0.0	3.596425073738E-310	-13477.217811687167	3.8235646548075567E307	5.229475076043391E307	6.430746972746503E307	4.0196726402022075E307	4.4760138412535885E307	2	1	3	3	10
306000	-19305.28975384522	-3651.818109212901	-15653.47164463232	-3651.818109212901	4.122655133806369E307	Infinity	0.27637388274217456	0.18301824397549143	2.332921323353506	0.48406043267099785	0.18301824397549143	2.332921323353506	0.48406043267099785	0.14362522011771237	0.0	0.0	0.0	2.4614320754845E-310	-13479.958982549304	4.494289466416267E307	6.345250886179841E307	8.623148304439047E307	4.795923062309702E307	1.6224303650417472E307	2	4	5	4	4
307000	-19243.832163573436	-3615.4294616280163	-15628.402701945419	-3615.4294616280163	4.896093957669918E306	3.4459935022584744E307	0.27637388274217456	0.18301824397549143	2.332921323353506	0.48406043267099785	0.18301824397549143	2.332921323353506	0.48406043267099785	0.20434437165404565	3.991014819840176E-309	0.0	0.0	4.04392936573357E-309	-13443.421755801217	5.232389320239141E307	1.4073490586169705E307	6.07697774863167E306	4.240218347405363E306	3.941866553320327E306	2	8	2	3	4
308000	-19240.850911177975	-3601.7294142571945	-15639.121496920781	-3601.7294142571945	6.958442443995273E306	6.432316558664014E307	0.27637388274217456	0.18301824397549143	2.332921323353506	0.48406043267099785	0.18301824397549143	2.332921323353506	0.48406043267099785	0.20561145633920647	1.18564714286028E-309	0.0	0.0	1.171263970133347E-309	-13455.102323004872	6.818163001061214E307	2.7628247841937E307	1.8127328205273392E307	1.469475469770702E307	1.1751661409895604E307	3	3	2	3	8
309000	-19300.0479870137	-3653.694927575798	-15646.353059437903	-3653.694927575798	8.624231938976722E306	5.594611429377263E307	0.27637388274217456	0.18301824397549143	2.332921323353506	0.48406043267099785	0.18301824397549143	2.332921323353506	0.48406043267099785	0.1742232125365016	1.55849266681416E-309	0.0	0.0	1.40863870749846E-309	-13452.472065744349	3.1830951710805133E307	1.8689321030387138E307	9.044103486984088E306	2.1048939722463854E307	6.038583432949438E306	3	3	5	3	5
310000	-19218.36091612185	-3597.036681776566	-15621.324234345284	-3597.036681776566	3.538500826870917E306	2.022180626481389E307	0.27637388274217456	0.18301824397549143	2.332921323353506	0.48406043267099785	0.18301824397549143	2.332921323353506	0.48406043267099785	0.21113094469379637	3.803548028479255E-309	0.0	0.0	3.530786631285684E-309	-13433.684271579994	1.1342247679885096E307	8.317638152960697E306	2.8304023757369464E306	3.2366630982770115E306	2.5270191670439326E306	4	1	12	1	1
311000	-19255.825768330295	-3619.0107419792944	-15636.815026351	-3619.0107419792944	1.391987201176957E306	1.048629324178483E307	0.27637388274217456	0.18301824397549143	2.332921323353506	0.48406043267099785	0.18301824397549143	2.332921323353506	0.48406043267099785	0.38461479761911876	1.3331689372344893E-308	0.0	0.0	1.108457055365048E-308	-13420.976200754027	1.970457009534776E306	2.825428845793781E306	1.667124650254642E306	1.6952537284730212E306	4.093878425146748E305	11	2	2	2	2
312000	-19251.612866241954	-3627.7815365111273	-15623.831329730827	-3627.7815365111273	8.290529562006908E306	4.309870805123171E307	0.27637388274217456	0.48810923017727503	2.0278303371517223	0.48406043267099785	0.48810923017727503	2.0278303371517223	0.48406043267099785	0.20119361449250542	2.76848374444707E-309	0.0	0.0	3.068728361746276E-309	-13448.317358288923	1.1838772368509551E307	3.272063102846548E306	2.9632161143983036E306	2.6382213758427783E306	2.3693578131843863E306	10	2	2	2	3
313000	-19135.41772687162	-3552.9720194045494	-15582.44570746707	-3552.9720194045494	6.37949901375242E306	4.1313798822377363E307	0.27637388274217456	0.48810923017727503	2.0278303371517223	0.48406043267099785	0.48810923017727503	2.0278303371517223	0.48406043267099785	0.05422814696146832	2.179759560304483E-309	0.0	0.0	2.169753783367345E-309	-13449.583953877049	3.5025012980784323E307	2.3546949550366227E307	9.079192352803574E306	1.1883676751921104E307	2.00755132241841E306	7	3	1	5	3
314000	-19330.35909868884	-3686.199999735796	-15644.159098953045	-3686.199999735796	1.3988691341139326E307	7.433649369968778E307	0.27637388274217456	0.48810923017727503	2.0278303371517223	0.48406043267099785	0.48810923017727503	2.0278303371517223	0.48406043267099785	0.17278402357654682	1.36253747015861E-309	0.0	0.0	1.30557340773028E-309	-13458.630181049157	3.433322561212973E307	8.940400799021182E306	1.788290884589959E307	1.326961211811484E307	5.2866533482163515E306	10	1	6	1	1
315000	-19205.026514623823	-3589.0242061767326	-15616.002308447092	-3589.0242061767326	2.0694084821708944E307	1.0032633947618013E308	0.27637388274217456	0.48810923017727503	2.0278303371517223	0.48406043267099785	0.48810923017727503	2.0278303371517223	0.48406043267099785	0.0939418760188649	1.4338254352477E-309	0.0	0.0	1.427026161442446E-309	-13460.017902117406	3.865403772983643E307	1.9552959626480844E307	1.679051775948292E307	2.350566182594833E307	1.0512865659513947E307	4	9	2	2	2
316000	-19326.59750854237	-3684.8689491291993	-15641.728559413172	-3684.8689491291993	7.202872424298179E306	4.742778309899102E307	0.27637388274217456	0.48810923017727503	2.0278303371517223	0.48406043267099785	0.48810923017727503	2.0278303371517223	0.48406043267099785	0.25359184436327503	1.72105024540074E-309	0.0	0.0	1.65356570021298E-309	-13449.051718828621	1.8465454971395514E307	1.4205264551057033E307	7.145410548700547E306	1.0140388814923922E307	3.069010385424976E306	4	2	7	4	2
317000	-19198.761972472956	-3568.0660265633846	-15630.69594590957	-3568.0660265633846	4.573392545647898E306	3.330509889513477E307	0.4675776793692471	0.48810923017727503	2.0278303371517223	0.48406043267099785	0.48810923017727503	2.0278303371517223	0.48406043267099785	0.26314365081844865	3.68985805405959E-309	0.0	0.0	3.96734550350523E-309	-13443.615694896991	1.2787325314979762E307	7.822298659318837E306	8.63598364744977E306	3.610730480716372E306	3.708830267862262E306	7	5	4	2	1
318000	-19279.80439105239	-3656.7422080255933	-15623.062183026796	-3656.7422080255933	3.011635941259341E306	2.1719236069217897E307	0.4675776793692471	0.48810923017727503	2.0278303371517223	0.48406043267099785	0.48810923017727503	2.0278303371517223	0.48406043267099785	0.2430350538797182	7.08486405017138E-309	0.0	0.0	6.97439234954425E-309	-13436.235104700005	1.6627354096453918E307	1.113213159840235E307	4.795815005511292E306	3.393441852329306E306	3.271540095201172E306	3	6	3	4	3
319000	-19253.726087574174	-3638.4632006619627	-15615.26288691221	-3638.4632006619627	2.5234692040561247E306	1.1820686543507139E307	0.4675776793692471	0.48810923017727503	2.0278303371517223	0.48406043267099785	0.48810923017727503	2.0278303371517223	0.48406043267099785	0.33892773394076126	9.944480148476824E-309	0.0	0.0	9.77705858684896E-309	-13419.41130370907	5.704024461117498E306	2.599391448522533E306	1.4049947044816866E306	1.3848226348639559E306	1.763612363968863E306	2	4	2	2	9
320000	-19219.312678646624	-3623.3221399903173	-15595.990538656306	-3623.3221399903173	2.882821832189036E306	1.4262738780865178E307	0.4675776793692471	0.48810923017727503	2.0278303371517223	0.48406043267099785	0.48810923017727503	2.0278303371517223	0.48406043267099785	0.17546936079696746	7.298399390230223E-309	0.0	0.0	7.95044793192477E-309	-13428.905604238795	2.773352739656476E306	2.921538918053618E306	9.735971374114943E305	9.45441247277751E305	1.0324463876026473E306	5	4	1	4	5
321000	-19266.926331080875	-3663.725462233847	-15603.200868847029	-3663.725462233847	9.989323488220146E305	5.858439273448206E306	0.4675776793692471	0.48810923017727503	2.0278303371517223	0.48406043267099785	0.48810923017727503	2.0278303371517223	0.48406043267099785	0.23219793316674345	1.7038494320191573E-308	0.0	0.0	1.4344022956604724E-308	-13408.141989285135	9.768737224331788E305	1.3971530941907306E306	1.5757687860039786E306	1.9542544432045834E306	7.875887702579271E305	8	4	2	3	2
322000	-19157.265318432885	-3575.4461427942147	-15581.819175638671	-3575.4461427942147	1.0259451719032527E306	7.2686835137371E306	0.4675776793692471	0.48810923017727503	2.0278303371517223	0.48406043267099785	0.48810923017727503	2.0278303371517223	0.48406043267099785	0.1730525932994617	1.096172770176562E-308	0.0	0.0	1.141541435991735E-308	-13415.215182639315	4.102609628987089E306	1.7800564412552037E306	1.5470557829080717E306	8.040863690712986E305	2.1610882207978317E305	7	4	4	2	2
323000	-19220.408429572566	-3646.0240890598166	-15574.384340512748	-3646.0240890598166	6.829940370406812E305	4.7541094571139466E306	0.8234131502957124	0.48810923017727503	2.430985550036091	0.08090521978662907	0.48810923017727503	2.430985550036091	0.08090521978662907	0.13107144919246047	3.0220487562623146E-308	0.0	0.0	3.066244765473059E-308	-13407.564184492023	6.793194812016606E306	1.6732538503526158E306	8.276375558603573E305	6.864779294663843E305	9.980744959439368E305	4	2	9	2	2
324000	-19236.3386489678	-3638.8353525747675	-15597.503296393033	-3638.8353525747675	6.565940671980918E305	4.8227432440099576E306	0.8234131502957124	0.48810923017727503	2.430985550036091	0.08090521978662907	0.48810923017727503	2.430985550036091	0.08090521978662907	0.30985106032689924	2.763095082357141E-308	0.0	0.0	3.1097530575316816E-308	-13402.5233633906	3.3523981629874584E306	9.703119072425737E305	5.026607492447123E305	3.091119526894459E305	2.3014659242589644E305	5	2	10	1	1
325000	-19318.893272442838	-3700.899607475799	-15617.99366496704	-3700.899607475799	1.890894242081225E306	9.885238888718393E306	0.8234131502957124	0.48810923017727503	2.430985550036091	0.08090521978662907	0.48810923017727503	2.430985550036091	0.08090521978662907	0.4151529406769936	3.717683851012482E-308	0.0	0.0	4.18472713899053E-308	-13420.337349961226	3.365146771113375E306	1.7528760087512645E306	7.146632194462893E305	8.507115492117798E305	7.22708849328223E305	7	2	8	1	1
326000	-19219.29702029499	-3649.92880661222	-15569.368213682772	-3649.92880661222	4.192458285205372E305	2.338315015263975E306	0.8234131502957124	0.48810923017727503	2.430985550036091	0.08090521978662907	0.48810923017727503	2.430985550036091	0.08090521978662907	0.17949015893291015	8.018070779808949E-308	0.0	0.0	7.978791915436415E-308	-13389.500936024662	1.1344512241604355E306	6.716219929842809E305	3.1821112965529627E305	5.237417417085888E305	6.908993015590534E304	6	2	8	1	2
327000	-19251.15142553885	-3667.439541992193	-15583.711883546657	-3667.439541992193	5.092654318708856E305	2.6815834693988627E306	0.8234131502957124	0.48810923017727503	2.430985550036091	0.08090521978662907	0.48810923017727503	2.430985550036091	0.08090521978662907	0.3004998427386174	5.725769605473967E-308	0.0	0.0	6.569740408920316E-308	-13396.850212552694	3.976814798980454E305	1.0926776944698787E306	5.55645778273726E305	1.628288155761048E305	1.795171249121001E305	5	3	5	1	5
328000	-19179.887439063954	-3602.913478093053	-15576.9739609709	-3602.913478093053	3.3036247436595095E305	2.510297133820353E306	0.8234131502957124	0.48810923017727503	2.430985550036091	0.08090521978662907	0.48810923017727503	2.430985550036091	0.08090521978662907	0.2595353252603483	7.526324673129057E-308	0.0	0.0	6.69969518758982E-308	-13393.795460136183	1.416740433961735E306	9.107351876571124E305	4.667538042238214E305	3.0554912259950752E305	1.2039227570904293E305	1	12	1	2	3
329000	-19171.393611429256	-3641.6659532435942	-15529.727658185662	-3641.6659532435942	4.120211221553802E305	2.3530592832092205E306	0.8234131502957124	0.48810923017727503	2.430985550036091	0.08090521978662907	0.48810923017727503	2.430985550036091	0.08090521978662907	0.07623901639135332	8.888327032837554E-308	0.0	0.0	8.725138803173564E-308	-13390.702805629739	4.43042281960396E305	6.458481753296091E305	3.531996554120921E305	3.4065012474948477E305	2.8288609042615425E305	3	11	1	3	1
330000	-19284.925580872386	-3675.80947828019	-15609.116102592197	-3675.80947828019	2.3441136757635028E306	1.9001533212218094E307	0.8234131502957124	0.9816228572597843	1.9374719229535817	0.08090521978662907	0.9816228572597843	1.9374719229535817	0.08090521978662907	0.21325211629320223	7.847632411216486E-309	0.0	0.0	7.532473568601565E-309	-13432.231421210146	4.877076266484322E306	3.836432290629968E306	3.261700110413004E306	1.492555118832611E306	4.05860394736364E305	6	7	2	3	1
331000	-19228.538944149757	-3604.036395071051	-15624.502549078707	-3604.036395071051	5.488534351698228E306	3.140017275264757E307	0.8234131502957124	0.9816228572597843	1.9374719229535817	0.08090521978662907	0.9816228572597843	1.9374719229535817	0.08090521978662907	0.21663463958266563	3.243891236919496E-309	0.0	0.0	3.307869554006534E-309	-13441.804734394507	1.1108596340150705E307	1.0241968469778857E307	4.815863471951033E306	2.957896665486193E306	7.952701845077142E305	8	3	5	2	1
332000	-19409.69876412854	-3772.0833340742565	-15637.615430054284	-3772.0833340742565	8.65827169032198E306	5.720690735376911E307	0.8234131502957124	0.9816228572597843	1.9374719229535817	0.08090521978662907	0.9816228572597843	1.9374719229535817	0.08090521978662907	0.21444598327841066	1.22417423877775E-309	0.0	0.0	1.20389118281142E-309	-13450.272802998668	4.817760924018288E307	1.4396278455255306E307	1.0577364891129736E307	5.106670768097239E306	5.317583453838074E306	2	5	7	3	2
333000	-19360.848087643568	-3710.0908299389735	-15650.757257704594	-3710.0908299389735	9.583088921471266E306	7.350431989681996E307	0.8234131502957124	0.9816228572597843	1.495641171674999	0.5227359710652117	0.9816228572597843	1.495641171674999	0.5227359710652117	0.26214232258772274	1.6965348915465E-309	0.0	0.0	1.69978901975939E-309	-13460.457322907563	3.574533085113426E307	7.883022167532388E307	3.476909020177927E307	8.550564433290618E306	7.509314323023688E306	1	4	2	11	1
334000	-19285.968771229105	-3683.5704649448	-15602.398306284307	-3683.5704649448	2.034419676944148E307	8.370751251621242E307	0.8234131502957124	0.9816228572597843	1.495641171674999	0.5227359710652117	0.9816228572597843	1.495641171674999	0.5227359710652117	0.0745380556848872	1.59969525122476E-309	0.0	0.0	1.588565229483044E-309	-13455.168374327477	2.5144475017043426E307	1.249713160730683E307	9.023108237085631E306	1.0100633971947803E307	1.8002164459615953E307	1	5	8	3	2
335000	-19257.710901632567	-3605.2457344396425	-15652.465167192924	-3605.2457344396425	3.053507741748302E307	1.2294706778138965E308	0.8234131502957124	0.24481337469279307	2.2324506542419904	0.5227359710652117	0.24481337469279307	2.2324506542419904	0.5227359710652117	0.29268969559473396	7.8810924197417E-310	0.0	0.0	8.6641649084523E-310	-13458.364704301664	1.8072821949587993E307	8.368071127097644E306	1.1130328095697825E307	1.832211268822002E307	3.0067320095487044E307	3	1	8	5	2
336000	-19264.621346950917	-3636.0565755081275	-15628.564771442789	-3636.0565755081275	1.0008824706366227E307	5.592844914688411E307	0.8234131502957124	0.24481337469279307	2.5369288384816024	0.21825778682559954	0.24481337469279307	2.5369288384816024	0.21825778682559954	0.17509048958787754	2.22246501805777E-309	0.0	0.0	2.284089825617173E-309	-13452.496259417729	2.6496122953267537E307	1.1693098859355062E307	2.0943526246643126E307	1.2487601291915007E307	9.800262538239886E306	5	2	3	6	3
337000	-19198.573783899905	-3570.116478437811	-15628.457305462094	-3570.116478437811	7.24755887678304E306	3.0708688717745284E307	0.8234131502957124	0.24481337469279307	2.5369288384816024	0.21825778682559954	0.24481337469279307	2.5369288384816024	0.21825778682559954	0.3111656746420781	2.11596437569657E-309	0.0	0.0	2.38759886817251E-309	-13438.481634075215	7.347822823564992E306	5.5179760629096E306	5.144095371316453E306	2.953939158203574E306	4.8292126990028715E306	8	1	5	1	4
338000	-19257.898076120902	-3601.5281028145814	-15656.369973306322	-3601.5281028145814	1.9748677328981718E307	1.0799673577695627E308	0.8234131502957124	0.24481337469279307	2.5369288384816024	0.21825778682559954	0.24481337469279307	2.5369288384816024	0.21825778682559954	0.2354345578441176	1.509483985702153E-309	0.0	0.0	1.490002880688583E-309	-13463.275950324758	3.6218698212744336E307	1.43815560155767E307	2.310235038925758E307	9.733881308704811E306	1.5985544259323236E307	8	1	1	5	4
339000	-19288.496879104474	-3634.4808438197015	-15654.016035284772	-3634.4808438197015	5.621283889441923E307	Infinity	0.8234131502957124	0.24481337469279307	2.5369288384816024	0.21825778682559954	0.24481337469279307	2.5369288384816024	0.21825778682559954	0.12530166193012438	0.0	0.0	0.0	4.89035614182013E-310	-13480.580672814318	8.96344365072645E307	3.53043398712779E307	1.9618733557169486E307	3.5680823464577264E307	4.678836349764721E307	6	1	2	1	9
340000	-19227.922386921062	-3577.2705847885663	-15650.651802132497	-3577.2705847885663	4.010289216653135E307	Infinity	0.8234131502957124	0.24481337469279307	2.5369288384816024	0.21825778682559954	0.24481337469279307	2.5369288384816024	0.21825778682559954	0.09124049091177898	0.0	0.0	0.0	2.23298074463144E-310	-13487.013182508636	1.3820321776598735E308	8.514444042817278E307	3.865654753476352E307	2.8269947519469143E307	1.6049977843759093E307	2	8	2	3	4
341000	-19185.422786190837	-3562.300070003719	-15623.122716187117	-3562.300070003719	2.4991204671223085E307	1.4334702938054033E308	0.8234131502957124	0.24481337469279307	2.5369288384816024	0.21825778682559954	0.24481337469279307	2.5369288384816024	0.21825778682559954	0.07417991690534598	1.148014307733393E-309	0.0	0.0	1.098821799348994E-309	-13469.376649847189	3.1661777475164764E307	2.2020420130367608E307	2.0403340336073934E307	2.1143794898260212E307	6.051411728260828E306	7	3	5	3	1
342000	-19237.602170880255	-3606.6138469371544	-15630.9883239431	-3606.6138469371544	2.6587148839983717E307	1.1586201326768491E308	0.8234131502957124	0.24481337469279307	2.5369288384816024	0.21825778682559954	0.24481337469279307	2.5369288384816024	0.21825778682559954	0.12593950426830802	9.10806217934524E-310	0.0	0.0	8.76361914535505E-310	-13463.63974061013	3.0062722737890615E307	2.640578360116191E307	2.523593627436477E307	1.0251963583701915E307	1.945919406092267E307	4	1	4	9	1
343000	-19175.03886210516	-3518.5167534399543	-15656.522108665205	-3518.5167534399543	5.156310919001393E307	Infinity	0.8234131502957124	0.24481337469279307	2.5369288384816024	0.21825778682559954	0.24481337469279307	2.5369288384816024	0.21825778682559954	0.14741205808357227	0.0	0.0	0.0	5.8535433024153E-310	-13479.021217059528	9.491756094477494E307	3.888119099921542E307	7.511076517997141E307	4.3527042255343215E307	2.547797478297048E307	5	2	7	2	3
344000	-19329.420887601	-3677.89527819225	-15651.52560940875	-3677.89527819225	2.4596370220222947E307	Infinity	0.8234131502957124	0.24481337469279307	2.5369288384816024	0.21825778682559954	0.24481337469279307	2.5369288384816024	0.21825778682559954	0.12315057101318601	0.0	0.0	0.0	4.30091415584373E-310	-13480.515374638919	1.6942833258965799E308	9.168885802471618E307	4.792840665546503E307	1.2183179892809206E307	5.963412440366019E306	1	10	3	2	3
345000	-19347.155697706046	-3657.5957412133407	-15689.559956492707	-3657.5957412133407	4.191363873856293E307	Infinity	0.8234131502957124	0.24481337469279307	2.5369288384816024	0.21825778682559954	0.24481337469279307	2.5369288384816024	0.21825778682559954	0.29859766443905233	0.0	0.0	0.0	8.6600980899476E-310	-13483.25070486593	6.940875315285656E307	9.168885802471618E307	7.902226254741826E307	2.759599765451013E307	1.7765731456268977E307	3	6	4	4	2
346000	-19276.86052180033	-3608.451466172854	-15668.409055627473	-3608.451466172854	4.3789459803422387E307	Infinity	0.8234131502957124	0.24481337469279307	2.5369288384816024	0.21825778682559954	0.24481337469279307	2.5369288384816024	0.21825778682559954	0.20494599543880165	0.0	0.0	0.0	5.7935137392699E-310	-13479.248678922235	3.6040470721611306E307	7.021135353040952E307	7.275128696744739E307	4.954548330706146E307	1.2599335943404722E307	1	4	2	8	4
347000	-19246.3526602007	-3566.7114746793386	-15679.641185521361	-3566.7114746793386	4.781786228591616E307	Infinity	0.8234131502957124	0.24481337469279307	2.5369288384816024	0.21825778682559954	0.24481337469279307	2.5369288384816024	0.21825778682559954	0.16140449031575693	0.0	0.0	0.0	2.9096147614094E-310	-13487.594714736379	9.220797103475399E307	1.7077534065300815E308	1.413399898005766E308	9.069927347740433E307	4.962351987351886E307	3	1	4	2	9
348000	-19248.75456575872	-3595.6752887325106	-15653.07927702621	-3595.6752887325106	6.526367435377852E307	Infinity	0.8234131502957124	0.24481337469279307	2.5369288384816024	0.21825778682559954	0.24481337469279307	2.5369288384816024	0.21825778682559954	0.10389921614086982	0.0	0.0	0.0	1.8888918728088E-310	-13484.052960290172	8.557102478700789E307	6.461522539770572E307	4.667573563497644E307	1.2610881227057366E308	3.4790883982693115E307	1	3	8	4	3
349000	-19290.734354878525	-3618.784967258344	-15671.94938762018	-3618.784967258344	9.209378057585505E307	Infinity	0.8234131502957124	0.24481337469279307	2.5369288384816024	0.21825778682559954	0.24481337469279307	2.5369288384816024	0.21825778682559954	0.18092501393569266	0.0	0.0	0.0	2.5919366898567E-310	-13488.67126833745	1.0219658733439539E308	6.506504160234074E307	8.209829377066473E307	4.998492149983757E307	4.2200159275595743E307	2	2	5	3	7
350000	-19350.931069088252	-3672.661367200509	-15678.269701887744	-3672.661367200509	5.548470778731621E307	Infinity	0.8234131502957124	0.24481337469279307	2.5369288384816024	0.21825778682559954	0.24481337469279307	2.5369288384816024	0.21825778682559954	0.1960123497039371	0.0	0.0	0.0	5.43339635248487E-310	-13490.563469879376	1.5759308370249677E308	8.64538882983796E307	8.209829377066473E307	6.456796376999215E307	7.690266502421749E307	2	4	8	3	2
351000	-19198.768810529295	-3516.264213256375	-15682.50459727292	-3516.264213256375	9.505676592986178E307	Infinity	0.8234131502957124	0.24481337469279307	2.5369288384816024	0.21825778682559954	0.24481337469279307	2.5369288384816024	0.21825778682559954	0.2913518646816309	0.0	0.0	0.0	1.65027086792554E-310	-13484.299863165563	5.770092439821619E307	7.3827439592061E307	1.1814623759130558E308	4.858548964931289E307	6.599548962616924E307	7	1	5	5	1
352000	-19300.07356575463	-3613.956508789447	-15686.11705696518	-3613.956508789447	1.0029018754721812E308	Infinity	0.8234131502957124	0.24481337469279307	2.5369288384816024	0.21825778682559954	0.24481337469279307	2.5369288384816024	0.21825778682559954	0.232139043858399	0.0	0.0	0.0	3.76169446013993E-310	-13487.393807407901	1.1938608655454603E308	4.930210041876618E307	4.79294964670897E307	2.7587326062212935E307	6.904998574050691E307	6	5	4	3	1
353000	-19314.75108326639	-3627.4577711366446	-15687.293312129745	-3627.4577711366446	8.262051183452426E307	Infinity	0.8234131502957124	0.24481337469279307	2.5369288384816024	0.21825778682559954	0.24481337469279307	2.5369288384816024	0.21825778682559954	0.19793930138344595	0.0	0.0	0.0	1.563318707485E-310	-13494.288709380618	1.0509362018225136E308	8.679996247758546E307	1.2780444826285518E308	5.527403045885972E307	8.564522741759748E307	1	1	12	4	1
354000	-19265.192399895295	-3583.820151269638	-15681.372248625657	-3583.820151269638	6.195412769590679E307	Infinity	0.8234131502957124	0.24481337469279307	2.5369288384816024	0.21825778682559954	0.24481337469279307	2.5369288384816024	0.21825778682559954	0.24757761703369596	0.0	0.0	0.0	1.52901962299963E-310	-13485.05916846582	1.5330204983577847E308	5.123474243967808E307	1.0397801751931914E308	7.466331817702233E307	5.093048810764393E307	1	11	2	4	1
355000	-19281.016726774604	-3598.339893993853	-15682.67683278075	-3598.339893993853	6.031787257985608E307	Infinity	0.8234131502957124	0.24481337469279307	2.5369288384816024	0.21825778682559954	0.24481337469279307	2.5369288384816024	0.21825778682559954	0.23902368459891182	0.0	0.0	0.0	2.90513191355593E-310	-13492.619780139117	1.4452498922123026E308	1.44055494224392E308	3.0679038308338694E307	1.6479933010988385E307	1.3757025470878565E307	5	7	5	1	1
356000	-19291.64881714146	-3629.5081804104134	-15662.140636731046	-3629.5081804104134	6.571082861631022E307	Infinity	0.8234131502957124	0.24481337469279307	2.5369288384816024	0.21825778682559954	0.24481337469279307	2.5369288384816024	0.21825778682559954	0.17661171530520606	0.0	0.0	0.0	3.0939331587946E-310	-13487.13637192058	8.075405989547531E307	6.267796756270527E307	5.497938961620821E307	3.302798124992277E307	2.69854811756006E307	5	7	5	1	1
357000	-19341.909286439215	-3640.695236314465	-15701.214050124749	-3640.695236314465	1.1246254512009066E308	Infinity	0.8234131502957124	0.09211861829252432	2.689623594881871	0.21825778682559954	0.09211861829252432	2.689623594881871	0.21825778682559954	0.3528260129746649	0.0	0.0	0.0	3.9100214989765E-310	-13487.886902163238	1.4954062134357397E308	1.6003253020165788E308	8.030527360799959E307	4.049360817362001E307	1.2841331095986615E308	3	3	8	3	2
358000	-19346.72336231234	-3671.5698327107366	-15675.153529601605	-3671.5698327107366	3.330976760513927E307	Infinity	0.8234131502957124	0.09211861829252432	2.689623594881871	0.21825778682559954	0.09211861829252432	2.689623594881871	0.21825778682559954	0.30284179458461175	0.0	0.0	0.0	5.39641235675487E-310	-13477.113633667817	6.503445254641097E307	8.041005730735656E307	7.219756894921584E307	1.504709524069632E307	1.3630645272323417E307	3	4	7	3	2
359000	-19382.794259480917	-3709.5699274459466	-15673.22433203497	-3709.5699274459466	3.0441812285986354E307	Infinity	0.8234131502957124	0.09211861829252432	2.689623594881871	0.21825778682559954	0.09211861829252432	2.689623594881871	0.21825778682559954	0.1980259988769556	0.0	0.0	0.0	8.6442154293156E-310	-13479.182179005042	9.23179149810433E307	9.425176386928023E307	6.698891974420849E307	3.577594037378905E307	1.8932984899565226E307	3	3	4	5	4
360000	-19275.64524875678	-3609.3230319641316	-15666.322216792649	-3609.3230319641316	2.3089663652898977E307	1.363577163998284E308	0.8234131502957124	0.09211861829252432	2.689623594881871	0.21825778682559954	0.09211861829252432	2.689623594881871	0.21825778682559954	0.24973656174149592	1.231414702635836E-309	0.0	0.0	1.275877436925415E-309	-13473.319557503642	1.4695057683098255E308	5.978792142292151E307	2.3947753244389494E307	1.0839085602344652E307	1.0178804743093826E307	4	1	11	2	1
361000	-19238.875138686984	-3576.919589001534	-15661.955549685452	-3576.919589001534	3.390023909199348E307	1.5642223375693592E308	0.8234131502957124	0.09211861829252432	2.689623594881871	0.21825778682559954	0.09211861829252432	2.689623594881871	0.21825778682559954	0.26700259127565534	1.23557102517428E-309	0.0	0.0	1.343480171918453E-309	-13470.322590345595	1.2776157780648994E308	7.135148258035522E307	3.6564017422657765E307	1.3432586682724054E307	1.1393743939595627E307	3	3	6	6	1
362000	-19368.70208193165	-3675.424868769255	-15693.277213162395	-3675.424868769255	5.63179603734482E307	Infinity	0.8234131502957124	0.09211861829252432	2.689623594881871	0.21825778682559954	0.09211861829252432	2.689623594881871	0.21825778682559954	0.2747859887606293	0.0	0.0	0.0	3.47928477765704E-310	-13485.689447478697	1.7712268105573584E308	1.017911998788027E308	1.1473497409628037E307	2.365901535225112E307	3.821998064507104E306	9	3	1	5	1
363000	-19222.72613795715	-3538.4700774554894	-15684.25606050166	-3538.4700774554894	5.26098774341866E307	Infinity	0.8234131502957124	0.09211861829252432	2.689623594881871	0.21825778682559954	0.09211861829252432	2.689623594881871	0.21825778682559954	0.2959380456938193	0.0	0.0	0.0	2.5819924301656E-310	-13487.321916137573	1.0041559330261443E308	1.4541951086232405E308	6.208650378238718E307	4.978660055892044E307	1.4257046674868136E307	8	4	1	3	3
364000	-19443.3961970723	-3743.6765133689346	-15699.719683703366	-3743.6765133689346	1.4237070067925159E308	Infinity	0.8234131502957124	0.09211861829252432	2.689623594881871	0.21825778682559954	0.09211861829252432	2.689623594881871	0.21825778682559954	0.3012076897563797	0.0	0.0	0.0	4.01286106184616E-310	-13491.329274826512	1.4684016224141057E308	1.7400418050516531E308	9.388587091018343E307	5.726614979803314E307	5.423313088483392E307	13	2	1	2	1
365000	-19258.857071520608	-3599.406730426105	-15659.450341094502	-3599.406730426105	4.228267592923686E307	Infinity	0.8234131502957124	0.09211861829252432	2.689623594881871	0.21825778682559954	0.09211861829252432	2.689623594881871	0.21825778682559954	0.13527408515315856	0.0	0.0	0.0	3.34319393758873E-310	-13485.071731659225	1.1689872349904575E308	8.340346180299965E307	8.729035766335272E307	8.470359710007753E307	2.834389832755836E307	1	4	8	2	4
366000	-19308.337906960074	-3628.310357326896	-15680.027549633178	-3628.310357326896	4.689515899885336E307	Infinity	0.8234131502957124	0.09211861829252432	2.4033242698923525	0.504557111815118	0.09211861829252432	2.4033242698923525	0.504557111815118	0.23290479784125212	0.0	0.0	0.0	8.08907154393757E-310	-13482.824066669878	9.046377921031327E307	5.633918430239294E307	8.729035766335272E307	9.133657549911369E307	3.21738993822266E307	4	1	7	4	3
367000	-19312.61482930889	-3617.0257506227717	-15695.589078686122	-3617.0257506227717	3.939573407025312E307	Infinity	0.8234131502957124	0.09211861829252432	2.4033242698923525	0.504557111815118	0.09211861829252432	2.4033242698923525	0.504557111815118	0.3292516405892972	0.0	0.0	0.0	2.77740544390306E-310	-13483.882549512717	5.227962283941524E307	1.4051456824141828E308	1.3046524644107468E308	7.13840923967877E307	6.025775359187491E307	3	1	9	4	2
368000	-19276.538738160794	-3588.4532068863896	-15688.085531274406	-3588.4532068863896	4.455277067710591E307	Infinity	0.8234131502957124	0.09211861829252432	2.4033242698923525	0.504557111815118	0.09211861829252432	2.4033242698923525	0.504557111815118	0.33089935614277943	0.0	0.0	0.0	6.8052020674584E-310	-13475.324191448062	4.687058990406746E307	5.049950454516959E307	4.3862776391970867E307	3.5130484961910836E307	1.0371496028924825E308	4	2	6	5	2
369000	-19179.957663054814	-3532.1101282273276	-15647.847534827486	-3532.1101282273276	3.467912307981988E307	Infinity	0.8234131502957124	0.09211861829252432	2.4033242698923525	0.504557111815118	0.09211861829252432	2.4033242698923525	0.504557111815118	0.15455129641675053	0.0	0.0	0.0	7.32383033815903E-310	-13473.08335779364	9.629735228158524E307	8.548689222241778E307	7.158912037472276E307	2.41429060914274E307	2.2266215768051685E307	1	3	4	6	5
370000	-19361.839014342142	-3698.3615556600853	-15663.477458682055	-3698.3615556600853	6.149152401040631E307	Infinity	0.8234131502957124	0.09211861829252432	2.4033242698923525	0.504557111815118	0.09211861829252432	2.4033242698923525	0.504557111815118	0.1973999606804242	0.0	0.0	0.0	6.759364446834E-310	-13477.39336686806	8.747149695521368E307	5.239785816228404E307	5.242367441739761E307	3.0462796114089694E307	1.71275174054595E307	3	5	4	5	2
371000	-19282.643677190754	-3635.533839535446	-15647.10983765531	-3635.533839535446	1.5987888830027815E307	1.1145067277892956E308	0.8234131502957124	0.09211861829252432	2.4033242698923525	0.504557111815118	0.09211861829252432	2.4033242698923525	0.504557111815118	0.15403911084901617	1.615775035009083E-309	0.0	0.0	1.66232547062521E-309	-13463.69196286939	1.4209364291017449E308	3.2884507431090487E307	2.010688446379873E307	2.0611765076937513E307	5.847399824247048E306	1	1	5	8	4
372000	-19295.05758117175	-3655.9987100320072	-15639.058871139741	-3655.9987100320072	1.267393634493626E307	1.144422500366277E308	0.8234131502957124	0.09211861829252432	2.4033242698923525	0.504557111815118	0.09211861829252432	2.4033242698923525	0.504557111815118	0.1594836726868176	8.4525386504702E-310	0.0	0.0	8.7281492408988E-310	-13463.749034437498	3.1450040876652297E307	4.1787938403992585E307	2.5921981750514E307	1.0188817730490866E307	3.332027166520932E306	3	4	3	4	5
373000	-19283.18271177784	-3677.7107017397634	-15605.472010038076	-3677.7107017397634	4.7597860154289066E306	4.31362591667977E307	0.8234131502957124	0.09211861829252432	2.4033242698923525	0.504557111815118	0.09211861829252432	2.4033242698923525	0.504557111815118	0.09730984905488045	5.227776591643245E-309	0.0	0.0	5.120545465728008E-309	-13448.857211851624	1.358011587120514E307	2.1167370133799742E307	1.2159666334235365E307	1.8830871793198417E307	5.222144103360729E306	4	2	3	4	6
374000	-19337.335367780048	-3709.7754640342496	-15627.559903745798	-3709.7754640342496	5.153299978680243E306	2.9377186617537074E307	0.8234131502957124	0.3601800241941545	2.4033242698923525	0.23649570591348779	0.3601800241941545	2.4033242698923525	0.23649570591348779	0.294940703245777	3.694900174002277E-309	0.0	0.0	3.943424326061765E-309	-13440.62061585513	5.4522327375394037E306	4.546078421373285E306	4.6730386893753595E306	5.805701923267742E306	3.471766234871E306	3	8	1	6	1
375000	-19255.419905246694	-3647.564868419032	-15607.855036827663	-3647.564868419032	9.963413438678097E306	4.89344866741702E307	0.8234131502957124	0.10445284835689916	2.4033242698923525	0.49222288175074314	0.10445284835689916	2.4033242698923525	0.49222288175074314	0.11303772128225802	2.6015350966098E-309	0.0	0.0	2.909997173413855E-309	-13441.903449772744	6.246495251433604E306	5.497834518438932E306	5.1125891718654644E306	1.2774122407193775E307	1.0181423817481545E307	2	5	8	3	1
376000	-19264.805958383397	-3639.7190370469475	-15625.08692133645	-3639.7190370469475	2.0120102932355347E307	7.375813163585671E307	0.8234131502957124	0.10445284835689916	2.4033242698923525	0.49222288175074314	0.10445284835689916	2.4033242698923525	0.49222288175074314	0.15198172290270068	1.900894877736034E-309	0.0	0.0	1.91103338696584E-309	-13451.646662128062	3.1594778821834033E307	2.1691223771885726E307	8.061104771034953E306	1.1169699618771102E307	9.471015082079352E306	1	8	3	6	1
377000	-19355.26327593942	-3712.389857253871	-15642.873418685549	-3712.389857253871	2.0895708933588627E307	1.214980774634472E308	0.8234131502957124	0.10445284835689916	2.650106250131688	0.2454409015114077	0.10445284835689916	2.650106250131688	0.2454409015114077	0.1444290863965856	1.81161106736627E-309	0.0	0.0	1.85311771100482E-309	-13466.204571184286	4.996793669297354E307	2.5157715425336305E307	1.9709644140584758E307	1.7639982503993095E307	3.0659549963757745E307	2	1	1	13	2
378000	-19430.498485605418	-3747.7092939272725	-15682.789191678145	-3747.7092939272725	5.132982935290254E307	Infinity	0.8234131502957124	0.34047703046802913	2.650106250131688	0.009416719400277773	0.34047703046802913	2.650106250131688	0.009416719400277773	0.28249281711681534	0.0	0.0	0.0	5.0765285869012E-310	-13480.699544003348	1.0664339907727428E308	7.534773952540884E307	4.666320358415436E307	3.961174636568922E307	1.6634717714911082E307	11	1	1	2	4
379000	-19353.489624732647	-3677.6564470033322	-15675.833177729313	-3677.6564470033322	4.971654383313713E307	Infinity	0.8234131502957124	0.34047703046802913	2.650106250131688	0.009416719400277773	0.34047703046802913	2.650106250131688	0.009416719400277773	0.19875601025158773	0.0	0.0	0.0	8.44014397334206E-310	-13481.047701351405	6.704452971397799E307	8.71636306394877E307	6.136116415299555E307	6.101739404783273E307	3.4502457751776795E307	1	13	1	3	1
380000	-19474.009446121767	-3797.359159195221	-15676.650286926544	-3797.359159195221	5.954119617957498E307	Infinity	0.8234131502957124	0.34047703046802913	2.650106250131688	0.009416719400277773	0.34047703046802913	2.650106250131688	0.009416719400277773	0.21219224420560126	0.0	0.0	0.0	6.40186584469595E-310	-13483.790281928743	1.0610292267803617E308	7.61191808426937E307	4.344719344698106E307	1.0008162157510737E308	4.277976479309578E307	3	1	4	10	1
381000	-19239.74250562721	-3553.1755535550637	-15686.56695207215	-3553.1755535550637	8.465388109090223E307	Infinity	0.8234131502957124	0.34047703046802913	2.650106250131688	0.009416719400277773	0.34047703046802913	2.650106250131688	0.009416719400277773	0.2644122137935768	0.0	0.0	0.0	3.1416039096333E-310	-13487.588025271767	1.0067027650559614E308	1.171766470850214E308	3.9726576792501914E307	5.748110708398507E307	7.607630521036202E307	1	4	2	11	1
382000	-19336.909739388648	-3657.6972271094432	-15679.212512279204	-3657.6972271094432	7.510739179272135E307	Infinity	0.8234131502957124	0.8103515261587583	2.1802317544409586	0.009416719400277773	0.8103515261587583	2.1802317544409586	0.009416719400277773	0.2337911531121614	0.0	0.0	0.0	2.74280883820935E-310	-13489.987158131315	1.3146723728609156E308	9.461246594159727E307	1.6556939555007148E308	8.266222897729411E307	2.535793617984999E307	1	4	11	1	2
383000	-19307.4250597358	-3631.4413710616636	-15675.983688674136	-3631.4413710616636	3.320215151685755E307	Infinity	0.8234131502957124	0.03916533803354272	2.1802317544409586	0.7806029075254933	0.03916533803354272	2.1802317544409586	0.7806029075254933	0.3067580999578477	0.0	0.0	0.0	6.6211595570604E-310	-13473.67422744808	1.7229252630762512E308	9.523557034358897E307	2.6363693868288797E307	6.124689075780222E307	5.361671213049936E307	1	1	8	5	4
384000	-19324.46170270383	-3623.690402437901	-15700.77130026593	-3623.690402437901	4.555260466906578E307	Infinity	0.8234131502957124	0.03916533803354272	2.445532980500232	0.5153016814662199	0.03916533803354272	2.445532980500232	0.5153016814662199	0.3620755172014999	0.0	0.0	0.0	1.00081730066428E-309	-13479.784932189375	3.430339251664183E307	1.3622386013169968E308	6.406955233969327E307	6.191249536078047E307	5.16803111074784E307	2	2	8	4	3
385000	-19405.06085387969	-3749.903840198576	-15655.157013681115	-3749.903840198576	3.2552394090386825E307	Infinity	0.8234131502957124	0.03916533803354272	2.445532980500232	0.5153016814662199	0.03916533803354272	2.445532980500232	0.5153016814662199	0.11896561525885514	0.0	0.0	0.0	9.98433663514125E-310	-13480.838788143674	1.2182399720784884E308	8.741677972644331E307	6.406955233969327E307	1.555554541165693E307	4.9557233010178176E306	3	8	3	4	1
386000	-19223.925034579537	-3556.712570515231	-15667.212464064307	-3556.712570515231	5.178379054011314E307	Infinity	0.8234131502957124	0.03916533803354272	2.445532980500232	0.5153016814662199	0.03916533803354272	2.445532980500232	0.5153016814662199	0.1968989569929888	0.0	0.0	0.0	6.2988178154323E-310	-13471.28233804876	1.2182399720784884E308	6.282969405420927E307	2.2529161275968383E307	1.8411087332474257E307	1.509921560019818E307	3	4	8	1	3
387000	-19328.199131446483	-3662.410961257466	-15665.788170189018	-3662.410961257466	4.24004054509946E307	Infinity	0.3794048819726097	0.46045492031975593	2.1604971052677207	0.3790479744125181	0.46045492031975593	2.1604971052677207	0.3790479744125181	0.1980858536198092	0.0	0.0	0.0	3.52979740729006E-310	-13478.736819959504	1.3207580578164916E308	6.614333842636578E307	4.911351098894677E307	3.986386833864927E307	6.564373793216742E307	1	11	4	1	2
388000	-19321.24918845825	-3621.6864014097255	-15699.562787048524	-3621.6864014097255	4.803158383041954E307	Infinity	0.17631978524687497	0.46045492031975593	2.1604971052677207	0.3790479744125181	0.46045492031975593	2.1604971052677207	0.3790479744125181	0.42765161383927813	0.0	0.0	0.0	5.2524559295726E-310	-13479.361472725648	1.0442299939401524E308	7.695227149083598E307	9.957598804707687E307	9.33724952254972E307	2.762925218656937E307	1	11	2	1	4
389000	-19253.90787364734	-3602.1444688087736	-15651.763404838564	-3602.1444688087736	6.007966091462588E307	Infinity	0.1745456667245036	0.46045492031975593	2.1604971052677207	0.3790479744125181	0.46045492031975593	2.1604971052677207	0.3790479744125181	0.13748086724511738	0.0	0.0	0.0	4.2914017380388E-310	-13481.264540144359	4.807353593081534E307	3.72997105107147E307	4.2797205155746716E307	5.409591740374824E307	3.638985373272796E307	8	1	1	3	6
390000	-19232.548142910986	-3548.445648776194	-15684.102494134793	-3548.445648776194	4.599678808774118E307	Infinity	0.1745456667245036	0.46045492031975593	2.1604971052677207	0.3790479744125181	0.46045492031975593	2.1604971052677207	0.3790479744125181	0.24941097194863746	0.0	0.0	0.0	4.7460652428811E-310	-13478.376898226585	8.519964547808921E307	3.3840690836161397E307	7.569876859309799E307	4.582002081472833E307	1.733454051193208E307	4	2	1	10	2
391000	-19316.750491222745	-3630.960049749413	-15685.790441473331	-3630.960049749413	6.148829239065382E307	Infinity	0.1745456667245036	0.05317242501841707	2.1604971052677207	0.7863304697138569	0.05317242501841707	2.1604971052677207	0.7863304697138569	0.1961048068732637	0.0	0.0	0.0	2.66960992193313E-310	-13496.47256375515	1.652829179569723E308	9.613578604055314E307	6.503416329028568E307	5.156320279875589E307	1.1749949355789801E308	4	4	3	5	3
392000	-19416.84660553026	-3717.6337776445894	-15699.212827885669	-3717.6337776445894	3.6990832053042345E307	Infinity	0.1745456667245036	0.05317242501841707	2.1604971052677207	0.7863304697138569	0.05317242501841707	2.1604971052677207	0.7863304697138569	0.36979996436053375	0.0	0.0	0.0	5.0130780844243E-310	-13482.202499030971	7.215054221747852E307	1.2318680515730722E308	4.865667893726953E307	3.8141915985700144E307	1.6962696338052873E307	11	1	2	4	1
393000	-19305.2740700321	-3627.6490540849404	-15677.62501594716	-3627.6490540849404	9.286629586438096E307	Infinity	0.28997315635538723	0.05317242501841707	2.8048473252445683	0.1419802497370094	0.05317242501841707	2.8048473252445683	0.1419802497370094	0.15992908473719378	0.0	0.0	0.0	1.6728942004985E-310	-13497.725148815962	1.1522945288297378E308	1.2414832806613E308	1.316123314849387E308	1.080522489704204E308	6.234798979340444E307	4	11	1	2	1
394000	-19345.769024758352	-3706.199702392257	-15639.569322366096	-3706.199702392257	3.8498368529736276E307	Infinity	0.28997315635538723	0.05317242501841707	2.8048473252445683	0.1419802497370094	0.05317242501841707	2.8048473252445683	0.1419802497370094	0.07331327762269488	0.0	0.0	0.0	3.2031792671891E-310	-13480.91163467869	6.548081815658901E307	6.96320002111179E307	3.8461071444153697E307	4.042335024340491E307	3.9005782590133815E307	5	3	2	2	7
395000	-19416.614590775436	-3751.5873788193253	-15665.027211956112	-3751.5873788193253	3.6934282695022985E307	Infinity	0.28997315635538723	0.05317242501841707	2.8048473252445683	0.1419802497370094	0.05317242501841707	2.8048473252445683	0.1419802497370094	0.15957463059166477	0.0	0.0	0.0	4.1841021906362E-310	-13483.465180345336	8.661588561497843E307	4.259275730885347E307	2.0676394927021742E307	1.5604657312019953E307	1.5685842408940896E307	10	4	1	2	2
396000	-19412.784015513753	-3753.6689177174703	-15659.11509779628	-3753.6689177174703	8.577486942816426E307	Infinity	0.28997315635538723	0.05317242501841707	2.8048473252445683	0.1419802497370094	0.05317242501841707	2.8048473252445683	0.1419802497370094	0.09774407348449941	0.0	0.0	0.0	1.88288265774477E-310	-13493.001387549677	1.279924945399664E308	1.6711750734102968E308	1.27457959026319E308	7.994756154822988E307	5.101982197471733E307	5	1	2	9	2
397000	-19365.68252390192	-3707.625708717442	-15658.056815184478	-3707.625708717442	4.288645632733573E307	Infinity	0.28997315635538723	0.05317242501841707	2.8048473252445683	0.1419802497370094	0.05317242501841707	2.8048473252445683	0.1419802497370094	0.14111522619564784	0.0	0.0	0.0	7.9981837216965E-310	-13482.519081157368	1.279924945399664E308	1.4142596081283154E308	4.416654573786171E307	4.927934839450767E307	3.979296770175347E307	1	1	4	10	3
398000	-19249.925295649602	-3571.3915262310584	-15678.533769418544	-3571.3915262310584	2.292341634261731E307	1.6578505448027297E308	0.28997315635538723	0.05317242501841707	2.8048473252445683	0.1419802497370094	0.05317242501841707	2.8048473252445683	0.1419802497370094	0.2512635899826309	8.2254303967281E-310	0.0	0.0	6.9383615484285E-310	-13473.795278927448	9.098693383246347E307	2.2090948867061966E307	2.8697324994547387E307	3.2689099214531113E307	3.198956474453758E307	4	1	2	1	11
399000	-19237.11715658883	-3604.6664835628967	-15632.45067302593	-3604.6664835628967	2.502627422609826E307	1.3622744993767141E308	0.28997315635538723	0.05317242501841707	2.8048473252445683	0.1419802497370094	0.05317242501841707	2.8048473252445683	0.1419802497370094	0.1113985605105886	4.42790943521615E-310	0.0	0.0	4.4406426626267E-310	-13469.341123113256	1.0725785276741351E308	2.9070842778795123E307	3.0674041321689146E307	1.6915744685690113E307	1.5337916428532834E307	2	2	1	2	12
400000	-19270.1557211959	-3637.1523770290655	-15633.003344166835	-3637.1523770290655	1.2412120764159266E307	8.204455608955866E307	0.28997315635538723	0.05317242501841707	2.8048473252445683	0.1419802497370094	0.05317242501841707	2.8048473252445683	0.1419802497370094	0.17761120387617993	2.32754074818183E-309	0.0	0.0	2.34892302295488E-309	-13460.567490180503	4.410653525711673E307	1.8918116095986403E307	2.1122326200914565E307	1.215019414782765E307	8.207266778587857E306	4	6	3	3	3
401000	-19284.709573108426	-3625.252983215423	-15659.456589893003	-3625.252983215423	3.5793166358495204E307	1.5678032301916701E308	0.28997315635538723	0.05317242501841707	2.8048473252445683	0.1419802497370094	0.05317242501841707	2.8048473252445683	0.1419802497370094	0.2601135850403365	4.79693165517803E-310	0.0	0.0	4.4731776777217E-310	-13467.770412666168	5.942722870480248E307	2.3285682688528065E307	2.3896633435548364E307	3.2616705829106636E307	1.479560709392147E307	3	4	5	5	2
402000	-19421.40646716578	-3722.0677688882656	-15699.338698277514	-3722.0677688882656	1.0224619274403362E308	Infinity	0.28997315635538723	0.05317242501841707	2.8048473252445683	0.1419802497370094	0.05317242501841707	2.8048473252445683	0.1419802497370094	0.4192323530368051	0.0	0.0	0.0	1.6901905849713E-310	-13483.782848873368	4.72505697352305E307	5.449465860703564E307	6.054300429097269E307	5.534771731372115E307	4.1990910440203634E307	8	6	1	2	2
403000	-19265.14188762873	-3607.325778236951	-15657.81610939178	-3607.325778236951	4.077376944481841E307	Infinity	0.28997315635538723	0.05317242501841707	2.8048473252445683	0.1419802497370094	0.05317242501841707	2.8048473252445683	0.1419802497370094	0.15547235630032105	0.0	0.0	0.0	3.7661430379529E-310	-13480.79295376463	4.546296868950235E307	4.910254983732155E307	9.289358307398405E307	1.447713712142276E308	6.869807816036321E307	3	5	3	5	3
404000	-19326.748255686198	-3661.759764809959	-15664.988490876238	-3661.759764809959	3.0319350840510456E307	Infinity	0.28997315635538723	0.05317242501841707	2.8048473252445683	0.1419802497370094	0.05317242501841707	2.8048473252445683	0.1419802497370094	0.2351126647770948	0.0	0.0	0.0	6.34314024581656E-310	-13477.014690171092	1.3209342826852438E308	4.1619296723459635E307	3.1726146686184123E307	5.689777494416216E307	4.830962138852796E307	3	6	3	5	2
405000	-19329.810741463763	-3623.9597534479367	-15705.850988015825	-3623.9597534479367	7.811530101823627E307	Infinity	0.28997315635538723	0.05317242501841707	2.8048473252445683	0.1419802497370094	0.05317242501841707	2.8048473252445683	0.1419802497370094	0.38107435291649416	0.0	0.0	0.0	1.6720417346624E-310	-13495.590169292933	1.5113678486574715E308	1.1813294737044957E308	1.488650265671086E308	5.065222026620098E307	6.988489892086881E307	8	2	1	5	3
406000	-19371.671867565427	-3698.320438384483	-15673.351429180942	-3698.320438384483	6.745120444351593E307	Infinity	0.28997315635538723	0.05317242501841707	2.8048473252445683	0.1419802497370094	0.05317242501841707	2.8048473252445683	0.1419802497370094	0.20515429153655823	0.0	0.0	0.0	3.1316912654172E-310	-13487.37984991861	8.31908253262492E307	6.979890398309279E307	9.087205596716918E307	4.541564203841943E307	8.555455683232465E307	6	2	7	3	1
407000	-19361.13189443687	-3676.333641854106	-15684.798252582761	-3676.333641854106	2.8695802684600514E307	Infinity	0.28997315635538723	0.5392259875927095	2.3187937626702757	0.1419802497370094	0.5392259875927095	2.3187937626702757	0.1419802497370094	0.4096111722609704	0.0	0.0	0.0	1.18193868461872E-309	-13473.05093276287	7.260294468719645E307	2.8484801581810523E307	6.987547017577971E307	1.752128567427304E307	1.373580674702856E307	6	4	5	1	3
408000	-19362.019285983348	-3703.866382179007	-15658.152903804339	-3703.866382179007	2.0166760867917842E307	Infinity	0.28997315635538723	0.5392259875927095	2.3187937626702757	0.1419802497370094	0.5392259875927095	2.3187937626702757	0.1419802497370094	0.15761347645126028	0.0	0.0	0.0	4.0285597142904E-310	-13478.127289444801	1.2699371292484996E308	8.070312363433658E307	6.921536761696787E307	2.4991093483447603E307	1.0691810409782206E307	4	5	2	3	5
409000	-19311.660031841642	-3610.558987199538	-15701.101044642104	-3610.558987199538	6.407227328036779E307	Infinity	0.28997315635538723	0.5392259875927095	2.3187937626702757	0.1419802497370094	0.5392259875927095	2.3187937626702757	0.1419802497370094	0.31565320887045395	0.0	0.0	0.0	3.03877369352644E-310	-13488.883573629362	1.1167589850387854E308	4.678065155881589E307	3.8525937316887033E307	3.972034076968123E307	3.5117011243497833E307	7	1	2	2	7
410000	-19318.656825981507	-3629.030639942087	-15689.62618603942	-3629.030639942087	7.963244719638475E307	Infinity	0.28997315635538723	0.5392259875927095	2.3720862751557794	0.08868773725150558	0.5392259875927095	2.3720862751557794	0.08868773725150558	0.3091730932390019	0.0	0.0	0.0	3.747234309778E-310	-13486.320201574934	1.3743329498795207E308	8.845549220946837E307	1.144452585298549E308	8.293419859535176E307	4.112130638938181E307	2	9	2	2	4
411000	-19335.380033721354	-3662.382896054278	-15672.997137667076	-3662.382896054278	2.568284055153445E307	Infinity	0.28997315635538723	0.5392259875927095	1.6625332385689289	0.7982407738383562	0.5392259875927095	1.6625332385689289	0.7982407738383562	0.2219675872849941	0.0	0.0	0.0	5.4605536194968E-310	-13479.91104729378	6.509615031253911E307	7.422239434348237E307	5.683241720943493E307	2.847250381098917E307	1.5503009907731227E307	7	2	2	4	4
412000	-19319.169820565294	-3641.5493477858636	-15677.62047277943	-3641.5493477858636	3.279662282860736E307	Infinity	0.28997315635538723	0.5392259875927095	1.6625332385689289	0.7982407738383562	0.5392259875927095	1.6625332385689289	0.7982407738383562	0.27945057462300293	0.0	0.0	0.0	3.37152683715405E-310	-13477.662010295699	8.012183765071863E307	7.337437593046742E307	7.986570723214472E307	4.303973826265077E307	1.4460157826048714E307	7	1	1	1	9
413000	-19319.2231986962	-3677.7894698489927	-15641.433728847205	-3677.7894698489927	4.1471713728659434E307	Infinity	0.28997315635538723	0.5392259875927095	1.6625332385689289	0.7982407738383562	0.5392259875927095	1.6625332385689289	0.7982407738383562	0.08642143387948009	0.0	0.0	0.0	2.11966173313276E-310	-13477.662375567523	1.3605558746786549E308	8.117285533869183E307	2.5625245124504126E307	2.2427044742446546E307	3.390490801761932E307	2	1	2	5	9
414000	-19402.943052918014	-3727.823652701731	-15675.119400216283	-3727.823652701731	6.644039177133631E307	Infinity	0.28997315635538723	0.5392259875927095	1.6625332385689289	0.7982407738383562	0.5392259875927095	1.6625332385689289	0.7982407738383562	0.2342801355546419	0.0	0.0	0.0	2.8921246440917E-310	-13486.603065416213	1.3888975104975834E308	8.800966263686363E307	6.100052302707738E307	3.610974832986374E307	2.3004365722738197E307	1	5	4	5	4
415000	-19286.080410297916	-3624.318103911144	-15661.762306386774	-3624.318103911144	1.3663022196508156E307	1.1798983689035172E308	0.5301768800676155	0.5392259875927095	1.6625332385689289	0.7982407738383562	0.5392259875927095	1.6625332385689289	0.7982407738383562	0.2946974937563845	8.54901807391243E-310	0.0	0.0	9.20993894520585E-310	-13468.65912332514	7.994187180545375E307	3.0193867216013183E307	2.6526777939784715E307	1.1326608960553513E307	7.17699565043623E306	8	4	1	2	4
416000	-19182.26135697058	-3568.762834805214	-15613.498522165366	-3568.762834805214	5.756806299130119E306	3.1344645885295226E307	0.5301768800676155	0.5392259875927095	1.6625332385689289	0.7982407738383562	0.5392259875927095	1.6625332385689289	0.7982407738383562	0.17475363250326958	2.94472602665401E-309	0.0	0.0	3.106427376398576E-309	-13439.2741585418	5.877300256814295E307	1.1035856601235198E307	5.0449740755136086E306	4.4714791034846567E306	2.6137658605493408E306	2	6	5	4	2
417000	-19311.614753257592	-3684.3726688917804	-15627.242084365811	-3684.3726688917804	3.7904255063810467E306	3.4715741167521686E307	0.5301768800676155	0.5392259875927095	1.6625332385689289	0.7982407738383562	0.5392259875927095	1.6625332385689289	0.7982407738383562	0.14872742701802769	3.044100526200983E-309	0.0	0.0	3.2278481197866E-309	-13445.892115273724	4.561194221327885E307	2.26906725492693E307	6.205327366024633E306	4.205191706802192E306	1.1305046897423498E306	5	2	1	9	2
418000	-19351.2089432501	-3742.588637400733	-15608.620305849367	-3742.588637400733	8.32102041306179E306	6.952950186899315E307	0.5301768800676155	0.04894718924632263	1.6625332385689289	1.2885195721847431	0.04894718924632263	1.6625332385689289	1.2885195721847431	0.08680111823684215	1.58365429284615E-309	0.0	0.0	1.64860467059078E-309	-13456.885275511273	2.132214406404859E307	2.9788210219692225E307	7.467315382924007E306	6.945796158139627E306	4.59022186171649E306	4	4	4	6	1
419000	-19310.870283116936	-3659.508298551946	-15651.36198456499	-3659.508298551946	6.98631732234575E306	4.3930196116521445E307	0.5301768800676155	0.04894718924632263	1.6625332385689289	1.2885195721847431	0.04894718924632263	1.6625332385689289	1.2885195721847431	0.3754271759042288	1.13117519063822E-309	0.0	0.0	1.153868075082925E-309	-13448.056942354218	2.1333698560728327E307	1.4540210368138635E307	9.190855107010853E306	7.715012824279675E306	6.49581023196123E306	6	3	3	6	1
420000	-19303.693810701727	-3656.144756495917	-15647.54905420581	-3656.144756495917	4.615999256140785E306	2.435310463630196E307	0.5301768800676155	0.04894718924632263	1.6625332385689289	1.2885195721847431	0.04894718924632263	1.6625332385689289	1.2885195721847431	0.5716270672999576	4.9798195769456E-309	0.0	0.0	6.50725004994424E-309	-13436.62578760853	1.1757376432703657E307	9.793768202691503E306	6.677171167194172E306	4.104028462848213E306	2.6229764723989728E306	1	5	9	3	1
421000	-19260.662556576473	-3631.5831540250624	-15629.07940255141	-3631.5831540250624	9.839263443992983E306	5.399400609048799E307	0.5301768800676155	0.3682107072833341	1.3432697205319175	1.2885195721847431	0.3682107072833341	1.3432697205319175	1.2885195721847431	0.19806344566555117	1.376260538326377E-309	0.0	0.0	1.450532555473604E-309	-13453.013260961037	6.289369545268501E307	2.2252947564201265E307	1.75798311684109E307	9.11054733362242E306	9.545984584160399E306	2	7	4	4	2
422000	-19229.640918055422	-3586.847415020271	-15642.793503035151	-3586.847415020271	1.4535694857297904E307	7.163485020889928E307	0.5301768800676155	0.3682107072833341	1.3432697205319175	1.2885195721847431	0.3682107072833341	1.3432697205319175	1.2885195721847431	0.2052284527331996	1.693813187823375E-309	0.0	0.0	1.87581272365339E-309	-13456.066860201472	1.8638245921940175E307	1.2417654613740968E307	2.643486051472975E307	9.013862305397345E306	1.1516528441533909E307	8	1	1	2	7
423000	-19241.040159386594	-3609.111752699345	-15631.92840668725	-3609.111752699345	1.6345690204811932E307	9.39254161169901E307	0.5301768800676155	0.6834106115643329	1.9585942199345778	0.35799516850108415	0.6834106115643329	1.9585942199345778	0.35799516850108415	0.15850760789390256	1.31874192481846E-309	0.0	0.0	1.345653575726325E-309	-13461.734577032172	5.61320852777378E307	2.7278973913939616E307	8.574169456948048E306	1.0972055769146458E307	1.1840885184895544E307	4	5	3	5	2
424000	-19417.083709052604	-3751.044947076328	-15666.038761976277	-3751.044947076328	1.670557641929661E307	1.3002745465323054E308	0.43326059899763947	1.0029852773401842	1.6390195541587265	0.35799516850108415	1.0029852773401842	1.6390195541587265	0.35799516850108415	0.26611544132716974	4.49676500992376E-310	0.0	0.0	4.6421478318452E-310	-13469.871951602961	5.457177047141084E307	3.46561326266051E307	2.044874049062446E307	1.224890617101003E307	1.3007894848344521E307	4	1	8	4	2
425000	-19379.11518838221	-3717.945654138815	-15661.169534243394	-3717.945654138815	1.4108386638417073E307	8.932526569022449E307	0.43326059899763947	1.224888870624809	1.4171159608741017	0.35799516850108415	1.224888870624809	1.4171159608741017	0.35799516850108415	0.3489265450209624	1.40226320790601E-309	0.0	0.0	1.518911908649857E-309	-13459.320999177504	4.469642196207234E307	9.850551468575768E306	6.763519928657454E306	1.7459676493078013E307	4.698140094489749E306	8	1	5	4	1
426000	-19393.46772613071	-3731.2900020709044	-15662.177724059808	-3731.2900020709044	2.330536655604983E307	1.2641619716894723E308	0.43326059899763947	1.224888870624809	1.4171159608741017	0.35799516850108415	1.224888870624809	1.4171159608741017	0.35799516850108415	0.29842971879718133	6.63447997017056E-310	0.0	0.0	7.10993309419625E-310	-13467.084765278734	1.3907115395458309E308	3.6824026885280354E307	1.7343537398866328E307	1.5064583553867567E307	1.856017152962576E307	1	7	7	3	1
427000	-19348.20033244647	-3664.992094490541	-15683.208237955929	-3664.992094490541	1.7147594250130975E308	Infinity	0.7935463925727909	1.224888870624809	1.4171159608741017	0.35799516850108415	1.224888870624809	1.4171159608741017	0.35799516850108415	0.22504165669010384	0.0	0.0	0.0	1.8342801567387E-310	-13494.49972502932	1.6851290438470597E308	9.610660196148801E307	5.882067881671151E307	3.968620815517946E307	8.515281963957491E307	11	3	1	3	1
428000	-19384.227358222026	-3693.45750689508	-15690.769851326946	-3693.45750689508	8.558967985623105E307	Infinity	0.7935463925727909	1.224888870624809	0.9314668623903871	0.8436442669847988	1.224888870624809	0.9314668623903871	0.8436442669847988	0.18204987514816945	0.0	0.0	0.0	1.2185337972086E-310	-13496.25001118849	1.0216518272052293E308	9.404797003681531E307	8.225905589311918E307	8.384541892626349E307	1.6231873583862245E308	8	1	2	6	2
429000	-19277.116242580953	-3634.542580557655	-15642.573662023296	-3634.542580557655	4.526835985541217E307	Infinity	0.7935463925727909	1.224888870624809	0.9314668623903871	0.8436442669847988	1.224888870624809	0.9314668623903871	0.8436442669847988	0.09546524454230448	0.0	0.0	0.0	3.48701298210566E-310	-13481.356976827181	1.123388719931653E308	1.0422773232936129E308	4.84181459502209E307	4.921858663047844E307	4.555865497985996E307	1	2	9	4	3
430000	-19295.875496410994	-3639.0682258084294	-15656.807270602563	-3639.0682258084294	8.218352006191072E307	Infinity	0.7935463925727909	0.14840313632506796	2.007952596690128	0.8436442669847988	0.14840313632506796	2.007952596690128	0.8436442669847988	0.1071785623805902	0.0	0.0	0.0	2.0855926580545E-310	-13493.121054208941	1.7523994300610293E308	3.209338317350223E307	2.2986018984303335E307	3.621658618961347E307	3.000608115608562E307	6	6	1	1	5
431000	-19243.42699570846	-3544.7700475597785	-15698.656948148682	-3544.7700475597785	7.503971843154299E307	Infinity	0.7935463925727909	0.14840313632506796	2.6334373133480726	0.2181595503268543	0.14840313632506796	2.6334373133480726	0.2181595503268543	0.30035473552931846	0.0	0.0	0.0	1.9750202924881E-310	-13492.502395078965	1.7523994300610293E308	1.7967938466347706E308	1.646234785306482E308	7.990220478782804E307	4.936211089259693E307	2	6	2	5	4
432000	-19232.963977668773	-3569.3518094048113	-15663.612168263962	-3569.3518094048113	7.773638967074196E307	Infinity	0.7935463925727909	0.14840313632506796	2.6334373133480726	0.2181595503268543	0.14840313632506796	2.6334373133480726	0.2181595503268543	0.13546455484718176	0.0	0.0	0.0	1.4669642698586E-310	-13493.597955054534	1.7523994300610293E308	1.7876794568551332E308	1.6722562119658566E308	7.687695638258979E307	5.208412259849268E307	2	4	10	1	2
433000	-19286.06650352535	-3573.1352922253327	-15712.93121130002	-3573.1352922253327	1.6498157330723703E308	Infinity	0.7935463925727909	0.14840313632506796	2.3087365396362425	0.5428603240386842	0.14840313632506796	2.3087365396362425	0.5428603240386842	0.3662908395887736	0.0	0.0	0.0	1.3384691088143E-310	-13503.47026653337	1.7523994300610293E308	1.7876794568551332E308	5.53113306678208E307	5.761511603988685E307	5.935425542603633E307	4	9	2	2	2
434000	-19229.74572494851	-3547.971751280099	-15681.773973668409	-3547.971751280099	1.3912726774431106E308	Infinity	0.7935463925727909	0.14840313632506796	2.3087365396362425	0.5428603240386842	0.14840313632506796	2.3087365396362425	0.5428603240386842	0.1379798082448144	0.0	0.0	0.0	1.87080073780875E-310	-13495.33633491708	1.6239965351328078E308	1.32415425102692E308	1.2721601052357304E308	6.892527054551618E307	7.284428742173892E307	1	5	6	3	4
435000	-19354.387147168847	-3686.2311069856537	-15668.156040183192	-3686.2311069856537	7.547935381819537E307	Infinity	0.7935463925727909	0.14840313632506796	2.3087365396362425	0.5428603240386842	0.14840313632506796	2.3087365396362425	0.5428603240386842	0.1228351316200268	0.0	0.0	0.0	2.6922129237572E-310	-13493.76164361296	9.10077702463856E307	1.32415425102692E308	1.1693919794965998E308	8.672582160087694E307	3.538480734265318E307	2	10	1	3	3
436000	-19411.88426533031	-3750.30707187579	-15661.577193454521	-3750.30707187579	2.363056820834537E307	1.5668603325968286E308	0.7935463925727909	0.14840313632506796	2.3087365396362425	0.5428603240386842	0.14840313632506796	2.3087365396362425	0.5428603240386842	0.19446061890577535	5.60476631359773E-310	0.0	0.0	5.89645267019373E-310	-13473.045365462622	5.045690899427808E307	5.068132392333593E307	4.028269964195869E307	2.840377263117874E307	2.191646878256579E307	4	3	8	3	1
437000	-19319.984584848466	-3717.552034908544	-15602.43254993992	-3717.552034908544	6.805628627894935E306	5.541516964273772E307	0.7935463925727909	0.14840313632506796	2.3087365396362425	0.5428603240386842	0.14840313632506796	2.3087365396362425	0.5428603240386842	0.08316164822061756	1.424135848974393E-309	0.0	0.0	1.46072738099442E-309	-13454.504222210242	4.555711006302949E307	3.7860598589426207E307	1.8144675042196423E307	7.491426684109602E306	2.3336463528853098E306	2	3	9	3	2
438000	-19190.82570714314	-3542.9981168844447	-15647.827590258694	-3542.9981168844447	2.0674809588854202E307	1.2453348839602143E308	0.7935463925727909	0.14840313632506796	2.3087365396362425	0.5428603240386842	0.14840313632506796	2.3087365396362425	0.5428603240386842	0.16196606535473024	1.267836023194814E-309	0.0	0.0	1.271149504742703E-309	-13467.838720427855	8.597846139769841E307	4.645206128208497E307	1.9609994913162218E307	1.3247182702997994E307	5.2374612459172675E306	3	1	9	5	1
439000	-19319.882983245712	-3657.1305754829827	-15662.752407762731	-3657.1305754829827	3.0282359882036284E307	Infinity	0.7935463925727909	0.14840313632506796	2.3087365396362425	0.5428603240386842	0.14840313632506796	2.3087365396362425	0.5428603240386842	0.13574266365317475	0.0	0.0	0.0	4.6874611491324E-310	-13482.70363036263	1.6337964802087547E308	1.1007223230537023E308	5.561661935658818E307	4.36467070599438E307	4.441050930835764E307	7	2	4	4	2
440000	-19484.281802987764	-3784.575827225732	-15699.705975762032	-3784.575827225732	1.6322937871473777E308	Infinity	0.7935463925727909	0.14840313632506796	2.3087365396362425	0.5428603240386842	0.14840313632506796	2.3087365396362425	0.5428603240386842	0.2093218093161552	0.0	0.0	0.0	2.75911993698555E-310	-13503.423969213882	1.4539182351598814E308	1.6650518425122715E308	1.6115601087683766E308	1.1339477987850666E308	9.933211655579985E307	1	3	8	1	6
441000	-19339.731992913956	-3645.518845139255	-15694.213147774699	-3645.518845139255	7.935495923297293E307	Infinity	0.7935463925727909	0.14840313632506796	2.3087365396362425	0.5428603240386842	0.14840313632506796	2.3087365396362425	0.5428603240386842	0.3904193212863933	0.0	0.0	0.0	1.91760562107853E-310	-13487.892030034736	1.4539182351598814E308	8.778606401138232E307	7.575180146172776E307	6.389174531221255E307	2.7414106353416726E307	1	10	2	4	2
442000	-19236.723301437778	-3546.582400530282	-15690.140900907498	-3546.582400530282	1.3764074680485054E308	Infinity	0.7935463925727909	0.14840313632506796	2.3087365396362425	0.5428603240386842	0.14840313632506796	2.3087365396362425	0.5428603240386842	0.2700707023959219	0.0	0.0	0.0	1.23611932995957E-310	-13495.601000850209	7.475440353802652E307	9.749857726119822E307	1.2981285055716236E308	5.699347532158344E307	6.63762262286109E307	1	9	3	3	3
443000	-19216.539292931175	-3537.2924075914448	-15679.246885339731	-3537.2924075914448	7.34755586511224E307	Infinity	0.7935463925727909	0.14840313632506796	2.3087365396362425	0.5428603240386842	0.14840313632506796	2.3087365396362425	0.5428603240386842	0.18558459114526785	0.0	0.0	0.0	4.59638484438536E-310	-13494.209648846849	1.7397805157894584E308	1.2872825508479058E308	1.677514584077297E308	1.7121444735601337E308	8.092332684035009E307	1	7	1	8	2
444000	-19362.767122667665	-3670.2268971280155	-15692.54022553965	-3670.2268971280155	7.674128012478755E307	Infinity	0.7935463925727909	0.14840313632506796	2.3087365396362425	0.5428603240386842	0.14840313632506796	2.3087365396362425	0.5428603240386842	0.338756034995919	0.0	0.0	0.0	3.3724022954391E-310	-13487.61143616724	8.199920675419006E307	6.419070572664971E307	7.43359627046271E307	1.1995457747698314E308	7.163707335725249E307	2	4	3	7	3
445000	-19285.2689871686	-3626.0428988167846	-15659.226088351817	-3626.0428988167846	4.1004600526083624E307	Infinity	0.7935463925727909	0.14840313632506796	2.3087365396362425	0.5428603240386842	0.14840313632506796	2.3087365396362425	0.5428603240386842	0.1797761521581746	0.0	0.0	0.0	6.20478902635843E-310	-13475.499088007955	8.791181884375804E307	3.9190069939990623E307	5.72693402494969E307	1.1339789017336086E307	1.750423320644541E307	9	4	2	1	3
446000	-19206.2098483529	-3575.057355079035	-15631.152493273867	-3575.057355079035	5.116217764966281E307	1.666965491437353E308	0.7935463925727909	0.14840313632506796	2.3087365396362425	0.5428603240386842	0.14840313632506796	2.3087365396362425	0.5428603240386842	0.12279728534380338	8.2924396391301E-310	0.0	0.0	8.71657283373636E-310	-13464.037626370247	9.24006477138128E307	3.329792375957082E307	1.5862721435632527E307	5.701696109509691E306	9.859397050955676E306	2	8	2	5	2
447000	-19408.82283837999	-3747.388460630528	-15661.434377749461	-3747.388460630528	2.3012859964507797E307	1.639645674507978E308	0.7935463925727909	0.14840313632506796	2.3087365396362425	0.5428603240386842	0.14840313632506796	2.3087365396362425	0.5428603240386842	0.18702374432077778	9.1583689694692E-310	0.0	0.0	9.56213170509883E-310	-13473.785118017699	3.6697922948765137E307	5.746590658401711E307	3.4652790677271893E307	2.436916309636742E307	1.3403917918768858E307	2	6	1	5	5
448000	-19420.641001542648	-3733.996281932811	-15686.644719609838	-3733.996281932811	4.843243386606059E307	Infinity	0.7935463925727909	0.14840313632506796	2.3087365396362425	0.5428603240386842	0.14840313632506796	2.3087365396362425	0.5428603240386842	0.28751401991699077	0.0	0.0	0.0	9.09857707283165E-310	-13480.668966905054	1.1852898502724874E308	6.183273338481509E307	3.056424167168697E307	6.246004529828853E307	5.189199927113446E307	2	9	3	3	2
449000	-19331.80881931002	-3657.8111721038786	-15673.99764720614	-3657.8111721038786	2.8789063601855536E307	1.67326345574572E308	0.7935463925727909	0.14840313632506796	2.3087365396362425	0.5428603240386842	0.14840313632506796	2.3087365396362425	0.5428603240386842	0.32658211064896037	6.3614399602432E-310	0.0	0.0	6.44668311308924E-310	-13473.230424175088	4.322114552989536E307	4.328887801978756E307	6.429857979887007E307	2.7046722784678576E307	4.465673123296044E307	3	9	2	3	2
450000	-19319.17709404604	-3631.918226060623	-15687.25886798542	-3631.918226060623	8.484918365708306E307	Infinity	0.7935463925727909	0.14840313632506796	2.3087365396362425	0.5428603240386842	0.14840313632506796	2.3087365396362425	0.5428603240386842	0.26328427062757515	0.0	0.0	0.0	5.2274808480921E-310	-13483.526439422661	1.7113079529878057E308	8.339244677107458E307	4.969543100532204E307	9.43403437249844E307	6.170903049776948E307	2	1	12	3	1
451000	-19423.036386306896	-3756.1244046628563	-15666.91198164404	-3756.1244046628563	6.248004958620669E307	Infinity	0.7935463925727909	0.14840313632506796	2.3087365396362425	0.5428603240386842	0.14840313632506796	2.3087365396362425	0.5428603240386842	0.13389982531737807	0.0	0.0	0.0	2.55043815533295E-310	-13488.630988434506	5.487159349753417E307	5.170167122948759E307	1.3264308242071936E308	1.698407173001486E308	1.119300916544423E308	3	1	3	1	11
452000	-19171.546763486396	-3509.210411199925	-15662.33635228647	-3509.210411199925	5.695747224284889E307	Infinity	0.7935463925727909	0.14840313632506796	2.3087365396362425	0.5428603240386842	0.14840313632506796	2.3087365396362425	0.5428603240386842	0.15982107746544325	0.0	0.0	0.0	4.7841381930326E-310	-13477.619281778649	1.3068419704073149E308	1.4074179502362055E308	5.551494811745758E307	3.5680090656814955E307	2.886072650294814E307	1	2	8	5	3
453000	-19223.387924345734	-3536.5323459408132	-15686.855578404922	-3536.5323459408132	1.380740002694475E308	Infinity	0.7935463925727909	0.14840313632506796	2.3087365396362425	0.5428603240386842	0.14840313632506796	2.3087365396362425	0.5428603240386842	0.21226071366902852	0.0	0.0	0.0	1.32041551355544E-310	-13497.838561305616	1.53181641721446E308	7.271243883258366E307	6.263484984314272E307	1.2503733962556838E308	1.4325935301855717E308	8	5	2	1	3
454000	-19290.768139464773	-3596.8814495815495	-15693.886689883222	-3596.8814495815495	8.916251784538992E307	Infinity	0.7935463925727909	0.14840313632506796	2.5881884802600985	0.26340838341482836	0.14840313632506796	2.5881884802600985	0.26340838341482836	0.26904645578163117	0.0	0.0	0.0	2.81956103784793E-310	-13495.095629540001	1.6574895015686365E308	1.0377182614000127E308	9.364875207928216E307	1.0081091239691059E308	7.552749296913997E307	1	4	5	7	2
455000	-19308.485511305247	-3634.246149700633	-15674.239361604614	-3634.246149700633	6.09114080933927E307	Infinity	0.7935463925727909	0.14840313632506796	2.5881884802600985	0.26340838341482836	0.14840313632506796	2.5881884802600985	0.26340838341482836	0.15954260952224186	0.0	0.0	0.0	1.7918302019894E-310	-13490.494889044221	1.775705070732635E308	7.263995059724029E307	7.302382874269288E307	3.6860860925692573E307	3.541566249368925E307	5	4	3	6	1
456000	-19281.818806676576	-3586.182426369939	-15695.636380306638	-3586.182426369939	9.92508702284765E307	Infinity	0.7935463925727909	0.14840313632506796	2.5881884802600985	0.26340838341482836	0.14840313632506796	2.5881884802600985	0.26340838341482836	0.23377778119570994	0.0	0.0	0.0	2.2420996259317E-310	-13497.398927276554	1.4939246135696517E308	1.7138549929415215E308	5.56612348161826E307	4.4038281997583045E307	9.930565157360813E307	1	9	2	2	5
457000	-19363.054716451967	-3668.574046964773	-15694.480669487195	-3668.574046964773	7.690698524471664E307	Infinity	0.7935463925727909	0.14840313632506796	2.5881884802600985	0.26340838341482836	0.14840313632506796	2.5881884802600985	0.26340838341482836	0.27408561491861083	0.0	0.0	0.0	3.15134827718315E-310	-13489.006358185701	9.7030664416402E307	9.357235933408303E307	1.0121739994024955E308	5.254153994799446E307	1.4691675661137513E307	2	2	5	9	1
458000	-19285.709760701844	-3611.118776737251	-15674.590983964592	-3611.118776737251	5.842488390272651E307	Infinity	0.7935463925727909	0.14840313632506796	2.5881884802600985	0.26340838341482836	0.14840313632506796	2.5881884802600985	0.26340838341482836	0.18776620147122425	0.0	0.0	0.0	2.06528462295776E-310	-13487.146667399415	1.1649716994553552E308	1.3755258589691978E308	3.525550994730678E307	5.839533432105097E307	2.0935866393747747E307	1	1	1	11	5
459000	-19370.347251852738	-3699.8169732956003	-15670.530278557138	-3699.8169732956003	8.597105339821185E307	Infinity	0.7935463925727909	0.14840313632506796	2.0202966754303278	0.831300188244599	0.14840313632506796	2.0202966754303278	0.831300188244599	0.12247459851868032	0.0	0.0	0.0	2.3603256987746E-310	-13502.072334659837	1.4875734954816626E308	1.6308526266485855E308	9.19468954681338E307	1.0106379459352116E308	3.0415636472623097E307	5	2	2	7	3
460000	-19374.991140801238	-3748.524286788487	-15626.46685401275	-3748.524286788487	1.875148773179581E307	1.2151235323479078E308	0.7935463925727909	0.14840313632506796	2.0202966754303278	0.831300188244599	0.14840313632506796	2.0202966754303278	0.831300188244599	0.08638909206763919	1.2655964664554E-309	0.0	0.0	1.195103727883483E-309	-13470.058677472858	7.766012991694251E307	3.0278464458872107E307	2.205889224983608E307	1.2376973850289084E307	3.4230602462335747E307	4	3	4	6	2
461000	-19352.588761501007	-3666.399276479924	-15686.189485021081	-3666.399276479924	4.654827083944118E307	Infinity	0.7935463925727909	0.14840313632506796	2.0202966754303278	0.831300188244599	0.14840313632506796	2.0202966754303278	0.831300188244599	0.37089756360862314	0.0	0.0	0.0	7.55324731019653E-310	-13478.205663822402	1.6717733597730248E308	1.8997555524773003E307	3.888648322217414E307	1.887626544315987E307	2.3285538893396867E307	3	4	9	2	1
462000	-19360.7310083577	-3711.558724127452	-15649.172284230248	-3711.558724127452	7.386376512594026E307	Infinity	0.7935463925727909	0.14840313632506796	2.0202966754303278	0.831300188244599	0.14840313632506796	2.0202966754303278	0.831300188244599	0.0928490241726316	0.0	0.0	0.0	2.03235186329886E-310	-13492.693120295371	1.3991450704319776E308	1.0970439324313353E308	6.016875942155932E307	5.942507367276776E307	1.816080251260994E307	2	12	1	2	2
463000	-19339.868794500126	-3679.626640687419	-15660.242153812706	-3679.626640687419	6.762291560621074E307	Infinity	0.7935463925727909	0.14840313632506796	2.0202966754303278	0.831300188244599	0.14840313632506796	2.0202966754303278	0.831300188244599	0.15367126835939462	0.0	0.0	0.0	4.5951110431185E-310	-13482.879831454798	6.124790919722522E307	5.565059432003144E307	6.262383920106812E307	3.6940496260589206E307	4.890744894594018E307	1	13	2	2	1
464000	-19365.761136934136	-3674.8081672844664	-15690.95296964967	-3674.8081672844664	1.4350133575726786E307	1.0941621066876946E308	0.7935463925727909	0.14840313632506796	2.730032971439695	0.1215638922352319	0.14840313632506796	2.730032971439695	0.1215638922352319	0.4147009475305289	1.820091056540056E-309	0.0	0.0	1.6039944161869E-309	-13464.334233474752	3.4357297267422124E307	2.0694254401689958E307	3.929413235444607E307	1.126447365959072E307	1.632018064063564E307	1	11	3	1	3
465000	-19175.537073166703	-3530.264375813624	-15645.272697353079	-3530.264375813624	9.648317580908021E306	7.343327971869831E307	0.7935463925727909	0.14840313632506796	2.730032971439695	0.1215638922352319	0.14840313632506796	2.730032971439695	0.1215638922352319	0.21615328350254817	1.464724830866594E-309	0.0	0.0	1.418854165448297E-309	-13460.139354886642	3.3630727151629526E307	2.3487253858532865E307	1.3761098986027182E307	1.5296884427579886E307	9.57928484177909E306	4	4	5	4	2
466000	-19201.13893454405	-3578.381068428974	-15622.757866115078	-3578.381068428974	1.0999925718965202E307	5.280168204212193E307	0.7935463925727909	0.14840313632506796	2.730032971439695	0.1215638922352319	0.14840313632506796	2.730032971439695	0.1215638922352319	0.16372876809569034	2.888984393431655E-309	0.0	0.0	2.78803276575056E-309	-13450.916909231828	5.178397500802708E307	1.6429638497090886E307	1.5982065449836628E307	6.654135833187528E306	1.94326387761678E306	3	4	2	8	2
467000	-19271.781506455638	-3692.7452497685267	-15579.036256687112	-3692.7452497685267	2.2628074173573824E306	1.8478578066019195E307	0.7935463925727909	0.14840313632506796	2.730032971439695	0.1215638922352319	0.14840313632506796	2.730032971439695	0.1215638922352319	0.07355118394745304	8.591411342794925E-309	0.0	0.0	8.35788195225976E-309	-13433.755938331848	1.5756173757381926E307	3.553018855106652E306	2.3728833247716692E306	2.7920012613505833E306	8.793549936633045E305	4	4	2	8	1
468000	-19361.55614403767	-3742.554149423499	-15619.00199461417	-3742.554149423499	1.1842236801076059E306	6.846101038370486E306	0.7935463925727909	0.14840313632506796	2.730032971439695	0.1215638922352319	0.14840313632506796	2.730032971439695	0.1215638922352319	0.35641433097127284	2.2367827846612676E-308	0.0	0.0	2.1477034216026683E-308	-13414.360865361929	6.864402555141058E306	5.108928334019379E306	2.1904807553019696E306	1.264886381732224E306	4.326800862350465E305	6	2	6	1	4
469000	-19317.775536946734	-3734.914649377102	-15582.860887569632	-3734.914649377102	2.5176690078107647E305	2.3554733756775908E306	0.7935463925727909	0.14840313632506796	2.1036295109237115	0.7479673527512154	0.14840313632506796	2.1036295109237115	0.7479673527512154	0.26364411570815466	3.4569220389597133E-308	0.0	0.0	3.687015578132943E-308	-13400.406305820223	6.679768506059564E306	2.2746964982508E306	8.635897081209427E305	2.274026480879798E305	2.4084318203772276E305	4	4	1	6	4
470000	-19241.363096609617	-3705.154642019546	-15536.208454590073	-3705.154642019546	1.7681369432490304E305	1.3536743547808095E306	0.7935463925727909	0.14840313632506796	2.1036295109237115	0.7479673527512154	0.14840313632506796	2.1036295109237115	0.7479673527512154	0.1348669737057951	7.641741025175768E-308	0.0	0.0	7.231172171854382E-308	-13378.030960064227	1.7582892041609385E306	9.236187198306772E305	4.635595646053589E305	1.2527655860822342E305	7.606167352967506E304	1	7	1	7	3
471000	-19266.530153815143	-3712.349912414576	-15554.180241400569	-3712.349912414576	1.514238164115539E305	1.3169471377594604E306	0.7935463925727909	0.14840313632506796	2.1036295109237115	0.7479673527512154	0.14840313632506796	2.1036295109237115	0.7479673527512154	0.2565117123012408	3.7035070963794985E-308	0.0	0.0	3.99844537602435E-308	-13378.111979475563	8.631246148374294E305	4.497730855809488E305	1.7467100968358748E305	6.355556246003469E304	4.558879172171067E304	6	3	2	7	1
472000	-19195.542221185187	-3631.6467891810057	-15563.895432004183	-3631.6467891810057	1.993352840342498E305	1.3738676040113509E306	0.7935463925727909	0.14840313632506796	2.1036295109237115	0.7479673527512154	0.14840313632506796	2.1036295109237115	0.7479673527512154	0.24910098830858005	6.059083238593967E-308	0.0	0.0	6.298587117131381E-308	-13381.35809188048	4.328448175776206E305	3.4278147602577367E305	3.2778136134121798E305	7.604773489299706E304	5.149397750603388E304	2	7	2	3	5
473000	-19220.347795898346	-3646.881564524444	-15573.4662313739	-3646.881564524444	1.0774497740229623E305	9.282660427609103E305	0.7935463925727909	0.14840313632506796	2.1036295109237115	0.7479673527512154	0.14840313632506796	2.1036295109237115	0.7479673527512154	0.4188941286206441	1.814352922415986E-307	0.0	0.0	1.8121742325316176E-307	-13374.907528484053	1.5785773643341693E306	4.020385175745338E305	2.3549083562367538E305	2.0985722319646197E305	8.01069265200212E304	1	7	4	2	5
474000	-19219.247993972836	-3644.115166204617	-15575.13282776822	-3644.115166204617	2.0976049705638107E305	1.4320617809382063E306	0.7935463925727909	0.14840313632506796	2.1036295109237115	0.7479673527512154	0.14840313632506796	2.1036295109237115	0.7479673527512154	0.3460571869710235	8.998184746678949E-308	0.0	0.0	7.919354128021269E-308	-13380.514076689187	4.794916976559811E305	8.456693036672656E305	4.189876786483411E305	1.9404598811721035E305	1.410426474735581E305	1	2	4	3	9
475000	-19245.250682724854	-3674.3547533619985	-15570.895929362856	-3674.3547533619985	4.0560936872445885E305	2.4488951589216613E306	0.7935463925727909	0.14840313632506796	2.1036295109237115	0.7479673527512154	0.14840313632506796	2.1036295109237115	0.7479673527512154	0.28105356277011795	2.233269760280966E-308	0.0	0.0	2.170875359330303E-308	-13390.315012434321	7.075553506661396E305	1.7271376663636577E305	2.0764958126080637E305	9.298904319704006E304	1.3038547572668687E305	10	2	1	4	2
476000	-19312.050969197437	-3730.3516524797433	-15581.699316717693	-3730.3516524797433	3.864023615838074E305	3.380913412372494E306	0.7935463925727909	0.14840313632506796	2.1036295109237115	0.7479673527512154	0.14840313632506796	2.1036295109237115	0.7479673527512154	0.18857509063484393	7.838873173664856E-308	0.0	0.0	7.604139343323864E-308	-13399.373296100253	2.777802139108937E306	8.707177504069269E305	6.063775732034396E305	3.524331596185331E305	9.47902924926987E304	4	2	9	3	1
477000	-19339.849894715127	-3767.952562942953	-15571.897331772176	-3767.952562942953	5.314126492890321E305	5.491975117256307E306	0.7935463925727909	0.14840313632506796	2.1036295109237115	0.7479673527512154	0.14840313632506796	2.1036295109237115	0.7479673527512154	0.20204453901142672	2.3710812554734845E-308	0.0	0.0	2.4192018956883295E-308	-13397.099723455845	8.734960215096923E306	2.909087952671677E306	1.103005642374912E306	2.907411357022797E305	6.03054260006704E304	4	1	2	11	1
478000	-19312.308552179114	-3717.734543089277	-15594.574009089836	-3717.734543089277	8.026364340381665E305	5.015861999971179E306	0.7935463925727909	0.14840313632506796	2.58860654675811	0.26299031691681723	0.14840313632506796	2.58860654675811	0.26299031691681723	0.278853880753661	3.9393680508562944E-308	0.0	0.0	4.032125412386688E-308	-13406.05580476213	2.9258186407848215E306	3.056782336004601E306	7.814547259816402E305	6.005466236852963E305	7.315157749299952E305	3	3	5	7	1
479000	-19373.650995539192	-3791.444734774931	-15582.206260764262	-3791.444734774931	5.292663436160989E305	3.6821384349157815E306	0.7935463925727909	0.14840313632506796	2.58860654675811	0.26299031691681723	0.14840313632506796	2.58860654675811	0.26299031691681723	0.17406936040772636	6.182564641840754E-308	0.0	0.0	6.436130927773153E-308	-13400.173352076568	1.8000320973374808E306	3.4643826757445635E306	4.767388090690064E305	3.702476903588475E305	5.9780292301297565E305	3	3	2	10	1
480000	-19409.440980202748	-3782.7009004605693	-15626.740079742178	-3782.7009004605693	3.314433548501576E306	1.6080561646669568E307	0.7935463925727909	0.14840313632506796	2.58860654675811	0.26299031691681723	0.14840313632506796	2.58860654675811	0.26299031691681723	0.3405019096364585	1.615679714180029E-308	0.0	0.0	1.7642891762885767E-308	-13427.063393269704	4.5961936101563615E306	2.426710021270168E306	1.271246967410178E306	2.2310125711796602E306	1.955484377042586E306	6	1	3	3	6
481000	-19361.71212253854	-3777.493233659314	-15584.21888887923	-3777.493233659314	1.687618468284981E306	9.381544006226104E306	0.7935463925727909	0.14840313632506796	2.58860654675811	0.26299031691681723	0.14840313632506796	2.58860654675811	0.26299031691681723	0.15250432847468046	1.7113868361371064E-308	0.0	0.0	1.696428920320048E-308	-13417.410225882617	4.6443459067366076E306	1.4938987427231952E306	1.6888868154383352E306	1.1639195856903064E306	1.0420517121252588E306	1	2	3	12	1
482000	-19304.643301482283	-3715.0494241192905	-15589.593877362991	-3715.0494241192905	3.856047477264589E305	3.0535674453342045E306	0.7935463925727909	0.14840313632506796	2.58860654675811	0.26299031691681723	0.14840313632506796	2.58860654675811	0.26299031691681723	0.2778972635140087	4.6994866172086625E-308	0.0	0.0	4.847450733126944E-308	-13398.292488652904	3.0106519351776757E306	4.5695300913826845E306	3.266033188208958E306	6.181699958841757E305	1.8647961955246464E305	2	1	2	11	3
483000	-19205.53968717101	-3605.6273384802535	-15599.912348690757	-3605.6273384802535	8.684932282234216E305	4.688459346729455E306	0.7935463925727909	0.14840313632506796	2.58860654675811	0.26299031691681723	0.14840313632506796	2.58860654675811	0.26299031691681723	0.3283650846032955	3.192667584463593E-308	0.0	0.0	3.5855438274301917E-308	-13405.644617964726	2.2920747418058356E306	1.878069519504295E306	2.512581008580971E306	1.5038085590286913E306	9.361035766946512E305	3	1	3	1	11
484000	-19263.015422679808	-3598.9105351393987	-15664.104887540409	-3598.9105351393987	3.604351882983148E306	2.5344566213748155E307	0.7935463925727909	0.14840313632506796	2.58860654675811	0.26299031691681723	0.14840313632506796	2.58860654675811	0.26299031691681723	0.5119091763725715	3.291163376328408E-309	0.0	0.0	3.309927798082317E-309	-13435.26806105329	5.5608174246380655E306	1.0644899806313825E307	1.180983785335458E307	2.6626437232187856E306	1.8743567052472478E306	2	1	5	8	3
485000	-19320.319869710584	-3667.4348941747967	-15652.884975535788	-3667.4348941747967	1.0543335823150461E307	7.475771938677259E307	0.7935463925727909	0.14840313632506796	2.58860654675811	0.26299031691681723	0.14840313632506796	2.58860654675811	0.26299031691681723	0.25337153071446594	1.23412585107391E-309	0.0	0.0	1.27448707805169E-309	-13457.701420747526	2.1604168591334186E307	1.7672410888953458E307	3.1069724592952225E307	1.009735759167225E307	1.0694366397598119E307	4	8	4	2	1
486000	-19208.807743032055	-3585.172796754445	-15623.63494627761	-3585.172796754445	7.673038663781736E306	5.238189687992332E307	0.7935463925727909	0.14840313632506796	2.58860654675811	0.26299031691681723	0.14840313632506796	2.58860654675811	0.26299031691681723	0.13650396450921723	1.91971219409849E-309	0.0	0.0	2.05913826629469E-309	-13450.068056011256	1.692646310131379E307	1.2566540502139043E307	2.202011813783003E307	9.067831440418957E306	4.194493006410627E306	4	6	4	3	2
487000	-19210.505466278733	-3615.0000027909446	-15595.505463487789	-3615.0000027909446	7.052433020673051E306	5.264809414911655E307	0.7935463925727909	0.14840313632506796	2.58860654675811	0.26299031691681723	0.14840313632506796	2.58860654675811	0.26299031691681723	0.07175728469698997	2.151187866980073E-309	0.0	0.0	2.13714644537053E-309	-13449.500684602694	3.058189783156694E307	1.6406327757236565E307	8.731692794958591E306	7.88799225792937E306	3.372610900654237E306	1	3	7	2	6
488000	-19357.183029511838	-3706.1104835357646	-15651.072545976074	-3706.1104835357646	1.027024479529915E307	7.891624536222116E307	0.7935463925727909	0.14840313632506796	2.58860654675811	0.26299031691681723	0.14840313632506796	2.58860654675811	0.26299031691681723	0.23955849501123871	2.17918934859936E-309	0.0	0.0	2.27918309765245E-309	-13459.176415511341	6.999868200961264E307	3.85750789314754E307	2.7222216228828865E307	9.628401982239922E306	9.649998525657055E306	1	3	5	7	3
489000	-19253.475677512743	-3616.2603102698317	-15637.215367242912	-3616.2603102698317	5.572156355466557E307	Infinity	0.7935463925727909	0.14840313632506796	2.58860654675811	0.26299031691681723	0.14840313632506796	2.58860654675811	0.26299031691681723	0.11616893371309694	0.0	0.0	0.0	2.5709647921617E-310	-13469.910478790925	5.289075200508098E307	5.294689395953576E307	1.9295849675098013E307	3.3962312749726143E307	3.3215608091206436E307	4	2	10	2	1
490000	-19265.087879447423	-3580.018781850115	-15685.069097597308	-3580.018781850115	7.825584367704366E307	Infinity	0.7935463925727909	0.14840313632506796	2.58860654675811	0.26299031691681723	0.14840313632506796	2.58860654675811	0.26299031691681723	0.3275889815455884	0.0	0.0	0.0	3.4500699739143E-310	-13485.610949681502	3.666808208945951E307	5.479461925571309E307	4.393000550786924E307	5.034082064075848E307	3.4702348327831437E307	3	7	4	2	3
491000	-19274.582392905548	-3588.483847272777	-15686.09854563277	-3588.483847272777	7.31236006124727E307	Infinity	0.7935463925727909	0.14840313632506796	2.58860654675811	0.26299031691681723	0.14840313632506796	2.58860654675811	0.26299031691681723	0.29558596196312475	0.0	0.0	0.0	2.14483568654925E-310	-13483.381766854554	7.813055054716377E307	8.807448747578275E307	1.4053580261977033E308	7.624077236819954E307	5.27549685592785E307	7	1	2	8	1
492000	-19173.393178708557	-3482.8212493290457	-15690.57192937951	-3482.8212493290457	1.6198517178370794E308	Infinity	0.7935463925727909	0.14840313632506796	2.58860654675811	0.26299031691681723	0.14840313632506796	2.58860654675811	0.26299031691681723	0.2051917627257414	0.0	0.0	0.0	1.41982027722964E-310	-13498.773941934138	1.2377325631610437E308	1.5246544089057111E308	7.502144642571868E307	1.5130782238072621E308	7.232818956974097E307	6	3	2	7	1
493000	-19248.75511670942	-3557.820593758445	-15690.934522950976	-3557.820593758445	3.395637547580071E307	Infinity	0.7935463925727909	0.14840313632506796	2.58860654675811	0.26299031691681723	0.14840313632506796	2.58860654675811	0.26299031691681723	0.47506409826069673	0.0	0.0	0.0	6.4892932181545E-310	-13478.330435840968	7.099843193503517E307	6.507448757935793E307	5.79648641161193E307	5.850113898925782E307	2.517415262593203E307	2	1	2	9	5
494000	-19365.233372028128	-3664.180328848127	-15701.05304318	-3664.180328848127	1.2481162541189223E308	Infinity	0.7935463925727909	0.14840313632506796	2.0501116307925207	0.8014852328824065	0.14840313632506796	2.0501116307925207	0.8014852328824065	0.3358637850468362	0.0	0.0	0.0	2.38017461624657E-310	-13493.457283369142	8.879111314135381E307	4.1133146566053493E307	1.2923545310419095E308	1.1418428398094881E308	4.880762147586408E307	2	1	9	2	5
495000	-19207.122589856404	-3541.9571708947815	-15665.165418961622	-3541.9571708947815	3.0852060027669797E307	1.5974770975310373E308	0.7935463925727909	0.14840313632506796	2.0501116307925207	0.8014852328824065	0.14840313632506796	2.0501116307925207	0.8014852328824065	0.23918697917366488	5.77862280318213E-310	0.0	0.0	6.24165956330235E-310	-13471.29121820545	6.364222589884281E307	3.157664224471143E307	2.2184723316624114E307	4.275567106646064E307	3.924737278174533E307	9	4	3	1	2
496000	-19244.155556041216	-3554.179242317415	-15689.9763137238	-3554.179242317415	5.775182133941419E307	Infinity	0.7935463925727909	0.14840313632506796	2.0501116307925207	0.8014852328824065	0.14840313632506796	2.0501116307925207	0.8014852328824065	0.3903575148533023	0.0	0.0	0.0	5.6894993712378E-310	-13479.562127496481	6.074545805515961E307	6.492081538526923E307	9.202459636586408E307	3.48933851634613E307	3.337276615704573E307	3	4	1	2	9
497000	-19173.464981779132	-3521.139141325729	-15652.325840453403	-3521.139141325729	2.872376458063293E307	1.509806698342875E308	0.7935463925727909	0.14840313632506796	2.0501116307925207	0.8014852328824065	0.14840313632506796	2.0501116307925207	0.8014852328824065	0.19758638774955017	1.04011751427268E-309	0.0	0.0	1.12135093800556E-309	-13468.64500326206	1.4850324291439389E307	1.526032749646077E307	2.3005733023023906E307	3.5568414032432975E307	4.0138654920858443E307	2	3	5	2	7
498000	-19173.888764064035	-3498.364156849538	-15675.524607214498	-3498.364156849538	7.216059556571741E307	Infinity	0.7935463925727909	0.14840313632506796	2.0501116307925207	0.8014852328824065	0.14840313632506796	2.0501116307925207	0.8014852328824065	0.29496210595907885	0.0	0.0	0.0	4.18625267363066E-310	-13476.916967572104	5.379535424281783E307	3.774786058333417E307	4.1135717321557276E307	7.651095556282945E307	4.986318793359365E307	3	5	5	5	1
499000	-19183.08988749264	-3521.8118705918823	-15661.278016900756	-3521.8118705918823	2.563013511573973E307	1.3545307368244403E308	0.7935463925727909	0.14840313632506796	2.0501116307925207	0.8014852328824065	0.14840313632506796	2.0501116307925207	0.8014852328824065	0.26546712910847187	5.746623060432E-310	0.0	0.0	5.7501078931033E-310	-13469.771951431863	5.532256456108493E307	2.6323111549084384E307	2.0442149790995778E307	1.4692774617304132E307	1.8661850455344698E307	2	3	5	8	1
500000	-19203.36569696532	-3566.138213192397	-15637.227483772924	-3566.138213192397	1.8411465030029697E307	9.800509736491642E307	0.7935463925727909	0.14840313632506796	2.0501116307925207	0.8014852328824065	0.14840313632506796	2.0501116307925207	0.8014852328824065	0.1787468708958061	1.473481281077625E-309	0.0	0.0	1.40177160760427E-309	-13458.298249338353	4.684115154642514E306	5.522376230795183E306	2.0685845779432363E307	1.1393516255857095E307	1.4350703592861492E307	1	3	5	1	9
