#
#model:
#
#<?xml version="1.0" encoding="UTF-8" standalone="no"?><input id="posterior" spec="beast.base.inference.CompoundDistribution">
#    <distribution id="prior" spec="beast.base.inference.CompoundDistribution">
#        <distribution id="CoalescentConstant.t:HRTV_S_BEAST" spec="beast.base.evolution.tree.coalescent.Coalescent">
#            <populationModel id="ConstantPopulation.t:HRTV_S_BEAST" spec="beast.base.evolution.tree.coalescent.ConstantPopulation">
#                <parameter id="popSize.t:HRTV_S_BEAST" lower="0.0" name="popSize" spec="beast.base.inference.parameter.RealParameter">0.3</parameter>
#            </populationModel>
#            <treeIntervals id="TreeIntervals.t:HRTV_S_BEAST" spec="beast.base.evolution.tree.TreeIntervals">
#                <tree id="Tree.t:HRTV_S_BEAST" spec="beast.base.evolution.tree.Tree">
#                    <trait id="dateTrait.t:HRTV_S_BEAST" spec="beast.base.evolution.tree.TraitSet" traitname="date" value="HRTV-23_T_S_2019=2019,HRTV-26_T_S_2019=2019,HRTV-404_T_S_2021=2021,HRTV-100_T_S_2022=2022,HRTV-187_T_S_2022=2022,HRTV-056F_T_S_2023=2023,HRTV-504_T_S_2019=2019,HRTV-432R_T_S_2023=2023,HRTV-642T_T_S_2023=2023,JX005843_H_S_MO_2009=2009,OQ688983.1_T_S_MO_2012=2012,OQ688989.1_T_S_MO_2012=2012,OQ688986.1_T_S_KS_2015=2015,OQ688993.1_H_S_OK_2017=2017,MZ440341_T_S_NY_2018=2018,MZ440344_T_S_NY_2018=2018,NC_024496_H_S_MO_2009=2009,KJ740146_H_S_TN_2013=2013,OQ688998.1_H_S_KY_2017=2017,OQ689001.1_H_S_MO_2017=2017">
#                        <taxa id="TaxonSet.HRTV_S_BEAST" spec="beast.base.evolution.alignment.TaxonSet">
#                        </taxa>
#                    </trait>
#                    <taxonset idref="TaxonSet.HRTV_S_BEAST"/>
#                </tree>
#            </treeIntervals>
#        </distribution>
#        <prior id="ORCRatePriorDistribution.c:HRTV_S_BEAST" name="distribution">
#            <parameter dimension="38" id="ORCRates.c:HRTV_S_BEAST" lower="1.0E-100" name="x" spec="beast.base.inference.parameter.RealParameter">0.5</parameter>
#            <LogNormal id="LogNormalDistributionModel.0" meanInRealSpace="true" name="distr">
#                <parameter estimate="false" id="RealParameter.2" name="M" spec="beast.base.inference.parameter.RealParameter">1.0</parameter>
#                <parameter id="ORCsigma.c:HRTV_S_BEAST" lower="0.0" name="S" spec="beast.base.inference.parameter.RealParameter">0.2</parameter>
#            </LogNormal>
#        </prior>
#        <prior id="ORCsigmaPrior.c:HRTV_S_BEAST" name="distribution" x="@ORCsigma.c:HRTV_S_BEAST">
#            <Gamma id="Gamma.0" name="distr">
#                <parameter estimate="false" id="RealParameter.3" name="alpha" spec="beast.base.inference.parameter.RealParameter">5.0</parameter>
#                <parameter estimate="false" id="RealParameter.4" name="beta" spec="beast.base.inference.parameter.RealParameter">0.05</parameter>
#            </Gamma>
#        </prior>
#        <prior id="ORCucldMeanPrior.c:HRTV_S_BEAST" name="distribution">
#            <parameter id="ORCucldMean.c:HRTV_S_BEAST" name="x" spec="beast.base.inference.parameter.RealParameter">0.0016226</parameter>
#            <Gamma id="Gamma.1" name="distr">
#                <alpha id="Function$Constant.1" spec="beast.base.core.Function$Constant" value="0.1"/>
#                <beta id="Function$Constant.2" spec="beast.base.core.Function$Constant" value="100.0"/>
#            </Gamma>
#        </prior>
#        <prior id="Standard_TPM3_rates_prior.s:HRTV_S_BEAST" name="distribution">
#            <parameter dimension="3" id="TPM3rates.s:HRTV_S_BEAST" lower="0.0" name="x" spec="beast.base.inference.parameter.RealParameter">1.0 1.0 1.0</parameter>
#            <distr id="Dirichlet.0" spec="beast.base.inference.distribution.Dirichlet">
#                <alpha id="Function$Constant.0" spec="beast.base.core.Function$Constant" value="1.0 1.0 1.0"/>
#            </distr>
#        </prior>
#        <prior id="PopSizePrior.t:HRTV_S_BEAST" name="distribution" x="@popSize.t:HRTV_S_BEAST">
#            <Gamma id="Gamma.3" name="distr">
#                <parameter estimate="false" id="RealParameter.8" name="alpha" spec="beast.base.inference.parameter.RealParameter">2.0</parameter>
#                <parameter estimate="false" id="RealParameter.9" name="beta" spec="beast.base.inference.parameter.RealParameter">2.0</parameter>
#            </Gamma>
#        </prior>
#        <prior id="PropInvariantPrior.s:HRTV_S_BEAST" name="distribution">
#            <parameter id="proportionInvariant.s:HRTV_S_BEAST" lower="0.0" name="x" spec="beast.base.inference.parameter.RealParameter" upper="1.0">0.769</parameter>
#            <Uniform id="Uniform.2" name="distr"/>
#        </prior>
#    </distribution>
#    <distribution id="likelihood" spec="beast.base.inference.CompoundDistribution" useThreads="true">
#        <distribution data="@HRTV_S_BEAST" id="treeLikelihood.HRTV_S_BEAST" spec="beast.base.evolution.likelihood.ThreadedTreeLikelihood" tree="@Tree.t:HRTV_S_BEAST">
#            <siteModel id="SiteModel.s:HRTV_S_BEAST" proportionInvariant="@proportionInvariant.s:HRTV_S_BEAST" spec="beast.base.evolution.sitemodel.SiteModel">
#                <parameter estimate="false" id="mutationRate.s:HRTV_S_BEAST" lower="0.0" name="mutationRate" spec="beast.base.inference.parameter.RealParameter">1.0</parameter>
#                <parameter estimate="false" id="gammaShape.s:HRTV_S_BEAST" lower="0.1" name="shape" spec="beast.base.inference.parameter.RealParameter">1.0</parameter>
#                <substModel id="Standard_TPM3.s:HRTV_S_BEAST" rates="@TPM3rates.s:HRTV_S_BEAST" spec="substmodels.nucleotide.TPM3"/>
#            </siteModel>
#            <branchRateModel clock.rate="@ORCucldMean.c:HRTV_S_BEAST" id="OptimisedRelaxedClock.c:HRTV_S_BEAST" rates="@ORCRates.c:HRTV_S_BEAST" spec="beast.base.evolution.branchratemodel.UCRelaxedClockModel" tree="@Tree.t:HRTV_S_BEAST">
#                <LogNormal S="@ORCsigma.c:HRTV_S_BEAST" id="ORCLogNormalDistributionModel.c:HRTV_S_BEAST" meanInRealSpace="true" name="distr">
#                    <parameter estimate="false" id="RealParameter.1" name="M" spec="beast.base.inference.parameter.RealParameter">1.0</parameter>
#                </LogNormal>
#            </branchRateModel>
#        </distribution>
#    </distribution>
#</input>
#
Sample	posterior	likelihood	prior	treeLikelihood	Tree.height	Tree.treeLength	proportionInvariant	RateAC-Standard_TPM3	RateAG-Standard_TPM3	RateAT-Standard_TPM3	RateCG-Standard_TPM3	RateCT-Standard_TPM3	RateGT-Standard_TPM3	ORCsigma	ORCRatesStat.mean	ORCRatesStat.variance	ORCRatesStat.coefficientOfVariation	ORCucldMean	popSize	CoalescentConstant
0	-3971.8365408355667	-3955.4178537303665	-16.41868710520015	-3955.4178537303665	21.916669513839103	60.88219083742712	0.7998903984211099	0.4485929584620548	2.2156673802398146	0.3357396612981412	0.4485929584620548	2.2156673802398146	0.3357396612981412	0.13991806933390433	0.0015398393927158877	3.049702914945851E-8	0.11325281088373432	0.0016134928787849587	1.733181179458952	-46.305935589166204
1000	-3927.7928282025887	-3916.1154201211148	-11.677408081473892	-3916.1154201211148	14.94995926938606	32.398054535917254	0.7998903984211099	0.4485929584620548	2.2156673802398146	0.3357396612981412	0.4485929584620548	2.2156673802398146	0.3357396612981412	0.13164519826897353	0.006577208158342145	1.3305495288864815E-6	0.17931455522028164	0.006350949697805244	1.8746725279901053	-24.96794646899773
2000	-3964.1261977879017	-3940.687892457793	-23.438305330108676	-3940.687892457793	16.427075581754774	37.32504134917512	0.7998903984211099	0.4485929584620548	2.2156673802398146	0.3357396612981412	0.4485929584620548	2.2156673802398146	0.3357396612981412	0.21569096627190626	0.01257676140764297	7.520551791356953E-6	0.2253462917803028	0.012198497559544125	2.195273130832133	-29.299969070124362
3000	-3907.8582149864264	-3862.655338377291	-45.20287660913514	-3862.655338377291	17.613618025714075	45.40108389275213	0.7998903984211099	0.16741130077588356	2.31873784420039	0.5138508550237368	0.16741130077588356	2.31873784420039	0.5138508550237368	0.4185128595091312	0.002974608080615006	1.314416990829802E-6	0.36343695296228473	0.003470485302678137	2.195273130832133	-35.19635298932978
4000	-4008.1359363538836	-4010.1888060211027	2.052869667219032	-4010.1888060211027	16.41268930337238	40.88748890094485	0.7998903984211099	0.16741130077588356	2.31873784420039	0.5138508550237368	0.16741130077588356	2.31873784420039	0.5138508550237368	0.10758026745000872	0.004397111132262528	1.8768109245515052E-7	0.10000353336781982	0.004357071290927182	2.9065185330924894	-33.91580461200851
5000	-3916.135059156032	-3869.237673984812	-46.89738517122018	-3869.237673984812	15.821584492852216	35.219850539436955	0.7998903984211099	0.16741130077588356	2.256748148615449	0.5758405506086779	0.16741130077588356	2.256748148615449	0.5758405506086779	0.4145456961324939	0.0018155261111191803	8.615220660035497E-7	0.4878734974685815	0.0018281757466953126	1.655775194995396	-26.224005084958105
6000	-3966.831915017273	-3955.3223299397296	-11.509585077543086	-3955.3223299397296	17.59828284355717	39.59423573785316	0.7998903984211099	0.16741130077588356	2.256748148615449	0.5758405506086779	0.16741130077588356	2.256748148615449	0.5758405506086779	0.18489725698952805	0.0024216578727793963	2.0970660329187022E-7	0.18349918610807617	0.0025264091096300254	1.610048446341843	-28.741912761581556
7000	-3926.4761390844847	-3904.273515126347	-22.20262395813792	-3904.273515126347	16.52071278611884	40.27883231725978	0.7998903984211099	0.0539701088715053	2.256748148615449	0.6892817425130562	0.0539701088715053	2.256748148615449	0.6892817425130562	0.24357459919987556	0.007041602109146476	1.8977572357346645E-6	0.19423896920451042	0.007135852566334383	3.091289317067909	-32.5488569686548
8000	-3827.1079575925974	-3796.2963610374727	-30.811596555124737	-3796.2963610374727	16.9941937758272	44.590669510836285	0.7998903984211099	0.0539701088715053	2.256748148615449	0.6892817425130562	0.0539701088715053	2.256748148615449	0.6892817425130562	0.24630483179742704	0.0041490252323737545	1.1980615236442633E-6	0.26061424052640914	0.004187744391389225	2.2835593462742607	-35.26094616441134
9000	-3992.949211026283	-3966.739281027927	-26.209929998356042	-3966.739281027927	15.639233650645833	35.99450366781436	0.7998903984211099	0.0539701088715053	2.256748148615449	0.6892817425130562	0.0539701088715053	2.256748148615449	0.6892817425130562	0.21207874097224005	0.0023407981154980177	3.087045473155836E-7	0.220946194055009	0.002401633656555105	2.0428268036193455	-27.65103938082866
10000	-3826.8281272185395	-3796.2632274695525	-30.564899748987052	-3796.2632274695525	15.309003960483635	37.4135649484475	0.7998903984211099	0.1414154626570231	2.0786421813838336	0.7799423559591536	0.1414154626570231	2.0786421813838336	0.7799423559591536	0.2384946675258917	0.006052765520283291	2.4669169353044615E-6	0.2703323144797739	0.005825879089972374	2.3724948880521817	-30.468042969979763
11000	-4005.7481226	-3992.2464406884637	-13.50168191153639	-3992.2464406884637	15.867181876158472	32.386616895520405	0.7998903984211099	0.06450303026994662	2.15555461377091	0.7799423559591536	0.06450303026994662	2.15555461377091	0.7799423559591536	0.18579762258591045	0.006663293271931813	1.9024005071474293E-6	0.19370976504396983	0.006929260482395155	1.7078270495319405	-24.155610334174934
12000	-3791.0825782066763	-3819.50472546785	28.42214726117377	-3819.50472546785	17.8982417013763	37.942540051177595	0.7998903984211099	0.06450303026994662	2.15555461377091	0.7799423559591536	0.06450303026994662	2.15555461377091	0.7799423559591536	0.06211902937405706	0.002687173060999098	2.2120806896946165E-8	0.05526742182969181	0.0026452267723917353	1.3057452858466019	-26.482296840353293
13000	-3958.2953372624943	-3937.1005177088987	-21.19481955359541	-3937.1005177088987	15.118757876522846	27.02303072067807	0.7998903984211099	0.06450303026994662	2.15555461377091	0.7799423559591536	0.06450303026994662	2.15555461377091	0.7799423559591536	0.33307558901048556	0.002329248958903211	4.1114388717021654E-7	0.2910156521987094	0.0022593333275042382	1.2262661267902377	-17.970703841330476
14000	-3965.7108141964313	-3947.575510657724	-18.135303538707387	-3947.575510657724	15.864441437668242	36.657773488049294	0.7998903984211099	0.06450303026994662	2.15555461377091	0.7799423559591536	0.06450303026994662	2.15555461377091	0.7799423559591536	0.18016452659419077	0.006168448556121834	1.6868147143768506E-6	0.20160680025854696	0.006238171508339938	1.705362536679087	-28.195195086309123
15000	-3844.567508971188	-3837.8517356761627	-6.7157732950255555	-3837.8517356761627	14.918379043656977	33.26272955930641	0.7998903984211099	0.06450303026994662	2.15555461377091	0.7799423559591536	0.06450303026994662	2.15555461377091	0.7799423559591536	0.17842417534403623	0.0035520348617422786	3.57249143004085E-7	0.16406682050032437	0.0038188731677706394	1.3984427327202176	-25.945817913713654
16000	-3872.599744837103	-3869.0222243489534	-3.577520488149509	-3869.0222243489534	16.38139185791487	39.93463431405118	0.7998903984211099	0.06450303026994662	2.161281749664933	0.7742152200651307	0.06450303026994662	2.161281749664933	0.7742152200651307	0.14420790960321594	0.0033323606176686228	2.1438022750912482E-7	0.13771837023111286	0.003437252814913857	2.007792770868714	-30.36931359368949
17000	-3938.59285799219	-3920.911830446578	-17.68102754561212	-3920.911830446578	17.094952563848384	46.350754038118524	0.7998903984211099	0.06450303026994662	2.161281749664933	0.7742152200651307	0.06450303026994662	2.161281749664933	0.7742152200651307	0.13948026148610254	0.0012824531299867204	3.605247679007629E-8	0.1467191755767143	0.0012311245349473814	2.0128365311527263	-36.31058929137953
18000	-3944.7513269694023	-3899.9251525821956	-44.826174387206784	-3899.9251525821956	15.653596426939046	42.14540530767985	0.7998903984211099	0.06450303026994662	2.161281749664933	0.7742152200651307	0.06450303026994662	2.161281749664933	0.7742152200651307	0.29913176046699186	0.00606243372479133	4.721959888859291E-6	0.3488705908676765	0.006117959039699955	3.6113428232928064	-35.77406126030968
19000	-3922.77271544113	-3897.0013149330944	-25.771400508035608	-3897.0013149330944	14.968039073993953	32.783589591156534	0.7998903984211099	0.06450303026994662	2.161281749664933	0.7742152200651307	0.06450303026994662	2.161281749664933	0.7742152200651307	0.2618692394983715	0.007769175810514632	6.3125836121295975E-6	0.3141573434786366	0.008282108244289198	1.2978506224561723	-24.133654570360385
20000	-4000.9693010380065	-3980.2494779577096	-20.719823080296738	-3980.2494779577096	17.36605226035793	40.520153873199675	0.7998903984211099	0.06450303026994662	2.161281749664933	0.7742152200651307	0.06450303026994662	2.161281749664933	0.7742152200651307	0.18859666988137275	0.01259291083415702	5.63127400004455E-6	0.19373301371356355	0.012064987176265035	2.780529296913522	-31.486760276319842
21000	-3922.5219964555135	-3887.217450447148	-35.30454600836529	-3887.217450447148	15.735857407469489	43.35374682521386	0.7998903984211099	0.31578775915196433	2.161281749664933	0.522930491183113	0.31578775915196433	2.161281749664933	0.522930491183113	0.28104486822470737	0.005498462936977445	2.2513452752016696E-6	0.2523737635372028	0.005647891073692583	2.288727055671346	-34.333652165272554
22000	-4022.734566951021	-3994.1653423138514	-28.569224637169558	-3994.1653423138514	15.767426488846674	39.57072924865703	0.7998903984211099	0.5436853699902575	2.161281749664933	0.2950328803448198	0.5436853699902575	2.161281749664933	0.2950328803448198	0.2650542387807805	0.002296961579810266	4.566430354607853E-7	0.28416286923246065	0.0025173891432679965	1.8883190645372159	-31.37470163765236
23000	-3820.2550751207273	-3820.6359343442155	0.3808592234881878	-3820.6359343442155	15.02528359730141	43.5114902584807	0.7998903984211099	0.5436853699902575	2.161281749664933	0.2950328803448198	0.5436853699902575	2.161281749664933	0.2950328803448198	0.10156585669483191	0.004703733171164891	1.8987038421820472E-7	0.0934068334990105	0.004752675976164535	3.424176322593622	-37.142772468299455
24000	-3762.3215489025793	-3728.348034364375	-33.97351453820414	-3728.348034364375	17.19601716148448	57.76243250747427	0.7998903984211099	0.5436853699902575	2.335155195659011	0.12115943435074158	0.5436853699902575	2.335155195659011	0.12115943435074158	0.1803449664609176	0.003837749385094903	4.4660094361843106E-7	0.17258849078874108	0.003663397732400495	3.7675708224350317	-46.20693056441901
25000	-3818.876496496474	-3776.6812597262665	-42.19523677020731	-3776.6812597262665	20.008039499734117	63.425771174161255	0.7998903984211099	0.9155617596061135	1.9632788060431552	0.12115943435074158	0.9155617596061135	1.9632788060431552	0.12115943435074158	0.2575636516189856	0.003705818869615164	8.587299611333316E-7	0.2445124497777932	0.003792812641199024	3.55421856160097	-45.549474012125245
26000	-4186.805784598513	-4152.6637730831535	-34.142011515360025	-4152.6637730831535	22.696822337792593	54.34275122235613	0.7998903984211099	0.9155617596061135	1.9632788060431552	0.12115943435074158	0.9155617596061135	1.9632788060431552	0.12115943435074158	0.20444697652070967	0.008213985635109777	5.296820845685793E-6	0.26466345177399575	0.008967038447988622	1.9238015057917184	-36.238297694207034
27000	-4012.391687240859	-4004.079132398543	-8.312554842315773	-4004.079132398543	16.7703165047372	33.97718398421606	0.7998903984211099	0.9155617596061135	1.9632788060431552	0.12115943435074158	0.9155617596061135	1.9632788060431552	0.12115943435074158	0.1971373321599857	0.007195288919198293	1.8148194181667152E-6	0.1875112763069994	0.0073015805307402705	1.157595575671431	-23.068848301331993
28000	-4043.6279140666543	-3994.6441601610413	-48.98375390561315	-3994.6441601610413	15.444103549319857	32.70914933053487	0.7998903984211099	0.9155617596061135	1.9632788060431552	0.12115943435074158	0.9155617596061135	1.9632788060431552	0.12115943435074158	0.45401998665347126	0.0049317128312640944	7.816057928446265E-6	0.5251883625601722	0.004776067892141725	1.4120446139133853	-23.679433752267297
29000	-3988.126835058533	-3982.65797938457	-5.4688556739631276	-3982.65797938457	15.566274555787672	38.5276316951933	0.7998903984211099	0.9155617596061135	1.9632788060431552	0.12115943435074158	0.9155617596061135	1.9632788060431552	0.12115943435074158	0.13240384425562596	0.002923555991392692	1.5595817447314172E-7	0.13772963915384084	0.0029188062616503905	2.2250158343470563	-31.450767738421792
30000	-4115.367787379455	-4089.0940445566735	-26.273742822781827	-4089.0940445566735	16.47692844949696	39.03070038724399	0.7998903984211099	0.9155617596061135	1.9632788060431552	0.12115943435074158	0.9155617596061135	1.9632788060431552	0.12115943435074158	0.23740944068334988	0.007088718133313744	3.657670516251188E-6	0.2604359598982891	0.0073829266018458906	1.6836718092883787	-31.38815861486636
31000	-4271.387027227058	-4240.757595888686	-30.629431338371678	-4240.757595888686	21.857640081450754	57.35164400267921	0.7998903984211099	0.554397586967128	1.7775824960428146	0.6680199169900677	0.554397586967128	1.7775824960428146	0.6680199169900677	0.18604509761497537	0.0071680611307255015	1.9307128141034237E-6	0.1920882390859852	0.006934757892495915	2.8029658300564884	-39.269033029067565
32000	-4156.398260919232	-4108.307450141117	-48.09081077811456	-4108.307450141117	16.298205971872047	50.17361474756223	0.7998903984211099	0.554397586967128	1.7775824960428146	0.6680199169900677	0.554397586967128	1.7775824960428146	0.6680199169900677	0.30008136687592224	0.003153707932254463	1.2134392117469418E-6	0.3253941223254434	0.0035933016427045243	5.454345930270857	-44.12163345953785
33000	-4111.146207562626	-4071.3757994199204	-39.77040814270539	-4071.3757994199204	16.0818977294119	53.75019251968283	0.7998903984211099	0.27450216502415653	2.057477917985786	0.6680199169900677	0.27450216502415653	2.057477917985786	0.6680199169900677	0.28920527722938155	0.009187964309629558	4.0918413550127535E-6	0.22139484957614977	0.00965542930287546	3.6624886852216925	-45.15749783422321
34000	-3877.926072709753	-3890.153755435608	12.227682725855155	-3890.153755435608	16.008671337129677	34.993467272976154	0.7998903984211099	0.001158021538812004	2.057477917985786	0.9413640604754122	0.001158021538812004	2.057477917985786	0.9413640604754122	0.09524682068884847	0.0044515636912286684	1.6182673708919636E-7	0.0895579022781401	0.004397552426686713	1.3749369943611933	-25.30410585529484
35000	-4170.524500083451	-4155.766075912681	-14.758424170769608	-4155.766075912681	15.270449433890203	32.8122434915388	0.7998903984211099	0.001158021538812004	2.057477917985786	0.9413640604754122	0.001158021538812004	2.057477917985786	0.9413640604754122	0.20691931313966647	0.005849042934856072	1.2158277831911274E-6	0.1924563999823178	0.00553303264655987	1.6725720178324208	-24.366671959215743
36000	-4198.1080128853755	-4164.059375238506	-34.04863764686936	-4164.059375238506	18.469681914375123	42.688821971394205	0.7998903984211099	0.001158021538812004	2.057477917985786	0.9413640604754122	0.001158021538812004	2.057477917985786	0.9413640604754122	0.2286869932652628	0.00885418336018889	7.507538144606286E-6	0.3004570753701727	0.00939428670078372	2.931075072306437	-32.95583936016342
37000	-4105.702489026667	-4088.7696253488275	-16.932863677838757	-4088.7696253488275	14.370096651256539	31.772647793119173	0.7998903984211099	0.001158021538812004	2.057477917985786	0.9413640604754122	0.001158021538812004	2.057477917985786	0.9413640604754122	0.2193268345722993	0.0030879950462143796	5.218433102264482E-7	0.2310094046415844	0.0031432193733593483	1.2683096976312918	-24.314769086179922
38000	-4024.7722823499694	-4009.1600055184945	-15.61227683147508	-4009.1600055184945	14.902466352493189	38.754941737094015	0.7998903984211099	0.001158021538812004	2.057477917985786	0.9413640604754122	0.001158021538812004	2.057477917985786	0.9413640604754122	0.17130253918440327	0.007805410611787442	2.325660310130503E-6	0.18274873780794867	0.008450880445475718	1.8226843871049574	-30.76314471484121
39000	-3899.3591963039144	-3922.547809436943	23.188613133029016	-3922.547809436943	18.50405971688835	41.62786720574827	0.7998903984211099	0.001158021538812004	2.057477917985786	0.9413640604754122	0.001158021538812004	2.057477917985786	0.9413640604754122	0.05090953282276371	0.002249865958467017	1.6734242924180166E-8	0.056920155802761455	0.0022674195188713306	1.4068719119195205	-31.177512711711707
40000	-4016.763373052397	-3975.4813819512297	-41.28199110116763	-3975.4813819512297	15.732770908004198	29.015398589963237	0.7998903984211099	0.001158021538812004	2.057477917985786	0.9413640604754122	0.001158021538812004	2.057477917985786	0.9413640604754122	0.4236303457168249	0.010635257668168741	2.502895636919478E-5	0.4387226922696548	0.01112113660688312	1.37512922893242	-20.63555283465652
41000	-4138.777652767572	-4114.0036840216635	-24.77396874590929	-4114.0036840216635	16.259391403787284	35.968295425509304	0.7998903984211099	0.001158021538812004	2.057477917985786	0.9413640604754122	0.001158021538812004	2.057477917985786	0.9413640604754122	0.16447920642000752	0.011918255675473832	7.004476882553032E-6	0.21985292852332317	0.011477502236544618	1.467796367076755	-25.454496030085373
42000	-4343.3882213831985	-4308.977999385889	-34.41022199730883	-4308.977999385889	19.738722000199985	40.5697929694819	0.7998903984211099	0.420057379401185	2.42685848447998	0.15308413611884536	0.420057379401185	2.42685848447998	0.15308413611884536	0.2584463401902935	0.02206066590823736	2.6956432427438452E-5	0.23660715871328805	0.020284061267189308	1.6315984704303186	-26.880256558693834
43000	-3830.9351362358348	-3807.3867225006325	-23.5484137352024	-3807.3867225006325	19.142092627111335	56.441925092010344	0.7998903984211099	0.420057379401185	2.42685848447998	0.15308413611884536	0.420057379401185	2.42685848447998	0.15308413611884536	0.13916980774130017	0.002230541513659976	1.2585013311989178E-7	0.16255506547109336	0.0021732725514667208	3.2658424630167517	-42.36894533456161
44000	-3755.2580747798925	-3704.403886966493	-50.85418781339975	-3704.403886966493	17.590486633433873	64.60395900492381	0.7998903984211099	0.420057379401185	2.42685848447998	0.15308413611884536	0.420057379401185	2.42685848447998	0.15308413611884536	0.25845009470984204	0.0019005528695713663	2.484558759695984E-7	0.2703764153746359	0.0018895494168281537	5.384213854711828	-51.154280999376105
45000	-4196.580358988416	-4181.751677926093	-14.828681062323177	-4181.751677926093	17.71396166350824	56.935321039961046	0.7998903984211099	0.420057379401185	2.42685848447998	0.15308413611884536	0.420057379401185	2.42685848447998	0.15308413611884536	0.10299793115317718	0.0020156143909405588	5.3022448271901454E-8	0.11468847436960297	0.002015185017242585	5.24254201051227	-45.67873076701407
46000	-4016.3546857792358	-3962.7967562514796	-53.55792952775616	-3962.7967562514796	21.355107509980424	71.42250996332476	0.7998903984211099	0.420057379401185	2.42685848447998	0.15308413611884536	0.420057379401185	2.42685848447998	0.15308413611884536	0.22367966349163138	0.0027485948380746414	5.181888304076746E-7	0.2646518356892861	0.002672367297406876	5.3885558186327716	-50.397210018095535
47000	-4361.660532916958	-4293.939585477938	-67.72094743902034	-4293.939585477938	26.96966572806307	89.95191000843182	0.6526135316305557	0.13737422345829675	1.9194765826604019	0.9431491938813117	0.13737422345829675	1.9194765826604019	0.9431491938813117	0.39149601764479147	0.00157096039961776	4.4540319833787616E-7	0.4288248674344358	0.0016359109338175968	4.441286008508785	-56.56209210401309
48000	-4036.2446647975016	-4017.6705038848113	-18.574160912690374	-4017.6705038848113	15.587752595117326	67.92024864485272	0.6526135316305557	0.11616464723839559	2.524495415655625	0.35933993710598977	0.11616464723839559	2.524495415655625	0.35933993710598977	0.10921442476546292	0.0017932080942252293	3.162211804642832E-8	0.09956381413160387	0.0018257413592976301	5.560407737430577	-55.161096061178014
49000	-4337.866537176905	-4280.025220567971	-57.84131660893374	-4280.025220567971	22.57673206539609	71.46621589997737	0.6526135316305557	0.11616464723839559	2.524495415655625	0.35933993710598977	0.11616464723839559	2.524495415655625	0.35933993710598977	0.25327172053037544	0.006331253368594619	4.956019778382539E-6	0.31141020572034334	0.006842354376871945	6.2274138803582675	-50.4355606121315
50000	-4205.83598085699	-4172.714145372847	-33.12183548414263	-4172.714145372847	19.41695204816944	51.812460868465855	0.6526135316305557	0.11616464723839559	2.524495415655625	0.35933993710598977	0.11616464723839559	2.524495415655625	0.35933993710598977	0.20229726231058806	0.004688098747143074	7.850044967305004E-7	0.19023290680530922	0.004375417852702806	4.919973722892491	-40.96653415865873
51000	-4257.196377034189	-4212.07478267153	-45.12159436265963	-4212.07478267153	20.489768489320287	80.08858269497081	0.6526135316305557	0.11616464723839559	2.524495415655625	0.35933993710598977	0.11616464723839559	2.524495415655625	0.35933993710598977	0.17283743752902878	0.0027353982145391694	3.096400387126666E-7	0.20069963897356158	0.0029812450242262174	7.139290655075947	-55.79498819241507
52000	-4210.051556436042	-4169.970265250231	-40.08129118581133	-4169.970265250231	17.21421262032247	55.52281226122744	0.6526135316305557	0.11616464723839559	2.524495415655625	0.35933993710598977	0.11616464723839559	2.524495415655625	0.35933993710598977	0.22541066632945864	0.00828101035300955	3.8786469834233186E-6	0.2285949021922792	0.008459831095976209	3.1845479144949875	-43.62800998532196
53000	-4046.2382700028197	-3990.5430326002147	-55.695237402604825	-3990.5430326002147	16.5891229671076	45.874194889769974	0.6526135316305557	0.11616464723839559	1.7496332070456349	1.1342021457159799	0.11616464723839559	1.7496332070456349	1.1342021457159799	0.402759346206321	0.0060567432967055775	7.972947205117342E-6	0.44559914516778953	0.005869445227282323	3.479670899549441	-37.19169417539455
54000	-3905.729403600628	-3877.69019752405	-28.039206076577884	-3877.69019752405	18.449311838935827	47.73153742540776	0.6526135316305557	0.11616464723839559	2.199670496627681	0.6841648561339335	0.11616464723839559	2.199670496627681	0.6841648561339335	0.2020380612184884	0.004386139464371753	9.190700292880272E-7	0.21227820767369637	0.004280551316612864	2.7356380988220605	-36.02476738468256
55000	-4006.0064778890296	-3987.4911296996693	-18.515348189360306	-3987.4911296996693	17.114913587230664	33.23419605452178	0.6526135316305557	0.11616464723839559	2.199670496627681	0.6841648561339335	0.11616464723839559	2.199670496627681	0.6841648561339335	0.29467227015572267	0.0020837932308852506	2.4200051025219974E-7	0.22163851356085207	0.002283551305548745	1.899820321892646	-24.241903221927686
56000	-4077.5443008702996	-4063.6422463280187	-13.902054542280956	-4063.6422463280187	14.183839781365576	26.411744330192057	0.6526135316305557	0.11616464723839559	2.199670496627681	0.6841648561339335	0.11616464723839559	2.199670496627681	0.6841648561339335	0.2695661438738163	0.0033291717141623084	6.400391213235751E-7	0.2542686599019352	0.003104187049709814	0.9941444946994139	-15.17433885659565
57000	-4115.487499380537	-4101.520820119377	-13.966679261159364	-4101.520820119377	16.240960314534597	36.34792480743512	0.6526135316305557	0.11616464723839559	2.199670496627681	0.6841648561339335	0.11616464723839559	2.199670496627681	0.6841648561339335	0.21044477856331129	0.00856123969796587	2.1362047166972387E-6	0.17071397790366732	0.008504918554539474	1.5499996162794278	-27.741102395572476
58000	-3954.8780403451765	-3916.6749342943526	-38.20310605082388	-3916.6749342943526	16.0251643882526	41.42209112056338	0.6526135316305557	0.11616464723839559	2.7008653420775337	0.18297001068408092	0.11616464723839559	2.7008653420775337	0.18297001068408092	0.33274687222885746	0.0024576857951733944	5.411523967902631E-7	0.3102292454576559	0.002342094902050271	2.330567840711389	-33.44974856159322
59000	-4104.428565434685	-4056.883726966645	-47.54483846803947	-4056.883726966645	17.99785183759748	65.90030111520362	0.6526135316305557	0.11616464723839559	2.7008653420775337	0.18297001068408092	0.11616464723839559	2.7008653420775337	0.18297001068408092	0.20886093810975423	0.003092039391018082	5.513328827937175E-7	0.2348732910191237	0.0030501618365217824	5.433939498488714	-50.539434498692636
60000	-4028.215923242574	-3972.616501333674	-55.599421908899565	-3972.616501333674	18.195189668043543	68.76670402035485	0.6526135316305557	0.11616464723839559	2.7008653420775337	0.18297001068408092	0.11616464723839559	2.7008653420775337	0.18297001068408092	0.2793195824593035	0.0036621557010341416	1.1300940040740174E-6	0.29303238752619143	0.003582757025983826	5.498202700637144	-51.88173026175268
61000	-4122.246973464835	-4045.9692935940866	-76.27767987074783	-4045.9692935940866	24.69100869506766	111.19617055987499	0.6526135316305557	0.11616464723839559	2.7008653420775337	0.18297001068408092	0.11616464723839559	2.7008653420775337	0.18297001068408092	0.3956932862116318	0.0012922800269345254	2.9546659937933516E-7	0.3940412727196993	0.0014171156732115532	7.479225667818555	-67.1588593785278
62000	-4081.4696373612687	-4026.4254493528365	-55.0441880084322	-4026.4254493528365	27.440143159428647	109.0115150374161	0.5637336508667113	0.11616464723839559	2.7008653420775337	0.18297001068408092	0.11616464723839559	2.7008653420775337	0.18297001068408092	0.19219675120111307	0.002634100753781562	2.60349028081032E-7	0.2067563914582921	0.0024714703742026284	10.787699043441844	-63.303163116576094
63000	-4258.347468505124	-4200.171978822295	-58.17548968282898	-4200.171978822295	19.85680962565509	59.33045827011469	0.5637336508667113	0.11616464723839559	2.7008653420775337	0.18297001068408092	0.11616464723839559	2.7008653420775337	0.18297001068408092	0.43519387630679396	0.00526586265902686	4.84788194299573E-6	0.42920311355031476	0.005446224226476284	3.7115741216376255	-44.1546066556677
64000	-3859.263053178062	-3811.767542978157	-47.495510199905056	-3811.767542978157	18.276387671278545	62.71250503807936	0.5637336508667113	0.11616464723839559	2.7008653420775337	0.18297001068408092	0.11616464723839559	2.7008653420775337	0.18297001068408092	0.2875643022811315	0.001071622741258893	1.2129808309422412E-7	0.30992650017596984	0.0012133600786886117	4.099177535965781	-47.96058643170379
65000	-3742.0409812033718	-3686.051307942313	-55.989673261058726	-3686.051307942313	17.99278978827919	48.98431051224096	0.5637336508667113	0.11616464723839559	2.376725932288143	0.5071094204734715	0.11616464723839559	2.376725932288143	0.5071094204734715	0.3297333043420422	0.0027420716819222175	1.2341020740555788E-6	0.41398675384728484	0.002747503369406036	3.2519369325660725	-38.329954801000255
66000	-4081.95073322916	-4047.6379010993337	-34.31283212982622	-4047.6379010993337	15.11088647875007	33.52436034955633	0.5637336508667113	0.11616464723839559	2.376725932288143	0.5071094204734715	0.11616464723839559	2.376725932288143	0.5071094204734715	0.37312038090572486	0.004691386146175604	3.643581007165414E-6	0.363848844631169	0.005387202619742395	1.206126158122813	-24.290692737849387
67000	-4040.9147014791956	-4001.748547842663	-39.16615363653274	-4001.748547842663	21.528980820835315	66.74341044461107	0.5637336508667113	0.11616464723839559	2.376725932288143	0.5071094204734715	0.11616464723839559	2.376725932288143	0.5071094204734715	0.17797622440392766	0.0034258125459541993	4.822933815532112E-7	0.2023250773804207	0.00348329830618366	4.255040250422794	-47.06969804287377
68000	-3899.5495811292158	-3873.878086489537	-25.671494639678766	-3873.878086489537	14.284529096464276	34.953664480530016	0.5637336508667113	0.11616464723839559	2.376725932288143	0.5071094204734715	0.11616464723839559	2.376725932288143	0.5071094204734715	0.2519314525809024	0.0030505476104236997	4.760902218532096E-7	0.23621656513453188	0.0029158420756392675	1.3107836187487028	-29.348198790853324
69000	-4109.35119885173	-4067.621618213927	-41.72958063780367	-4067.621618213927	16.07695500654439	35.51106702787096	0.3890575413641395	0.5846948212592258	1.908195758267313	0.5071094204734715	0.5846948212592258	1.908195758267313	0.5071094204734715	0.38814957177306886	0.004585129465795667	2.861450692335095E-6	0.37252718290045755	0.004435200997311877	1.6364685286913265	-26.977734258162407
70000	-4191.542836095125	-4204.238303904907	12.695467809783066	-4204.238303904907	14.820771078394442	35.80821415928585	0.3890575413641395	0.5846948212592258	1.455510327509258	0.9597948512315265	0.5846948212592258	1.455510327509258	0.9597948512315265	0.0998533975775033	0.00312592013747342	7.264335763984788E-8	0.08608275890823766	0.0031395934489314163	1.5091731445978889	-28.445097590000458
71000	-4136.870865000593	-4108.248426278295	-28.622438722298032	-4108.248426278295	15.517484286952143	38.01254985344242	0.3890575413641395	0.13012200062232793	1.910083148146156	0.9597948512315265	0.13012200062232793	1.910083148146156	0.9597948512315265	0.30083114890311946	0.00452102938295628	1.7793993997649033E-6	0.282826930598177	0.004949018376322055	1.8891825495128736	-29.659795765344573
72000	-4129.350436661722	-4112.940030501964	-16.410406159757468	-4112.940030501964	16.288999541484994	42.21006440360027	0.3890575413641395	0.13012200062232793	1.910083148146156	0.9597948512315265	0.13012200062232793	1.910083148146156	0.9597948512315265	0.16984206920276496	0.0033667724181080843	3.310663606037381E-7	0.1699844850116005	0.003497275136066028	1.6721293022634627	-34.00599987217353
73000	-4050.2090742605124	-4002.665213273171	-47.543860987341226	-4002.665213273171	18.210565899609744	40.55856376161383	0.3890575413641395	0.13012200062232793	1.910083148146156	0.9597948512315265	0.13012200062232793	1.910083148146156	0.9597948512315265	0.40191305872061955	0.0033411018490514836	3.0127471099513235E-6	0.4474798679119556	0.0039704014509796175	1.1624030663658576	-28.8431507696541
74000	-4019.0884197452283	-4009.409957196164	-9.678462549063992	-4009.409957196164	15.777433899554158	37.96465478645345	0.3890575413641395	0.13012200062232793	1.4221461907298871	1.4477318086477953	0.13012200062232793	1.4221461907298871	1.4477318086477953	0.16438528343832431	0.00374727206755382	3.333639034925581E-7	0.15716734645139224	0.0036101157811454896	1.7650771710133533	-30.46985849115036
75000	-4206.0146748922	-4174.68808213689	-31.326592755309722	-4174.68808213689	14.66733309489812	31.932808615826552	0.3890575413641395	0.13012200062232793	1.4221461907298871	1.4477318086477953	0.13012200062232793	1.4221461907298871	1.4477318086477953	0.36438321833008164	0.0032861755918459543	1.3843548417339109E-6	0.34809145301930045	0.003443009133718107	1.2804275400001381	-25.20795675158354
76000	-4124.788986264833	-4121.472229067567	-3.316757197265505	-4121.472229067567	16.796729128781518	34.31830023108708	0.3890575413641395	0.34908476865943927	1.4221461907298871	1.228769040610684	0.34908476865943927	1.4221461907298871	1.228769040610684	0.16792984773725023	0.0038754405171300276	3.1850534921637623E-7	0.14541449433644305	0.003997621892086122	0.9565736897587425	-25.754066372332556
77000	-4097.014799805214	-4117.899018562175	20.88421875696037	-4117.899018562175	14.43227652761568	24.150957484823184	0.3890575413641395	0.34908476865943927	1.9533248764882312	0.69759035485234	0.34908476865943927	1.9533248764882312	0.69759035485234	0.11290224960587694	0.006763350770051439	5.671368282047132E-7	0.10825997473740584	0.006969156297353865	1.0941194862234391	-12.764852667081078
78000	-4009.273783689115	-4000.245209998041	-9.028573691074318	-4000.245209998041	15.65345058267244	28.74805070647414	0.3890575413641395	0.34908476865943927	1.9533248764882312	0.69759035485234	0.34908476865943927	1.9533248764882312	0.69759035485234	0.24482260243143783	0.0029417748753160933	5.219391506821573E-7	0.23884005854471957	0.0031473127330639812	0.7853825463640792	-14.76174710948292
79000	-4072.0378939655807	-4048.3838424763367	-23.65405148924418	-4048.3838424763367	16.294397362163323	30.571482782877457	0.3890575413641395	0.34908476865943927	2.4310790592611715	0.21983617207939965	0.34908476865943927	2.4310790592611715	0.21983617207939965	0.34316434645977234	0.0028170821184020866	6.391199937549993E-7	0.284075627737064	0.0030148730227811888	1.566117917047958	-21.833939139096525
80000	-4177.14309779826	-4154.618062032826	-22.525035765434012	-4154.618062032826	16.35681207158267	34.046413576319004	0.3890575413641395	0.34908476865943927	2.4310790592611715	0.21983617207939965	0.34908476865943927	2.4310790592611715	0.21983617207939965	0.27729315420461753	0.004666166972985043	1.4102819727125448E-6	0.25261550835429125	0.004784913464351826	1.4658771595243134	-25.83243801201168
81000	-3914.848415758173	-3928.150210075088	13.30179431691514	-3928.150210075088	14.743127083172874	31.52439391937098	0.7404969830170303	0.34908476865943927	2.4310790592611715	0.21983617207939965	0.34908476865943927	2.4310790592611715	0.21983617207939965	0.0907996505857536	0.005971916850808122	2.6615914164249313E-7	0.085757862239415	0.006163369023641448	1.2690998092262897	-27.726072295195255
82000	-4047.5398318444613	-4007.4510161942976	-40.08881565016378	-4007.4510161942976	18.009037880222305	43.84637944830212	0.7404969830170303	0.34908476865943927	2.4310790592611715	0.21983617207939965	0.34908476865943927	2.4310790592611715	0.21983617207939965	0.3616468410442565	0.0019243940208184952	5.647896059451826E-7	0.3524152929629916	0.0021829850579485463	1.9705361664408976	-32.531246744187634
83000	-3924.5455424994634	-3923.9585435965137	-0.5869989029495208	-3923.9585435965137	14.955602910425792	29.17520887798595	0.7404969830170303	0.34908476865943927	2.4310790592611715	0.21983617207939965	0.34908476865943927	2.4310790592611715	0.21983617207939965	0.18860868895299704	0.008317753704313084	1.6801814314386084E-6	0.1574406128536244	0.008327159646717451	1.0350572445406812	-19.565865560144566
84000	-3910.451045365195	-3914.7259629581927	4.274917592997656	-3914.7259629581927	15.23318469878287	25.889723111637664	0.7404969830170303	0.34908476865943927	2.4310790592611715	0.21983617207939965	0.34908476865943927	2.4310790592611715	0.21983617207939965	0.17690974881781057	0.006507849479167529	1.3377097054292264E-6	0.1695871262040257	0.006924747473703326	0.8719044721775474	-13.636011161557832
85000	-4147.171797385652	-4108.674997178348	-38.49680020730348	-4108.674997178348	16.193180246353897	37.59065801542667	0.7404969830170303	0.34908476865943927	2.4310790592611715	0.21983617207939965	0.34908476865943927	2.4310790592611715	0.21983617207939965	0.31783215337435	0.0037477479071324907	2.014883417257391E-6	0.3643140525120928	0.003935903548994098	1.5927307969957996	-28.90866289135881
86000	-4056.7980255940824	-4035.0976218892256	-21.700403704856633	-4035.0976218892256	16.34312032532197	35.63352214161255	0.7404969830170303	0.8650611059058143	1.9151027220147965	0.21983617207939965	0.8650611059058143	1.9151027220147965	0.21983617207939965	0.2758321265270473	0.0064480452009532995	2.3757203230026716E-6	0.23571926790464612	0.006569944257618381	1.6103690560752006	-26.32446782610697
87000	-4014.566971655541	-4002.616931199402	-11.95004045613872	-4002.616931199402	15.113231079889411	31.120224740226014	0.7404969830170303	0.8650611059058143	1.9151027220147965	0.21983617207939965	0.8650611059058143	1.9151027220147965	0.21983617207939965	0.1709550830322482	0.004191262842735823	7.002298564980425E-7	0.1959588055123282	0.0043214810724087685	1.277759082904315	-21.564614840360694
88000	-4059.133551455689	-4016.4103566021076	-42.723194853581305	-4016.4103566021076	14.801139228918931	30.475376492313462	0.7404969830170303	0.8650611059058143	1.9151027220147965	0.21983617207939965	0.8650611059058143	1.9151027220147965	0.21983617207939965	0.3639061293689355	0.0019520545071011518	6.109183697779221E-7	0.4035533811580002	0.0018196116526246948	1.1999517897200762	-22.982379776550452
89000	-3993.788440649173	-3985.7602039900403	-8.028236659132784	-3985.7602039900403	14.488774577584095	31.30378836143577	0.7404969830170303	0.8650611059058143	1.9151027220147965	0.21983617207939965	0.8650611059058143	1.9151027220147965	0.21983617207939965	0.18636731983833818	0.003759210271591859	4.923216556893258E-7	0.18819288335235002	0.003749155726146578	1.5411969871116438	-23.125913541053375
90000	-4007.5905169171606	-3956.1815972424206	-51.40891967474018	-3956.1815972424206	17.30289054505583	44.97771547232628	0.7404969830170303	0.5505878446912572	1.5858716246622144	0.8635405306465388	0.5505878446912572	1.5858716246622144	0.8635405306465388	0.43617627506081336	0.00415117562640466	3.6713675483663914E-6	0.4494638136945398	0.004090583180213354	2.082040321778592	-34.48223158634241
91000	-4182.58740598597	-4128.472856016489	-54.1145499694815	-4128.472856016489	20.944177141741168	54.41722599014574	0.7404969830170303	0.5505878446912572	1.5858716246622144	0.8635405306465388	0.5505878446912572	1.5858716246622144	0.8635405306465388	0.38626938660258986	0.005303358334351988	3.7652922355841157E-6	0.3705583639755866	0.0049922767124129	3.9888405370117352	-39.58068203700368
92000	-3964.269617386706	-3912.4401267502103	-51.82949063649569	-3912.4401267502103	16.28086651346604	46.00140877934021	0.7404969830170303	0.5505878446912572	1.5858716246622144	0.8635405306465388	0.5505878446912572	1.5858716246622144	0.8635405306465388	0.36489822256387366	0.001422753695998465	3.7572997573227635E-7	0.446148422884725	0.001425921434741389	2.7809436528301674	-37.180746288568585
93000	-4065.695198238897	-4016.431514405955	-49.263683832941936	-4016.431514405955	19.60703348958992	49.90332036559291	0.7404969830170303	0.5505878446912572	1.5858716246622144	0.8635405306465388	0.5505878446912572	1.5858716246622144	0.8635405306465388	0.3358355558058357	0.00806144696882853	1.0095076293106893E-5	0.35376672700383777	0.008652739116437349	3.2155968645276043	-36.526869449880444
94000	-4057.466151223183	-4058.490636062681	1.024484839498282	-4058.490636062681	21.273747630199676	69.61758718801835	0.7404969830170303	0.5505878446912572	1.849781743528754	0.5996304117799992	0.5505878446912572	1.849781743528754	0.5996304117799992	0.06019163737451772	0.0061612172410846835	1.649429992183763E-7	0.06669895087921503	0.006137052980594185	3.896188350079204	-48.6055670738409
95000	-3987.6715637223815	-3955.5743205066615	-32.09724321571993	-3955.5743205066615	26.974426097705066	76.55752959595628	0.7404969830170303	0.5505878446912572	2.352613124728117	0.0967990305806361	0.5505878446912572	2.352613124728117	0.0967990305806361	0.17475885412926362	0.0023786125602120608	1.7465446101542312E-7	0.17187768800665312	0.0023588307538939717	4.505060427207081	-47.43068270421886
96000	-4039.942790513035	-4005.427217880359	-34.515572632676054	-4005.427217880359	16.810497746659653	57.4432200822289	0.7404969830170303	0.5505878446912572	1.8345608613216984	0.6148512939870547	0.5505878446912572	1.8345608613216984	0.6148512939870547	0.17550437460107948	0.006379824081336256	1.5828387058011803E-6	0.19669425739748694	0.006421650958711254	4.474032760751517	-46.34982628491699
97000	-3935.878004402965	-3890.132505844388	-45.745498558576976	-3890.132505844388	20.268757477522577	72.96807665479305	0.7404969830170303	0.5505878446912572	1.8345608613216984	0.6148512939870547	0.5505878446912572	1.8345608613216984	0.6148512939870547	0.24918975410875963	0.0036130085878154188	5.695613924817459E-7	0.19921628513503514	0.003677508683363006	5.101841803222326	-52.2348807148429
98000	-3785.1991177250425	-3727.3184936934445	-57.88062403159815	-3727.3184936934445	18.82748761414375	59.22236075802114	0.7404969830170303	0.5505878446912572	1.8345608613216984	0.6148512939870547	0.5505878446912572	1.8345608613216984	0.6148512939870547	0.34759616018303363	0.0033017060539606157	1.515166163430922E-6	0.3775586069753159	0.003160742035931656	3.365957363945792	-45.28688862689569
99000	-3990.7176458422973	-3950.978533509632	-39.739112332664945	-3950.978533509632	15.780627713160001	46.46327307058581	0.7404969830170303	1.6187366741110543	1.1055786012939985	0.2756847245949576	1.6187366741110543	1.1055786012939985	0.2756847245949576	0.2925792995542797	0.004010062390430838	1.8562083108868043E-6	0.31324298459110045	0.00468977278353594	2.9149928393586584	-37.744807730121956
100000	-4282.957740853211	-4223.928421199377	-59.029319653834044	-4223.928421199377	20.04154163839326	56.85228387472307	0.7404969830170303	1.269313055476447	1.455002219928606	0.2756847245949576	1.269313055476447	1.455002219928606	0.2756847245949576	0.3464870688878994	0.014772814162965905	3.0098223718695566E-5	0.39916723858717806	0.013251900087898451	5.723240170073625	-43.88780129043466
101000	-4156.279125309956	-4123.546747210026	-32.73237809992953	-4123.546747210026	16.176573759237883	50.997013251014664	0.7404969830170303	1.269313055476447	1.455002219928606	0.2756847245949576	1.269313055476447	1.455002219928606	0.2756847245949576	0.2447072988712475	0.005379807600956709	1.2985803252810015E-6	0.20154560629934962	0.005799783715062231	3.091232954823915	-41.86976701423845
102000	-3944.6711542896755	-3939.711074905182	-4.960079384493554	-3939.711074905182	17.867807421285278	57.56324324152183	0.7404969830170303	1.269313055476447	1.455002219928606	0.2756847245949576	1.269313055476447	1.455002219928606	0.2756847245949576	0.09353419336421341	0.0014077010115202658	1.7275892699219945E-8	0.09201415291380649	0.001443786070769448	4.446191041332976	-45.1378746125886
103000	-4122.708921952605	-4068.0309030311823	-54.67801892142245	-4068.0309030311823	19.659271789922936	74.89882518847034	0.7404969830170303	1.269313055476447	1.455002219928606	0.2756847245949576	1.269313055476447	1.455002219928606	0.2756847245949576	0.23759559188243315	0.006024397137024128	2.217491366146466E-6	0.24563396846515176	0.006005926153193899	8.432576669275175	-54.411590112640255
104000	-4036.94660386434	-3975.1820871564305	-61.76451670790965	-3975.1820871564305	49.11321285088306	134.46564021435145	0.7404969830170303	1.269313055476447	1.455002219928606	0.2756847245949576	1.269313055476447	1.455002219928606	0.2756847245949576	0.24129890674273835	6.814092612100398E-4	3.328783130793185E-8	0.28073215839299354	6.293415375903426E-4	7.173780458084487	-59.37270843395862
105000	-4176.781414382783	-4134.637487110139	-42.14392727264398	-4134.637487110139	16.227684005838412	54.74622953535489	0.7404969830170303	1.269313055476447	1.455002219928606	0.2756847245949576	1.269313055476447	1.455002219928606	0.2756847245949576	0.2142579167144992	0.0036906041539823144	6.888212201226197E-7	0.2334637724245498	0.003448254890216281	4.9053036466438815	-45.974560630545064
106000	-4079.3141388340528	-4032.9718445868166	-46.34229424723603	-4032.9718445868166	22.836564268731255	62.21945243453505	0.7404969830170303	1.269313055476447	1.455002219928606	0.2756847245949576	1.269313055476447	1.455002219928606	0.2756847245949576	0.3431240672491822	0.002888116269632175	6.313115703212149E-7	0.2760615219846668	0.002904766989610958	3.886832806768514	-42.97909617828037
107000	-4366.228371904523	-4315.074409757667	-51.15396214685586	-4315.074409757667	14.550869451291756	32.80862927578742	0.7404969830170303	1.269313055476447	1.455002219928606	0.2756847245949576	1.269313055476447	1.455002219928606	0.2756847245949576	0.5413622347912876	0.0018080365722806552	8.777303000114096E-7	0.559251689762041	0.0016361572016529375	1.496119432918703	-25.89275619543001
108000	-4074.176597446227	-4045.749498694607	-28.42709875161977	-4045.749498694607	15.15389352497617	32.93957909921731	0.7404969830170303	0.8370837897424991	1.8872314856625536	0.2756847245949576	0.8370837897424991	1.8872314856625536	0.2756847245949576	0.32764033430975187	0.01382616147191079	1.3019955021978366E-5	0.2596655503389364	0.013516486362976114	1.6911138642773174	-25.621068550562494
109000	-3915.9754988929662	-3894.2986942041325	-21.676804688833762	-3894.2986942041325	16.97704605484914	40.27241954816327	0.7404969830170303	0.8370837897424991	1.8872314856625536	0.2756847245949576	0.8370837897424991	1.8872314856625536	0.2756847245949576	0.1944409803096917	0.006282676306924039	2.487449272754752E-6	0.23412706497342003	0.00680265568849429	1.7693925370252361	-30.270922265867128
110000	-4021.5179521122373	-3984.0470164388894	-37.47093567334788	-3984.0470164388894	14.73579452377128	37.578567706384106	0.7404969830170303	0.8370837897424991	1.8443017929321728	0.31861441732533846	0.8370837897424991	1.8443017929321728	0.31861441732533846	0.3172219829948554	0.007160752525041198	4.42098492171779E-6	0.28810400544072035	0.007156817501488761	2.110748983045884	-32.37498701079419
111000	-4077.424066044265	-4047.0809035047505	-30.34316253951463	-4047.0809035047505	16.314844467883805	44.01922597710936	0.7404969830170303	1.197124812794883	1.4842607698797887	0.31861441732533846	1.197124812794883	1.4842607698797887	0.31861441732533846	0.21665065842976308	0.0042918697670240365	8.447390673161623E-7	0.21675831924753935	0.004156210392764783	2.2748764015191796	-36.48854188248891
112000	-4074.5205299725258	-4036.660180429692	-37.86034954283392	-4036.660180429692	14.691278659559382	41.19576790772745	0.7404969830170303	0.6946203911154187	1.4842607698797887	0.8211188390048028	0.6946203911154187	1.4842607698797887	0.8211188390048028	0.34835654999650656	0.0032976817296775924	1.1384113478637997E-6	0.3165517692805115	0.003912066275211384	2.383215833845031	-35.29144978296429
113000	-4092.148044631046	-4067.156447220842	-24.991597410204072	-4067.156447220842	15.629619873849741	45.83142916257893	0.7404969830170303	0.6946203911154187	1.4842607698797887	0.8211188390048028	0.6946203911154187	1.4842607698797887	0.8211188390048028	0.1566471968131153	0.00259876417533369	1.3343831007030598E-7	0.1428251975490454	0.002361670735891547	3.700599618797709	-39.53250698544633
114000	-3972.071922641641	-3947.6358251665165	-24.436097475124594	-3947.6358251665165	16.47713261702327	46.52844867613189	0.7404969830170303	0.6946203911154187	1.4842607698797887	0.8211188390048028	0.6946203911154187	1.4842607698797887	0.8211188390048028	0.20952253304590454	0.006046941239215925	1.095162489928674E-6	0.17686822330344504	0.005961362360283423	2.618874871063543	-37.58695516639852
115000	-4083.6836035059328	-4066.804509725311	-16.879093780621595	-4066.804509725311	19.504265940016918	42.12846690894972	0.7404969830170303	1.1877849819001456	1.4842607698797887	0.3279542482200759	1.1877849819001456	1.4842607698797887	0.3279542482200759	0.20952253304590454	0.0018379789666608715	1.3125827946910223E-7	0.18694221575672107	0.0018708488028950265	2.2521170098881726	-28.9775890087039
116000	-3788.175185686315	-3748.8116462252497	-39.363539461065685	-3748.8116462252497	21.46205426525888	64.67482232070257	0.7404969830170303	1.1877849819001456	1.4842607698797887	0.3279542482200759	1.1877849819001456	1.4842607698797887	0.3279542482200759	0.23780526649027606	0.0027385358659495354	3.857525390204967E-7	0.2235567544262108	0.002783393023441368	3.4011420016708622	-45.65148941211815
117000	-4013.229770614074	-3991.4047758245497	-21.824994789524286	-3991.4047758245497	17.178628719614096	40.36550611341353	0.7404969830170303	1.1877849819001456	1.4842607698797887	0.3279542482200759	1.1877849819001456	1.4842607698797887	0.3279542482200759	0.22428742328985082	0.0022504141048496707	2.2433301809782612E-7	0.20939958296658742	0.0022869898818981688	2.1968701559697994	-31.048846397353206
118000	-4028.0537059417697	-3985.4651417018745	-42.588564239895305	-3985.4651417018745	19.732206680975665	51.676210316166554	0.7404969830170303	0.5605448259336497	2.1115009258462845	0.3279542482200759	0.5605448259336497	2.1115009258462845	0.3279542482200759	0.3111972617674851	0.002497139795041884	7.18760777759154E-7	0.3277596683878627	0.0026239745906950986	1.8344087875162143	-38.382402079739556
119000	-3998.9136460719014	-3968.4327880665205	-30.480858005380725	-3968.4327880665205	17.09763205397214	50.454930183571925	0.7404969830170303	0.5605448259336497	2.1115009258462845	0.3279542482200759	0.5605448259336497	2.1115009258462845	0.3279542482200759	0.22847057814820337	0.004009810133246708	5.457704116072001E-7	0.19228173524542133	0.003792432828279846	2.5524021561593555	-41.23973602898929
120000	-4146.735760794429	-4083.028115997965	-63.70764479646374	-4083.028115997965	19.60814995664369	67.51805130742989	0.7404969830170303	0.5605448259336497	2.1115009258462845	0.3279542482200759	0.5605448259336497	2.1115009258462845	0.3279542482200759	0.36996406225145456	0.006327250456202397	4.512445384762212E-6	0.33645737613869986	0.005929646437916283	5.366363513505312	-50.79744809358287
121000	-4039.8005925790353	-3996.2814518452124	-43.519140733823164	-3996.2814518452124	23.333401257019627	88.37862954680183	0.7404969830170303	0.5605448259336497	2.1115009258462845	0.3279542482200759	0.5605448259336497	2.1115009258462845	0.3279542482200759	0.24580036331105984	0.002493700854600203	1.7393243271655655E-7	0.1641895979944139	0.002704636803982025	5.526397005519326	-57.445838598922016
122000	-3902.877349500223	-3877.454285003923	-25.42306449629999	-3877.454285003923	23.440410777124523	75.9986508216596	0.7404969830170303	0.5605448259336497	2.1115009258462845	0.3279542482200759	0.5605448259336497	2.1115009258462845	0.3279542482200759	0.13609255740980675	0.0021443965981790187	6.945056833696725E-8	0.12217109446236164	0.0021460419358859174	3.8686675161409303	-53.12221626905828
123000	-3956.9392471979113	-3952.789418062525	-4.149829135386622	-3952.789418062525	17.780950882994887	46.363297500416394	0.7404969830170303	0.5605448259336497	2.1115009258462845	0.3279542482200759	0.5605448259336497	2.1115009258462845	0.3279542482200759	0.11359380044439431	0.0022933193952019097	6.169150601803928E-8	0.11082338187592332	0.002271546052377868	2.791220139216065	-36.69281943174471
124000	-4011.192401210605	-3995.3527523642942	-15.83964884631094	-3995.3527523642942	17.206324247035862	43.316239212475566	0.7404969830170303	0.5605448259336497	2.1115009258462845	0.3279542482200759	0.5605448259336497	2.1115009258462845	0.3279542482200759	0.19017483018821738	0.006513590546279393	1.2145731382351564E-6	0.1680427731440104	0.006697417672924805	2.1495851831722357	-32.23727659607054
125000	-4003.004250188133	-3972.819224984774	-30.18502520335895	-3972.819224984774	15.036075361099897	30.01290206787243	0.7404969830170303	0.5605448259336497	2.1115009258462845	0.3279542482200759	0.5605448259336497	2.1115009258462845	0.3279542482200759	0.31850751312296516	0.006576250868089355	5.831227345153068E-6	0.3500774417237898	0.006926427319375464	1.2465706904919105	-20.23633237670582
126000	-4196.953884355116	-4169.00306942182	-27.95081493329589	-4169.00306942182	16.723931280710445	35.04113645663172	0.7404969830170303	0.5605448259336497	2.1115009258462845	0.3279542482200759	0.5605448259336497	2.1115009258462845	0.3279542482200759	0.29266660452459414	0.02221851829362351	4.518042184055691E-5	0.2702279548916864	0.026681990211622764	1.1648175034706643	-24.778419483274238
127000	-3920.535836836641	-3896.132428745259	-24.403408091382204	-3896.132428745259	15.676406350958557	34.56720184034592	0.7404969830170303	0.5605448259336497	2.1115009258462845	0.3279542482200759	0.5605448259336497	2.1115009258462845	0.3279542482200759	0.17363630010405762	0.004436032766596165	7.578095313713056E-7	0.2004459372067989	0.003966039271249662	1.4912546444105894	-26.7337913767765
128000	-4140.2399437618915	-4145.875940332682	5.635996570790891	-4145.875940332682	17.639280051756568	43.07742027797566	0.7404969830170303	0.5605448259336497	2.1115009258462845	0.3279542482200759	0.5605448259336497	2.1115009258462845	0.3279542482200759	0.11747758566727638	9.70273164938044E-4	8.871185628954716E-9	0.09800775563544785	9.633817173994581E-4	1.8934531344922152	-31.459542620624855
129000	-4092.8963646094285	-4053.516582351043	-39.379782258385774	-4053.516582351043	15.894170763316716	37.79907473017811	0.7404969830170303	0.5605448259336497	2.1115009258462845	0.3279542482200759	0.5605448259336497	2.1115009258462845	0.3279542482200759	0.3184272834890406	0.0038839700170249765	1.4622086796060718E-6	0.31955216039084533	0.0036492569338538363	1.338421174269392	-30.116922185133557
130000	-4018.5490745873412	-3988.0995138052244	-30.44956078211658	-3988.0995138052244	16.651246187938035	39.4822628271678	0.7404969830170303	0.5605448259336497	2.1115009258462845	0.3279542482200759	0.5605448259336497	2.1115009258462845	0.3279542482200759	0.30169757248637324	0.001993481709598149	3.235560893979916E-7	0.27304595406761406	0.0021184921971395005	1.5835990009134653	-29.74317817422794
131000	-4113.925797777434	-4126.480521244429	12.554723466995112	-4126.480521244429	16.253579286867186	31.06602134747623	0.7404969830170303	0.5605448259336497	2.1115009258462845	0.3279542482200759	0.5605448259336497	2.1115009258462845	0.3279542482200759	0.09671020338420047	0.0026266238297927686	7.327834835721383E-8	0.10405008513894266	0.0026039043490381276	1.8882406319574088	-21.848800786079725
132000	-3966.903026283117	-3973.4633480681778	6.5603217850606335	-3973.4633480681778	15.397519772469247	27.895716232547617	0.7404969830170303	0.5605448259336497	2.1115009258462845	0.3279542482200759	0.5605448259336497	2.1115009258462845	0.3279542482200759	0.1662135452655084	0.007747594937216006	1.3564127733574349E-6	0.14621872514856146	0.008112167902682776	0.8204692521761664	-16.23880042822567
133000	-4023.32152902998	-4016.1139346157147	-7.207594414265159	-4016.1139346157147	16.229692707157547	32.45642221381979	0.7404969830170303	0.5605448259336497	2.1115009258462845	0.3279542482200759	0.5605448259336497	2.1115009258462845	0.3279542482200759	0.1775229912650418	0.011174183649128835	4.534705505914544E-6	0.18843129227590816	0.011302555693853534	1.4675144393110717	-22.247440334680395
134000	-3901.8476771797878	-3848.330532124169	-53.51714505561869	-3848.330532124169	18.700303146409173	37.356159513940355	0.7404969830170303	0.5605448259336497	2.1115009258462845	0.3279542482200759	0.5605448259336497	2.1115009258462845	0.3279542482200759	0.40719239007488345	0.005633324580619509	1.044212121783993E-5	0.535849325134259	0.00558516852055475	0.8603177999827998	-28.572141939210724
135000	-4207.517743484109	-4158.458785690983	-49.05895779312602	-4158.458785690983	17.843638275062432	41.34452255287856	0.7404969830170303	0.5605448259336497	2.1115009258462845	0.3279542482200759	0.5605448259336497	2.1115009258462845	0.3279542482200759	0.3528281062292093	0.007468001505797336	7.799270199044353E-6	0.4000654362361916	0.00735670266750855	2.999198846485493	-33.38529801782628
136000	-4019.3700235640877	-3986.645724733353	-32.72429883073482	-3986.645724733353	14.513758355644324	33.39035515445535	0.7404969830170303	1.0167202047730388	1.6553255470068955	0.3279542482200759	1.0167202047730388	1.6553255470068955	0.3279542482200759	0.26553298473055054	0.011176837582784267	9.692778306801794E-6	0.29548059310839053	0.009760397875825876	1.9380128064891862	-27.286863557019096
137000	-4009.635176419911	-3978.9908828548655	-30.644293565045785	-3978.9908828548655	14.525393981638821	39.531531363627685	0.7404969830170303	1.0167202047730388	1.6553255470068955	0.3279542482200759	1.0167202047730388	1.6553255470068955	0.3279542482200759	0.2663453883058879	0.004109151998167463	1.1945705626075205E-6	0.2585699478051028	0.004467097458580502	2.7189256120112857	-34.452357715331566
138000	-4067.906030669815	-4054.079905219474	-13.826125450341127	-4054.079905219474	15.200493173774053	30.66542713772084	0.7404969830170303	0.4695633447896449	1.6553255470068955	0.8751111082034698	0.4695633447896449	1.6553255470068955	0.8751111082034698	0.19182761039405322	0.006260608077401972	1.7423463221295595E-6	0.2063768605236818	0.006404134955539061	1.8020185268935491	-24.262270083992973
139000	-4101.440990159225	-4074.2942648595167	-27.146725299708436	-4074.2942648595167	15.826474797982495	33.716465853409275	0.7404969830170303	1.0039848886435743	1.6553255470068955	0.34068956434954056	1.0039848886435743	1.6553255470068955	0.34068956434954056	0.20326026311859974	0.0026793999318401327	5.471433694817607E-7	0.2802359754819339	0.002609220155195192	1.9062749698302963	-25.36035874405348
140000	-4132.843126504553	-4120.7331060665965	-12.110020437956116	-4120.7331060665965	23.31604423447806	52.5493747668422	0.7404969830170303	1.0039848886435743	1.6553255470068955	0.34068956434954056	1.0039848886435743	1.6553255470068955	0.34068956434954056	0.12204832391120471	0.0014739898955847249	4.495490881492119E-8	0.14744029904798525	0.0014003891258952271	2.423922350916219	-32.95859728827968
141000	-4091.2258066259874	-4071.9317366727746	-19.294069953212812	-4071.9317366727746	15.380406450267667	43.35141854985505	0.7404969830170303	1.0039848886435743	1.6553255470068955	0.34068956434954056	1.0039848886435743	1.6553255470068955	0.34068956434954056	0.18599219875248363	0.004681454999545659	7.000855566992035E-7	0.17557192339510944	0.004901190719929352	2.410348977701226	-35.48718679998858
142000	-3981.14931126558	-3955.00749518349	-26.14181608209006	-3955.00749518349	23.41538145198664	67.6883934982576	0.7404969830170303	1.0039848886435743	1.6553255470068955	0.34068956434954056	1.0039848886435743	1.6553255470068955	0.34068956434954056	0.18279171006045491	0.002286285638053418	1.5153502770482078E-7	0.17692733594915103	0.0023431243447461212	3.5699220683920245	-43.88195852236907
143000	-3977.0452457025935	-3938.7399478823418	-38.305297820251866	-3938.7399478823418	17.136273524467942	50.50256354137801	0.7404969830170303	1.0039848886435743	1.4409530500782664	0.5550620612781698	1.0039848886435743	1.4409530500782664	0.5550620612781698	0.266728157422866	0.006967642308317622	2.6473923739749426E-6	0.2327810963038905	0.007033961296084857	2.263573967674715	-41.072945976095376
144000	-4078.085358884147	-4053.121306691302	-24.96405219284495	-4053.121306691302	15.861732773802082	37.823157773730394	0.7404969830170303	0.4212305025766635	1.4409530500782664	1.1378164473450805	0.4212305025766635	1.4409530500782664	1.1378164473450805	0.20606215059032446	0.006364799552578463	2.5717004093530035E-6	0.24347057119763352	0.0066966701987865125	1.8129395568825801	-29.870405238415366
145000	-4245.930084740531	-4217.127703252743	-28.802381487788338	-4217.127703252743	15.586361076868602	30.93408856959039	0.7404969830170303	0.4212305025766635	1.4409530500782664	1.1378164473450805	0.4212305025766635	1.4409530500782664	1.1378164473450805	0.3197054127196154	0.0024487521201527387	7.726292868246536E-7	0.375920096634903	0.002279630007768696	1.199364652097752	-22.51589263851979
146000	-3912.5765259489585	-3923.7253923913054	11.148866442346657	-3923.7253923913054	18.84616339836602	44.87965377948403	0.7404969830170303	0.4212305025766635	2.1314620282932184	0.44730746913012853	0.4212305025766635	2.1314620282932184	0.44730746913012853	0.08344892168330006	0.001481593641998733	1.491674795826248E-8	0.08256439022933139	0.0014802009405059454	2.3120771997041674	-32.75121431447193
147000	-3967.6821562341484	-3932.3160918437998	-35.36606439034863	-3932.3160918437998	16.328884379973452	46.49605987649243	0.7404969830170303	0.4212305025766635	2.1314620282932184	0.44730746913012853	0.4212305025766635	2.1314620282932184	0.44730746913012853	0.22171950375359523	0.007282432547427281	2.496409817522573E-6	0.21884158535183382	0.006799756943759285	2.2879827526910894	-39.03304276858505
148000	-3941.3549413897886	-3909.6612661494496	-31.69367524033874	-3909.6612661494496	16.408930133602883	60.40569203205608	0.7404969830170303	0.4212305025766635	2.1314620282932184	0.44730746913012853	0.4212305025766635	2.1314620282932184	0.44730746913012853	0.1799084955910524	0.0052482424312558645	8.403396764762044E-7	0.17306836240978218	0.005566341211807811	3.438977539873811	-48.82710067717934
149000	-3933.157258794076	-3925.7376745227093	-7.419584271366767	-3925.7376745227093	18.32378081834797	65.97387248615377	0.7404969830170303	0.4212305025766635	2.1314620282932184	0.44730746913012853	0.4212305025766635	2.1314620282932184	0.44730746913012853	0.10389773043268728	0.0030433205331406926	5.023302768459562E-8	0.07437091049834192	0.0029743875233442423	4.140532058724846	-49.907232236710556
150000	-3939.5407516859427	-3964.9213548938055	25.380603207862993	-3964.9213548938055	14.993552823361362	32.415164301449494	0.7404969830170303	0.4212305025766635	2.1314620282932184	0.44730746913012853	0.4212305025766635	2.1314620282932184	0.44730746913012853	0.07457364902044183	0.010376822367176445	5.438534336921723E-7	0.07050895415655133	0.01040274752095017	1.0245248680640076	-23.25627634783943
151000	-4163.835680472509	-4171.03654552584	7.200865053331174	-4171.03654552584	14.648986833825207	26.37643443971545	0.7404969830170303	0.4212305025766635	2.1314620282932184	0.44730746913012853	0.4212305025766635	2.1314620282932184	0.44730746913012853	0.14325099627821136	0.005684985827369483	7.334294087132678E-7	0.1503087498854492	0.005816328359048475	0.7948699524583175	-15.768910671857615
152000	-4053.878492090044	-4026.724941100943	-27.153550989100765	-4026.724941100943	17.688928127768854	43.0350495494656	0.7404969830170303	0.4212305025766635	2.1314620282932184	0.44730746913012853	0.4212305025766635	2.1314620282932184	0.44730746913012853	0.2532897380699737	0.006503159493768921	2.054820963875913E-6	0.2243099279680402	0.006570479836578751	2.2718997699145222	-32.95110038522077
153000	-3956.731466386492	-3960.2221462456173	3.4906798591254695	-3960.2221462456173	14.752792834811	26.273622370526613	0.7404969830170303	0.4212305025766635	2.1314620282932184	0.44730746913012853	0.4212305025766635	2.1314620282932184	0.44730746913012853	0.17069483395745444	0.005319317956972493	7.736015430392723E-7	0.1697845211061621	0.005475879132417924	0.7749748818913476	-14.597916806483841
154000	-4038.9916431145466	-4013.2343087333757	-25.757334381171045	-4013.2343087333757	16.93135866377522	34.30977395639425	0.7404969830170303	0.4212305025766635	2.1314620282932184	0.44730746913012853	0.4212305025766635	2.1314620282932184	0.44730746913012853	0.3520359908436509	0.0037420877007695503	1.280938467521536E-6	0.30307964654082875	0.0041331344298930536	0.977135010510898	-21.99544925373827
155000	-4066.810772199463	-4056.2262157166724	-10.584556482790534	-4056.2262157166724	14.49390777224658	27.906191362312104	0.7404969830170303	0.4212305025766635	1.6613888100354484	0.9173806873878987	0.4212305025766635	1.6613888100354484	0.9173806873878987	0.19738586564728777	0.0019181031488324815	2.0533987777409053E-7	0.21948969416930766	0.002055802216222415	1.4666549373009228	-19.342620092909453
156000	-3883.7377916177825	-3869.0135015647516	-14.724290053030886	-3869.0135015647516	15.030992290465992	35.600237018037326	0.7404969830170303	0.4212305025766635	1.6613888100354484	0.9173806873878987	0.4212305025766635	1.6613888100354484	0.9173806873878987	0.20899752959691761	0.005019183897954525	8.943001212837704E-7	0.19278619837989347	0.005115582663109897	1.712145055294827	-26.819339250115505
157000	-4096.833897915163	-4061.0498373428436	-35.784060572319476	-4061.0498373428436	17.78244325311549	40.185635962606646	0.7404969830170303	0.4212305025766635	0.902956981192505	1.6758125162308422	0.4212305025766635	0.902956981192505	1.6758125162308422	0.2573139254987526	0.008079731068115303	5.671152086969252E-6	0.30005803037029	0.007971446058250143	2.5921128529356223	-31.013917654762523
158000	-4059.5567975510057	-4053.491294708566	-6.0655028424399955	-4053.491294708566	14.588031043544389	29.252462666050114	0.7404969830170303	0.4212305025766635	0.902956981192505	1.6758125162308422	0.4212305025766635	0.902956981192505	1.6758125162308422	0.20565963765391723	0.004196643600283897	6.211344362807287E-7	0.18664604751304864	0.004339186027134851	1.354099998660486	-19.791432044072042
159000	-4241.23677012593	-4214.803662174435	-26.433107951494858	-4214.803662174435	20.427094969263493	49.67175183527506	0.7404969830170303	0.4212305025766635	0.902956981192505	1.6758125162308422	0.4212305025766635	0.902956981192505	1.6758125162308422	0.23593114714951374	0.0026995734083332854	3.36738995639789E-7	0.20269691824262948	0.0028389450420458844	3.0295030916141883	-36.51529104851077
160000	-4185.349925453826	-4176.292890457837	-9.057034995988898	-4176.292890457837	15.100511763889052	38.160715557964934	0.7404969830170303	0.4212305025766635	0.902956981192505	1.6758125162308422	0.4212305025766635	0.902956981192505	1.6758125162308422	0.13433784700864837	0.001182493260038845	2.65016172175133E-8	0.13689190494750672	0.0011560815093490805	2.1808504390780215	-31.450169979733893
161000	-3970.2008549434277	-3974.1675102396166	3.966655296189162	-3974.1675102396166	19.478971103071363	44.1551912804142	0.7404969830170303	0.4212305025766635	1.6384133710086877	0.9403561264146596	0.4212305025766635	1.6384133710086877	0.9403561264146596	0.11686926754971715	0.00533797754623289	2.839857207018641E-7	0.10095580609211412	0.005333692448356633	2.4277250627547304	-31.161018038429496
162000	-3859.49128523978	-3808.022012863303	-51.46927237647694	-3808.022012863303	19.11235092133324	51.371886300394664	0.7404969830170303	0.4212305025766635	1.6384133710086877	0.9403561264146596	0.4212305025766635	1.6384133710086877	0.9403561264146596	0.4080586227426602	0.0016677177347339718	8.424777803886818E-7	0.49674025808759265	0.0018821475079375126	3.5738480127070336	-38.80718395670127
163000	-4016.332031796629	-3982.7137156815875	-33.61831611504138	-3982.7137156815875	17.36832695241406	37.570273354635155	0.7404969830170303	0.4212305025766635	2.2748315111864845	0.30393798623686286	0.4212305025766635	2.2748315111864845	0.30393798623686286	0.26919540729104746	0.007492986382885794	4.167688233412688E-6	0.2674025648193696	0.007187716015415672	2.21385532946865	-27.558452964464134
164000	-4017.083961845517	-3976.593618359417	-40.49034348609997	-3976.593618359417	18.85424422514495	46.008434810168886	0.7404969830170303	0.4212305025766635	2.2748315111864845	0.30393798623686286	0.4212305025766635	2.2748315111864845	0.30393798623686286	0.3246733996011895	0.00520918613285593	1.944363779368055E-6	0.3083295999678424	0.004583691275943249	3.2390563403699417	-34.89622291633911
165000	-4045.9317055340575	-4009.802195774002	-36.12950976005556	-4009.802195774002	15.905526473367082	49.67485361507463	0.7404969830170303	0.4212305025766635	1.5368744409117991	1.0418950565115481	0.4212305025766635	1.5368744409117991	1.0418950565115481	0.2260454325506418	0.005526244603746703	1.7340649970229968E-6	0.24901071606219244	0.005262814336783007	2.953725349130218	-41.05481346530215
166000	-3893.981629372852	-3871.577384770391	-22.40424460246075	-3871.577384770391	18.780426350572053	46.58843508094474	0.7404969830170303	0.4212305025766635	1.5368744409117991	1.0418950565115481	0.4212305025766635	1.5368744409117991	1.0418950565115481	0.22096993539808993	0.002953724304500862	3.498469839226306E-7	0.1888065670024163	0.003412749557385364	2.9033757875203476	-33.86192614679861
167000	-3953.8588577012	-3982.5003650024864	28.6415073012864	-3982.5003650024864	15.623890968550077	37.99871030828767	0.7404969830170303	0.4212305025766635	1.5368744409117991	1.0418950565115481	0.4212305025766635	1.5368744409117991	1.0418950565115481	0.054704497337667156	0.004670399645731518	6.100508928337445E-8	0.05313903833994592	0.004664119099414623	1.5162732222141728	-30.270534894334347
168000	-4018.374958380605	-4020.5010375566912	2.1260791760859865	-4020.5010375566912	15.859248376844976	54.82741248699883	0.7404969830170303	0.01195547884555781	1.5368744409117991	1.4511700802426537	0.01195547884555781	1.5368744409117991	1.4511700802426537	0.07849176963375008	0.0013559313583225647	9.950149802942789E-9	0.0739677674350744	0.0013617672797383122	4.6546614156292465	-45.58496738486414
169000	-4054.5959246222983	-4041.8430618420207	-12.752862780277448	-4041.8430618420207	16.032135975073444	65.44498170623723	0.7404969830170303	0.01195547884555781	1.7297734184477611	1.2582711027066917	0.01195547884555781	1.7297734184477611	1.2582711027066917	0.08554186729287029	0.007808058109501227	4.4336373810524985E-7	0.08342445496250109	0.007849221969025547	4.986739147847801	-52.87121814822682
170000	-4030.410873253795	-3979.699999974455	-50.71087327934038	-3979.699999974455	15.082349266949368	44.84264324355565	0.7404969830170303	0.01195547884555781	1.7297734184477611	1.2582711027066917	0.01195547884555781	1.7297734184477611	1.2582711027066917	0.4030628767641113	0.0032087587793997474	1.600483138120809E-6	0.35422268660225487	0.003586228534136092	2.1803432008724584	-38.92081455303332
171000	-4139.8945892673555	-4122.858491285679	-17.03609798167717	-4122.858491285679	17.3303174566206	42.5554612165154	0.7404969830170303	0.01195547884555781	1.7297734184477611	1.2582711027066917	0.01195547884555781	1.7297734184477611	1.2582711027066917	0.19246863098745967	0.0016327229911853815	9.388467538105565E-8	0.18508306284921583	0.0016613501018443396	2.8065829486291096	-32.75092346461831
172000	-4106.955487897219	-4058.8445893809053	-48.11089851631392	-4058.8445893809053	16.484907871153304	52.364134422805705	0.7404969830170303	0.01195547884555781	1.7297734184477611	1.2582711027066917	0.01195547884555781	1.7297734184477611	1.2582711027066917	0.3064631290672631	0.009597876475504068	9.523967198170607E-6	0.3150277334928554	0.009884329518692395	3.93354966108953	-43.49721277858264
173000	-4063.896833000429	-4033.2950660956035	-30.60176690482561	-4033.2950660956035	20.069787536414736	57.074028298218614	0.7404969830170303	0.01195547884555781	1.7297734184477611	1.2582711027066917	0.01195547884555781	1.7297734184477611	1.2582711027066917	0.2175447990286823	0.00927630573447175	3.615891967801348E-6	0.19918472198458925	0.00987508626690013	2.8471552989296094	-41.06847623611474
174000	-4174.91746344436	-4122.66934386582	-52.24811957853982	-4122.66934386582	17.658203607929146	47.43000204928556	0.7404969830170303	0.5645898952956092	1.7297734184477611	0.7056366862566403	0.5645898952956092	1.7297734184477611	0.7056366862566403	0.33108456363959154	0.0088656571846136	1.3776081345232198E-5	0.4070164057385685	0.00961668171431344	4.188120034009719	-38.07321081562657
175000	-4195.806635799486	-4147.321063652903	-48.485572146583	-4147.321063652903	14.586577855870674	54.151430817156324	0.7404969830170303	0.5645898952956092	1.7297734184477611	0.7056366862566403	0.5645898952956092	1.7297734184477611	0.7056366862566403	0.29238343602588396	0.012755570169228547	1.1883352349238214E-5	0.25276911275107855	0.013341365371641501	3.7870842094784907	-47.625793138403715
176000	-3873.1965146297707	-3845.26758782795	-27.92892680182075	-3845.26758782795	16.743323903400373	44.537906407053086	0.7404969830170303	0.5645898952956092	1.7297734184477611	0.7056366862566403	0.5645898952956092	1.7297734184477611	0.7056366862566403	0.2053158305690143	0.004188294405779363	7.020333022848445E-7	0.19272589831803802	0.004192662874388589	4.128163812141587	-37.70615782842965
177000	-4042.3099934063766	-4032.9570243152316	-9.352969091145098	-4032.9570243152316	16.318293109247087	43.876766285662754	0.7404969830170303	0.5645898952956092	1.7297734184477611	0.7056366862566403	0.5645898952956092	1.7297734184477611	0.7056366862566403	0.11051393178112881	0.005769936791488829	5.84672643478405E-7	0.13039572217221126	0.005913690678779391	3.1066246271006936	-35.577898305976284
178000	-3915.830020090763	-3918.657937335065	2.8279172443023515	-3918.657937335065	15.484649456895731	39.34591108708687	0.7404969830170303	0.3237476581363531	1.7297734184477611	0.9464789234158965	0.3237476581363531	1.7297734184477611	0.9464789234158965	0.10778734096598745	0.005082054256210117	2.666310929667179E-7	0.10101546261990124	0.0051800409761287945	2.4889112398335977	-33.272366515451125
179000	-3930.623984175968	-3861.6289984268446	-68.99498574912343	-3861.6289984268446	19.18092110554515	54.2844140572727	0.7404969830170303	0.3237476581363531	1.7297734184477611	0.9464789234158965	0.3237476581363531	1.7297734184477611	0.9464789234158965	0.43310998933066047	0.002882348635213177	1.48586270870056E-6	0.4975451393752374	0.0021510196926297753	3.7586518342547546	-41.04028866645155
180000	-4023.21553865159	-4010.509787273669	-12.705751377920826	-4010.509787273669	19.98731777891667	57.96525670224676	0.7404969830170303	0.3237476581363531	1.7297734184477611	0.9464789234158965	0.3237476581363531	1.7297734184477611	0.9464789234158965	0.12499278774114997	0.0029831197978113302	1.4384865721128393E-7	0.12727558282015017	0.002993247839179273	3.4520397211575924	-40.95858733093786
181000	-3871.4426623064046	-3863.0923312453815	-8.35033106102322	-3863.0923312453815	17.67153818368888	55.47741211368569	0.7404969830170303	0.3237476581363531	1.7297734184477611	0.9464789234158965	0.3237476581363531	1.7297734184477611	0.9464789234158965	0.08212032592437452	0.0019524877957668918	3.23124063907022E-8	0.09301639533550433	0.0019076560027692392	6.09418896049111	-45.54393432450216
182000	-4098.616674064884	-4017.2255859550446	-81.39108810983987	-4017.2255859550446	18.394057212467256	62.32011745316601	0.7404969830170303	0.3237476581363531	1.7297734184477611	0.9464789234158965	0.3237476581363531	1.7297734184477611	0.9464789234158965	0.4894903359768886	0.0021367037257549715	3.395396035304077E-6	0.7666238794940284	0.0021490657412042407	4.114359523535985	-48.96715207767834
183000	-4231.528377769254	-4174.783702552484	-56.74467521676977	-4174.783702552484	26.72661212624644	88.0395914471113	0.7404969830170303	0.3237476581363531	2.620858405583001	0.055393936280656475	0.3237476581363531	2.620858405583001	0.055393936280656475	0.33844978190569985	2.80814646951286E-4	6.5548024271148735E-9	0.2933695069558143	3.265237459028173E-4	6.416759036369219	-54.53073130620616
184000	-3843.026795260824	-3793.7873438552356	-49.23945140558875	-3793.7873438552356	19.48355510913079	57.78435690252414	0.7404969830170303	0.3237476581363531	2.0143485896213082	0.6619037522423491	0.3237476581363531	2.0143485896213082	0.6619037522423491	0.23301741676143115	0.003939970178157813	1.4143560787684925E-6	0.28213399476948253	0.00395355205298609	4.802230282031509	-44.43659632728268
185000	-3979.0032380591783	-3930.952632765796	-48.05060529338221	-3930.952632765796	26.64729486492713	62.847042783927066	0.7404969830170303	0.3237476581363531	2.0143485896213082	0.6619037522423491	0.3237476581363531	2.0143485896213082	0.6619037522423491	0.3268931566677465	0.0013323124498351893	1.98563921875324E-7	0.3344503629657666	0.0012833184675048808	4.39070128842607	-40.512859062015394
186000	-3979.5374906363427	-3948.5462025596266	-30.99128807671584	-3948.5462025596266	18.095921800694086	49.02888423961752	0.7404969830170303	0.3237476581363531	2.0143485896213082	0.6619037522423491	0.3237476581363531	2.0143485896213082	0.6619037522423491	0.2452410683352365	0.0027072376653176455	4.212800011670068E-7	0.24146106809395954	0.002736494236439097	2.6829231899263135	-37.865209045402146
187000	-3740.6729575534578	-3697.8832945835898	-42.78966296986795	-3697.8832945835898	20.386768188290375	54.0126469095286	0.7404969830170303	0.3237476581363531	2.0143485896213082	0.6619037522423491	0.3237476581363531	2.0143485896213082	0.6619037522423491	0.3316564191976244	0.0027220141873743335	7.885868139419042E-7	0.3075688111902769	0.002849751466780605	3.046070029067708	-39.28408521602074
188000	-3969.4196682118795	-3926.2847735052574	-43.13489470662228	-3926.2847735052574	15.42497894409246	34.34180680195123	0.7404969830170303	0.3237476581363531	2.0143485896213082	0.6619037522423491	0.3237476581363531	2.0143485896213082	0.6619037522423491	0.3446803709445196	0.008767094232508658	1.0305170994071254E-5	0.3816142770729937	0.00815501651355137	1.3135806993171075	-28.058628353652644
189000	-4091.625880462535	-4073.63318343577	-17.9926970267648	-4073.63318343577	14.860931504497609	33.63409121288203	0.7404969830170303	0.3237476581363531	2.0143485896213082	0.6619037522423491	0.3237476581363531	2.0143485896213082	0.6619037522423491	0.1922366268566665	0.008101772521012653	2.5878781195650025E-6	0.19599871448775236	0.008078603763160821	1.2261582897826406	-26.011267844100324
190000	-4097.591838727005	-4092.7548486856135	-4.836990041391719	-4092.7548486856135	14.15494268331545	31.11113760773582	0.7404969830170303	0.3237476581363531	2.0143485896213082	0.6619037522423491	0.3237476581363531	2.0143485896213082	0.6619037522423491	0.14675057425398522	0.01249902866316638	3.5381604270475757E-6	0.15348854551706398	0.011843518526210952	1.183010853065256	-23.591810067640857
191000	-4111.716991212517	-4089.8802354696118	-21.83675574290587	-4089.8802354696118	16.351336716353263	35.96515968002636	0.7404969830170303	0.3237476581363531	2.0143485896213082	0.6619037522423491	0.3237476581363531	2.0143485896213082	0.6619037522423491	0.22736808822095694	0.004029935263637959	1.140974174305428E-6	0.26107030182964236	0.00427018123324771	1.2806127533636396	-27.656748374508577
192000	-3976.5641084543745	-3944.673181328778	-31.89092712559676	-3944.673181328778	18.824000246957002	44.18152950663308	0.7404969830170303	0.3237476581363531	2.0143485896213082	0.6619037522423491	0.3237476581363531	2.0143485896213082	0.6619037522423491	0.24730419244587987	0.005728571055363329	1.5022457248376782E-6	0.2302035077662863	0.004882739088844677	2.4593753786468904	-32.708052588058344
193000	-4045.0919832614677	-3997.5508470018085	-47.54113625965898	-3997.5508470018085	16.719493521985807	56.37442356022743	0.7404969830170303	0.3237476581363531	2.0143485896213082	0.6619037522423491	0.3237476581363531	2.0143485896213082	0.6619037522423491	0.2634746994135633	0.003965990213966564	1.2035032024621085E-6	0.2763909169714041	0.0040276807584119015	6.096849565518866	-46.812227595604945
194000	-4090.187452339119	-4074.070383162638	-16.11706917648077	-4074.070383162638	18.195214390262766	59.25912981336879	0.7404969830170303	0.3237476581363531	2.0143485896213082	0.6619037522423491	0.3237476581363531	2.0143485896213082	0.6619037522423491	0.14017624237450996	0.0017529328017113336	4.860162230936738E-8	0.12349483515275167	0.0018518094666210348	4.162553426438335	-44.950059261486665
195000	-4053.0495275169314	-4025.3326667712536	-27.71686074567798	-4025.3326667712536	15.847912034007383	50.11453646169786	0.7404969830170303	0.3237476581363531	2.0143485896213082	0.6619037522423491	0.3237476581363531	2.0143485896213082	0.6619037522423491	0.19057354212308614	0.0016961643521498718	7.989686963271587E-8	0.1635774983168078	0.001734756094467648	5.969428181509945	-45.06103995946195
196000	-4053.179728260491	-4024.062306527982	-29.1174217325094	-4024.062306527982	17.96374671235185	64.99041910324338	0.7404969830170303	0.5482483989384838	2.0143485896213082	0.4374030114402184	0.5482483989384838	2.0143485896213082	0.4374030114402184	0.1533435183829372	0.004100312296759751	3.630455655019474E-7	0.1459467093204855	0.004241250033563406	4.013358023527997	-50.15972362158962
197000	-3937.4101562286523	-3871.5168945016903	-65.89326172696211	-3871.5168945016903	15.879692209205698	52.245305731187884	0.7404969830170303	0.5482483989384838	2.0143485896213082	0.4374030114402184	0.5482483989384838	2.0143485896213082	0.4374030114402184	0.40336253959737206	0.004993039783617618	6.5795850875076695E-6	0.5297377786952348	0.004766756289054154	4.478086728878646	-44.30610076320154
198000	-3894.6110644143287	-3854.3643859141316	-40.246678500197056	-3854.3643859141316	17.740677569891638	58.29481901698657	0.7404969830170303	0.5482483989384838	2.0143485896213082	0.4374030114402184	0.5482483989384838	2.0143485896213082	0.4374030114402184	0.23890447229444273	0.001869198143310938	1.7668352448092465E-7	0.2334720822014334	0.0018159319201923737	3.891184212052941	-45.89345651973614
199000	-4005.2364444486684	-3990.4243431645546	-14.812101284113744	-3990.4243431645546	14.755047625738497	35.710810299095506	0.7404969830170303	0.5482483989384838	2.0143485896213082	0.4374030114402184	0.5482483989384838	2.0143485896213082	0.4374030114402184	0.20159716814477044	0.004036281664163092	5.385122191895125E-7	0.18242233613945355	0.004137330608723807	1.4261130008603686	-27.46346593232296
200000	-4006.565749187469	-3977.518442240113	-29.047306947356187	-3977.518442240113	17.460567786119267	41.349378240262205	0.7404969830170303	0.5482483989384838	2.0143485896213082	0.4374030114402184	0.5482483989384838	2.0143485896213082	0.4374030114402184	0.27215205848108787	0.005733786925130056	2.547492411036193E-6	0.2593089928516191	0.006158417885024205	1.6899339476827209	-30.925531699261036
201000	-3909.8470898581327	-3915.180961086951	5.333871228818225	-3915.180961086951	15.35136791894059	33.63513834611785	0.7404969830170303	0.5482483989384838	2.0143485896213082	0.4374030114402184	0.5482483989384838	2.0143485896213082	0.4374030114402184	0.11524295451197102	0.009771384951656	1.110186039542661E-6	0.11194877900533817	0.009329678907555086	1.7297300674597709	-26.042734505066207
202000	-3919.9486530092095	-3919.452423662354	-0.4962293468557979	-3919.452423662354	15.63770603420022	33.68402817493067	0.7404969830170303	0.5482483989384838	2.0143485896213082	0.4374030114402184	0.5482483989384838	2.0143485896213082	0.4374030114402184	0.12731304554174336	0.009885094153963988	1.6468691610481755E-6	0.12950118595084026	0.009998531571206611	1.827012902886214	-27.04742127886227
203000	-3931.0537616954834	-3919.455815977277	-11.597945718206507	-3919.455815977277	15.214777675874902	29.696054666477103	0.7404969830170303	0.5482483989384838	2.0143485896213082	0.4374030114402184	0.5482483989384838	2.0143485896213082	0.4374030114402184	0.2125882668705822	0.01308602542933992	6.47431926149571E-6	0.19867484690720572	0.012885168784879816	1.1254691061468494	-19.78377350680011
204000	-3949.0310062205926	-3903.7675459319566	-45.26346028863601	-3903.7675459319566	16.72590955607955	45.50506808136102	0.7404969830170303	0.5482483989384838	2.0143485896213082	0.4374030114402184	0.5482483989384838	2.0143485896213082	0.4374030114402184	0.30352117206121415	0.004071162701826406	1.7768907490374896E-6	0.34980179825133595	0.0035606274697200136	2.6454461134601557	-35.053435789016916
205000	-4033.8472935987747	-4036.6850280473827	2.8377344486081846	-4036.6850280473827	16.272174112215872	44.1301306327838	0.7404969830170303	0.5482483989384838	2.0143485896213082	0.4374030114402184	0.5482483989384838	2.0143485896213082	0.4374030114402184	0.07662739601008528	0.002913245244439376	7.248039132584814E-8	0.08997559581448651	0.0029388337958005115	2.3682748361885286	-35.221376416649804
206000	-3908.4290130554023	-3872.493251311208	-35.935761744194416	-3872.493251311208	15.678926383244569	37.27072076692845	0.7404969830170303	0.5482483989384838	2.0143485896213082	0.4374030114402184	0.5482483989384838	2.0143485896213082	0.4374030114402184	0.29973804707768775	0.00624376718061393	3.8041684226295864E-6	0.33070170721866	0.006015926825468118	1.9534394769820176	-29.592454255346343
207000	-4067.091967194869	-4035.8961995411864	-31.19576765368247	-4035.8961995411864	17.235246797206884	45.45573312888091	0.7404969830170303	0.5482483989384838	2.0143485896213082	0.4374030114402184	0.5482483989384838	2.0143485896213082	0.4374030114402184	0.23971478331511187	0.0011873612941038611	1.0622589755563506E-7	0.2698346451409057	0.0012731595486610604	2.5645532568295333	-34.65437320332517
208000	-4069.266891382441	-4051.303982983933	-17.962908398507974	-4051.303982983933	15.669430364105349	37.98719337667878	0.7404969830170303	0.5482483989384838	2.0143485896213082	0.4374030114402184	0.5482483989384838	2.0143485896213082	0.4374030114402184	0.2141361532833344	0.001628459034931617	1.0844190067592981E-7	0.19833618931573077	0.001683009032295871	1.4908867515619588	-30.67697353014806
209000	-3994.0034399687192	-3984.55438477773	-9.449055190989517	-3984.55438477773	15.097134056829868	33.30754091130022	0.7404969830170303	0.5482483989384838	2.0143485896213082	0.4374030114402184	0.5482483989384838	2.0143485896213082	0.4374030114402184	0.16441819269998104	0.008730852594344812	2.208080381510369E-6	0.1651406235758857	0.009227167744925612	2.1804682246381732	-27.31573103892303
210000	-4098.386030335668	-4068.7938022729636	-29.592228062703924	-4068.7938022729636	16.36516975057461	35.74985330561245	0.7404969830170303	0.5482483989384838	2.0143485896213082	0.4374030114402184	0.5482483989384838	2.0143485896213082	0.4374030114402184	0.26234198820577503	0.002691004035690526	4.784967664129819E-7	0.2679561725393311	0.0026020585197885577	2.597632787751528	-30.462022543377614
211000	-4016.220673381215	-4018.239762991195	2.0190896099801092	-4018.239762991195	17.43304906730127	35.797218026283126	0.7404969830170303	0.5482483989384838	2.2665595357672634	0.18519206529426346	0.5482483989384838	2.2665595357672634	0.18519206529426346	0.13142078073447186	0.02130854935944756	6.9854677114143335E-6	0.12104282617152667	0.021683264569803917	1.4037382079163572	-25.415886550732342
212000	-4125.603992275423	-4072.224293935176	-53.379698340246726	-4072.224293935176	15.336683837937228	36.13327746364245	0.7404969830170303	0.5482483989384838	2.2665595357672634	0.18519206529426346	0.5482483989384838	2.2665595357672634	0.18519206529426346	0.39353226026774096	0.016382359803159018	6.498470138900367E-5	0.45026216077704523	0.0164295182251019	1.892171350122199	-29.142269217221788
213000	-4117.68743325749	-4092.8630631003452	-24.82437015714467	-4092.8630631003452	14.031635116961729	32.445858935975394	0.7404969830170303	0.5482483989384838	2.2665595357672634	0.18519206529426346	0.5482483989384838	2.2665595357672634	0.18519206529426346	0.2875451187491006	0.0025204548114954443	5.031618443504569E-7	0.2795795119390956	0.0026854046577230407	2.4436558313169914	-28.037749087920822
214000	-3890.5246428077535	-3884.3936455558696	-6.130997251883727	-3884.3936455558696	15.29559195215289	24.4836710184019	0.7404969830170303	0.14057653261938619	2.674231402086361	0.18519206529426346	0.14057653261938619	2.674231402086361	0.18519206529426346	0.2609506951698394	0.007041833763480426	2.076034094442802E-6	0.20807886051163427	0.006833594995882362	0.7110575765096898	-9.960141951251085
215000	-4037.1657526457693	-4013.5936086547513	-23.572143991017818	-4013.5936086547513	15.830386403658327	26.197968154591237	0.7404969830170303	0.14057653261938619	2.674231402086361	0.18519206529426346	0.14057653261938619	2.674231402086361	0.18519206529426346	0.3821459456492199	0.005848180711507338	3.30170480908263E-6	0.3397304688800395	0.005417410114685086	0.8425928193054423	-13.381432385894719
216000	-4054.044606912077	-4015.384043874789	-38.66056303728823	-4015.384043874789	14.729982576942138	25.931748787482462	0.7404969830170303	0.14057653261938619	2.674231402086361	0.18519206529426346	0.14057653261938619	2.674231402086361	0.18519206529426346	0.4966468041389109	0.010968759947743772	4.868938492442975E-5	0.5372940920469697	0.012729789508722278	0.8673856986730711	-14.34392914845324
217000	-3967.0854523972807	-3973.7103917175787	6.624939320297834	-3973.7103917175787	14.71997686416443	25.10658828011636	0.7404969830170303	0.14057653261938619	1.800290171650016	1.0591332957306085	0.14057653261938619	1.800290171650016	1.0591332957306085	0.1687916509145321	0.013005423167026985	4.839323904679537E-6	0.1615036812639344	0.014208176673257057	0.6266956500261832	-12.401422420830173
218000	-4100.568044396778	-4070.469872504194	-30.098171892583363	-4070.469872504194	14.0630646241957	23.487894387841656	0.7404969830170303	0.14057653261938619	1.800290171650016	1.0591332957306085	0.14057653261938619	1.800290171650016	1.0591332957306085	0.4572450288299846	0.009813368360153	1.230446471422089E-5	0.39577373138821353	0.008475650793620861	0.8697488723287221	-11.78768872441334
219000	-3987.677769038122	-3966.529103600325	-21.148665437796605	-3966.529103600325	14.726342363566697	38.411492226625775	0.7404969830170303	0.14057653261938619	1.800290171650016	1.0591332957306085	0.14057653261938619	1.800290171650016	1.0591332957306085	0.18245142471313766	0.004244776666905415	6.903005887893031E-7	0.19583153913355067	0.004388566571586784	1.9470290642685846	-30.83092969085275
220000	-4033.270878075718	-4016.8017888756463	-16.469089200071746	-4016.8017888756463	18.286385035263088	39.119751415718795	0.7404969830170303	0.14057653261938619	2.5353615390895454	0.32406192829107905	0.14057653261938619	2.5353615390895454	0.32406192829107905	0.20014390776973898	0.003986767289857326	5.925553108617472E-7	0.19621559732990923	0.0040541697857992345	1.7875050961279546	-27.421993506738293
221000	-3976.5346263451174	-3939.1010580015395	-37.43356834357785	-3939.1010580015395	16.30260546679415	41.65258415264762	0.7404969830170303	0.14057653261938619	2.5353615390895454	0.32406192829107905	0.14057653261938619	2.5353615390895454	0.32406192829107905	0.37105982917277136	0.005067939444731044	2.342676574432538E-6	0.2998262705367158	0.005391835558728936	2.7304822887799363	-32.86328618494573
222000	-4098.215055024574	-4041.240803878541	-56.974251146033	-4041.240803878541	18.170372923802557	48.59690799660816	0.7404969830170303	0.14057653261938619	2.5353615390895454	0.32406192829107905	0.14057653261938619	2.5353615390895454	0.32406192829107905	0.45161270297097256	0.015692823708558516	4.560687008452598E-5	0.4523875763754191	0.014315032097787459	2.410301288293674	-36.0489763612319
223000	-3968.332686837097	-3922.7623381511967	-45.570348685899994	-3922.7623381511967	15.456608383894267	26.78853518718985	0.7404969830170303	0.14057653261938619	2.5353615390895454	0.32406192829107905	0.14057653261938619	2.5353615390895454	0.32406192829107905	0.5334564081768973	0.003130230284817281	3.972791020015528E-6	0.6034565802705768	0.0028818692448354063	0.7584965512017886	-16.185544513214023
224000	-4007.519475128122	-3983.1349203656505	-24.384554762471318	-3983.1349203656505	15.237876205084035	31.883281616413235	0.7404969830170303	0.14057653261938619	2.5353615390895454	0.32406192829107905	0.14057653261938619	2.5353615390895454	0.32406192829107905	0.22235964505736344	0.008616519605017005	4.272615210720723E-6	0.2529477768880117	0.007961758157760335	1.7199094187668056	-23.704183733916697
225000	-3962.1606418685255	-3922.2202847015415	-39.940357166984306	-3922.2202847015415	14.952956995314683	34.38808754322851	0.7404969830170303	0.14057653261938619	2.5353615390895454	0.32406192829107905	0.14057653261938619	2.5353615390895454	0.32406192829107905	0.37182760067838705	0.005205063058859764	3.4127462780783496E-6	0.3294553420028305	0.005488256265971703	2.5513295499590534	-29.70688878301817
226000	-3930.2719233869034	-3929.538310414762	-0.7336129721416483	-3929.538310414762	16.34997231863762	42.46695906030328	0.7404969830170303	0.14057653261938619	2.5353615390895454	0.32406192829107905	0.14057653261938619	2.5353615390895454	0.32406192829107905	0.09535722378635904	0.0017873058423936463	3.7717199166784526E-8	0.11103551115780608	0.0017931745903514425	1.7786116170800588	-32.901131549352776
227000	-3979.816558357329	-3950.0762030673454	-29.7403552899836	-3950.0762030673454	17.14320779940524	45.02176104690939	0.7404969830170303	0.14057653261938619	2.5353615390895454	0.32406192829107905	0.14057653261938619	2.5353615390895454	0.32406192829107905	0.24780271461118725	0.004089918583562893	7.712837902721887E-7	0.20946972577749384	0.004302030037802958	1.9330709163133046	-37.51704913842969
228000	-4139.380683780933	-4101.886916329484	-37.49376745144901	-4101.886916329484	15.540834657608123	57.442850913066096	0.7404969830170303	0.14057653261938619	2.5353615390895454	0.32406192829107905	0.14057653261938619	2.5353615390895454	0.32406192829107905	0.22602933501279024	0.008738430303188202	3.2565613470530217E-6	0.20479401466544894	0.00933920524470159	4.240855572932775	-47.98628716359103
229000	-4103.1708613150895	-4082.3857051192795	-20.78515619580975	-4082.3857051192795	19.186276151188366	49.984977302052464	0.7404969830170303	0.14057653261938619	2.5353615390895454	0.32406192829107905	0.14057653261938619	2.5353615390895454	0.32406192829107905	0.14743888700116078	0.016168923135485642	6.479424365576115E-6	0.16158414948784297	0.01592284261719471	2.9246941611410544	-38.73981860490463
230000	-3995.5433269749624	-3981.7936023902525	-13.74972458471002	-3981.7936023902525	16.447353476349818	38.21960589656741	0.7404969830170303	0.14057653261938619	2.5353615390895454	0.32406192829107905	0.14057653261938619	2.5353615390895454	0.32406192829107905	0.15400899125850426	0.01253333694244796	4.53442443178184E-6	0.17207000890218543	0.012637128280402662	2.2932679104978613	-29.4252621167197
231000	-3912.4925573829732	-3871.6512204020264	-40.84133698094672	-3871.6512204020264	16.292468224148973	42.54112610543241	0.7404969830170303	0.4331000665858038	1.4178787306729599	1.149021202741247	0.4331000665858038	1.4178787306729599	1.149021202741247	0.3110945398513053	0.00346079740946123	1.0416290724366719E-6	0.2942194822664067	0.0033265893779614213	1.9375211938922174	-37.23049312738377
232000	-3960.70622373559	-3915.735861749162	-44.970361986428244	-3915.735861749162	15.24931658890778	37.995727251159884	0.7404969830170303	0.4331000665858038	1.4178787306729599	1.149021202741247	0.4331000665858038	1.4178787306729599	1.149021202741247	0.2561303725670306	0.004810403637047948	1.954203661218892E-6	0.29628604404150316	0.00462746556776186	4.311583215771754	-35.73691872840445
233000	-3924.5898487614463	-3854.175465617991	-70.41438314345538	-3854.175465617991	17.965775307309148	68.95344132883855	0.7404969830170303	0.4331000665858038	1.4178787306729599	1.149021202741247	0.4331000665858038	1.4178787306729599	1.149021202741247	0.46418268744025176	0.0024117029584308806	9.78564038555572E-7	0.4134336096830237	0.0025160425101545324	7.4316286172061155	-52.78157089639712
234000	-4235.204304814633	-4191.863789185183	-43.34051562945007	-4191.863789185183	25.74689274586987	82.37347231001752	0.7404969830170303	0.4331000665858038	1.4178787306729599	1.149021202741247	0.4331000665858038	1.4178787306729599	1.149021202741247	0.2378702764795278	0.0023028581090237974	2.141112805662344E-7	0.19618333677023314	0.0023438122144986803	6.257891792700559	-52.20514144722285
235000	-4173.368815195318	-4114.584514547354	-58.78430064796474	-4114.584514547354	18.68081660197973	59.64446302779415	0.48042442132588126	0.4331000665858038	1.4178787306729599	1.149021202741247	0.4331000665858038	1.4178787306729599	1.149021202741247	0.3548636413944838	0.0029053080510263725	1.1759016046787598E-6	0.3742292271468986	0.0029916861705082294	3.6540611212416128	-46.3262713236161
236000	-4085.809685466	-4054.7456615644337	-31.06402390156618	-4054.7456615644337	22.904153262356317	63.31426440968899	0.7765553313021653	0.4331000665858038	1.4178787306729599	1.149021202741247	0.4331000665858038	1.4178787306729599	1.149021202741247	0.17047520670397426	9.948077920366514E-4	3.7056310020233523E-8	0.1891733147495298	0.0010363469364523931	4.760527513636913	-43.523769965855415
237000	-3991.1583252709675	-3951.644994719345	-39.513330551622325	-3951.644994719345	18.99779738937511	63.14106102962171	0.7765553313021653	0.4331000665858038	1.4178787306729599	1.149021202741247	0.4331000665858038	1.4178787306729599	1.149021202741247	0.2396744264841763	0.0011665430085472858	5.976167319841306E-8	0.2084626309576364	0.0011635660169314968	4.403000555016868	-47.94239351439549
238000	-3931.073436782168	-3905.1854148287193	-25.8880219534485	-3905.1854148287193	19.0354017503478	54.71961096181221	0.7765553313021653	0.4331000665858038	1.4178787306729599	1.149021202741247	0.4331000665858038	1.4178787306729599	1.149021202741247	0.20175672918725973	0.003881848640588397	4.5183746756284124E-7	0.16804298962722608	0.003906647190498913	2.984305030141527	-40.87571285789816
239000	-3986.9110793616846	-3975.9260213305297	-10.985058031155134	-3975.9260213305297	15.237705118279013	31.831312474753894	0.7765553313021653	0.4331000665858038	1.4178787306729599	1.149021202741247	0.4331000665858038	1.4178787306729599	1.149021202741247	0.18247613293204185	0.012666914887567455	4.778553752417718E-6	0.1735366793533127	0.013328135503638807	1.6605477410936798	-24.616855826358417
240000	-4271.41437291134	-4243.5367928091655	-27.877580102174825	-4243.5367928091655	14.827239854894403	30.390346633091355	0.7765553313021653	0.4331000665858038	1.4178787306729599	1.149021202741247	0.4331000665858038	1.4178787306729599	1.149021202741247	0.3013064436838345	0.008105199035103105	5.9344262127464775E-6	0.2873128390537547	0.008850058573227184	0.9241540389415226	-22.723215216081424
241000	-4034.836111296459	-4032.1211023169444	-2.7150089795143337	-4032.1211023169444	15.748012596789213	41.008869553617934	0.7765553313021653	0.4331000665858038	1.4178787306729599	1.149021202741247	0.4331000665858038	1.4178787306729599	1.149021202741247	0.10888405873508715	0.0028005601831680546	8.165690312345887E-8	0.1039412040695289	0.0026403969830784114	2.7545863161332047	-33.98618352154828
242000	-3920.3501941444956	-3896.7568045820462	-23.59338956244938	-3896.7568045820462	16.579000697814166	42.7585354879518	0.7765553313021653	0.4331000665858038	2.197033751904651	0.36986618150955575	0.4331000665858038	2.197033751904651	0.36986618150955575	0.2412490631538987	0.006150656807373663	1.4970950728386197E-6	0.20081984101346168	0.0064407223855735725	2.4504691118224105	-35.48532305733867
243000	-4053.4878098345002	-4030.7492551039686	-22.73855473053154	-4030.7492551039686	14.510610987526817	36.589977418255096	0.7765553313021653	0.4331000665858038	2.197033751904651	0.36986618150955575	0.4331000665858038	2.197033751904651	0.36986618150955575	0.233688676093711	0.017448793516781535	1.391567780519365E-5	0.20653806881098224	0.018036675528921565	2.3184114227152413	-30.56040980599783
244000	-4103.006252486801	-4081.858403912757	-21.14784857404418	-4081.858403912757	19.235625374780447	54.05476260721712	0.7765553313021653	0.4331000665858038	2.197033751904651	0.36986618150955575	0.4331000665858038	2.197033751904651	0.36986618150955575	0.14234575632783328	0.0038536955173702884	3.1283031423811436E-7	0.1418732076428433	0.0037699429221674237	3.1892847141933327	-40.87697121572736
245000	-3963.88577487599	-3922.252634038936	-41.63314083705417	-3922.252634038936	18.96964092127115	43.69748944367328	0.7765553313021653	0.4331000665858038	2.197033751904651	0.36986618150955575	0.4331000665858038	2.197033751904651	0.36986618150955575	0.4204280817309703	0.0025042003623295885	9.779884476609833E-7	0.35927834952897447	0.002805460899722692	2.3554507049262807	-31.011215935142037
246000	-3984.802084012892	-3961.277543395251	-23.524540617640916	-3961.277543395251	17.573038698975886	35.63804347026343	0.7765553313021653	0.4331000665858038	2.197033751904651	0.36986618150955575	0.4331000665858038	2.197033751904651	0.36986618150955575	0.25622703316653556	0.0038317552114982296	6.295665200995628E-7	0.20978760034133362	0.003772328183524672	2.361644168173317	-28.095868541790328
247000	-3917.4787120078254	-3914.528363745844	-2.950348261981122	-3914.528363745844	17.359405452703726	41.82520709213764	0.7765553313021653	0.4331000665858038	2.197033751904651	0.36986618150955575	0.4331000665858038	2.197033751904651	0.36986618150955575	0.11979992622458191	0.00486048791432291	2.842606250449347E-7	0.11289694537504061	0.004560646105145153	1.8734244214757698	-32.01318558022117
248000	-3839.6913916340327	-3843.3717147203374	3.68032308630459	-3843.3717147203374	17.985080585598794	47.81555015297548	0.7765553313021653	0.4331000665858038	2.197033751904651	0.36986618150955575	0.4331000665858038	2.197033751904651	0.36986618150955575	0.09415299961969772	0.003765136812454889	1.120624210516363E-7	0.08574553425370292	0.0038467508455124837	1.905059966926712	-36.945251036528944
249000	-3886.214088924587	-3858.5713861668405	-27.642702757746566	-3858.5713861668405	19.938724724611244	63.93227779340183	0.7765553313021653	0.4331000665858038	2.197033751904651	0.36986618150955575	0.4331000665858038	2.197033751904651	0.36986618150955575	0.14948055712807437	0.004944781467704703	4.693350470507103E-7	0.14314182164556236	0.004621356216501747	5.088841971508763	-46.852665720004815
250000	-3878.044543728075	-3849.9813194149597	-28.063224313115416	-3849.9813194149597	15.251243199179825	47.771706414089145	0.7765553313021653	0.4331000665858038	2.197033751904651	0.36986618150955575	0.4331000665858038	2.197033751904651	0.36986618150955575	0.2114100286982597	0.004062965521170293	6.059433562114364E-7	0.18369578851426102	0.004326090048871304	3.643253786934105	-41.18839084154591
251000	-3902.1763275371195	-3890.236333368227	-11.939994168892595	-3890.236333368227	18.052006349649467	60.18562303500559	0.7765553313021653	0.4331000665858038	2.197033751904651	0.36986618150955575	0.4331000665858038	2.197033751904651	0.36986618150955575	0.10570038955462668	0.002485841641542935	6.256318761384848E-8	0.10203206812420693	0.002424798083415075	5.235315198118583	-46.86039248896008
252000	-4008.7331303214805	-3968.36233918533	-40.37079113615064	-3968.36233918533	15.3584733560384	38.80176503049054	0.7765553313021653	0.4331000665858038	2.197033751904651	0.36986618150955575	0.4331000665858038	2.197033751904651	0.36986618150955575	0.3093834851262566	0.013678391646357188	3.251491943923491E-5	0.4099914021990794	0.014165621199001038	2.004961804170447	-31.29575541823429
253000	-3964.928018423725	-3977.5392929626937	12.61127453896858	-3977.5392929626937	17.56750338952917	44.88991331866307	0.7765553313021653	0.4331000665858038	2.197033751904651	0.36986618150955575	0.4331000665858038	2.197033751904651	0.36986618150955575	0.06100876571477351	0.001678039519569206	1.3162619773878534E-8	0.06910213900652037	0.0016318502449428809	1.8905423569716946	-34.65850434282281
254000	-3973.7454600083156	-3928.0040567121664	-45.741403296149	-3928.0040567121664	30.98140612669595	92.1312747682588	0.7765553313021653	0.4331000665858038	2.197033751904651	0.36986618150955575	0.4331000665858038	2.197033751904651	0.36986618150955575	0.19765992321217465	0.003425975621451504	6.230658746790793E-7	0.2134025508897315	0.003634271807088483	4.251608980596077	-54.199100609879
255000	-3858.81468648334	-3787.829323393789	-70.98536308955144	-3787.829323393789	22.373204275290284	88.1119689255508	0.7765553313021653	0.4331000665858038	2.197033751904651	0.36986618150955575	0.4331000665858038	2.197033751904651	0.36986618150955575	0.3166975281485719	0.0016872627992417064	3.748794790199632E-7	0.3815972463524438	0.0016372998831866784	5.962099628752077	-58.379850046155305
256000	-3983.2410696379116	-3943.167141962713	-40.073927675198604	-3943.167141962713	15.376781427758514	54.11267620458609	0.7765553313021653	0.4331000665858038	2.197033751904651	0.36986618150955575	0.4331000665858038	2.197033751904651	0.36986618150955575	0.251465596659737	0.0038386052427473584	6.66606963258918E-7	0.22524992345112915	0.003555982842252891	2.983905611901709	-45.57929301439469
257000	-4100.9091626779245	-4063.4504045727876	-37.458758105137335	-4063.4504045727876	17.99624676087211	55.84760981212454	0.7765553313021653	0.4331000665858038	2.197033751904651	0.36986618150955575	0.4331000665858038	2.197033751904651	0.36986618150955575	0.19284358330489246	0.0036557986799992037	5.209670147100647E-7	0.19470598128004565	0.0034871869171005914	4.704678339606859	-43.84061872077256
258000	-3955.7515678422365	-3938.7961590703667	-16.955408771869564	-3938.7961590703667	18.144448764894435	44.975949512406	0.7765553313021653	0.4331000665858038	2.197033751904651	0.36986618150955575	0.4331000665858038	2.197033751904651	0.36986618150955575	0.14188435539588462	0.009803621090126117	2.7067781345138442E-6	0.16905775363139094	0.010090036783275257	2.106108022274282	-33.84062440922857
259000	-3897.5747062009386	-3882.6084775695736	-14.96622863136508	-3882.6084775695736	18.999543696423707	49.809213707282446	0.7765553313021653	0.4331000665858038	2.197033751904651	0.36986618150955575	0.4331000665858038	2.197033751904651	0.36986618150955575	0.15456269729929972	0.004001763949969485	3.2064537018492226E-7	0.1425201831761428	0.004013113037676083	1.830481205588755	-37.769797966086315
260000	-4092.5142525459128	-4037.0824116941185	-55.43184085179425	-4037.0824116941185	16.595926217138167	39.61211351668168	0.7765553313021653	0.4331000665858038	2.197033751904651	0.36986618150955575	0.4331000665858038	2.197033751904651	0.36986618150955575	0.47031349127412486	0.0016127631944365915	8.693320917192032E-7	0.5429369059768572	0.0015976538424209174	1.5543414671635798	-28.192896523295943
261000	-3934.390584645807	-3898.5196684766393	-35.87091616916779	-3898.5196684766393	17.79532527747302	40.39061127835362	0.7765553313021653	0.4331000665858038	1.6170696192282268	0.9498303141859802	0.4331000665858038	1.6170696192282268	0.9498303141859802	0.3086568359854596	0.006372849345395865	5.394212556713544E-6	0.34631023191072013	0.006525323714524653	1.6356850578618476	-28.778805595313422
262000	-4076.9696384630024	-4101.901231887315	24.931593424312418	-4101.901231887315	14.811804783806906	24.644999508879852	0.7765553313021653	0.4331000665858038	1.6170696192282268	0.9498303141859802	0.4331000665858038	1.6170696192282268	0.9498303141859802	0.09668203141693146	0.025483379470919415	5.408721090081205E-6	0.093374344270879	0.024773915434941497	0.5129433394298539	-10.470271043230335
263000	-4031.7140757284706	-3997.2266386514534	-34.487437077016985	-3997.2266386514534	14.803474740450437	23.669401067669277	0.7765553313021653	0.4331000665858038	1.6170696192282268	0.9498303141859802	0.4331000665858038	1.6170696192282268	0.9498303141859802	0.4832590205100491	0.00624089916431292	2.0181578778370783E-5	0.6858262497784448	0.007462082192544298	0.7607628000119846	-9.776760267093271
264000	-3998.9706721637967	-3987.213317679557	-11.757354484239904	-3987.213317679557	14.759749695353099	24.532968779006545	0.7765553313021653	0.6881525983747607	1.6170696192282268	0.6947777823970234	0.6881525983747607	1.6170696192282268	0.6947777823970234	0.24249149691691443	0.0025580532689289223	3.944832588882389E-7	0.2388345863034762	0.0025599557996818303	1.1353433796357886	-13.638021108874069
265000	-4027.1606731391835	-4009.6106190173937	-17.55005412178976	-4009.6106190173937	15.596440812172034	30.458290495682245	0.7765553313021653	0.6881525983747607	1.975472212346469	0.33637518927878113	0.6881525983747607	1.975472212346469	0.33637518927878113	0.21768645539268053	0.0038904468337950353	8.275692873940766E-7	0.23140552004099685	0.0038138627438686935	0.9588140190650691	-20.595718963088082
266000	-3957.455751984731	-3940.709660271007	-16.746091713723764	-3940.709660271007	17.03811351587835	31.270669103813333	0.7765553313021653	0.46253713538645924	1.975472212346469	0.5619906522670827	0.46253713538645924	1.975472212346469	0.5619906522670827	0.28079494734383265	0.00422948702200987	1.1258150970067349E-6	0.2538889902943107	0.004148369595315131	1.0854356829318574	-18.93119069207831
267000	-3886.217068110054	-3862.978484442835	-23.23858366721869	-3862.978484442835	14.612307515779882	33.47597776898591	0.7765553313021653	0.46253713538645924	1.975472212346469	0.5619906522670827	0.46253713538645924	1.975472212346469	0.5619906522670827	0.21753237340708986	0.01397931792948785	9.717826890495151E-6	0.23592477233515413	0.013590840472170676	1.5976281457083652	-29.873232719794483
268000	-3970.84932387485	-3938.0569895254307	-32.79233434941925	-3938.0569895254307	19.945980585579793	49.45795817060039	0.7765553313021653	0.46253713538645924	1.975472212346469	0.5619906522670827	0.46253713538645924	1.975472212346469	0.5619906522670827	0.23786830541981438	0.0022381356069261287	2.3670572245724691E-7	0.24460628317330363	0.0018640919215882075	2.5934639519902647	-36.135206648858066
269000	-3953.767756839703	-3977.2678608460233	23.500104006320374	-3977.2678608460233	15.697331223789948	36.35361145682509	0.7765553313021653	0.46253713538645924	1.975472212346469	0.5619906522670827	0.46253713538645924	1.975472212346469	0.5619906522670827	0.06528636720199962	0.018365951213204113	1.2914532539190737E-6	0.06275891308422804	0.01812327776235114	1.8667975044818859	-28.329331915249227
270000	-3907.8159432576	-3903.6229993027873	-4.19294395481238	-3903.6229993027873	16.206119439032303	34.89445317206441	0.7765553313021653	0.46253713538645924	1.975472212346469	0.5619906522670827	0.46253713538645924	1.975472212346469	0.5619906522670827	0.1447245529578791	0.004507964954370221	4.396108111586926E-7	0.14497169816176705	0.004786255593832499	1.19595230692776	-25.745393368927527
271000	-3931.460300833114	-3883.808629882724	-47.65167095039038	-3883.808629882724	14.424241197091245	26.138839141645107	0.7765553313021653	0.46253713538645924	1.975472212346469	0.5619906522670827	0.46253713538645924	1.975472212346469	0.5619906522670827	0.5342601805749537	0.006653690333046302	1.1229246764973303E-5	0.5597810150798233	0.005900518032344082	1.1496390652716586	-17.054851863037776
272000	-3845.802440094027	-3851.174342719369	5.371902625341982	-3851.174342719369	15.393233534859357	33.09656006277478	0.7765553313021653	0.46253713538645924	1.975472212346469	0.5619906522670827	0.46253713538645924	1.975472212346469	0.5619906522670827	0.10351300482125848	0.00493620690296425	2.88932352505749E-7	0.10735605248634858	0.004875183732507856	1.7313118023476697	-26.17002219916424
273000	-3925.075424278502	-3929.829912196931	4.754487918429075	-3929.829912196931	16.132798549174996	32.20301184368521	0.7765553313021653	0.46253713538645924	1.975472212346469	0.5619906522670827	0.46253713538645924	1.975472212346469	0.5619906522670827	0.12293006817274658	0.015508891912918047	3.91576874148484E-6	0.12802010018533203	0.015573635196132696	1.5928261963866628	-22.365228027122377
274000	-3956.584813681493	-3913.137534950475	-43.447278731017974	-3913.137534950475	17.274319514419197	39.610500948180224	0.7765553313021653	0.46253713538645924	1.975472212346469	0.5619906522670827	0.46253713538645924	1.975472212346469	0.5619906522670827	0.3456786795534123	0.01245901174698809	2.3524573749661558E-5	0.36299064154468286	0.013593465111142827	1.4837120295599973	-31.487053665586448
275000	-3894.8408112035677	-3865.219256812662	-29.62155439090544	-3865.219256812662	14.267979513174554	27.181648552261613	0.7765553313021653	0.46253713538645924	1.975472212346469	0.5619906522670827	0.46253713538645924	1.975472212346469	0.5619906522670827	0.40237266681594	0.004136239636831805	3.575134506110724E-6	0.3962772996548432	0.004999524876366236	1.0813572575197734	-18.442274806394657
276000	-3954.5059598515395	-3921.1966465227733	-33.30931332876598	-3921.1966465227733	15.87112859201347	35.797155576241025	0.7765553313021653	0.7738366452222702	1.975472212346469	0.2506911424312717	0.7738366452222702	1.975472212346469	0.2506911424312717	0.3447779421444011	0.0023102732234224037	9.317907086585087E-7	0.3802454565881583	0.0028080285713428413	1.6652692738016515	-26.793736452957415
277000	-4147.127426080638	-4128.616525169069	-18.510900911568466	-4128.616525169069	14.63569207934269	34.21649023866387	0.7765553313021653	0.7738366452222702	1.4161928321332098	0.8099705226445308	0.7738366452222702	1.4161928321332098	0.8099705226445308	0.19553241231980162	0.00564992745844163	1.1957130773946974E-6	0.19315085675419832	0.005570165543427058	1.2339393296215218	-29.311263584017595
278000	-4076.165448788569	-4049.4924314897557	-26.673017298813132	-4049.4924314897557	17.243143465870702	44.55771271530147	0.7765553313021653	0.7738366452222702	1.4161928321332098	0.8099705226445308	0.7738366452222702	1.4161928321332098	0.8099705226445308	0.19594155030758814	0.009822926822598627	4.486395764653306E-6	0.212891764103491	0.010110618740408183	3.6909305901639016	-36.72913594248016
279000	-4153.940141543136	-4133.844800319616	-20.095341223519487	-4133.844800319616	15.35652688348804	32.583153180651294	0.7765553313021653	0.7738366452222702	1.4161928321332098	0.8099705226445308	0.7738366452222702	1.4161928321332098	0.8099705226445308	0.3048151965320782	0.003585933992822888	6.786884586267721E-7	0.2196716034435038	0.003881658669756135	1.5337048449241186	-23.48515671225554
280000	-4104.690105476738	-4060.1702005053526	-44.51990497138473	-4060.1702005053526	15.14722425815279	34.26228808202072	0.7765553313021653	0.7738366452222702	1.4161928321332098	0.8099705226445308	0.7738366452222702	1.4161928321332098	0.8099705226445308	0.4831650836733068	0.006727288428805131	9.25552954333446E-6	0.46970422273287266	0.007131640487966103	2.064849689704868	-26.48863106126367
281000	-4007.126036484647	-3989.9271997021683	-17.198836782478594	-3989.9271997021683	16.465737981513435	44.21252016421677	0.7765553313021653	0.7738366452222702	1.4161928321332098	0.8099705226445308	0.7738366452222702	1.4161928321332098	0.8099705226445308	0.15381389712834956	0.0051682133084168715	7.152683732924791E-7	0.15746344452189207	0.005367044574370646	2.08190632596592	-36.66544573694488
282000	-3885.2809960040368	-3844.3720607307996	-40.90893527323701	-3844.3720607307996	17.276277977566796	44.238820366773595	0.7765553313021653	0.7738366452222702	1.2980235889024114	0.9281397658753295	0.7738366452222702	1.2980235889024114	0.9281397658753295	0.36523407042567196	0.0022404747865050778	6.188229618344806E-7	0.3573894517514056	0.0022249687053356743	2.1273050622998366	-33.0487199078257
283000	-3958.6670159169585	-3929.770543180723	-28.8964727362352	-3929.770543180723	15.077786060879182	35.772923834552316	0.7765553313021653	0.7738366452222702	1.2980235889024114	0.9281397658753295	0.7738366452222702	1.2980235889024114	0.9281397658753295	0.2931241931564782	0.004916124168787404	2.086677740599675E-6	0.287933991868685	0.005168703857054207	1.7103763949896844	-27.64340623236715
284000	-3995.844590516513	-3958.424811982729	-37.41977853378443	-3958.424811982729	15.188674865927457	32.58095187118053	0.7765553313021653	0.7738366452222702	1.2980235889024114	0.9281397658753295	0.7738366452222702	1.2980235889024114	0.9281397658753295	0.3782363540905527	0.004311577512031318	2.699396531452981E-6	0.39645914083594014	0.004136792586939052	1.2690207776832823	-25.712263575194193
285000	-4285.857833474501	-4268.221313622477	-17.63651985202328	-4268.221313622477	15.895749455884731	30.245231040590227	0.7765553313021653	0.7738366452222702	1.2980235889024114	0.9281397658753295	0.7738366452222702	1.2980235889024114	0.9281397658753295	0.2718253567243827	0.026021841214097917	4.7037246847014926E-5	0.25872485501022485	0.028352067789688608	0.9340354890177968	-19.427228244150875
286000	-4047.202269658347	-4054.9487281568313	7.74645849848428	-4054.9487281568313	14.25095707063879	32.103655115267266	0.7765553313021653	0.4008007479154178	1.2980235889024114	1.301175663182182	0.4008007479154178	1.2980235889024114	1.301175663182182	0.08907354641682551	0.020462471559416506	4.014638612115773E-6	0.09643248438521172	0.02066083969186625	1.1275131502984757	-27.169761078543438
287000	-4212.092506992002	-4197.842453050738	-14.250053941264303	-4197.842453050738	16.536578437792215	31.924380008220083	0.7765553313021653	0.4008007479154178	1.2980235889024114	1.301175663182182	0.4008007479154178	1.2980235889024114	1.301175663182182	0.20597357042753908	0.002928276309979859	4.3004983256721523E-7	0.229373548101604	0.0027111354394082038	1.1860389614289588	-20.262339656146438
288000	-4062.3505506368483	-4042.8564323191736	-19.494118317674758	-4042.8564323191736	14.689182103624056	29.915951166190773	0.7765553313021653	0.4008007479154178	1.2980235889024114	1.301175663182182	0.4008007479154178	1.2980235889024114	1.301175663182182	0.23365432084769486	0.007675807262296459	3.1042487324278533E-6	0.22554409357922103	0.007430210762891348	0.9641288780706552	-22.61422679279723
289000	-3991.692887306404	-3969.8265964505936	-21.866290855810327	-3969.8265964505936	14.635040933061902	25.863760481145842	0.7765553313021653	0.4008007479154178	1.2980235889024114	1.301175663182182	0.4008007479154178	1.2980235889024114	1.301175663182182	0.2948471860886319	0.0082957537018143	6.828840240180296E-6	0.3070902098710482	0.008281642305680924	1.2862149390593318	-17.241453348218624
290000	-4007.2965082191304	-3999.242549894934	-8.053958324196024	-3999.242549894934	14.812205362222276	24.0292852384041	0.7765553313021653	0.4008007479154178	1.2980235889024114	1.301175663182182	0.4008007479154178	1.2980235889024114	1.301175663182182	0.2729755799832334	0.007574624765419077	4.722920940303243E-6	0.2751503938396095	0.007968690443939504	0.6461227782311085	-9.439996277986578
291000	-4064.7994977875887	-4037.873036256298	-26.92646153129107	-4037.873036256298	14.717105664479963	27.83329682836777	0.7765553313021653	0.4008007479154178	1.2980235889024114	1.301175663182182	0.4008007479154178	1.2980235889024114	1.301175663182182	0.3621520291470241	0.00663315285406596	4.854505736805275E-6	0.33174038353709834	0.00686838184753539	0.8021668025139606	-19.038638475509764
292000	-4049.955017903243	-4009.567400751469	-40.38761715177417	-4009.567400751469	15.400927199821446	29.439754447668722	0.7765553313021653	0.8663086034626132	1.2980235889024114	0.8356678076349866	0.8663086034626132	1.2980235889024114	0.8356678076349866	0.4305973008780246	0.006544799120697891	8.05251661091375E-6	0.4704395288316211	0.005908391461963236	1.4150506717817628	-20.338740445784214
293000	-3998.9659129324186	-3965.7238580782596	-33.24205485415916	-3965.7238580782596	16.884362055821104	39.276398804231405	0.7765553313021653	1.383941292409669	1.2980235889024114	0.31803511868793066	1.383941292409669	1.2980235889024114	0.31803511868793066	0.25178034395603954	0.0054638854284338526	2.6374621606828734E-6	0.3023598688371418	0.005666672138035054	2.424815892924702	-30.875517845836285
294000	-4150.039198542488	-4119.890681718547	-30.148516823940593	-4119.890681718547	14.180686876501674	37.1747852907508	0.7765553313021653	1.383941292409669	1.2980235889024114	0.31803511868793066	1.383941292409669	1.2980235889024114	0.31803511868793066	0.26495933439958747	0.0037860483484148354	9.078072687858574E-7	0.24509962606846597	0.003982714355156162	3.2908740622159223	-34.21612582896059
295000	-3879.203290131829	-3827.681156461049	-51.52213367077998	-3827.681156461049	21.451535464881587	61.65293478133108	0.7765553313021653	0.18350542962512684	2.4984594516869536	0.31803511868793066	0.18350542962512684	2.4984594516869536	0.31803511868793066	0.3348436270071837	0.0015477760824832512	2.963345607918719E-7	0.3423872924759334	0.0016299574014587437	2.733415506778113	-44.649078179746205
296000	-4008.3208353349146	-4020.8647368349443	12.54390150002991	-4020.8647368349443	15.139024624761207	34.39215150541163	0.7765553313021653	0.4544577893052153	2.4984594516869536	0.0470827590078422	0.4544577893052153	2.4984594516869536	0.0470827590078422	0.08912410047435868	0.0023529094798636673	4.212829856028983E-8	0.08721614496814478	0.0023209833993403702	2.1803408941909277	-27.878173859598792
297000	-4102.139288321982	-4074.718325981297	-27.420962340685833	-4074.718325981297	16.413590387647726	42.315302119194605	0.7765553313021653	0.4544577893052153	1.6935444337350023	0.8519977769597935	0.4544577893052153	1.6935444337350023	0.8519977769597935	0.19135060810720408	0.003786477371305234	6.511465855532726E-7	0.2074151325840065	0.003986607655223951	3.073690127793696	-34.91972238751846
298000	-3945.9429467389455	-3880.798280081039	-65.14466665790614	-3880.798280081039	20.328905001358557	64.56188616801299	0.7765553313021653	0.4544577893052153	1.6935444337350023	0.8519977769597935	0.4544577893052153	1.6935444337350023	0.8519977769597935	0.48300510649591577	0.0016909069173198005	3.734054632953057E-7	0.36396314103884264	0.0016445606622327623	3.2125714953591187	-47.395324993992574
299000	-3992.556737061064	-3986.419164198999	-6.137572862064797	-3986.419164198999	14.708569780832473	27.28448691437088	0.7765553313021653	0.4544577893052153	1.6935444337350023	0.8519977769597935	0.4544577893052153	1.6935444337350023	0.8519977769597935	0.1835595861501411	0.00808712099821448	2.3130889387812535E-6	0.1800305539979625	0.008101343195816905	0.8951986192819658	-18.72732947405005
300000	-4014.4391551601525	-3959.1792586757974	-55.25989648435503	-3959.1792586757974	14.675104959911582	32.08393487120685	0.7765553313021653	0.4544577893052153	2.455421903490278	0.0901203072045178	0.4544577893052153	2.455421903490278	0.0901203072045178	0.6577406299352339	0.004699409556253954	1.0036267330187751E-5	0.5624717333197404	0.00522467890475249	1.4636978215150531	-23.898826815109466
301000	-3951.233740696371	-3922.4197004723374	-28.814040224033764	-3922.4197004723374	21.145527927455348	60.73620333306735	0.7765553313021653	0.4544577893052153	1.3895548223011214	1.1559873883936744	0.4544577893052153	1.3895548223011214	1.1559873883936744	0.17778833236262725	0.0029695633831801744	2.5472202183805394E-7	0.18003832251142854	0.002827569246317431	4.484641818096882	-43.59292345825089
302000	-3892.24392135913	-3884.6048242614315	-7.639097097698714	-3884.6048242614315	15.362675693520535	36.62439322943651	0.7765553313021653	0.4544577893052153	2.02081352657897	0.5247286841158256	0.4544577893052153	2.02081352657897	0.5247286841158256	0.16827324470028274	0.007262718724589147	9.573404417717675E-7	0.1350282717996899	0.0073820879606361295	1.470506118512814	-30.186994342768983
303000	-4171.671256211256	-4163.129378864381	-8.541877346875355	-4163.129378864381	22.479875385145142	47.564795207012686	0.7765553313021653	0.4544577893052153	2.02081352657897	0.5247286841158256	0.4544577893052153	2.02081352657897	0.5247286841158256	0.1452711261237492	0.0034696032583903754	2.645008939179849E-7	0.14627158103988414	0.003596323850455208	1.8254431679281573	-30.384764197891535
304000	-3892.233345799163	-3886.2987473352923	-5.9345984638708345	-3886.2987473352923	22.133317380820117	47.24171109563005	0.7765553313021653	0.4544577893052153	2.02081352657897	0.5247286841158256	0.4544577893052153	2.02081352657897	0.5247286841158256	0.1487375800322579	0.0017028785480643564	5.6507305972222464E-8	0.14045840317343955	0.0017346919580003603	1.5558327231301041	-29.86966778966304
305000	-4114.554235199023	-4068.14303194208	-46.41120325694342	-4068.14303194208	16.02676885983786	31.77075204311094	0.7765553313021653	0.4544577893052153	2.02081352657897	0.5247286841158256	0.4544577893052153	2.02081352657897	0.5247286841158256	0.4755619039537624	9.989581597066005E-4	3.6228599157473193E-7	0.5421142387310134	0.0010347124324882938	1.4862221156988351	-21.288752776133233
306000	-3879.0016373450553	-3874.3440634266985	-4.657573918356633	-3874.3440634266985	16.316163119628698	24.96433675415364	0.7765553313021653	0.4544577893052153	2.02081352657897	0.5247286841158256	0.4544577893052153	2.02081352657897	0.5247286841158256	0.20364635448730545	0.009809055064235616	4.489040227736499E-6	0.22114013456070625	0.009118950952188397	0.6255146918560375	-7.645706775639423
307000	-3975.9469355977203	-3959.5467913106313	-16.400144287088935	-3959.5467913106313	17.283735017411217	29.3066643369937	0.7765553313021653	0.4544577893052153	2.02081352657897	0.5247286841158256	0.4544577893052153	2.02081352657897	0.5247286841158256	0.23991943222237153	0.0053252024896754705	1.9004654361748816E-6	0.26504236798464614	0.0052204347288779965	0.5503812751600728	-15.063979790378985
308000	-3969.1702146230514	-3953.228047068162	-15.942167554889137	-3953.228047068162	15.693322776200045	26.300146178742775	0.7765553313021653	0.4544577893052153	2.02081352657897	0.5247286841158256	0.4544577893052153	2.02081352657897	0.5247286841158256	0.22573734198825468	0.00638717997169371	2.4985919024520748E-6	0.2565844966718446	0.005818048398387959	0.788267904825857	-13.133718724654614
309000	-4005.6477565425216	-4002.875615980338	-2.7721405621838158	-4002.875615980338	15.851037093906015	29.29817855672904	0.7765553313021653	0.4544577893052153	2.02081352657897	0.5247286841158256	0.4544577893052153	2.02081352657897	0.5247286841158256	0.14390949785771928	0.003674778623296556	3.996819406938271E-7	0.16806989445964163	0.003754841239002768	0.7827154165394288	-19.38923964038501
310000	-4062.2621806125453	-4043.881813427614	-18.380367184931217	-4043.881813427614	14.990495180784013	25.003751891297235	0.7765553313021653	0.4544577893052153	2.02081352657897	0.5247286841158256	0.4544577893052153	2.02081352657897	0.5247286841158256	0.2324639765213387	0.012658097124751756	2.061215475370105E-5	0.3223305901507605	0.01418276408066941	0.9665676353215434	-12.152117488089926
311000	-4112.479426300539	-4088.2182843360188	-24.261141964519723	-4088.2182843360188	16.26485660092471	27.880916432178065	0.7765553313021653	0.4544577893052153	2.02081352657897	0.5247286841158256	0.4544577893052153	2.02081352657897	0.5247286841158256	0.30890421156189685	0.01818501955558343	4.223112992728042E-5	0.3878290089974672	0.016243831930942264	0.6010556426866096	-13.895350985083443
312000	-4150.577861239138	-4137.425082037714	-13.152779201423906	-4137.425082037714	15.985254808631497	35.645709567195446	0.7765553313021653	0.4544577893052153	2.02081352657897	0.5247286841158256	0.4544577893052153	2.02081352657897	0.5247286841158256	0.19476180246631475	0.006080712228336676	1.2575087561305028E-6	0.185575395415738	0.006009544048197518	1.9687422954593676	-26.243521329640544
313000	-4097.683121102247	-4066.489382426209	-31.193738676038667	-4066.489382426209	16.843654129669268	40.36865369283328	0.7765553313021653	0.4544577893052153	2.02081352657897	0.5247286841158256	0.4544577893052153	2.02081352657897	0.5247286841158256	0.2736585796844367	0.007603499841156562	4.536112147564537E-6	0.2890793186887382	0.007804751222806161	1.447634262593185	-30.730878428664024
314000	-4028.1796028341128	-4013.8744582296486	-14.305144604464381	-4013.8744582296486	15.097683259008765	22.845452119855885	0.7765553313021653	0.4544577893052153	2.02081352657897	0.5247286841158256	0.4544577893052153	2.02081352657897	0.5247286841158256	0.304813366310107	0.011228145085081935	1.871366403002774E-5	0.3540988935861812	0.012474372738299058	0.7921083646936509	-8.409674367195239
315000	-4145.185510872702	-4128.080540875003	-17.104969997699108	-4128.080540875003	15.050539256964575	26.208130904528797	0.7765553313021653	0.4544577893052153	2.02081352657897	0.5247286841158256	0.4544577893052153	2.02081352657897	0.5247286841158256	0.2784318524166252	0.037050138798944164	1.0815437959969892E-4	0.2894436544220172	0.03978841177677356	0.7030280063898752	-14.664022233533485
316000	-3965.0994445195442	-3969.4073915572185	4.307947037674342	-3969.4073915572185	14.905313366108356	25.425866552220167	0.7765553313021653	0.4544577893052153	2.02081352657897	0.5247286841158256	0.4544577893052153	2.02081352657897	0.5247286841158256	0.14631758507619552	0.00807311491783893	1.7199385159002587E-6	0.1623541132399944	0.008133661097028956	0.604221698635593	-12.92855186679775
317000	-4070.733260431962	-4067.243577966022	-3.4896824659401924	-4067.243577966022	14.97911585378086	25.210915088443905	0.7765553313021653	0.34458936985393696	2.02081352657897	0.634597103567104	0.34458936985393696	2.02081352657897	0.634597103567104	0.17729046527769898	0.007159010307798381	1.823174458164169E-6	0.18850909650714162	0.006954690906738224	0.9187770387548316	-13.662448951983023
318000	-3952.0172823585076	-3960.075661500803	8.058379142295435	-3960.075661500803	15.004286129289035	26.528580551674786	0.7765553313021653	0.34458936985393696	2.02081352657897	0.634597103567104	0.34458936985393696	2.02081352657897	0.634597103567104	0.1382426218561028	0.005818277101884627	6.501468123302432E-7	0.13922908624767255	0.006052941934035646	0.7998882075728796	-16.05025784053574
319000	-3923.275114260485	-3937.095373333742	13.820259073256688	-3937.095373333742	14.96688953337555	21.675562072296	0.7765553313021653	0.34458936985393696	2.02081352657897	0.634597103567104	0.34458936985393696	2.02081352657897	0.634597103567104	0.15218466125428107	0.007402297140801946	1.1554397725464005E-6	0.14762547146975014	0.006989483551724921	0.4754130902714449	-3.335591597382353
320000	-4026.7595217256703	-4011.204834221256	-15.554687504414176	-4011.204834221256	16.70008748141542	36.46520921451424	0.7765553313021653	0.8873447817511007	1.6787585460565184	0.4338966721923919	0.8873447817511007	1.6787585460565184	0.4338966721923919	0.22263989478519347	0.010331708299999277	4.557839005728245E-6	0.20823232369692835	0.010219501574731787	1.3406028231096594	-25.629344389872074
321000	-3877.086810457012	-3877.059278373499	-0.027532083512516126	-3877.059278373499	16.59016534298902	34.068758013773724	0.7765553313021653	0.029426281852120817	2.536677045955498	0.4338966721923919	0.029426281852120817	2.536677045955498	0.4338966721923919	0.1296558503682019	0.0101277964922072	1.908748919962287E-6	0.1410747835363906	0.009786878438413648	1.7280700881664142	-23.969982424136447
322000	-3924.897673951221	-3924.6485420425656	-0.2491319086551993	-3924.6485420425656	15.40990112550417	28.95816417968248	0.7765553313021653	0.029426281852120817	2.536677045955498	0.4338966721923919	0.029426281852120817	2.536677045955498	0.4338966721923919	0.13690674957975893	0.005869641306155527	7.287954707203897E-7	0.14992218348974912	0.005756152059924434	1.5759449479556786	-20.525626251886827
323000	-3865.1851982304597	-3857.309158438033	-7.876039792426418	-3857.309158438033	16.85265783509109	40.77727713655794	0.7765553313021653	0.029426281852120817	2.536677045955498	0.4338966721923919	0.029426281852120817	2.536677045955498	0.4338966721923919	0.16238619296471465	0.005482083734467002	6.251135555546965E-7	0.14494813820538996	0.005607222232872167	1.7697492330633877	-30.65919153959398
324000	-4129.076261340338	-4106.366205189652	-22.710056150685652	-4106.366205189652	15.952330297851955	38.4739420923257	0.7765553313021653	0.029426281852120817	2.752809550337908	0.21776416780998178	0.029426281852120817	2.752809550337908	0.21776416780998178	0.16048978686136864	0.005421634453117305	1.0819702463944353E-6	0.18596264353444067	0.005217087325623797	2.157970967384583	-30.47653282996404
325000	-3980.554860354022	-3948.4022844787924	-32.152575875229466	-3948.4022844787924	15.688977738948338	39.27324084401265	0.7765553313021653	0.572412754665701	2.209823077524328	0.21776416780998178	0.572412754665701	2.209823077524328	0.21776416780998178	0.2819260921981964	0.002888605768843291	5.374670338432906E-7	0.25376425100510325	0.002947214329910407	3.535426831357986	-34.85975555480691
326000	-3896.220421734973	-3884.8005863158096	-11.419835419163459	-3884.8005863158096	17.881553297307622	39.5395021640186	0.7765553313021653	0.572412754665701	2.209823077524328	0.21776416780998178	0.572412754665701	2.209823077524328	0.21776416780998178	0.22780542361969108	0.006597443203016847	1.143593224467689E-6	0.16822629301953443	0.006415127450719951	1.4627441419043867	-26.09056551292941
327000	-4031.170592083722	-3982.090016909435	-49.080575174287496	-3982.090016909435	15.844862164714321	38.52852265397415	0.4821049135822188	0.572412754665701	1.7857926238454551	0.6417946214888546	0.572412754665701	1.7857926238454551	0.6417946214888546	0.3656483931314573	0.005448241567884394	6.497815033475237E-6	0.47713895044915355	0.004991512080357458	2.3786960044055077	-30.74676178483661
328000	-3903.2960551269953	-3872.8014093585257	-30.494645768469553	-3872.8014093585257	15.927658893052456	48.04317897960319	0.4821049135822188	0.34984132452145345	1.7857926238454551	0.8643660516331021	0.34984132452145345	1.7857926238454551	0.8643660516331021	0.20979631427841638	0.0028085974433606988	2.3397465679582382E-7	0.17002027106837042	0.0026413407275576754	2.755329482207893	-39.07875142140705
329000	-3966.2728033403514	-3943.4191299204363	-22.853673419915218	-3943.4191299204363	14.654272461189743	32.88220484050553	0.4821049135822188	0.34984132452145345	1.7857926238454551	0.8643660516331021	0.34984132452145345	1.7857926238454551	0.8643660516331021	0.24815553917278738	0.004108539930755351	1.5588279578044777E-6	0.2920549900352498	0.0044888071197813385	1.780068383279612	-26.251221058082375
330000	-3847.2145381603555	-3793.376909861082	-53.83762829927346	-3793.376909861082	16.83099599677695	49.477726018782334	0.7741509857466204	0.34984132452145345	1.7857926238454551	0.8643660516331021	0.34984132452145345	1.7857926238454551	0.8643660516331021	0.32951890838805553	0.0027069113287244034	1.2600566195711243E-6	0.39579185634439107	0.0027775219153082223	2.0106778337383733	-40.737089624575894
331000	-3751.057898660777	-3716.8502288682307	-34.20766979254621	-3716.8502288682307	15.821957685526082	54.46009405820132	0.7741509857466204	0.34984132452145345	1.7857926238454551	0.8643660516331021	0.34984132452145345	1.7857926238454551	0.8643660516331021	0.1799966395699969	0.002770063622743493	3.206905794752002E-7	0.1910455592691051	0.0029881484944783497	5.70049192744876	-47.23373555998771
332000	-3950.6924310453687	-3906.8714948284046	-43.82093621696427	-3906.8714948284046	23.103369352980884	87.91208940871768	0.46951520972848526	0.34984132452145345	1.7857926238454551	0.8643660516331021	0.34984132452145345	1.7857926238454551	0.8643660516331021	0.1540622692915004	0.0015433903610287192	6.898439474664271E-8	0.17484743729427651	0.0014923992415529653	5.089158450588599	-59.79851384022707
333000	-4105.588513713014	-4072.190015932308	-33.39849778070639	-4072.190015932308	19.151893280137784	86.43355033765822	0.7596149682628559	0.9847878558414311	1.7857926238454551	0.2294195203131244	0.9847878558414311	1.7857926238454551	0.2294195203131244	0.10529526112942378	0.001472618313165638	3.0102691635935865E-8	0.11799371799135061	0.0014799245109175328	10.526287266388545	-61.34472671235356
334000	-4306.684619462775	-4243.058151523733	-63.62646793904268	-4243.058151523733	37.39799127653863	125.06769119694357	0.7596149682628559	0.9847878558414311	1.7857926238454551	0.2294195203131244	0.9847878558414311	1.7857926238454551	0.2294195203131244	0.21762048291325656	0.0014399503423093297	1.195433377770359E-7	0.2513670238203512	0.0013373847442608644	10.020707024576849	-62.40505756971995
335000	-4254.273130259366	-4208.2644242197575	-46.00870603960769	-4208.2644242197575	25.258529894528927	87.91526269938618	0.7596149682628559	0.9847878558414311	1.7857926238454551	0.2294195203131244	0.9847878558414311	1.7857926238454551	0.2294195203131244	0.193074419438024	0.004457006084339949	8.760463586563221E-7	0.21122393305901443	0.004647173022491028	4.837147554769066	-55.14515648002581
336000	-4166.801955374137	-4130.710536066548	-36.09141930758842	-4130.710536066548	19.141330943003283	49.461626771886166	0.7596149682628559	0.9847878558414311	1.7857926238454551	0.2294195203131244	0.9847878558414311	1.7857926238454551	0.2294195203131244	0.24035709304526146	0.004926217995815491	1.5007093290057147E-6	0.27277949407753455	0.004262421488495328	3.329744655772117	-36.99335092575017
337000	-4006.9483515983634	-3975.1444910460978	-31.80386055226553	-3975.1444910460978	18.148034197382746	51.06249599107241	0.7596149682628559	0.3723185033872458	1.7857926238454551	0.8418888727673097	0.3723185033872458	1.7857926238454551	0.8418888727673097	0.25419520949848357	0.0016693593034238768	1.8094454617624133E-7	0.2308324014258974	0.001854015195509844	2.8160320610934577	-38.320290633541426
338000	-3985.4835829882963	-3939.1166182036814	-46.36696478461501	-3939.1166182036814	15.285687347156276	32.98854353014487	0.7596149682628559	0.3723185033872458	1.7857926238454551	0.8418888727673097	0.3723185033872458	1.7857926238454551	0.8418888727673097	0.3404966886035805	0.0054928403666927575	5.369559462476025E-6	0.4575001393376412	0.004679149041453301	2.220602073806142	-25.603392638782044
339000	-4011.4561374714112	-3982.008380209057	-29.44775726235409	-3982.008380209057	15.420935193681597	23.336016266900444	0.7596149682628559	0.3723185033872458	1.7857926238454551	0.8418888727673097	0.3723185033872458	1.7857926238454551	0.8418888727673097	0.5178565025612376	0.011259961863839223	2.5745905462820944E-5	0.47745052159513673	0.011276803289810037	0.37963277195434314	-7.316075752388253
340000	-4117.164777985805	-4094.0437402783773	-23.1210377074279	-4094.0437402783773	15.728926641771155	31.60291710111754	0.7596149682628559	0.3723185033872458	1.7857926238454551	0.8418888727673097	0.3723185033872458	1.7857926238454551	0.8418888727673097	0.24986898742447625	0.0027724209545596113	6.0872617613777E-7	0.2744148603127747	0.0029474235584910488	1.0649903133513987	-21.56205729226119
341000	-4219.0430257083535	-4173.589679650568	-45.45334605778544	-4173.589679650568	15.771926470672838	31.4068611904368	0.7596149682628559	0.3723185033872458	1.7857926238454551	0.8418888727673097	0.3723185033872458	1.7857926238454551	0.8418888727673097	0.39154054052777454	0.015234743444969149	3.148734099300691E-5	0.36447780737584207	0.013267590458425273	1.0785530122682976	-22.905710226145505
342000	-4035.6241298121013	-4033.2151212233866	-2.4090085887147077	-4033.2151212233866	16.027664680833134	30.200348724724524	0.7596149682628559	0.3723185033872458	1.7857926238454551	0.8418888727673097	0.3723185033872458	1.7857926238454551	0.8418888727673097	0.18716944559263904	0.0077645497308015034	1.5436182884292818E-6	0.1651319525408488	0.007603391966032571	1.3360859116447503	-19.503995654612616
343000	-4123.269136380257	-4122.322640756419	-0.9464956238378551	-4122.322640756419	16.3692488174593	36.12464189848344	0.7596149682628559	0.3723185033872458	1.7857926238454551	0.8418888727673097	0.3723185033872458	1.7857926238454551	0.8418888727673097	0.13978468447345496	0.0027455859065234453	1.425181514656831E-7	0.13772270775626333	0.0027545520694859053	1.2128230134479179	-26.661383729757986
344000	-4350.128072341763	-4333.920138196091	-16.20793414567194	-4333.920138196091	15.214817662873852	36.232842025869786	0.7596149682628559	0.3723185033872458	1.7857926238454551	0.8418888727673097	0.3723185033872458	1.7857926238454551	0.8418888727673097	0.18319850152103379	0.001585361491553653	9.449511494355241E-8	0.19525242840443516	0.0015477178940730026	1.37067108918332	-29.666244753653885
345000	-4224.469571507521	-4194.867811160528	-29.601760346994062	-4194.867811160528	17.271540688444794	55.23604390459738	0.7596149682628559	0.3723185033872458	1.7857926238454551	0.8418888727673097	0.3723185033872458	1.7857926238454551	0.8418888727673097	0.20830686523155006	0.002667111707816818	2.2261263114333123E-7	0.1856049941230738	0.0025472182678310793	3.2797395527200717	-43.8650456413944
346000	-4178.7488800653655	-4114.60155122683	-64.14732883853544	-4114.60155122683	27.391061780952523	94.99609610798844	0.7596149682628559	0.3723185033872458	1.7857926238454551	0.8418888727673097	0.3723185033872458	1.7857926238454551	0.8418888727673097	0.2674805677563714	0.0063399555721461685	5.099679437724786E-6	0.3126601856213088	0.0069596237687778815	6.2887636807166425	-55.56136290540687
347000	-4014.8927779631376	-3967.453645878076	-47.43913208506168	-3967.453645878076	20.729679323265238	66.92045289824702	0.7596149682628559	0.3723185033872458	1.7857926238454551	0.8418888727673097	0.3723185033872458	1.7857926238454551	0.8418888727673097	0.260721070071255	0.0012591416302904143	1.4611336341282882E-7	0.28306638526898004	0.0013641045974932713	4.982346567448078	-47.865619382521636
348000	-4079.1373863164836	-4083.668393750712	4.531007434228425	-4083.668393750712	20.32650880275232	68.73831317328523	0.7596149682628559	0.3723185033872458	1.7857926238454551	0.8418888727673097	0.3723185033872458	1.7857926238454551	0.8418888727673097	0.06484168895838643	0.0051525785210228305	8.753369277625531E-8	0.056981655103237765	0.005164907063530889	5.302143969217905	-49.674693582720344
349000	-3958.7261282535874	-3901.563278185965	-57.16285006762235	-3901.563278185965	20.831582269301645	71.00062600250811	0.7596149682628559	0.3723185033872458	1.7857926238454551	0.8418888727673097	0.3723185033872458	1.7857926238454551	0.8418888727673097	0.32846704586425285	0.001104839199040718	1.1208620725597886E-7	0.2818600779645788	0.0012629655994084894	5.434184784118295	-50.62075219252596
350000	-4020.0810778489886	-3990.2463671005476	-29.834710748440987	-3990.2463671005476	15.566235372519913	50.93892658814294	0.7596149682628559	0.3723185033872458	1.7857926238454551	0.8418888727673097	0.3723185033872458	1.7857926238454551	0.8418888727673097	0.18726876322147865	0.0042174804501486736	6.421244390826689E-7	0.1939404944237156	0.0041750471539526175	3.2629289887368578	-42.33347509609811
351000	-4141.626349781072	-4109.7533345677075	-31.873015213364713	-4109.7533345677075	16.21426600916327	56.84556717127936	0.7596149682628559	0.3723185033872458	1.7857926238454551	0.8418888727673097	0.3723185033872458	1.7857926238454551	0.8418888727673097	0.18726876322147865	0.005088507085165976	5.451449587052183E-7	0.14706573002548165	0.004800556651322485	6.376858568535224	-47.50994155035586
352000	-3912.7215082683833	-3865.0731772186978	-47.64833104968572	-3865.0731772186978	16.285915150158946	47.17539437272689	0.7596149682628559	0.3723185033872458	1.7857926238454551	0.8418888727673097	0.3723185033872458	1.7857926238454551	0.8418888727673097	0.335135845363844	0.002679409126080499	8.500278274994214E-7	0.34108980816212897	0.0027035339647201386	2.877617081639512	-39.247104342821004
353000	-3761.849591966393	-3712.1949268944654	-49.65466507192727	-3712.1949268944654	18.272536683065137	45.76411573904089	0.7596149682628559	0.3723185033872458	1.7857926238454551	0.8418888727673097	0.3723185033872458	1.7857926238454551	0.8418888727673097	0.49150278720889	0.0016515103189097772	6.876088049819567E-7	0.4682157199041905	0.002075548612120926	2.0935723687533523	-34.493776200095766
354000	-3931.2336015506726	-3895.147414882598	-36.08618666807488	-3895.147414882598	29.86028292740165	73.84055264434767	0.7596149682628559	0.8888449133236266	1.7857926238454551	0.32536246283092896	0.8888449133236266	1.7857926238454551	0.32536246283092896	0.19093178732050062	0.001204297107608278	6.719070475145765E-8	0.21491615500362482	0.001215082218015741	4.690930447359186	-43.51592091307513
355000	-4012.43816324737	-3950.2196219648017	-62.21854128256833	-3950.2196219648017	15.596922890514623	51.583460937622895	0.7596149682628559	0.8888449133236266	1.9693520824935773	0.14180300418280684	0.8888449133236266	1.9693520824935773	0.14180300418280684	0.4763253680482009	0.003745927411154375	2.80836995716959E-6	0.4655853126937477	0.00351226742597452	3.1695910237196383	-42.53617549382134
356000	-3910.7766831118693	-3901.1339972768988	-9.642685834970413	-3901.1339972768988	16.400326600392646	45.86699140003161	0.7596149682628559	0.8888449133236266	1.9693520824935773	0.14180300418280684	0.8888449133236266	1.9693520824935773	0.14180300418280684	0.13707725654000957	0.00681335025103431	6.498891783018688E-7	0.11836034101460106	0.006936975505136825	1.9700942592095805	-39.0047968055683
357000	-4082.3788697414934	-4075.3759742280918	-7.00289551340159	-4075.3759742280918	15.293455807815132	40.62713821393743	0.7596149682628559	0.8888449133236266	1.9693520824935773	0.14180300418280684	0.8888449133236266	1.9693520824935773	0.14180300418280684	0.14397518849359353	0.004678264462059208	3.695320771120036E-7	0.12801815571667055	0.004735147901976062	2.2493870290287634	-34.06220564331179
358000	-4368.078652731936	-4330.211971085335	-37.86668164660069	-4330.211971085335	15.044143308051215	43.930745781633824	0.7596149682628559	0.8888449133236266	1.9693520824935773	0.14180300418280684	0.8888449133236266	1.9693520824935773	0.14180300418280684	0.26200165396835645	0.016855641836920458	1.9212715640314324E-5	0.2510638926093854	0.01662114184932927	2.0330840091365494	-37.17809608946452
359000	-4030.057662731222	-3963.4041216675337	-66.65354106368859	-3963.4041216675337	18.27974472483797	60.10691394020604	0.7596149682628559	0.4167132567813111	2.4414837390358928	0.14180300418280684	0.4167132567813111	2.4414837390358928	0.14180300418280684	0.5419899122055967	0.003493216812003364	1.9340629647843226E-6	0.430968431171621	0.0035677058445734143	6.423615181094962	-48.54513858820916
360000	-3992.3085130614527	-3967.3924437852866	-24.916069276166308	-3967.3924437852866	14.581985866016554	36.40456880513466	0.7596149682628559	0.4167132567813111	2.4414837390358928	0.14180300418280684	0.4167132567813111	2.4414837390358928	0.14180300418280684	0.29356993073353427	0.004605603001298686	1.166165452376822E-6	0.23379226607953102	0.004794158338910634	2.1855931852908546	-30.574609458297534
361000	-4004.024057151591	-3967.2102453982043	-36.8138117533867	-3967.2102453982043	17.47333199511682	48.71735122244665	0.7596149682628559	0.4167132567813111	2.4414837390358928	0.14180300418280684	0.4167132567813111	2.4414837390358928	0.14180300418280684	0.21850271024148823	0.01069902561585142	6.723005036195209E-6	0.23306173431456384	0.01079894391057982	3.5307517200201906	-40.314736418600994
362000	-3969.427138904481	-3941.550158145096	-27.876980759385173	-3941.550158145096	16.30285703246126	44.102524833900645	0.7596149682628559	0.4167132567813111	2.0324992823298595	0.5507874608888399	0.4167132567813111	2.0324992823298595	0.5507874608888399	0.25295819668282593	0.0038924059134228394	7.90406304068224E-7	0.2158430314590227	0.004334494315418478	2.5785794896964194	-35.42420341606746
363000	-4013.594702171892	-3973.476583258629	-40.11811891326324	-3973.476583258629	15.44551210177411	35.282066246343916	0.7596149682628559	0.4167132567813111	2.0324992823298595	0.5507874608888399	0.4167132567813111	2.0324992823298595	0.5507874608888399	0.2719344282983861	0.003933160033626896	2.022584989914161E-6	0.3599070802530439	0.0038744250623717136	1.9300380620870312	-28.40243768199269
364000	-3931.3582122903977	-3914.4154373177903	-16.942774972607353	-3914.4154373177903	18.71674640193118	43.75262914849413	0.7596149682628559	0.4167132567813111	2.0324992823298595	0.5507874608888399	0.4167132567813111	2.0324992823298595	0.5507874608888399	0.16807158262305524	0.002306117209270553	1.7591968867168536E-7	0.18453242202833045	0.0022157687594934056	2.36088599863821	-32.20262964935996
365000	-4034.157358754613	-3972.0028634775535	-62.15449527705972	-3972.0028634775535	18.149801527843067	58.7305847162759	0.7596149682628559	0.4167132567813111	2.0324992823298595	0.5507874608888399	0.4167132567813111	2.0324992823298595	0.5507874608888399	0.42048636870585543	0.010464699834900252	1.8771223438696243E-5	0.41501951005788223	0.012009949221967851	3.536318052163687	-46.164458994623466
366000	-4355.566921966628	-4321.251680455852	-34.31524151077571	-4321.251680455852	19.096023957897955	62.846350324236155	0.7596149682628559	0.4167132567813111	2.0324992823298595	0.5507874608888399	0.4167132567813111	2.0324992823298595	0.5507874608888399	0.17796791429369344	0.018273415592599682	1.0222427850311574E-5	0.17567305515667347	0.01877661872560837	4.903434678781101	-48.274631300183145
367000	-4081.345405634941	-4065.889091406858	-15.456314228083034	-4065.889091406858	20.77330947429555	59.185003286519255	0.7596149682628559	0.4167132567813111	1.2748343593919307	1.308452383826769	0.4167132567813111	1.2748343593919307	1.308452383826769	0.13363218765011228	0.0012615372253628155	2.5727856701279727E-8	0.12544953980186868	0.001279248904372745	4.992807584228565	-43.656846232940225
368000	-3990.5370784838265	-3972.0324635476886	-18.504614936137724	-3972.0324635476886	15.990137695071814	36.7094265943397	0.7596149682628559	0.4167132567813111	1.2748343593919307	1.308452383826769	0.4167132567813111	1.2748343593919307	1.308452383826769	0.22795254951590893	0.002469714207152552	2.879503411797979E-7	0.21436099708570566	0.0026635660227061347	1.6671876916647628	-29.40610617362022
369000	-4045.7564942492263	-3987.9891848264415	-57.76730942278493	-3987.9891848264415	25.997123538445074	87.96211716975989	0.7596149682628559	0.4167132567813111	1.2748343593919307	1.308452383826769	0.4167132567813111	1.2748343593919307	1.308452383826769	0.3590219721118446	0.003190900386856473	1.017658672324965E-6	0.29969696880537855	0.0034546188684001925	6.434767582003059	-53.976527036285574
370000	-3874.909066866806	-3820.998499056022	-53.910567810784144	-3820.998499056022	22.65571015612801	74.8489847707367	0.7596149682628559	0.4167132567813111	1.2748343593919307	1.308452383826769	0.4167132567813111	1.2748343593919307	1.308452383826769	0.2824868673561334	0.0023735489784032183	5.037516042254932E-7	0.2973005295012127	0.002612845016742686	5.110663100907283	-50.17997920537128
371000	-4155.2595156233465	-4116.472241064286	-38.787274559060066	-4116.472241064286	29.55266281617049	87.96829109758461	0.7596149682628559	0.4167132567813111	1.2748343593919307	1.308452383826769	0.4167132567813111	1.2748343593919307	1.308452383826769	0.17859834287982043	0.0037131864910643513	4.8435778894359E-7	0.18050094579572165	0.003951336472002316	8.315479954825033	-52.945883673544266
372000	-4078.8089736551665	-4032.8984121529543	-45.91056150221204	-4032.8984121529543	19.87322144280259	64.22191127041427	0.7596149682628559	0.4167132567813111	1.2748343593919307	1.308452383826769	0.4167132567813111	1.2748343593919307	1.308452383826769	0.24331352187658448	0.003792873696675956	1.0920651538224734E-6	0.26377261576500544	0.003927743817009321	4.105733008670842	-46.41774833676001
373000	-4022.191292778381	-3995.2816216014803	-26.909671176900513	-3995.2816216014803	20.203727761218992	65.62426529162036	0.7596149682628559	0.4167132567813111	1.2748343593919307	1.308452383826769	0.4167132567813111	1.2748343593919307	1.308452383826769	0.15396835566275824	0.0015127020015970301	4.109799357508494E-8	0.13111144708743294	0.0014781488808555947	6.085168152749869	-48.709056334227746
374000	-3883.320201012179	-3858.2701169950924	-25.0500840170868	-3858.2701169950924	18.571111599023617	46.56322468905961	0.7596149682628559	0.4167132567813111	2.088915923633982	0.49437081958471774	0.4167132567813111	2.088915923633982	0.49437081958471774	0.21728570716246642	0.0024491437562472853	2.8240221593607435E-7	0.21938087291937863	0.0024716174615819677	2.884843285981106	-34.96926830028778
375000	-3981.741885372381	-3953.466983817283	-28.274901555097955	-3953.466983817283	17.224748742017802	45.544372100530204	0.7596149682628559	0.4167132567813111	2.088915923633982	0.49437081958471774	0.4167132567813111	2.088915923633982	0.49437081958471774	0.20397985569337096	0.010433016155970063	4.547714169487736E-6	0.209426395383504	0.010086363831842289	2.9180982112769973	-36.465351488072294
376000	-4035.147852514297	-4024.9415360305543	-10.206316483742608	-4024.9415360305543	15.586281131799737	31.64332159819359	0.7596149682628559	0.4167132567813111	2.088915923633982	0.49437081958471774	0.4167132567813111	2.088915923633982	0.49437081958471774	0.1906037265256866	0.006127725702775696	1.2850025556391055E-6	0.19248212410301088	0.005932212461643273	0.7590729852271948	-21.44445475995049
377000	-4005.4761976847863	-3972.554709865824	-32.92148781896237	-3972.554709865824	15.98592766561314	35.401884337494764	0.7596149682628559	0.4167132567813111	2.088915923633982	0.49437081958471774	0.4167132567813111	2.088915923633982	0.49437081958471774	0.286755298749106	0.004657407339702708	2.7238818073145737E-6	0.3610438154003848	0.00459811858198994	2.2053270659401814	-27.02617777155403
378000	-3793.865028757518	-3813.0395658030147	19.174537045497004	-3813.0395658030147	15.620858798962127	43.22922714209355	0.7596149682628559	0.4167132567813111	2.088915923633982	0.49437081958471774	0.4167132567813111	2.088915923633982	0.49437081958471774	0.06313584963819285	0.004113909801071008	5.317995665271781E-8	0.05651448674120766	0.004126451135047588	2.9664455967708685	-36.81443074896607
379000	-4038.901134540161	-4005.190936568335	-33.71019797182598	-4005.190936568335	16.54500409903961	42.55255591678702	0.7596149682628559	0.4167132567813111	2.088915923633982	0.49437081958471774	0.4167132567813111	2.088915923633982	0.49437081958471774	0.34782830101906437	0.0050867647977112015	2.0557442148806857E-6	0.27279826099254206	0.005662051399745898	3.0115937618705915	-34.45211331178745
380000	-3972.508401019794	-3914.0202346221604	-58.4881663976334	-3914.0202346221604	15.992289525459883	40.35803595027825	0.7596149682628559	0.4167132567813111	2.088915923633982	0.49437081958471774	0.4167132567813111	2.088915923633982	0.49437081958471774	0.5709905433088653	0.001011076446490712	3.620359440497978E-7	0.5932971147043984	0.0010215429420503894	1.5884357485858653	-30.734252653917842
381000	-3841.486424453475	-3801.1090031761264	-40.37742127734865	-3801.1090031761264	16.04953067640831	49.091847029637954	0.7596149682628559	0.4167132567813111	2.088915923633982	0.49437081958471774	0.4167132567813111	2.088915923633982	0.49437081958471774	0.29050083712048397	0.0026229359808577126	4.6425317439345884E-7	0.27280169717004593	0.002580565073810651	2.5610933734997015	-41.80211159918626
382000	-3936.8033699686735	-3902.3900419404504	-34.413328028222885	-3902.3900419404504	15.852975595766843	46.22813140934983	0.7596149682628559	0.4167132567813111	2.088915923633982	0.49437081958471774	0.4167132567813111	2.088915923633982	0.49437081958471774	0.2254564285942047	0.0045586443873836206	1.2212781090188289E-6	0.231639168321512	0.004713296980362653	1.9501127707978956	-40.71980126536102
383000	-3951.378041721562	-3957.8323983816135	6.454356660051437	-3957.8323983816135	15.950788794705778	33.07817395102714	0.7596149682628559	0.4167132567813111	2.088915923633982	0.49437081958471774	0.4167132567813111	2.088915923633982	0.49437081958471774	0.11400589610018451	0.008353457340064182	8.125283825197127E-7	0.10739162715464931	0.008235760189510846	2.075142124615608	-25.881204445567935
384000	-3997.4841512841513	-3980.932136084915	-16.552015199236422	-3980.932136084915	17.212802607230152	39.674861931792506	0.7596149682628559	0.4167132567813111	2.088915923633982	0.49437081958471774	0.4167132567813111	2.088915923633982	0.49437081958471774	0.14563030961214934	0.006469006200625116	1.432902421676529E-6	0.18571584103948546	0.006565630486185548	2.740533389380498	-30.844691901080846
385000	-3998.2197733997623	-3955.28475022706	-42.93502317270225	-3955.28475022706	18.86733749944002	57.55126565603837	0.7596149682628559	0.4167132567813111	2.088915923633982	0.49437081958471774	0.4167132567813111	2.088915923633982	0.49437081958471774	0.26243131487437554	0.0018769481138000974	2.548272734419191E-7	0.2792632555189271	0.0019420155380355875	3.359594208679361	-42.889908667357
386000	-4104.192537279016	-4088.397997844884	-15.794539434131464	-4088.397997844884	15.819852819014006	43.11713516437046	0.7596149682628559	0.4167132567813111	2.088915923633982	0.49437081958471774	0.4167132567813111	2.088915923633982	0.49437081958471774	0.14727686941545157	0.002011169568895732	1.0793239027340874E-7	0.1612863269963632	0.002016013897493004	3.2080031510437106	-36.12973494842013
387000	-3873.3092420856838	-3843.216107573514	-30.09313451217008	-3843.216107573514	16.94892287111748	40.61721134851202	0.7596149682628559	0.4167132567813111	2.088915923633982	0.49437081958471774	0.4167132567813111	2.088915923633982	0.49437081958471774	0.29658423697344904	0.004721777313161339	1.915107788443301E-6	0.291133560970534	0.0051527834191486795	2.4271010594863967	-30.940566392593798
388000	-3935.4570298081003	-3897.281269522392	-38.17576028570808	-3897.281269522392	15.217820274459333	39.531265641093185	0.7596149682628559	0.4167132567813111	2.088915923633982	0.49437081958471774	0.4167132567813111	2.088915923633982	0.49437081958471774	0.269015018604745	0.004122881559398536	1.256338446372419E-6	0.27869895516226323	0.003735389970120462	2.0788236660664134	-31.924076290257645
389000	-4003.7719017714808	-4006.963681462906	3.191779691425585	-4006.963681462906	18.361545381995175	48.29580023436715	0.7596149682628559	0.4167132567813111	2.088915923633982	0.49437081958471774	0.4167132567813111	2.088915923633982	0.49437081958471774	0.11567905712542054	0.0014759387383378108	1.4985794959722177E-8	0.08281479422900952	0.0015041941171761793	3.3155744546444925	-37.481957192470844
390000	-4149.3089485316905	-4091.6897123518047	-57.61923617988535	-4091.6897123518047	15.998992045575044	46.45024274376354	0.7596149682628559	0.4167132567813111	2.088915923633982	0.49437081958471774	0.4167132567813111	2.088915923633982	0.49437081958471774	0.4138085236715029	0.01104055576385718	2.0414148337669254E-5	0.46051340810564967	0.00949826748107362	2.6779297805965325	-36.7140798418175
391000	-3987.157805087872	-3938.097594400171	-49.06021068770072	-3938.097594400171	16.702190802760605	46.670180029872014	0.7596149682628559	0.4167132567813111	2.088915923633982	0.49437081958471774	0.4167132567813111	2.088915923633982	0.49437081958471774	0.32549864078391233	0.008095863681535613	7.978140064119801E-6	0.33943732027535034	0.007897820074810788	1.632806154114885	-38.567630832506616
392000	-3928.9426533193846	-3877.0596276484744	-51.88302567091018	-3877.0596276484744	17.131162115724713	61.34457969703499	0.7596149682628559	0.4167132567813111	2.088915923633982	0.49437081958471774	0.4167132567813111	2.088915923633982	0.49437081958471774	0.26806792662720946	0.005416705874385035	2.007153501282156E-6	0.25895708636426357	0.005156486069868533	5.385428613386312	-48.37612904380844
393000	-3935.9814710363516	-3874.7535399558556	-61.22793108049608	-3874.7535399558556	30.01349522030445	81.67868831568487	0.7596149682628559	0.4167132567813111	2.088915923633982	0.49437081958471774	0.4167132567813111	2.088915923633982	0.49437081958471774	0.4108379046838357	0.00122967850137813	1.9801688008081995E-7	0.3983574088590535	0.0010827026537243447	4.266602387662554	-46.970350980816455
394000	-4348.406121690515	-4264.028548057588	-84.37757363292681	-4264.028548057588	42.89315016981534	132.83101737410922	0.7596149682628559	0.4167132567813111	2.4942198809280858	0.08906686229061367	0.4167132567813111	2.4942198809280858	0.08906686229061367	0.42784944622710075	0.0031794800256816757	4.126038798475245E-6	0.5409592371528162	0.0035874233010938362	7.100192785243126	-59.52727744985856
395000	-3873.808257591948	-3864.591416259511	-9.216841332436852	-3864.591416259511	16.086825552752494	50.91672320897831	0.7596149682628559	0.4167132567813111	2.4942198809280858	0.08906686229061367	0.4167132567813111	2.4942198809280858	0.08906686229061367	0.14090630767756263	0.0027964471599754718	8.108816272175933E-8	0.10039147496375311	0.0030114084289955276	3.503303743885874	-41.50827988325402
396000	-3930.998440459732	-3905.322557996768	-25.67588246296409	-3905.322557996768	15.930711579567973	40.3195676179107	0.7596149682628559	0.4167132567813111	2.4942198809280858	0.08906686229061367	0.4167132567813111	2.4942198809280858	0.08906686229061367	0.2778186240174969	0.0041140466260776295	7.174008915725868E-7	0.19393968634606615	0.00458067604480734	2.7248839597434915	-33.44596347241621
397000	-4114.371962452566	-4090.1390640459226	-24.232898406643027	-4090.1390640459226	15.375742992788968	38.461271362267766	0.7596149682628559	1.0809456768966026	1.8299874608127942	0.08906686229061367	1.0809456768966026	1.8299874608127942	0.08906686229061367	0.21835940757440453	9.797752591002215E-4	5.226381084341038E-8	0.22276916498760627	0.0010346718637008884	2.3360961935798015	-33.29758107363275
398000	-4120.629526184702	-4097.011193426808	-23.61833275789343	-4097.011193426808	16.175382787413916	43.253132530068676	0.7596149682628559	1.0809456768966026	1.8299874608127942	0.08906686229061367	1.0809456768966026	1.8299874608127942	0.08906686229061367	0.14043325652986616	0.012618929823938446	4.844081784763628E-6	0.1776113110506772	0.012515357411686839	2.241109341535953	-35.332953632560915
399000	-3964.0803576412864	-3915.6106707002677	-48.46968694101879	-3915.6106707002677	16.09984615228862	38.13327799544061	0.7596149682628559	1.0809456768966026	1.8299874608127942	0.08906686229061367	1.0809456768966026	1.8299874608127942	0.08906686229061367	0.40547210110369175	0.0036002293413699895	4.170233421538118E-6	0.5271837312530083	0.003849590378503993	2.0276503984707217	-29.089051597595706
400000	-4204.145880178961	-4146.547078057023	-57.59880212193829	-4146.547078057023	14.855985409068895	33.45688047310255	0.7596149682628559	1.0809456768966026	1.8299874608127942	0.08906686229061367	1.0809456768966026	1.8299874608127942	0.08906686229061367	0.5654259717893442	0.0043657634280611455	6.817625086907579E-6	0.7044606706666063	0.003467038242176696	1.7317688117768064	-26.718441494490115
401000	-3947.4635832575673	-3923.2046574792375	-24.258925778329576	-3923.2046574792375	15.172896312979546	32.50890958087456	0.7596149682628559	1.0809456768966026	1.8299874608127942	0.08906686229061367	1.0809456768966026	1.8299874608127942	0.08906686229061367	0.2562480851875384	0.003246405647639194	6.538105127338565E-7	0.2461390702220225	0.0032083939357762186	1.9971846523558596	-26.17570188017951
402000	-4018.026286880513	-3989.86887612537	-28.157410755142998	-3989.86887612537	15.654221581032557	44.81978610046914	0.7596149682628559	1.0809456768966026	1.8299874608127942	0.08906686229061367	1.0809456768966026	1.8299874608127942	0.08906686229061367	0.1955099105427739	0.005205518348242091	1.1405652277078458E-6	0.2038759643600689	0.005154247782347687	3.070326974091861	-37.64978040397432
403000	-4120.394672851725	-4096.192665808732	-24.202007042992545	-4096.192665808732	17.08710938947907	46.11761369093516	0.7596149682628559	1.0809456768966026	1.8299874608127942	0.08906686229061367	1.0809456768966026	1.8299874608127942	0.08906686229061367	0.18502206113588215	0.0040051029473153095	5.408337090143263E-7	0.18361969502018988	0.004064563147555863	3.4783931370281667	-37.87344336699041
404000	-4037.7610739323245	-4017.265596958689	-20.495476973635306	-4017.265596958689	15.149426526945213	42.724687354055725	0.7596149682628559	0.5965608326387501	1.8299874608127942	0.5734517065484661	0.5965608326387501	1.8299874608127942	0.5734517065484661	0.19492078174134186	0.0064051161730650456	1.1993853657948261E-6	0.1725655052133953	0.006681327161879155	2.170322311706021	-37.32101757287433
405000	-4242.697415197755	-4238.811261238393	-3.8861539593616143	-4238.811261238393	16.791323710527195	29.0098235107482	0.4349091542731352	0.5965608326387501	1.8299874608127942	0.5734517065484661	0.5965608326387501	1.8299874608127942	0.5734517065484661	0.18858969340407833	0.0077744883276285055	2.7797598033852374E-6	0.20126216457273088	0.008187797987851833	1.0922867319946976	-15.142957119746205
406000	-4171.4353993124105	-4135.5299965657705	-35.905402746639695	-4135.5299965657705	14.832416067998357	24.344595915888082	0.4349091542731352	0.5965608326387501	1.8299874608127942	0.5734517065484661	0.5965608326387501	1.8299874608127942	0.5734517065484661	0.6242243732416342	0.006599740749354004	3.2215334396021726E-5	0.6467339462014561	0.00959985665504065	0.7742095858142839	-10.25863719653486
407000	-3995.411134262218	-3994.9641715608986	-0.4469627013197619	-3994.9641715608986	15.110126713940424	24.942424360942017	0.4349091542731352	0.5965608326387501	1.8299874608127942	0.5734517065484661	0.5965608326387501	1.8299874608127942	0.5734517065484661	0.206681036347004	0.009442782985894932	3.4602663006830028E-6	0.19115993341857684	0.009531606248843982	0.5732165538849713	-11.910175153243209
408000	-4074.179667346367	-4055.558817996587	-18.62084934977994	-4055.558817996587	15.10104627024853	28.789978031731174	0.4349091542731352	0.5965608326387501	1.8299874608127942	0.5734517065484661	0.5965608326387501	1.8299874608127942	0.5734517065484661	0.23544563114403116	0.003000413226574121	7.073463091424125E-7	0.26353024799342567	0.0032532095087903024	1.1694102412097527	-19.942383493558232
409000	-4096.48652663877	-4065.950585566962	-30.535941071807848	-4065.950585566962	14.743753191109512	25.236464849306515	0.4349091542731352	0.5965608326387501	1.8299874608127942	0.5734517065484661	0.5965608326387501	1.8299874608127942	0.5734517065484661	0.3598838270431559	0.006927925586126743	9.24089930108457E-6	0.42941776715534064	0.006847628900662977	0.7452288472164766	-12.91357324726625
410000	-4071.751063880655	-4061.82916377317	-9.92190010748466	-4061.82916377317	15.063494792642247	31.660260747541205	0.4349091542731352	0.5965608326387501	1.8299874608127942	0.5734517065484661	0.5965608326387501	1.8299874608127942	0.5734517065484661	0.18456951661891272	0.004035833191785093	4.164767929766327E-7	0.16822127402028345	0.003635945603639561	1.4510888327982705	-24.166334423440258
411000	-4023.349767068793	-3997.1349506678307	-26.214816400962434	-3997.1349506678307	15.931254513652322	34.53739979019635	0.4349091542731352	0.1778801928828821	2.248668100568662	0.5734517065484661	0.1778801928828821	2.248668100568662	0.5734517065484661	0.24088906609192537	0.008278258993432947	6.177528482693785E-6	0.2879781944725904	0.008837832057944792	1.573239484418798	-24.272002432423648
412000	-3974.629463524921	-3963.9052222653377	-10.72424125958344	-3963.9052222653377	15.148917749235268	32.951603240619335	0.4349091542731352	0.1778801928828821	2.248668100568662	0.5734517065484661	0.1778801928828821	2.248668100568662	0.5734517065484661	0.19062808879665147	0.006612906452946232	1.4219010250265277E-6	0.1810256704359364	0.006418098417189546	1.6168210440441877	-24.93332470586343
413000	-4043.106351802017	-4039.9574646659325	-3.1488871360841824	-4039.9574646659325	14.159869080489155	22.70576967876375	0.4349091542731352	0.1778801928828821	2.248668100568662	0.5734517065484661	0.1778801928828821	2.248668100568662	0.5734517065484661	0.2116250191904758	0.007828639172491322	3.0625719974257417E-6	0.22579107434964082	0.007692583952746011	0.7642352172663426	-9.697214468264558
414000	-4095.714914196858	-4098.567473978868	2.8525597820102258	-4098.567473978868	14.65489363828504	19.65746528863899	0.4349091542731352	0.1778801928828821	2.248668100568662	0.5734517065484661	0.1778801928828821	2.248668100568662	0.5734517065484661	0.24213393165156005	0.005748933654039842	1.8875849954057862E-6	0.25501966449178703	0.0055672327538662586	0.4182494229953672	2.4103687090979995
415000	-4055.6534761076673	-4059.6341023660416	3.980626258374184	-4059.6341023660416	14.658523953868631	23.690410309714576	0.4349091542731352	0.1778801928828821	2.248668100568662	0.5734517065484661	0.1778801928828821	2.248668100568662	0.5734517065484661	0.17536662372701578	0.009695348472634445	3.3099297905685185E-6	0.18341708372747448	0.00998057392254122	0.8633605999750102	-9.29202275411733
416000	-4075.7650470227995	-4088.9015843837374	13.136537360937796	-4088.9015843837374	14.146782479400454	17.762573123662197	0.4349091542731352	0.1778801928828821	2.248668100568662	0.5734517065484661	0.1778801928828821	2.248668100568662	0.5734517065484661	0.2532620335677523	0.00701775836647614	2.6492405067556713E-6	0.22282715502483905	0.007396441704866012	0.23117889511691167	7.1250085119292565
417000	-3999.4431169218165	-4028.6012360792092	29.158119157392676	-4028.6012360792092	14.230101140753813	21.25603233404876	0.4349091542731352	0.1778801928828821	2.248668100568662	0.5734517065484661	0.1778801928828821	2.248668100568662	0.5734517065484661	0.10120525979428999	0.013887944896730925	1.7891210465630891E-6	0.094222732171855	0.01426256383695371	0.3867865569539886	-7.869537931919367
418000	-4133.785839016621	-4101.844881399747	-31.940957616874496	-4101.844881399747	14.918208628817725	33.69474857127749	0.7490594845109596	0.1778801928828821	2.248668100568662	0.5734517065484661	0.1778801928828821	2.248668100568662	0.5734517065484661	0.2650865453437945	0.016221736384582464	2.2755010946731628E-5	0.3016502445082182	0.01720799485344452	1.7326384407060684	-27.149267892375804
419000	-4150.6469247211235	-4124.3192160543595	-26.327708666764366	-4124.3192160543595	15.765361863445214	31.656474915207752	0.7490594845109596	0.7746293478118544	1.6519189456396899	0.5734517065484661	0.7746293478118544	1.6519189456396899	0.5734517065484661	0.21664000280249596	0.010501329887399215	8.905826484245707E-6	0.2816665611111814	0.010674909009499868	1.1309062137936607	-22.136912868061305
420000	-4124.442082668826	-4100.607809776804	-23.834272892021424	-4100.607809776804	16.41840303710287	28.52898472146204	0.7490594845109596	0.7746293478118544	1.6519189456396899	0.5734517065484661	0.7746293478118544	1.6519189456396899	0.5734517065484661	0.27948763445660935	0.019448210265088986	3.884753569925733E-5	0.30345243671076927	0.018956162983296446	1.0626052772188606	-16.380844838140803
421000	-4038.6320219711984	-4010.098426265649	-28.53359570554931	-4010.098426265649	14.33644286493771	30.413613970167155	0.7490594845109596	0.13547201375852413	1.6519189456396899	1.2126090406017964	0.13547201375852413	1.6519189456396899	1.2126090406017964	0.30201149872634664	0.007544465004821061	7.405084598001777E-6	0.3752755151266424	0.007298760108505538	1.2057416324046846	-23.849510163280044
422000	-3831.002465341437	-3822.0102786506536	-8.992186690783495	-3822.0102786506536	17.862884682273403	44.099886527801814	0.7490594845109596	0.13547201375852413	2.5421450861499166	0.32238290009156956	0.13547201375852413	2.5421450861499166	0.32238290009156956	0.13726103357291838	0.0022959016076821216	1.1338197347883112E-7	0.1448228521659174	0.0023527149405149672	2.1243362127535037	-32.47644425767748
423000	-3944.5422572993734	-3907.9912323113094	-36.5510249880641	-3907.9912323113094	17.180315278033525	50.36993821790753	0.5481592465692992	1.0138197130104039	1.663797386898037	0.32238290009156956	1.0138197130104039	1.663797386898037	0.32238290009156956	0.28103561502273555	0.0022460593913726148	3.7375743445917284E-7	0.27949528128749623	0.0022806803838330246	3.336788617232999	-40.12407203082089
424000	-4197.742692355845	-4181.824799613793	-15.917892742051723	-4181.824799613793	16.14803140199713	31.184622506187825	0.5481592465692992	1.0138197130104039	1.663797386898037	0.32238290009156956	1.0138197130104039	1.663797386898037	0.32238290009156956	0.1887983395450098	0.014261459412111698	9.996997547471168E-6	0.21775130982604987	0.014113825543431371	1.3647874996009401	-20.787093509495822
425000	-4109.792069497048	-4068.5106341443343	-41.28143535271369	-4068.5106341443343	14.881238438894849	30.553763350473837	0.5481592465692992	0.3783091228858616	2.299307977022579	0.32238290009156956	0.3783091228858616	2.299307977022579	0.32238290009156956	0.48863191597345895	0.00244784479982307	1.551287352616902E-6	0.4995300966403298	0.0025205450511585547	1.6830625792748395	-22.99265422466475
426000	-4015.0752303367767	-3980.279599481288	-34.795630855488525	-3980.279599481288	14.846794277822658	32.75267746161109	0.5481592465692992	0.3783091228858616	2.299307977022579	0.32238290009156956	0.3783091228858616	2.299307977022579	0.32238290009156956	0.26773939796100416	0.0029457329349898012	1.2574658764540468E-6	0.4015124023999592	0.002738940007775474	1.5639983609991757	-25.348072762152775
427000	-3956.7841515532878	-3953.6599708432327	-3.124180710055035	-3953.6599708432327	14.426863006601586	22.904974615186557	0.5481592465692992	0.3783091228858616	2.299307977022579	0.32238290009156956	0.3783091228858616	2.299307977022579	0.32238290009156956	0.20289967725927074	0.006746446377124189	2.1036095770487793E-6	0.22654747513526263	0.0062922447474455575	0.9521581919736792	-10.250228964833877
428000	-4029.240174029451	-4044.019114836968	14.778940807517206	-4044.019114836968	14.995253852574951	25.816550530881603	0.5481592465692992	0.3783091228858616	2.299307977022579	0.32238290009156956	0.3783091228858616	2.299307977022579	0.32238290009156956	0.15338874595270685	0.0030675801853448682	1.3523818419750893E-7	0.12281588794819155	0.0030035880185550357	0.6383893870791327	-12.26965559392374
429000	-4201.484745545305	-4186.114648538632	-15.37009700667268	-4186.114648538632	15.522069801710776	32.61129690966454	0.5481592465692992	0.3783091228858616	2.299307977022579	0.32238290009156956	0.3783091228858616	2.299307977022579	0.32238290009156956	0.20387810542626666	9.756250813017575E-4	3.686036912125146E-8	0.18930154082927442	9.541040907147359E-4	1.0477729612962974	-24.52720409573423
430000	-4228.811962891697	-4225.917310081629	-2.894652810067952	-4225.917310081629	22.246852268217733	52.061730713581206	0.5481592465692992	0.3783091228858616	1.9942666224244987	0.6274242546896498	0.3783091228858616	1.9942666224244987	0.6274242546896498	0.09657162132001891	0.0015395254316749665	2.8338064270749144E-8	0.10795632608911993	0.0015773639235041879	2.5623763815426277	-35.94598014143465
431000	-3960.1620022558072	-3946.5414521133875	-13.620550142419624	-3946.5414521133875	15.577237523807149	44.44446632367745	0.5481592465692992	0.3783091228858616	1.9942666224244987	0.6274242546896498	0.3783091228858616	1.9942666224244987	0.6274242546896498	0.1701692161723435	0.001973445535466187	6.853341267502476E-8	0.13433590071213156	0.0019511053904002235	3.2133214647944035	-37.131135656100845
432000	-4035.868776516631	-4035.6578216141656	-0.21095490246540338	-4035.6578216141656	14.619980963677156	35.34000187919189	0.5481592465692992	0.3783091228858616	1.9942666224244987	0.6274242546896498	0.3783091228858616	1.9942666224244987	0.6274242546896498	0.1217898913857814	0.003176744430334032	1.2746092388731491E-7	0.11079436526134817	0.0031676699157148227	2.5326519654061936	-31.381714426737428
433000	-4099.791217017607	-4095.426148270844	-4.365068746763068	-4095.426148270844	14.950108936763607	32.46090834768168	0.5481592465692992	0.3783091228858616	1.9942666224244987	0.6274242546896498	0.3783091228858616	1.9942666224244987	0.6274242546896498	0.18379398058500437	0.004202409268311513	3.6914534855967496E-7	0.14503129941190596	0.004157588591562976	1.5876188789555477	-24.624275263517134
434000	-4103.423456833495	-4056.7094021035446	-46.71405472995043	-4056.7094021035446	15.485616401672662	35.73053587568034	0.5481592465692992	0.3783091228858616	1.9942666224244987	0.6274242546896498	0.3783091228858616	1.9942666224244987	0.6274242546896498	0.4553409529103049	0.008976172170282579	1.1516869503782098E-5	0.3827646953683659	0.008391259542011366	1.2530974325090918	-27.457303065035713
435000	-3978.176999559487	-3962.2654461683687	-15.911553391118119	-3962.2654461683687	15.453265521196744	37.41395828735953	0.5481592465692992	0.8243167105919091	1.9942666224244987	0.18141666698360226	0.8243167105919091	1.9942666224244987	0.18141666698360226	0.2061255880752215	0.005950325560642744	9.953592025054405E-7	0.1685697992405273	0.005770726056241416	1.5891637441627613	-29.799170655423296
436000	-4023.7599309446414	-3981.4824443918237	-42.27748655281761	-3981.4824443918237	17.16295735819631	36.92211129213788	0.5481592465692992	0.5505045251237768	2.268078807892631	0.18141666698360226	0.5505045251237768	2.268078807892631	0.18141666698360226	0.35010802158202864	0.005055071408203549	3.094310714706419E-6	0.37985432108712197	0.004749549853773334	2.7737407322548844	-29.123644289894223
437000	-3963.161659325606	-3956.517297806313	-6.644361519292838	-3956.517297806313	17.12983313010011	39.10612970865676	0.5481592465692992	0.5505045251237768	2.268078807892631	0.18141666698360226	0.5505045251237768	2.268078807892631	0.18141666698360226	0.16472873919421205	0.005232845356047829	6.257172752205549E-7	0.1494772215435573	0.005392702676124811	1.867766339970339	-30.004063805372926
438000	-4021.3068189902697	-3975.673986629712	-45.63283236055754	-3975.673986629712	14.60841907897452	28.744198428434895	0.5481592465692992	0.5505045251237768	2.268078807892631	0.18141666698360226	0.5505045251237768	2.268078807892631	0.18141666698360226	0.4069502291451	0.004069599095363512	3.2402317001675843E-6	0.47174816342381276	0.0035349444022500782	1.125827181322288	-22.008311675714726
439000	-4194.052559577252	-4153.912571366849	-40.139988210402954	-4153.912571366849	14.383256472439028	25.091841021604615	0.45460379037204085	0.5505045251237768	2.268078807892631	0.18141666698360226	0.5505045251237768	2.268078807892631	0.18141666698360226	0.566821236512887	0.011863874051073378	5.8515906660471125E-5	0.6470654674691705	0.011841718853904934	0.8223853222875399	-13.334496557300195
440000	-4013.6712795355656	-3975.675692765816	-37.995586769749636	-3975.675692765816	14.359313147210143	21.71488504365476	0.45460379037204085	0.5505045251237768	2.268078807892631	0.18141666698360226	0.5505045251237768	2.268078807892631	0.18141666698360226	0.6188230514879817	0.011917606055338379	9.041405426945516E-5	0.6360690253127622	0.016431599483424774	1.0155723838722601	-8.933141939248678
441000	-4148.456553920769	-4153.818687206868	5.362133286099004	-4153.818687206868	14.787933632192267	23.01273822121749	0.7316295312891589	0.5505045251237768	2.268078807892631	0.18141666698360226	0.5505045251237768	2.268078807892631	0.18141666698360226	0.1932353765220382	0.002858801696719667	2.579192102007552E-7	0.17885237732211087	0.0029318587989577588	0.4855378369055013	-10.35454520250487
442000	-3961.198352514474	-3956.219221127244	-4.979131387230362	-3956.219221127244	19.13824406987254	40.21953200026353	0.7316295312891589	0.5505045251237768	2.268078807892631	0.18141666698360226	0.5505045251237768	2.268078807892631	0.18141666698360226	0.14580334266175646	0.0040184046015651256	3.614285073876192E-7	0.15027881805318177	0.00405995687055204	1.394232483244221	-26.808046024043886
443000	-4042.042334389101	-4007.116351389135	-34.925982999966024	-4007.116351389135	19.60199403677925	47.62105980783526	0.7316295312891589	0.5505045251237768	2.268078807892631	0.18141666698360226	0.5505045251237768	2.268078807892631	0.18141666698360226	0.2918716794091476	0.0013628992225236238	1.548374038973687E-7	0.28533846804594193	0.001386397358621764	2.764280430070319	-35.18977840287398
444000	-3910.613618439247	-3884.7660576787816	-25.84756076046564	-3884.7660576787816	16.122990228615638	47.37903069077822	0.7316295312891589	0.5505045251237768	2.268078807892631	0.18141666698360226	0.5505045251237768	2.268078807892631	0.18141666698360226	0.21014680225286364	0.004563359559468855	7.501393958695374E-7	0.19277795016181212	0.004719881520893202	3.527370620302178	-38.790329998905825
445000	-3973.2207862796154	-3942.702203886374	-30.51858239324143	-3942.702203886374	16.177742457499466	48.51588604912549	0.7316295312891589	0.5505045251237768	2.268078807892631	0.18141666698360226	0.5505045251237768	2.268078807892631	0.18141666698360226	0.19154881980256405	0.006113524288281046	1.4641142613436843E-6	0.1949076659053952	0.006334035696033817	2.619279154473555	-41.44090388007299
446000	-3963.0052344889377	-3939.1794019392287	-23.82583254970892	-3939.1794019392287	14.755382937417044	46.88312909016531	0.7316295312891589	0.5505045251237768	2.268078807892631	0.18141666698360226	0.5505045251237768	2.268078807892631	0.18141666698360226	0.18970025828858111	0.002345128534193373	1.8609564136166724E-7	0.18583392948583385	0.0023594617985542433	3.373787577250981	-40.07491584102439
447000	-3947.796037260755	-3917.115360504582	-30.680676756172765	-3917.115360504582	16.300352813382396	40.96492827601636	0.7316295312891589	0.5505045251237768	2.268078807892631	0.18141666698360226	0.5505045251237768	2.268078807892631	0.18141666698360226	0.2498123130082162	0.0035905296936790806	9.396816246199805E-7	0.259835226281881	0.003870755097930342	1.9210313968980472	-34.796938243144915
448000	-3955.1628010212175	-3927.570352319469	-27.592448701748616	-3927.570352319469	21.11382419997386	47.98871416589944	0.7316295312891589	1.3462667012452572	1.4723166317711507	0.18141666698360226	1.3462667012452572	1.4723166317711507	0.18141666698360226	0.2131661625967402	0.004964893828211049	1.2435686781049914E-6	0.2339598906386787	0.0048550276858526295	2.04438684039809	-32.47323781963653
449000	-4140.070807818027	-4111.573119415483	-28.497688402543194	-4111.573119415483	16.924379777694284	35.360537332801925	0.7316295312891589	1.3462667012452572	1.4723166317711507	0.18141666698360226	1.3462667012452572	1.4723166317711507	0.18141666698360226	0.3385892656572783	0.005287164522022918	3.199082223920395E-6	0.3392502406810911	0.005586949393640484	1.6658375411082598	-23.59516710125572
450000	-4040.5738260147364	-4017.981547753207	-22.59227826152924	-4017.981547753207	16.02963931414402	31.374039015784163	0.7316295312891589	1.3462667012452572	1.4723166317711507	0.18141666698360226	1.3462667012452572	1.4723166317711507	0.18141666698360226	0.29644155743721806	0.0029016818814702576	6.254916696595467E-7	0.2634489532680565	0.0029133503563282715	1.4051954460774172	-20.275041447035086
451000	-3970.8353200786623	-3922.2913669059326	-48.54395317272969	-3922.2913669059326	17.49857242112131	46.094241942011394	0.7316295312891589	1.3462667012452572	1.4723166317711507	0.18141666698360226	1.3462667012452572	1.4723166317711507	0.18141666698360226	0.4111720543194089	0.0030640193939428166	1.6712714305889574E-6	0.40184891868074485	0.0035316433188109253	1.8568934502118362	-36.18500489876608
452000	-3947.8804000920036	-3893.317211654854	-54.56318843714961	-3893.317211654854	15.698372525041401	38.27588217863071	0.7316295312891589	0.7580841232731351	2.0604992097432726	0.18141666698360226	0.7580841232731351	2.0604992097432726	0.18141666698360226	0.6348004481380466	0.005095128011339827	7.885139771712201E-6	0.5748285830341067	0.005609732887821458	2.1681413377807557	-31.92950649046713
453000	-4206.49112183007	-4153.852502564046	-52.638619266024754	-4153.852502564046	15.535912727723371	39.76017403413732	0.7316295312891589	0.7580841232731351	2.0604992097432726	0.18141666698360226	0.7580841232731351	2.0604992097432726	0.18141666698360226	0.4021827802370215	0.019075874820832322	8.1115424157461E-5	0.5081639025555794	0.01634916041435726	2.3796951596074463	-32.39591647544603
454000	-4063.084548503976	-4074.6348008632617	11.550252359285876	-4074.6348008632617	16.006905501547557	35.005692692591424	0.7316295312891589	0.7580841232731351	2.0604992097432726	0.18141666698360226	0.7580841232731351	2.0604992097432726	0.18141666698360226	0.09019191780750979	0.0034353201877017556	1.0291137019535272E-7	0.09311880587464182	0.0034308872944493226	2.0352281731943256	-27.6327688608744
455000	-3991.341472046201	-3956.303987080593	-35.03748496560842	-3956.303987080593	16.938404145092544	36.08570357714006	0.7316295312891589	0.7580841232731351	2.0604992097432726	0.18141666698360226	0.7580841232731351	2.0604992097432726	0.18141666698360226	0.3216902460073288	0.004651969798324623	2.0200878190585028E-6	0.3293715216455279	0.0042608530476266615	2.4907835097186086	-27.375769493635477
456000	-4019.808326596775	-3987.0769639219993	-32.73136267477561	-3987.0769639219993	17.715797611324213	46.02026703042199	0.7316295312891589	0.7580841232731351	2.0604992097432726	0.18141666698360226	0.7580841232731351	2.0604992097432726	0.18141666698360226	0.26746145502326496	0.010614014714866494	7.375666435092342E-6	0.2633396785051468	0.011376749361655126	2.45988893679286	-34.672323540446904
457000	-3957.6729946399714	-3907.7982870852175	-49.87470755475376	-3907.7982870852175	14.633937700135176	35.005544433553496	0.7316295312891589	0.7580841232731351	2.0604992097432726	0.18141666698360226	0.7580841232731351	2.0604992097432726	0.18141666698360226	0.37734987454050645	0.004809362014882739	6.904635511993704E-6	0.5388038972027525	0.0048879200713606965	1.9114094651487792	-27.973287051164593
458000	-4104.2161329355895	-4056.1125149788963	-48.103617956693334	-4056.1125149788963	14.775733989062404	42.46909976275642	0.7316295312891589	1.0447307193432436	1.773852613673164	0.18141666698360226	1.0447307193432436	1.773852613673164	0.18141666698360226	0.3889795241923121	0.003207445531749027	1.2972243439663188E-6	0.3809696196019892	0.002929993548588994	2.7203426942304394	-35.832253672341345
459000	-3916.2757860382408	-3889.065092151255	-27.210693886985638	-3889.065092151255	16.541957475909644	38.004034860846296	0.7316295312891589	1.0447307193432436	1.773852613673164	0.18141666698360226	1.0447307193432436	1.773852613673164	0.18141666698360226	0.24166195067896554	0.005178127633396215	1.9703393172119478E-6	0.2778231759631773	0.005183842881701406	1.616727222287147	-27.02009283913706
460000	-3997.073770127879	-3987.523023414429	-9.550746713449612	-3987.523023414429	14.71799249068383	23.807858367457577	0.7316295312891589	1.0447307193432436	1.773852613673164	0.18141666698360226	1.0447307193432436	1.773852613673164	0.18141666698360226	0.2683456306133546	0.007768709079015772	3.2787490110092446E-6	0.234577678806903	0.0073187784585072415	0.6038907597685542	-9.68911960385034
461000	-4087.7514255484725	-4102.9804049342465	15.22897938577399	-4102.9804049342465	14.578455618663329	24.07328408205734	0.7316295312891589	1.0447307193432436	1.773852613673164	0.18141666698360226	1.0447307193432436	1.773852613673164	0.18141666698360226	0.12226908228027125	0.010548712494131328	1.6194174353059192E-6	0.11810245723844306	0.010499168946997298	1.0156689357393522	-11.65661603280385
462000	-3974.7744890972085	-3992.7952305692716	18.0207414720629	-3992.7952305692716	14.87569858271505	25.767311680973517	0.7316295312891589	1.0447307193432436	1.773852613673164	0.18141666698360226	1.0447307193432436	1.773852613673164	0.18141666698360226	0.11570571542339707	0.01252530645318818	1.8630098364606327E-6	0.10767157921537719	0.012776682473721544	0.9213709086559367	-14.219727467721805
463000	-4014.8285374133725	-4007.178713789227	-7.649823624145659	-4007.178713789227	14.394384375940886	22.488765741142554	0.5577888644345106	1.0447307193432436	1.773852613673164	0.18141666698360226	1.0447307193432436	1.773852613673164	0.18141666698360226	0.27829739712422197	0.0052363763404304955	2.8923407326794286E-6	0.296032946701494	0.005850257402385054	0.5098995463945654	-6.596488086436837
464000	-4190.832520348127	-4213.470878104066	22.638357755939133	-4213.470878104066	14.191090384869733	18.28086355157028	0.5577888644345106	1.0447307193432436	1.773852613673164	0.18141666698360226	1.0447307193432436	1.773852613673164	0.18141666698360226	0.17541512330254516	0.008215930526330852	1.7344257583797241E-6	0.15732586365314397	0.008561969616569033	0.21308513190368744	5.5025013320723435
465000	-4123.0050540138645	-4163.795148344423	40.79009433055865	-4163.795148344423	14.203609733034666	18.002054675976844	0.5577888644345106	0.2230932311947833	1.773852613673164	1.0030541551320624	0.2230932311947833	1.773852613673164	1.0030541551320624	0.10720349408987032	0.006260547030234618	4.2618430710098144E-7	0.10539174088959226	0.006131770876782553	0.2683026500179144	8.865421241009331
466000	-4224.546975749386	-4248.424562648733	23.877586899347033	-4248.424562648733	15.440535837592627	22.14934109499227	0.5577888644345106	0.2230932311947833	1.773852613673164	1.0030541551320624	0.2230932311947833	1.773852613673164	1.0030541551320624	0.12461121462102069	0.014600114551430626	3.0267270451194333E-6	0.121553576257286	0.014721544404443707	0.46396942407518244	-3.043512819094334
467000	-4116.66816181373	-4122.4541634263	5.786001612569786	-4122.4541634263	15.682081415030307	26.32593594948381	0.5577888644345106	0.2230932311947833	1.773852613673164	1.0030541551320624	0.2230932311947833	1.773852613673164	1.0030541551320624	0.2156184559492715	0.0053539745697180185	4.934256055519042E-7	0.13859069159315926	0.005325268451817635	0.5670523111193353	-13.07363144254713
468000	-4171.0666567317385	-4164.415456112798	-6.65120061894072	-4164.415456112798	14.335684878751971	24.16092251590028	0.5577888644345106	0.2230932311947833	1.773852613673164	1.0030541551320624	0.2230932311947833	1.773852613673164	1.0030541551320624	0.19585461812345306	0.009894955002213794	4.2707734257395134E-6	0.2067525287364136	0.009897291222485205	0.5010417112926864	-13.745468245714465
469000	-4142.4463467311025	-4133.380246946902	-9.066099784200333	-4133.380246946902	16.31478097411021	29.13255046028423	0.5577888644345106	0.2230932311947833	0.8746799833264832	1.9022267854787431	0.2230932311947833	0.8746799833264832	1.9022267854787431	0.20517977358277706	0.009228506233056035	3.5550177145457153E-6	0.1981121717847581	0.00949124045730339	0.764502291363791	-18.317988350557005
470000	-4094.2609284394903	-4088.2031540111193	-6.057774428370818	-4088.2031540111193	14.411793095367113	30.734804298919165	0.5577888644345106	0.2230932311947833	1.5219820544161111	1.2549247143891151	0.2230932311947833	1.5219820544161111	1.2549247143891151	0.15875879775169457	0.011620741132603576	3.3471575388674988E-6	0.1619723122033764	0.011125991437609931	0.9887946981282443	-23.47225838744474
471000	-4114.348395777471	-4111.951546232177	-2.3968495452936676	-4111.951546232177	14.831863111985996	26.088909158767137	0.5577888644345106	0.2230932311947833	1.5219820544161111	1.2549247143891151	0.2230932311947833	1.5219820544161111	1.2549247143891151	0.19120262539851146	0.005208361635842376	1.0408819595419759E-6	0.1966499950846801	0.005230277256183612	0.7249057573650964	-15.382522197443448
472000	-4091.8794855423953	-4076.5866867854697	-15.292798756925444	-4076.5866867854697	14.524322467085831	31.23225926396188	0.5577888644345106	0.2230932311947833	1.5219820544161111	1.2549247143891151	0.2230932311947833	1.5219820544161111	1.2549247143891151	0.20464845744728347	0.00995749448779075	4.2371600556686405E-6	0.20203897058974496	0.01024728178220711	2.0544146199478015	-25.659735661134256
473000	-4152.32854951072	-4094.0871959717383	-58.24135353898212	-4094.0871959717383	23.927309897161713	61.074377616566196	0.5577888644345106	0.2230932311947833	1.5219820544161111	1.2549247143891151	0.2230932311947833	1.5219820544161111	1.2549247143891151	0.3579715798817706	7.566932771604303E-4	1.411357453247275E-7	0.4237199810967488	8.459971115081763E-4	2.570812750244215	-39.89452133654992
474000	-3974.8941487751977	-3914.5358318670305	-60.35831690816694	-3914.5358318670305	18.499727809683346	55.526344046369516	0.5577888644345106	0.2230932311947833	1.5219820544161111	1.2549247143891151	0.2230932311947833	1.5219820544161111	1.2549247143891151	0.4876652712183453	0.0022386924750360587	7.458273950206636E-7	0.4090589700578589	0.0022359695581631775	3.68319504953152	-42.04115346633344
475000	-4096.289778997036	-4057.63866127918	-38.651117717855456	-4057.63866127918	15.543669885316282	51.14104797731813	0.5577888644345106	0.2230932311947833	1.5219820544161111	1.2549247143891151	0.2230932311947833	1.5219820544161111	1.2549247143891151	0.27809487837816615	0.004553191699537172	1.1600059894851575E-6	0.2361511419701262	0.004597872370644654	3.16796430403766	-43.27031229337142
476000	-4099.273245146148	-4061.3123723734816	-37.96087277266646	-4061.3123723734816	17.957142657332707	52.91403486500404	0.5577888644345106	0.2230932311947833	1.5219820544161111	1.2549247143891151	0.2230932311947833	1.5219820544161111	1.2549247143891151	0.2594340316327582	0.0017354835113640378	1.3852601917398924E-7	0.22789064834962486	0.001602644379911117	4.386835289730384	-42.04697368670859
477000	-4057.811641771171	-4048.6770836269206	-9.134558144250137	-4048.6770836269206	15.147641273372415	29.423330152985557	0.5577888644345106	0.2230932311947833	1.5219820544161111	1.2549247143891151	0.2230932311947833	1.5219820544161111	1.2549247143891151	0.167816648941301	0.0013363058224025786	6.7030417738892E-8	0.19546629073651609	0.0013012137329508212	0.9918293106351703	-19.66353282816278
478000	-4104.724559754144	-4077.272314499742	-27.4522452544022	-4077.272314499742	15.527710704628008	28.34086099043383	0.5577888644345106	0.2230932311947833	2.250826063379767	0.5260807054254591	0.2230932311947833	2.250826063379767	0.5260807054254591	0.37344730108011626	0.0036818733104261093	1.5056057626550307E-6	0.3279832108061151	0.0036083838272162865	1.2805692063179543	-16.843673129292903
479000	-4025.7984992743686	-3994.9328610114426	-30.865638262925888	-3994.9328610114426	16.58986711374537	41.56700568505868	0.5577888644345106	0.2230932311947833	2.250826063379767	0.5260807054254591	0.2230932311947833	2.250826063379767	0.5260807054254591	0.2669342492206036	0.003524544678814106	8.592849609514129E-7	0.2434068779080056	0.00379564728160779	3.604414311810006	-35.90093491336497
480000	-3916.800459204601	-3893.993858330906	-22.806600873695032	-3893.993858330906	16.623356788393146	38.6000426925574	0.5577888644345106	0.2230932311947833	2.250826063379767	0.5260807054254591	0.2230932311947833	2.250826063379767	0.5260807054254591	0.2334821128085955	0.004009252416190776	9.89017226149411E-7	0.23615355605087193	0.004538452001219889	2.0892264301474333	-28.912100182242582
481000	-4094.446975364762	-4075.2029027229796	-19.244072641782115	-4075.2029027229796	15.898724875129197	47.609583872711895	0.9127115851063513	0.2230932311947833	2.250826063379767	0.5260807054254591	0.2230932311947833	2.250826063379767	0.5260807054254591	0.15325827814182952	0.0017772926891125	6.55921924420056E-8	0.1500140686102387	0.0017059307284602496	2.856162528229113	-40.121791282116064
482000	-4105.937166937609	-4068.904027404139	-37.033139533469935	-4068.904027404139	20.63160853894436	79.65981493423769	0.9127115851063513	0.2230932311947833	1.202479072004972	1.5744276968002544	0.2230932311947833	1.202479072004972	1.5744276968002544	0.17102124378438513	4.646468553744306E-4	5.357166775323573E-9	0.15656599574085261	4.5938181539784405E-4	5.990301724766009	-55.93006670006602
483000	-4127.46752930432	-4082.0749291141396	-45.39260019018025	-4082.0749291141396	22.639546166271558	74.83364761395744	0.9127115851063513	0.2230932311947833	1.202479072004972	1.5744276968002544	0.2230932311947833	1.202479072004972	1.5744276968002544	0.2238214866104743	8.654618692597793E-4	3.963933631401531E-8	0.24030928194183013	8.526183032373752E-4	4.324684673793012	-51.13684892047486
484000	-3999.781959712397	-3977.5498462113337	-22.232113501063232	-3977.5498462113337	18.605115552964058	44.11584717477108	0.9127115851063513	1.0244496429069212	1.202479072004972	0.7730712850881166	1.0244496429069212	1.202479072004972	0.7730712850881166	0.2049657241434813	0.0026445089979509405	3.3129441693339254E-7	0.20004023756556283	0.002801634127135423	1.4240154727297483	-32.232983843505245
485000	-3973.8954104850845	-3960.9489825355017	-12.946427949582691	-3960.9489825355017	15.32898352280075	41.66065202209515	0.9127115851063513	0.0028941027272124664	1.202479072004972	1.7946268252678252	0.0028941027272124664	1.202479072004972	1.7946268252678252	0.1408507717165154	0.003055440316468418	2.0555800722487096E-7	0.15110779702732488	0.0030225368064716925	1.947522057667757	-33.82934997481789
486000	-3932.326401531681	-3908.6574307286432	-23.668970803037638	-3908.6574307286432	21.409359777360965	59.175801831448595	0.9127115851063513	0.0028941027272124664	1.202479072004972	1.7946268252678252	0.0028941027272124664	1.202479072004972	1.7946268252678252	0.19210058192734264	0.002704582745614144	2.0597416263831981E-7	0.17154895675481094	0.002664331252603787	2.677748649256487	-41.11293362580171
487000	-3993.7845483361166	-3968.6097334318006	-25.17481490431617	-3968.6097334318006	17.50327965549823	47.990121019620915	0.9127115851063513	0.0028941027272124664	1.202479072004972	1.7946268252678252	0.0028941027272124664	1.202479072004972	1.7946268252678252	0.19820751842103895	0.0017179365408251503	1.0898302080243912E-7	0.2009054860199442	0.0016926211006067608	2.872241707995696	-36.99828488302889
488000	-3906.3039960943465	-3882.9389503970438	-23.36504569730274	-3882.9389503970438	17.074162691802574	44.910857690038185	0.9127115851063513	0.0028941027272124664	1.9310662654863209	1.0660396317864764	0.0028941027272124664	1.9310662654863209	1.0660396317864764	0.1864267231693603	0.0025507679825762042	2.352762154052384E-7	0.19043011260923576	0.00255992037356188	3.0301150888627997	-35.50126044516162
489000	-3840.646984124504	-3812.222845675172	-28.424138449332155	-3812.222845675172	15.297634561115938	38.55255111953075	0.9127115851063513	0.0028941027272124664	1.9310662654863209	1.0660396317864764	0.0028941027272124664	1.9310662654863209	1.0660396317864764	0.2978859256596049	0.0039030531811847734	8.300903989379376E-7	0.24166328474045068	0.003724479521447255	1.8186343378815428	-31.108123842834104
490000	-3993.7775903426127	-3983.765212308959	-10.012378033653913	-3983.765212308959	15.303975657121905	27.369324453716533	0.9127115851063513	0.0028941027272124664	1.9310662654863209	1.0660396317864764	0.0028941027272124664	1.9310662654863209	1.0660396317864764	0.21163550025589004	0.004384011330634071	9.16099419328128E-7	0.22110428115356032	0.004254008806453945	0.7855181985769627	-15.622802082637861
491000	-3875.960073897373	-3870.9198917526014	-5.04018214477192	-3870.9198917526014	15.148134019656295	27.486363650764734	0.9127115851063513	0.0028941027272124664	1.9310662654863209	1.0660396317864764	0.0028941027272124664	1.9310662654863209	1.0660396317864764	0.19452786456734586	0.005041284918505388	1.0624686196262593E-6	0.21325456100124685	0.004736714056162831	0.9267617885290329	-14.367836097444803
492000	-3988.235854451112	-3981.448188301011	-6.787666150100954	-3981.448188301011	15.030507840259629	25.868271267775835	0.9127115851063513	0.0028941027272124664	1.9310662654863209	1.0660396317864764	0.0028941027272124664	1.9310662654863209	1.0660396317864764	0.2136126674063231	0.003664380756791483	6.287472122168898E-7	0.2114791227963196	0.003715002440290205	1.04648040331692	-14.856702474980928
493000	-4058.708402053702	-4060.9717468223694	2.2633447686675368	-4060.9717468223694	14.50267915691202	27.500832464614255	0.9127115851063513	0.0028941027272124664	1.9310662654863209	1.0660396317864764	0.0028941027272124664	1.9310662654863209	1.0660396317864764	0.16826357186800583	0.015199292153438609	5.097068840526173E-6	0.149434963903886	0.015458117523158744	0.684949969999571	-17.333504416732854
494000	-3901.6492663818813	-3877.44468323578	-24.204583146101317	-3877.44468323578	15.881319276547735	33.05039014494826	0.9127115851063513	0.0028941027272124664	1.9310662654863209	1.0660396317864764	0.0028941027272124664	1.9310662654863209	1.0660396317864764	0.26667345572159656	0.003704565062618014	1.0158381076491484E-6	0.26802859813600094	0.0036827696055963454	1.053971816782144	-23.918639471440365
495000	-3949.5421463742387	-3961.8904001629817	12.34825378874294	-3961.8904001629817	14.275919946032584	20.299911486406625	0.9127115851063513	0.0028941027272124664	1.9310662654863209	1.0660396317864764	0.0028941027272124664	1.9310662654863209	1.0660396317864764	0.2044121794662188	0.008362010828095356	2.179915387114475E-6	0.17905301971577303	0.008675859182039685	0.5100029074440302	-1.8072902527289845
496000	-4112.496326334928	-4133.270167373685	20.773841038756807	-4133.270167373685	14.372194630055015	18.284319148483064	0.9127115851063513	0.0028941027272124664	1.9310662654863209	1.0660396317864764	0.0028941027272124664	1.9310662654863209	1.0660396317864764	0.18065331918617022	0.0022207121298914406	1.379634239364167E-7	0.16801613480543445	0.0022618691359254585	0.365165097334243	4.797642865176199
497000	-3955.7671452860354	-3981.3084536035735	25.54130831753818	-3981.3084536035735	14.383759641667407	17.46557127981511	0.9127115851063513	0.0028941027272124664	2.780654401648767	0.21645149562403065	0.0028941027272124664	2.780654401648767	0.21645149562403065	0.19309409554355597	0.022793993229556143	1.74822896441389E-5	0.17700826828698013	0.02479549233599637	0.28964810643304156	9.350477496147908
498000	-3970.467978759275	-4013.1768595742683	42.70888081499315	-4013.1768595742683	14.592349010452498	22.266135990707504	0.9127115851063513	0.0028941027272124664	2.780654401648767	0.21645149562403065	0.0028941027272124664	2.780654401648767	0.21645149562403065	0.07750637009624492	0.008225489856431342	2.7777828001711557E-7	0.06422454475996733	0.00843125198655241	0.5373627765267223	-5.68125816319277
499000	-3964.9549522252237	-3942.330687286046	-22.624264939177415	-3942.330687286046	14.608267988549919	23.118703457106335	0.9127115851063513	0.0028941027272124664	2.780654401648767	0.21645149562403065	0.0028941027272124664	2.780654401648767	0.21645149562403065	0.40112673556837536	0.0031893844448819034	2.1166287096212005E-6	0.4660024926691996	0.003357916610306654	0.49323433064494837	-8.887837179815499
500000	-3860.4239441951167	-3825.9164136400414	-34.50753055507538	-3825.9164136400414	15.810366378208395	31.311412438402392	0.9127115851063513	0.0028941027272124664	2.780654401648767	0.21645149562403065	0.0028941027272124664	2.780654401648767	0.21645149562403065	0.47551599857240257	0.0060683799823342014	7.633984792242768E-6	0.44384398967300864	0.0067403202805836225	0.9821902704511449	-20.12765613494561
501000	-4140.952451772515	-4148.576061110256	7.623609337741304	-4148.576061110256	16.03440200442486	30.997198378155534	0.8407396653747584	0.48747028628505346	1.969224825682256	0.5433048880327017	0.48747028628505346	1.969224825682256	0.5433048880327017	0.13164519826897353	0.02501011799587402	9.126187888538189E-6	0.11692321882978944	0.02559053562715516	1.1801245284003625	-20.01142627830415
502000	-3986.556870851974	-3977.7586371888324	-8.798233663141794	-3977.7586371888324	15.10102812559061	28.585216896737023	0.8407396653747584	0.33775285268830946	1.969224825682256	0.6930223216294457	0.33775285268830946	1.969224825682256	0.6930223216294457	0.24193584095349296	0.01484697483899405	8.443515545102004E-6	0.20132767825298778	0.014567370709600616	1.2013597076073703	-18.53604604456446
503000	-3950.0151495127707	-3909.563642966311	-40.45150654645955	-3909.563642966311	14.99477374940754	36.13074568279108	0.8407396653747584	0.1493421107096684	2.1013135857062175	0.7493443035841254	0.1493421107096684	2.1013135857062175	0.7493443035841254	0.2725998321135729	0.0018791432964305132	5.485821317981275E-7	0.36604049207908973	0.001987126611723124	1.3362623160210112	-28.178706163144653
504000	-4005.331566676504	-3960.178146994302	-45.153419682201715	-3960.178146994302	14.264769650737025	35.915524397835895	0.48020050583962803	0.1493421107096684	2.217452582046442	0.6332053072439012	0.1493421107096684	2.217452582046442	0.6332053072439012	0.3651937630317715	0.004078139592195278	2.7599629909303006E-6	0.38529018466335574	0.004103731883794429	1.5079239212897364	-32.508369654735866
505000	-3964.395786533254	-3928.0290154001113	-36.366771133142926	-3928.0290154001113	15.758380130711915	47.58596811297552	0.48020050583962803	0.1493421107096684	2.217452582046442	0.6332053072439012	0.1493421107096684	2.217452582046442	0.6332053072439012	0.214150748005485	0.004179321123567468	1.0381985014025696E-6	0.24155175199816922	0.004145067643869888	2.866267435132304	-39.743430908892
506000	-4137.215460485267	-4107.562108955842	-29.65335152942467	-4107.562108955842	17.81363644403292	63.260067769984815	0.5585065166864931	0.1493421107096684	2.217452582046442	0.6332053072439012	0.1493421107096684	2.217452582046442	0.6332053072439012	0.14152563059536827	0.003070452600085186	2.3112964514800785E-7	0.16223763872603617	0.0029970419319567507	4.540105564363037	-49.76812586877041
507000	-4080.3220178814313	-4027.4445012030433	-52.87751667838817	-4027.4445012030433	16.792340590291595	71.56470982799425	0.5585065166864931	0.1493421107096684	2.217452582046442	0.6332053072439012	0.1493421107096684	2.217452582046442	0.6332053072439012	0.19698570081386174	0.0019440439419593984	1.917903701071249E-7	0.23717794849281598	0.001888562872470258	6.323614561007252	-56.13508799423797
508000	-4047.3499829752495	-4020.1910952034295	-27.158887771820005	-4020.1910952034295	20.0218474181838	64.5536226308987	0.9393974048316454	0.1493421107096684	2.217452582046442	0.6332053072439012	0.1493421107096684	2.217452582046442	0.6332053072439012	0.16085139265820259	8.423495524203263E-4	1.7277251948636178E-8	0.16387711875156183	8.085683730080001E-4	3.732531873584745	-47.73383173786283
509000	-4052.392472511968	-3975.004729317651	-77.38774319431734	-3975.004729317651	15.753160354754478	62.15546731256015	0.9393974048316454	0.1493421107096684	2.217452582046442	0.6332053072439012	0.1493421107096684	2.217452582046442	0.6332053072439012	0.4445788868289634	8.361181796415661E-4	2.3428232170750699E-7	0.5328733878349639	8.815302727166184E-4	5.894352763882265	-51.30597627510328
510000	-3842.7712930755947	-3796.7571227066887	-46.0141703689059	-3796.7571227066887	15.391692284488448	46.64959459070548	0.9393974048316454	0.016197594640830093	2.268840075802844	0.7149623295563372	0.016197594640830093	2.268840075802844	0.7149623295563372	0.35636160884393553	0.0025710861406982944	6.976477994335236E-7	0.35451066231010275	0.002480404832937632	3.208369892825043	-39.60944249292743
511000	-3936.453422228357	-3884.8369986519006	-51.61642357645628	-3884.8369986519006	15.145432276219346	48.167769367770816	0.9393974048316454	0.11499288378862284	2.268840075802844	0.6161670404085444	0.11499288378862284	2.268840075802844	0.6161670404085444	0.33598624651443704	0.0017404655188066943	3.9194900109871226E-7	0.3622979319452956	0.001719831869553344	3.591167754886375	-40.90771755306353
512000	-3953.669926403672	-3919.4244741885113	-34.24545221516077	-3919.4244741885113	17.589089466016826	48.57572796615632	0.9393974048316454	0.014971642737933291	2.2880429786912697	0.6969853785708083	0.014971642737933291	2.2880429786912697	0.6969853785708083	0.27956045844506455	0.001584375669649999	1.6567785726192296E-7	0.25806709943363426	0.0016374104654705319	2.961852363848517	-37.052170858744816
513000	-3991.5003687629683	-3945.402664042246	-46.097704720721836	-3945.402664042246	30.57658798769932	84.63072626556855	0.9393974048316454	0.014971642737933291	2.2880429786912697	0.6969853785708083	0.014971642737933291	2.2880429786912697	0.6969853785708083	0.26283191154282526	0.0030811451087737764	4.470878293426901E-7	0.22413679089246796	0.0028057821773909922	4.256721821191706	-48.679794210456876
514000	-3943.023259744365	-3901.8951772808323	-41.12808246353271	-3901.8951772808323	19.87539301786481	58.803735821171685	0.9393974048316454	0.014971642737933291	2.2880429786912697	0.6969853785708083	0.014971642737933291	2.2880429786912697	0.6969853785708083	0.33736417292858445	0.001488337036536608	1.6337913417964185E-7	0.27045541631189995	0.0017095196286516909	4.201157390368779	-42.812463829033995
515000	-3956.1872252154744	-3950.6372337375833	-5.5499914778909805	-3950.6372337375833	16.196600095269186	33.91610097569073	0.9393974048316454	0.014971642737933291	2.2880429786912697	0.6969853785708083	0.014971642737933291	2.2880429786912697	0.6969853785708083	0.17351976007458678	0.002481201964624781	1.499744671213814E-7	0.15614538720406176	0.002429163626317375	1.3733798224329878	-24.099067902004023
516000	-3833.869363639138	-3795.3903682745436	-38.47899536459462	-3795.3903682745436	18.20089599826244	50.946109346964576	0.9393974048316454	0.014971642737933291	2.2204943386552567	0.7645340186068214	0.014971642737933291	2.2204943386552567	0.7645340186068214	0.23446053128950192	0.001494985940821372	1.1626680514471511E-7	0.23473171353414038	0.0013357938339872458	2.202258968593918	-39.07713901791655
517000	-3939.777996603386	-3888.4956581409324	-51.28233846245352	-3888.4956581409324	15.807618719729298	52.411436925577874	0.9393974048316454	0.15597867216170386	2.2204943386552567	0.6235269891830508	0.15597867216170386	2.2204943386552567	0.6235269891830508	0.2844096655252604	0.0035936553042934943	1.0302783070391961E-6	0.27146727147619554	0.0035686339724013876	4.847687745478346	-44.67141546803733
518000	-4009.5021661018313	-3979.6360822981405	-29.86608380369066	-3979.6360822981405	15.345244488813796	48.05731517168243	0.9393974048316454	0.15597867216170386	2.2204943386552567	0.6235269891830508	0.15597867216170386	2.2204943386552567	0.6235269891830508	0.15895671943310097	0.0016271176778599467	9.004683706041859E-8	0.1838493469570001	0.0015299632197286906	2.8086048359493687	-41.55966734082709
519000	-4004.048554606987	-3951.4323814148047	-52.61617319218228	-3951.4323814148047	15.994904890824701	52.566834651784696	0.9393974048316454	0.15597867216170386	2.2204943386552567	0.6235269891830508	0.15597867216170386	2.2204943386552567	0.6235269891830508	0.36290146859125005	0.003029363209478946	1.0586566704410794E-6	0.3275757182805256	0.0030247120532275926	2.9106255554100833	-43.194335074122
520000	-4091.029720788108	-4070.2798335228076	-20.74988726530032	-4070.2798335228076	17.027753943263473	47.25498526905725	0.9393974048316454	0.15597867216170386	2.2204943386552567	0.6235269891830508	0.15597867216170386	2.2204943386552567	0.6235269891830508	0.19091888878439586	0.00162663575682709	6.919044982869454E-8	0.16089074040535303	0.001579555838221451	2.124087742687593	-37.25021404158684
521000	-3958.7913039285445	-3949.679209518742	-9.112094409802287	-3949.679209518742	15.121520477017533	39.81442948565425	0.9393974048316454	0.15597867216170386	2.2204943386552567	0.6235269891830508	0.15597867216170386	2.2204943386552567	0.6235269891830508	0.1380082378791238	0.0035370000657347265	2.17276289330206E-7	0.1342039871391408	0.003504186947700877	2.3648282066229585	-34.887845728062665
522000	-4038.261125017971	-4002.823947584376	-35.437177433595	-4002.823947584376	31.02136638474169	78.35365866704694	0.9393974048316454	0.25212877627101316	2.2204943386552567	0.5273768850737415	0.25212877627101316	2.2204943386552567	0.5273768850737415	0.2131183777055088	9.026228300533889E-4	3.5128182956909823E-8	0.229541900963611	8.409301372048771E-4	2.979169380836835	-43.8726866457418
523000	-3807.455626455661	-3788.486868073312	-18.968758382348994	-3788.486868073312	16.81522973464287	40.64549502375498	0.9393974048316454	0.15604953794419335	2.2204943386552567	0.6234561234005612	0.15604953794419335	2.2204943386552567	0.6234561234005612	0.19077911993276978	0.0029137197806072754	2.972895241623012E-7	0.19477449504685096	0.002900157313848174	1.9176785057367904	-32.01485922719746
524000	-3944.6785837533134	-3933.9472529254285	-10.731330827884783	-3933.9472529254285	18.65454613401716	40.68048545935213	0.9393974048316454	0.15604953794419335	2.0516008815819546	0.7923495804738633	0.15604953794419335	2.0516008815819546	0.7923495804738633	0.18540102601723926	0.006051311157303723	9.330773422840224E-7	0.16284936699517807	0.005855337025528533	1.315523065290137	-29.076248834246286
525000	-4013.3812112631563	-3980.574363726648	-32.80684753650843	-3980.574363726648	15.822180092095724	40.41672520455893	0.9393974048316454	0.3386152510809253	1.8690351684452227	0.7923495804738633	0.3386152510809253	1.8690351684452227	0.7923495804738633	0.23003957333183858	0.002244970478299073	4.1074947280668764E-7	0.286155522608554	0.002174384483105383	1.602176301810371	-33.72095336838725
526000	-3946.4003094582768	-3923.799422954504	-22.600886503773015	-3923.799422954504	17.983053438504044	38.91432854824711	0.9393974048316454	0.19144147184889837	1.8690351684452227	0.9395233597058902	0.19144147184889837	1.8690351684452227	0.9395233597058902	0.21956136479445104	0.0015087060910707157	1.0831977201092097E-7	0.21985008939108533	0.0015248619443086501	3.1876522435237447	-31.36577785276367
527000	-3993.435024083555	-3984.432303654032	-9.002720429523556	-3984.432303654032	16.664507785994253	34.51543136576177	0.9393974048316454	0.19144147184889837	1.8690351684452227	0.9395233597058902	0.19144147184889837	1.8690351684452227	0.9395233597058902	0.19958895116865166	0.0027507587768081047	2.1377404547410398E-7	0.17415609594844056	0.0027176938812180497	1.9474222025086432	-26.259337120602087
528000	-4039.093615094353	-4007.5989801879027	-31.494634906450113	-4007.5989801879027	20.68143490049292	41.41556787731799	0.9393974048316454	0.49224834977703197	1.8690351684452227	0.6387164817777566	0.49224834977703197	1.8690351684452227	0.6387164817777566	0.33235001025209815	0.003941965406701855	1.5067442119268955E-6	0.28255331318967136	0.004261295908217724	1.397484563130107	-26.373497443551887
529000	-4157.933348594933	-4130.046031453384	-27.887317141548856	-4130.046031453384	15.104221370814354	32.20637099684653	0.9393974048316454	0.49224834977703197	1.8690351684452227	0.6387164817777566	0.49224834977703197	1.8690351684452227	0.6387164817777566	0.28162881432821063	0.003972587703058968	1.3571488926257365E-6	0.2944883244841538	0.004564845896674285	1.7750092005620288	-24.803553332034873
530000	-3986.6611697734515	-3932.282607333827	-54.37856243962455	-3932.282607333827	16.29176596717634	41.44582546388796	0.9393974048316454	0.49224834977703197	2.1041531047808464	0.4035985454421327	0.49224834977703197	2.1041531047808464	0.4035985454421327	0.36756751851326863	0.0031421681584856876	1.751966834256606E-6	0.4308034449265012	0.0027438842554492224	2.6378296569673747	-32.561790358637765
531000	-3962.7855995881187	-3945.6886160415334	-17.096983546585186	-3945.6886160415334	19.481459203014495	49.17754863580367	0.4792747419890058	0.49224834977703197	2.1041531047808464	0.4035985454421327	0.49224834977703197	2.1041531047808464	0.4035985454421327	0.1771667355296747	0.0029577331327633157	1.9193599405691554E-7	0.14296376194045357	0.003015698900564571	2.2024890610257737	-37.127582445794474
532000	-4104.7369777394015	-4085.4394986435977	-19.297479095803364	-4085.4394986435977	14.3528131725708	25.291329509484548	0.4792747419890058	0.6203418815672789	1.9760595729905994	0.4035985454421327	0.6203418815672789	1.9760595729905994	0.4035985454421327	0.2798328760052755	0.004386143050100492	1.6068064969208562E-6	0.2884425957479667	0.004307959922992327	1.4053002630078104	-17.9568734591891
533000	-4047.3518761801133	-4029.02492754176	-18.326948638353166	-4029.02492754176	14.510642624111536	27.59118699089442	0.4792747419890058	0.3515304591629099	2.2448709953949684	0.4035985454421327	0.3515304591629099	2.2448709953949684	0.4035985454421327	0.26977307843486575	0.00784569890970394	4.553606358732943E-6	0.2573303217040316	0.008776361497959953	1.4421801578241982	-20.45423359797876
534000	-4037.6682015828173	-4047.3203315098954	9.652129927078194	-4047.3203315098954	15.101419662092717	31.3165570968063	0.4792747419890058	0.3515304591629099	2.2448709953949684	0.4035985454421327	0.3515304591629099	2.2448709953949684	0.4035985454421327	0.11230623247453751	0.005008427014281348	3.2354762984928117E-7	0.11311747744529305	0.005036381212200638	1.4446839981930049	-21.060991802389427
535000	-3815.876179640148	-3802.668392237027	-13.207787403120976	-3802.668392237027	14.963201841988115	35.85966872803546	0.7936304299250637	0.3515304591629099	2.2448709953949684	0.4035985454421327	0.3515304591629099	2.2448709953949684	0.4035985454421327	0.1994685638306307	0.005100127830756592	7.72272314245837E-7	0.1763372343180654	0.0048691322967492345	1.3416747413343078	-27.381707654945487
536000	-3828.10339601883	-3831.378264850268	3.274868831437942	-3831.378264850268	15.138669881822219	37.591766566024795	0.7936304299250637	0.3515304591629099	2.2448709953949684	0.4035985454421327	0.3515304591629099	2.2448709953949684	0.4035985454421327	0.10418138913157621	0.00228613811109503	6.481330926881415E-8	0.11163160533795187	0.002307276939345951	1.9884226930662035	-29.789651863675974
537000	-3965.9637791572645	-3915.137221873766	-50.82655728349844	-3915.137221873766	15.653663423388823	53.409650037884404	0.7936304299250637	0.3515304591629099	2.2448709953949684	0.4035985454421327	0.3515304591629099	2.2448709953949684	0.4035985454421327	0.29765229961260586	0.003836971822440143	1.6287128785041115E-6	0.32368032036895295	0.003926282636713908	3.0431771974173176	-44.75076359023036
538000	-3923.9370603635075	-3896.0404599892126	-27.896600374294984	-3896.0404599892126	15.204700298024646	43.12076054686376	0.7936304299250637	0.3515304591629099	2.2448709953949684	0.4035985454421327	0.3515304591629099	2.2448709953949684	0.4035985454421327	0.2213932903205473	0.0026070579640187505	3.0191854696714266E-7	0.20775581335053267	0.0026858651965709418	1.7062840322455546	-36.83415446881022
539000	-3937.374578959128	-3919.0479184224664	-18.326660536661414	-3919.0479184224664	19.989071829883038	51.914534237014394	0.7936304299250637	0.6487332320273789	2.2448709953949684	0.1063957725776638	0.6487332320273789	2.2448709953949684	0.1063957725776638	0.19846115492208088	0.005063989431062329	5.963689157855932E-7	0.15466451923503002	0.005033766158705866	2.54305082940404	-37.00232181267352
540000	-3936.6204805129473	-3909.2833903512237	-27.337090161723573	-3909.2833903512237	15.210021229811979	40.84546141442659	0.7936304299250637	0.3316788911199898	2.5619253363023575	0.1063957725776638	0.3316788911199898	2.5619253363023575	0.1063957725776638	0.20613480555903285	0.001585914007629673	2.100358868865868E-7	0.26323760255251694	0.001788519544390708	2.4612070539592334	-33.58600769683204
541000	-4076.3634982601625	-4040.322687387013	-36.040810873149375	-4040.322687387013	14.909938996409984	56.359439392510275	0.7936304299250637	0.3316788911199898	2.5619253363023575	0.1063957725776638	0.3316788911199898	2.5619253363023575	0.1063957725776638	0.19981943319941878	0.005489706297543714	1.0984630558641088E-6	0.19087993631409017	0.005523405954418032	4.308279064257872	-47.51547187119933
542000	-4005.5493634453164	-3957.334078478049	-48.21528496726733	-3957.334078478049	28.01344553886728	78.9575616030513	0.7936304299250637	0.5584026251157779	2.204794546637756	0.2368028282464771	0.5584026251157779	2.204794546637756	0.2368028282464771	0.27133965597584475	0.0016914779293167093	1.6262710706724106E-7	0.24897362053712283	0.0016371792561357603	3.4110182321924	-50.740551673532764
543000	-3842.6711331809283	-3798.2571511236374	-44.413982057290895	-3798.2571511236374	27.212205124797183	82.2345074221785	0.7936304299250637	0.5584026251157779	2.204794546637756	0.2368028282464771	0.5584026251157779	2.204794546637756	0.2368028282464771	0.2113535913244626	0.0031632523734636702	4.554283803173144E-7	0.20977797105932994	0.0031559922999297198	5.521060787469601	-52.322218787807614
544000	-3963.6671034128426	-3918.419500690268	-45.24760272257489	-3918.419500690268	20.43746246803392	69.66803866324005	0.7936304299250637	0.5584026251157779	2.204794546637756	0.2368028282464771	0.5584026251157779	2.204794546637756	0.2368028282464771	0.21185293304277755	0.00923557136373266	4.191223258948495E-6	0.21485340733330266	0.009254939006433455	3.3364832513642853	-51.57428133943715
545000	-3981.4094281846255	-3929.521443641957	-51.887984542668455	-3929.521443641957	17.329422081998516	56.53219353196729	0.7936304299250637	0.5584026251157779	2.204794546637756	0.2368028282464771	0.5584026251157779	2.204794546637756	0.2368028282464771	0.30734142449043295	0.003872498881271874	1.203958977476593E-6	0.31761509328919213	0.0033524771507055296	4.266587924143692	-44.314388151622566
546000	-3850.9665821136828	-3820.085785354326	-30.880796759356702	-3820.085785354326	19.453316869370845	62.03500758982191	0.7936304299250637	0.19463344787705777	2.204794546637756	0.6005720054851972	0.19463344787705777	2.204794546637756	0.6005720054851972	0.1997718927086267	0.0015049071407198871	7.191929770525016E-8	0.17758081695079136	0.0015248718686021166	4.592053418233555	-46.66980503366706
547000	-3943.385920605781	-3911.438313772993	-31.947606832787983	-3911.438313772993	16.411724614872846	48.107034234586536	0.7936304299250637	0.5186840837773184	1.703335048860483	0.7779808673622096	0.5186840837773184	1.703335048860483	0.7779808673622096	0.22973957817867008	0.005576565640653342	1.4096720093772029E-6	0.20735596150934932	0.005542513094555543	3.8356697850887875	-39.930264888326235
548000	-4074.4708321719354	-4042.09802660126	-32.37280557067568	-4042.09802660126	20.992704734235048	47.860211816378	0.7936304299250637	0.5186840837773184	1.703335048860483	0.7779808673622096	0.5186840837773184	1.703335048860483	0.7779808673622096	0.21525430693384695	0.005708364131113148	2.4923844638572754E-6	0.27330802159789375	0.005860403504170039	1.7173072212680405	-35.82678122090255
549000	-3973.815820946431	-3967.650693360975	-6.165127585456245	-3967.650693360975	14.165144603230274	27.14635713859229	0.7936304299250637	0.5186840837773184	1.703335048860483	0.7779808673622096	0.5186840837773184	1.703335048860483	0.7779808673622096	0.20325496929977377	0.0084002141872372	2.5967333265739233E-6	0.18752815377101406	0.008426035372188967	1.370256050036455	-18.395964914741818
550000	-3920.630742603472	-3926.141259106654	5.5105165031824725	-3926.141259106654	14.165144603230274	23.081452048641108	0.7936304299250637	0.0918930895866481	2.1301260430511535	0.7779808673622096	0.0918930895866481	2.1301260430511535	0.7779808673622096	0.19570822178860178	0.006890483202996163	1.0466258656833339E-6	0.14990685935603187	0.006896195334752841	1.0254567411566753	-12.962335454809338
551000	-4101.816776289299	-4089.3298763386892	-12.486899950609356	-4089.3298763386892	14.219040532245709	26.341995006587798	0.7936304299250637	0.0918930895866481	2.1301260430511535	0.7779808673622096	0.0918930895866481	2.1301260430511535	0.7779808673622096	0.26762851052405195	0.014345543276335382	9.267718838746868E-6	0.22783138875227832	0.013356640482573817	0.8843947408120281	-15.193773326809913
552000	-3982.6717947666343	-4007.733585931969	25.061791165334792	-4007.733585931969	14.445610570874635	26.08033906562729	0.7936304299250637	0.0918930895866481	2.1301260430511535	0.7779808673622096	0.0918930895866481	2.1301260430511535	0.7779808673622096	0.08628839029216531	0.010422989964743	6.843030600983278E-7	0.07877164380445768	0.010493597990368591	0.9204157400096685	-16.696672324990573
553000	-3936.626296709994	-3933.301233012303	-3.325063697691169	-3933.301233012303	18.27201122132017	36.04020486689585	0.7936304299250637	0.0918930895866481	2.1301260430511535	0.7779808673622096	0.0918930895866481	2.1301260430511535	0.7779808673622096	0.17231212599526372	0.002748893809473452	2.239552162382692E-7	0.16545480202574028	0.0028544406305148155	1.009205843088809	-21.48957690532241
554000	-4021.804200831317	-4012.087779463435	-9.716421367882099	-4012.087779463435	14.758186472483821	22.733573003511463	0.7936304299250637	0.0918930895866481	2.1301260430511535	0.7779808673622096	0.0918930895866481	2.1301260430511535	0.7779808673622096	0.2678459344329828	0.006582587191335991	3.493028684044935E-6	0.2819744150425686	0.006840758497977564	0.48253930336319667	-7.726274032109387
555000	-3957.814659124636	-3945.569835783184	-12.244823341451864	-3945.569835783184	14.673302468779589	24.04306512629406	0.7936304299250637	0.0918930895866481	2.1301260430511535	0.7779808673622096	0.0918930895866481	2.1301260430511535	0.7779808673622096	0.32396186233546537	0.01057531379183926	1.1277017555658886E-5	0.290644267117231	0.012317803706251457	0.7054079167182828	-10.384055923537057
556000	-4040.454110446599	-4012.5866384520145	-27.86747199458433	-4012.5866384520145	14.628135814287493	25.82857942514513	0.7936304299250637	0.0918930895866481	2.1301260430511535	0.7779808673622096	0.0918930895866481	2.1301260430511535	0.7779808673622096	0.3039691658116582	0.01069700203192099	1.5842450088993814E-5	0.37759630379572906	0.010569718746280007	1.0860072965609773	-14.792012516602771
557000	-4072.1828990476797	-4011.9264629393488	-60.25643610833116	-4011.9264629393488	17.603084113451565	46.4891401782083	0.7936304299250637	0.0918930895866481	2.432128855071701	0.4759780553416621	0.0918930895866481	2.432128855071701	0.4759780553416621	0.46451599212913075	0.0017953631535466141	1.0086228869787823E-6	0.5248028343876544	0.0018489594375311381	1.9013125893141465	-37.437973506358375
558000	-3931.3985445431294	-3915.017715095877	-16.380829447252392	-3915.017715095877	14.717942161611283	31.721333674860603	0.7936304299250637	0.0918930895866481	2.432128855071701	0.4759780553416621	0.0918930895866481	2.432128855071701	0.4759780553416621	0.24969528389840948	0.006939458403118194	2.6465476019677095E-6	0.2267844560465792	0.007454131078077284	1.0695951418708145	-23.21229010154957
559000	-4072.1888746487944	-4061.3418036679122	-10.847070980882261	-4061.3418036679122	14.81126194332131	27.23157144922365	0.7936304299250637	0.40727833959061926	2.432128855071701	0.16059280533769094	0.40727833959061926	2.432128855071701	0.16059280533769094	0.2275409308820937	0.0034297225997083737	6.087865033426673E-7	0.22043192467850004	0.003326877115035049	0.8924796794713353	-14.455281754665547
560000	-3923.7968519739943	-3919.9348439056857	-3.862008068308591	-3919.9348439056857	14.784307272892672	21.294409385808173	0.7936304299250637	0.40727833959061926	2.432128855071701	0.16059280533769094	0.40727833959061926	2.432128855071701	0.16059280533769094	0.27243382154875617	0.012207680823404343	8.058666298876526E-6	0.23557356112303032	0.012450193903154402	0.8409968316497978	-6.893681355812819
561000	-4097.915021139541	-4089.776867646109	-8.138153493432052	-4089.776867646109	14.979531823176199	27.606619171393998	0.7936304299250637	0.00337812295154033	2.83602907171078	0.16059280533769094	0.00337812295154033	2.83602907171078	0.16059280533769094	0.21780662836120596	0.02253759141462114	2.2327353020910327E-5	0.21161018781298954	0.02268716019757387	0.8908190185964359	-16.238767357543587
562000	-4046.6106066513776	-4044.0745980068946	-2.5360086444831302	-4044.0745980068946	14.934477580896434	29.575981019231214	0.7936304299250637	0.22491781414286496	2.739218344190736	0.03586384166641003	0.22491781414286496	2.739218344190736	0.03586384166641003	0.1568441662431482	0.024209688944499607	1.5859520152250582E-5	0.15828913150544757	0.025281475768945814	1.1081210242125161	-20.90746206197671
563000	-4033.456179316274	-4028.8806110975534	-4.575568218720351	-4028.8806110975534	15.247803837724216	29.65196681877968	0.7936304299250637	0.22491781414286496	2.739218344190736	0.03586384166641003	0.22491781414286496	2.739218344190736	0.03586384166641003	0.15651134061845312	0.006830269065694802	1.4892240613546862E-6	0.1673457194870299	0.00724113991675887	1.019027336671722	-19.718696555419065
564000	-3933.7237879696504	-3924.5919877420843	-9.131800227565957	-3924.5919877420843	14.72220452392922	25.993085303650524	0.7936304299250637	0.22491781414286496	2.739218344190736	0.03586384166641003	0.22491781414286496	2.739218344190736	0.03586384166641003	0.2628807231753774	0.008023609162440307	3.6630275017048594E-6	0.22722734234012543	0.008579408805283524	0.8389784157914756	-13.835786721121366
565000	-3931.9559245529945	-3935.6548892491605	3.6989646961660503	-3935.6548892491605	17.930060820577545	34.55455439559567	0.7936304299250637	0.22491781414286496	2.739218344190736	0.03586384166641003	0.22491781414286496	2.739218344190736	0.03586384166641003	0.12544805898053257	0.00359648275355271	2.0779149738183881E-7	0.12993427445251488	0.003510505217614999	1.014689955285148	-23.400513202557057
566000	-4137.314164126473	-4135.791751577375	-1.5224125490976483	-4135.791751577375	17.013661746038274	39.34864612578599	0.7936304299250637	0.22491781414286496	2.739218344190736	0.03586384166641003	0.22491781414286496	2.739218344190736	0.03586384166641003	0.10378901433250014	0.002612941618463673	1.087347724650564E-7	0.122443685031653	0.0027014785315924196	1.6145387334000263	-30.432574102013483
567000	-3972.691132882347	-3946.4240808948384	-26.26705198750878	-3946.4240808948384	14.79956223776153	35.6422681984228	0.7936304299250637	0.22491781414286496	2.739218344190736	0.03586384166641003	0.22491781414286496	2.739218344190736	0.03586384166641003	0.27243621124700185	0.004052956839947633	1.156668680082966E-6	0.2605114455792746	0.004197006947251598	1.3543123670806367	-27.513209639842398
568000	-4002.5635141268713	-3981.96719897816	-20.59631514871147	-3981.96719897816	17.193594442683636	46.83414793953383	0.7936304299250637	0.22491781414286496	2.739218344190736	0.03586384166641003	0.22491781414286496	2.739218344190736	0.03586384166641003	0.17451373542376097	0.00246878021447656	1.8702309912940901E-7	0.174100512486653	0.0025270387715946897	1.7281358375075548	-37.5336861513314
569000	-3980.4274001492226	-3934.025666954075	-46.40173319514752	-3934.025666954075	19.185201734189388	43.88700448170438	0.7936304299250637	0.22491781414286496	2.739218344190736	0.03586384166641003	0.22491781414286496	2.739218344190736	0.03586384166641003	0.29092097678706436	0.010901536629797627	1.7664259736921484E-5	0.35996034697512225	0.010659116991172727	1.5775058994324935	-31.67311358679172
570000	-3917.8102836904477	-3913.8078744150152	-4.0024092754326395	-3913.8078744150152	14.61793463461596	29.60948169102737	0.7936304299250637	0.22491781414286496	2.739218344190736	0.03586384166641003	0.22491781414286496	2.739218344190736	0.03586384166641003	0.17112546206648271	0.003826605498299072	3.6339416723531025E-7	0.15978618790151136	0.003581024912277629	1.1244214591202297	-19.635321077972346
571000	-4041.318712189146	-3994.827194175986	-46.49151801316	-3994.827194175986	18.36108383462927	56.65807346840877	0.7936304299250637	0.22491781414286496	2.739218344190736	0.03586384166641003	0.22491781414286496	2.739218344190736	0.03586384166641003	0.3652113283626825	0.0065502832444907025	2.5815978217761897E-6	0.2618140363538845	0.006134265472063729	2.8672735908489924	-43.713940589051994
572000	-4173.289231982974	-4166.551183685022	-6.738048297952126	-4166.551183685022	15.273531061508773	42.73479469968325	0.7936304299250637	0.22491781414286496	2.739218344190736	0.03586384166641003	0.22491781414286496	2.739218344190736	0.03586384166641003	0.13935006983214004	0.0016696060790029781	4.613447288249992E-8	0.13202158375400358	0.0016841473275915311	2.6494616989211033	-35.03902469686141
573000	-3983.3983178261965	-3959.301209197239	-24.097108628957344	-3959.301209197239	14.677208561626447	33.286918583395796	0.7936304299250637	0.22491781414286496	2.739218344190736	0.03586384166641003	0.22491781414286496	2.739218344190736	0.03586384166641003	0.23936683933885022	0.006624999964592111	2.2502099165027035E-6	0.23871312210174087	0.0060793883985431575	1.1909717979839134	-25.9673623192095
574000	-3953.8898292160925	-3951.0565450839035	-2.833284132188754	-3951.0565450839035	14.298729292384042	24.509007872125075	0.7936304299250637	0.22491781414286496	2.739218344190736	0.03586384166641003	0.22491781414286496	2.739218344190736	0.03586384166641003	0.19268947338475872	0.007924040285311674	2.147992164624364E-6	0.19051669810630836	0.007843813171800553	1.6315545309614548	-17.86045761391285
575000	-4095.9937904829503	-4082.0925635842614	-13.901226898688751	-4082.0925635842614	14.546498799992781	19.32107329899103	0.7936304299250637	0.4208364707276936	2.5432996876059075	0.03586384166641003	0.4208364707276936	2.5432996876059075	0.03586384166641003	0.3328065924051811	0.008401968642308778	2.299702458320244E-5	0.49885119417812185	0.009209734759430654	0.45764564160490423	2.2657661394506823
576000	-4009.3320826542226	-3991.1244763950954	-18.207606259127267	-3991.1244763950954	15.309827838081919	28.13401736849233	0.7936304299250637	0.1525699357284801	2.3421898446731975	0.5052402195983335	0.1525699357284801	2.3421898446731975	0.5052402195983335	0.278044929337422	0.013172210633676129	1.179571604418154E-5	0.26489491903355167	0.012479774698478987	0.8199293280408437	-15.966398620186236
577000	-4014.8538973265563	-4013.9778479736333	-0.876049352923096	-4013.9778479736333	18.35266072834366	34.17928367829004	0.7936304299250637	0.1525699357284801	2.3421898446731975	0.5052402195983335	0.1525699357284801	2.3421898446731975	0.5052402195983335	0.15409605063918705	0.001786104098619474	8.766592504206402E-8	0.1651306291533548	0.001824534436386654	1.0772336252347006	-20.584607193147246
578000	-3931.4676114375065	-3907.1661497303176	-24.30146170718882	-3907.1661497303176	15.061088349050241	30.961440113950466	0.7936304299250637	0.1525699357284801	2.3421898446731975	0.5052402195983335	0.1525699357284801	2.3421898446731975	0.5052402195983335	0.28111606496639274	0.003350444685872516	9.638565845505922E-7	0.2915374286112607	0.0034604178613942354	1.0370171022214765	-22.235896351084257
579000	-3973.252273812642	-3928.5007765387463	-44.75149727389574	-3928.5007765387463	17.86335660168925	43.824128012847744	0.7936304299250637	0.41209094556384795	2.3421898446731975	0.24571920976296568	0.41209094556384795	2.3421898446731975	0.24571920976296568	0.34225000847762027	0.005714999902157809	3.7658279384016663E-6	0.3320368476196958	0.005532852455052204	2.888671454717303	-33.35189275859212
580000	-3891.2848558769747	-3874.6949765705563	-16.58987930641847	-3874.6949765705563	17.289761967357574	32.268884956063935	0.7936304299250637	0.05566318632280054	2.698617603914245	0.24571920976296568	0.05566318632280054	2.698617603914245	0.24571920976296568	0.27287518786512066	0.0053827544106735525	2.1358218991063775E-6	0.2534001316206399	0.005930967880046816	1.1174220842868097	-19.661876977655968
581000	-4080.7516734002425	-4037.7806251560783	-42.971048244164024	-4037.7806251560783	19.775046328645765	45.46588653362374	0.7936304299250637	0.05566318632280054	2.698617603914245	0.24571920976296568	0.05566318632280054	2.698617603914245	0.24571920976296568	0.36046804052868364	0.0013404782007109212	2.3900256475596906E-7	0.37970084160808265	0.0012564964955804592	2.5601027408538237	-32.60252643218378
582000	-3902.510277801375	-3856.046865602533	-46.46341219884196	-3856.046865602533	16.518503062719645	39.7849761751634	0.7936304299250637	0.05566318632280054	2.698617603914245	0.24571920976296568	0.05566318632280054	2.698617603914245	0.24571920976296568	0.3361498496637859	0.005158169250651692	4.522690686818428E-6	0.3833588758429158	0.005082884025835749	2.081511122575739	-31.423467088948108
583000	-3996.0786338737444	-3984.9186490717743	-11.159984801970259	-3984.9186490717743	15.72525519333136	39.41494767522484	0.7936304299250637	0.05566318632280054	2.698617603914245	0.24571920976296568	0.05566318632280054	2.698617603914245	0.24571920976296568	0.16146109655276725	0.003746292737183269	3.676211847375939E-7	0.15931975313754837	0.0038416646223718427	1.943820659821312	-32.272520454160784
584000	-3956.4084045885165	-3931.743644786084	-24.664759802432616	-3931.743644786084	15.784082785914697	33.556468597526326	0.7936304299250637	0.05566318632280054	2.698617603914245	0.24571920976296568	0.05566318632280054	2.698617603914245	0.24571920976296568	0.24555671727405715	0.003130653452945313	6.405497335993188E-7	0.2548359618772924	0.003153044220984961	1.324775837752819	-26.00013134017745
585000	-3932.1449777834364	-3910.9907013805823	-21.15427640285408	-3910.9907013805823	15.682480308311145	29.20463376078694	0.7936304299250637	0.05566318632280054	2.698617603914245	0.24571920976296568	0.05566318632280054	2.698617603914245	0.24571920976296568	0.24555671727405715	0.013301125110691585	1.3801574331948257E-5	0.270165127536608	0.013752387523502965	0.9707243380549426	-18.42995246295019
586000	-3966.0287965024386	-3975.0710210092448	9.042224506806111	-3975.0710210092448	15.8897813120991	26.20239424706134	0.7936304299250637	0.05566318632280054	2.698617603914245	0.24571920976296568	0.05566318632280054	2.698617603914245	0.24571920976296568	0.1484493127736185	0.020066070443673135	9.238505171216431E-6	0.1455239739729733	0.021774459947981013	0.6044810738475669	-11.65807818608217
587000	-3973.007746704071	-3954.4835252376356	-18.52422146643539	-3954.4835252376356	15.247279605814374	27.373540315635246	0.7936304299250637	0.05566318632280054	2.698617603914245	0.24571920976296568	0.05566318632280054	2.698617603914245	0.24571920976296568	0.20217435641874487	0.019474323320788186	2.767110842632917E-5	0.25638766868214014	0.021806304233625687	0.9494173922168939	-16.861549900518483
588000	-4042.948558084923	-3995.897296453803	-47.051261631120134	-3995.897296453803	14.767187252307279	38.32705803019691	0.7936304299250637	0.22172023830452434	2.532560551932521	0.24571920976296568	0.22172023830452434	2.532560551932521	0.24571920976296568	0.3823309444219571	0.0071912787423103666	7.890572063080221E-6	0.3954896660571105	0.007580522679123352	2.0654617617207016	-33.31969163297201
589000	-4017.372472460061	-3991.3897027990315	-25.982769661029472	-3991.3897027990315	14.213466534586273	25.9442041994371	0.7936304299250637	0.47183693430600915	2.2824438559310365	0.24571920976296568	0.47183693430600915	2.2824438559310365	0.24571920976296568	0.4084087154365978	0.005474005444429885	7.938039480371455E-6	0.535646392917808	0.005446993594950497	0.9579543418764748	-15.170322944698741
590000	-3849.6494473650187	-3836.030600280217	-13.6188470848016	-3836.030600280217	17.358504540012987	39.61462347282218	0.7936304299250637	0.47183693430600915	2.2824438559310365	0.24571920976296568	0.47183693430600915	2.2824438559310365	0.24571920976296568	0.17086969137642838	0.004135379181741187	6.030873109334572E-7	0.18171212999753997	0.004262231234050795	1.8323085912747172	-29.27014368093904
591000	-4041.1910687764475	-4030.816241455147	-10.374827321300396	-4030.816241455147	15.330023799909348	44.69228831503511	0.7936304299250637	0.47183693430600915	2.2824438559310365	0.24571920976296568	0.47183693430600915	2.2824438559310365	0.24571920976296568	0.13344054841744823	0.0011969625198187978	2.371477377521662E-8	0.13060958508721082	0.0011706803834868511	2.4275791590522773	-37.727963744206384
592000	-4047.736888527105	-4019.1488821008934	-28.58800642621126	-4019.1488821008934	22.196783241988797	58.899023327190235	0.7936304299250637	0.47183693430600915	2.2824438559310365	0.24571920976296568	0.47183693430600915	2.2824438559310365	0.24571920976296568	0.22821953149469468	0.0024461277307813406	2.2248948551603787E-7	0.20114586500870404	0.0023493538438875985	2.674463190314308	-39.93572937522405
593000	-3804.4472667709733	-3789.7293643147154	-14.717902456257903	-3789.7293643147154	22.10156623124182	59.92935079628771	0.7936304299250637	0.6003484823263194	2.1539323079107264	0.24571920976296568	0.6003484823263194	2.1539323079107264	0.24571920976296568	0.13205374058521155	0.0030421223333353836	1.4518520917540427E-7	0.12599274761803675	0.002986242757878988	3.2065323943416106	-41.67497841022186
594000	-4050.3484551565452	-4023.1279863575246	-27.220468799020605	-4023.1279863575246	18.196912581349768	48.27695617276426	0.7936304299250637	1.1143746810406814	1.6399061091963643	0.24571920976296568	1.1143746810406814	1.6399061091963643	0.24571920976296568	0.1581413191352932	0.0030401190004610717	3.9124258522519203E-7	0.20081647541103329	0.003004207475923044	1.672509888526769	-38.60696196278023
595000	-4235.788870664379	-4186.817741362482	-48.97112930189724	-4186.817741362482	16.762014044707172	41.32610527248265	0.7936304299250637	1.1143746810406814	1.6399061091963643	0.24571920976296568	1.1143746810406814	1.6399061091963643	0.24571920976296568	0.46002353280073544	0.0025123947060596606	1.453985561358489E-6	0.47956286636363993	0.002801265003419208	3.309556296040451	-33.877519469759534
596000	-3893.2131024044393	-3880.12435313216	-13.088749272278879	-3880.12435313216	15.066167201921745	36.69544924497024	0.7936304299250637	1.1143746810406814	1.6399061091963643	0.24571920976296568	1.1143746810406814	1.6399061091963643	0.24571920976296568	0.1303143637339471	0.0016768686810374165	6.42423578746928E-8	0.14911579342383163	0.0016838697743464127	1.6361469004198181	-33.518032259756815
597000	-4190.090430413832	-4177.864134444615	-12.226295969217412	-4177.864134444615	14.728750271345143	27.12125526623368	0.7936304299250637	1.1143746810406814	1.6399061091963643	0.24571920976296568	1.1143746810406814	1.6399061091963643	0.24571920976296568	0.18397422426962068	0.0147502120035162	1.246451424875487E-5	0.2293414537181554	0.015353129180978864	0.7009948506147459	-16.903902398402696
598000	-3931.0871441016634	-3952.51415021453	21.42700611286679	-3952.51415021453	15.216265945854595	28.649835149950054	0.7936304299250637	0.512534425445522	2.2417463647915237	0.24571920976296568	0.512534425445522	2.2417463647915237	0.24571920976296568	0.07439873387169434	0.010160747962330097	7.535627513350507E-7	0.08375846994591095	0.010519240292482246	1.107763655409415	-18.953284792708523
599000	-4000.2602232478257	-4004.141001037386	3.8807777895605806	-4004.141001037386	19.96084333332961	43.52135636472305	0.7936304299250637	0.512534425445522	2.2417463647915237	0.24571920976296568	0.512534425445522	2.2417463647915237	0.24571920976296568	0.10210276406911144	0.0020888311508088474	5.2531764939125375E-8	0.10771488698978567	0.0021080291646661496	1.781718993485787	-29.164730177570256
600000	-4045.992787170576	-4042.994318236161	-2.9984689344152415	-4042.994318236161	14.704109827542194	28.26301098551128	0.7936304299250637	0.512534425445522	1.6606763995846974	0.8267891749697919	0.512534425445522	1.6606763995846974	0.8267891749697919	0.1720441083482827	0.006864682561096847	1.5461682225199127E-6	0.1710986053771923	0.007461050737318543	1.1965664110934846	-19.477058993910457
601000	-4198.136487971997	-4182.528856889967	-15.607631082029778	-4182.528856889967	14.233084727771045	23.06726733012387	0.7936304299250637	0.817230677269442	1.6606763995846974	0.5220929231458719	0.817230677269442	1.6606763995846974	0.5220929231458719	0.306253362731704	0.025163731220446	8.48479544090834E-5	0.3476136452241555	0.0261614966007959	0.4947285421606806	-8.072607730892491
602000	-4058.1538093646946	-4068.656324518806	10.502515154111213	-4068.656324518806	14.465297775249688	33.20813965738395	0.7936304299250637	0.16434186934675388	1.6606763995846974	1.17498173106856	0.16434186934675388	1.6606763995846974	1.17498173106856	0.09324613709415855	0.004756620345704839	2.1178716476341502E-7	0.09783266467432862	0.004727756158604453	1.9416720353787023	-26.21775849352379
603000	-3986.460625344847	-3989.113246349862	2.652621005015141	-3989.113246349862	14.492080702139395	33.20486043300978	0.7936304299250637	0.16434186934675388	1.6606763995846974	1.17498173106856	0.16434186934675388	1.6606763995846974	1.17498173106856	0.11214434131360831	0.0029164445630233504	1.2560227171383383E-7	0.11982784448286592	0.002991883098306392	1.9416720353787023	-27.199644209287662
604000	-4013.4014032544455	-4006.3418120655033	-7.059591188942264	-4006.3418120655033	17.15757696598001	44.62964868726129	0.7936304299250637	0.16434186934675388	1.6606763995846974	1.17498173106856	0.16434186934675388	1.6606763995846974	1.17498173106856	0.12279263860427421	0.004141255294688759	3.020699219824557E-7	0.13085430394737393	0.004302384081629897	2.188489733376728	-34.884005071598764
605000	-4082.273652300133	-4069.301371094155	-12.972281205977927	-4069.301371094155	14.291001655457753	46.41053102917791	0.7936304299250637	0.16434186934675388	1.6606763995846974	1.17498173106856	0.16434186934675388	1.6606763995846974	1.17498173106856	0.14609410958523278	0.01157631556054039	1.6850405309723951E-6	0.11297809185724703	0.012269248557900016	3.4512444758195646	-40.87924273591592
606000	-4064.0687391011984	-4013.120159767766	-50.948579333432434	-4013.120159767766	25.262975576889627	78.56404545677026	0.7936304299250637	0.16434186934675388	1.6606763995846974	1.17498173106856	0.16434186934675388	1.6606763995846974	1.17498173106856	0.28360003094112	0.0014289991150011072	2.017894752426866E-7	0.30456105773216374	0.0014926962664407637	4.662014812338747	-50.53149522285177
607000	-3874.9303779729275	-3847.2565798337664	-27.673798139160958	-3847.2565798337664	18.97815802365745	68.5070146930883	0.7936304299250637	0.5258547086023386	1.2991635603291127	1.17498173106856	0.5258547086023386	1.2991635603291127	1.17498173106856	0.16260583188871952	0.001689744934238912	5.2075154298907886E-8	0.13723215737554634	0.0016873816364167753	6.669167880097407	-50.90438520187181
608000	-3854.696371567536	-3803.08232711402	-51.6140444535162	-3803.08232711402	19.292640046225472	84.94666817357593	0.7936304299250637	0.5258547086023386	1.583848918514646	0.8902963728830267	0.5258547086023386	1.583848918514646	0.8902963728830267	0.1968872426485672	0.0021691726635593555	1.6823694475887287E-7	0.19620297001218429	0.0020914771235530463	7.223066690022101	-60.2153394280184
609000	-3954.489231098494	-3876.5031007511566	-77.9861303473377	-3876.5031007511566	28.61013836483301	97.38660629282565	0.7936304299250637	0.5258547086023386	1.583848918514646	0.8902963728830267	0.5258547086023386	1.583848918514646	0.8902963728830267	0.43177485856692305	7.719791187089304E-4	1.260751014984902E-7	0.40520469931497116	7.776379850772448E-4	8.009723032969175	-56.401454653931516
610000	-4163.7284533259535	-4134.0744664853855	-29.653986840568297	-4134.0744664853855	17.87725834627391	68.95477907483188	0.7936304299250637	0.5258547086023386	1.583848918514646	0.8902963728830267	0.5258547086023386	1.583848918514646	0.8902963728830267	0.1104342378238088	0.0062642661373754	7.45840974351746E-7	0.1375175563793766	0.006209964771574104	6.659605758138294	-52.09368286552815
611000	-4111.328864554004	-4112.962419430268	1.6335548762637366	-4112.962419430268	14.632827134689178	40.29651787083544	0.7936304299250637	0.5258547086023386	1.583848918514646	0.8902963728830267	0.5258547086023386	1.583848918514646	0.8902963728830267	0.09099423247604717	0.011219629982650916	9.649956067577957E-7	0.08720606984146405	0.011473943664083849	1.7680428260636538	-37.00764448775055
612000	-4196.678481831204	-4154.286324423049	-42.392157408155256	-4154.286324423049	17.88961486099953	45.354310943889715	0.7936304299250637	0.5258547086023386	1.583848918514646	0.8902963728830267	0.5258547086023386	1.583848918514646	0.8902963728830267	0.27103994029535533	0.006392922615868899	4.9189660380185455E-6	0.3503098586947433	0.006491958462835765	3.1687400772468113	-36.20345901691743
613000	-4029.9365228488314	-3990.939693305135	-38.99682954369671	-3990.939693305135	16.156588596232734	42.59145454992448	0.7936304299250637	0.5258547086023386	1.583848918514646	0.8902963728830267	0.5258547086023386	1.583848918514646	0.8902963728830267	0.27085320915921296	0.006365771084279258	4.743480154251119E-6	0.3402559598756476	0.006253351859002574	2.535920505153132	-33.33653511447447
614000	-4180.445529214654	-4124.912362113051	-55.533167101602615	-4124.912362113051	16.59524002684204	62.19081485578482	0.7936304299250637	0.5258547086023386	1.583848918514646	0.8902963728830267	0.5258547086023386	1.583848918514646	0.8902963728830267	0.29822925914955367	0.0031418980439909864	8.282706673138311E-7	0.3129373250690104	0.002783347238566441	3.2686011279532665	-50.76235876921243
615000	-4026.281912844168	-3994.721338653051	-31.560574191116647	-3994.721338653051	14.643022389708333	47.820979543240284	0.7936304299250637	0.5258547086023386	1.583848918514646	0.8902963728830267	0.5258547086023386	1.583848918514646	0.8902963728830267	0.18479921045617512	0.0046762016472818675	8.956258003301723E-7	0.20348812321469154	0.004821991127988548	3.1274826314794786	-41.76086404699622
616000	-4270.796401392159	-4202.268973039624	-68.52742835253535	-4202.268973039624	44.841131352728	133.79351637016745	0.7936304299250637	0.5258547086023386	1.583848918514646	0.8902963728830267	0.5258547086023386	1.583848918514646	0.8902963728830267	0.3454993968639967	0.0016404837040063537	2.929133087199125E-7	0.3311738529023968	0.001633778072473551	9.703791011394717	-60.33307626590217
617000	-4133.683893038344	-4063.632652799695	-70.05124023864856	-4063.632652799695	26.762203307841634	116.47225986090974	0.7936304299250637	0.5258547086023386	1.9552609182922884	0.5188843731053842	0.5258547086023386	1.9552609182922884	0.5188843731053842	0.24391399461709187	0.003048033277590698	8.652869422774139E-7	0.28912306361861034	0.0030611452054995253	8.349853363666695	-67.85274161330382
618000	-3916.2919975078166	-3867.9063298626	-48.3856676452165	-3867.9063298626	27.52471836318896	99.66439564525737	0.7936304299250637	0.5258547086023386	1.9552609182922884	0.5188843731053842	0.5258547086023386	1.9552609182922884	0.5188843731053842	0.15071857130446942	9.627489307313462E-4	3.704839586419463E-8	0.19270213422525895	0.0010257601561271632	10.063530404027237	-59.87409291098878
619000	-3970.4019488112885	-3939.934145625857	-30.46780318543131	-3939.934145625857	17.257117403568046	54.60194023656415	0.7936304299250637	0.5258547086023386	1.9552609182922884	0.5188843731053842	0.5258547086023386	1.9552609182922884	0.5188843731053842	0.21692772994732332	0.0010170883250377077	3.9851487477437966E-8	0.19812626910773862	0.001070836414467985	4.208209277169813	-44.17904980693835
620000	-4031.0465967406876	-4007.313600193716	-23.73299654697164	-4007.313600193716	16.746046404460905	39.801267880814386	0.7936304299250637	0.9856627486200886	1.9552609182922884	0.05907633308763416	0.9856627486200886	1.9552609182922884	0.05907633308763416	0.20838773240449718	0.0013640690153711782	8.283973523112167E-8	0.21456292700290538	0.0012802604602515858	1.317307476955715	-30.834299467562733
621000	-4063.24452773612	-4033.760356242242	-29.484171493877778	-4033.760356242242	15.454195514933621	47.2433202909402	0.7936304299250637	0.9856627486200886	1.9552609182922884	0.05907633308763416	0.9856627486200886	1.9552609182922884	0.05907633308763416	0.18457307166317344	0.005800796274657489	1.0210947821233773E-6	0.18771758925783816	0.0057677438517436674	2.0318121497348303	-42.31544904616916
622000	-3838.8458468318913	-3810.7498471257177	-28.09599970617353	-3810.7498471257177	14.35210516724138	38.289196954670196	0.7936304299250637	0.8984816508657472	1.586567859760271	0.5149504893739929	0.8984816508657472	1.586567859760271	0.5149504893739929	0.24050079899417745	0.005224647603242652	1.5422634439042895E-6	0.23538438249050286	0.0059909351266706715	2.3523838526223777	-32.4363790175473
623000	-3981.7152257288612	-3935.758034013863	-45.9571917149984	-3935.758034013863	21.70799350339576	54.85285576027974	0.7936304299250637	0.5868681057809995	1.933184105298342	0.4799477889206696	0.5868681057809995	1.933184105298342	0.4799477889206696	0.27659394336932724	0.0036357426273826454	1.3372833283476543E-6	0.30576715077134103	0.003749208798628364	1.9378147884874402	-40.80575979956288
624000	-4095.6035086646125	-4073.8172513643567	-21.78625730025556	-4073.8172513643567	16.00657660311517	42.23718476706799	0.7936304299250637	0.5868681057809995	1.933184105298342	0.4799477889206696	0.5868681057809995	1.933184105298342	0.4799477889206696	0.20876353889277885	0.00569187561470386	1.0458329839956787E-6	0.18060181608965506	0.005727511223660279	2.497327324220056	-35.88655384561062
625000	-3887.8088995989974	-3877.6536535550663	-10.15524604393128	-3877.6536535550663	16.246574542461204	29.263813970607522	0.7936304299250637	0.5868681057809995	1.933184105298342	0.4799477889206696	0.5868681057809995	1.933184105298342	0.4799477889206696	0.24663185496112552	0.006060869717016447	1.5979038561565823E-6	0.2046477765765658	0.00632246066925254	0.7761915021904291	-18.74841007970741
626000	-4018.391119528428	-4019.649056052736	1.2579365243076606	-4019.649056052736	15.315081412463304	28.5570453212122	0.7936304299250637	0.26818764692814073	1.933184105298342	0.7986282477735283	0.26818764692814073	1.933184105298342	0.7986282477735283	0.15107466202162634	0.003712252440981099	3.2105086826781896E-7	0.1491429223920085	0.0037134363336232424	0.9649886588693062	-18.165385118204398
627000	-4042.209895065526	-4058.198773692463	15.98887862693721	-4058.198773692463	14.371132175298193	19.1582267909237	0.7936304299250637	0.26818764692814073	1.933184105298342	0.7986282477735283	0.26818764692814073	1.933184105298342	0.7986282477735283	0.19227043583492506	0.024468999345801334	1.7104803570402304E-5	0.15977299504212392	0.025174217082284667	0.36767703015747255	2.2279997191953718
628000	-4238.087698080527	-4200.931789933886	-37.1559081466408	-4200.931789933886	14.334155986442168	19.048798374208378	0.7936304299250637	0.26818764692814073	1.933184105298342	0.7986282477735283	0.26818764692814073	1.933184105298342	0.7986282477735283	0.4999364250293184	0.04033052385829357	6.589649488250122E-4	0.6388288239175627	0.03342979311462008	0.25832019726093053	3.3779173952171817
629000	-3968.7181225621043	-3962.7335378454914	-5.984584716613187	-3962.7335378454914	14.419248733576932	23.640223927141086	0.7936304299250637	0.26818764692814073	1.933184105298342	0.7986282477735283	0.26818764692814073	1.933184105298342	0.7986282477735283	0.2609291271965135	0.004076715548324498	9.640315925501488E-7	0.22276583852940288	0.004195225978082637	0.7848411315279847	-10.008510528563887
630000	-4073.5784960831206	-4070.2413622262534	-3.3371338568673794	-4070.2413622262534	14.157092581589522	20.612594990438637	0.7557511969336875	0.26818764692814073	1.933184105298342	0.7986282477735283	0.26818764692814073	1.933184105298342	0.7986282477735283	0.29052855249607473	0.0030125233279873153	6.364661110752628E-7	0.26253043774490187	0.0030618236261096324	0.5253188712285883	-3.4154431670645593
631000	-4070.5251299010865	-4081.9844774869716	11.45934758588527	-4081.9844774869716	14.459062622267966	24.64860572657478	0.7557511969336875	0.6403369097519742	1.459731759647537	0.8999313306004997	0.6403369097519742	1.459731759647537	0.8999313306004997	0.12994414506223517	0.0231017223008536	7.610372772393821E-6	0.12333417357472604	0.021764966069610512	0.9706415393961726	-12.919656393930497
632000	-4147.551165157068	-4159.9359241944985	12.384759037431134	-4159.9359241944985	14.268479987482674	19.529095939041348	0.7557511969336875	0.6403369097519742	2.0898109743994646	0.26985211584857194	0.6403369097519742	2.0898109743994646	0.26985211584857194	0.19599445966125933	0.006901423429482977	1.8297090264731415E-6	0.20466833520924937	0.006614211711172439	0.3530362129726943	1.7548440662832396
633000	-4093.538049521337	-4134.369103723857	40.83105420251989	-4134.369103723857	14.563937632808724	25.9911421706444	0.6471971704342578	0.6403369097519742	2.0898109743994646	0.26985211584857194	0.6403369097519742	2.0898109743994646	0.26985211584857194	0.0565353940929476	0.007456061927226826	1.9392210999687557E-7	0.058606998783407784	0.007483559358896268	0.9336160054074844	-13.62428664094111
634000	-3952.8654069686622	-3945.77463703763	-7.090769931032359	-3945.77463703763	14.664746045368094	25.20556169401485	0.6471971704342578	0.6403369097519742	2.0898109743994646	0.26985211584857194	0.6403369097519742	2.0898109743994646	0.26985211584857194	0.2575776818469709	0.008277168703190282	2.951009104252896E-6	0.20630623524999178	0.008197653965625362	0.9946740483327483	-13.692011109674075
635000	-4087.8920009917038	-4092.694599677163	4.802598685459031	-4092.694599677163	14.810938438453485	31.530956806956745	0.6471971704342578	0.16195259735896828	2.0898109743994646	0.7482364282415779	0.16195259735896828	2.0898109743994646	0.7482364282415779	0.14783503166077197	0.0057811051030896505	5.459296832358989E-7	0.12967001009538462	0.005809981198694406	1.6487642541679288	-22.82661932646052
636000	-4016.1878157701017	-3974.5087915590307	-41.67902421107113	-3974.5087915590307	14.4932833113973	26.610572402554723	0.6471971704342578	0.16195259735896828	2.0898109743994646	0.7482364282415779	0.16195259735896828	2.0898109743994646	0.7482364282415779	0.4093163095004751	0.004599237496132267	7.833132057331439E-6	0.504168414335208	0.005496100325618395	0.7948855678476416	-14.98836725265913
637000	-4098.045316051995	-4114.95590899317	16.910592941174876	-4114.95590899317	14.590358006244434	25.907635133690963	0.6471971704342578	0.16195259735896828	2.605926079192004	0.23212132344903869	0.16195259735896828	2.605926079192004	0.23212132344903869	0.11625971504606278	0.010136416826980606	1.0890035133245174E-6	0.10253539289260678	0.009964057403246207	0.816309297403748	-14.493592723336995
638000	-4091.852266501838	-4071.1939355868717	-20.65833091496621	-4071.1939355868717	14.779879820533615	34.25840371308324	0.6471971704342578	0.16195259735896828	2.605926079192004	0.23212132344903869	0.16195259735896828	2.605926079192004	0.23212132344903869	0.2380631054016542	0.011048205802688825	5.673586319441876E-6	0.215038051026055	0.011024670952552917	1.7167912710748179	-28.523354786492245
639000	-3970.2209393475655	-3946.388110316523	-23.83282903104254	-3946.388110316523	14.638991931244604	26.71965736048189	0.6471971704342578	0.16195259735896828	2.605926079192004	0.23212132344903869	0.16195259735896828	2.605926079192004	0.23212132344903869	0.2796249951277496	0.004474893031333674	1.3445283381452476E-6	0.2696517705431795	0.003936645069964979	1.3074499599284322	-18.71672481063106
640000	-4264.842972351577	-4239.659606698508	-25.18336565306953	-4239.659606698508	16.760999613683758	34.773434117316576	0.6471971704342578	0.16195259735896828	2.605926079192004	0.23212132344903869	0.16195259735896828	2.605926079192004	0.23212132344903869	0.2710942671333599	0.015958854247471874	1.8513448022766476E-5	0.2686457329534649	0.016506349947283734	1.4498830079625542	-25.199429960066936
641000	-4033.3999002139285	-4030.3454338355605	-3.054466378367894	-4030.3454338355605	15.662810618779986	36.52583376438912	0.6471971704342578	0.16195259735896828	2.605926079192004	0.23212132344903869	0.16195259735896828	2.605926079192004	0.23212132344903869	0.11457658991908856	0.00407206270058304	2.8917624699556323E-7	0.1278346385580494	0.004265326110575889	2.1028228660219095	-30.090579581349857
642000	-4028.652465164395	-3998.7978310778453	-29.854634086549567	-3998.7978310778453	15.414535459500724	34.84182450642749	0.6471971704342578	0.16195259735896828	2.605926079192004	0.23212132344903869	0.16195259735896828	2.605926079192004	0.23212132344903869	0.2508952069589384	0.0036285436666214127	1.1735760856967647E-6	0.29143862639765433	0.0037299114561661945	2.483629264305838	-28.57246161751479
643000	-4061.3094897570286	-4046.239515003614	-15.069974753414273	-4046.239515003614	18.331306219775694	54.852270879807556	0.6471971704342578	0.16195259735896828	2.605926079192004	0.23212132344903869	0.16195259735896828	2.605926079192004	0.23212132344903869	0.14291315021390416	0.002143313834768838	8.124014433237112E-8	0.1286156570094966	0.00223720329923551	3.2623160546198524	-42.02635802183984
644000	-3934.0915953644158	-3871.3067326235687	-62.784862740847096	-3871.3067326235687	20.971694983065994	64.74825500220813	0.6471971704342578	0.16195259735896828	2.605926079192004	0.23212132344903869	0.16195259735896828	2.605926079192004	0.23212132344903869	0.3603478247102719	0.003338812693483403	1.437411359420262E-6	0.3602693104689898	0.0030447391719729136	3.3635294211770024	-46.20122904505102
645000	-3900.93472312899	-3848.582930446302	-52.351792682687986	-3848.582930446302	16.756917750879083	48.599471542927006	0.6471971704342578	0.16195259735896828	2.605926079192004	0.23212132344903869	0.16195259735896828	2.605926079192004	0.23212132344903869	0.3348444690609316	0.003660281938390349	2.24350061249841E-6	0.38781107703543866	0.003799144625712575	1.8051308374095956	-40.33823888128954
646000	-3989.1666480299905	-3960.198237371191	-28.968410658799314	-3960.198237371191	16.466889025691856	37.24260387322536	0.6471971704342578	0.16195259735896828	2.605926079192004	0.23212132344903869	0.16195259735896828	2.605926079192004	0.23212132344903869	0.28132566887756416	8.090357035079722E-4	5.568547486517343E-8	0.2792754966985873	8.61300873484951E-4	2.3600905832351997	-29.961992895129143
647000	-4057.321397634118	-4013.351116224451	-43.97028140966709	-4013.351116224451	17.804036451467002	54.05855787388759	0.6471971704342578	0.16195259735896828	2.605926079192004	0.23212132344903869	0.16195259735896828	2.605926079192004	0.23212132344903869	0.24268571139633754	0.0026625012541239444	5.718853964577738E-7	0.28217682070170386	0.0026668886978587726	3.2487841454997217	-41.89596343766053
648000	-4121.328723682952	-4065.7092046403036	-55.61951904264801	-4065.7092046403036	16.03337580229676	51.30048864328461	0.6471971704342578	0.16195259735896828	2.605926079192004	0.23212132344903869	0.16195259735896828	2.605926079192004	0.23212132344903869	0.36786168125260876	0.0030366592107956996	7.87478655813931E-7	0.2933740985847912	0.002826025556791398	6.459673791442525	-45.8923732984769
649000	-3974.2249481356644	-3946.8742513248517	-27.350696810812543	-3946.8742513248517	20.561849091664076	73.79618066324373	0.6471971704342578	0.16195259735896828	2.605926079192004	0.23212132344903869	0.16195259735896828	2.605926079192004	0.23212132344903869	0.13053807306058798	0.001137274076487136	2.215035549870009E-8	0.1351223066369887	0.0010949735554455285	4.425804133221088	-53.777476613814905
650000	-4014.56661143509	-3984.508478299544	-30.05813313554595	-3984.508478299544	17.308347141895425	56.00878681615446	0.6471971704342578	0.16195259735896828	2.1605078454927646	0.6775395571482781	0.16195259735896828	2.1605078454927646	0.6775395571482781	0.19725114076721884	0.007870976969703139	1.8987612589455215E-6	0.1793626702953382	0.007951446141309045	4.419347365395014	-44.31215508434658
651000	-4160.600867688539	-4124.235583812179	-36.36528387636052	-4124.235583812179	18.027258643090047	56.27327654722296	0.6471971704342578	0.16195259735896828	2.1605078454927646	0.6775395571482781	0.16195259735896828	2.1605078454927646	0.6775395571482781	0.2175922271424425	0.002962212411719062	2.870137505042302E-7	0.18386284459373223	0.0026977223499335128	3.159250275128881	-43.32680363940371
652000	-4028.7976937855733	-4013.1455472345006	-15.65214655107278	-4013.1455472345006	15.516874243689138	36.820688052254496	0.6471971704342578	0.4516592624766004	1.8708011803751325	0.6775395571482781	0.4516592624766004	1.8708011803751325	0.6775395571482781	0.20830952700235708	0.005275620584809587	8.886592510879171E-7	0.1861606720433632	0.005247846570460325	2.225803957134703	-29.04181500398235
653000	-4083.1266858836184	-4082.5679842218633	-0.5587016617552203	-4082.5679842218633	15.661258915721737	35.52994132906542	0.6471971704342578	0.755764422585766	1.8708011803751325	0.37343439703911246	0.755764422585766	1.8708011803751325	0.37343439703911246	0.1446572080338682	0.008790383941434832	1.136441380157417E-6	0.11797208976978771	0.009289256764991654	1.1495021757919368	-29.028947357154163
654000	-3946.07607768867	-3953.401329232585	7.325251543914916	-3953.401329232585	14.551850819543942	43.634864081141295	0.6471971704342578	0.755764422585766	1.8708011803751325	0.37343439703911246	0.755764422585766	1.8708011803751325	0.37343439703911246	0.07594826095560198	0.0044234248460921	1.2125286467153488E-7	0.07859126205481654	0.004425482835585868	2.4614069409691677	-38.10438587977551
655000	-4018.291304299521	-3986.648621302744	-31.642682996777125	-3986.648621302744	14.768334109786037	47.53080336371945	0.6471971704342578	0.755764422585766	1.8708011803751325	0.37343439703911246	0.755764422585766	1.8708011803751325	0.37343439703911246	0.18849236134576375	0.0025938707710956308	2.77612568610679E-7	0.20350700254674373	0.002533873122990311	3.8522224210052984	-42.55016450423024
656000	-4111.161554820794	-4065.0068649841346	-46.15468983665922	-4065.0068649841346	18.108491167233332	45.43857916921722	0.9758532326734962	0.755764422585766	1.8708011803751325	0.37343439703911246	0.755764422585766	1.8708011803751325	0.37343439703911246	0.3626255901476023	0.0014580366693192905	3.942542687637703E-7	0.4426876636606982	0.001413066515926132	2.560463122283408	-35.90409170202577
657000	-4094.2296403068185	-4095.4406859486166	1.2110456417979354	-4095.4406859486166	17.78621958432498	41.0745892158474	0.9758532326734962	0.5164606833585573	1.8708011803751325	0.6127381362663211	0.5164606833585573	1.8708011803751325	0.6127381362663211	0.09409756266464334	0.0024686783075435178	7.065765886250244E-8	0.10795497267945768	0.002417894069902099	2.663330292492237	-29.871341616896032
658000	-3982.164500676446	-3965.6263200906897	-16.53818058575662	-3965.6263200906897	17.529969755345917	39.594127073795676	0.9758532326734962	0.5164606833585573	1.8708011803751325	0.6127381362663211	0.5164606833585573	1.8708011803751325	0.6127381362663211	0.21625039596490897	0.001694526769425184	1.2730297036591795E-7	0.21164147856785331	0.0017636235621031951	2.0710986767473187	-28.76857771451745
659000	-4119.692196545085	-4089.8541481713787	-29.83804837370576	-4089.8541481713787	14.722914120745855	29.18570408111333	0.9758532326734962	0.5164606833585573	1.8708011803751325	0.6127381362663211	0.5164606833585573	1.8708011803751325	0.6127381362663211	0.37963461824135813	0.0021204287438054996	6.485567175772246E-7	0.38454938832765406	0.002112848742222328	1.0295447997762701	-19.161979378702913
660000	-4002.5400513916907	-4013.857094340274	11.317042948583744	-4013.857094340274	14.752539752162487	25.085256342488186	0.9758532326734962	0.5164606833585573	1.8708011803751325	0.6127381362663211	0.5164606833585573	1.8708011803751325	0.6127381362663211	0.1442856965091309	0.001949224708418284	6.783135298189178E-8	0.1334927152766273	0.001973972701784981	0.9587491401059068	-14.120803767871017
661000	-4027.9700042536797	-4048.9643529693153	20.994348715635436	-4048.9643529693153	16.0043810007915	26.78870330605477	0.9758532326734962	0.7294293959135513	2.03259066821154	0.2379799358749194	0.7294293959135513	2.03259066821154	0.2379799358749194	0.10675515695407976	0.001737444071828474	3.0297344895935296E-8	0.10067393901417696	0.001733106748181158	0.7094423773059497	-14.62396437504663
662000	-4042.7284551331995	-4046.6280528736124	3.899597740413004	-4046.6280528736124	14.411544622821985	21.906433947060435	0.9758532326734962	0.7294293959135513	2.03259066821154	0.2379799358749194	0.7294293959135513	2.03259066821154	0.2379799358749194	0.21934876605407455	0.0021966832725165033	2.2645109772925482E-7	0.22209106737255235	0.0021839399830668096	0.559242487184434	-5.280699021698551
663000	-4157.5051507577755	-4149.502682200754	-8.002468557021908	-4149.502682200754	14.295945865239801	20.588375655059682	0.9758532326734962	0.943286084714319	1.8187339794107726	0.2379799358749194	0.943286084714319	1.8187339794107726	0.2379799358749194	0.3200182041970715	0.0018623920114903326	3.7652542363942037E-7	0.33701344224780166	0.0017736816795549373	0.30175811237785644	-1.0370899767035684
664000	-4104.216101504582	-4122.668972402628	18.452870898045838	-4122.668972402628	14.423017966062776	22.752071213236764	0.9758532326734962	0.943286084714319	1.8187339794107726	0.2379799358749194	0.943286084714319	1.8187339794107726	0.2379799358749194	0.1385826519151975	0.0023313183483299094	8.384174008297241E-8	0.12508246588549932	0.0024089584786674656	0.9410635441216888	-9.867089494422014
665000	-4249.4838776871	-4281.189136841433	31.70525915433238	-4281.189136841433	14.340363731118835	18.993341853328406	0.9758532326734962	0.943286084714319	1.4140655844762813	0.6426483308094106	0.943286084714319	1.4140655844762813	0.6426483308094106	0.12538245216213734	0.0035365573777368445	1.7429907050809865E-7	0.12027543127842952	0.0034900238487155064	0.2792472487584342	3.2777283972656335
666000	-4104.726186802577	-4123.231933981134	18.50574717855644	-4123.231933981134	14.468631132837842	20.871842539284813	0.9758532326734962	0.943286084714319	1.4140655844762813	0.6426483308094106	0.943286084714319	1.4140655844762813	0.6426483308094106	0.18592915830133594	0.001129361286110303	2.9753167351956154E-8	0.15044199096572272	0.0011342712342148327	0.41524193931664805	-2.393785559588819
667000	-4271.456166324572	-4288.823909311811	17.36774298723907	-4288.823909311811	14.41659396493854	17.966483296244427	0.9758532326734962	0.943286084714319	1.4140655844762813	0.6426483308094106	0.943286084714319	1.4140655844762813	0.6426483308094106	0.19057697739021048	0.0011814725172243936	4.529701226453813E-8	0.18649382123288083	0.0010832083036144227	0.2225114102031213	7.4944443673449825
668000	-4135.985657635123	-4118.489166093773	-17.496491541350593	-4118.489166093773	15.620542221353842	27.842940199506266	0.9758532326734962	0.943286084714319	1.4140655844762813	0.6426483308094106	0.943286084714319	1.4140655844762813	0.6426483308094106	0.2816143719664208	0.0014094342237983611	1.5647898106243876E-7	0.2871053692834105	0.001368636640770506	0.8934726839512926	-16.53457070273124
669000	-4106.098825673417	-4106.681687806055	0.5828621326378509	-4106.681687806055	14.599517403617918	33.28778981016214	0.9758532326734962	0.943286084714319	1.4140655844762813	0.6426483308094106	0.943286084714319	1.4140655844762813	0.6426483308094106	0.13960902231199834	6.030130860432262E-4	5.8459680117180296E-9	0.12480884260295275	6.124455101100189E-4	1.7371562929771205	-27.26355495517243
670000	-4215.422162519203	-4183.003867258885	-32.418295260318025	-4183.003867258885	14.468160748170128	38.278455003153226	0.9758532326734962	0.943286084714319	1.4140655844762813	0.6426483308094106	0.943286084714319	1.4140655844762813	0.6426483308094106	0.27424704019058277	0.0017827010322447013	2.1172588185683364E-7	0.25794026717456725	0.0017806792546174676	1.2008861773699437	-34.973695909827846
671000	-4058.393897976957	-4021.214337896747	-37.17956008020991	-4021.214337896747	16.001955688797086	42.4760329561562	0.9758532326734962	0.943286084714319	1.4140655844762813	0.6426483308094106	0.943286084714319	1.4140655844762813	0.6426483308094106	0.29210410670628145	2.717360411666782E-4	1.0841228960525697E-8	0.3515328952757897	3.037269398037705E-4	2.2934552935570647	-33.37391410070621
672000	-4357.989270522743	-4285.290558729679	-72.69871179306385	-4285.290558729679	38.25259223749562	98.16698649035426	0.9758532326734962	1.4896593044554605	1.4140655844762813	0.09627511106826903	1.4896593044554605	1.4140655844762813	0.09627511106826903	0.5273120340149408	0.0020415553853693692	9.35088931560023E-7	0.6061981167864787	0.0016142946945326064	4.3643911928917705	-49.376786688638376
673000	-4113.898840226412	-4069.4298426553496	-44.468997571062836	-4069.4298426553496	18.114916687945527	47.02748501868973	0.9758532326734962	1.4896593044554605	1.4140655844762813	0.09627511106826903	1.4896593044554605	1.4140655844762813	0.09627511106826903	0.2635635478806404	6.694168969945148E-4	3.8461542216793315E-8	0.3127460762546565	5.850741202495099E-4	1.4920575631910729	-37.33729793222543
674000	-4065.9464317869943	-4076.7597134789157	10.8132816919215	-4076.7597134789157	19.21023367956654	52.394049086817375	0.9758532326734962	1.4896593044554605	1.4140655844762813	0.09627511106826903	1.4896593044554605	1.4140655844762813	0.09627511106826903	0.07065890554390947	0.0015268858458005706	1.1096701790559605E-8	0.0690550011843961	0.0015475374988140975	2.317989118047046	-38.93190150379957
675000	-4134.327583699048	-4125.815692479755	-8.511891219293128	-4125.815692479755	15.908791199873043	38.77631609406167	0.9758532326734962	1.4896593044554605	1.4140655844762813	0.09627511106826903	1.4896593044554605	1.4140655844762813	0.09627511106826903	0.14593691206177653	0.0012936928590202921	3.613783210505952E-8	0.146576061166805	0.001272230610060077	1.5983659877781515	-31.357987845554195
676000	-4110.117278463887	-4107.377657670816	-2.7396207930705927	-4107.377657670816	17.014490958317417	41.88434976192165	0.9758532326734962	0.7388530297545616	2.1648718591771803	0.09627511106826903	0.7388530297545616	2.1648718591771803	0.09627511106826903	0.14810526091906	0.001583911846182582	4.061562851442587E-8	0.12357079914118854	0.001702272155827836	1.8260882105336742	-32.355880094688146
677000	-4177.874056734061	-4178.255843575812	0.38178684175104927	-4178.255843575812	15.65206258007027	31.966519012854235	0.9758532326734962	0.7388530297545616	2.1648718591771803	0.09627511106826903	0.7388530297545616	2.1648718591771803	0.09627511106826903	0.17094613618483298	0.0016182023415392411	4.234575412193382E-8	0.1271012247661771	0.001562854737845189	1.0687031877814963	-22.695635104034007
678000	-4200.310047705199	-4176.261838235171	-24.048209470028663	-4176.261838235171	22.435639654007133	53.69409178074187	0.9758532326734962	0.7388530297545616	2.1648718591771803	0.09627511106826903	0.7388530297545616	2.1648718591771803	0.09627511106826903	0.1962348996038335	6.122024591062355E-4	1.5034356071576486E-8	0.1993430131689988	5.807359763849649E-4	2.1274522031083944	-34.273144712298006
679000	-4023.299458808766	-3951.7211558038634	-71.57830300490221	-3951.7211558038634	15.348369541899514	39.330916687766674	0.9758532326734962	0.7388530297545616	2.1648718591771803	0.09627511106826903	0.7388530297545616	2.1648718591771803	0.09627511106826903	0.5819272562623737	0.0011901171456779307	9.354836979490441E-7	0.7423777979029968	0.0010532550426057487	2.379254227219736	-31.65882848044619
680000	-4291.933311451912	-4279.252261167246	-12.681050284666359	-4279.252261167246	14.669596036948764	28.63564100639863	0.9758532326734962	0.7388530297545616	2.1648718591771803	0.09627511106826903	0.7388530297545616	2.1648718591771803	0.09627511106826903	0.2464587111254232	6.5963227967253E-4	2.8701470674160283E-8	0.24434732788435146	7.28357285116404E-4	0.9977434881768249	-18.76954175855762
681000	-4093.7530400601377	-4088.2100501107498	-5.542989949387858	-4088.2100501107498	16.275267576978372	37.459567537554214	0.9758532326734962	0.4536977995720155	2.1648718591771803	0.3814303412508151	0.4536977995720155	2.1648718591771803	0.3814303412508151	0.14727618067536502	0.0024498686335016322	1.157048334006794E-7	0.13781030892042342	0.002553115496070991	1.692116632059079	-30.6503830304028
682000	-4032.8747757086267	-3982.2136676184077	-50.661108090218995	-3982.2136676184077	31.007634742128985	98.21984416038885	0.9758532326734962	0.9025975557733689	1.715972102975827	0.3814303412508151	0.9025975557733689	1.715972102975827	0.3814303412508151	0.2462302359540879	6.14268666606633E-4	1.9826091886002353E-8	0.23286562095483715	6.300054452143676E-4	6.950053174876464	-56.805633619176696
683000	-4106.101453250155	-4058.890036132564	-47.21141711759127	-4058.890036132564	19.089246687343916	62.501495566343856	0.9758532326734962	0.6667966651991055	1.715972102975827	0.6172312318250784	0.6667966651991055	1.715972102975827	0.6172312318250784	0.28031049257519974	4.7709891846799916E-4	1.777914740110458E-8	0.2815576634312211	4.704735143220781E-4	4.511577956773384	-47.04013286432644
684000	-4080.26099241406	-4035.864173059551	-44.3968193545092	-4035.864173059551	17.871031669031815	56.47027427726218	0.9758532326734962	0.6667966651991055	1.715972102975827	0.6172312318250784	0.6667966651991055	1.715972102975827	0.6172312318250784	0.2686671541618248	6.284822902335857E-4	3.0178447731195204E-8	0.27921515825596643	6.183962419800113E-4	3.7403257587888654	-43.172249244108386
685000	-3967.1966763144155	-3956.1288319769274	-11.06784433748809	-3956.1288319769274	17.504052112830863	48.592765068901095	0.9758532326734962	0.6667966651991055	1.715972102975827	0.6172312318250784	0.6667966651991055	1.715972102975827	0.6172312318250784	0.11531998859358623	0.0012522602888745808	2.381932971280499E-8	0.12720642873514354	0.001218094267252757	4.034658303714149	-39.4099005711782
686000	-4257.504279464895	-4222.6782415003245	-34.826037964571164	-4222.6782415003245	15.602192068249044	44.21474084118616	0.9758532326734962	0.6667966651991055	1.715972102975827	0.6172312318250784	0.6667966651991055	1.715972102975827	0.6172312318250784	0.3298766994900885	0.001062319820927658	8.219525527804475E-8	0.25409077960703524	0.0012014225587864515	2.328416973049146	-36.705721140600794
687000	-4097.797332442098	-4099.711060987122	1.9137285450239865	-4099.711060987122	16.234508698516713	36.25426307505081	0.9758532326734962	0.6667966651991055	1.715972102975827	0.6172312318250784	0.6667966651991055	1.715972102975827	0.6172312318250784	0.15182657411186956	0.002300091842476289	7.570763505680553E-8	0.11739194898192813	0.0023502538971282567	1.5317949876681989	-26.499338110094833
688000	-4043.638476728389	-4031.889637968487	-11.748838759902018	-4031.889637968487	15.81250417935549	38.60861088640451	0.9758532326734962	0.6667966651991055	1.715972102975827	0.6172312318250784	0.6667966651991055	1.715972102975827	0.6172312318250784	0.16396166719830457	4.8809339379125665E-4	7.2335147150213795E-9	0.1711409001113721	4.949833571744358E-4	1.818571520067933	-31.370522336399514
689000	-4004.7179024837965	-3963.87788829021	-40.84001419358618	-3963.87788829021	16.618024910747195	48.90272960084124	0.9758532326734962	0.6667966651991055	1.715972102975827	0.6172312318250784	0.6667966651991055	1.715972102975827	0.6172312318250784	0.3279625236816568	9.415457183402105E-4	6.391406168633357E-8	0.2756712726551076	9.582266850521968E-4	1.92973928571506	-42.36301778571582
690000	-4169.1503903770845	-4140.080579309012	-29.069811068072163	-4140.080579309012	19.390211175237145	45.818750893127714	0.9758532326734962	0.19549409657712347	2.187274671597809	0.6172312318250784	0.19549409657712347	2.187274671597809	0.6172312318250784	0.22538374974495196	0.0010231671326403698	5.787298725153425E-8	0.23196700457576577	0.001078847043947432	1.5460388739561712	-32.52243865599971
691000	-4090.86605006895	-4041.083358488341	-49.782691580608436	-4041.083358488341	17.08876177255875	42.913508446110924	0.9758532326734962	0.19549409657712347	2.187274671597809	0.6172312318250784	0.19549409657712347	2.187274671597809	0.6172312318250784	0.3556233977148249	0.001525242013935292	2.7821066423419754E-7	0.35347055442382963	0.0013836946146949182	4.553935491246671	-37.91979331317399
692000	-4190.614108958537	-4148.386318171296	-42.22779078724137	-4148.386318171296	14.861845789881972	38.54037347768991	0.9758532326734962	0.19549409657712347	2.187274671597809	0.6172312318250784	0.19549409657712347	2.187274671597809	0.6172312318250784	0.3800565346885753	0.0019266091239693245	4.3607657702706085E-7	0.3640504595427375	0.0017496626371434948	2.063411208600624	-31.718467372430244
693000	-4021.2422323947503	-4033.860733736554	12.618501341803384	-4033.860733736554	20.21470573646156	54.82725991278947	0.9758532326734962	0.19549409657712347	2.187274671597809	0.6172312318250784	0.19549409657712347	2.187274671597809	0.6172312318250784	0.058188052238348026	8.358860987488666E-4	2.6191574501172176E-9	0.06194461095883543	8.181275820950553E-4	4.258052048959835	-41.165013418082275
694000	-4101.165969241269	-4054.195320396203	-46.970648845065625	-4054.195320396203	17.006123525701014	50.72136163138109	0.9758532326734962	0.19549409657712347	2.187274671597809	0.6172312318250784	0.19549409657712347	2.187274671597809	0.6172312318250784	0.37712433178046	6.857612826138771E-4	4.830987719346381E-8	0.3077516454073322	7.142563689367948E-4	3.791431865126945	-40.793261309525036
695000	-4059.193851648706	-4037.6541264045304	-21.53972524417591	-4037.6541264045304	21.611254592096973	63.234270962114735	0.9758532326734962	0.19549409657712347	2.187274671597809	0.6172312318250784	0.19549409657712347	2.187274671597809	0.6172312318250784	0.1620674496760669	4.3083050749317904E-4	4.766754809978158E-9	0.16329652816509174	4.346607575484062E-4	2.9523420193125145	-44.63441656093842
696000	-4027.9124779107137	-4019.9407302903905	-7.971747620323255	-4019.9407302903905	16.689407042671313	48.746304091986204	0.9758532326734962	0.19549409657712347	1.506755376478584	1.2977505269443033	0.19549409657712347	1.506755376478584	1.2977505269443033	0.11943866641355241	6.633762289793466E-4	5.801057680965172E-9	0.11547343048155623	6.524642050048055E-4	2.996861942752498	-39.79670649411034
697000	-4096.329181655404	-4071.2342933533055	-25.094888302097882	-4071.2342933533055	17.392833316384078	55.4252692984995	0.9758532326734962	0.19549409657712347	1.506755376478584	1.2977505269443033	0.19549409657712347	1.506755376478584	1.2977505269443033	0.1747907822459924	5.928842463880015E-4	1.0573740784828308E-8	0.1653222469126275	6.008332153300188E-4	3.4450455258123744	-43.13391087757916
698000	-4060.2303640235505	-4029.257750601522	-30.97261342202881	-4029.257750601522	16.054488303131414	51.94692681333255	0.9758532326734962	0.19549409657712347	1.7861737888211726	1.0183321146017146	0.19549409657712347	1.7861737888211726	1.0183321146017146	0.19437847101175976	9.46347258386207E-4	3.5698694204015915E-8	0.19013543466302854	9.535550942039468E-4	3.1856525160660683	-42.374141579091834
699000	-3981.11502379028	-3993.826166547617	12.711142757337338	-3993.826166547617	16.20138731608447	44.328626886084486	0.9758532326734962	0.19549409657712347	2.392438334523999	0.4120675688988883	0.19549409657712347	2.392438334523999	0.4120675688988883	0.09028104172884094	7.516896857152744E-4	2.6976270139716896E-9	0.07006737146068286	7.362171757499516E-4	2.149299730914807	-35.367615256865626
700000	-4059.953038119947	-4014.97159039182	-44.98144772812683	-4014.97159039182	18.375223930204562	61.68915147455709	0.9758532326734962	0.12782972791808894	2.4601027031830336	0.4120675688988883	0.12782972791808894	2.4601027031830336	0.4120675688988883	0.23522616082323455	3.0418221208208286E-4	6.3315260277821566E-9	0.2643710401124128	2.965016272487676E-4	3.684030249104045	-47.40764653151161
701000	-3948.0236129719015	-3915.9966492692142	-32.02696370268702	-3915.9966492692142	23.377832125854248	64.4939092678241	0.9758532326734962	0.12782972791808894	2.4601027031830336	0.4120675688988883	0.12782972791808894	2.4601027031830336	0.4120675688988883	0.20431788083136823	5.177988802405476E-4	1.1212937347224045E-8	0.19267859399359802	5.644281128221946E-4	3.1051340907184435	-44.183738064926104
702000	-4062.4142373627296	-4035.716871830521	-26.69736553220857	-4035.716871830521	17.231914496700437	40.82642267374996	0.9758532326734962	0.12782972791808894	2.4601027031830336	0.4120675688988883	0.12782972791808894	2.4601027031830336	0.4120675688988883	0.2166280359029646	0.0012032531473052308	8.361822382425905E-8	0.2396552053695209	0.001206903752427225	1.7497760244503784	-30.496010518980157
703000	-3973.0356483970154	-3928.6736156100887	-44.362032786926775	-3928.6736156100887	14.670298284992809	30.727195728339673	0.9758532326734962	0.12782972791808894	2.4601027031830336	0.4120675688988883	0.12782972791808894	2.4601027031830336	0.4120675688988883	0.47235866292984047	0.0013035303963351119	4.679333089809438E-7	0.5021616502390706	0.001374417782854341	1.202407673950919	-23.74380434638439
704000	-4049.6685250543023	-4032.5525398303243	-17.11598522397786	-4032.5525398303243	15.030221162638393	26.30416426899257	0.9758532326734962	0.12782972791808894	2.4601027031830336	0.4120675688988883	0.12782972791808894	2.4601027031830336	0.4120675688988883	0.26944623072832846	0.002794486126920431	5.68656678316343E-7	0.28341276556562917	0.0028418950578307277	0.6379371022017313	-15.595184202357624
705000	-4142.196304718098	-4132.421995218746	-9.774309499351684	-4132.421995218746	14.887973230698067	32.545318930553286	0.9758532326734962	0.12782972791808894	2.4601027031830336	0.4120675688988883	0.12782972791808894	2.4601027031830336	0.4120675688988883	0.21497322312465636	2.918804754368166E-4	3.0278996839079653E-9	0.18862402853198446	2.898843806520416E-4	1.480853384484554	-24.674568043397183
706000	-4061.6334594844416	-4015.868418750087	-45.765040734354656	-4015.868418750087	17.423895712066024	47.8808157516639	0.9758532326734962	0.12782972791808894	1.9838998182380183	0.8882704538439035	0.12782972791808894	1.9838998182380183	0.8882704538439035	0.41671706308317175	8.553400986633944E-4	1.0377385103427045E-7	0.36518397948444975	9.075192245718358E-4	2.977214986271642	-36.57505162759485
707000	-4132.235736215012	-4092.2282407098573	-40.00749550515528	-4092.2282407098573	23.352746228716732	71.18951681451543	0.9758532326734962	0.12782972791808894	1.9838998182380183	0.8882704538439035	0.12782972791808894	1.9838998182380183	0.8882704538439035	0.18091226350506784	4.4670394251990095E-4	7.209158605804889E-9	0.18709484544667057	4.2282572973141E-4	4.209051403916882	-49.338570658368624
708000	-3932.477669077842	-3935.686751264811	3.2090821869685455	-3935.686751264811	15.831654499368193	49.82798223170998	0.9758532326734962	0.12782972791808894	2.4294059008187086	0.4427643712632134	0.12782972791808894	2.4294059008187086	0.4427643712632134	0.08411517859859462	0.0011206600694647422	6.5899544288966755E-9	0.07232511451944022	0.0010945058811019915	4.111832726960597	-41.40669591971557
709000	-3991.073732778826	-3985.826454575569	-5.247278203257109	-3985.826454575569	14.973541917062411	32.08752739750257	0.9758532326734962	0.20949846330752903	2.3477371654292685	0.4427643712632134	0.20949846330752903	2.3477371654292685	0.4427643712632134	0.15894631229516523	0.0020394533543931365	1.11536693290071E-7	0.16313906893670274	0.0020110587384830907	0.9587592878687198	-24.887522301454286
710000	-3997.2739909534953	-3989.4982877797997	-7.775703173695596	-3989.4982877797997	14.275309560841588	30.170278414907045	0.9758532326734962	0.20949846330752903	2.3477371654292685	0.4427643712632134	0.20949846330752903	2.3477371654292685	0.4427643712632134	0.17861315575949496	0.0022057714429212995	1.526088774224584E-7	0.1793962117407834	0.0022263634121513216	0.9364608407235722	-23.893980217220914
711000	-4005.8415168560837	-3989.8178415909974	-16.02367526508634	-3989.8178415909974	14.533234280985532	37.186494620405114	0.9758532326734962	0.20949846330752903	2.3477371654292685	0.4427643712632134	0.20949846330752903	2.3477371654292685	0.4427643712632134	0.20405059674079493	0.0010323922643896328	2.494033552712608E-8	0.1562297610571314	9.682262898595465E-4	2.164908195295578	-31.382343749852144
712000	-3939.212691161564	-3941.9912513159743	2.778560154410242	-3941.9912513159743	14.146140656315783	28.043795436224208	0.9758532326734962	0.20949846330752903	2.3477371654292685	0.4427643712632134	0.20949846330752903	2.3477371654292685	0.4427643712632134	0.14270218352596856	0.002067171671948996	9.360853439732639E-8	0.14827483589265184	0.002023548769178562	0.8829952830199903	-18.485268043844354
713000	-3951.983090854403	-3952.042929569296	0.05983871489276993	-3952.042929569296	14.582173185645868	29.61411424178879	0.9758532326734962	0.20949846330752903	2.3477371654292685	0.4427643712632134	0.20949846330752903	2.3477371654292685	0.4427643712632134	0.1504317270686961	0.001298194888332315	3.768537535186808E-8	0.14847549018902165	0.0012990304801951146	0.8776994551324676	-22.616385656537883
714000	-4120.294613535899	-4093.8578901510596	-26.436723384839095	-4093.8578901510596	14.329709372622775	28.100325007917434	0.9758532326734962	0.20949846330752903	2.3477371654292685	0.4427643712632134	0.20949846330752903	2.3477371654292685	0.4427643712632134	0.3711799453092186	7.214045371009152E-4	5.6229293942279934E-8	0.2967641865694584	8.918511665595448E-4	1.424597258610339	-20.979963952762485
715000	-4057.9003110788026	-4048.5755090650728	-9.324802013729968	-4048.5755090650728	15.136756526078528	35.23714670081387	0.9758532326734962	0.5438869538649027	2.3477371654292685	0.1083758807058397	0.5438869538649027	2.3477371654292685	0.1083758807058397	0.1900554184031637	9.673508262496246E-4	3.0352764140216045E-8	0.1720014529232749	0.0010421290941304727	1.358372923301998	-28.06041976220552
716000	-4047.5285568440927	-4061.352086639503	13.823529795410199	-4061.352086639503	15.390618491009366	27.442306151657508	0.9758532326734962	0.5438869538649027	2.3477371654292685	0.1083758807058397	0.5438869538649027	2.3477371654292685	0.1083758807058397	0.12688444380189984	0.0011530578926906242	2.033590440961748E-8	0.12048317038210579	0.0011713516646077947	0.9658105466092767	-14.707751883240778
717000	-4131.198431662917	-4086.471864686739	-44.726566976177814	-4086.471864686739	15.281870321561101	43.01457657058623	0.9758532326734962	0.5438869538649027	2.3477371654292685	0.1083758807058397	0.5438869538649027	2.3477371654292685	0.1083758807058397	0.4072908140107166	0.00124062751992085	1.6714369127130322E-7	0.3356052482064111	0.001357343217978334	2.8306212388276752	-35.21929244193882
718000	-4057.5514392115	-4026.0359741935	-31.515465018000256	-4026.0359741935	15.577259703093105	42.91188566757225	0.9758532326734962	0.5438869538649027	2.3477371654292685	0.1083758807058397	0.5438869538649027	2.3477371654292685	0.1083758807058397	0.2007359000323903	0.001247272437829024	8.082223097210559E-8	0.22335072536578435	0.0012105237759894771	2.410586694564535	-36.03434195350777
719000	-4051.336729212912	-4026.83617218286	-24.500557030051638	-4026.83617218286	16.925266127880572	38.61191959463195	0.9758532326734962	0.5438869538649027	2.3477371654292685	0.1083758807058397	0.5438869538649027	2.3477371654292685	0.1083758807058397	0.20830976619109223	0.0017768650602508849	1.9668756055711336E-7	0.25395095913552806	0.0017608097040041637	1.6933770650075302	-28.82666685501981
720000	-4003.5443760613502	-3977.4795431717707	-26.0648328895794	-3977.4795431717707	17.183314709273787	38.45952625784074	0.9758532326734962	0.7471241572849678	2.1444999620092036	0.1083758807058397	0.7471241572849678	2.1444999620092036	0.1083758807058397	0.2563873947408463	0.0015522243039869607	1.4277548019727948E-7	0.2585578929424699	0.0014471515854273577	1.8595446310777177	-28.42885163427043
721000	-4111.7715411649815	-4103.8576946872245	-7.913846477757216	-4103.8576946872245	14.23709449121817	30.690484468746174	0.9758532326734962	0.7471241572849678	2.1444999620092036	0.1083758807058397	0.7471241572849678	2.1444999620092036	0.1083758807058397	0.20650498400552347	0.0011204685255140625	4.256704739821775E-8	0.176524793583055	0.0011392114890708986	1.4835325657384177	-23.25282648793483
722000	-3997.1050069690114	-3966.8188929226258	-30.286114046385766	-3966.8188929226258	17.160807244228444	34.09722968468577	0.9758532326734962	0.7471241572849678	2.1444999620092036	0.1083758807058397	0.7471241572849678	2.1444999620092036	0.1083758807058397	0.2870555073519096	0.002437411967000111	6.730759667106581E-7	0.33623843815869703	0.0025837059987845108	1.2369686363542454	-22.6221665790519
723000	-4123.577491590054	-4114.905072263766	-8.67241932628831	-4114.905072263766	14.48878250277399	24.52692290278079	0.9758532326734962	0.7471241572849678	2.1444999620092036	0.1083758807058397	0.7471241572849678	2.1444999620092036	0.1083758807058397	0.24188821055064988	0.00374090381591755	8.827729067099309E-7	0.24083363216561948	0.003815321101151854	0.6228325457401144	-10.743853660357557
724000	-4150.329939231101	-4128.350281472404	-21.979657758696284	-4128.350281472404	14.628941911059853	24.78368936877632	0.9758532326734962	0.7471241572849678	2.1444999620092036	0.1083758807058397	0.7471241572849678	2.1444999620092036	0.1083758807058397	0.26571770676607975	0.003416136446965665	1.104181156612194E-6	0.32653705324639953	0.0030506426339821213	0.5954421879612807	-12.263269392655676
725000	-4125.5410618009255	-4117.632651669602	-7.908410131324194	-4117.632651669602	14.4825477254259	22.789487055710133	0.9758532326734962	0.7471241572849678	2.1444999620092036	0.1083758807058397	0.7471241572849678	2.1444999620092036	0.1083758807058397	0.23269024823731557	0.002769083989265228	5.438502169609818E-7	0.23987119319040007	0.0028994249836182553	0.5197372773656336	-6.771977835897205
726000	-4103.2338392466145	-4102.20338752747	-1.03045171914445	-4102.20338752747	14.679218462553973	24.577428470905858	0.9758532326734962	0.7471241572849678	2.1444999620092036	0.1083758807058397	0.7471241572849678	2.1444999620092036	0.1083758807058397	0.19888123994274876	0.0016295846400701584	1.1525158999307626E-7	0.19607246406804743	0.0016892101420401566	0.5425499632705936	-13.749434529472925
727000	-4122.010295170172	-4137.523748317383	15.513453147211601	-4137.523748317383	15.321022581438225	32.24012226926871	0.9758532326734962	0.7471241572849678	2.1444999620092036	0.1083758807058397	0.7471241572849678	2.1444999620092036	0.1083758807058397	0.08791994453855483	0.00268750140675552	6.570881113763324E-8	0.09525633649659312	0.00267882342117984	1.7403938476538088	-23.23108547481402
728000	-4071.4943973962677	-4085.677419986548	14.183022590280578	-4085.677419986548	14.519308819716054	26.684574973838018	0.9758532326734962	0.7471241572849678	2.1444999620092036	0.1083758807058397	0.7471241572849678	2.1444999620092036	0.1083758807058397	0.11137740695564811	0.0016794691763414224	3.423445399555811E-8	0.11317622256681409	0.0016414542775849686	0.6217799523753191	-17.13386310312602
729000	-4109.239617109599	-4108.566051286864	-0.6735658227348336	-4108.566051286864	14.795787868281616	26.410754705012998	0.9758532326734962	0.7471241572849678	2.1444999620092036	0.1083758807058397	0.7471241572849678	2.1444999620092036	0.1083758807058397	0.19041353708986475	0.001515388506427067	8.880565418169754E-8	0.1989095817372689	0.0015688945855757213	0.6729393153117944	-13.41975597556086
730000	-4184.201567436602	-4142.976136029968	-41.225431406633845	-4142.976136029968	14.767604058275339	23.31675142787781	0.9758532326734962	0.7471241572849678	2.1444999620092036	0.1083758807058397	0.7471241572849678	2.1444999620092036	0.1083758807058397	0.46203464700423297	0.003159744128525141	3.6407242567912686E-6	0.5558876738604482	0.003101302817624259	1.2195619790259917	-13.309891328811174
731000	-4215.871643020522	-4189.590891374763	-26.280751645760063	-4189.590891374763	14.080842180137402	27.825791572792987	0.9758532326734962	0.7471241572849678	2.1444999620092036	0.1083758807058397	0.7471241572849678	2.1444999620092036	0.1083758807058397	0.3478184733703434	9.440802540816584E-4	1.1010845295115018E-7	0.3524164493924944	9.183168363324395E-4	1.002381749969017	-19.723097145816073
732000	-4040.54798067063	-4004.2433035808153	-36.30467708981447	-4004.2433035808153	14.984611658851087	33.9536357008253	0.9758532326734962	0.8795924606939473	1.6615011646856033	0.4589063746204608	0.8795924606939473	1.6615011646856033	0.4589063746204608	0.3384138170309815	0.0014751351898955683	2.887561013036993E-7	0.38090572956430874	0.001377409187103887	1.6952719320706975	-24.875801939253556
733000	-4155.525608035934	-4107.7942556293265	-47.731352406607314	-4107.7942556293265	17.29668639169936	56.123981717363144	0.9758532326734962	1.064147479837415	1.6615011646856033	0.2743513554769931	1.064147479837415	1.6615011646856033	0.2743513554769931	0.3039909955496983	4.1546504957017734E-4	1.4592990075774466E-8	0.2909274037607697	3.989811157079728E-4	3.7163900908087046	-43.376176876672965
734000	-4165.35107159092	-4132.036090007686	-33.31498158323387	-4132.036090007686	17.017819672330305	36.18518000738456	0.9758532326734962	1.064147479837415	1.6615011646856033	0.2743513554769931	1.064147479837415	1.6615011646856033	0.2743513554769931	0.3951503636485263	4.3155131834334893E-4	1.7241130836158967E-8	0.31284636397911975	3.9838071487745887E-4	1.3990605430899639	-25.896399724548864
735000	-4170.682988272587	-4122.564431596516	-48.11855667607044	-4122.564431596516	18.89281875384636	51.991388582037246	0.9758532326734962	0.6241717912315501	2.1014768532914685	0.2743513554769931	0.6241717912315501	2.1014768532914685	0.2743513554769931	0.23639282455591706	4.353601072704901E-4	1.8260712441027852E-8	0.3193471367829283	4.1735533691138963E-4	4.693729191422564	-41.07209448303859
736000	-4098.422356930651	-4076.138597965513	-22.28375896513881	-4076.138597965513	17.070069329611812	42.34163976277976	0.9758532326734962	0.6241717912315501	2.1014768532914685	0.2743513554769931	0.6241717912315501	2.1014768532914685	0.2743513554769931	0.23805963503646194	0.0015007390988544661	9.958463282394081E-8	0.21575536157356875	0.0014878492500985513	2.2936264856273367	-32.65022491711142
737000	-4139.919813202174	-4131.075470078159	-8.844343124014369	-4131.075470078159	18.125698275167846	39.22482394950225	0.9758532326734962	0.6241717912315501	2.1014768532914685	0.2743513554769931	0.6241717912315501	2.1014768532914685	0.2743513554769931	0.15915485473469226	0.0015373084875294621	5.847760825223697E-8	0.16314685277380686	0.0014723982099896166	2.2355530623557653	-28.095499269667737
738000	-4073.3562852330106	-4071.129150823041	-2.227134409969296	-4071.129150823041	15.585852085745692	35.167831888290046	0.9758532326734962	0.6241717912315501	2.1014768532914685	0.2743513554769931	0.6241717912315501	2.1014768532914685	0.2743513554769931	0.1788563499290501	0.0022299388303324203	9.83902322798654E-8	0.13790123087130246	0.0023226698814171553	1.5316370211688175	-25.702070490073417
739000	-4039.1017375701317	-4050.2057322245637	11.103994654432197	-4050.2057322245637	16.369800224970298	42.185412130580346	0.9758532326734962	0.6241717912315501	2.1014768532914685	0.2743513554769931	0.6241717912315501	2.1014768532914685	0.2743513554769931	0.08005356328480205	0.0010763968520328415	6.312915917861256E-9	0.0741051603578018	0.001047344224261923	1.7628648003251313	-33.57801208272776
740000	-4207.225791990137	-4186.0483557883845	-21.177436201752577	-4186.0483557883845	18.400731888799683	44.02243561800026	0.9758532326734962	0.6241717912315501	2.1014768532914685	0.2743513554769931	0.6241717912315501	2.1014768532914685	0.2743513554769931	0.20093495102732323	1.9029755421459349E-4	1.6493312662437127E-9	0.21158628980026592	1.867699967122812E-4	1.8214193428572771	-33.84485578557287
741000	-4191.122999549862	-4157.488992655363	-33.634006894498164	-4157.488992655363	19.4341201596172	42.80586620033429	0.9758532326734962	0.6241717912315501	2.1014768532914685	0.2743513554769931	0.6241717912315501	2.1014768532914685	0.2743513554769931	0.29064699930218696	9.176178823496964E-4	7.456281120770048E-8	0.3318294820791766	8.409329193026261E-4	1.4212903365344325	-29.816893831591237
742000	-3990.702780470207	-4009.439971683935	18.737191213727588	-4009.439971683935	14.680826914331043	41.38393270119602	0.9758532326734962	0.06894750752059209	2.1014768532914685	0.8295756391879511	0.06894750752059209	2.1014768532914685	0.8295756391879511	0.0663008714416256	8.927674414933999E-4	2.8318100851788102E-9	0.05927288221291225	9.074850067386266E-4	2.7022020785659304	-36.76492201079943
743000	-4152.355265280995	-4108.641691300117	-43.713573980877776	-4108.641691300117	25.16703351338593	76.8723378349153	0.9758532326734962	0.06894750752059209	2.1014768532914685	0.8295756391879511	0.06894750752059209	2.1014768532914685	0.8295756391879511	0.25066082196042605	7.79607211015777E-4	3.2244665351686813E-8	0.22482058832373297	7.915043597833401E-4	3.9358269776980572	-50.44062127536596
744000	-4158.826478942198	-4135.827135004026	-22.99934393817272	-4135.827135004026	17.610953836812115	57.25555665880508	0.9758532326734962	0.06894750752059209	2.1014768532914685	0.8295756391879511	0.06894750752059209	2.1014768532914685	0.8295756391879511	0.16574623232640118	7.426404162252107E-4	1.2704645771556814E-8	0.15733584385770075	7.227198035357353E-4	4.669055599721067	-44.89603823389275
745000	-4371.48320222649	-4365.6276345415545	-5.855567684935621	-4365.6276345415545	14.934250595642066	35.89841334897389	0.9758532326734962	0.06894750752059209	2.1014768532914685	0.8295756391879511	0.06894750752059209	2.1014768532914685	0.8295756391879511	0.13241135549117417	0.0019377312737641412	7.06046666513916E-8	0.1386617991924255	0.0019261521510617122	1.462844617805605	-31.61873333680226
746000	-4013.89477849128	-4002.8699683361124	-11.024810155167534	-4002.8699683361124	16.08515090055856	30.399473845806053	0.9758532326734962	0.06894750752059209	1.6311777365756512	1.2998747559037682	0.06894750752059209	1.6311777365756512	1.2998747559037682	0.24197702497470008	0.002305722269561182	2.599995663321476E-7	0.22230573943154244	0.0023765579687289027	1.5137902433040384	-20.708571043109053
747000	-4213.237536188421	-4199.683856210163	-13.553679978257614	-4199.683856210163	14.927851887458523	29.264415065343044	0.9758532326734962	0.06894750752059209	1.6311777365756512	1.2998747559037682	0.06894750752059209	1.6311777365756512	1.2998747559037682	0.24974249272010934	0.0018007404812692281	1.5791299582389773E-7	0.22612179932037496	0.0017478025544557837	1.3071678297747698	-19.990957182303553
748000	-3991.8712601036364	-3957.4845478176735	-34.38671228596284	-3957.4845478176735	15.941112921561546	30.7078113192511	0.9758532326734962	0.06894750752059209	1.6311777365756512	1.2998747559037682	0.06894750752059209	1.6311777365756512	1.2998747559037682	0.5167101981605301	0.001972065137373484	6.635436728961885E-7	0.43024212679955154	0.002242555683528457	1.4807239218108361	-20.316928580234887
749000	-4011.2704985562664	-3985.1664043815435	-26.104094174722704	-3985.1664043815435	16.295665915013068	29.11821269709335	0.9758532326734962	0.06894750752059209	1.6311777365756512	1.2998747559037682	0.06894750752059209	1.6311777365756512	1.2998747559037682	0.37665647688701015	7.05788977452361E-4	8.350153998487175E-8	0.39104329016299877	7.593280629481353E-4	1.1524170851894406	-17.244576296903183
750000	-4166.052109403657	-4144.250380309139	-21.801729094518485	-4144.250380309139	16.47755796077111	38.14787664373077	0.9758532326734962	0.348510577912067	2.061725405626895	0.5897640164610493	0.348510577912067	2.061725405626895	0.5897640164610493	0.23467829526635767	0.0021955436918633018	1.8772767347992162E-7	0.20230774362813303	0.0020324170413316724	1.7082155636866425	-28.85644488851413
751000	-4270.119487625818	-4252.945216798452	-17.174270827365717	-4252.945216798452	14.977998571981063	26.549427913315828	0.9758532326734962	0.348510577912067	2.061725405626895	0.5897640164610493	0.348510577912067	2.061725405626895	0.5897640164610493	0.2504507385833785	0.0025712480170097343	5.262449747413462E-7	0.2843547202310092	0.002474348965558102	1.199597030752818	-15.824714826474208
752000	-4063.2524063126953	-4047.464451619773	-15.787954692922217	-4047.464451619773	14.822512337571574	28.638097511615953	0.9758532326734962	0.348510577912067	2.061725405626895	0.5897640164610493	0.348510577912067	2.061725405626895	0.5897640164610493	0.1969073833895106	0.0019506813262357078	1.762880072324691E-7	0.215460937817938	0.0018504614960166458	1.3999804507498472	-20.12691982244043
753000	-3972.5960680685644	-3967.197384446544	-5.398683622020363	-3967.197384446544	14.197724275473517	24.81250994346056	0.9758532326734962	0.348510577912067	2.061725405626895	0.5897640164610493	0.348510577912067	2.061725405626895	0.5897640164610493	0.22631427719034392	0.0018902240164590017	1.4054687920402616E-7	0.20189202621762484	0.001763537702993687	1.0449486488486215	-13.571458055826996
754000	-4112.276029139146	-4081.8710273175197	-30.405001821626318	-4081.8710273175197	14.580645575989365	25.002171814927785	0.9758532326734962	0.348510577912067	2.061725405626895	0.5897640164610493	0.348510577912067	2.061725405626895	0.5897640164610493	0.45676377005446483	0.0014571494701306098	3.844461183492275E-7	0.4018030238913294	0.001613591100945121	0.9888409253999666	-13.375529108226495
755000	-4072.0478257237646	-4079.074655419702	7.026829695937407	-4079.074655419702	14.35876335039847	24.931915302211202	0.9758532326734962	0.348510577912067	1.6096606534955102	1.0418287685924341	0.348510577912067	1.6096606534955102	1.0418287685924341	0.1513652654667658	0.0026150449523414587	1.5402795286161691E-7	0.14696488510179667	0.0026032978329967	0.7525592628767616	-12.186598344586114
756000	-4061.1964810151007	-4034.8862072935162	-26.310273721584558	-4034.8862072935162	15.910037927114093	27.475791251126566	0.9758532326734962	0.348510577912067	1.6096606534955102	1.0418287685924341	0.348510577912067	1.6096606534955102	1.0418287685924341	0.38340811058881824	0.0014879399537377307	3.509492182902449E-7	0.38271873123565364	0.0015954966562395098	0.6235934369327316	-13.95635663394316
757000	-4020.6721626061876	-4002.4025104892767	-18.269652116911008	-4002.4025104892767	17.24993183541613	34.0956701752022	0.9758532326734962	0.348510577912067	1.6096606534955102	1.0418287685924341	0.348510577912067	1.6096606534955102	1.0418287685924341	0.20668301661948785	0.0011707491922965947	6.354749191027151E-8	0.22210071999819947	0.0010744156213164523	1.392840049056123	-22.732063584075824
758000	-4051.619284048255	-4035.453516508485	-16.16576753977003	-4035.453516508485	16.454912527269013	49.36334871362828	0.9758532326734962	0.348510577912067	1.6096606534955102	1.0418287685924341	0.348510577912067	1.6096606534955102	1.0418287685924341	0.13200833597056968	0.001333619782641583	3.47503655535019E-8	0.13779065378171917	0.0013763240460014986	4.198997114937063	-41.454989032601084
759000	-4178.288195000784	-4131.869047576384	-46.419147424399526	-4131.869047576384	19.769318884162445	47.41184487491144	0.9758532326734962	0.348510577912067	1.6096606534955102	1.0418287685924341	0.348510577912067	1.6096606534955102	1.0418287685924341	0.3914006588593004	0.002020486842247344	5.551324531567211E-7	0.39654950811972245	0.001898472640066972	2.352803697972545	-33.04668487838738
760000	-4153.902038801233	-4136.454034012493	-17.448004788739638	-4136.454034012493	19.36036291374832	47.620798392156	0.9758532326734962	0.348510577912067	1.6096606534955102	1.0418287685924341	0.348510577912067	1.6096606534955102	1.0418287685924341	0.18091887136735782	0.0017090164496846951	7.583002222169523E-8	0.16380559698114794	0.0016216112628985018	2.35474369986696	-34.42615454627011
761000	-4043.721274752858	-4042.7110051620134	-1.0102695908445338	-4042.7110051620134	14.68630726289388	27.305528314751534	0.9758532326734962	0.7670186164755107	1.6096606534955102	0.6233207300289905	0.7670186164755107	1.6096606534955102	0.6233207300289905	0.16541110556193722	8.740916870267465E-4	2.2478794406593317E-8	0.1640292665496055	9.449625532689425E-4	1.780939303320311	-20.898691317849615
762000	-4141.115828856179	-4146.375253042666	5.25942418648709	-4146.375253042666	15.029338208585049	33.1928385432129	0.9758532326734962	0.7670186164755107	1.6096606534955102	0.6233207300289905	0.7670186164755107	1.6096606534955102	0.6233207300289905	0.11002639411103128	7.812662341914697E-4	6.5811969947123086E-9	0.10402098961279062	7.648815821848111E-4	1.2135792536285652	-29.06938933709
763000	-4249.964186683504	-4242.23570885989	-7.7284778236134715	-4242.23570885989	15.923685728733776	30.290262052003936	0.9758532326734962	0.7670186164755107	1.6096606534955102	0.6233207300289905	0.7670186164755107	1.6096606534955102	0.6233207300289905	0.17650138086726744	3.2085362451134505E-4	4.648450049849998E-9	0.2199884909437768	2.9821071483586566E-4	1.2038275937914547	-18.35803518246178
764000	-4023.067051564791	-3993.732060401677	-29.33499116311458	-3993.732060401677	14.616949707964588	36.38240450964393	0.9758532326734962	0.7670186164755107	1.6096606534955102	0.6233207300289905	0.7670186164755107	1.6096606534955102	0.6233207300289905	0.30298802001821684	0.0017342619611722667	1.8577826494437875E-7	0.26822018911025614	0.001624442429357761	1.5398345661912445	-31.128536104824967
765000	-4138.577287731202	-4132.215980018502	-6.361307712700205	-4132.215980018502	14.711643764259389	27.929009452600628	0.9758532326734962	0.7670186164755107	1.6096606534955102	0.6233207300289905	0.7670186164755107	1.6096606534955102	0.6233207300289905	0.18101033775849087	0.0040627795565563955	6.112912153040508E-7	0.1903929181259003	0.0040275015725507535	1.2060390201523608	-18.70600731982558
766000	-4097.907872722065	-4085.4086900337074	-12.49918268835747	-4085.4086900337074	14.168612772616287	21.470469045676552	0.9758532326734962	0.7670186164755107	1.6096606534955102	0.6233207300289905	0.7670186164755107	1.6096606534955102	0.6233207300289905	0.34515814251743926	0.0014576683111651697	2.3995621086381733E-7	0.33791318521091757	0.0015201002803071494	0.6351514900466808	-5.286940442862699
767000	-4124.846190676799	-4155.855303547039	31.009112870239935	-4155.855303547039	14.168612772616287	17.457105739048558	0.9758532326734962	0.7670186164755107	1.6096606534955102	0.6233207300289905	0.7670186164755107	1.6096606534955102	0.6233207300289905	0.14700642988050955	0.00208491178903237	1.0768043745414972E-7	0.15225925577460414	0.002171819815914771	0.23177211862384964	9.271151419794196
768000	-4228.258209188318	-4217.727460198374	-10.53074898994377	-4217.727460198374	14.168612772616287	21.695463263229335	0.9758532326734962	0.7670186164755107	1.6096606534955102	0.6233207300289905	0.7670186164755107	1.6096606534955102	0.6233207300289905	0.2408019970188654	0.0013886342257160042	1.563882466584673E-7	0.2642338888964575	0.0014813412850857512	0.7409573342634469	-7.758413423783299
769000	-4187.241548052004	-4195.843002046002	8.601453993997874	-4195.843002046002	15.054451446352598	28.78770098030565	0.9758532326734962	0.7670186164755107	1.6096606534955102	0.6233207300289905	0.7670186164755107	1.6096606534955102	0.6233207300289905	0.1228755638497572	6.540379615759589E-4	6.7734270663407E-9	0.12262570135413454	6.626971012006855E-4	1.144490098562587	-20.74976555032806
770000	-4079.5959047422007	-4065.788768333262	-13.807136408938543	-4065.788768333262	17.973603607234796	38.44377256421261	0.9758532326734962	0.18321495211294825	1.6096606534955102	1.207124394391553	0.18321495211294825	1.6096606534955102	1.207124394391553	0.16893510456964164	0.001175312292185862	4.756705796709951E-8	0.17828976573609376	0.0012350153850819402	2.1305547667388254	-28.144090079419055
771000	-4274.339906986259	-4236.887588414009	-37.45231857225017	-4236.887588414009	15.748991577362482	27.189195317931883	0.9758532326734962	0.18321495211294825	1.6096606534955102	1.207124394391553	0.18321495211294825	1.6096606534955102	1.207124394391553	0.49742548773126694	0.00221760251396685	1.775550474026318E-6	0.569410685940728	0.0024436605879446824	0.6915390675955465	-15.11547664854471
772000	-4216.473403195484	-4200.184207981449	-16.289195214035296	-4200.184207981449	15.596976888732877	29.28644378685452	0.9758532326734962	0.18321495211294825	1.6096606534955102	1.207124394391553	0.18321495211294825	1.6096606534955102	1.207124394391553	0.27344036440796105	0.0023491864095460625	2.7605943425596696E-7	0.21905941428278838	0.0022683901016846554	1.1521160217391102	-19.26949814074303
773000	-4100.3824634845005	-4097.161873238408	-3.220590246093134	-4097.161873238408	16.100011883539974	29.816417434276193	0.9758532326734962	0.18321495211294825	1.6096606534955102	1.207124394391553	0.18321495211294825	1.6096606534955102	1.207124394391553	0.12466038667699386	0.001630011978478342	6.611615622227945E-8	0.15691467649142457	0.0015996493878691277	1.7202272803116316	-22.583123807509683
774000	-4013.8378490890377	-4010.7871705524462	-3.0506785365916924	-4010.7871705524462	16.02120930507081	31.197280469795988	0.9758532326734962	0.18321495211294825	2.2031889730621748	0.6135960748248883	0.18321495211294825	2.2031889730621748	0.6135960748248883	0.1649539428400897	0.001179029287351357	3.974314468395354E-8	0.1651860164538804	0.0012106414478562936	1.2234600616221494	-21.93307028996115
775000	-4054.161905084391	-4025.5667743030103	-28.595130781380796	-4025.5667743030103	17.092528867883768	32.93761784958348	0.9758532326734962	0.18321495211294825	2.2031889730621748	0.6135960748248883	0.18321495211294825	2.2031889730621748	0.6135960748248883	0.36156873966009756	0.0023445861835141068	5.962774637621287E-7	0.3213008803899937	0.002351335073335048	1.1710746913477388	-19.52429353944595
776000	-4045.2204279908924	-4034.383040403254	-10.83738758763818	-4034.383040403254	15.912708678850164	33.58926902394286	0.9758532326734962	0.18321495211294825	2.2031889730621748	0.6135960748248883	0.18321495211294825	2.2031889730621748	0.6135960748248883	0.18694927571728565	0.0016676915617318845	9.861547024734934E-8	0.1883769241862332	0.001675343599895712	1.8901060181405704	-24.8971808218419
777000	-4039.9248094307936	-4013.480264944005	-26.444544486788836	-4013.480264944005	16.685313444677558	43.20507207503596	0.9758532326734962	0.18321495211294825	2.2031889730621748	0.6135960748248883	0.18321495211294825	2.2031889730621748	0.6135960748248883	0.23621828631149439	5.045785716200291E-4	1.3579118331837611E-8	0.22825605327641166	5.053235345331788E-4	2.023590743079099	-34.04333660305335
778000	-3979.9362426912407	-3981.9071550890276	1.9709123977867218	-3981.9071550890276	18.8132921333425	42.30413536206924	0.9758532326734962	0.18321495211294825	2.2031889730621748	0.6135960748248883	0.18321495211294825	2.2031889730621748	0.6135960748248883	0.1148750583739177	4.4869831725528913E-4	2.5740220407356826E-9	0.11299642602814493	4.5983813866742255E-4	2.151898287955623	-31.35663127964371
779000	-4006.174781713914	-4002.253817551127	-3.920964162786558	-4002.253817551127	16.627938684404054	36.96688328046267	0.9758532326734962	0.18321495211294825	2.2031889730621748	0.6135960748248883	0.18321495211294825	2.2031889730621748	0.6135960748248883	0.14220111287851578	0.001865871769531679	7.07295970029245E-8	0.13854227077974818	0.001937059234309125	1.411087549727476	-28.229188402286834
780000	-4049.4205487742097	-4016.779229603006	-32.641319171203605	-4016.779229603006	14.84665911439496	30.412537211061696	0.9758532326734962	0.18321495211294825	2.462024501045945	0.3547605468411178	0.18321495211294825	2.462024501045945	0.3547605468411178	0.39461736960133764	0.0012350933194845836	2.437814635640546E-7	0.36726700375723564	0.0013506266365554253	1.0873224954674938	-22.7372928009354
781000	-4240.525911902851	-4212.269434671086	-28.25647723176459	-4212.269434671086	15.548508934035038	30.74996911085831	0.9758532326734962	0.18321495211294825	2.056294108644586	0.760490939242477	0.18321495211294825	2.056294108644586	0.760490939242477	0.44902051730946657	0.003091063262441619	9.366635326074448E-7	0.31679497191425193	0.003457643429531839	1.2673811444482495	-21.656567653029015
782000	-4140.753076929178	-4114.031247613031	-26.721829316147065	-4114.031247613031	19.293483307648277	59.8142816333725	0.9758532326734962	0.18321495211294825	2.056294108644586	0.760490939242477	0.18321495211294825	2.056294108644586	0.760490939242477	0.16656701712445532	0.0013109356688388286	4.1585089155086244E-8	0.15831745730236732	0.0012652318796380047	3.715113371010915	-45.75453663920731
783000	-4201.99645392591	-4151.909232850908	-50.08722107500197	-4151.909232850908	26.535565474097833	85.38815264207734	0.9758532326734962	0.18321495211294825	2.644957657647826	0.17182739023923688	0.18321495211294825	2.644957657647826	0.17182739023923688	0.25935638803485855	2.915341143472048E-4	5.1627902366873285E-9	0.23747997563329876	2.9625177009777443E-4	4.77085218466763	-54.90985867235255
784000	-4046.2357935650334	-4028.6892251413706	-17.546568423662926	-4028.6892251413706	16.372839685599597	46.693624494397035	0.9758532326734962	0.18321495211294825	2.644957657647826	0.17182739023923688	0.18321495211294825	2.644957657647826	0.17182739023923688	0.16679054000009766	0.0013232942146884634	4.002868742050819E-8	0.15308547587875426	0.0013595671826484347	4.102454999235555	-40.45862895659698
785000	-4004.370765597591	-3966.004391306216	-38.36637429137485	-3966.004391306216	18.879775002943763	57.78298906835079	0.9758532326734962	0.18321495211294825	2.1331763606703986	0.6836086872166643	0.18321495211294825	2.1331763606703986	0.6836086872166643	0.1849016202268726	9.199271801783929E-4	3.273876015693911E-8	0.20732134915809378	8.586759393780873E-4	2.68352025005799	-44.56664888042224
786000	-4081.265885664027	-4040.129044886438	-41.13684077758915	-4040.129044886438	15.803404879423411	39.7758059941747	0.9758532326734962	0.7082842010957756	2.1331763606703986	0.15853943823383698	0.7082842010957756	2.1331763606703986	0.15853943823383698	0.31781863934662197	0.001254073031370928	2.6440394839212865E-7	0.3921925407694178	0.0012777828493914763	2.0656744764994155	-31.389539307898815
787000	-4013.373860063648	-3970.3895831443497	-42.9842769192984	-3970.3895831443497	15.295657565246177	35.560557052392994	0.9758532326734962	0.12257589826991266	2.7188846634962616	0.15853943823383698	0.12257589826991266	2.7188846634962616	0.15853943823383698	0.30505360771580975	0.001130362455034427	1.5797974839821917E-7	0.34618324687945495	0.0010408921938225243	2.186867528429343	-28.56492452996022
788000	-3995.5684471287304	-3995.909163532228	0.3407164034972965	-3995.909163532228	16.15913383195751	33.7011669860441	0.9758532326734962	0.12257589826991266	2.7188846634962616	0.15853943823383698	0.12257589826991266	2.7188846634962616	0.15853943823383698	0.10436761259015066	0.002574763335906428	9.47924993668874E-8	0.11901452254183467	0.0024721394474736813	1.4878832478943453	-24.717358270582896
789000	-4072.212786813612	-4015.184157395131	-57.02862941848138	-4015.184157395131	18.13413935529512	43.214337722332154	0.5937076951224807	0.12257589826991266	2.7188846634962616	0.15853943823383698	0.12257589826991266	2.7188846634962616	0.15853943823383698	0.38675662365117197	0.0023971889896413964	2.900791261854566E-6	0.6299157016170509	0.0025410271898311386	2.262237848290065	-32.24334821602606
790000	-4131.423852741595	-4105.4514180451515	-25.97243469644318	-4105.4514180451515	16.97175813420633	53.67697679102642	0.5937076951224807	0.12257589826991266	2.7188846634962616	0.15853943823383698	0.12257589826991266	2.7188846634962616	0.15853943823383698	0.1969543392776951	0.005747205038903733	8.842011347078301E-7	0.15908554117670146	0.005920653121879019	2.933717388612432	-43.237489925111824
791000	-4164.195810712805	-4104.036081022009	-60.159729690795345	-4104.036081022009	17.489816765666617	51.35618779391322	0.5937076951224807	0.12257589826991266	2.7188846634962616	0.15853943823383698	0.12257589826991266	2.7188846634962616	0.15853943823383698	0.40930496968440777	0.004266023693132329	4.250239256076092E-6	0.49367163141857484	0.0040422894683236526	3.6015958959509264	-40.266005860102766
792000	-3887.7624856209713	-3865.1988295328156	-22.563656088155973	-3865.1988295328156	16.948627605365044	48.00751658922724	0.5937076951224807	0.12257589826991266	2.7188846634962616	0.15853943823383698	0.12257589826991266	2.7188846634962616	0.15853943823383698	0.17498305715637796	0.004017265006770862	4.786065953811809E-7	0.17341898396618474	0.003971775881925061	3.2162187629844983	-38.61818033202641
793000	-4229.498244007435	-4185.3549768763505	-44.14326713108425	-4185.3549768763505	15.297020843698894	40.65361036985753	0.23541021442689436	0.12257589826991266	2.7188846634962616	0.15853943823383698	0.12257589826991266	2.7188846634962616	0.15853943823383698	0.27343745972751904	0.0013595226036741046	2.651372823895028E-7	0.36053478852499143	0.0013414712634618505	2.4363809878667015	-35.488101575780114
794000	-4153.79496796852	-4132.490344213919	-21.30462375460033	-4132.490344213919	15.996734560059156	44.492002489165905	0.23541021442689436	0.12257589826991266	2.7188846634962616	0.15853943823383698	0.12257589826991266	2.7188846634962616	0.15853943823383698	0.19277735730468604	0.0031454898947223657	3.240607694923039E-7	0.17636235230084324	0.003212396275935388	2.9736191702168657	-36.711286285458705
795000	-3992.8141235628486	-3954.8713079292165	-37.942815633632	-3954.8713079292165	15.247807041023115	40.65266409022418	0.23541021442689436	0.12257589826991266	2.2210167348660192	0.6564073668640793	0.12257589826991266	2.2210167348660192	0.6564073668640793	0.3237670091781759	0.0024945826986340924	6.726279666018018E-7	0.313175970763792	0.002719832914802141	3.0068589355808504	-33.96267031106831
796000	-4059.6922050730554	-4019.403963338653	-40.288241734402725	-4019.403963338653	15.480903619331997	38.301932951237106	0.23541021442689436	0.12257589826991266	2.2210167348660192	0.6564073668640793	0.12257589826991266	2.2210167348660192	0.6564073668640793	0.2914522105039328	0.005956757198312272	3.812761893294052E-6	0.3198505638753346	0.005805888457541591	1.6544995064280188	-31.795153547924905
797000	-4072.460521442622	-4036.7484566741855	-35.712064768436505	-4036.7484566741855	15.472145465968268	45.506792827040286	0.23541021442689436	0.12257589826991266	2.2210167348660192	0.6564073668640793	0.12257589826991266	2.2210167348660192	0.6564073668640793	0.21493064420700794	0.00209659975541146	2.7787801789845696E-7	0.2506713896663624	0.002009214810426584	2.4708862217776386	-37.57908904698079
798000	-3984.787336015722	-3938.0884589512043	-46.698877064517454	-3938.0884589512043	17.97401251271635	39.4475487919503	0.23541021442689436	0.12257589826991266	2.2210167348660192	0.6564073668640793	0.12257589826991266	2.2210167348660192	0.6564073668640793	0.37792072585465075	0.004848590632259198	5.013180489972242E-6	0.4388897860624826	0.005640367184017524	2.424987785146095	-29.698883428623382
799000	-4041.9156621771162	-4032.8944238888635	-9.0212382882527	-4032.8944238888635	14.937636506059274	33.080248985478015	0.23541021442689436	0.12257589826991266	2.2210167348660192	0.6564073668640793	0.12257589826991266	2.2210167348660192	0.6564073668640793	0.1529609669293933	0.0058015563366836005	8.842225772604405E-7	0.1605283298217962	0.005911301050443212	1.4933397922366602	-25.0766423980598
800000	-4168.9797951314085	-4150.616008027327	-18.363787104081858	-4150.616008027327	15.45628180967462	30.099801468414658	0.23541021442689436	0.12257589826991266	2.2210167348660192	0.6564073668640793	0.12257589826991266	2.2210167348660192	0.6564073668640793	0.1983928672920693	0.006445069252090612	1.8125212712333703E-6	0.21111643948259057	0.006024166852169913	1.0358052944863445	-22.14932113329913
801000	-4022.2770228566283	-3986.5455196461285	-35.73150321049982	-3986.5455196461285	17.17016632047814	47.9809942961309	0.23541021442689436	0.12257589826991266	2.2210167348660192	0.6564073668640793	0.12257589826991266	2.2210167348660192	0.6564073668640793	0.3105493958108184	0.004243421799623725	1.0045606413081848E-6	0.2463407659437162	0.004054387373130731	2.5843204216136137	-36.921894499885
802000	-4341.43408217039	-4288.741898239632	-52.69218393075786	-4288.741898239632	19.538930332872585	52.75735250531491	0.23541021442689436	0.12257589826991266	2.2210167348660192	0.6564073668640793	0.12257589826991266	2.2210167348660192	0.6564073668640793	0.317441855798194	0.0038656316812737666	1.7263150587278131E-6	0.3632467003321445	0.0034473678157908704	3.038331941065233	-38.304599667205046
803000	-4081.5151084851063	-4054.9914116238615	-26.52369686124493	-4054.9914116238615	14.964830741664148	41.44168434957567	0.23541021442689436	0.12257589826991266	2.2210167348660192	0.6564073668640793	0.12257589826991266	2.2210167348660192	0.6564073668640793	0.24066600404070762	0.002254010275557571	3.020989718853086E-7	0.23603303812384988	0.002386301700897062	1.9485490408782538	-34.630749372431914
804000	-4283.709586003773	-4265.278965954574	-18.430620049199344	-4265.278965954574	15.781343718747381	38.20877567095774	0.23541021442689436	0.12257589826991266	2.2210167348660192	0.6564073668640793	0.12257589826991266	2.2210167348660192	0.6564073668640793	0.1497136151055246	0.010517208164578238	3.2623980268043655E-6	0.18124849433642726	0.009795309553131336	1.9282873987008937	-29.233631529578528
805000	-4171.896455877528	-4112.184852384803	-59.71160349272515	-4112.184852384803	17.04738932757591	42.45389820394304	0.23541021442689436	0.12257589826991266	2.2210167348660192	0.6564073668640793	0.12257589826991266	2.2210167348660192	0.6564073668640793	0.3982346170185916	0.0013103026708132584	4.89697528834663E-7	0.5434346156673903	0.0011331624175946321	1.6993129321424902	-34.357443902538435
806000	-4023.4139732471326	-4004.4082818093816	-19.0056914377509	-4004.4082818093816	15.126340608922023	40.71893762807147	0.23541021442689436	0.12257589826991266	2.2210167348660192	0.6564073668640793	0.12257589826991266	2.2210167348660192	0.6564073668640793	0.14078111007968042	0.007372263691447645	1.5339977993137594E-6	0.16952842146420738	0.007249991364889403	1.5652359280088057	-34.00552687856004
807000	-4020.394457592979	-4007.821631835181	-12.572825757798203	-4007.821631835181	17.570590551150694	39.428911221203194	0.23541021442689436	0.12257589826991266	2.2210167348660192	0.6564073668640793	0.12257589826991266	2.2210167348660192	0.6564073668640793	0.15466923527789334	0.004130490661649676	4.4048434689590026E-7	0.16157334965500372	0.003924862776740309	1.5482969628668721	-28.525290919794642
808000	-3938.345830505852	-3936.9377341793115	-1.4080963265405027	-3936.9377341793115	16.807344037658627	35.43087545814353	0.10749784597738513	0.12257589826991266	2.2210167348660192	0.6564073668640793	0.12257589826991266	2.2210167348660192	0.6564073668640793	0.13944564616289107	0.0025056633744540958	1.296084879555182E-7	0.14034077122552172	0.002560781723732719	1.2285623961612224	-25.539407607523376
809000	-4014.4831660868163	-3979.8057661326006	-34.67739995421565	-3979.8057661326006	16.36187733774333	48.620069933034344	0.10749784597738513	0.12257589826991266	2.2210167348660192	0.6564073668640793	0.12257589826991266	2.2210167348660192	0.6564073668640793	0.2666507855858028	0.002663741061389279	3.683616743245918E-7	0.23219099119070638	0.0028135099489411115	3.3300730389485333	-39.68390873387732
810000	-4056.3989426262906	-4018.9673408914014	-37.431601734889256	-4018.9673408914014	19.30756667746543	56.71502922876771	0.10749784597738513	0.12257589826991266	2.2210167348660192	0.6564073668640793	0.12257589826991266	2.2210167348660192	0.6564073668640793	0.24856512363633587	0.001765253079257534	1.617897251942788E-7	0.23871263277211263	0.001805527513869185	2.9711335155379412	-42.61567514073472
811000	-4033.4129702856603	-4026.768017151169	-6.644953134491559	-4026.768017151169	14.949145517073418	35.85202499712365	0.10749784597738513	0.12257589826991266	2.2210167348660192	0.6564073668640793	0.12257589826991266	2.2210167348660192	0.6564073668640793	0.12665886410159355	0.00457616972314803	4.4161045766388585E-7	0.1456468325381733	0.004730362377994046	2.082793705198918	-31.101912139148958
812000	-4001.6244682640113	-3944.819862437437	-56.804605826574026	-3944.819862437437	16.29486581130601	42.63270493208741	0.22550938765662218	0.12257589826991266	2.2210167348660192	0.6564073668640793	0.12257589826991266	2.2210167348660192	0.6564073668640793	0.4442283599590416	0.0028740999022078767	2.069565888765511E-6	0.5121047903920845	0.0026871665526493403	2.0235054088555886	-33.54092429783245
813000	-3928.729301351214	-3903.561681983366	-25.167619367848136	-3903.561681983366	20.26938722593625	57.22023383275261	0.22550938765662218	0.12257589826991266	1.575281340937844	1.3021427607922544	0.12257589826991266	1.575281340937844	1.3021427607922544	0.1635849859430582	0.0023645659165192627	1.895991286684252E-7	0.18247825601108036	0.0024318748024766326	3.6620712089297105	-41.56241183972763
814000	-4144.409011976922	-4137.577792373975	-6.831219602946702	-4137.577792373975	17.75169905123789	64.16161679335052	0.22550938765662218	0.42452402773200004	1.2733332114757567	1.3021427607922544	0.42452402773200004	1.2733332114757567	1.3021427607922544	0.08881922769619387	0.0017377682345817557	1.9501059375260715E-8	0.07939568711074625	0.0017416559427339854	5.057317851037239	-49.66324424115228
815000	-3974.8584398240937	-3952.1832723303914	-22.675167493702332	-3952.1832723303914	25.61290533959872	68.30362992438621	0.35517717817069644	0.42452402773200004	1.2733332114757567	1.3021427607922544	0.42452402773200004	1.2733332114757567	1.3021427607922544	0.15229093319931253	0.002039917805500966	8.867348129660754E-8	0.14837331350520314	0.0020414297085767663	2.652594179151579	-44.91025538204949
816000	-4137.20588158977	-4134.763208901875	-2.442672687894549	-4134.763208901875	14.86437700495016	29.304864865078315	0.35517717817069644	1.412927544032879	1.2733332114757567	0.3137392444913755	1.412927544032879	1.2733332114757567	0.3137392444913755	0.18350125986231688	0.004163149638664494	4.3571284581238535E-7	0.17088673931651074	0.0040605604058725105	0.922431207631553	-20.341970347483414
817000	-4064.8801573144005	-4055.3638530860103	-9.516304228390212	-4055.3638530860103	15.132258107668644	30.677827610152892	0.35517717817069644	1.412927544032879	1.2733332114757567	0.3137392444913755	1.412927544032879	1.2733332114757567	0.3137392444913755	0.19121328555247707	0.00296126210685236	3.44869544590873E-7	0.19582826361571024	0.003023847736562313	1.1345333839815614	-22.996832817904107
818000	-4273.210115057317	-4254.405721867059	-18.804393190258768	-4254.405721867059	15.702650081915074	32.99593747766313	0.35517717817069644	1.412927544032879	1.2733332114757567	0.3137392444913755	1.412927544032879	1.2733332114757567	0.3137392444913755	0.28130109192721814	0.009298406937833788	4.966861746777657E-6	0.23021565329866894	0.01062975678932253	1.1628536038011184	-22.342421144114464
819000	-4271.716954187285	-4257.636929856416	-14.080024330869644	-4257.636929856416	15.557567023759802	26.007280566462672	0.35517717817069644	0.7858252434830999	1.2733332114757567	0.9408415450411547	0.7858252434830999	1.2733332114757567	0.9408415450411547	0.26792716764536495	0.009624126225023477	6.5031088456863705E-6	0.26201609188300173	0.009219243220251968	0.5948651904496584	-12.183447981673151
820000	-4134.603132864049	-4116.058187958899	-18.544944905150093	-4116.058187958899	15.434258346812646	29.335939485935196	0.35517717817069644	0.7858252434830999	1.2733332114757567	0.9408415450411547	0.7858252434830999	1.2733332114757567	0.9408415450411547	0.21853182207219735	0.004335608945252281	1.0084712007106775E-6	0.22257993900819972	0.004349174390363697	1.2637289796602256	-19.954703818141514
821000	-3946.4256780312776	-3945.6511407762428	-0.7745372550350255	-3945.6511407762428	16.275949020907344	33.779512311087046	0.35517717817069644	0.7858252434830999	1.2733332114757567	0.9408415450411547	0.7858252434830999	1.2733332114757567	0.9408415450411547	0.1520124712055889	0.004517022626160795	5.026328443080301E-7	0.14530121838300367	0.004938201662929878	1.442550079826885	-22.796356218314514
822000	-4349.797570099301	-4314.099375319752	-35.69819477954926	-4314.099375319752	14.537090249136838	28.81697164216722	0.35517717817069644	0.4452852179287566	1.6138732370301	0.9408415450411547	0.4452852179287566	1.6138732370301	0.9408415450411547	0.39973732511418186	0.0019584068904312697	4.694859030404911E-7	0.3705400540672345	0.001736233291461218	1.0766565453488777	-20.761620483580824
823000	-4300.451539698771	-4324.001713655133	23.550173956362674	-4324.001713655133	14.612272690399916	31.471327547130244	0.35517717817069644	0.4452852179287566	1.6138732370301	0.9408415450411547	0.4452852179287566	1.6138732370301	0.9408415450411547	0.0741607593606321	0.010293206036603287	5.801294191215493E-7	0.07226753704040256	0.010645624514924304	1.138605108713555	-24.36221166240954
824000	-4243.461197944254	-4257.046728145716	13.585530201461875	-4257.046728145716	16.734805351264917	35.53042337630458	0.35517717817069644	0.8011051097967901	1.6138732370301	0.5850216531731212	0.8011051097967901	1.6138732370301	0.5850216531731212	0.09358314330240167	0.004900802360231498	1.8056091427836634E-7	0.08698467811465088	0.0049441060979562145	1.3926575047823395	-27.376948685911128
825000	-4061.994562929969	-4010.924178836482	-51.0703840934869	-4010.924178836482	15.996973948880191	36.18972683041003	0.5787301545144408	0.8011051097967901	1.6138732370301	0.5850216531731212	0.8011051097967901	1.6138732370301	0.5850216531731212	0.4791496041875382	0.005528928333962145	1.0131597597807983E-5	0.5230590831305862	0.005962848206584509	1.7492870728745977	-27.811541079481586
826000	-4170.906812027495	-4204.936408688446	34.029596660951455	-4204.936408688446	16.82468041493807	29.768752351336744	0.5787301545144408	0.5580180222114055	1.1639289654756282	1.2780530123129776	0.5580180222114055	1.1639289654756282	1.2780530123129776	0.0785143336124054	0.0047598547129555895	8.89978964910066E-8	0.06265293002709951	0.00482418103113421	0.8830306941023807	-16.681581538472695
827000	-3975.4346949747323	-3964.6549104579503	-10.779784516782126	-3964.6549104579503	17.098959131256528	45.68105085735068	0.5787301545144408	0.5580180222114055	1.1639289654756282	1.2780530123129776	0.5580180222114055	1.1639289654756282	1.2780530123129776	0.12894782772507304	0.00321055225129233	1.8635865385031895E-7	0.13047323709800432	0.003277307824460309	1.9313914477579284	-36.56745088234083
828000	-3999.074038220942	-4006.6088898459493	7.534851625007177	-4006.6088898459493	15.080834885664945	39.10050642368351	0.5787301545144408	0.19219382117235057	1.529753166514683	1.2780530123129776	0.19219382117235057	1.529753166514683	1.2780530123129776	0.10711483024643242	0.002297824343774218	4.141185918056662E-8	0.08988909408299284	0.0022810324323981313	1.8632256914362724	-32.52114257007726
829000	-3821.304464352708	-3776.352067485958	-44.95239686674978	-3776.352067485958	17.82615620524954	49.59462959671876	0.5787301545144408	0.19219382117235057	2.0134994457004134	0.7943067331272473	0.19219382117235057	2.0134994457004134	0.7943067331272473	0.3149696326579733	0.0019683417609469667	4.5658525616394E-7	0.3247809073688579	0.002060436059504666	4.405454887526353	-40.14144658219091
830000	-4070.117463844604	-4014.8289130672365	-55.288550777367476	-4014.8289130672365	15.636661795096611	51.620019227962665	0.5787301545144408	0.7396951983906741	2.0134994457004134	0.24680535590892383	0.7396951983906741	2.0134994457004134	0.24680535590892383	0.39750979195678404	0.0024251325328690987	7.851815069302059E-7	0.3513770922152391	0.0024246042735925006	3.7755223454632643	-42.920885128057684
831000	-4113.960250059557	-4086.0194801245884	-27.940769934968642	-4086.0194801245884	16.373434787824063	34.109463111098684	0.5787301545144408	0.7396951983906741	2.0134994457004134	0.24680535590892383	0.7396951983906741	2.0134994457004134	0.24680535590892383	0.26411239705953876	0.0037594694985085245	9.52541804351843E-7	0.2604910212612663	0.0036576896460181595	1.1663051589810827	-25.890693159409352
832000	-4163.589123187725	-4146.666149126601	-16.922974061123895	-4146.666149126601	15.699737073435823	31.793563588868942	0.5787301545144408	0.7396951983906741	2.0134994457004134	0.24680535590892383	0.7396951983906741	2.0134994457004134	0.24680535590892383	0.2601406355774459	0.0015455824021276556	1.2585967750518343E-7	0.22494753758570404	0.0015977293491125668	2.339170900977392	-26.07885546360912
833000	-4007.0250595953908	-3986.989744046449	-20.035315548942116	-3986.989744046449	16.046575959955543	31.458811768228124	0.5787301545144408	0.7396951983906741	2.0134994457004134	0.24680535590892383	0.7396951983906741	2.0134994457004134	0.24680535590892383	0.306218891272547	0.004345838102854924	1.861061003277756E-6	0.29920703872838644	0.004854331716693722	1.005351758941243	-20.38921726012635
834000	-4033.1933603831203	-3992.8875960760874	-40.305764307032995	-3992.8875960760874	16.052593167985037	31.410587132467544	0.5787301545144408	1.0965295082013822	1.6566651358897055	0.24680535590892383	1.0965295082013822	1.6566651358897055	0.24680535590892383	0.4107141943507864	0.007232588373119626	1.0296000878041329E-5	0.43974638980993763	0.0068070407451632465	1.0749263206652648	-21.16440182999016
835000	-4069.408744706216	-4052.6679634399447	-16.740781266271206	-4052.6679634399447	14.282312675000872	26.782697134482152	0.5787301545144408	0.4730425234343436	2.2801521206567443	0.24680535590892383	0.4730425234343436	2.2801521206567443	0.24680535590892383	0.24260741337773664	0.0022027046217437092	3.13964996825799E-7	0.2435155955797005	0.0021489197573680194	0.9760974009114677	-17.087139202767
836000	-3992.3164192902927	-3985.9913494909406	-6.325069799352037	-3985.9913494909406	14.344829298204367	26.405212092169663	0.5787301545144408	0.4730425234343436	2.2801521206567443	0.24680535590892383	0.4730425234343436	2.2801521206567443	0.24680535590892383	0.23154329807171753	0.001559834896868121	8.535938807069528E-8	0.1877127224505329	0.0016805736007525925	1.8437233552618049	-20.43753989849044
837000	-4053.7851530000025	-4013.325283327978	-40.45986967202449	-4013.325283327978	14.71753393243617	29.15201423977981	0.3621651388942922	0.4730425234343436	2.2801521206567443	0.24680535590892383	0.4730425234343436	2.2801521206567443	0.24680535590892383	0.398274413230368	0.0067610525530010885	6.652813619322751E-6	0.3960615266703085	0.005808306333692151	1.0259713061365103	-21.040969740146892
838000	-3969.3420009797856	-3926.6395149584946	-42.702486021290795	-3926.6395149584946	18.612083116919482	47.21396442673848	0.3621651388942922	0.4730425234343436	2.2801521206567443	0.24680535590892383	0.4730425234343436	2.2801521206567443	0.24680535590892383	0.3924402547087734	9.921462182341386E-4	8.854470478461435E-8	0.3290536098238322	9.181100342507025E-4	1.8658321332625283	-35.00414454666504
839000	-3928.143799039991	-3897.7992665880543	-30.344532451936512	-3897.7992665880543	14.922042530494563	39.08970800778306	0.3621651388942922	0.4730425234343436	2.2801521206567443	0.24680535590892383	0.4730425234343436	2.2801521206567443	0.24680535590892383	0.27657285385366226	0.0014940990279812465	1.3159812839720403E-7	0.25341269549468476	0.0014041785366044547	1.7238545468345283	-31.728011538259956
840000	-4003.778646335451	-3997.5200864711205	-6.2585598643305325	-3997.5200864711205	15.627554524817722	42.173821058498255	0.3621651388942922	0.4730425234343436	2.2801521206567443	0.24680535590892383	0.4730425234343436	2.2801521206567443	0.24680535590892383	0.10200123108008063	0.006675036884053056	6.457738427509243E-7	0.12102095325410878	0.00678325653161532	2.2485679755541144	-34.240959673658196
841000	-4085.0209481964794	-4075.846059733149	-9.174888463330348	-4075.846059733149	14.386407559144992	30.44522050094999	0.3621651388942922	0.4730425234343436	2.2801521206567443	0.24680535590892383	0.4730425234343436	2.2801521206567443	0.24680535590892383	0.1994439670469175	0.00598377803172715	1.2657091606485918E-6	0.1813889759390666	0.006175813425214279	0.8648671032555281	-22.182355056895716
842000	-4137.572572148017	-4109.140954708668	-28.431617439348763	-4109.140954708668	15.61031196710222	30.783122635884578	0.3621651388942922	0.4730425234343436	1.9710040259600916	0.5559534506055765	0.4730425234343436	1.9710040259600916	0.5559534506055765	0.24146427640399562	0.005720795608429605	2.6525811601924036E-6	0.2822919204834505	0.005376793715719363	0.8356436541723538	-22.14451568767239
843000	-4038.53085298743	-4009.0779773478966	-29.45287563953342	-4009.0779773478966	17.438627137935754	35.906571510540246	0.3621651388942922	0.4730425234343436	1.9710040259600916	0.5559534506055765	0.4730425234343436	1.9710040259600916	0.5559534506055765	0.27924642720660264	0.002602730582201054	6.351903254234559E-7	0.289319827356992	0.0027554045093681435	2.0254552973230004	-25.851636143892453
844000	-4060.0952393632197	-4003.4723006954864	-56.62293866773321	-4003.4723006954864	15.133425377201027	37.57255966414838	0.3621651388942922	0.4730425234343436	1.9710040259600916	0.5559534506055765	0.4730425234343436	1.9710040259600916	0.5559534506055765	0.5996665871334577	0.005808704881798404	1.0717386916732903E-5	0.5823082389140911	0.005878443919271647	3.2523120645080716	-32.58708044148312
845000	-4146.635540303642	-4143.79633813873	-2.839202164912274	-4143.79633813873	15.374924637488899	26.563908060901596	0.3621651388942922	0.4730425234343436	1.9710040259600916	0.5559534506055765	0.4730425234343436	1.9710040259600916	0.5559534506055765	0.1646024911792433	0.011331311210430595	4.608027868158325E-6	0.1944114009590462	0.011218284231934304	0.9270640712054135	-14.720629063815059
846000	-4083.80917694033	-4040.746436459887	-43.06274048044331	-4040.746436459887	14.789895610630492	34.63501708194354	0.3621651388942922	0.4730425234343436	1.9710040259600916	0.5559534506055765	0.4730425234343436	1.9710040259600916	0.5559534506055765	0.3790365877507421	0.009331518405373074	1.3428834146796718E-5	0.3883061384949778	0.009371852763527021	2.346766809239323	-30.203028342114816
847000	-4059.793984950339	-4034.9066031105212	-24.887381839817873	-4034.9066031105212	16.07534968679873	40.73601544362191	0.3621651388942922	0.4730425234343436	1.9710040259600916	0.5559534506055765	0.4730425234343436	1.9710040259600916	0.5559534506055765	0.15806545422337945	0.00446641898203454	5.625568464779736E-7	0.16185104177250978	0.0043384439687909684	3.8357607873408184	-36.203421119726855
848000	-4079.3820179078953	-4059.0534357463093	-20.328582161585864	-4059.0534357463093	16.559566984170687	33.86662008760824	0.3621651388942922	0.4730425234343436	1.9710040259600916	0.5559534506055765	0.4730425234343436	1.9710040259600916	0.5559534506055765	0.2757237981970594	0.004068431176611276	8.617057538857299E-7	0.21580761796357673	0.004171990315049295	1.5829762504162501	-23.746114191068457
849000	-4018.5661118195394	-3998.4295073880917	-20.136604431447655	-3998.4295073880917	21.415642682342416	58.18188213897741	0.7309827055791671	0.4730425234343436	1.9710040259600916	0.5559534506055765	0.4730425234343436	1.9710040259600916	0.5559534506055765	0.16668123027222118	0.0019135917034559255	8.94250324082215E-8	0.1575488246842815	0.001880595419915833	2.878684650821372	-40.71682110868552
850000	-3958.918832512611	-3969.434904703143	10.516072190531638	-3969.434904703143	17.580651113549543	49.61502545048681	0.7309827055791671	0.4730425234343436	1.9710040259600916	0.5559534506055765	0.4730425234343436	1.9710040259600916	0.5559534506055765	0.07117607814626097	0.001310786583355529	1.0021743293727947E-8	0.07575886569062688	0.0013249465149037045	2.791491495936645	-37.9456275624528
851000	-3814.6522013175363	-3834.9684152708346	20.3162139532983	-3834.9684152708346	18.0451833357002	63.7571563581964	0.7309827055791671	0.4730425234343436	1.9710040259600916	0.5559534506055765	0.4730425234343436	1.9710040259600916	0.5559534506055765	0.040276934276455324	0.0028053793259360713	1.1945353159190024E-8	0.03867579259569461	0.002842409917234012	5.364605368018762	-49.11237062374565
852000	-3921.870574677826	-3875.392473344961	-46.478101332864654	-3875.392473344961	23.05449994781965	69.5404606488828	0.7309827055791671	0.4730425234343436	1.9710040259600916	0.5559534506055765	0.4730425234343436	1.9710040259600916	0.5559534506055765	0.32601553130613503	0.0027605611817024464	4.986694536788478E-7	0.2509183863341946	0.002897093623540952	4.033090875629948	-46.95050454913492
853000	-4023.7800192517984	-4014.860484441178	-8.919534810620263	-4014.860484441178	20.97208059461765	75.84087503179974	0.7309827055791671	0.4730425234343436	1.9710040259600916	0.5559534506055765	0.4730425234343436	1.9710040259600916	0.5559534506055765	0.07776227164269633	0.002358213538092029	3.3914281704052444E-8	0.0790376228286054	0.002370396263784908	6.168657815208747	-52.84309149398437
854000	-3795.965240700347	-3796.5547149986437	0.5894742982969601	-3796.5547149986437	17.13357841282169	68.02858138050915	0.7309827055791671	0.4730425234343436	1.9710040259600916	0.5559534506055765	0.4730425234343436	1.9710040259600916	0.5559534506055765	0.07159714147812145	0.002710955860785427	2.5885383974035178E-8	0.06027318719794632	0.002676348367671709	5.393026753150557	-52.51728791141998
855000	-4023.2056990894675	-3978.87419924641	-44.33149984305726	-3978.87419924641	20.079795946177406	52.663211799354194	0.7309827055791671	0.4730425234343436	1.9710040259600916	0.5559534506055765	0.4730425234343436	1.9710040259600916	0.5559534506055765	0.26745875885164	0.006227794283918248	5.144881171822827E-6	0.3149529451367021	0.00690785936660809	2.734661672065918	-38.163875432145055
856000	-3827.371373009545	-3794.7962363325896	-32.575136676955395	-3794.7962363325896	15.329703881113284	42.289816418234075	0.7309827055791671	0.4730425234343436	1.9710040259600916	0.5559534506055765	0.4730425234343436	1.9710040259600916	0.5559534506055765	0.24802921042634107	0.0046872241498619825	1.5177165291152456E-6	0.25985918712282463	0.004630692090527702	2.7937592327019045	-35.16731720424983
857000	-4081.542180148572	-4061.73858085152	-19.80359929705164	-4061.73858085152	16.375554229248376	60.83624571207285	0.7309827055791671	0.0446197155106568	1.9710040259600916	0.9843762585292634	0.0446197155106568	1.9710040259600916	0.9843762585292634	0.1339849814539056	0.004678442637716149	3.352783384697101E-7	0.1183308208173886	0.004947660349906388	5.473525028322181	-48.986641034137335
858000	-4043.3744607768863	-3988.7168755876955	-54.6575851891909	-3988.7168755876955	18.893690855059994	70.59665768099474	0.7309827055791671	0.0446197155106568	1.9710040259600916	0.9843762585292634	0.0446197155106568	1.9710040259600916	0.9843762585292634	0.2883311895303916	0.005417621174164383	1.852985617513933E-6	0.2708205133174975	0.00492884821924495	5.603102521737082	-52.30364692527338
859000	-3972.147295390899	-3930.954154324428	-41.193141066471036	-3930.954154324428	18.979815668830256	59.065722274261205	0.7309827055791671	0.0446197155106568	1.9710040259600916	0.9843762585292634	0.0446197155106568	1.9710040259600916	0.9843762585292634	0.20392455990424577	0.0027181534267692077	4.329805473951582E-7	0.26352026436987913	0.00252301135939129	3.057582160854124	-44.1311001186969
860000	-4207.896929174037	-4186.273284072644	-21.623645101393308	-4186.273284072644	16.747608645173685	43.1067581094415	0.7309827055791671	0.0446197155106568	1.9710040259600916	0.9843762585292634	0.0446197155106568	1.9710040259600916	0.9843762585292634	0.21415966489598393	0.0015089900618539998	9.210159675252211E-8	0.2034359563335159	0.0015310780852106549	1.697074698015155	-34.816364370096736
861000	-4001.0200629395185	-3996.9263188181008	-4.093744121417887	-3996.9263188181008	17.457173865880105	37.36311955413077	0.7309827055791671	0.0446197155106568	2.5392667902280617	0.4161134942612932	0.0446197155106568	2.5392667902280617	0.4161134942612932	0.1309567604529125	0.012408859886943317	2.6855726667704357E-6	0.13189382371423183	0.012128766629567411	1.6804414215976775	-26.878474102402386
862000	-3948.398153707628	-3936.9971857358482	-11.400967971779679	-3936.9971857358482	16.832768558927015	34.617485694370984	0.7309827055791671	0.0446197155106568	2.5392667902280617	0.4161134942612932	0.0446197155106568	2.5392667902280617	0.4161134942612932	0.2141623605509423	0.0023622391624133297	1.8218153746459008E-7	0.18943921844920136	0.002265677582456176	1.4852725276753111	-24.547700364245912
863000	-3958.8875778895344	-3930.6012073301113	-28.286370559423286	-3930.6012073301113	17.434557102479403	40.49210649334189	0.7309827055791671	0.0446197155106568	2.5392667902280617	0.4161134942612932	0.0446197155106568	2.5392667902280617	0.4161134942612932	0.2663798966658325	0.007086025857744084	3.4460316840011285E-6	0.2595197318424369	0.007327160670309261	1.8535041879719625	-29.69470438181445
864000	-3991.78598899574	-3980.1801900826463	-11.60579891309363	-3980.1801900826463	15.537160032299676	27.55116675734823	0.7309827055791671	0.0446197155106568	2.5392667902280617	0.4161134942612932	0.0446197155106568	2.5392667902280617	0.4161134942612932	0.23607504284773248	0.01569959615974997	1.0251772781561272E-5	0.2092536910143629	0.014844906012703553	0.9396808383703198	-17.563134067694282
865000	-3942.7171391177785	-3899.8934533465317	-42.823685771246716	-3899.8934533465317	16.603765011725375	38.17927734012065	0.7309827055791671	0.0446197155106568	2.5392667902280617	0.4161134942612932	0.0446197155106568	2.5392667902280617	0.4161134942612932	0.3816109338164271	0.005399555257455947	5.699461465342243E-6	0.43612430971229715	0.005364551629865886	1.648776495425747	-28.335834248595532
866000	-3993.921394852405	-4016.182329782664	22.260934930259094	-4016.182329782664	15.944238834023064	34.79053036712395	0.7309827055791671	0.0446197155106568	2.5392667902280617	0.4161134942612932	0.0446197155106568	2.5392667902280617	0.4161134942612932	0.07543584698558015	0.010624654152747916	4.924451645931962E-7	0.06609580648971473	0.010572321116455657	1.0261699217089033	-26.41084183663843
867000	-3892.0576178183665	-3839.63618026598	-52.42143755238664	-3839.63618026598	17.09856996593932	42.22503434097941	0.7309827055791671	0.0446197155106568	2.5392667902280617	0.4161134942612932	0.0446197155106568	2.5392667902280617	0.4161134942612932	0.3921267780224334	0.0064680125523508755	5.3354769928983584E-6	0.36178113041864346	0.00588489882690098	2.5198133582207896	-33.76197697337081
868000	-4027.466195710632	-4007.275943497349	-20.190252213282623	-4007.275943497349	14.9941841298955	35.92215986267425	0.7309827055791671	0.0446197155106568	1.805636136413109	1.149744148076246	0.0446197155106568	1.805636136413109	1.149744148076246	0.21503620842168347	0.0018186126158685517	1.5036671550435935E-7	0.21770261843427488	0.0018304180345256995	1.2773641669118192	-29.861064221659475
869000	-3994.6907708885924	-3958.308749243132	-36.38202164546047	-3958.308749243132	15.010053134213855	31.613728019290942	0.7309827055791671	0.0446197155106568	1.805636136413109	1.149744148076246	0.0446197155106568	1.805636136413109	1.149744148076246	0.39439823420147707	0.004698219796015662	2.821529408916518E-6	0.3572045325117406	0.004577491569763979	0.9561886975615275	-23.043117774369172
870000	-3978.2844314118793	-3969.049339444719	-9.235091967160464	-3969.049339444719	16.875404093371046	43.765473690443834	0.7309827055791671	0.0446197155106568	1.805636136413109	1.149744148076246	0.0446197155106568	1.805636136413109	1.149744148076246	0.13784815778055592	0.003155647915659366	1.5256868841356945E-7	0.1236845196431545	0.003180754392763209	3.772775263535318	-36.83388261250235
871000	-3956.9302581078937	-3908.49031630878	-48.43994179911371	-3908.49031630878	18.69662253550375	56.48850865680625	0.7309827055791671	0.0446197155106568	1.805636136413109	1.149744148076246	0.0446197155106568	1.805636136413109	1.149744148076246	0.2939764041685897	0.00429484111440851	2.002431973462947E-6	0.3162805570324615	0.004471816612936763	2.7660770432628943	-43.425528994614815
872000	-3749.036559340701	-3735.795291682232	-13.24126765846917	-3735.795291682232	20.84108106481228	62.79116546735565	0.7309827055791671	0.0446197155106568	1.805636136413109	1.149744148076246	0.0446197155106568	1.805636136413109	1.149744148076246	0.09976784164053008	0.0027384189547156536	1.0819542975954469E-7	0.11899102464780643	0.0027674645889733227	3.4788432101701736	-44.16742595058505
873000	-3954.588095506314	-3911.665526789567	-42.92256871674698	-3911.665526789567	18.922157929775288	66.19890381692294	0.48281051136793257	0.0446197155106568	1.805636136413109	1.149744148076246	0.0446197155106568	1.805636136413109	1.149744148076246	0.26382724672595176	0.002395587482793837	3.391253933748044E-7	0.24313375655096747	0.0025017573798224034	4.682903389719239	-50.30840683893554
874000	-3867.721040783586	-3866.6492063606506	-1.0718344229353214	-3866.6492063606506	18.050474978642512	54.9027430753526	0.48281051136793257	1.1286148697796097	1.2216217605974493	0.649763369622953	1.1286148697796097	1.2216217605974493	0.649763369622953	0.08334177180941013	0.0011809678010404985	1.0882060094738022E-8	0.08861139895417752	0.001174577863673629	3.4418559433121043	-42.13613455994075
875000	-4062.1685985876784	-4018.800932941471	-43.36766564620737	-4018.800932941471	16.99265841721844	52.64050966858961	0.48281051136793257	1.1286148697796097	1.2216217605974493	0.649763369622953	1.1286148697796097	1.2216217605974493	0.649763369622953	0.28113914765417725	0.003200864232417806	1.0698653721686484E-6	0.32798348568036717	0.003371282738711405	4.255419211358258	-42.466944476267656
876000	-3974.336485109638	-3903.9240315584807	-70.41245355115745	-3903.9240315584807	17.645685910616265	61.18736338444192	0.48281051136793257	1.1286148697796097	1.2216217605974493	0.649763369622953	1.1286148697796097	1.2216217605974493	0.649763369622953	0.4440288939847862	0.0019257698302963392	1.0656701271772338E-6	0.5152899454464698	0.0018908384507817773	5.169988603533811	-47.507751398764064
877000	-3909.6000265073576	-3854.948266148239	-54.65176035911879	-3854.948266148239	28.131960018341783	82.58962786470073	0.6633616825714201	1.1286148697796097	1.2216217605974493	0.649763369622953	1.1286148697796097	1.2216217605974493	0.649763369622953	0.2333172920393008	0.0017807825358574214	2.0475328920656677E-7	0.2485602934723681	0.001738881719386212	6.061060802940092	-49.89802735378269
878000	-4021.941444228123	-3987.930811443669	-34.0106327844541	-3987.930811443669	20.114323551371182	53.4179021782475	0.6633616825714201	1.1286148697796097	1.2216217605974493	0.649763369622953	1.1286148697796097	1.2216217605974493	0.649763369622953	0.24410487261234814	0.003186211118129365	4.2761894979241363E-7	0.22500623620058657	0.002845484348633556	3.685667801972054	-39.37964014396345
879000	-4205.750037956838	-4174.677386047362	-31.07265190947619	-4174.677386047362	20.421539893129516	59.95426298066772	0.6633616825714201	1.1286148697796097	1.2216217605974493	0.649763369622953	1.1286148697796097	1.2216217605974493	0.649763369622953	0.19001622937646223	0.0010932659114830732	4.9778778648012055E-8	0.20199220127050016	0.0011445572460911484	4.075304243463281	-42.68072867949748
880000	-4129.38386993637	-4086.0256216639045	-43.358248272465346	-4086.0256216639045	17.14459770443604	41.79410294128251	0.6633616825714201	1.1286148697796097	1.2216217605974493	0.649763369622953	1.1286148697796097	1.2216217605974493	0.649763369622953	0.3753251206275639	0.001684947283823089	2.8819686794309666E-7	0.31258633386239293	0.0016037320458455444	2.3149736458097396	-32.228979985946786
881000	-3934.275654065329	-3923.066063636493	-11.209590428836208	-3923.066063636493	18.689446516742457	55.59316443449889	0.6633616825714201	1.1286148697796097	1.2216217605974493	0.649763369622953	1.1286148697796097	1.2216217605974493	0.649763369622953	0.12111046840507142	0.0012504235827016286	2.1896299080410134E-8	0.11932542008777682	0.0012763835611765018	4.042493711046456	-42.27465818634166
882000	-3981.5621312419516	-3938.028939330459	-43.53319191149282	-3938.028939330459	16.303700700145125	46.77680609251522	0.6633616825714201	1.527940675082123	1.2216217605974493	0.2504375643204397	1.527940675082123	1.2216217605974493	0.2504375643204397	0.2929262710492173	0.0017418806443664431	2.2967243729524584E-7	0.2879221901427343	0.001634315261235497	4.474216537643567	-40.451162687335184
883000	-4088.6739010157917	-4059.200275947648	-29.47362506814364	-4059.200275947648	20.316891744776502	54.490954316093934	0.6633616825714201	1.527940675082123	1.2216217605974493	0.2504375643204397	1.527940675082123	1.2216217605974493	0.2504375643204397	0.21116788788027818	0.0032260114460343743	4.903523136703296E-7	0.20631170220762038	0.003486440624559614	4.199162344333773	-40.33830434031949
884000	-4190.607020069042	-4142.552447638805	-48.05457243023729	-4142.552447638805	22.779547788271707	58.674423083059665	0.6633616825714201	1.527940675082123	1.2216217605974493	0.2504375643204397	1.527940675082123	1.2216217605974493	0.2504375643204397	0.2839710727788405	0.005472992405690766	3.715029220121056E-6	0.3536396402073315	0.005112895616522159	2.6801775226461073	-39.50345905273779
885000	-4122.89305265417	-4073.582819709564	-49.31023294460587	-4073.582819709564	17.919020004489514	44.48569562143255	0.6633616825714201	1.527940675082123	1.2216217605974493	0.2504375643204397	1.527940675082123	1.2216217605974493	0.2504375643204397	0.4436594600454007	0.007719497925312137	1.3293931091265625E-5	0.4242977709031363	0.008886933555309043	1.6745063956170985	-35.934594503561065
886000	-3992.4122057550017	-3961.6079591728094	-30.80424658219235	-3961.6079591728094	16.861280711186637	45.75977070294112	0.6633616825714201	1.527940675082123	1.2216217605974493	0.2504375643204397	1.527940675082123	1.2216217605974493	0.2504375643204397	0.2685928436381673	0.004917736935613546	1.321740506811736E-6	0.22824412007367034	0.005100948287575869	2.5841852602310555	-35.69556790808174
887000	-4010.1822366686038	-3967.1440807765002	-43.038155892103504	-3967.1440807765002	19.388794442038797	58.087399043257264	0.6633616825714201	1.527940675082123	1.2216217605974493	0.2504375643204397	1.527940675082123	1.2216217605974493	0.2504375643204397	0.2911429858319143	0.0022470786768920862	3.322052086057868E-7	0.2546597176010514	0.002256435941552488	5.262400895476629	-44.505450594270556
888000	-4404.321316534438	-4350.651391919612	-53.66992461482513	-4350.651391919612	19.814278515395664	52.485354889885286	0.6633616825714201	1.527940675082123	1.2216217605974493	0.2504375643204397	1.527940675082123	1.2216217605974493	0.2504375643204397	0.3736005292985268	0.002668176880662799	1.1709746798436167E-6	0.38842023725756886	0.002690293486745439	2.831105912820384	-37.937516880406484
889000	-4044.2137241189484	-4015.493702103049	-28.72002201589953	-4015.493702103049	15.046126777267453	52.998534639205886	0.6633616825714201	1.527940675082123	1.2216217605974493	0.2504375643204397	1.527940675082123	1.2216217605974493	0.2504375643204397	0.16900192860659674	0.004435228211213597	5.325503525457144E-7	0.16096615250508953	0.004376255768720363	4.022685962308024	-45.62844729228494
890000	-4017.4856313216105	-3974.003469365345	-43.48216195626552	-3974.003469365345	16.325111145075198	52.724431522269604	0.6633616825714201	0.44903300708546035	1.77601229727175	0.7749546956428017	0.44903300708546035	1.77601229727175	0.7749546956428017	0.2696459107087672	0.0036856092107648807	1.115370659086313E-6	0.292157658817046	0.003724224691481025	3.7018264927976854	-42.42832288792113
891000	-4074.4755228770473	-4020.0660563400493	-54.409466536998195	-4020.0660563400493	16.848458579188055	47.653807883976256	0.31049119615767473	0.44903300708546035	1.77601229727175	0.7749546956428017	0.44903300708546035	1.77601229727175	0.7749546956428017	0.5708712617521637	0.0015976126224521096	5.050904368753506E-7	0.4560340287880799	0.0018334014268203242	2.7272238061028817	-37.31529470816081
892000	-3994.6501940114977	-3969.9344208199395	-24.715773191558018	-3969.9344208199395	16.80017767462943	44.98450105323753	0.6062498779065099	0.44903300708546035	2.295435575549149	0.25553141736540286	0.44903300708546035	2.295435575549149	0.25553141736540286	0.2116546042020958	0.0022202951657527875	1.6917226493795442E-7	0.1872731645524462	0.0021381787487422107	2.5451753501470877	-35.72409537113378
893000	-3959.599054223088	-3975.0204714140455	15.421417190957344	-3975.0204714140455	17.092338441008806	46.36646569695884	0.6062498779065099	0.44903300708546035	2.295435575549149	0.25553141736540286	0.44903300708546035	2.295435575549149	0.25553141736540286	0.06411054205753204	0.003975378320938772	5.7721363343192026E-8	0.06035653527169578	0.003990425064030603	2.024542809756053	-38.14315823825008
894000	-4272.281860298033	-4214.4439419769515	-57.83791832108211	-4214.4439419769515	18.416486335099385	54.79100519643619	0.6062498779065099	0.44903300708546035	1.4990479860327064	1.0519190068818456	0.44903300708546035	1.4990479860327064	1.0519190068818456	0.33786297649951785	0.0042702433629616485	2.5184782588346174E-6	0.3885966828850164	0.00379286408994643	3.1967542032747858	-41.93611710356775
895000	-3988.8658574303463	-3955.615554561111	-33.25030286923532	-3955.615554561111	20.72774288535501	64.97775482959896	0.6062498779065099	0.44903300708546035	1.4990479860327064	1.0519190068818456	0.44903300708546035	1.4990479860327064	1.0519190068818456	0.17894035586723295	0.003112708188887859	3.9761775141951586E-7	0.203497236692055	0.0031177001862676334	4.289637594780163	-45.78127433142415
896000	-4236.066981588514	-4180.279637696676	-55.787343891837864	-4180.279637696676	31.215279834781697	86.54638322160497	0.6062498779065099	0.44903300708546035	1.4990479860327064	1.0519190068818456	0.44903300708546035	1.4990479860327064	1.0519190068818456	0.33859686798406957	0.003482639936905672	1.3438333738074051E-6	0.3309912153153456	0.0038082898969968794	4.820978359276481	-49.67391315722555
897000	-3873.9251599780314	-3844.8363997228444	-29.088760255186802	-3844.8363997228444	17.405153379875216	53.06999438051631	0.6062498779065099	0.44903300708546035	2.044442471167782	0.5065245217467697	0.44903300708546035	2.044442471167782	0.5065245217467697	0.22795862271812883	0.0019468845705869595	1.524310715447666E-7	0.1993913965605342	0.0020440957040928015	3.0587735908989915	-40.79693973263522
898000	-3973.901268417632	-3932.7667767137946	-41.13449170383711	-3932.7667767137946	16.94730351563335	66.72520637696725	0.6062498779065099	0.6931940276164896	1.3642089257675827	0.9425970466159399	0.6931940276164896	1.3642089257675827	0.9425970466159399	0.21976874800819685	0.0028092673595419993	2.527846815889693E-7	0.17479169633274758	0.0028196083797108946	4.48804010929266	-53.55885476367821
899000	-4069.1604088564986	-4025.1328937191274	-44.027515137371076	-4025.1328937191274	16.676578171121157	48.17228267311089	0.6062498779065099	0.6931940276164896	1.3642089257675827	0.9425970466159399	0.6931940276164896	1.3642089257675827	0.9425970466159399	0.33727848145154604	0.0023573466692043267	7.063029531828833E-7	0.3738729067783223	0.0022186325797439598	2.6548475672518825	-37.552067741886326
900000	-4117.294332666686	-4092.5145511111614	-24.779781555524973	-4092.5145511111614	16.16791724607816	49.20447642297434	0.6062498779065099	0.6931940276164896	1.3642089257675827	0.9425970466159399	0.6931940276164896	1.3642089257675827	0.9425970466159399	0.20131104346092882	0.008032427774318012	1.7314313411723356E-6	0.16736309591029996	0.008371578936275393	2.8626464444474893	-40.32833014135309
901000	-4161.962870483369	-4120.829371634476	-41.133498848893254	-4120.829371634476	15.658947746519875	53.73604600528405	0.6062498779065099	0.6931940276164896	1.3642089257675827	0.9425970466159399	0.6931940276164896	1.3642089257675827	0.9425970466159399	0.3271041645892303	7.224909528974623E-4	3.679476911384323E-8	0.2521833982626669	8.223255195523068E-4	4.649668072427517	-44.72552337708627
902000	-4046.315115292972	-4035.3726544580913	-10.942460834880839	-4035.3726544580913	15.952906086188932	50.17437776624235	0.6062498779065099	0.6931940276164896	1.3642089257675827	0.9425970466159399	0.6931940276164896	1.3642089257675827	0.9425970466159399	0.11807559530877056	0.0018734521176701825	3.539792086572832E-8	0.10050564259203705	0.0018115073648706861	5.059456329304018	-42.966526170861464
903000	-4004.6224498685547	-3974.527216980378	-30.095232888176945	-3974.527216980378	16.39852669523321	36.44652159697104	0.6062498779065099	0.2623374350329231	1.7950655183511492	0.9425970466159399	0.2623374350329231	1.7950655183511492	0.9425970466159399	0.3322579699241477	0.0034365297502313005	1.126134100148776E-6	0.31987660359961756	0.0035519176531510622	1.6390620221841863	-26.111819207828734
904000	-4030.075269610444	-3977.6872995598205	-52.38797005062342	-3977.6872995598205	17.09782009831056	42.64462990914455	0.6062498779065099	0.2623374350329231	1.7950655183511492	0.9425970466159399	0.2623374350329231	1.7950655183511492	0.9425970466159399	0.46091145720850824	0.002553328284410254	1.033624639880013E-6	0.4101072680915979	0.002410437976143357	2.2582709934910743	-33.27579071038331
905000	-4210.045583652579	-4151.375239786892	-58.670343865687	-4151.375239786892	21.585924018399414	59.90115283819244	0.6062498779065099	0.2623374350329231	1.7950655183511492	0.9425970466159399	0.2623374350329231	1.7950655183511492	0.9425970466159399	0.336146368724075	0.003568302998683046	2.3453876068756357E-6	0.39469243095909	0.0036887519040910426	2.376173049979858	-42.50707525910426
906000	-4425.254206117323	-4390.980345763966	-34.273860353355815	-4390.980345763966	15.952108107444259	47.21127824847437	0.6062498779065099	0.2623374350329231	1.7950655183511492	0.9425970466159399	0.2623374350329231	1.7950655183511492	0.9425970466159399	0.24555594597700026	0.0052491395658773995	1.237971002132818E-6	0.23232917549225576	0.004765799617521211	3.036500457335278	-38.5062950023991
907000	-4437.085608017732	-4382.348007889068	-54.73760012866405	-4382.348007889068	16.41032500890698	50.94679308662262	0.6062498779065099	0.2623374350329231	1.7950655183511492	0.9425970466159399	0.2623374350329231	1.7950655183511492	0.9425970466159399	0.4033871004114391	0.007479140045836479	7.452753115358629E-6	0.370759823452176	0.007978035992746825	2.7031700596807324	-42.6986628126738
908000	-4309.44529748158	-4261.659293901149	-47.78600358043184	-4261.659293901149	20.04919028751919	62.760057261121474	0.6062498779065099	0.2623374350329231	1.7950655183511492	0.9425970466159399	0.2623374350329231	1.7950655183511492	0.9425970466159399	0.2566521402129445	0.0041351888415990645	1.4027728977814334E-6	0.2771849724947556	0.004086814639947857	3.6179374093896315	-45.29714099334003
909000	-4250.719368696662	-4199.53777210838	-51.18159658828236	-4199.53777210838	20.022014609332384	60.519571425679125	0.6062498779065099	0.2623374350329231	1.7950655183511492	0.9425970466159399	0.2623374350329231	1.7950655183511492	0.9425970466159399	0.32895766346728533	0.001080829941053885	1.584556316875514E-7	0.3504854420386026	0.0013061951202632662	3.7226226987371023	-44.67477018896441
910000	-3841.8381667915	-3806.48889504923	-35.349271742270076	-3806.48889504923	20.577804900543317	81.76224621539787	0.6062498779065099	0.2623374350329231	1.7950655183511492	0.9425970466159399	0.2623374350329231	1.7950655183511492	0.9425970466159399	0.1454936603063894	7.921250404193771E-4	1.3360907034202211E-8	0.14190075152395856	7.94071387806118E-4	6.835910457494735	-57.71661755154921
911000	-4060.5750028417556	-3996.2064431855397	-64.36855965621581	-3996.2064431855397	33.8190637877362	110.79025281716206	0.6062498779065099	0.2623374350329231	1.7950655183511492	0.9425970466159399	0.2623374350329231	1.7950655183511492	0.9425970466159399	0.3784181249269026	5.760954309640306E-4	2.441473111758571E-8	0.30327407183520144	5.385746608348234E-4	6.8206325820119895	-58.596178037231255
912000	-3800.534209463211	-3758.164502818702	-42.36970664450888	-3758.164502818702	18.861214883207072	70.43160417788356	0.6062498779065099	0.2623374350329231	1.7950655183511492	0.9425970466159399	0.2623374350329231	1.7950655183511492	0.9425970466159399	0.22415642318736542	0.0023101779069045524	2.024235098475001E-7	0.19768921585965815	0.0022091132751519914	4.8379062705534635	-51.953901976669385
913000	-3995.588285231421	-3959.691896297435	-35.89638893398596	-3959.691896297435	17.297161766641068	62.33919952843285	0.6062498779065099	0.2623374350329231	1.7950655183511492	0.9425970466159399	0.2623374350329231	1.7950655183511492	0.9425970466159399	0.1987630699829824	0.002268675022109025	1.860985739100404E-7	0.19009693157244245	0.002262305340923456	3.9766683271867014	-49.2219277108678
914000	-4050.7168184563625	-4004.881945584544	-45.834872871818156	-4004.881945584544	21.116030684776945	69.90404772210715	0.6062498779065099	0.2623374350329231	1.7950655183511492	0.9425970466159399	0.2623374350329231	1.7950655183511492	0.9425970466159399	0.22462078076951786	0.0038445201814338724	1.137722701972613E-6	0.25831859915925154	0.004287281634185344	4.433861810583409	-48.62929466268828
915000	-3994.9585442771468	-3943.908998811048	-51.0495454660986	-3943.908998811048	15.658663050788547	52.22580319521941	0.6062498779065099	0.2623374350329231	1.7950655183511492	0.9425970466159399	0.2623374350329231	1.7950655183511492	0.9425970466159399	0.29342610252407597	0.0054915175074648605	4.14532853771766E-6	0.3311537050678624	0.006448186659839328	3.8759564937436424	-44.13342177079458
916000	-4161.778626293118	-4113.717231957113	-48.061394336004774	-4113.717231957113	17.450572208744546	45.88724453796142	0.6062498779065099	0.7428470010858916	1.7950655183511492	0.46208748056297133	0.7428470010858916	1.7950655183511492	0.46208748056297133	0.33122796929001874	0.0036515973720912392	2.2556633554434154E-6	0.3775260992626499	0.0039012797719316116	3.432074130767579	-36.40915161229771
917000	-4012.0246297109256	-4035.505229825098	23.480600114172514	-4035.505229825098	14.19264914784302	21.368674657922334	0.6062498779065099	0.7428470010858916	1.7950655183511492	0.46208748056297133	0.7428470010858916	1.7950655183511492	0.46208748056297133	0.14720889407279422	0.006803356924346054	5.447768092435189E-7	0.11250032854989037	0.006606397094736288	0.5353038617483717	-5.087172373865832
918000	-4021.7662349199345	-4049.827281475248	28.061046555313442	-4049.827281475248	14.174371303833919	19.03864126771623	0.6062498779065099	0.20183946301091482	2.6690258041608503	0.12913473282824683	0.20183946301091482	2.6690258041608503	0.12913473282824683	0.13644419832922738	0.005531659240230837	5.007009987185231E-7	0.12551480893398667	0.005472438625269418	0.37320058440164905	3.2026408143163527
919000	-4071.887366412917	-4069.12691110613	-2.76045530678658	-4069.12691110613	14.165305138414029	21.17235711208254	0.6062498779065099	0.20183946301091482	2.6690258041608503	0.12913473282824683	0.20183946301091482	2.6690258041608503	0.12913473282824683	0.2456162533066402	0.011603374147152559	6.278315211996423E-6	0.23121796138691605	0.01060824393590832	0.5094706019281839	-5.068740957521696
920000	-4185.3835424653935	-4185.387549953757	0.004007488363510614	-4185.387549953757	14.092391946787908	19.08898486049422	0.6062498779065099	0.20183946301091482	2.0879071837465113	0.7102533532425859	0.20183946301091482	2.0879071837465113	0.7102533532425859	0.25056234791168064	0.004351372384119422	1.267034834505186E-6	0.2680687738105122	0.004528593326438187	0.4651691256526279	0.7839784108840142
921000	-3925.265117640337	-3896.7676347803394	-28.497482859997465	-3896.7676347803394	14.607403841311532	35.73134481096185	0.6062498779065099	0.20183946301091482	2.0879071837465113	0.7102533532425859	0.20183946301091482	2.0879071837465113	0.7102533532425859	0.19976166409708537	0.0051446790967827685	1.4082646372781835E-6	0.2348600378590815	0.004872647012277037	2.622752494958885	-30.754868533669967
922000	-4058.2185304750556	-4025.8490697341404	-32.36946074091528	-4025.8490697341404	16.07517990726419	46.213412524866	0.6062498779065099	0.6634405751190857	1.6263060716383404	0.7102533532425859	0.6634405751190857	1.6263060716383404	0.7102533532425859	0.2578097772550662	8.131543145232071E-4	4.657797094485068E-8	0.271613199679453	8.008943675878375E-4	2.568045794480332	-38.60815537243613
923000	-4055.596781537036	-4044.849827761987	-10.746953775048821	-4044.849827761987	19.726463950960557	39.57725216688395	0.6062498779065099	0.6634405751190857	1.6263060716383404	0.7102533532425859	0.6634405751190857	1.6263060716383404	0.7102533532425859	0.19743080311040168	0.004968940084222231	7.463513675487609E-7	0.17455115592985596	0.005009229292392489	1.3253118040814837	-26.02098684510669
924000	-3996.7117112407186	-4003.4799982129744	6.768286972255602	-4003.4799982129744	15.381030353357533	28.10723684767452	0.6062498779065099	0.6634405751190857	1.690525213660972	0.6460342112199544	0.6634405751190857	1.690525213660972	0.6460342112199544	0.14463757285495607	0.003956235008518646	2.7481915293766173E-7	0.13605762816791445	0.003976073202903073	1.4797710083502076	-18.92449375053771
925000	-4118.709893398446	-4110.579193613762	-8.130699784684223	-4110.579193613762	16.3401093130855	38.87250862410454	0.6062498779065099	0.6634405751190857	1.690525213660972	0.6460342112199544	0.6634405751190857	1.690525213660972	0.6460342112199544	0.1358654466483701	0.004859852974236089	4.183655284690759E-7	0.1340822998154583	0.005193037730531164	1.598798288283055	-30.82301108531132
926000	-3959.9106202542994	-3950.818398709836	-9.092221544463387	-3950.818398709836	16.719692234730665	47.859468205626484	0.6062498779065099	0.6634405751190857	1.690525213660972	0.6460342112199544	0.6634405751190857	1.690525213660972	0.6460342112199544	0.12958460504588706	0.003127002279994883	1.3364213226514307E-7	0.11399863717450134	0.003208351342982366	4.0482582757518815	-39.223856230446735
927000	-4028.972050122769	-3981.835308299011	-47.136741823757774	-3981.835308299011	16.971301452064587	45.210825470054445	0.6062498779065099	0.6634405751190857	1.690525213660972	0.6460342112199544	0.6634405751190857	1.690525213660972	0.6460342112199544	0.3419109778793141	0.00417954232085235	2.2520425242988827E-6	0.3370937042219169	0.0043134350748236724	3.5612699442779028	-36.338091420097655
928000	-3934.8998096868713	-3907.559805249622	-27.340004437249142	-3907.559805249622	16.235430187835625	38.36686512276517	0.6062498779065099	0.6634405751190857	1.690525213660972	0.6460342112199544	0.6634405751190857	1.690525213660972	0.6460342112199544	0.2140959219462488	0.003804120843419716	8.828202111123893E-7	0.24383285173139088	0.0037607944725054324	1.7153230106082318	-28.75576069937535
929000	-3980.336660789762	-3926.6415950719197	-53.69506571784236	-3926.6415950719197	19.125255730452253	55.288757447079405	0.6062498779065099	0.13410293353666392	2.219862855243394	0.6460342112199544	0.13410293353666392	2.219862855243394	0.6460342112199544	0.34377241526914704	0.004345114096742557	3.1142927326997656E-6	0.39715269264347175	0.004346210290306394	4.445095339816552	-41.236766543189425
930000	-3979.923905034238	-3915.893409305192	-64.03049572904602	-3915.893409305192	15.789771167959781	45.83378717850415	0.6062498779065099	0.13410293353666392	2.6906824479330194	0.17521461853032894	0.13410293353666392	2.6906824479330194	0.17521461853032894	0.45372463711715716	0.004763307037641133	5.024199731759951E-6	0.48360060197463633	0.004165585926611314	2.4901724578131943	-37.80787933346105
931000	-3915.0680292139086	-3883.548821368417	-31.519207845491696	-3883.548821368417	20.358513560212895	57.17538655275209	0.6062498779065099	0.13410293353666392	2.2060464605783237	0.6598506058850246	0.13410293353666392	2.2060464605783237	0.6598506058850246	0.19224479946942966	0.004954232510369331	1.1245783877881462E-6	0.2073129505272313	0.005443388670421943	3.3148376110853155	-40.78680610459618
932000	-3893.891274717232	-3880.1931681354017	-13.698106581830224	-3880.1931681354017	16.62003814103722	48.82261642057591	0.6062498779065099	0.13410293353666392	2.2060464605783237	0.6598506058850246	0.13410293353666392	2.2060464605783237	0.6598506058850246	0.1462325064011194	0.0067970266235068315	8.657507688909688E-7	0.13791606206659127	0.007002094102947675	2.8391370461025223	-38.244686361349935
933000	-3785.3370683095127	-3765.6391884803757	-19.69787982913712	-3765.6391884803757	16.806992672013028	46.62715425018308	0.6062498779065099	0.13410293353666392	2.2060464605783237	0.6598506058850246	0.13410293353666392	2.2060464605783237	0.6598506058850246	0.1930882062679053	0.0024292231400592132	1.658441131022615E-7	0.1732620653967511	0.0024430669308326187	2.419585454047685	-36.55959204955055
934000	-3924.7710285109774	-3898.23495567556	-26.53607283541759	-3898.23495567556	15.773856244604548	44.08459311974763	0.6062498779065099	0.13410293353666392	2.2060464605783237	0.6598506058850246	0.13410293353666392	2.2060464605783237	0.6598506058850246	0.22058104710219828	0.003942132541012553	6.601389007853494E-7	0.2059132877238576	0.003966638841559743	2.4568525924684046	-36.066970707211404
935000	-3917.5046198803584	-3851.688629880938	-65.8159899994202	-3851.688629880938	20.845997048183225	64.93340617534926	0.6062498779065099	0.13410293353666392	2.2060464605783237	0.6598506058850246	0.13410293353666392	2.2060464605783237	0.6598506058850246	0.4592389326408423	0.0026999798319089735	1.985615319141113E-6	0.47998670903400287	0.0032896642309414932	4.320904228419892	-46.726711707225526
936000	-4059.5003810718536	-4024.2758929687543	-35.22448810309939	-4024.2758929687543	17.555955766121283	54.30828740729911	0.6062498779065099	0.13410293353666392	2.2060464605783237	0.6598506058850246	0.13410293353666392	2.2060464605783237	0.6598506058850246	0.24704339842877532	0.001225043234281474	7.198736918199082E-8	0.2239216440201052	0.0012627453282016408	2.406819176549283	-43.9039977509613
937000	-4206.441821379193	-4158.03851623131	-48.403305147883955	-4158.03851623131	20.87986944567425	78.92725738461618	0.6062498779065099	0.13410293353666392	2.2060464605783237	0.6598506058850246	0.13410293353666392	2.2060464605783237	0.6598506058850246	0.22461889592727938	4.4606670569672237E-4	9.3696297293419E-9	0.21793001688675323	4.434971561496991E-4	7.247433236341199	-56.06366706022146
938000	-4062.2551354925477	-4023.3655099681987	-38.88962552434892	-4023.3655099681987	24.456040306468967	95.16255425392539	0.6062498779065099	0.13410293353666392	2.2060464605783237	0.6598506058850246	0.13410293353666392	2.2060464605783237	0.6598506058850246	0.15323119114068867	0.0011766523987585841	3.4864840074031914E-8	0.15606322682224802	0.0012068815481109866	7.3869013463110855	-59.881438509915405
939000	-3937.921809386638	-3893.4050354685173	-44.516773918120684	-3893.4050354685173	21.879045769765142	78.56017354811962	0.6062498779065099	0.134577209673036	1.558271532115978	1.3071512582109985	0.134577209673036	1.558271532115978	1.3071512582109985	0.20290393432702086	0.0031154444120346622	3.0956718245223733E-7	0.17798624339616634	0.0030275198443635905	8.35585630555652	-55.0277339478996
940000	-3983.3297801838253	-3930.409123923607	-52.920656260218664	-3930.409123923607	19.488101162615823	72.1968877344652	0.6062498779065099	0.134577209673036	0.9628592316364174	1.902563558690559	0.134577209673036	0.9628592316364174	1.902563558690559	0.2554172274924469	0.001167055755064314	1.0235423780072042E-7	0.27499548009730324	0.0011281641950441643	4.904576413041542	-51.60611182790009
941000	-4333.054224479854	-4280.557066748882	-52.49715773097284	-4280.557066748882	20.24660592277133	62.164575346240056	0.6062498779065099	0.134577209673036	0.9628592316364174	1.902563558690559	0.134577209673036	0.9628592316364174	1.902563558690559	0.34951230851985887	0.0028524062476694917	7.877969942531817E-7	0.32838206545179166	0.0029454264594618576	4.535402537804441	-45.7153824643335
942000	-3977.5786230654553	-3944.5823821224553	-32.996240943000075	-3944.5823821224553	20.110915955549864	56.676465388601436	0.6040419262361639	0.134577209673036	1.6729341157998265	1.1924886745271497	0.134577209673036	1.6729341157998265	1.1924886745271497	0.23958418495116937	0.00312902889518079	4.413439432353083E-7	0.22014480334367062	0.00305884703560659	2.37196633428135	-40.036481523407915
943000	-3911.5109509468084	-3873.7964972600976	-37.71445368671071	-3873.7964972600976	17.488951122110795	53.909201718307386	0.4432920471002806	0.134577209673036	1.6729341157998265	1.1924886745271497	0.134577209673036	1.6729341157998265	1.1924886745271497	0.20512958814877516	0.003813019741602905	8.108679935601869E-7	0.23609308368958795	0.003890641488391329	4.169926232962392	-42.794977343087616
944000	-4330.344734769601	-4302.413542936556	-27.931191833045293	-4302.413542936556	17.472086759120124	46.44776637352382	0.4432920471002806	0.134577209673036	1.6729341157998265	1.1924886745271497	0.134577209673036	1.6729341157998265	1.1924886745271497	0.21681141259854775	0.0016577906323759048	1.453604040902888E-7	0.22588944053040763	0.0016060587654158156	2.0334763804173988	-35.276283941527105
945000	-4067.458455965262	-4063.367009993103	-4.091445972159414	-4063.367009993103	16.14373863832355	43.61078054532234	0.4432920471002806	0.134577209673036	1.6729341157998265	1.1924886745271497	0.134577209673036	1.6729341157998265	1.1924886745271497	0.11385904553445139	0.004598802059908808	2.5273662119358265E-7	0.1103076154856825	0.004594604661809928	2.659245002769998	-35.36827122181693
946000	-4177.465626723912	-4123.15964520191	-54.305981522001154	-4123.15964520191	18.938378647185154	48.76910335330488	0.4432920471002806	0.26426751167697005	2.2409505888151604	0.49478189950788176	0.26426751167697005	2.2409505888151604	0.49478189950788176	0.5280416949173772	0.0035122606404178517	3.09045905749077E-6	0.4639254648132373	0.004165023594844355	2.4862384464669027	-34.827450293486436
947000	-4177.311339039106	-4149.681873181927	-27.629465857179405	-4149.681873181927	16.135452370222826	43.814737076509175	0.4432920471002806	0.26426751167697005	2.2409505888151604	0.49478189950788176	0.26426751167697005	2.2409505888151604	0.49478189950788176	0.25763110026313646	0.0022170120356739993	3.216424608693979E-7	0.23922362188376417	0.002523117438935767	2.3491817298331465	-35.51400986248478
948000	-4205.821676373582	-4203.982185961722	-1.8394904118595456	-4203.982185961722	23.508400160705218	63.775534624522386	0.2781245478463284	0.26426751167697005	2.2409505888151604	0.49478189950788176	0.26426751167697005	2.2409505888151604	0.49478189950788176	0.09627481866987342	9.26150613428712E-4	6.2909024212079425E-9	0.0856071108835939	9.107137027686853E-4	3.9021129762697386	-42.55845984268671
949000	-4166.104599284576	-4098.120159181292	-67.98444010328289	-4098.120159181292	14.765167975696361	42.119853213876794	0.2781245478463284	0.26426751167697005	2.2409505888151604	0.49478189950788176	0.26426751167697005	2.2409505888151604	0.49478189950788176	0.5744263118557915	0.0037919043822480583	3.469930150675777E-6	0.6424606703179316	0.0025935771422676574	1.6626815097215963	-36.840006934371516
950000	-4027.75339848341	-3986.332492711622	-41.4209057717881	-3986.332492711622	15.679119607436823	48.75281663631019	0.2781245478463284	0.26426751167697005	2.2409505888151604	0.49478189950788176	0.26426751167697005	2.2409505888151604	0.49478189950788176	0.2981878759422762	0.004097805525858505	1.0433930726570717E-6	0.2541406128385088	0.003928552407099989	3.980879252724218	-41.26161937801397
951000	-4244.710919892341	-4211.643375713694	-33.0675441786471	-4211.643375713694	17.857990389665172	46.5644666075198	0.2781245478463284	0.26426751167697005	2.2409505888151604	0.49478189950788176	0.26426751167697005	2.2409505888151604	0.49478189950788176	0.25385834452043504	0.004863107255912254	1.1404072460185678E-6	0.21062734152042895	0.004827685612480604	2.1564537206473804	-36.695080510505626
952000	-4054.9166681975403	-4028.208803257885	-26.707864939655348	-4028.208803257885	20.053162158597377	63.80598327837294	0.2781245478463284	0.26426751167697005	2.2409505888151604	0.49478189950788176	0.26426751167697005	2.2409505888151604	0.49478189950788176	0.18316126274687503	0.0034124841096914663	2.7772807440436415E-7	0.1553229104167979	0.0034714653341848963	4.111073293167412	-47.84674957689115
953000	-3902.312690582864	-3866.7226876500567	-35.59000293280711	-3866.7226876500567	15.367949553631007	37.66568933622497	0.7098459371187895	0.26426751167697005	2.2409505888151604	0.49478189950788176	0.26426751167697005	2.2409505888151604	0.49478189950788176	0.36030978868750413	0.0018715238218657212	5.132839687577459E-7	0.3503919892272817	0.002174926578892544	2.0315252409552373	-29.192090229314857
954000	-3959.5576473492474	-3945.6736418780724	-13.884005471175083	-3945.6736418780724	15.248120858413188	31.641607487562105	0.3870105545783202	0.26426751167697005	2.2409505888151604	0.49478189950788176	0.26426751167697005	2.2409505888151604	0.49478189950788176	0.22381656215098056	0.0031730207173333537	4.887559136889373E-7	0.2119446834978803	0.003167594970512285	1.8438179997002269	-23.58245621339163
955000	-4037.6797491896295	-4029.2071517675417	-8.472597422087732	-4029.2071517675417	19.991361762312607	43.609014792036724	0.3870105545783202	0.26426751167697005	2.2409505888151604	0.49478189950788176	0.26426751167697005	2.2409505888151604	0.49478189950788176	0.16783536006724875	0.001264039978164692	3.7159711306338876E-8	0.159343004025057	0.0012427330828357658	1.3377554256034683	-28.97569444858502
956000	-4120.190504267146	-4068.9840966055217	-51.20640766162406	-4068.9840966055217	21.128649873053234	57.12633228282317	0.3870105545783202	0.26426751167697005	2.2409505888151604	0.49478189950788176	0.26426751167697005	2.2409505888151604	0.49478189950788176	0.3923839829308385	0.005454164691975593	5.481024096787414E-6	0.3947850316808588	0.006711518074791421	4.481244736877665	-41.13488610146412
957000	-3939.9140695537258	-3919.0040056397265	-20.910063913999185	-3919.0040056397265	22.196723455628362	67.45141934818989	0.3870105545783202	0.26426751167697005	2.2409505888151604	0.49478189950788176	0.26426751167697005	2.2409505888151604	0.49478189950788176	0.14949098424441434	0.0014327860723809	3.747373572454693E-8	0.13154862040846996	0.0014561847591507754	5.567853528360688	-47.12951029259573
958000	-4077.027721654351	-4026.1055261898614	-50.92219546448944	-4026.1055261898614	15.441291006795126	50.29725274342776	0.910488830010872	0.26426751167697005	2.2409505888151604	0.49478189950788176	0.26426751167697005	2.2409505888151604	0.49478189950788176	0.26676291772445765	0.0035301599600067518	1.1768026602537823E-6	0.2884745263210223	0.0034410240848750462	4.804708255970394	-43.15450846795252
959000	-3974.5698243934253	-3938.903763238262	-35.66606115516312	-3938.903763238262	15.832485955855272	45.592047421629715	0.910488830010872	0.26426751167697005	2.2409505888151604	0.49478189950788176	0.26426751167697005	2.2409505888151604	0.49478189950788176	0.25306572349659656	0.003752785485792146	1.0674706169860343E-6	0.27737603715421494	0.003980010156459251	2.6418421987505636	-37.81687676439467
960000	-3925.735874164412	-3878.280395180317	-47.455478984094796	-3878.280395180317	17.417892382023375	50.95239554816873	0.910488830010872	0.26426751167697005	2.2409505888151604	0.49478189950788176	0.26426751167697005	2.2409505888151604	0.49478189950788176	0.3100910111265957	0.0033648323179063656	1.26601242124831E-6	0.3375220789775828	0.0031637455317960173	3.250500423089035	-39.334500957406966
961000	-3837.845715754587	-3807.2271758543748	-30.61853990021239	-3807.2271758543748	15.237767182776167	44.061956166871745	0.910488830010872	0.26426751167697005	2.2409505888151604	0.49478189950788176	0.26426751167697005	2.2409505888151604	0.49478189950788176	0.20453586373097427	0.002097676157155459	1.9093821296672854E-7	0.2040583478388542	0.0020343288613571464	3.6205164457125454	-38.37009617290518
962000	-4030.544947484599	-4003.711810588773	-26.83313689582588	-4003.711810588773	16.77298767474224	50.714642471009014	0.910488830010872	0.26426751167697005	2.2409505888151604	0.49478189950788176	0.26426751167697005	2.2409505888151604	0.49478189950788176	0.17145211783443934	0.005500971515072974	1.219179769329165E-6	0.19718340987966274	0.0056499090831047425	3.278864149291929	-40.694951729403876
963000	-3849.2481485610074	-3844.080346947726	-5.167801613281238	-3844.080346947726	16.526268895906618	58.59197467597571	0.910488830010872	0.26426751167697005	2.2409505888151604	0.49478189950788176	0.26426751167697005	2.2409505888151604	0.49478189950788176	0.0831125077674849	0.002970629107621469	6.381998826884639E-8	0.08496309842240646	0.002968050339280578	4.675980399137817	-46.83350992065104
964000	-3789.1068578115146	-3769.958572758752	-19.148285052762958	-3769.958572758752	19.295199399827734	50.023098903467776	0.910488830010872	0.26426751167697005	2.2409505888151604	0.49478189950788176	0.26426751167697005	2.2409505888151604	0.49478189950788176	0.15055776339022373	0.0024086442180011286	1.796349244887223E-7	0.17014438237311505	0.0025108372397115025	2.6288952576571853	-36.22298248946086
965000	-3954.896998978226	-3906.7442436549036	-48.15275532332217	-3906.7442436549036	16.0097270238327	29.670727962844484	0.910488830010872	0.26426751167697005	2.2409505888151604	0.49478189950788176	0.26426751167697005	2.2409505888151604	0.49478189950788176	0.5722885070790154	0.0030756376610514545	3.204222891340743E-6	0.6625394318890792	0.0026976291616952904	1.1500569136559813	-18.513464254571517
966000	-3966.827246133759	-3968.0587025649475	1.231456431188322	-3968.0587025649475	14.378232683229761	22.48345061886093	0.910488830010872	0.26426751167697005	2.2409505888151604	0.49478189950788176	0.26426751167697005	2.2409505888151604	0.49478189950788176	0.1787893540046556	0.007447944324665583	2.4061176955166745E-6	0.20690049147825407	0.0073958398786546945	0.516696420416381	-7.205197669278089
967000	-3919.4752908741125	-3896.9029944632584	-22.572296410853966	-3896.9029944632584	14.41110640948196	24.651644815652848	0.910488830010872	0.26426751167697005	2.2409505888151604	0.49478189950788176	0.26426751167697005	2.2409505888151604	0.49478189950788176	0.3838258468942961	0.004121725986885157	2.2373334044868836E-6	0.3569367787621832	0.004334475796098464	1.0015588032638256	-12.6792332756716
968000	-4000.834384297692	-4007.0914976187837	6.257113321091786	-4007.0914976187837	14.834585360590479	24.44496413728738	0.910488830010872	0.26426751167697005	2.2409505888151604	0.49478189950788176	0.26426751167697005	2.2409505888151604	0.49478189950788176	0.15254244484904525	0.014918856658855556	5.3186872355541924E-6	0.1545886465117643	0.01478962162030699	0.9230105090230991	-12.883606391566515
969000	-3938.378297444737	-3942.4043682874208	4.026070842683529	-3942.4043682874208	14.717227542532619	25.521291216408123	0.910488830010872	0.26426751167697005	2.2409505888151604	0.49478189950788176	0.26426751167697005	2.2409505888151604	0.49478189950788176	0.15114828648307566	0.004820763981829348	5.266263436368428E-7	0.1500026015832383	0.004682667169522798	0.6487828410072869	-14.083606654015487
970000	-3873.8231102589825	-3847.136538008819	-26.68657225016318	-3847.136538008819	16.135863811096726	32.92817243276051	0.910488830010872	0.26426751167697005	2.2409505888151604	0.49478189950788176	0.26426751167697005	2.2409505888151604	0.49478189950788176	0.322810617843982	0.009569435003876707	8.461024192125023E-6	0.2947954676541769	0.01046436084419497	1.7044687232394993	-24.30150488148553
971000	-3846.9148247801704	-3817.9167153576836	-28.998109422486703	-3817.9167153576836	18.6403849505997	40.03067768049276	0.910488830010872	0.26426751167697005	2.2409505888151604	0.49478189950788176	0.26426751167697005	2.2409505888151604	0.49478189950788176	0.27351586229915575	0.0056208227707143605	1.7114589014131936E-6	0.2333716103523224	0.005162378902740329	1.6555687275739022	-27.403151710551025
972000	-3844.0799060410814	-3859.859033761425	15.77912772034372	-3859.859033761425	14.476243184041245	23.638976130510688	0.910488830010872	0.26426751167697005	2.2409505888151604	0.49478189950788176	0.26426751167697005	2.2409505888151604	0.49478189950788176	0.13040168083735712	0.0052078122084862665	4.574534856815905E-7	0.13223317078062577	0.0050747083654068175	0.7815530499419554	-9.864887668832239
973000	-4036.8387352248005	-4023.951460428797	-12.887274796003718	-4023.951460428797	16.595924141468494	36.341137559952465	0.910488830010872	0.26426751167697005	2.6140070425495376	0.12172544577350447	0.26426751167697005	2.6140070425495376	0.12172544577350447	0.2057044025705655	7.073296195469361E-4	2.0975363481678326E-8	0.20311631595090102	7.610802222300867E-4	1.3200855172671722	-26.400785249278094
974000	-3943.7926254695117	-3940.8312817085803	-2.961343760931329	-3940.8312817085803	14.58497442053662	29.390455526052897	0.910488830010872	0.26426751167697005	2.6140070425495376	0.12172544577350447	0.26426751167697005	2.6140070425495376	0.12172544577350447	0.1766576797374133	0.005311553551621658	5.723695258302521E-7	0.1441389275132258	0.005125528047920457	1.473231633743767	-22.196615532142484
975000	-3857.6420428509236	-3836.4472968034224	-21.194746047501255	-3836.4472968034224	14.983484475386863	37.931746709231625	0.910488830010872	0.26426751167697005	2.6140070425495376	0.12172544577350447	0.26426751167697005	2.6140070425495376	0.12172544577350447	0.20756732903623604	0.0059954450473573735	1.222056469459828E-6	0.1781031835751881	0.0059687506136129375	2.8669236085339835	-33.07323541784555
976000	-3880.4681113668958	-3886.141300927016	5.673189560120326	-3886.141300927016	14.616622791744401	32.25936486379059	0.910488830010872	0.26426751167697005	2.6140070425495376	0.12172544577350447	0.26426751167697005	2.6140070425495376	0.12172544577350447	0.10617390866836038	0.004908346373730167	3.0403116643373614E-7	0.11896537287046761	0.004597928783073423	1.5731037587155114	-24.149393723171542
977000	-4019.3396586286626	-4006.3263652941773	-13.013293334485393	-4006.3263652941773	19.647446276337913	42.744829151914956	0.910488830010872	0.26426751167697005	2.6140070425495376	0.12172544577350447	0.26426751167697005	2.6140070425495376	0.12172544577350447	0.19420124760090068	0.008063598795817728	1.476905019999719E-6	0.16435978442430788	0.007453115757145704	2.3889555766539385	-30.136000355367496
978000	-4014.746929946941	-4007.5474766092707	-7.199453337670016	-4007.5474766092707	17.064637237984613	35.33469820716294	0.910488830010872	0.26426751167697005	2.6140070425495376	0.12172544577350447	0.26426751167697005	2.6140070425495376	0.12172544577350447	0.19001584003290212	0.004908943709094608	5.715985748782486E-7	0.15897015532323233	0.004778400444271944	1.5412187028077697	-24.394225836054552
979000	-3993.4142485295206	-3982.302430480403	-11.111818049117616	-3982.302430480403	15.65593290040956	27.229004572486836	0.910488830010872	0.26426751167697005	2.6140070425495376	0.12172544577350447	0.26426751167697005	2.6140070425495376	0.12172544577350447	0.22662575347637562	0.006729278772960102	2.3503206968985117E-6	0.2260279013680713	0.007491111622356583	1.1800640621091607	-15.571119939707964
980000	-4006.463769229237	-3981.3438204488575	-25.119948780379524	-3981.3438204488575	15.270178415752948	39.23666127717952	0.910488830010872	0.26426751167697005	2.6140070425495376	0.12172544577350447	0.26426751167697005	2.6140070425495376	0.12172544577350447	0.220182088191379	0.004817260321945408	1.0379575399238615E-6	0.22103365575398065	0.004653640529472664	1.7110540548017263	-32.89698841704859
981000	-4075.3454812153086	-4019.194743457262	-56.15073775804655	-4019.194743457262	14.536518284189377	42.51699959205392	0.910488830010872	0.26426751167697005	2.1169448610100465	0.6187876273129954	0.26426751167697005	2.1169448610100465	0.6187876273129954	0.3798315108519556	0.0022451948335634178	1.011745900365181E-6	0.4280539747063626	0.0023067522567912285	4.053095962027894	-39.05277143830073
982000	-3965.516090779553	-3908.7273260499255	-56.78876472962746	-3908.7273260499255	15.338924642786093	46.69829809593681	0.910488830010872	0.26426751167697005	1.8646891084970014	0.8710433798260405	0.26426751167697005	1.8646891084970014	0.8710433798260405	0.393260466696812	0.0030071023671177275	1.6914612870863962E-6	0.40510101987291836	0.0028919636580282083	3.248148313561965	-40.133097233739306
983000	-4148.176319926491	-4079.0324624957466	-69.1438574307436	-4079.0324624957466	20.779808970402925	62.60870660254553	0.910488830010872	0.26426751167697005	1.8646891084970014	0.8710433798260405	0.26426751167697005	1.8646891084970014	0.8710433798260405	0.49128065768122264	0.0037395691467151755	3.6576075332846476E-6	0.5553280921997271	0.003360162022333842	4.118771946881294	-46.581902939419564
984000	-4007.5108488201436	-3955.778208512024	-51.73264030811949	-3955.778208512024	17.28782749929105	44.53884824049666	0.910488830010872	0.26426751167697005	1.8646891084970014	0.8710433798260405	0.26426751167697005	1.8646891084970014	0.8710433798260405	0.4145866949438907	0.0030047274858276416	2.66013813581382E-6	0.5141141887387835	0.0034467564038893695	2.637551408858454	-35.95600747621158
985000	-3856.171475562162	-3859.4535005684374	3.2820250062754432	-3859.4535005684374	19.161421593492722	45.67787524595913	0.910488830010872	0.26426751167697005	1.8646891084970014	0.8710433798260405	0.26426751167697005	1.8646891084970014	0.8710433798260405	0.10262134531686751	0.003987429895844504	1.489811452120875E-7	0.09514028039182021	0.0042223484385204586	2.336753251317374	-32.95020199744332
986000	-3898.036158395548	-3833.457160417052	-64.57899797849582	-3833.457160417052	18.91965908299634	43.39856581214904	0.910488830010872	0.26426751167697005	1.8646891084970014	0.8710433798260405	0.26426751167697005	1.8646891084970014	0.8710433798260405	0.6410219851151527	0.0030768859105072426	4.98377082205931E-6	0.787349449406144	0.002856331822420846	2.2160572804620338	-31.899691537643324
987000	-3921.937766470263	-3923.5740518321877	1.636285361924896	-3923.5740518321877	15.376549268116472	40.76114641700111	0.910488830010872	0.26426751167697005	1.8646891084970014	0.8710433798260405	0.26426751167697005	1.8646891084970014	0.8710433798260405	0.10679427018602564	0.0018449469201568622	3.763002771704876E-8	0.10418653881956144	0.00185554829633902	3.01773376363424	-33.982180564669704
988000	-3949.0391247572347	-3920.5367357444356	-28.502389012798993	-3920.5367357444356	16.312473395107354	47.070847575741276	0.910488830010872	0.26426751167697005	1.8646891084970014	0.8710433798260405	0.26426751167697005	1.8646891084970014	0.8710433798260405	0.14976882537165034	0.0022289292266992325	2.128693724821577E-7	0.20259343499049304	0.002340861266095359	2.9769019556602228	-37.6095375266604
989000	-4036.233065316152	-3991.0953918634973	-45.13767345265498	-3991.0953918634973	17.712466392106435	61.899041527778046	0.910488830010872	0.26426751167697005	1.8646891084970014	0.8710433798260405	0.26426751167697005	1.8646891084970014	0.8710433798260405	0.2662008938512305	0.003998673474417381	7.883020236322764E-7	0.23080679516281458	0.003854379255666638	6.317964995972478	-48.95841232292515
990000	-4066.903597866913	-4017.952832346888	-48.95076552002499	-4017.952832346888	15.213064569038666	54.39027256927988	0.910488830010872	0.26426751167697005	1.8646891084970014	0.8710433798260405	0.26426751167697005	1.8646891084970014	0.8710433798260405	0.3005106975386385	0.00478402756620938	1.6440513403059605E-6	0.27693991091069275	0.0047251287726527156	4.135257015902834	-47.995636177376475
991000	-3936.2632576788096	-3926.466543722705	-9.796713956104467	-3926.466543722705	16.836023266676918	46.2101047141268	0.910488830010872	0.26426751167697005	1.8646891084970014	0.8710433798260405	0.26426751167697005	1.8646891084970014	0.8710433798260405	0.14505609472492073	0.003436520397119078	1.9508605130118046E-7	0.12875488096997842	0.0034488236139495736	2.974773678223888	-37.205369809919354
992000	-3996.7398846168007	-3969.971081604537	-26.768803012263685	-3969.971081604537	22.663485019567435	58.196040438961944	0.910488830010872	0.7020102378097148	1.8646891084970014	0.4333006536932958	0.7020102378097148	1.8646891084970014	0.4333006536932958	0.21722976232969524	0.0013185909531642692	6.227509050080594E-8	0.1929473639478886	0.001354459040785463	2.7571332334865635	-39.389247000070554
993000	-3928.297376399318	-3884.9507988753503	-43.346577523967674	-3884.9507988753503	16.867095374748203	42.49197763710248	0.910488830010872	0.7020102378097148	1.8646891084970014	0.4333006536932958	0.7020102378097148	1.8646891084970014	0.4333006536932958	0.39692327060115307	0.002161890632919682	6.906179773838123E-7	0.3666591311527115	0.0024453526564657524	2.298033120646301	-31.667908548230685
994000	-3868.1317008734363	-3866.9140455577103	-1.2176553157259726	-3866.9140455577103	14.763482175769918	33.04761668541509	0.910488830010872	0.7020102378097148	1.8646891084970014	0.4333006536932958	0.7020102378097148	1.8646891084970014	0.4333006536932958	0.13595177074773124	0.0038241887647703096	2.4258917918561985E-7	0.13093609615897395	0.0037617356900456677	2.1742728162975204	-27.704525207018666
995000	-3908.527484912401	-3858.545884511	-49.98160040140095	-3858.545884511	16.099609996371747	34.774311858286296	0.910488830010872	0.7020102378097148	1.8646891084970014	0.4333006536932958	0.7020102378097148	1.8646891084970014	0.4333006536932958	0.43474236892688434	0.003997344722983368	4.622751352379474E-6	0.5136858736941373	0.003999808800055327	1.724206119945135	-26.374768934500725
996000	-3991.1733414451196	-3949.1814762437566	-41.991865201363076	-3949.1814762437566	18.345738264204094	48.47987845728153	0.910488830010872	0.7020102378097148	1.8646891084970014	0.4333006536932958	0.7020102378097148	1.8646891084970014	0.4333006536932958	0.3338996893883309	0.003408967666109668	1.6025453099925535E-6	0.34260831210339826	0.0037907286757153163	2.029075280363295	-36.702000516218696
997000	-3849.0905192846235	-3828.4900301121743	-20.600489172449024	-3828.4900301121743	16.309061404692947	38.16091051482912	0.910488830010872	0.7020102378097148	1.8646891084970014	0.4333006536932958	0.7020102378097148	1.8646891084970014	0.4333006536932958	0.2139336155328385	0.004442492607182973	1.0344022845033076E-6	0.22258179976711698	0.004629091496283249	1.5726332115775532	-28.448074221508357
998000	-3978.686990212338	-3943.813993503844	-34.87299670849408	-3943.813993503844	16.67075206162469	44.59480493795635	0.910488830010872	0.7020102378097148	1.8646891084970014	0.4333006536932958	0.7020102378097148	1.8646891084970014	0.4333006536932958	0.2886169839777361	0.0029899500896517716	6.079933450298855E-7	0.26488654232103365	0.0029098282908935785	2.226151312430723	-35.14805198760424
999000	-3916.0124258413307	-3863.2685529692676	-52.74387287206288	-3863.2685529692676	20.594430735454583	48.64737568541587	0.910488830010872	0.7020102378097148	1.8646891084970014	0.4333006536932958	0.7020102378097148	1.8646891084970014	0.4333006536932958	0.3480889103321921	0.003381401697054554	1.8051621250321384E-6	0.4045287561264022	0.003098599172164182	3.410819457424931	-35.23138378322166
1000000	-3968.3583364749397	-3950.981594228284	-17.376742246655635	-3950.981594228284	15.249534158829821	27.844589550430754	0.910488830010872	0.7020102378097148	1.6027282313590898	0.6952615308312073	0.7020102378097148	1.6027282313590898	0.6952615308312073	0.3108700499050169	0.005409153176078986	2.3136230061662065E-6	0.2831558510627737	0.005849987128796415	0.9779003471750863	-16.866153032944737
1001000	-3921.965990751858	-3915.112461421216	-6.8535293306420915	-3915.112461421216	20.985995422595426	66.6418965608141	0.7967710137581712	0.444044477129789	2.019176246528058	0.5367792763421426	0.444044477129789	2.019176246528058	0.5367792763421426	0.09048509810273365	0.004052472475894248	1.2861021028020359E-7	0.0880209127522456	0.004119943087407583	4.324853327694783	-47.29242507651293
1002000	-4151.199652716515	-4110.960184510219	-40.23946820629555	-4110.960184510219	16.131418102593685	50.19013127433765	0.7967710137581712	0.444044477129789	2.019176246528058	0.5367792763421426	0.444044477129789	2.019176246528058	0.5367792763421426	0.18344620133951237	0.011344129329913452	6.3858037779702055E-6	0.22421185630657126	0.01141855545900516	4.665609332183577	-42.18152451347492
1003000	-4013.238745344796	-3976.366674827835	-36.87207051696083	-3976.366674827835	22.09767517121086	65.27772739606746	0.7967710137581712	0.26374529888241316	2.019176246528058	0.7170784545895185	0.26374529888241316	2.019176246528058	0.7170784545895185	0.2256076433048323	0.0014491683199814186	8.069246891011285E-8	0.2021571764704612	0.0013361212659866674	4.782501372060454	-45.41518552404923
1004000	-3977.8512107324677	-3957.5355674018924	-20.315643330575504	-3957.5355674018924	18.89363461515368	49.425288900377744	0.7967710137581712	0.3436581805291209	1.8490258866935745	0.8073159327772941	0.3436581805291209	1.8490258866935745	0.8073159327772941	0.18873752728960538	0.0014134972183253128	6.749339658897395E-8	0.18785506820561063	0.0013688325168392385	2.6594124598849387	-35.82326764502896
1005000	-3933.7345493016164	-3917.0287050877673	-16.705844213849048	-3917.0287050877673	18.099335347508898	43.87369719117734	0.7967710137581712	0.2504174308485031	1.7870361911086334	0.9625463780428529	0.2504174308485031	1.7870361911086334	0.9625463780428529	0.16718521148868096	0.006291761483776551	1.2969993673246808E-6	0.17407253674052772	0.006519066125491801	1.8964952670849884	-31.90661096308242
1006000	-3935.48629671837	-3925.9713949286224	-9.51490178974738	-3925.9713949286224	22.171109540234482	63.324689546639256	0.7967710137581712	0.06937126931847837	1.9081658343360168	1.0224628963454943	0.06937126931847837	1.9081658343360168	1.0224628963454943	0.12171458306705188	0.003216429860342579	9.48847329987785E-8	0.0957806682798519	0.003228684653811013	5.204360133813466	-45.100077185567024
1007000	-3872.623140093377	-3854.3459434157317	-18.277196677645527	-3854.3459434157317	14.372839139330928	38.418050936664855	0.7967710137581712	0.06937126931847837	1.9081658343360168	1.0224628963454943	0.06937126931847837	1.9081658343360168	1.0224628963454943	0.194309969501794	0.005229736739068405	9.69345030285401E-7	0.18297844157121995	0.005373070332445001	2.0601617236394985	-32.47959436395453
1008000	-3973.551860491825	-3919.848177816477	-53.70368267534809	-3919.848177816477	18.907148721638606	51.47953929591245	0.7967710137581712	0.06937126931847837	1.9081658343360168	1.0224628963454943	0.06937126931847837	1.9081658343360168	1.0224628963454943	0.25321273016340023	0.008171422973204204	8.432739276391794E-6	0.3644822062957472	0.008096041153765061	4.0999626128528375	-39.74954079518417
1009000	-4159.244958588202	-4117.396280001648	-41.848678586554634	-4117.396280001648	19.00948411652189	57.38330846707701	0.7967710137581712	0.06937126931847837	1.9081658343360168	1.0224628963454943	0.06937126931847837	1.9081658343360168	1.0224628963454943	0.21008062999695812	0.009339700875613756	4.674447847417811E-6	0.22967047347367175	0.009078928679784196	2.914061128349183	-44.88654892146347
1010000	-3929.855969881471	-3858.310530623238	-71.54543925823313	-3858.310530623238	18.11925853443864	64.8525188460799	0.7967710137581712	0.06937126931847837	2.0495071227924453	0.8811216078890658	0.06937126931847837	2.0495071227924453	0.8811216078890658	0.38118650917214264	0.0017506145136987681	5.163718783754335E-7	0.4201399848835692	0.0014955485469697674	3.5623354289587437	-51.46839780625543
1011000	-4198.422705496152	-4172.980990087729	-25.441715408422642	-4172.980990087729	19.803556567233	53.641440200306434	0.7967710137581712	0.03336910294396173	2.0768095100620463	0.8898213869939815	0.03336910294396173	2.0768095100620463	0.8898213869939815	0.172510687512238	9.114090488679049E-4	1.754144715440279E-8	0.1451199302039004	9.224037025296782E-4	8.102437922334808	-46.26141957037006
1012000	-3943.9624954892724	-3919.9566040769705	-24.00589141230216	-3919.9566040769705	15.261913960935022	42.814470780945754	0.7967710137581712	0.03336910294396173	2.0768095100620463	0.8898213869939815	0.03336910294396173	2.0768095100620463	0.8898213869939815	0.16999868873996601	0.006303663848647759	1.1177941498696586E-6	0.17141277239860617	0.0064058965489223315	3.465942178558376	-37.4354238774604
1013000	-4070.3190031832846	-4049.916964164314	-20.402039018970594	-4049.916964164314	16.71232251761286	39.05262482060294	0.7967710137581712	0.07071402827739892	2.0394645847286093	0.8898213869939815	0.07071402827739892	2.0394645847286093	0.8898213869939815	0.1870327883222111	0.015236679863300344	8.572942709573132E-6	0.18698425829914872	0.01495949113511171	1.4048568055233592	-29.80707859618985
1014000	-3969.507100612286	-3967.0333094189514	-2.4737911933345917	-3967.0333094189514	17.40104572576902	40.7866561065583	0.7967710137581712	0.07071402827739892	2.0394645847286093	0.8898213869939815	0.07071402827739892	2.0394645847286093	0.8898213869939815	0.15332249028392458	0.00479629723178	3.2142625062589206E-7	0.12064614969917435	0.004740161388846621	1.737188812287097	-30.234749705963278
1015000	-3965.0541630254083	-3946.6384965833586	-18.415666442049712	-3946.6384965833586	17.292329290732173	46.73044957678643	0.7967710137581712	0.07071402827739892	1.9685080818288523	0.9607778898937385	0.07071402827739892	1.9685080818288523	0.9607778898937385	0.13730452744374563	0.0028669759673759015	1.722029237816446E-7	0.1505021940588227	0.0026577338329726416	2.6873074134189707	-36.92517657250491
1016000	-3844.8918793481816	-3802.401316268581	-42.49056307960061	-3802.401316268581	18.52441024732804	44.60084135693715	0.7967710137581712	0.07071402827739892	2.0160532604776598	0.9132327112449311	0.07071402827739892	2.0160532604776598	0.9132327112449311	0.30532010680860766	0.002836467206472688	1.234328870870395E-6	0.36558080795626513	0.0031446878223213644	2.0577250976932637	-32.76345703119554
1017000	-3895.717541065839	-3892.8962799302703	-2.821261135568857	-3892.8962799302703	16.226613451452376	27.85007601930547	0.7967710137581712	0.07071402827739892	2.0160532604776598	0.9132327112449311	0.07071402827739892	2.0160532604776598	0.9132327112449311	0.184008677522584	0.005446110127847398	9.698367848678412E-7	0.18609039503699584	0.00523617319300347	0.7413007964555982	-15.192937974282344
1018000	-3934.0710992359627	-3907.452556840163	-26.61854239579975	-3907.452556840163	15.458040576139195	35.915779070402564	0.7967710137581712	0.07071402827739892	2.0160532604776598	0.9132327112449311	0.07071402827739892	2.0160532604776598	0.9132327112449311	0.268041514866661	0.007026525158280069	4.860438196866607E-6	0.2740043719556295	0.008574514472585715	1.6342959975339824	-27.03990002934145
1019000	-3926.354404386432	-3916.4155476239525	-9.938856762479764	-3916.4155476239525	19.53358413420002	58.94421217048366	0.7967710137581712	0.07071402827739892	2.0160532604776598	0.9132327112449311	0.07071402827739892	2.0160532604776598	0.9132327112449311	0.12465713212235824	0.00400637203387468	1.2544090526120584E-7	0.0890153495100776	0.0040011531725867916	6.697584191982672	-46.114129351573695
1020000	-4078.218240552402	-4068.2069969472464	-10.01124360515588	-4068.2069969472464	20.850682691220644	74.22027814525593	0.7967710137581712	0.07071402827739892	2.0160532604776598	0.9132327112449311	0.07071402827739892	2.0160532604776598	0.9132327112449311	0.09906225593823051	0.0010875522164666932	7.693453184233514E-9	0.08026070681045457	0.0011239649967895724	4.898873112392826	-53.27450047784952
1021000	-3895.2852181385247	-3855.247664086767	-40.037554051757304	-3855.247664086767	15.710403352720174	51.48227988468149	0.7967710137581712	0.07071402827739892	2.0160532604776598	0.9132327112449311	0.07071402827739892	2.0160532604776598	0.9132327112449311	0.3025765405440354	0.004347355131539901	1.0490237499185087E-6	0.23346702521100637	0.004498208194214297	4.305546427794801	-42.914341007225545
1022000	-3930.6590415954065	-3891.6893121439116	-38.96972945149508	-3891.6893121439116	28.335194998108513	73.67719300815315	0.7967710137581712	0.07071402827739892	2.0160532604776598	0.9132327112449311	0.07071402827739892	2.0160532604776598	0.9132327112449311	0.22895722490939405	0.0034805000155724705	7.564485256673813E-7	0.2410686598047432	0.003461534897155572	3.8182072515508794	-44.59228616091553
1023000	-4095.094699954536	-4028.7299606743095	-66.36473928022626	-4028.7299606743095	17.347508752946318	56.420260709273734	0.7967710137581712	0.07071402827739892	1.9057368013567741	1.0235491703658168	0.07071402827739892	1.9057368013567741	1.0235491703658168	0.4613526403105644	0.0059745380128827736	6.4420667366378905E-6	0.44735623848288464	0.005741606891772082	3.3202910528330682	-44.790270137109445
1024000	-4051.540021870216	-4037.715018072812	-13.825003797403836	-4037.715018072812	23.716845039679544	79.44225099999602	0.7967710137581712	0.2758926080227071	1.9057368013567741	0.8183705906205087	0.2758926080227071	1.9057368013567741	0.8183705906205087	0.09197497556435974	0.001120271211207129	1.061833577811675E-8	0.0918965656027385	0.0011202004694849587	5.079504151366911	-53.26834141113234
1025000	-3738.501696279374	-3691.7165821070853	-46.78511417228844	-3691.7165821070853	25.195066300192487	83.17217973881793	0.7967710137581712	0.2758926080227071	1.9057368013567741	0.8183705906205087	0.2758926080227071	1.9057368013567741	0.8183705906205087	0.24055627510666125	0.002182012576464008	2.79217168837237E-7	0.241980914423087	0.002228461135617735	5.56024055146726	-54.29090047627256
1026000	-4001.993296582898	-3941.3877139551228	-60.60558262777505	-3941.3877139551228	27.690899713813245	78.6525325354168	0.7967710137581712	0.04219327910896534	2.139436130270516	0.8183705906205087	0.04219327910896534	2.139436130270516	0.8183705906205087	0.35978139613864013	0.0024106183658993826	8.100063162282084E-7	0.3596704432032879	0.0024723251321783326	5.61493670672765	-48.78672072986581
1027000	-3863.454645032925	-3829.451938087447	-34.002706945477584	-3829.451938087447	16.61620537444403	46.95768598740658	0.7967710137581712	0.04219327910896534	2.139436130270516	0.8183705906205087	0.04219327910896534	2.139436130270516	0.8183705906205087	0.2634668631906483	0.004396130396615084	1.3033649755670604E-6	0.24796026412888697	0.004812695794270121	3.842246254608264	-38.44031540025883
1028000	-4060.7481973368554	-4020.3776963426203	-40.37050099423523	-4020.3776963426203	17.80828366459359	45.74612905065307	0.7967710137581712	0.04219327910896534	2.139436130270516	0.8183705906205087	0.04219327910896534	2.139436130270516	0.8183705906205087	0.27967438551198803	0.0016846364695275195	2.4388705706867517E-7	0.29151653449855114	0.0016068550355197852	3.66603499636226	-37.241450620487875
1029000	-3992.240221402562	-3968.2202931787597	-24.01992822380229	-3968.2202931787597	15.429488702811268	41.52600564076047	0.7967710137581712	0.2879351581674721	1.8936942512120092	0.8183705906205087	0.2879351581674721	1.8936942512120092	0.8183705906205087	0.1918750161290806	0.001961547251981632	1.138100557049062E-7	0.17797818304172236	0.0018068134091247183	2.2670116058368968	-35.450623481306174
1030000	-3839.4402975060425	-3819.978250475398	-19.462047030644403	-3819.978250475398	16.33000846565762	41.607001099599564	0.7967710137581712	0.2879351581674721	2.3017964951969394	0.41026834663557854	0.2879351581674721	2.3017964951969394	0.41026834663557854	0.17153868201909345	0.0025603381577070585	1.9733852692863353E-7	0.18196715001165467	0.002375407851892958	2.58941547010757	-33.535200347484654
1031000	-3931.1691073272987	-3910.913580475488	-20.255526851810878	-3910.913580475488	14.94558502745546	29.566948799730607	0.7967710137581712	0.2879351581674721	1.6385580641699604	1.0735067776625575	0.2879351581674721	1.6385580641699604	1.0735067776625575	0.324831257052922	0.0050796731888274405	1.726194884363354E-6	0.26246301793134913	0.0050957903081537545	1.2488100394811437	-20.188939265681043
1032000	-4127.987126540409	-4125.174941051058	-2.812185489350681	-4125.174941051058	14.69933133471867	18.623637597421496	0.7967710137581712	0.2879351581674721	1.6385580641699604	1.0735067776625575	0.2879351581674721	1.6385580641699604	1.0735067776625575	0.35538873334278587	0.005195184552876786	3.367393326833958E-6	0.3491446701081169	0.005260657102651494	0.3989244880952449	4.6644540564627235
1033000	-3988.5383292616098	-3961.4910502704397	-27.04727899117012	-3961.4910502704397	14.778056907545196	23.807108941241754	0.7967710137581712	0.2879351581674721	1.6385580641699604	1.0735067776625575	0.2879351581674721	1.6385580641699604	1.0735067776625575	0.4151919117770786	0.0030279907896956382	2.4683709974178186E-6	0.45853152736678104	0.003313136809407803	0.6428373635229597	-8.854343333970055
1034000	-4234.6096586126705	-4189.9763157258385	-44.63334288683166	-4189.9763157258385	19.756903120768996	43.18120389426959	0.7967710137581712	0.5107505199095664	1.6385580641699604	0.8506914159204633	0.5107505199095664	1.6385580641699604	0.8506914159204633	0.3685302489981026	0.0012642113829318643	2.9759538259130205E-7	0.40977565567358354	0.0012907321651860239	1.6769076668595826	-29.23412648210094
1035000	-4116.640787676237	-4091.530677733952	-25.110109942284716	-4091.530677733952	14.554750933072766	36.11283310410085	0.7967710137581712	0.5107505199095664	1.6385580641699604	0.8506914159204633	0.5107505199095664	1.6385580641699604	0.8506914159204633	0.28702568375978593	0.0038542511757837074	7.904838190885687E-7	0.22164749016761215	0.004231452454042327	2.184007303182915	-30.907065633520226
1036000	-4204.643496751782	-4179.718768516108	-24.92472823567384	-4179.718768516108	15.309015534711014	36.26850333946554	0.7967710137581712	0.0444345930946185	1.6385580641699604	1.3170073427354112	0.0444345930946185	1.6385580641699604	1.3170073427354112	0.2269002785688205	0.009824587941218772	5.695768954608444E-6	0.23602836544677766	0.011268469867226337	2.40806382039308	-30.228803282288894
1037000	-4009.476244085431	-3976.6584072344303	-32.817836851000536	-3976.6584072344303	14.502125177836856	40.66036865830707	0.7967710137581712	0.0444345930946185	1.6385580641699604	1.3170073427354112	0.0444345930946185	1.6385580641699604	1.3170073427354112	0.22728145683214346	0.002472605873050819	3.5541783403408627E-7	0.2475330594251123	0.002322867415465939	2.005406685199066	-34.05701898523921
1038000	-3975.9400926369117	-3968.764706269218	-7.175386367693585	-3968.764706269218	14.54475140609537	34.112105011115595	0.7967710137581712	0.0444345930946185	1.6385580641699604	1.3170073427354112	0.0444345930946185	1.6385580641699604	1.3170073427354112	0.14624803972652403	0.0027009184190101834	1.7951294020972548E-7	0.15877593665324752	0.0026463976296641945	1.7739705287241014	-26.490728714690153
1039000	-3951.7356026617535	-3914.0948401507308	-37.64076251102269	-3914.0948401507308	17.19554882846643	37.80152789739803	0.7967710137581712	0.0444345930946185	1.6385580641699604	1.3170073427354112	0.0444345930946185	1.6385580641699604	1.3170073427354112	0.3108351345721596	0.002077399956486312	3.85593529256338E-7	0.31747244402105984	0.0018783280544137533	2.0583672892861307	-27.34033315946965
1040000	-3934.0262064066515	-3910.739483625669	-23.286722780982345	-3910.739483625669	15.288007007768165	28.755592359151184	0.7967710137581712	0.39800683875422693	1.284985818510352	1.3170073427354112	0.39800683875422693	1.284985818510352	1.3170073427354112	0.26626499812352417	0.003887679919055541	1.4793624077094637E-6	0.3037424822518757	0.00400336132350405	1.0854205042197445	-19.608807611651375
1041000	-3981.631730090932	-3984.474163519817	2.842433428885068	-3984.474163519817	14.783501952503395	25.06452020217798	0.7967710137581712	0.39800683875422693	1.284985818510352	1.3170073427354112	0.39800683875422693	1.284985818510352	1.3170073427354112	0.14846918814460316	0.008380367835942718	1.8509323711968131E-6	0.16232752260062178	0.008321966621035223	0.7538606191100004	-12.647480991798464
1042000	-4013.5379907666	-4012.6957413085925	-0.8422494580079012	-4012.6957413085925	15.208167006678527	23.88331386594472	0.7967710137581712	0.39800683875422693	1.284985818510352	1.3170073427354112	0.39800683875422693	1.284985818510352	1.3170073427354112	0.21273312957762502	0.011009753701022357	4.900476460884352E-6	0.2069265658234687	0.01060721105579867	0.6490699442423425	-8.897258807617387
1043000	-4029.3337082111216	-4015.743020216319	-13.590687994802343	-4015.743020216319	15.508758001206536	28.032812982436024	0.7967710137581712	0.39800683875422693	1.637978216266788	0.9640149449789751	0.39800683875422693	1.637978216266788	0.9640149449789751	0.22493251842970216	0.005573197287878595	1.592130151626264E-6	0.22117176423421855	0.0053798330769899635	0.8791047385770409	-16.571882542965465
1044000	-4023.2833745382504	-4012.293727837767	-10.989646700483064	-4012.293727837767	15.284797018348932	27.267918259123462	0.7967710137581712	0.39800683875422693	1.637978216266788	0.9640149449789751	0.39800683875422693	1.637978216266788	0.9640149449789751	0.23945555624565285	0.008215859210499858	3.378207311198534E-6	0.2296832539403677	0.00806001888187499	1.105273777967047	-16.45959893315733
1045000	-3998.2599258426544	-3983.3830972342143	-14.876828608439896	-3983.3830972342143	16.111577875377225	31.53867028444888	0.7967710137581712	0.39800683875422693	2.141761536911933	0.46023162433383	0.39800683875422693	2.141761536911933	0.46023162433383	0.20807055763746254	0.0105426085562978	5.292649187115555E-6	0.22238567576702736	0.010261155586732596	0.8038474262468546	-21.137381518371125
1046000	-4030.348458498303	-4019.7131629574424	-10.635295540860458	-4019.7131629574424	16.069111214256814	30.55791095084399	0.7967710137581712	0.39800683875422693	2.141761536911933	0.46023162433383	0.39800683875422693	2.141761536911933	0.46023162433383	0.24931786662839867	0.011966167477502503	5.76960567580605E-6	0.1938025606166252	0.013006861063139983	0.8204146229377666	-18.882461715534504
1047000	-4109.848369594573	-4072.3615886743996	-37.486780920173466	-4072.3615886743996	14.98938943277183	34.10252230044844	0.7967710137581712	1.0005128291266177	1.5392555465395423	0.46023162433383	1.0005128291266177	1.5392555465395423	0.46023162433383	0.3669474883501361	0.007725248644591334	8.572486271014817E-6	0.3500281343696202	0.008356983933850523	1.8842750303922091	-26.70173384850619
1048000	-4212.728001287621	-4203.580216086514	-9.14778520110676	-4203.580216086514	15.341605139171113	23.568959689725475	0.7967710137581712	1.0005128291266177	1.0640179447140392	0.935469226159333	1.0005128291266177	1.0640179447140392	0.935469226159333	0.21541127291334147	0.030061611429548427	6.60528606356895E-5	0.27581964856076335	0.028128730205767817	0.5654704045662902	-8.62916388445799
1049000	-4126.888986583216	-4097.448635876924	-29.440350706292623	-4097.448635876924	15.159550629364052	36.41221240808896	0.7967710137581712	0.7534607032573851	1.3110700705832716	0.935469226159333	0.7534607032573851	1.3110700705832716	0.935469226159333	0.3051021352740737	0.00809932660406993	4.792010828975202E-6	0.26687355831896703	0.007934940998591005	1.2737861104795305	-28.97422210372951
1050000	-4169.428873902946	-4169.5599390632	0.1310651602538826	-4169.5599390632	15.30646084765677	41.146283087034554	0.7967710137581712	0.7534607032573851	1.3110700705832716	0.935469226159333	0.7534607032573851	1.3110700705832716	0.935469226159333	0.11650791152378655	0.005702898439345685	3.535480496467019E-7	0.1041768117705409	0.005764774668115491	2.289160445238822	-33.60019698670461
1051000	-4036.829822162781	-4006.927838057397	-29.901984105384372	-4006.927838057397	15.947409171049811	38.12129684339575	0.7967710137581712	0.7534607032573851	1.3110700705832716	0.935469226159333	0.7534607032573851	1.3110700705832716	0.935469226159333	0.24855913805067217	0.003056966157399444	6.371435370977261E-7	0.25178796674548326	0.0030960967206766234	1.517743816808025	-31.943730443659973
1052000	-4033.129936552529	-4004.6311769730223	-28.49875957950679	-4004.6311769730223	14.84470481377222	38.61520849238653	0.7967710137581712	0.4033464357338288	1.3110700705832716	1.2855834936828894	0.4033464357338288	1.3110700705832716	1.2855834936828894	0.20379181716446812	0.005876420971834639	1.3669055097166102E-6	0.20423139829970396	0.006291917900589859	3.2604446943822567	-35.5578960970952
1053000	-4054.0398434116332	-4029.6227475214764	-24.41709589015659	-4029.6227475214764	16.876164308544897	40.759370359302345	0.7967710137581712	0.4033464357338288	1.3110700705832716	1.2855834936828894	0.4033464357338288	1.3110700705832716	1.2855834936828894	0.23938715302896943	0.0017700767425108126	1.9676711047393516E-7	0.2400212255344786	0.0019661490542049937	1.5859621844945906	-31.578402059650095
1054000	-4116.191818352579	-4073.757061404562	-42.43475694801683	-4073.757061404562	15.255232064951155	34.10617616079949	0.7967710137581712	0.4033464357338288	1.3110700705832716	1.2855834936828894	0.4033464357338288	1.3110700705832716	1.2855834936828894	0.36102955240991974	0.0020742834745652366	8.071368972030715E-7	0.4092256534208726	0.001940263897342288	1.5136074088300584	-25.935202595650264
1055000	-4093.363980060696	-4075.963102958324	-17.400877102372082	-4075.963102958324	14.22798644155534	27.540941905096368	0.7967710137581712	0.5945109668623164	1.3110700705832716	1.0944189625544016	0.5945109668623164	1.3110700705832716	1.0944189625544016	0.2815976278200228	0.0017377467254178977	1.6261807023864645E-7	0.2217576295356402	0.0017131448787076013	0.7836257044822844	-17.57575607801476
1056000	-3957.4199315738842	-3920.4142418487295	-37.00568972515495	-3920.4142418487295	15.800594540589382	33.84276945660137	0.7967710137581712	0.05056779434679126	1.8550132430987967	1.0944189625544016	0.05056779434679126	1.8550132430987967	1.0944189625544016	0.3884380840654493	0.009940794472167475	1.5462398895519306E-5	0.39779435197142454	0.009957702389388631	1.087736781196347	-24.269214861177538
1057000	-4001.508882992623	-3964.223442077091	-37.285440915531844	-3964.223442077091	15.188683454737802	37.88589532643784	0.7967710137581712	0.32978031463282614	2.3332105210267757	0.3370091643403875	0.32978031463282614	2.3332105210267757	0.3370091643403875	0.2919019265079526	0.005109407112675638	3.0291122700746153E-6	0.32764704388720395	0.005344403496906399	2.0795765201873655	-31.482827022809182
1058000	-3836.336243996609	-3808.677376766593	-27.65886723001596	-3808.677376766593	15.00670863104327	34.65769990318215	0.7967710137581712	0.563867787141832	2.0991230485177694	0.3370091643403875	0.563867787141832	2.0991230485177694	0.3370091643403875	0.2699864368402649	0.005184261706460812	1.5317128949535305E-6	0.2589770730328228	0.004711624692791929	1.6081203168539178	-28.166966377517998
1059000	-4121.22574292642	-4094.9554088483574	-26.270334078062863	-4094.9554088483574	16.608867924280283	50.92208769570809	0.7967710137581712	0.563867787141832	2.0991230485177694	0.3370091643403875	0.563867787141832	2.0991230485177694	0.3370091643403875	0.17907823382902888	0.005567995245244934	8.305397943559336E-7	0.16167910609056302	0.00531711216455173	3.0577245789791325	-40.57263635232247
1060000	-4061.027602727195	-4042.622326548971	-18.40527617822366	-4042.622326548971	18.258016090554502	61.36903447374611	0.7967710137581712	0.563867787141832	2.0991230485177694	0.3370091643403875	0.563867787141832	2.0991230485177694	0.3370091643403875	0.12544805898053257	0.0036288539783121223	1.7754604854263928E-7	0.11792526570550103	0.003526570297103656	4.433742275260827	-46.719913642547304
1061000	-4160.452356932607	-4134.438011156839	-26.014345775767946	-4134.438011156839	20.930420328522786	67.61261008926792	0.7967710137581712	0.18746271277466015	2.0991230485177694	0.7134142387075595	0.18746271277466015	2.0991230485177694	0.7134142387075595	0.1578426920577966	0.0010192360993508459	2.08427877935224E-8	0.14732654650796911	9.916985907375815E-4	4.227686535701774	-49.80515425228453
1062000	-3845.167943465967	-3807.7269886258377	-37.4409548401292	-3807.7269886258377	19.92038221475788	56.71304190544532	0.7967710137581712	0.18746271277466015	2.0991230485177694	0.7134142387075595	0.18746271277466015	2.0991230485177694	0.7134142387075595	0.22447756758981566	0.0028501881429150704	3.033623139546007E-7	0.2031854260741482	0.0025621207042212544	2.221128546446501	-44.17414654169101
1063000	-3790.620894167525	-3769.3318338380504	-21.28906032947456	-3769.3318338380504	15.901185442837848	49.7749159325264	0.7967710137581712	0.18746271277466015	1.9837445233705504	0.8287927638547786	0.18746271277466015	1.9837445233705504	0.8287927638547786	0.1952731399505067	0.0021398667657702773	1.0402616490626625E-7	0.14468421792336758	0.0022149798236617184	2.7744450222469754	-42.08389506503334
1064000	-3977.0256879092476	-3930.355555426467	-46.67013248278056	-3930.355555426467	17.62599568516531	67.57139918549282	0.7967710137581712	0.18746271277466015	1.9837445233705504	0.8287927638547786	0.18746271277466015	1.9837445233705504	0.8287927638547786	0.23850954917634085	0.0011365028523857912	9.104771626442627E-8	0.2652449080789834	0.001214904428555373	5.949179659947914	-53.66299275210123
1065000	-4138.176768992931	-4078.3740635910685	-59.80270540186273	-4078.3740635910685	21.39139089272578	89.0208932784296	0.7967710137581712	0.18746271277466015	1.9837445233705504	0.8287927638547786	0.18746271277466015	1.9837445233705504	0.8287927638547786	0.2762286980178587	0.0054454839445731784	2.072470574972504E-6	0.2670810389137971	0.00548071477782256	7.672870023668802	-59.11460087000563
1066000	-4334.8047453097515	-4314.941804431368	-19.86294087838316	-4314.941804431368	36.680568585554866	99.2921547299932	0.7967710137581712	0.18746271277466015	1.9837445233705504	0.8287927638547786	0.18746271277466015	1.9837445233705504	0.8287927638547786	0.10649593600083444	0.00676940503860669	4.863365220998186E-7	0.10690003855840662	0.006571795458220954	5.259831374040232	-52.66378949529552
1067000	-4086.436465095685	-4008.1419641962952	-78.29450089938966	-4008.1419641962952	19.208475811674003	79.83990448091448	0.7967710137581712	0.18746271277466015	1.9837445233705504	0.8287927638547786	0.18746271277466015	1.9837445233705504	0.8287927638547786	0.47779030038562764	0.0013033840208489334	3.667351583636362E-7	0.4625880029325003	0.0013807758325552603	6.30511025302972	-60.51811658367229
1068000	-3954.821537420685	-3892.680018165039	-62.14151925564614	-3892.680018165039	29.187246677373906	91.45031787127222	0.7967710137581712	0.18746271277466015	1.9837445233705504	0.8287927638547786	0.18746271277466015	1.9837445233705504	0.8287927638547786	0.29196011718373205	0.0022515219715551252	5.603326313120823E-7	0.31448934505027915	0.0023604981759626407	6.592500404702407	-53.43230672226735
1069000	-3886.2110423911213	-3881.969016325799	-4.242026065321941	-3881.969016325799	15.525637943961712	41.558289304840734	0.7967710137581712	0.5393886876021325	1.631818548543078	0.8287927638547786	0.5393886876021325	1.631818548543078	0.8287927638547786	0.14923248289926747	0.0026164542584750645	7.275431245079234E-8	0.10408382829788781	0.002546669875561522	1.9067130527843457	-34.69221511113637
1070000	-4034.5118136447563	-4024.8822436395353	-9.629570005221066	-4024.8822436395353	15.516158644949886	39.13977317981619	0.7967710137581712	0.5393886876021325	1.631818548543078	0.8287927638547786	0.5393886876021325	1.631818548543078	0.8287927638547786	0.13425330044033312	0.003419760901785702	2.2813254840056685E-7	0.141840173705443	0.0033254761550609115	1.9390161134269246	-32.22037486045476
1071000	-4066.7225793033153	-4067.4442648591507	0.7216855558355573	-4067.4442648591507	15.28083987412563	31.012503961311797	0.7967710137581712	0.5416823766399379	1.6295248595052727	0.8287927638547786	0.5416823766399379	1.6295248595052727	0.8287927638547786	0.1490729488656499	0.010412304250022318	2.1703164770032163E-6	0.13908188370073762	0.011129517783350938	1.370863620405488	-22.467236121326835
1072000	-4046.8876708066127	-3987.613447212275	-59.27422359433783	-3987.613447212275	15.842042741426402	47.68573731837026	0.7967710137581712	0.18571795144454056	1.98548928470067	0.8287927638547786	0.18571795144454056	1.98548928470067	0.8287927638547786	0.4006858691831382	0.002840847989451056	1.8687758460781179E-6	0.4870368021137773	0.002815908551665675	4.250282518199852	-40.63778268086175
1073000	-3878.0809608168624	-3866.6535451337686	-11.427415683093779	-3866.6535451337686	17.722287015657813	52.77095074269099	0.7967710137581712	0.18571795144454056	1.98548928470067	0.8287927638547786	0.18571795144454056	1.98548928470067	0.8287927638547786	0.11947518302387018	0.0023870255816104526	7.52642901983144E-8	0.11699326921726881	0.0023288996534958153	3.4911986402438897	-42.54442381963456
1074000	-3964.842409464295	-3941.611526648749	-23.230882815546238	-3941.611526648749	15.265326104268429	38.55198087347807	0.7967710137581712	0.18571795144454056	1.98548928470067	0.8287927638547786	0.18571795144454056	1.98548928470067	0.8287927638547786	0.23658585381913133	0.0026188516931954188	2.8701845735427074E-7	0.20057857844114896	0.002608804766787219	1.7755730639976184	-31.974998335327065
1075000	-3972.8837849612364	-3944.9014689356613	-27.982316025574917	-3944.9014689356613	15.460352398993146	28.91456338842552	0.7967710137581712	0.18571795144454056	1.6141944693032513	1.2000875792521974	0.18571795144454056	1.6141944693032513	1.2000875792521974	0.27400430813921245	0.004581579354300989	2.5336982686327807E-6	0.340419840184591	0.004369490387469399	1.2926061947718699	-17.738468901801507
1076000	-4045.75119893828	-4037.336327762938	-8.414871175342489	-4037.336327762938	14.947820332429192	26.407906006276903	0.7967710137581712	0.18571795144454056	1.6141944693032513	1.2000875792521974	0.18571795144454056	1.6141944693032513	1.2000875792521974	0.2226844344078902	0.012168595661723475	7.962375322881762E-6	0.22664046570830898	0.012940405354638996	0.6898743853221916	-14.53567341954004
1077000	-4080.6100905715857	-4039.8879081724117	-40.72218239917379	-4039.8879081724117	16.93890996139918	34.482251628046754	0.7967710137581712	0.18571795144454056	1.6141944693032513	1.2000875792521974	0.18571795144454056	1.6141944693032513	1.2000875792521974	0.49713716701928456	0.004658362892792314	4.5129039022398065E-6	0.4600141976771217	0.0048549227147795075	1.6036999768443991	-23.979114327385776
1078000	-4073.7951345056867	-4047.6189745192332	-26.176159986453726	-4047.6189745192332	15.19662425014805	24.108920601697605	0.7967710137581712	0.0076829000330368435	1.6141944693032513	1.378122630663701	0.0076829000330368435	1.6141944693032513	1.378122630663701	0.34016356091657185	0.016493088694292	3.273278103978799E-5	0.3469654371063651	0.01581040107980459	0.6149533455241087	-11.907276569946676
1079000	-4094.9098253749603	-4111.594890264145	16.685064889184495	-4111.594890264145	14.891640298243729	22.015651004214522	0.7967710137581712	0.3104547350661447	1.3114226342701434	1.378122630663701	0.3104547350661447	1.3114226342701434	1.378122630663701	0.15898844417535343	0.007681365225175668	9.76490285920716E-7	0.13094686167442848	0.007263863425258337	0.3749068141472921	-5.158199149044272
1080000	-4098.161340060442	-4107.362097656957	9.20075759651523	-4107.362097656957	15.050298320354438	19.826172252471657	0.7967710137581712	0.3104547350661447	0.7855811739279219	1.9039640910059226	0.3104547350661447	0.7855811739279219	1.9039640910059226	0.19770294844795727	0.018274874039413365	1.2588644144982053E-5	0.19614299838436566	0.017637746885006144	0.3964018867905783	2.2344532503736034
1081000	-4081.5422705904903	-4032.0861457640913	-49.45612482639883	-4032.0861457640913	16.100321939654226	29.421457744767906	0.7967710137581712	0.3104547350661447	0.7855811739279219	1.9039640910059226	0.3104547350661447	0.7855811739279219	1.9039640910059226	0.5980839527698618	0.011279763550888534	4.273024203487471E-5	0.5694647778156474	0.011049832861923162	0.9370914268729168	-19.910605245654914
1082000	-4055.42285237657	-4085.3287455218856	29.905893145315737	-4085.3287455218856	15.138282350719072	30.20471052616955	0.7967710137581712	0.3104547350661447	0.7855811739279219	1.9039640910059226	0.3104547350661447	0.7855811739279219	1.9039640910059226	0.057590864311643765	0.011241851485702219	4.7174290110076336E-7	0.061621188396112726	0.011268331037178848	1.0283330882544708	-22.237956143248287
1083000	-4075.0364775586695	-4034.0763093457504	-40.96016821291916	-4034.0763093457504	17.388333020023513	46.99617594675549	0.7967710137581712	0.3104547350661447	0.7855811739279219	1.9039640910059226	0.3104547350661447	0.7855811739279219	1.9039640910059226	0.2838076318133699	0.006051896020100684	2.826915975670233E-6	0.3021941207732363	0.005496261341568727	2.7852402957646123	-37.04220169618192
1084000	-3881.7508386424615	-3839.4799350435514	-42.270903598909875	-3839.4799350435514	16.434192373963484	37.45423848474386	0.7967710137581712	0.23850015710273104	1.1615947260928425	1.5999051168044156	0.23850015710273104	1.1615947260928425	1.5999051168044156	0.3467114159604306	0.0029446645042149324	1.649575416882456E-6	0.44482841602368445	0.0029832853336306856	1.818878508016985	-28.029446614447117
1085000	-4045.162822907291	-4035.188900589538	-9.973922317752656	-4035.188900589538	15.044808312455906	29.69643536455282	0.7967710137581712	0.5745529935966109	1.1615947260928425	1.2638522803105356	0.5745529935966109	1.1615947260928425	1.2638522803105356	0.2345490804605776	0.005927792213173986	1.4540531625951003E-6	0.21141699090515226	0.006040215712330132	0.9904483687005186	-18.971247664130967
1086000	-4084.9332807170913	-4064.1895715239043	-20.743709193187126	-4064.1895715239043	15.104162600397263	31.391068721709754	0.7967710137581712	0.5745529935966109	1.1615947260928425	1.2638522803105356	0.5745529935966109	1.1615947260928425	1.2638522803105356	0.246263681106902	0.0034598652343688493	6.543290071301162E-7	0.22130343537609626	0.0035086182924077935	1.8157732841613332	-23.683750552733837
1087000	-4007.5404145561997	-3991.995828803984	-15.54458575221566	-3991.995828803984	17.03180100931558	36.095110869730526	0.7967710137581712	0.031337086420687665	1.1615947260928425	1.807068187486459	0.031337086420687665	1.1615947260928425	1.807068187486459	0.2150718456082572	0.007348853470175376	2.1609522441037617E-6	0.1992252722499137	0.007482751922685344	1.5607585749002666	-26.100858040043757
1088000	-4181.76756941706	-4144.900350719604	-36.8672186974561	-4144.900350719604	15.961584210318595	52.39937234049998	0.7967710137581712	0.031337086420687665	1.1615947260928425	1.807068187486459	0.031337086420687665	1.1615947260928425	1.807068187486459	0.23915767485941622	0.0055933170020330165	1.4246612555719866E-6	0.21174023622470076	0.005823986073780488	5.296416727543328	-46.40211205787904
1089000	-4137.38951002684	-4070.8448900436506	-66.54461998318929	-4070.8448900436506	17.70562544384352	55.09566006841315	0.7967710137581712	0.031337086420687665	1.1615947260928425	1.807068187486459	0.031337086420687665	1.1615947260928425	1.807068187486459	0.3672382681972318	0.004195020507965121	5.57675660723815E-6	0.5421927109440754	0.004051615983547524	2.549588067590098	-45.41960501416191
1090000	-4002.2412923161087	-3964.774121482485	-37.467170833623456	-3964.774121482485	32.59934250847911	104.1600303889771	0.7967710137581712	0.1868824565809401	1.1615947260928425	1.6515228173262064	0.1868824565809401	1.1615947260928425	1.6515228173262064	0.1622855349209171	0.0013183712629839502	5.358363086373594E-8	0.17286776559001152	0.0013811089652862323	7.8856240358071155	-56.70198284710507
1091000	-4125.610193808861	-4048.688321764635	-76.92187204422665	-4048.688321764635	28.55393589847134	99.27991149409674	0.7967710137581712	0.1868824565809401	1.1615947260928425	1.6515228173262064	0.1868824565809401	1.1615947260928425	1.6515228173262064	0.36301072978187227	0.005299835936852325	5.692045991967308E-6	0.4129786856264173	0.005658763799778951	7.856647162968612	-58.60765733448095
1092000	-4161.194274647993	-4121.599096246206	-39.59517840178719	-4121.599096246206	21.941370098215053	62.419359241695176	0.7967710137581712	0.1868824565809401	1.1615947260928425	1.6515228173262064	0.1868824565809401	1.1615947260928425	1.6515228173262064	0.2577873423572584	0.008848426029449626	4.60806127972181E-6	0.2412155444276413	0.009070220534957783	3.1350917630673045	-43.88751894069598
1093000	-4138.9012981257765	-4090.0871783388857	-48.8141197868908	-4090.0871783388857	18.010838012639685	46.433816453416064	0.7967710137581712	0.1868824565809401	1.1615947260928425	1.6515228173262064	0.1868824565809401	1.1615947260928425	1.6515228173262064	0.35507462824174896	0.003487100604788379	1.7116985989771817E-6	0.37277319933453157	0.003863574489474208	3.7486073422731416	-37.0799838405297
1094000	-3940.3800692491795	-3901.1000625775746	-39.28000667160485	-3901.1000625775746	16.729408244003842	49.93932923273745	0.7967710137581712	0.1868824565809401	1.1615947260928425	1.6515228173262064	0.1868824565809401	1.1615947260928425	1.6515228173262064	0.2664623298290972	0.0032006672096003834	6.56251662561057E-7	0.2523905746914529	0.003172150896426446	4.074650001203272	-40.62378356436201
1095000	-4214.297945011508	-4158.401183803196	-55.896761208312654	-4158.401183803196	15.597804620643617	53.66000512267644	0.7967710137581712	0.5650387042650549	1.1615947260928425	1.2733665696420917	0.5650387042650549	1.1615947260928425	1.2733665696420917	0.3098595363052906	5.404126789927093E-4	2.9904205876842495E-8	0.3524612950091715	4.708166338820395E-4	3.434732403200706	-45.180545173757835
1096000	-3862.99294977283	-3861.3985767098957	-1.594373062933994	-3861.3985767098957	20.671159498858696	78.1479844010377	0.7967710137581712	1.1341862695930027	1.1615947260928425	0.7042190043141439	1.1341862695930027	1.1615947260928425	0.7042190043141439	0.06296387550977113	0.0022936370885052113	1.9163226252580523E-8	0.060604910945246206	0.002250593203396126	5.557733969975035	-53.86728844451009
1097000	-3999.878436249583	-3974.120289111832	-25.758147137751244	-3974.120289111832	24.218068815663923	68.10870806032094	0.7967710137581712	1.1341862695930027	1.1615947260928425	0.7042190043141439	1.1341862695930027	1.1615947260928425	0.7042190043141439	0.16053160534840832	0.0015063711184916653	5.336357440000887E-8	0.1604716718240095	0.0014658605885817311	3.6097793850069424	-45.18917398778623
1098000	-4179.559489867101	-4149.981450333606	-29.578039533495375	-4149.981450333606	17.414015651396987	58.73799689118752	0.7967710137581712	1.1341862695930027	1.1615947260928425	0.7042190043141439	1.1341862695930027	1.1615947260928425	0.7042190043141439	0.16371506494232732	0.0014534059635262814	5.8517057314394055E-8	0.16643590752222995	0.0014161260298325238	4.653260966778128	-47.029159472203204
1099000	-3978.1479838793616	-3923.0437783878715	-55.10420549149004	-3923.0437783878715	21.303465804739005	72.79297206729657	0.7967710137581712	1.1341862695930027	1.1615947260928425	0.7042190043141439	1.1341862695930027	1.1615947260928425	0.7042190043141439	0.32040016502694685	0.0034704758357447614	9.610660706231356E-7	0.2896331410070218	0.0031927485987463737	5.481411278416167	-50.82975647083763
1100000	-4026.903279722676	-3983.0970760520213	-43.806203670654526	-3983.0970760520213	15.216015826560886	47.65144263169805	0.7967710137581712	1.1341862695930027	1.1615947260928425	0.7042190043141439	1.1341862695930027	1.1615947260928425	0.7042190043141439	0.261108118524543	0.004797369519357684	2.249369797700618E-6	0.3371138573564017	0.0043377196075901825	3.0198984212835183	-40.15633986779993
1101000	-4025.9739837373627	-3992.048290374026	-33.9256933633369	-3992.048290374026	17.39063051364989	47.84644882112172	0.7967710137581712	1.1341862695930027	1.1615947260928425	0.7042190043141439	1.1341862695930027	1.1615947260928425	0.7042190043141439	0.27654461210973025	0.005275127003252516	1.3292211225450709E-6	0.22455123269275953	0.005172934889245031	2.023685450244215	-37.58200740155271
1102000	-4048.132720167185	-4086.178223497129	38.04550332994353	-4086.178223497129	14.394514470095174	33.13898712116227	0.7967710137581712	0.6726308254619788	1.1615947260928425	1.1657744484451678	0.6726308254619788	1.1615947260928425	1.1657744484451678	0.04884296929892167	0.0015091620186853444	4.656995643846403E-9	0.044593254235728116	0.0015101388640955293	1.2014070369110303	-25.205112253927204
1103000	-4067.469540270221	-4111.047083946718	43.57754367649697	-4111.047083946718	15.424878631366953	36.56702742130104	0.7967710137581712	0.6726308254619788	1.1615947260928425	1.1657744484451678	0.6726308254619788	1.1615947260928425	1.1657744484451678	0.038291260320990415	0.012688766551328733	1.859061884293637E-7	0.033830281634284504	0.012809327047188188	2.1515356827825944	-29.109600069468023
1104000	-4054.849548850599	-4050.66672092345	-4.182827927148921	-4050.66672092345	17.75688253577699	38.179564002972974	0.7967710137581712	0.6726308254619788	1.1615947260928425	1.1657744484451678	0.6726308254619788	1.1615947260928425	1.1657744484451678	0.15642766326980848	0.0024971331116412873	1.0045283739615753E-7	0.1271726857690537	0.0023830146307129907	1.6511497705654556	-27.434711195034037
1105000	-3972.312321886696	-3954.3401907042494	-17.972131182446578	-3954.3401907042494	16.013573574284877	35.29298201851863	0.7967710137581712	0.3014385783978582	1.5327869731569632	1.1657744484451678	0.3014385783978582	1.5327869731569632	1.1657744484451678	0.2536309454740078	0.0036494858160026206	5.020753584145576E-7	0.20315915002145105	0.003584965786551456	1.2216315064236096	-26.121005558440437
1106000	-4078.721340651632	-4054.9179538830613	-23.80338676857095	-4054.9179538830613	15.788896364853718	35.87996437849223	0.4140182408486408	0.3014385783978582	1.5327869731569632	1.1657744484451678	0.3014385783978582	1.5327869731569632	1.1657744484451678	0.23919254381039037	0.0030086660830060206	6.983486732300229E-7	0.2613100471559073	0.0032357615200770368	1.2154231518557237	-26.60910110365876
1107000	-3991.2545604919765	-3961.9858166960826	-29.268743795893826	-3961.9858166960826	14.386890166479827	32.87850506117803	0.4140182408486408	0.24077508641572343	1.5327869731569632	1.2264379404273025	0.24077508641572343	1.5327869731569632	1.2264379404273025	0.25182911253402024	0.0035869354160616984	1.2341876720554935E-6	0.297157887636396	0.00384605623132157	1.8900251691333982	-26.085861363807503
1108000	-4027.9426141250055	-4009.2745395813777	-18.668074543627938	-4009.2745395813777	15.018090907720133	31.984438040777533	0.4140182408486408	0.24077508641572343	1.5327869731569632	1.2264379404273025	0.24077508641572343	1.5327869731569632	1.2264379404273025	0.23317199519340007	0.0054762109867815	1.4298193944863518E-6	0.2190476982375762	0.005612321921527876	1.657075622471857	-24.636865209560927
1109000	-4123.456688275746	-4105.704431727294	-17.752256548452202	-4105.704431727294	14.966996241154828	24.52847762297243	0.4140182408486408	0.24077508641572343	1.5327869731569632	1.2264379404273025	0.24077508641572343	1.5327869731569632	1.2264379404273025	0.2750491936742689	0.007825110237215605	5.778865607527901E-6	0.30093746159248463	0.007934980856520675	0.7956174711079135	-11.08909746840677
1110000	-3916.356830725749	-3922.046072018244	5.689241292494724	-3922.046072018244	15.674477501848841	30.004231508922782	0.4140182408486408	0.002860354007810262	2.456501689347678	0.5406379566445012	0.002860354007810262	2.456501689347678	0.5406379566445012	0.12812462979678074	0.004987445730968896	4.277789597461988E-7	0.13094582508649785	0.005071020571461119	1.2070916575184656	-21.216661057288103
1111000	-4100.93023381418	-4105.766572609585	4.836338795405181	-4105.766572609585	14.099518316868018	25.69820728482449	0.4140182408486408	0.002860354007810262	2.456501689347678	0.5406379566445012	0.002860354007810262	2.456501689347678	0.5406379566445012	0.16281464058262565	0.00530401655223421	7.052779821173696E-7	0.15653845452721404	0.005463742756534065	0.5191233890858649	-15.57855780297168
1112000	-4092.044645661571	-4062.7702555935853	-29.27439006798555	-4062.7702555935853	14.815223999940422	33.40456962562154	0.7951578108810611	0.002860354007810262	2.456501689347678	0.5406379566445012	0.002860354007810262	2.456501689347678	0.5406379566445012	0.3406385040879044	0.01703911215424233	2.4249070746842508E-5	0.3074197127569235	0.017455626736924426	1.7846396809780116	-25.468529644981103
1113000	-3839.160678438963	-3801.377330161123	-37.783348277839515	-3801.377330161123	16.1986843522706	55.3637275237088	0.7951578108810611	0.002860354007810262	2.456501689347678	0.5406379566445012	0.002860354007810262	2.456501689347678	0.5406379566445012	0.22375563309162141	0.0029015778185949898	4.738197767773945E-7	0.23617554289419734	0.0031486317965820276	2.926422164173163	-45.99311520635669
1114000	-4084.1906781845055	-4055.2693803858974	-28.921297798607895	-4055.2693803858974	16.286315381487125	43.49460232582069	0.7951578108810611	0.002860354007810262	2.456501689347678	0.5406379566445012	0.002860354007810262	2.456501689347678	0.5406379566445012	0.21811323593270435	0.006864392020363834	1.989727905378902E-6	0.2078561549590832	0.006978140506333549	2.2827569443177853	-36.0571034774111
1115000	-3992.163851453623	-3951.277752634463	-40.88609881915989	-3951.277752634463	22.42774712808508	73.77916618929964	0.7951578108810611	0.002860354007810262	1.9229149522628637	1.0742246937293154	0.002860354007810262	1.9229149522628637	1.0742246937293154	0.20027902270015335	0.0022640092862260624	2.4034172031019076E-7	0.19863211894767366	0.0024252393790512587	4.734927653294765	-50.035155325211505
1116000	-3999.072980235457	-3985.078971377951	-13.994008857506245	-3985.078971377951	15.9898371871761	43.73994516752417	0.7951578108810611	0.002860354007810262	1.9229149522628637	1.0742246937293154	0.002860354007810262	1.9229149522628637	1.0742246937293154	0.15539973442314892	0.004852187086767569	5.690693213097322E-7	0.1553529502430525	0.004913859532904224	1.939250683207671	-35.79515572167389
1117000	-3994.3235947352123	-3973.4306374479816	-20.892957287230743	-3973.4306374479816	17.580336283232775	41.3901103620745	0.7951578108810611	0.002860354007810262	1.9229149522628637	1.0742246937293154	0.002860354007810262	1.9229149522628637	1.0742246937293154	0.23919012212437274	0.003193972397733311	5.358956681947239E-7	0.22544043938134614	0.0033354722894029217	1.7512970498293483	-28.879067254609502
1118000	-3905.39165101902	-3890.986990135585	-14.4046608834352	-3890.986990135585	15.20586330861906	30.738502430551634	0.7951578108810611	0.002860354007810262	1.9229149522628637	1.0742246937293154	0.002860354007810262	1.9229149522628637	1.0742246937293154	0.25937274050122344	0.0036362349836065776	6.726678130392551E-7	0.2272446276651175	0.003574913733602204	1.0563101868145124	-20.111744384623126
1119000	-3893.906742497877	-3843.795621796774	-50.11112070110333	-3843.795621796774	16.427321294316815	36.917344241574355	0.7951578108810611	0.002860354007810262	1.9229149522628637	1.0742246937293154	0.002860354007810262	1.9229149522628637	1.0742246937293154	0.4900845042814176	0.005558096950828117	7.2428451157456505E-6	0.5037411715140926	0.0055001062553561965	1.6672968044031977	-26.66493266025583
1120000	-3994.3712274615414	-4007.4670632116527	13.095835750111133	-4007.4670632116527	15.858884206635462	27.5691492281481	0.7951578108810611	0.002860354007810262	1.9229149522628637	1.0742246937293154	0.002860354007810262	1.9229149522628637	1.0742246937293154	0.14771317326094807	0.0034050050221189052	1.274134939955621E-7	0.10832079008670911	0.0031855821124091186	0.8427095680459445	-14.399283543285557
1121000	-3990.735268178553	-3970.631608681492	-20.103659497060868	-3970.631608681492	15.884957752099096	26.873696197030206	0.7951578108810611	0.002860354007810262	1.9229149522628637	1.0742246937293154	0.002860354007810262	1.9229149522628637	1.0742246937293154	0.3198927076624926	0.006029847269441952	3.274606904798192E-6	0.2959218800286875	0.0061251226840117155	0.7931523039656775	-15.298746076778125
1122000	-4163.883185219278	-4132.545686361396	-31.337498857881698	-4132.545686361396	16.052300638950488	36.77372547158613	0.7951578108810611	0.002860354007810262	1.9229149522628637	1.0742246937293154	0.002860354007810262	1.9229149522628637	1.0742246937293154	0.2846365965543857	0.01323275675160673	1.314735172938726E-5	0.28446489466579594	0.013935482950559158	1.1939523425414331	-29.38029140106166
1123000	-3852.3220360882992	-3819.526341844404	-32.79569424389487	-3819.526341844404	15.804474141957932	44.083772134272195	0.7951578108810611	0.596249602337262	1.9229149522628637	0.48083544539986367	0.596249602337262	1.9229149522628637	0.48083544539986367	0.2293467080547356	0.004816591795788947	1.4911240077991592E-6	0.23719869484210993	0.005120875140307106	3.2521647990023426	-36.855670753422146
1124000	-4082.0708248860574	-4063.759162377951	-18.31166250810667	-4063.759162377951	15.069724359989108	35.713172279029784	0.7951578108810611	0.596249602337262	1.9229149522628637	0.48083544539986367	0.596249602337262	1.9229149522628637	0.48083544539986367	0.2179145001826826	0.004309819882766057	8.135457091271594E-7	0.21175652568186973	0.004039381447419661	1.7105156031298985	-27.54029004022488
1125000	-3911.772645488839	-3871.231609281579	-40.54103620725971	-3871.231609281579	19.798456650073433	55.757538556691735	0.7951578108810611	0.596249602337262	2.077384856071285	0.3263655415914425	0.596249602337262	2.077384856071285	0.3263655415914425	0.3175869057617984	0.0033218215393983003	9.71635440693965E-7	0.2739354444692281	0.0040181437014846786	2.7954673074730962	-40.198685769328364
1126000	-4067.3991466292423	-4039.277719901533	-28.12142672770918	-4039.277719901533	16.73652651206775	42.733365654080416	0.7951578108810611	0.596249602337262	2.077384856071285	0.3263655415914425	0.596249602337262	2.077384856071285	0.3263655415914425	0.24632651102358533	0.0028472487575590013	6.048779108514091E-7	0.2629021699698509	0.0030217431304707474	2.115065428758616	-33.059928056446104
1127000	-3844.00390323696	-3788.8677265961323	-55.13617664082778	-3788.8677265961323	21.863912778834692	66.98471948562585	0.7951578108810611	0.596249602337262	2.077384856071285	0.3263655415914425	0.596249602337262	2.077384856071285	0.3263655415914425	0.3736661865710438	0.0019756746797072724	4.949479978250531E-7	0.34189399540395815	0.0022458941753870673	4.640095495353158	-46.4420182315669
1128000	-3968.4607679227847	-3946.550856080419	-21.909911842365645	-3946.550856080419	16.042368639539966	44.53077037847006	0.7951578108810611	0.596249602337262	2.077384856071285	0.3263655415914425	0.596249602337262	2.077384856071285	0.3263655415914425	0.21406349821035425	0.002133700372135604	1.2850865806300263E-7	0.17357628620249865	0.0020763269709065326	2.86779181209751	-36.17351119884335
1129000	-3924.5889908236786	-3884.6445515715213	-39.94443925215735	-3884.6445515715213	18.67115764433204	49.215104344272774	0.7951578108810611	0.596249602337262	2.077384856071285	0.3263655415914425	0.596249602337262	2.077384856071285	0.3263655415914425	0.23869371232453362	0.004523086328247012	1.7078598603036777E-6	0.2782408081009205	0.004863043904258062	2.155984813759593	-38.09407904046932
1130000	-3975.995482642267	-3945.0377563938773	-30.957726248389605	-3945.0377563938773	14.456895734009358	27.670883817024887	0.7951578108810611	0.596249602337262	2.077384856071285	0.3263655415914425	0.596249602337262	2.077384856071285	0.3263655415914425	0.3886312877566705	0.003174158607246161	1.0260418809659774E-6	0.3323285291219485	0.0031529431597871506	1.5658862418507915	-21.805717034119986
1131000	-3888.0998005308247	-3866.0584116438113	-22.041388887013618	-3866.0584116438113	15.609648645959131	33.829806597323085	0.7951578108810611	0.596249602337262	2.077384856071285	0.3263655415914425	0.596249602337262	2.077384856071285	0.3263655415914425	0.2568060579628022	0.002789924560254514	5.556783520658519E-7	0.2581344119457436	0.002931809089319683	1.0427446129257496	-24.708999630394665
1132000	-4031.0719571266677	-3985.329829682592	-45.74212744407573	-3985.329829682592	18.025015290408106	42.68653341560299	0.7951578108810611	0.596249602337262	2.077384856071285	0.3263655415914425	0.596249602337262	2.077384856071285	0.3263655415914425	0.3590904089617457	0.003092642118430696	1.2750590014651449E-6	0.3487160716684578	0.0031170451363407847	2.1054963628114174	-33.87666886447362
1133000	-3891.8026559156106	-3863.544864336371	-28.257791579239242	-3863.544864336371	16.86225963982924	34.96001614174173	0.7951578108810611	0.39670975022854604	2.276924708180001	0.3263655415914425	0.39670975022854604	2.276924708180001	0.3263655415914425	0.21405902438950855	0.0045798413115161665	1.359281830594291E-6	0.252620100583438	0.00452724613454971	1.1111310290385898	-23.966722066795686
1134000	-3933.1684555040197	-3940.884743167628	7.716287663608634	-3940.884743167628	14.938195531828061	36.995803279324065	0.7951578108810611	0.39670975022854604	2.276924708180001	0.3263655415914425	0.39670975022854604	2.276924708180001	0.3263655415914425	0.09613494778674668	0.0022728238422526376	4.404045310859921E-8	0.09315464223016381	0.0022766376715854246	1.7683268279055275	-30.653137876642248
1135000	-4014.6881868625314	-3977.7142356713225	-36.973951191208705	-3977.7142356713225	16.86298403509125	38.67514517392876	0.7951578108810611	0.39670975022854604	2.276924708180001	0.3263655415914425	0.39670975022854604	2.276924708180001	0.3263655415914425	0.34504095035331395	0.005580889807004467	3.448861910686486E-6	0.3283106241903964	0.005564105221758878	1.681742353743962	-29.047251980940867
1136000	-3950.550037393434	-3923.9437954383916	-26.606241955042595	-3923.9437954383916	18.81511450144957	38.639917720808924	0.7951578108810611	0.39670975022854604	2.276924708180001	0.3263655415914425	0.39670975022854604	2.276924708180001	0.3263655415914425	0.2889199450636011	0.003139969827622769	9.222731907451732E-7	0.2885998056220591	0.00333498027921929	1.4104300276594495	-25.74885147327388
1137000	-4062.991321489467	-4022.798469535591	-40.192851953876186	-4022.798469535591	18.218484302440935	38.566560633759956	0.7951578108810611	0.39670975022854604	2.276924708180001	0.3263655415914425	0.39670975022854604	2.276924708180001	0.3263655415914425	0.3443164597933715	0.005113619611750227	3.51668279136108E-6	0.36157110155819266	0.004968760166766672	2.11812772950838	-26.559985212577864
1138000	-4005.081897655208	-4001.991937310722	-3.089960344486548	-4001.991937310722	14.65757499624716	31.056675663494264	0.7951578108810611	0.39670975022854604	2.276924708180001	0.3263655415914425	0.39670975022854604	2.276924708180001	0.3263655415914425	0.17555899277923076	0.0026643901771689926	1.8524732544414973E-7	0.15245200562415995	0.0028514447577409788	1.1934190142923167	-23.07210866043494
1139000	-4145.151732838293	-4117.537692514764	-27.614040323529153	-4117.537692514764	15.687900159034367	32.65521024130895	0.7951578108810611	0.39670975022854604	2.276924708180001	0.3263655415914425	0.39670975022854604	2.276924708180001	0.3263655415914425	0.2821435065487583	0.02572056330297269	4.38700966093015E-5	0.27487032287538166	0.023233866892591614	1.2509642312674027	-23.367984541917433
1140000	-3851.5536642960114	-3825.90381566772	-25.649848628291203	-3825.90381566772	15.121256142735067	37.582687919527764	0.7951578108810611	0.16500423125126848	2.5086302271572785	0.3263655415914425	0.16500423125126848	2.5086302271572785	0.3263655415914425	0.23778750359220394	0.002106373426732758	2.5958109480192034E-7	0.23124463434724313	0.0021893707828122204	1.822429226846328	-30.490746173971925
1141000	-3949.1219186469734	-3932.4958984195305	-16.626020227442943	-3932.4958984195305	14.893001263060865	37.65220214939596	0.7951578108810611	0.16500423125126848	2.5086302271572785	0.3263655415914425	0.16500423125126848	2.5086302271572785	0.3263655415914425	0.16783952337501715	0.0021026140187200815	1.25259828443679E-7	0.1701941197645561	0.002100381865986775	1.212461140734473	-32.25553469014934
1142000	-4030.6281774659947	-4012.8691211379078	-17.75905632808694	-4012.8691211379078	18.425060321343587	42.28058692220159	0.7951578108810611	0.16500423125126848	2.5086302271572785	0.3263655415914425	0.16500423125126848	2.5086302271572785	0.3263655415914425	0.16731026390949766	0.0043580650123064574	6.91299711499463E-7	0.18785342448382034	0.00438693434916076	1.8813705960568372	-29.545123552708823
1143000	-4144.753602769613	-4133.900144919963	-10.8534578496499	-4133.900144919963	15.286875851287682	29.53952116679644	0.7951578108810611	0.16500423125126848	2.5086302271572785	0.3263655415914425	0.16500423125126848	2.5086302271572785	0.3263655415914425	0.18978089234059559	0.018723682320255442	1.2246542313778577E-5	0.1867411661191725	0.018328465818273586	1.235750558614723	-21.7340079817428
1144000	-4195.493918042931	-4217.486738770836	21.992820727905613	-4217.486738770836	14.772811483672424	22.785046935162228	0.7951578108810611	0.16500423125126848	2.5086302271572785	0.3263655415914425	0.16500423125126848	2.5086302271572785	0.3263655415914425	0.11442316857984114	0.03495287267824772	1.532906613034015E-5	0.11430652823230042	0.034400448151564886	0.7114174172547236	-7.153716785060632
1145000	-3918.0154364663713	-3873.3011733000394	-44.71426316633191	-3873.3011733000394	14.528864099173347	27.882773513856446	0.7951578108810611	0.16500423125126848	2.5086302271572785	0.3263655415914425	0.16500423125126848	2.5086302271572785	0.3263655415914425	0.4731359061099071	0.005859709666382466	1.1743079413290696E-5	0.543246988220586	0.006008416169681476	0.9894202002199755	-18.044181373225673
1146000	-4139.80833485151	-4151.206273581857	11.397938730347278	-4151.206273581857	14.35926443761815	23.62814775549687	0.7951578108810611	0.16500423125126848	2.2057899390550912	0.6292058296936296	0.16500423125126848	2.2057899390550912	0.6292058296936296	0.15782323699264675	0.0011434484433832876	2.463214434061802E-8	0.13870200183904308	0.0011386461503672765	0.7510608297399902	-11.572067480337514
1147000	-3813.783986378324	-3834.2180514165984	20.434065038274543	-3834.2180514165984	14.934013711203004	33.1422530303408	0.7951578108810611	0.16500423125126848	2.2057899390550912	0.6292058296936296	0.16500423125126848	2.2057899390550912	0.6292058296936296	0.06595866648340934	0.004958658167751617	1.3565545521935198E-7	0.07427481684596116	0.005025674810213291	1.333595039099122	-25.249542995977357
1148000	-4093.6854416100937	-4132.068761095434	38.38331948534007	-4132.068761095434	14.051781110819412	26.593069496129118	0.7951578108810611	0.16500423125126848	2.2057899390550912	0.6292058296936296	0.16500423125126848	2.2057899390550912	0.6292058296936296	0.059449846191667155	0.00826403153231207	2.0450523975702803E-7	0.0544917331643735	0.008421272780781003	0.9543172636620916	-17.76700560146678
1149000	-4022.1525082361995	-4002.8834512995045	-19.26905693669509	-4002.8834512995045	14.541296553529163	28.492676298885826	0.7951578108810611	0.16500423125126848	2.2057899390550912	0.6292058296936296	0.16500423125126848	2.2057899390550912	0.6292058296936296	0.22869970921909935	0.003926964003901139	1.1692493710859074E-6	0.27791281440536075	0.0037302087493368817	1.061964229787337	-18.578174185436353
1150000	-3870.7841664208186	-3875.2456895058294	4.461523085010706	-3875.2456895058294	15.600070586193398	26.21117685501847	0.7951578108810611	0.16500423125126848	2.2057899390550912	0.6292058296936296	0.16500423125126848	2.2057899390550912	0.6292058296936296	0.14203927757764248	0.008155791025747679	1.5427691461449574E-6	0.15039806038646755	0.008126410336837793	0.9129673500647816	-13.356235264550039
1151000	-4032.7896363899977	-4060.909223456313	28.119587066315606	-4060.909223456313	15.422173274425244	31.5524399814467	0.7951578108810611	0.16500423125126848	2.2057899390550912	0.6292058296936296	0.16500423125126848	2.2057899390550912	0.6292058296936296	0.07492955947253833	0.004003308979941161	6.517794149299049E-8	0.06465462509056041	0.00391313298972587	1.5188445448432333	-21.87241917798527
1152000	-3869.185194877382	-3830.053581097402	-39.131613779979745	-3830.053581097402	14.6076244955098	35.75661285248031	0.7951578108810611	0.16500423125126848	1.5684283383368585	1.2665674304118624	0.16500423125126848	1.5684283383368585	1.2665674304118624	0.25542789293562895	0.0033359993043992828	1.1406201273757142E-6	0.34890270938012324	0.0029748088806453967	2.831579468579816	-31.867426502344443
1153000	-4033.906673020805	-3997.1904951335964	-36.71617788720849	-3997.1904951335964	15.342695157469894	34.72497586317863	0.7951578108810611	0.5161743454969523	0.9821172703112101	1.501708384191827	0.5161743454969523	0.9821172703112101	1.501708384191827	0.29541437770335627	0.007237930101869578	4.42410093184911E-6	0.30235580340088253	0.006865092809667445	2.5060129369633612	-29.459860729023077
1154000	-4071.0119352433458	-4072.217919887353	1.2059846440074073	-4072.217919887353	20.538715627551163	44.27274321757171	0.7951578108810611	0.5161743454969523	0.9821172703112101	1.501708384191827	0.5161743454969523	0.9821172703112101	1.501708384191827	0.13396097396183718	0.0057358530936678686	4.780426051578108E-7	0.11770167996966975	0.0058058684139514405	1.431823357437194	-28.008328203479063
1155000	-4001.0079680466397	-3982.0058568985446	-19.002111148095253	-3982.0058568985446	15.211347342347176	36.9356742162369	0.7951578108810611	0.5161743454969523	0.9821172703112101	1.501708384191827	0.5161743454969523	0.9821172703112101	1.501708384191827	0.21414331286846383	0.008602257414731697	2.773756293387225E-6	0.2007511127414283	0.008470000602280455	1.3528942315271124	-29.60364809064937
1156000	-4123.923422317413	-4069.563197790861	-54.360224526551505	-4069.563197790861	15.371917260583842	36.95952488255583	0.7951578108810611	0.5161743454969523	0.9821172703112101	1.501708384191827	0.5161743454969523	0.9821172703112101	1.501708384191827	0.3728318056478509	0.0029172265516585424	1.6483054400055995E-6	0.43124042777306965	0.002879517457704317	0.9697736373248779	-34.80396210930435
1157000	-4196.68687115635	-4190.568496992057	-6.118374164293639	-4190.568496992057	14.976742296554145	33.83189827339203	0.7951578108810611	0.5161743454969523	0.9821172703112101	1.501708384191827	0.5161743454969523	0.9821172703112101	1.501708384191827	0.1484896787921871	0.016243546596607115	6.5458017216603484E-6	0.15069363242145714	0.017034476111767668	1.554310556754506	-26.657740428660002
1158000	-4054.3940434841256	-4016.73209951979	-37.6619439643355	-4016.73209951979	20.54267411667841	48.52664611362182	0.7951578108810611	0.5161743454969523	0.9821172703112101	1.501708384191827	0.5161743454969523	0.9821172703112101	1.501708384191827	0.2487790541543148	0.0019497847434120752	3.2835541623793103E-7	0.2898335356703186	0.0020190447956542085	2.4335833693378346	-33.465777342799186
1159000	-4065.6828327501094	-4019.5988903454763	-46.08394240463294	-4019.5988903454763	16.29535211083492	47.97580824183169	0.7951578108810611	0.7869932062255165	0.6199602228086902	1.5930465709657826	0.7869932062255165	0.6199602228086902	1.5930465709657826	0.3880309944262379	0.0066035688213950516	4.129143863370292E-6	0.3390643952219615	0.006918416933434484	2.689273384356051	-39.94746529803793
1160000	-4211.06347236824	-4161.1117850964665	-49.95168727177329	-4161.1117850964665	14.563365288936032	32.601264215222685	0.7951578108810611	0.7869932062255165	0.6199602228086902	1.5930465709657826	0.7869932062255165	0.6199602228086902	1.5930465709657826	0.44089256882753997	0.011094190329980696	3.367259417712261E-5	0.4725408919477588	0.011286035329897415	1.9516922709409772	-25.146595546053355
1161000	-4112.344661136791	-4091.1745973202374	-21.17006381655324	-4091.1745973202374	19.103137780222777	44.32748188020263	0.7951578108810611	0.7869932062255165	0.6199602228086902	1.5930465709657826	0.7869932062255165	0.6199602228086902	1.5930465709657826	0.1804544118038867	0.0023039905038008783	2.144785159598236E-7	0.19760585687402984	0.0023274797783019675	1.3445103612569427	-33.27247869191425
1162000	-4165.833788604594	-4144.40671517882	-21.42707342577322	-4144.40671517882	16.671281544119783	32.30018169340851	0.7951578108810611	0.7869932062255165	0.6199602228086902	1.5930465709657826	0.7869932062255165	0.6199602228086902	1.5930465709657826	0.30797763357686714	0.009033227622365515	5.959850413895602E-6	0.2818971636645375	0.008839063650475092	1.1104350398243263	-19.976246743135054
1163000	-4021.5796613827283	-4012.931864884627	-8.647796498101211	-4012.931864884627	16.293648200306837	33.59868534448722	0.7951578108810611	0.7869932062255165	0.6199602228086902	1.5930465709657826	0.7869932062255165	0.6199602228086902	1.5930465709657826	0.1622840169967717	0.0028582637598036907	2.3944749839900855E-7	0.17133713574545803	0.0028038272581496645	1.1244206539304507	-24.10603148811715
1164000	-4053.9398950703603	-4082.4255065175153	28.485611447154874	-4082.4255065175153	14.696781911797236	24.67221924446971	0.7951578108810611	0.10714541225690244	0.6199602228086902	2.2728943649343964	0.10714541225690244	0.6199602228086902	2.2728943649343964	0.0925295980539956	0.017839956795122607	2.4150635063016534E-6	0.08514575338182029	0.01820813771951443	0.6662209349083268	-11.139887540449632
1165000	-4215.6784566784045	-4228.503440510995	12.824983832590508	-4228.503440510995	14.709812076629186	27.034545810342014	0.7951578108810611	0.10714541225690244	0.6199602228086902	2.2728943649343964	0.10714541225690244	0.6199602228086902	2.2728943649343964	0.12364070295174823	0.011296121997861737	1.6682529182855391E-6	0.11610759058410539	0.01124615379086935	1.1020018297131586	-16.835873302408945
1166000	-4203.438150878551	-4209.275668804079	5.8375179255283784	-4209.275668804079	14.99695446174453	24.24892389799971	0.7951578108810611	0.10714541225690244	0.8996458055257233	1.9932087822173634	0.10714541225690244	0.8996458055257233	1.9932087822173634	0.166960158150697	0.0067201115608088256	1.3595348160308737E-6	0.16770420378227965	0.0072372446737443506	0.5022781505806726	-10.934959782228262
1167000	-4145.766687141814	-4141.21428303081	-4.55240411100392	-4141.21428303081	15.249314071328794	25.083669374035054	0.7951578108810611	0.10714541225690244	0.8996458055257233	1.9932087822173634	0.10714541225690244	0.8996458055257233	1.9932087822173634	0.22247910439384558	0.008540772957048606	3.529088856405318E-6	0.22017936349007258	0.00823674843966196	0.7887158909831264	-10.900064533382466
1168000	-4199.3519251432945	-4186.813524015747	-12.538401127547152	-4186.813524015747	14.874369516094449	26.45525705718498	0.7951578108810611	0.10714541225690244	0.8996458055257233	1.9932087822173634	0.10714541225690244	0.8996458055257233	1.9932087822173634	0.24671476290972552	0.012266348272423027	7.854332406595855E-6	0.2345371434729375	0.011905240190336437	1.2581254332127683	-16.97845345553195
1169000	-3988.9298865463074	-3981.307325664229	-7.622560882078423	-3981.307325664229	16.685154922073984	28.475795621619227	0.7951578108810611	0.10714541225690244	0.8996458055257233	1.9932087822173634	0.10714541225690244	0.8996458055257233	1.9932087822173634	0.22197714840221616	0.011260435416189889	5.791834843632577E-6	0.20676935638897587	0.011568106346103156	0.897229337423129	-14.326337840344017
1170000	-4173.889084957836	-4153.490490613335	-20.398594344500427	-4153.490490613335	14.403315820193047	20.985958576889647	0.7951578108810611	0.10714541225690244	0.8996458055257233	1.9932087822173634	0.10714541225690244	0.8996458055257233	1.9932087822173634	0.32413651735887555	0.023821561079467275	8.535067638063688E-5	0.38051616354522505	0.023096228338356558	0.8344331668653627	-6.347449622427913
1171000	-4101.277881126566	-4107.75174831506	6.4738671884929655	-4107.75174831506	14.54192653734675	21.643539875250056	0.7951578108810611	0.6073866922766001	0.8996458055257233	1.4929675021976658	0.6073866922766001	0.8996458055257233	1.4929675021976658	0.18534145021696627	0.003208907297480028	3.9974956897711464E-7	0.19595618659540467	0.0034304829685508015	0.6041083654330641	-5.308434623997009
1172000	-4041.601539258646	-4053.7877216411675	12.1861823825214	-4053.7877216411675	14.879458300081094	24.398628521819976	0.7951578108810611	0.6073866922766001	0.8996458055257233	1.4929675021976658	0.6073866922766001	0.8996458055257233	1.4929675021976658	0.1684395463251539	0.01462344056003003	3.481826800271688E-6	0.12735654506321079	0.015144618506530818	0.9275383340741159	-12.370712629318326
1173000	-3885.994734691578	-3876.895710452209	-9.099024239368461	-3876.895710452209	17.453093767155597	41.251740618708226	0.7951578108810611	0.015543186966737177	1.4914893108355862	1.4929675021976658	0.015543186966737177	1.4914893108355862	1.4929675021976658	0.16664180877018528	0.0028964217274958667	1.7233523120411258E-7	0.1461815613398435	0.0029206454549162582	3.0934708830328566	-32.23606739589743
1174000	-3996.180857935299	-3954.0633817856624	-42.11747614963665	-3954.0633817856624	14.820370910666886	34.84887719037119	0.7951578108810611	0.6338116640366304	1.4914893108355862	0.8746990251277726	0.6338116640366304	1.4914893108355862	0.8746990251277726	0.41076613557716696	0.003766232663636592	1.8596780808295801E-6	0.3667021806332856	0.003666102739220336	2.3123030998032044	-29.769620952888342
1175000	-3768.4951651360643	-3799.6621478607117	31.166982724647575	-3799.6621478607117	15.995385692602557	32.700859804384145	0.7951578108810611	0.19456277533884203	1.9307381995333746	0.8746990251277726	0.19456277533884203	1.9307381995333746	0.8746990251277726	0.047936687622647293	0.004560115686717571	6.760435059893463E-8	0.05684983121616186	0.0045839625471920595	0.8929150602735796	-23.44669493692793
1176000	-3953.484318863953	-3904.170989007779	-49.31332985617377	-3904.170989007779	15.035527043153511	33.709721460648616	0.7951578108810611	0.19456277533884203	1.9307381995333746	0.8746990251277726	0.19456277533884203	1.9307381995333746	0.8746990251277726	0.540813780239693	0.003466782458317133	6.369215550987324E-6	0.6753863628239998	0.004372322613179368	1.1814523213187103	-26.533803797692183
1177000	-4107.1406015905	-4070.038345957987	-37.10225563251333	-4070.038345957987	15.290616419805861	27.935106518542852	0.7951578108810611	0.19456277533884203	1.9307381995333746	0.8746990251277726	0.19456277533884203	1.9307381995333746	0.8746990251277726	0.4042073016097499	0.006734897562040826	1.2850989797916288E-5	0.48925962975290743	0.006899691757996121	1.0705950511173372	-17.093367438659715
1178000	-3827.4877920580448	-3786.940809355666	-40.546982702379026	-3786.940809355666	16.86146900683583	43.17782153869908	0.7951578108810611	0.19456277533884203	1.9307381995333746	0.8746990251277726	0.19456277533884203	1.9307381995333746	0.8746990251277726	0.3795000912586158	0.0053729468530262624	2.9999772749057044E-6	0.3135576799166441	0.0063629492641041115	1.5899952897462908	-36.0099761077831
1179000	-3884.927139747526	-3891.103955130141	6.176815382615136	-3891.103955130141	17.540985857006476	39.34131712998214	0.7951578108810611	0.19456277533884203	1.9307381995333746	0.8746990251277726	0.19456277533884203	1.9307381995333746	0.8746990251277726	0.1006039223263105	0.0049018618839543155	2.4956343186731703E-7	0.10252074598452392	0.004917034571385944	1.6643437361124485	-29.16471799839544
1180000	-3850.201712541883	-3804.2361493382523	-45.96556320363071	-3804.2361493382523	17.18716821416127	46.092704836019244	0.7951578108810611	0.19456277533884203	1.9307381995333746	0.8746990251277726	0.19456277533884203	1.9307381995333746	0.8746990251277726	0.370888529757661	0.004491322988238085	3.086827238285265E-6	0.40018092862465887	0.004712922097069178	2.806191574286679	-35.5464082576574
1181000	-3850.8773114922997	-3842.054640712633	-8.822670779666637	-3842.054640712633	15.899008459120045	35.886087967199266	0.7951578108810611	0.19456277533884203	1.9307381995333746	0.8746990251277726	0.19456277533884203	1.9307381995333746	0.8746990251277726	0.12449329377041628	0.006332453003612289	7.935189309964766E-7	0.1385753057506325	0.006388537778853958	2.9647805062187778	-31.179425596562197
1182000	-3941.950819427014	-3907.6079516944747	-34.342867732539084	-3907.6079516944747	16.01200951285747	44.717717039272294	0.7951578108810611	0.19456277533884203	1.9307381995333746	0.8746990251277726	0.19456277533884203	1.9307381995333746	0.8746990251277726	0.232225657427814	0.006464438331247855	2.0966598891149126E-6	0.22968533835660804	0.006359185415993609	3.320448832628369	-37.80189888838233
1183000	-4046.1100827481255	-4024.8712155355142	-21.23886721261108	-4024.8712155355142	22.471190432719826	55.05074426631346	0.7951578108810611	0.19456277533884203	1.9307381995333746	0.8746990251277726	0.19456277533884203	1.9307381995333746	0.8746990251277726	0.1476910410210631	0.0037797465655894473	3.8574809584690123E-7	0.1684698597519954	0.003677504429329017	2.20068640496318	-39.11525498639245
1184000	-3998.588249575623	-3986.4841248876887	-12.104124687934435	-3986.4841248876887	18.657666463569672	38.80419222125264	0.7951578108810611	0.19456277533884203	1.9307381995333746	0.8746990251277726	0.19456277533884203	1.9307381995333746	0.8746990251277726	0.1740843908197307	0.003170650289872296	2.937196431096421E-7	0.18093456868733682	0.0030334902878244433	1.0410834163743499	-26.56109238734234
1185000	-3969.699617630215	-3953.2043870977072	-16.49523053250763	-3953.2043870977072	14.265604363082804	30.48962471939383	0.7951578108810611	0.19456277533884203	1.9307381995333746	0.8746990251277726	0.19456277533884203	1.9307381995333746	0.8746990251277726	0.16387342787946158	0.012926315360235672	7.143834594269685E-6	0.2002090010922972	0.013008086530027696	2.0474974218185373	-24.466288480012835
1186000	-3815.0299847352476	-3812.632739435221	-2.3972453000264475	-3812.632739435221	14.91318096361647	33.72116942427852	0.7951578108810611	0.19456277533884203	1.9307381995333746	0.8746990251277726	0.19456277533884203	1.9307381995333746	0.8746990251277726	0.1413405097222066	0.003390396608006381	1.9530027118730835E-7	0.13326811989693702	0.0033516382629123955	1.5173313636069927	-27.0129675468074
1187000	-3941.628086310327	-3910.2233741175237	-31.404712192803416	-3910.2233741175237	15.25082357487947	28.854214255816665	0.7951578108810611	0.19456277533884203	1.9307381995333746	0.8746990251277726	0.19456277533884203	1.9307381995333746	0.8746990251277726	0.3976290599752039	0.004421654668611768	2.422437206854839E-6	0.3558621938640744	0.004377162960873932	0.7805187756553111	-20.671779668510847
1188000	-4004.6716554758104	-3986.0581536528935	-18.613501822916803	-3986.0581536528935	15.967677255160929	27.427601399391985	0.7951578108810611	0.19456277533884203	1.9307381995333746	0.8746990251277726	0.19456277533884203	1.9307381995333746	0.8746990251277726	0.2936964128574832	0.005277234193390264	4.047618864169955E-6	0.34970403899110103	0.005977050691459483	1.0590357983987204	-15.737087416275957
1189000	-3945.1133296230987	-3915.1091340731127	-30.004195549986203	-3915.1091340731127	15.980349762886242	28.215474976677843	0.7951578108810611	0.19456277533884203	1.9307381995333746	0.8746990251277726	0.19456277533884203	1.9307381995333746	0.8746990251277726	0.344648426046354	0.010255437381096256	1.293637716658913E-5	0.3643124118507912	0.010667502747204917	1.0704364190051694	-16.711587208141793
1190000	-3942.052934047996	-3928.3091475113324	-13.743786536663698	-3928.3091475113324	14.617001437984394	24.875527436338775	0.7951578108810611	0.19456277533884203	1.9307381995333746	0.8746990251277726	0.19456277533884203	1.9307381995333746	0.8746990251277726	0.2966427155403539	0.005810417921664669	2.5646677056675304E-6	0.2808396858202108	0.0063828843807736246	0.8648474133003126	-11.899226994481442
1191000	-3859.8096144251663	-3836.221752367298	-23.587862057868143	-3836.221752367298	16.72438535749058	40.63326644820209	0.7951578108810611	0.19456277533884203	1.9307381995333746	0.8746990251277726	0.19456277533884203	1.9307381995333746	0.8746990251277726	0.21496359151891117	0.005215499903975912	1.126016440978142E-6	0.20815174100065345	0.005204405588906921	1.9240959385019458	-32.539090190049166
1192000	-3813.4604477966036	-3816.6530488509625	3.192601054358674	-3816.6530488509625	16.365940520449946	42.73458872157981	0.7951578108810611	0.19456277533884203	1.9307381995333746	0.8746990251277726	0.19456277533884203	1.9307381995333746	0.8746990251277726	0.10901766060912696	0.004608102831634808	1.5024194645410645E-7	0.08694348287508331	0.004347741327717178	2.5922390905189863	-34.50002288093945
1193000	-4138.233883803203	-4107.568872015767	-30.665011787435873	-4107.568872015767	18.771128875244678	53.39467146757603	0.7951578108810611	0.19456277533884203	1.9307381995333746	0.8746990251277726	0.19456277533884203	1.9307381995333746	0.8746990251277726	0.18195510371423257	0.008055132999018687	2.121686888657783E-6	0.17517497245669686	0.008227172909292183	1.9169960663531422	-43.03673266435894
1194000	-4127.095269574475	-4102.664262974275	-24.43100660020105	-4102.664262974275	32.46233931941195	93.66699940315995	0.7951578108810611	0.19456277533884203	1.9307381995333746	0.8746990251277726	0.19456277533884203	1.9307381995333746	0.8746990251277726	0.10343018370296458	0.0014760257870242242	3.293445677596391E-8	0.1254927679779786	0.001459507580001279	4.806380408327912	-52.53277926381072
1195000	-3833.8002159330413	-3813.802718675281	-19.997497257760003	-3813.802718675281	22.25062768993752	58.10353214840698	0.7951578108810611	0.7749119631849899	1.9307381995333746	0.2943498372816248	0.7749119631849899	1.9307381995333746	0.2943498372816248	0.14313997290042124	0.00454855640541344	4.7012726889701676E-7	0.1417670473838292	0.004695270832700582	4.280639420675167	-40.70599231411241
1196000	-4002.0996769457115	-3971.798384222458	-30.301292723253454	-3971.798384222458	15.104716399555423	35.51343640119709	0.7951578108810611	0.7749119631849899	1.9307381995333746	0.2943498372816248	0.7749119631849899	1.9307381995333746	0.2943498372816248	0.27939632517462915	0.004619628624300748	1.6235636261129571E-6	0.2787934926812596	0.004669691986927883	1.6779014839930302	-30.087683445594408
1197000	-3949.2809792164885	-3922.858221792602	-26.422757423886456	-3922.858221792602	15.465017888401253	29.31089990997114	0.7951578108810611	0.7749119631849899	1.9307381995333746	0.2943498372816248	0.7749119631849899	1.9307381995333746	0.2943498372816248	0.3307344246502838	0.004816843780026272	1.8927220313294104E-6	0.2902281762155253	0.004469401773687259	0.8551486429838413	-19.665334904010212
1198000	-3850.904622909184	-3847.745546959452	-3.1590759497322094	-3847.745546959452	14.965288194046696	30.616853600954165	0.7951578108810611	0.7749119631849899	1.9307381995333746	0.2943498372816248	0.7749119631849899	1.9307381995333746	0.2943498372816248	0.15421109628605892	0.006720887824719799	1.14818394499362E-6	0.1606612264082589	0.006823526884412229	1.2004804770602944	-22.119081821554797
1199000	-4017.2979179957993	-3985.074570828004	-32.22334716779511	-3985.074570828004	18.341873900632525	40.54769478732814	0.7951578108810611	0.7749119631849899	1.9307381995333746	0.2943498372816248	0.7749119631849899	1.9307381995333746	0.2943498372816248	0.28328651171076286	0.006058431647907342	3.0261573264125575E-6	0.2862981747295555	0.005963002823763001	1.4882547828657988	-28.035748327173355
1200000	-4059.2618865156883	-4042.299289516784	-16.962596998904115	-4042.299289516784	16.504246660244743	37.41932583567405	0.7951578108810611	0.7749119631849899	1.3161558737203376	0.9089321630946616	0.7749119631849899	1.3161558737203376	0.9089321630946616	0.2045227429317436	0.004167024390270206	7.261871936375313E-7	0.20153091941543355	0.004212485862248363	1.841249046430113	-28.424627262304178
1201000	-3934.302271875064	-3916.0662802600677	-18.23599161499623	-3916.0662802600677	18.083425048473217	34.93984467846193	0.7951578108810611	0.7749119631849899	1.3161558737203376	0.9089321630946616	0.7749119631849899	1.3161558737203376	0.9089321630946616	0.26984474629047855	0.0067824434504439165	2.611051985655038E-6	0.23177672632937796	0.007054356959645088	1.5131159614867054	-22.20949551989407
1202000	-3917.8578744620304	-3916.6129316047463	-1.2449428572842476	-3916.6129316047463	15.255104453276129	30.89344701702466	0.7951578108810611	0.3184387011314661	1.3161558737203376	1.3654054251481855	0.3184387011314661	1.3161558737203376	1.3654054251481855	0.14321658123835415	0.010918239599050432	2.1329039417238135E-6	0.13891396443945633	0.0105857963798306	1.4318767241219774	-23.889112009360133
1203000	-4167.1804608380435	-4147.959327757998	-19.221133080045423	-4147.959327757998	18.7130125500733	43.03476984725549	0.7951578108810611	0.3184387011314661	1.9781115634449287	0.7034497354235943	0.3184387011314661	1.9781115634449287	0.7034497354235943	0.16948429971489082	0.006284544479837152	1.3036817653799865E-6	0.1749350094583815	0.006634106872406802	1.1824287477122306	-32.36746195086082
1204000	-3941.667286724191	-3935.9417364908213	-5.725550233369711	-3935.9417364908213	15.556971153822689	27.908630420142586	0.7951578108810611	0.924100823324011	1.3724494412523838	0.7034497354235943	0.924100823324011	1.3724494412523838	0.7034497354235943	0.23609742434270667	0.00531456803703801	1.2033595273755662E-6	0.1960345407443031	0.005832035633734489	1.2665375917452846	-17.33447395995315
1205000	-4043.125405186483	-4013.8114162596335	-29.313988926849685	-4013.8114162596335	17.41973071986058	34.89810797139536	0.7951578108810611	0.924100823324011	1.3724494412523838	0.7034497354235943	0.924100823324011	1.3724494412523838	0.7034497354235943	0.3525885837907136	0.015235381760741473	2.2005841395304856E-5	0.3154072250464908	0.015413581325548735	1.288293202251428	-22.87656829222356
1206000	-3944.131164483211	-3903.0175181405793	-41.1136463426316	-3903.0175181405793	15.81590708491538	28.839732445527453	0.7951578108810611	0.924100823324011	1.3724494412523838	0.7034497354235943	0.924100823324011	1.3724494412523838	0.7034497354235943	0.5576549827075316	0.00807484234149479	2.3966538507032068E-5	0.563446309550403	0.009004726709978534	0.9562492292926172	-16.5268820170528
1207000	-3939.629564217183	-3920.6447888429275	-18.984775374255385	-3920.6447888429275	14.639281579676926	25.570379453191	0.7951578108810611	0.26072071268933183	2.035829551887063	0.7034497354235943	0.26072071268933183	2.035829551887063	0.7034497354235943	0.3086770553477626	0.00884200721056537	6.290751951341551E-6	0.27111634503469345	0.009050295729008952	0.8088029431015322	-14.026589247107426
1208000	-4027.5111388262844	-4015.463560662645	-12.04757816363966	-4015.463560662645	15.153833244303144	21.175278448970825	0.7951578108810611	0.26072071268933183	2.035829551887063	0.7034497354235943	0.26072071268933183	2.035829551887063	0.7034497354235943	0.3073166709151937	0.007331537129533201	4.611426794975592E-6	0.31893372097785844	0.006760029748139049	0.31367227809943365	-1.7698127395294343
1209000	-4058.0129997336653	-4033.18518403078	-24.827815702885374	-4033.18518403078	14.721066660348239	21.03606421363738	0.7951578108810611	0.26072071268933183	2.035829551887063	0.7034497354235943	0.26072071268933183	2.035829551887063	0.7034497354235943	0.45318746732284504	0.00716511715538898	9.100979606769039E-6	0.3962842585085487	0.007083222868046957	0.45223850201264293	-3.0961191573373883
1210000	-3998.531957619119	-3990.1333753863646	-8.398582232754281	-3990.1333753863646	14.434414584591519	21.297677966958087	0.7951578108810611	0.26072071268933183	2.035829551887063	0.7034497354235943	0.26072071268933183	2.035829551887063	0.7034497354235943	0.326007300943807	0.008999791620204837	7.418218030386583E-6	0.2768507959392726	0.009623289186417468	0.433874189790437	-4.5103415692201665
1211000	-3957.273252557249	-3962.84097943302	5.567726875770809	-3962.84097943302	14.499092132372288	21.584243842712404	0.7951578108810611	0.26072071268933183	2.035829551887063	0.7034497354235943	0.26072071268933183	2.035829551887063	0.7034497354235943	0.18706971740249448	0.004056938528641645	5.995962703689914E-7	0.19642022491208172	0.004047087339255301	0.6680020401518582	-7.453876332466889
1212000	-3955.9971635135516	-3933.54582616655	-22.451337347001658	-3933.54582616655	14.347988091961955	27.678005023994356	0.7951578108810611	0.26072071268933183	2.035829551887063	0.7034497354235943	0.26072071268933183	2.035829551887063	0.7034497354235943	0.2513457829447389	0.003044620405545768	7.839460771797263E-7	0.2786891185500406	0.0029643182790850876	1.1754784339224849	-18.412193378171068
1213000	-3941.1548721603785	-3941.2135848971884	0.058712736809970245	-3941.2135848971884	14.845684905797365	22.549182083449992	0.7951578108810611	0.26072071268933183	2.035829551887063	0.7034497354235943	0.26072071268933183	2.035829551887063	0.7034497354235943	0.21308205919329307	0.008819120292124377	3.265516171040937E-6	0.206859248751848	0.009010328171282372	0.6767599195128204	-6.930464481649089
1214000	-4055.41552674012	-4065.1666686408794	9.751141900759317	-4065.1666686408794	15.751591095043967	23.593815048668084	0.7951578108810611	0.7439926961428848	1.5525575684335098	0.7034497354235943	0.7439926961428848	1.5525575684335098	0.7034497354235943	0.15451814866253252	0.005066365449152818	8.131871885186614E-7	0.1694351279462635	0.005442647346950948	0.832279811017535	-8.51524213445624
1215000	-3998.85629297786	-3985.109476290047	-13.746816687812949	-3985.109476290047	15.430762742494817	26.51873417136519	0.7951578108810611	0.7439926961428848	1.5525575684335098	0.7034497354235943	0.7439926961428848	1.5525575684335098	0.7034497354235943	0.25337880364694054	0.009665826541524316	6.000592830955219E-6	0.24875358699029193	0.009690757894002134	0.9313872131480428	-15.02911854041254
1216000	-3967.7703713991446	-3919.423683767091	-48.346687632053516	-3919.423683767091	15.175700730276464	30.141574226737347	0.7951578108810611	0.5738267766108275	1.5525575684335098	0.8736156549556516	0.5738267766108275	1.5525575684335098	0.8736156549556516	0.4312635041119034	0.003342836084310569	3.696914140818035E-6	0.5782857296176357	0.00309313603573242	0.9833687398267469	-21.52637527913458
1217000	-4051.815581123482	-4030.2173530920277	-21.598228031454457	-4030.2173530920277	15.565332792605743	32.5012907282062	0.7951578108810611	0.5738267766108275	1.5525575684335098	0.8736156549556516	0.5738267766108275	1.5525575684335098	0.8736156549556516	0.2466937907536241	0.006684271252173414	2.5775606568327144E-6	0.2474597435057539	0.006279291738743149	1.0702775765720376	-22.948448634520542
1218000	-4033.715217549223	-3991.6088761618357	-42.10634138738726	-3991.6088761618357	15.72798286389591	43.154449180550074	0.7951578108810611	0.27738717136469826	1.5525575684335098	1.1700552602017809	0.27738717136469826	1.5525575684335098	1.1700552602017809	0.29174682801883184	0.0018126299531433685	3.3533200352710155E-7	0.30447912528311577	0.0018283082607526058	2.1282218859221946	-36.016169779350875
1219000	-3971.849569681722	-3982.4422222706035	10.592652588881416	-3982.4422222706035	15.449579651221455	40.29355387821003	0.7951578108810611	0.27738717136469826	1.5525575684335098	1.1700552602017809	0.27738717136469826	1.5525575684335098	1.1700552602017809	0.05850340403522078	0.0070875656959346845	2.79289353474127E-7	0.07496040197641626	0.007080806114823735	2.0897237687971706	-31.964676802109913
1220000	-3875.1299447922775	-3863.313955832083	-11.81598896019454	-3863.313955832083	17.44750845937605	41.559235534959306	0.7951578108810611	0.27738717136469826	1.5525575684335098	1.1700552602017809	0.27738717136469826	1.5525575684335098	1.1700552602017809	0.1619318878601427	0.002207194600598515	1.2634994475481403E-7	0.15701565084382182	0.002224964632096789	1.9389109816205938	-30.109959035794986
1221000	-3975.542879627369	-3928.9996912625215	-46.54318836484772	-3928.9996912625215	15.903362481549028	42.35305841588668	0.7951578108810611	0.27738717136469826	1.5525575684335098	1.1700552602017809	0.27738717136469826	1.5525575684335098	1.1700552602017809	0.3844666465832254	0.0029343653692565697	2.4213046620537233E-6	0.5097188060740641	0.0030581808139042445	2.1646360214154057	-33.74361283279751
1222000	-4038.2289425946137	-3997.100448695411	-41.12849389920267	-3997.100448695411	22.15411413158053	81.36199540445462	0.7951578108810611	0.27738717136469826	1.5525575684335098	1.1700552602017809	0.27738717136469826	1.5525575684335098	1.1700552602017809	0.16980447111147046	0.0063776106964801614	1.3998456666850823E-6	0.17818137039526732	0.006578367766807285	5.453500524003654	-56.209113586394565
1223000	-3901.274655528051	-3885.770507670648	-15.504147857403247	-3885.770507670648	28.806033529501466	89.76627142554176	0.7951578108810611	0.27738717136469826	1.5525575684335098	1.1700552602017809	0.27738717136469826	1.5525575684335098	1.1700552602017809	0.10161788248590665	0.00433478464486622	1.3390179240587285E-7	0.08408178888254006	0.004256426087377494	5.453500524003654	-53.96345465006627
1224000	-3967.086951618003	-3941.3649467875985	-25.722004830404465	-3941.3649467875985	19.11682871270541	66.21001163710189	0.7951578108810611	0.27738717136469826	1.5525575684335098	1.1700552602017809	0.27738717136469826	1.5525575684335098	1.1700552602017809	0.13136692751297885	0.0011865919475960301	2.7877313459114287E-8	0.13772086304047268	0.001187097342942047	4.528787753538365	-49.16254716262089
1225000	-3896.326917168582	-3855.020142530712	-41.30677463787027	-3855.020142530712	17.62067788148488	65.94500093940158	0.7951578108810611	0.27738717136469826	1.5525575684335098	1.1700552602017809	0.27738717136469826	1.5525575684335098	1.1700552602017809	0.23315039485170758	0.0015109891139926297	1.200998917061343E-7	0.21839435661258141	0.0016195652324044948	5.441741327559829	-50.73782327846763
1226000	-3941.07302451577	-3888.5138444071004	-52.55918010866966	-3888.5138444071004	20.445950377070087	80.32352472582077	0.7951578108810611	0.27738717136469826	1.5525575684335098	1.1700552602017809	0.27738717136469826	1.5525575684335098	1.1700552602017809	0.23378805962945406	0.004074344358656296	1.0482220405653724E-6	0.25125859721304084	0.003868858136529576	4.681975343600616	-56.46990907129709
1227000	-4156.512585541986	-4144.725406057371	-11.787179484614503	-4144.725406057371	15.661883179951404	36.40307121433404	0.7951578108810611	0.27738717136469826	1.5525575684335098	1.1700552602017809	0.27738717136469826	1.5525575684335098	1.1700552602017809	0.16493932704911787	0.0015538774899156917	6.8237852509517E-8	0.16592130789168	0.0015413846659070233	1.4380401361334043	-28.461317508372392
1228000	-3890.548403676051	-3826.120847633876	-64.42755604217467	-3826.120847633876	16.552802038334228	43.59378216906285	0.7951578108810611	0.27738717136469826	1.5525575684335098	1.1700552602017809	0.27738717136469826	1.5525575684335098	1.1700552602017809	0.4347308396349382	0.003108773811573468	2.582009459013041E-6	0.48166104724037784	0.0030178227671633436	4.739791678881451	-38.81753329058691
1229000	-4058.4459261588427	-4052.3973846268095	-6.048541532033238	-4052.3973846268095	18.3850695975895	50.08652439705034	0.7951578108810611	0.27738717136469826	1.5525575684335098	1.1700552602017809	0.27738717136469826	1.5525575684335098	1.1700552602017809	0.14095898101497953	0.00801396018685248	6.276351988442892E-7	0.09773833667613141	0.008103456576652688	3.581502140799883	-38.125962352282485
1230000	-3977.633501727346	-3979.531624300912	1.898122573565867	-3979.531624300912	16.21381870213829	45.5777534586158	0.7951578108810611	0.27738717136469826	2.195111099552566	0.5275017290827246	0.27738717136469826	2.195111099552566	0.5275017290827246	0.09277295523933143	0.005477447219999953	2.7075730426383227E-7	0.09413509454247831	0.0055767915944071895	2.543020600045989	-36.05024474443051
1231000	-3998.5273904368914	-3976.941048739221	-21.58634169767032	-3976.941048739221	17.62437688981792	47.60079148981471	0.7951578108810611	0.27738717136469826	2.195111099552566	0.5275017290827246	0.27738717136469826	2.195111099552566	0.5275017290827246	0.1993204499384952	0.012625410978048994	4.3583678982413424E-6	0.16246495357730664	0.013309368658627276	3.177425360621349	-37.846225129322605
1232000	-3886.651287239566	-3874.8570948327333	-11.794192406832675	-3874.8570948327333	20.619775049471144	48.98655539834284	0.7951578108810611	0.27738717136469826	2.195111099552566	0.5275017290827246	0.27738717136469826	2.195111099552566	0.5275017290827246	0.15792059561584953	0.005508490834414957	6.344609165314666E-7	0.1443918235362141	0.005562413099718626	2.2665120701523547	-34.91550374467178
1233000	-4041.4866147456373	-4000.533220946512	-40.95339379912535	-4000.533220946512	15.803920028763162	46.892620817178084	0.7951578108810611	0.27738717136469826	1.2175135284877077	1.505099300147583	0.27738717136469826	1.2175135284877077	1.505099300147583	0.1919610060537204	0.00534896170759558	2.173795802678388E-6	0.25246656580989874	0.005472116755400188	2.682151523550497	-37.893696761713464
1234000	-3946.845209521091	-3939.979261541489	-6.865947979601968	-3939.979261541489	18.32982621844182	47.84795895622726	0.7951578108810611	0.27738717136469826	1.2175135284877077	1.505099300147583	0.27738717136469826	1.2175135284877077	1.505099300147583	0.11475973759632535	0.0038544981352735775	1.8887108206083296E-7	0.11477496393448398	0.003910389220222901	1.9798427047858886	-38.25090808664225
1235000	-3902.9993051712127	-3862.8854870143396	-40.11381815687326	-3862.8854870143396	17.507697894093297	61.478626835414346	0.7951578108810611	0.27738717136469826	1.2175135284877077	1.505099300147583	0.27738717136469826	1.2175135284877077	1.505099300147583	0.22524875379825804	0.0038492349459700206	6.751530304943648E-7	0.21502415893896287	0.003757297155261804	3.549549294117236	-49.283820581992785
1236000	-3961.233205950538	-3904.2739521586454	-56.959253791892564	-3904.2739521586454	20.793243210866137	79.98525347777013	0.7951578108810611	0.27738717136469826	1.84525997618007	0.8773528524552205	0.27738717136469826	1.84525997618007	0.8773528524552205	0.2565761530986388	0.0012733321974486911	1.1486618351459497E-7	0.26506778359431243	0.0013072735528770144	6.568792233220742	-56.19691279998091
1237000	-4028.4507914940077	-3992.2116365719567	-36.23915492205102	-3992.2116365719567	16.944698536221523	46.774103254359744	0.7951578108810611	0.27738717136469826	1.84525997618007	0.8773528524552205	0.27738717136469826	1.84525997618007	0.8773528524552205	0.2164233760976478	0.0019938531093580698	2.717895190028099E-7	0.24995030962379672	0.0020300441522815584	2.53202031499334	-36.246318991674485
1238000	-3938.1427904806833	-3931.578251908524	-6.564538572159334	-3931.578251908524	14.96683151340624	35.619104813196884	0.7951578108810611	0.27738717136469826	1.84525997618007	0.8773528524552205	0.27738717136469826	1.84525997618007	0.8773528524552205	0.11641512273452058	0.005427338017567289	5.827960219256552E-7	0.13726059068621735	0.005491776912729928	2.1203811273413216	-29.305803386740127
1239000	-3937.9868174017824	-3909.1757914391633	-28.81102596261897	-3909.1757914391633	18.195381824149305	40.59356682001436	0.7951578108810611	0.27738717136469826	1.84525997618007	0.8773528524552205	0.27738717136469826	1.84525997618007	0.8773528524552205	0.17767290933179983	0.003488074112442906	5.492626885627559E-7	0.21428242347883988	0.003131486933343151	1.8867114801443163	-29.447301057064745
1240000	-3924.6470558407605	-3901.6544137603632	-22.992642080397324	-3901.6544137603632	14.679809509203059	38.46796356593302	0.7951578108810611	0.27738717136469826	1.84525997618007	0.8773528524552205	0.27738717136469826	1.84525997618007	0.8773528524552205	0.21292624177967845	0.002497519211840756	3.165218760494268E-7	0.2304924133964637	0.0025144913435863787	1.7566721747231324	-32.750425688240746
1241000	-3949.3511555272003	-3922.764194026006	-26.586961501194097	-3922.764194026006	15.88161791638729	46.90958639050684	0.7951578108810611	0.27738717136469826	1.84525997618007	0.8773528524552205	0.27738717136469826	1.84525997618007	0.8773528524552205	0.20664490645881606	0.001608198752069233	8.844271715123823E-8	0.18147176823797073	0.001598732062222861	2.89886993870437	-40.55899288618108
1242000	-3899.410952484518	-3840.145771390511	-59.26518109400685	-3840.145771390511	19.268708446488493	66.32345149922983	0.7951578108810611	0.27738717136469826	1.84525997618007	0.8773528524552205	0.27738717136469826	1.84525997618007	0.8773528524552205	0.341242186120052	0.004122207513657565	1.4803908140661314E-6	0.30113825956328083	0.004037211701075601	3.156425382607089	-51.760797724905096
1243000	-3829.543752525526	-3776.1266555746056	-53.417096950920296	-3776.1266555746056	27.138670467199404	87.56002722620588	0.7951578108810611	0.27738717136469826	1.84525997618007	0.8773528524552205	0.27738717136469826	1.84525997618007	0.8773528524552205	0.27435195736809187	0.0010077265287587996	8.804852598392405E-8	0.2804078926615652	0.0010731129346185167	5.728043931214174	-53.19716966051504
1244000	-3970.0446882369556	-3929.283706476102	-40.76098176085378	-3929.283706476102	18.0074352448362	63.9393479459769	0.7951578108810611	0.7375983596364207	1.84525997618007	0.4171416641834981	0.7375983596364207	1.84525997618007	0.4171416641834981	0.21232182966216095	0.001742435689070257	1.4856236747962988E-7	0.2051096743534219	0.0018496222364241218	5.762790148540149	-49.990515457845135
1245000	-4048.9041684291383	-4018.8319678206967	-30.07220060844175	-4018.8319678206967	14.50086182593599	39.52484058046906	0.7951578108810611	0.7375983596364207	1.84525997618007	0.4171416641834981	0.7375983596364207	1.84525997618007	0.4171416641834981	0.2373641718524451	0.012208623457043658	9.467810300809718E-6	0.24686875555466317	0.01283097953331022	2.8062950843985535	-33.979320642558285
1246000	-3971.728023260991	-3944.5169751883955	-27.211048072595577	-3944.5169751883955	16.642811256259243	40.05915420204515	0.7951578108810611	0.14738775167517948	1.84525997618007	1.0073522721447392	0.14738775167517948	1.84525997618007	1.0073522721447392	0.19558290246128704	0.00909474812005771	4.377664409814137E-6	0.22366199961968522	0.008943752988764769	2.462684839847704	-30.75318788535988
1247000	-4068.561703758488	-4049.7266256184726	-18.83507814001556	-4049.7266256184726	14.785891920734821	29.100645455975425	0.7951578108810611	0.14738775167517948	1.84525997618007	1.0073522721447392	0.14738775167517948	1.84525997618007	1.0073522721447392	0.24357775379315777	0.016738242858265338	1.2601740456373562E-5	0.21513024938200814	0.015348871936312387	1.4148397474493626	-20.37954652482066
1248000	-3950.249315686368	-3920.1354182122936	-30.113897474074502	-3920.1354182122936	17.412480324791225	39.62242654796157	0.7951578108810611	0.14738775167517948	2.634857336385147	0.21775491193966212	0.14738775167517948	2.634857336385147	0.21775491193966212	0.2737208252758981	0.018479499004602322	2.0560847712491342E-5	0.26668381890103227	0.01731932850410806	2.0706480519502364	-28.929900900271154
1249000	-3948.163216463403	-3934.072841824468	-14.090374638935055	-3934.072841824468	15.418705800557513	40.42901712441545	0.7951578108810611	0.14738775167517948	2.634857336385147	0.21775491193966212	0.14738775167517948	2.634857336385147	0.21775491193966212	0.17876584613760654	0.004416659280599588	4.971448500101588E-7	0.15977064760418103	0.004463952489001958	2.761744456709427	-33.24215633106834
1250000	-3879.279236064851	-3830.4533811546135	-48.82585491023724	-3830.4533811546135	22.091601726632945	68.3743051184118	0.7951578108810611	0.14738775167517948	2.634857336385147	0.21775491193966212	0.14738775167517948	2.634857336385147	0.21775491193966212	0.23763829216557972	0.0025055643805461125	4.7606584845896467E-7	0.2688647969236026	0.0024090453351977813	4.11330476426439	-47.12220214679783
1251000	-4058.529908001554	-4004.5685644033015	-53.96134359825244	-4004.5685644033015	19.4129454897003	65.47575521086269	0.7951578108810611	0.14738775167517948	2.634857336385147	0.21775491193966212	0.14738775167517948	2.634857336385147	0.21775491193966212	0.3158724029269581	0.007931031890578314	5.7802079832645165E-6	0.30679805311304614	0.007628197573092174	3.767074684342832	-48.112250282245505
1252000	-4003.294500882369	-3949.600894024384	-53.69360685798462	-3949.600894024384	22.647276539571642	106.97830377492895	0.7951578108810611	0.45229099758911334	2.329954090471213	0.21775491193966212	0.45229099758911334	2.329954090471213	0.21775491193966212	0.21338763792111637	0.002171217496539898	1.5155535361312252E-7	0.18361267036066936	0.0022619954417339586	10.892608109007464	-65.74248309882425
1253000	-3904.4195828472843	-3849.754396638773	-54.66518620851119	-3849.754396638773	17.894070298643236	59.98120877516254	0.7951578108810611	0.45229099758911334	2.329954090471213	0.21775491193966212	0.45229099758911334	2.329954090471213	0.21775491193966212	0.34174634671402065	0.004404394155378774	2.063188684903154E-6	0.305905787059465	0.004608178457689908	5.595078064827016	-46.8522374827488
1254000	-3838.055858906471	-3795.0844784143223	-42.971380492148576	-3795.0844784143223	18.94836437527372	75.88075758845203	0.7951578108810611	0.45229099758911334	2.329954090471213	0.21775491193966212	0.45229099758911334	2.329954090471213	0.21775491193966212	0.18372154180578731	0.004263472910026978	6.511841293939083E-7	0.18290945220618238	0.00427514661616205	5.2057877642720385	-55.67645711436387
1255000	-4133.365985034275	-4089.6017586580792	-43.76422637619548	-4089.6017586580792	15.700409309350578	42.56957783179374	0.7951578108810611	0.45229099758911334	2.329954090471213	0.21775491193966212	0.45229099758911334	2.329954090471213	0.21775491193966212	0.25440332976855495	0.005384727784968838	2.8998474426888446E-6	0.3141973781348481	0.0052798961882474325	2.5118307325336815	-35.54394931780979
1256000	-3976.0703189506753	-3942.5141619733267	-33.55615697734874	-3942.5141619733267	15.065387436368702	33.66724762804064	0.7951578108810611	0.45229099758911334	1.5820627962048242	0.965646206206051	0.45229099758911334	1.5820627962048242	0.965646206206051	0.2870498137448049	0.005116148177449689	2.7942692502977106E-6	0.31290256245919784	0.005202776149752776	1.5346907456063608	-25.40837970598556
1257000	-4067.8226331722117	-4052.3862699352208	-15.436363236990992	-4052.3862699352208	15.577376918382827	39.962686301849885	0.7951578108810611	0.45229099758911334	1.5820627962048242	0.965646206206051	0.45229099758911334	1.5820627962048242	0.965646206206051	0.19858049817512666	0.005778422725024633	9.07020012834375E-7	0.16604936854487262	0.0059819145878090875	2.033584468075213	-33.709519635766135
1258000	-4112.712286841987	-4079.5724723907465	-33.13981445124112	-4079.5724723907465	15.19702094701567	31.739931604197313	0.7951578108810611	0.45229099758911334	1.5820627962048242	0.965646206206051	0.45229099758911334	1.5820627962048242	0.965646206206051	0.2829000035185877	0.01553021302666659	2.3510429076390317E-5	0.32724563602100826	0.01484250408824722	1.753693540001266	-25.049582343045124
1259000	-4007.469049488578	-3969.93658729954	-37.532462189038284	-3969.93658729954	19.39629605239283	55.86264726979511	0.7951578108810611	0.45229099758911334	1.5820627962048242	0.965646206206051	0.45229099758911334	1.5820627962048242	0.965646206206051	0.19501516472112948	0.0021791184592298467	1.9548909550463675E-7	0.21209566579359654	0.001916647154837576	2.993450665459463	-41.04622338609698
1260000	-4001.04228334957	-3985.4056361070457	-15.636647242524166	-3985.4056361070457	14.943048882749608	39.06724784911506	0.7951578108810611	0.45229099758911334	1.5820627962048242	0.965646206206051	0.45229099758911334	1.5820627962048242	0.965646206206051	0.17369092998562854	0.007962226882449392	1.5067745200087274E-6	0.15734489006558747	0.008067712714577718	1.5886999671409907	-34.44029071528846
1261000	-4036.2916070832407	-4018.284609709686	-18.006997373554857	-4018.284609709686	15.909765451505633	46.28403596145698	0.7951578108810611	0.45229099758911334	1.5820627962048242	0.965646206206051	0.45229099758911334	1.5820627962048242	0.965646206206051	0.15109550377724157	0.009442799435789512	1.9548227815487463E-6	0.1522017554034548	0.00957945529470557	2.6693242194497744	-38.23475885129136
1262000	-3961.1012850285656	-3950.203645308517	-10.897639720048424	-3950.203645308517	16.745365183611014	42.22167091579754	0.7951578108810611	1.1267258533505142	1.5820627962048242	0.2912113504446502	1.1267258533505142	1.5820627962048242	0.2912113504446502	0.12986767870211993	0.0021622806454553107	8.597436819916274E-8	0.1407038900161303	0.002075313192588703	2.706831138374196	-33.25727542413042
1263000	-4040.852268386376	-4002.4459220890712	-38.40634629730494	-4002.4459220890712	17.997333910672168	48.59170322694337	0.7951578108810611	1.1267258533505142	1.5820627962048242	0.2912113504446502	1.1267258533505142	1.5820627962048242	0.2912113504446502	0.22766643325864044	0.0018021858895312052	2.4711419528830663E-7	0.2743503828094332	0.0017776930400281458	4.014729035319214	-38.24707727851953
1264000	-4046.4946179211565	-4021.597982207007	-24.89663571414962	-4021.597982207007	17.22467095267339	35.30416466545586	0.7951578108810611	0.4043013929567858	1.5820627962048242	1.0136358108383785	0.4043013929567858	1.5820627962048242	1.0136358108383785	0.2839487359491688	0.0035871982381247996	1.2451336258087948E-6	0.29830696089786624	0.0036221969909846848	1.7987700328040774	-23.70009840722581
1265000	-3995.5568715391623	-4003.1270693738084	7.570197834646115	-4003.1270693738084	15.370079037949193	30.220780326752976	0.7951578108810611	0.4043013929567858	1.5820627962048242	1.0136358108383785	0.4043013929567858	1.5820627962048242	1.0136358108383785	0.11577853238697403	0.008430626644338966	1.1133253321332755E-6	0.12153184421191213	0.008619119962074729	1.4867455804618634	-20.68413867275655
1266000	-3923.6570901618243	-3918.4765377938184	-5.180552368005722	-3918.4765377938184	15.919064016710385	33.16798249701748	0.7951578108810611	0.4043013929567858	1.5820627962048242	1.0136358108383785	0.4043013929567858	1.5820627962048242	1.0136358108383785	0.20472804203836287	0.006842572846125939	9.625887611149624E-7	0.14552692031681352	0.006694086625535279	0.8653713571114691	-23.28663708359509
1267000	-4404.473786167182	-4359.322615984682	-45.151170182500515	-4359.322615984682	19.074090103188475	58.84808434494915	0.7951578108810611	1.0037426165729495	0.9790237247126187	1.0172336587144204	1.0037426165729495	0.9790237247126187	1.0172336587144204	0.2138175154368042	0.0028627702178669616	4.6159315469114617E-7	0.23384191414180944	0.00264610858790869	4.40389151411166	-44.235771021236026
1268000	-4023.6499587123794	-4008.609652274936	-15.04030643744342	-4008.609652274936	16.428105100795303	52.193055725047394	0.7951578108810611	1.0037426165729495	0.9790237247126187	1.0172336587144204	1.0037426165729495	0.9790237247126187	1.0172336587144204	0.11937366756406843	0.0037994110629418908	2.1738966037020411E-7	0.12207339579180122	0.003921576725447538	3.7879023029718795	-43.977916020565644
1269000	-4057.151820949111	-4038.0504766654303	-19.101344283680763	-4038.0504766654303	15.441565678102277	26.587998404503544	0.7951578108810611	0.4157563855930875	0.9790237247126187	1.6052198896942824	0.4157563855930875	0.9790237247126187	1.6052198896942824	0.20083377890803697	0.005168340726381524	1.7054931003325794E-6	0.2643337950264545	0.004869664011717633	0.7074732330323368	-15.522922877625899
1270000	-4356.308594560926	-4357.636362935504	1.3277683745776616	-4357.636362935504	14.632813820916024	31.581163816730232	0.7951578108810611	0.4157563855930875	0.9790237247126187	1.6052198896942824	0.4157563855930875	0.9790237247126187	1.6052198896942824	0.11634650375635525	0.011082557156071407	1.8315160171911712E-6	0.12306481773768914	0.010804313985306173	1.6089119370340221	-23.09297157306395
1271000	-4109.432133864475	-4059.8122702150667	-49.61986364940799	-4059.8122702150667	16.29994395015192	42.09479036532722	0.7951578108810611	0.4157563855930875	0.9790237247126187	1.6052198896942824	0.4157563855930875	0.9790237247126187	1.6052198896942824	0.3766825845354302	0.0019517082417699028	5.968827228655123E-7	0.4044884963865543	0.0017794201797814064	1.7737489108123037	-33.931793957370935
1272000	-4238.131338007439	-4217.96588652424	-20.165451483198613	-4217.96588652424	17.00906675040325	37.9679702441426	0.7951578108810611	0.4157563855930875	0.9790237247126187	1.6052198896942824	0.4157563855930875	0.9790237247126187	1.6052198896942824	0.22170040975984417	0.010059441691042684	4.446467772838036E-6	0.2134658688253833	0.01013288831763754	2.436787499778642	-29.358740912073213
1273000	-4003.5468521144785	-4008.8410682877598	5.294216173281366	-4008.8410682877598	16.22352314988124	30.656178073266755	0.7951578108810611	0.4157563855930875	1.367641250807499	1.216602363599402	0.4157563855930875	1.367641250807499	1.216602363599402	0.13034493620968848	0.006080062686923632	7.603607480795664E-7	0.1356724695761464	0.006579912120843577	1.2805727057261962	-19.771042933059704
1274000	-3939.3520955559047	-3941.8941043867544	2.54200883084975	-3941.8941043867544	18.049665173830135	41.258706647061445	0.7951578108810611	0.4157563855930875	1.367641250807499	1.216602363599402	0.4157563855930875	1.367641250807499	1.216602363599402	0.11779546376258433	0.004949769149298429	3.232847570526442E-7	0.11080992136784269	0.005046349686374585	1.8570674710810449	-29.13414492996268
1275000	-4052.3403103479673	-4016.5879665966377	-35.75234375132942	-4016.5879665966377	15.507186574441581	35.460881648104476	0.7951578108810611	0.7199662815381016	1.367641250807499	0.912392467654388	0.7199662815381016	1.367641250807499	0.912392467654388	0.345635821720042	0.002753420741163407	9.545393550206575E-7	0.32666060805904984	0.003184863765260943	2.446657495039113	-30.894441634786382
1276000	-3907.66067186821	-3882.5529123999067	-25.107759468303268	-3882.5529123999067	20.11950767286814	53.425084861192666	0.7951578108810611	0.7199662815381016	1.367641250807499	0.912392467654388	0.7199662815381016	1.367641250807499	0.912392467654388	0.15668756590846303	0.0023377701209290076	1.8995785045217117E-7	0.18506121484797838	0.002338517262003916	3.9971481684092325	-39.84352364448865
1277000	-4006.8655731948916	-3983.5566565551944	-23.308916639697188	-3983.5566565551944	15.688815400915185	49.712818590138426	0.7951578108810611	0.7199662815381016	1.367641250807499	0.912392467654388	0.7199662815381016	1.367641250807499	0.912392467654388	0.1747938002777818	0.0020371261914024818	1.1185236449029528E-7	0.1629532534657739	0.002045893725882522	2.5763772806015077	-42.85857699606536
1278000	-3895.7850631951383	-3843.5102015423704	-52.27486165276782	-3843.5102015423704	21.00320683966355	65.69966146785275	0.7951578108810611	0.7199662815381016	1.367641250807499	0.912392467654388	0.7199662815381016	1.367641250807499	0.912392467654388	0.32081569561684425	0.0026777041855081157	6.079877397906108E-7	0.29397455923608534	0.0027626185792185036	3.5531068635482312	-47.65925631415233
1279000	-3823.6075761256957	-3817.2013970335956	-6.406179092100068	-3817.2013970335956	17.21573273993737	45.806984169393196	0.7951578108810611	0.7199662815381016	1.9967272466778851	0.2833064717840019	0.7199662815381016	1.9967272466778851	0.2833064717840019	0.1270774715134969	0.00834166983687372	1.051178380585439E-6	0.1236045061483132	0.008412045042685284	2.5568424873092974	-35.45273785926121
1280000	-4185.971701833862	-4150.20818523726	-35.76351659660194	-4150.20818523726	18.97494502641287	49.18739924958184	0.7951578108810611	0.7199662815381016	1.0605601946276249	1.2194735238342622	0.7199662815381016	1.0605601946276249	1.2194735238342622	0.3584262417214293	0.01007226148280847	5.561354144527093E-6	0.22772625435021557	0.011308632160941157	3.8600430097036584	-37.07395130611244
1281000	-3759.8457527575683	-3727.1879057286847	-32.65784702888391	-3727.1879057286847	26.064954866464983	80.56090730733735	0.7951578108810611	0.18875734870096716	1.5917691274647594	1.2194735238342622	0.18875734870096716	1.5917691274647594	1.2194735238342622	0.17396451872041346	0.0019209046133347423	9.411693345077797E-8	0.1680047450223725	0.0018428053674060566	5.907451810999603	-51.04901919175852
1282000	-4140.5421715199545	-4108.339817830272	-32.20235368968265	-4108.339817830272	19.79507335110888	55.321013462946354	0.7951578108810611	0.7076371125492498	1.5917691274647594	0.7005937599859796	0.7076371125492498	1.5917691274647594	0.7005937599859796	0.23172643838517018	0.0024583248654405656	2.475021568468495E-7	0.20649351361969362	0.0024517550017233093	3.771060611603912	-41.13314282831914
1283000	-3877.479319749741	-3873.917637402153	-3.5616823475881083	-3873.917637402153	22.10262398566592	72.53692012247254	0.7951578108810611	0.7076371125492498	1.5917691274647594	0.7005937599859796	0.7076371125492498	1.5917691274647594	0.7005937599859796	0.08174985880793889	0.0021046385300877795	2.3889881272809575E-8	0.07468166394435065	0.0021156288795489728	4.958794922376473	-49.313806517382844
1284000	-3950.8890133055625	-3955.1799436330753	4.29093032751286	-3955.1799436330753	16.216720622665186	43.14565314158276	0.43945742850971414	0.7076371125492498	1.5917691274647594	0.7005937599859796	0.7076371125492498	1.5917691274647594	0.7005937599859796	0.06428736471461671	0.007192659456675213	3.1628123344902264E-7	0.0788763335852577	0.007212247533397518	3.2623849543845673	-36.448363222786895
1285000	-4064.3661318254285	-4044.0870945404945	-20.27903728493391	-4044.0870945404945	24.554060657194917	73.76981502355855	0.43945742850971414	0.7076371125492498	1.5917691274647594	0.7005937599859796	0.7076371125492498	1.5917691274647594	0.7005937599859796	0.12811849615187845	0.0016881517080803501	4.1905106265331864E-8	0.12099012946188444	0.0016476374064783345	5.073686007634379	-48.417057730931354
1286000	-4254.168630832015	-4188.889737575159	-65.27889325685594	-4188.889737575159	24.06249761931534	80.34441959437683	0.14807178544163602	0.07944200918682276	2.2199642308271863	0.7005937599859796	0.07944200918682276	2.2199642308271863	0.7005937599859796	0.3577257071836223	0.0014031325672298907	2.117135908631126E-7	0.35624241642790444	0.0012473613411012293	6.085316076163398	-54.09904127142708
1287000	-4071.060216076646	-4045.4435230646836	-25.61669301196239	-4045.4435230646836	17.114575012197285	67.39151851967307	0.14807178544163602	0.07944200918682276	2.2199642308271863	0.7005937599859796	0.07944200918682276	2.2199642308271863	0.7005937599859796	0.1528234158474803	0.001719795237787186	4.0489139022668694E-8	0.11818759553920254	0.0017569267571164277	5.492930662350405	-53.910889467581974
1288000	-3831.9291682316834	-3792.8931530326936	-39.03601519898981	-3792.8931530326936	18.01033635808553	62.347226282867126	0.14807178544163602	0.6689150138760356	1.6304912261379734	0.7005937599859796	0.6689150138760356	1.6304912261379734	0.7005937599859796	0.23439014994612684	0.002914943602312124	3.0461207753791504E-7	0.18835457690128077	0.002864361738161734	3.9667916492702724	-49.08448969029332
1289000	-4016.6207341340437	-3993.577101750593	-23.04363238345055	-3993.577101750593	17.980489717632217	53.0380492102458	0.14807178544163602	0.6689150138760356	1.6304912261379734	0.7005937599859796	0.6689150138760356	1.6304912261379734	0.7005937599859796	0.20386122850715604	0.0018038926379198733	8.843457469694011E-8	0.16540787140195207	0.0018752630830128428	4.0402759891989755	-41.62007444470508
1290000	-4062.9645103775183	-4051.5776936259613	-11.38681675155713	-4051.5776936259613	16.11622856333165	34.00890588452107	0.14807178544163602	0.6689150138760356	1.6304912261379734	0.7005937599859796	0.6689150138760356	1.6304912261379734	0.7005937599859796	0.19064198348887856	0.004118270272649864	4.687365405574375E-7	0.16759406942152025	0.003917964519361642	1.5836585952591853	-24.810557343702868
1291000	-3992.984537550267	-3944.8071203265326	-48.177417223734295	-3944.8071203265326	18.17426898300674	47.76851333754369	0.14807178544163602	0.6689150138760356	1.6304912261379734	0.7005937599859796	0.6689150138760356	1.6304912261379734	0.7005937599859796	0.3513266163563564	0.0033649700355392427	1.2877593155546339E-6	0.3708283286637099	0.003022757962054568	3.5153665270722274	-36.82023112420568
1292000	-4181.504387594807	-4164.202803255529	-17.301584339277504	-4164.202803255529	16.379100224181233	44.30944006090076	0.14807178544163602	0.6689150138760356	1.6304912261379734	0.7005937599859796	0.6689150138760356	1.6304912261379734	0.7005937599859796	0.1783314689357757	0.007435279577924205	1.8099548213775304E-6	0.17205874225126033	0.007988862727389735	2.1251150490062085	-35.466305034851295
1293000	-4108.207658137708	-4103.847277447137	-4.360380690571225	-4103.847277447137	14.529319293418762	36.09283075055692	0.3142305237799007	0.6689150138760356	1.6304912261379734	0.7005937599859796	0.6689150138760356	1.6304912261379734	0.7005937599859796	0.12952742088518956	0.006739332374902052	6.985790896573769E-7	0.12671734083635183	0.006504346146518583	1.7832505563387469	-30.077162349481572
1294000	-4245.275452644934	-4221.9255654137205	-23.349887231213827	-4221.9255654137205	15.381914297269294	39.919530602547205	0.6784063701401549	0.6689150138760356	1.6304912261379734	0.7005937599859796	0.6689150138760356	1.6304912261379734	0.7005937599859796	0.16525498094093918	0.002181368486441797	1.8495975864580858E-7	0.1913614646823203	0.002213826758688701	1.9016065033312894	-34.57563260373276
1295000	-4072.5031034753183	-4033.169628295733	-39.33347517958513	-4033.169628295733	16.353009585203736	48.234728389827765	0.6784063701401549	0.6689150138760356	1.6304912261379734	0.7005937599859796	0.6689150138760356	1.6304912261379734	0.7005937599859796	0.2876194791194516	0.004590399711556453	1.4397408443369064E-6	0.2629680675053574	0.004706993803558526	3.5085164367482196	-38.83718433997785
1296000	-4003.3394776429463	-3982.9227621391733	-20.416715503773048	-3982.9227621391733	17.54863502291051	45.91233495412235	0.6784063701401549	0.6689150138760356	1.6304912261379734	0.7005937599859796	0.6689150138760356	1.6304912261379734	0.7005937599859796	0.19294574052455066	0.002315147737394777	1.912112881438916E-7	0.18807639506326523	0.0023924709813764127	3.2531476363593863	-36.26164404548131
1297000	-3975.746959145646	-3951.734822949221	-24.01213619642509	-3951.734822949221	15.815507530913862	51.3238319749486	0.6784063701401549	0.6689150138760356	1.6304912261379734	0.7005937599859796	0.6689150138760356	1.6304912261379734	0.7005937599859796	0.18479790383652167	0.0035113889291843135	3.2136290179927697E-7	0.15892850126835575	0.003630043794849876	2.4587644540460367	-43.660677636329865
1298000	-3977.881138452262	-3972.1263865370447	-5.754751915216971	-3972.1263865370447	16.461376672051117	46.501721957428146	0.6784063701401549	0.6689150138760356	1.6304912261379734	0.7005937599859796	0.6689150138760356	1.6304912261379734	0.7005937599859796	0.08024556430700372	0.0044971309844371865	1.8419014756156653E-7	0.0982100846438657	0.004269256838931777	2.1487529320581613	-37.30233758127721
1299000	-3976.8896538484532	-3916.6510973329564	-60.238556515496974	-3916.6510973329564	16.428880594869923	51.27277733554863	0.6784063701401549	0.9093065173056574	1.6304912261379734	0.4602022565563578	0.9093065173056574	1.6304912261379734	0.4602022565563578	0.34189243826146154	0.0019504587126676451	7.528510149338862E-7	0.4408970462101967	0.0018945106756760866	2.0474102049141503	-44.012408896133394
1300000	-4170.459978441176	-4162.71837413049	-7.741604310685815	-4162.71837413049	15.62570664880458	34.59302576353929	0.6784063701401549	0.9093065173056574	1.6304912261379734	0.4602022565563578	0.9093065173056574	1.6304912261379734	0.4602022565563578	0.14520167158072883	0.002672670080854906	1.4583942736018522E-7	0.1412856144345119	0.002654747881192751	2.5764313660299556	-29.276976330952483
1301000	-4068.978784634031	-4028.5680942671156	-40.41069036691538	-4028.5680942671156	22.28515694737025	56.14698879487783	0.6784063701401549	1.2772047072821473	1.5543586380584107	0.16843665465943058	1.2772047072821473	1.5543586380584107	0.16843665465943058	0.2990744671202349	0.0017403606782776272	2.9165803667310667E-7	0.2941629977114251	0.001885388332881426	4.168687419998572	-39.48782616932252
1302000	-4271.877003069082	-4245.645071150157	-26.231931918925866	-4245.645071150157	14.856890909713531	36.96642412960572	0.6784063701401549	0.25026185774406207	1.5543586380584107	1.1953795041975157	0.25026185774406207	1.5543586380584107	1.1953795041975157	0.18396013959405866	0.011060570297712999	5.481478755525302E-6	0.2272552544652041	0.010370205942909057	2.5817445995562145	-32.976692627570216
1303000	-3944.8119924731313	-3919.8012668266597	-25.010725646471666	-3919.8012668266597	14.990029360934571	42.9816047580263	0.6784063701401549	0.25026185774406207	1.5543586380584107	1.1953795041975157	0.25026185774406207	1.5543586380584107	1.1953795041975157	0.22081167102539342	0.0028116693486491596	2.588764336542855E-7	0.17688001084757374	0.0028408908913923267	3.432895129917816	-37.952338479744235
1304000	-3984.801979131666	-3955.034195497902	-29.76778363376386	-3955.034195497902	16.605211542665028	44.101181704622924	0.6784063701401549	0.25026185774406207	1.5543586380584107	1.1953795041975157	0.25026185774406207	1.5543586380584107	1.1953795041975157	0.2528430622663959	0.004284778511998769	9.077458766983561E-7	0.22296539410857696	0.004270634574115371	1.6124713423884551	-36.38348753005509
1305000	-4110.238775573928	-4050.8007005426352	-59.43807503129266	-4050.8007005426352	15.74586390742266	31.931863409434072	0.6784063701401549	0.8428792977951951	1.5543586380584107	0.6027620641463827	0.8428792977951951	1.5543586380584107	0.6027620641463827	0.8230454876875066	0.01114323333893181	8.699977971509354E-5	0.8127793500484994	0.011515940908848804	1.1243257226660202	-22.046023499630635
1306000	-3945.669672816785	-3962.3295034667317	16.659830649946926	-3962.3295034667317	15.402457700244312	25.9672477905743	0.6784063701401549	0.5844989624923718	1.5543586380584107	0.861142399449206	0.5844989624923718	1.5543586380584107	0.861142399449206	0.14123407608237804	0.008686068816872908	8.510353134126997E-7	0.10630342467428029	0.008652346500601107	0.7423656330422821	-13.943975247481307
1307000	-3959.5018405537417	-3934.7338500555966	-24.767990498145224	-3934.7338500555966	15.066420630026775	24.82592760568885	0.6784063701401549	0.1424874509225888	1.9963701496281936	0.861142399449206	0.1424874509225888	1.9963701496281936	0.861142399449206	0.3292968829234758	0.008648159819182535	9.992030050146359E-6	0.3535522397406192	0.009587631734243963	1.2119832622555935	-14.468539789940271
1308000	-4193.891615032584	-4191.557069848154	-2.3345451844301084	-4191.557069848154	15.202793860904833	25.28281879881903	0.6784063701401549	0.1424874509225888	1.2551544602261604	1.6023580888512394	0.1424874509225888	1.2551544602261604	1.6023580888512394	0.264294822071761	0.0024887382495982343	2.2038472428695616E-7	0.18561833456045596	0.0026209266623599173	1.0800550751577227	-13.07262285020226
1309000	-4064.255816489142	-4021.572359946896	-42.683456542245864	-4021.572359946896	16.448159373385238	32.015486926083994	0.6784063701401549	0.1424874509225888	1.2551544602261604	1.6023580888512394	0.1424874509225888	1.2551544602261604	1.6023580888512394	0.6792716452459907	0.006317691588601847	1.2193298644734535E-5	0.6192775580768402	0.006984722352771778	1.141258177170578	-19.299179105451
1310000	-4174.621185181964	-4153.893061155647	-20.72812402631719	-4153.893061155647	14.63250688710558	30.74673870772312	0.6784063701401549	0.1424874509225888	1.2551544602261604	1.6023580888512394	0.1424874509225888	1.2551544602261604	1.6023580888512394	0.2719580732331264	0.00137038875172976	1.1290016034013337E-7	0.24572148280378395	0.001348320648609815	1.0418526092875786	-23.22320753560819
1311000	-4019.0408962233732	-4019.19595275675	0.15505653337669312	-4019.19595275675	14.589617226630223	24.357074215727913	0.6784063701401549	0.1424874509225888	1.6612345367314827	1.1962780123459171	0.1424874509225888	1.6612345367314827	1.1962780123459171	0.15901321127088433	0.008027273489614408	1.798160749983815E-6	0.16699041890840036	0.0078001869856391065	1.0371667386190992	-14.341779822491931
1312000	-4078.072725050624	-4046.607982013553	-31.464743037070782	-4046.607982013553	14.340584094264033	25.770309998329353	0.6784063701401549	0.1424874509225888	1.6612345367314827	1.1962780123459171	0.1424874509225888	1.6612345367314827	1.1962780123459171	0.5391146843644834	0.004442854483688832	4.055989978565836E-6	0.4496047351070884	0.005265729761404239	1.006655010408405	-14.464798376665172
1313000	-4194.844191486043	-4178.018924220973	-16.82526726507057	-4178.018924220973	17.19695408494213	32.82567473357572	0.3653995633176168	0.885292847438581	1.6612345367314827	0.45347261582992493	0.885292847438581	1.6612345367314827	0.45347261582992493	0.2521270454597034	0.0014747097005426344	1.1647664049338946E-7	0.23118077917865973	0.0014117769474656762	1.399916340078473	-21.165857007334413
1314000	-4190.55342015257	-4160.901353396464	-29.652066756105377	-4160.901353396464	14.78313819210195	39.379209690756014	0.3653995633176168	0.885292847438581	1.6612345367314827	0.45347261582992493	0.885292847438581	1.6612345367314827	0.45347261582992493	0.25273904608198816	0.00235566228311609	3.6041533207685956E-7	0.24361155119562805	0.0023897761881590384	2.6348670601877386	-33.26463228946479
1315000	-4013.0239040493943	-3993.1861740115382	-19.837730037856154	-3993.1861740115382	16.390422211379512	43.31443718555309	0.3653995633176168	0.885292847438581	1.6612345367314827	0.45347261582992493	0.885292847438581	1.6612345367314827	0.45347261582992493	0.1626284847114347	0.0021334137322172285	1.346053455270921E-7	0.1778500432591033	0.002010425949243752	2.1934437857204876	-34.68723170793358
1316000	-4132.44172606983	-4120.819573879388	-11.622152190441335	-4120.819573879388	14.307536523640493	31.520223602490024	0.3653995633176168	0.885292847438581	1.6612345367314827	0.45347261582992493	0.885292847438581	1.6612345367314827	0.45347261582992493	0.21775209009456967	0.006040683741755492	1.3076985184623139E-6	0.1860497636487588	0.006099921913614138	1.221388699712275	-23.792184444651067
1317000	-3937.325087362312	-3907.4938833719802	-29.831203990331858	-3907.4938833719802	15.673541407483164	36.187262384368665	0.3653995633176168	0.885292847438581	1.6612345367314827	0.45347261582992493	0.885292847438581	1.6612345367314827	0.45347261582992493	0.30535422706960047	0.004262769324861759	1.4669727431770985E-6	0.2743623838687743	0.004516722786964006	1.73534955948924	-26.706512840897624
1318000	-4075.079239999721	-4048.311098534992	-26.76814146472865	-4048.311098534992	14.18080032489391	26.749902824075527	0.3653995633176168	0.48565618520374576	2.307586285345469	0.20675752945077375	0.48565618520374576	2.307586285345469	0.20675752945077375	0.30800055866838666	0.006220736432322584	3.0132026647458914E-6	0.2942136700980484	0.005535720964025094	1.036141163339678	-17.65456759022741
1319000	-3854.5179424918856	-3838.902472367099	-15.615470124786704	-3838.902472367099	15.034576861600202	31.293229560110905	0.7933028934158346	0.48565618520374576	2.307586285345469	0.20675752945077375	0.48565618520374576	2.307586285345469	0.20675752945077375	0.25538269426839133	0.002911928566995496	3.5840124255255065E-7	0.2008250432832504	0.003018408072859198	1.525847506078316	-24.82067276599997
1320000	-3845.0225000022724	-3843.7394517301627	-1.283048272109769	-3843.7394517301627	17.98418823267806	46.047337174311	0.7933028934158346	0.48565618520374576	2.307586285345469	0.20675752945077375	0.48565618520374576	2.307586285345469	0.20675752945077375	0.12460894997065622	0.0021554289552435436	4.63826679957953E-8	0.10155817939976092	0.002104348483362702	1.5804554630571945	-35.04031094314634
1321000	-4178.575861878029	-4140.57488886364	-38.00097301438917	-4140.57488886364	19.869851192586367	56.633198962499705	0.7933028934158346	0.48565618520374576	1.9225918623400835	0.5917519524561595	0.48565618520374576	1.9225918623400835	0.5917519524561595	0.2550576801203242	0.0012373688866366883	9.833020971887167E-8	0.25391589295711187	0.0012590072452036707	2.086645949708091	-42.58079899680558
1322000	-4018.0795221924395	-3940.0742769787093	-78.00524521373022	-3940.0742769787093	19.3416460880535	73.47010471455283	0.7933028934158346	0.48565618520374576	1.9225918623400835	0.5917519524561595	0.48565618520374576	1.9225918623400835	0.5917519524561595	0.6219683845496997	9.373880985020427E-4	1.4496375051115587E-7	0.41331312940919224	9.516538767488577E-4	5.9550247010913635	-54.00643994226144
1323000	-3908.136670725069	-3857.080833894295	-51.05583683077389	-3857.080833894295	21.85211052151473	76.3318210887596	0.7933028934158346	0.48565618520374576	1.9225918623400835	0.5917519524561595	0.48565618520374576	1.9225918623400835	0.5917519524561595	0.27189656115798255	0.0030437094280609937	5.476164577332031E-7	0.2378371389926787	0.003101178682097322	6.705662421331771	-53.082551313489226
1324000	-3858.261278354859	-3855.5373982561705	-2.723880098688168	-3855.5373982561705	15.744072103902875	37.7640860572741	0.7933028934158346	0.48565618520374576	1.9225918623400835	0.5917519524561595	0.48565618520374576	1.9225918623400835	0.5917519524561595	0.12805290035611924	0.004142023140820451	2.2547000970082328E-7	0.11110282198286421	0.004249043803595486	3.828459184820755	-34.17237463539365
1325000	-4268.661663377482	-4218.1427175167555	-50.518945860726745	-4218.1427175167555	22.88937987391788	66.81772185544655	0.7933028934158346	0.48565618520374576	1.9225918623400835	0.5917519524561595	0.48565618520374576	1.9225918623400835	0.5917519524561595	0.22754236615851794	0.0031524921692713576	7.765100828403151E-7	0.26089720021155466	0.0030414844394723076	3.4072055302813316	-44.741467291188556
1326000	-3925.238090881358	-3868.200335593646	-57.03775528771225	-3868.200335593646	18.098882042560586	58.77047972806772	0.7933028934158346	0.48565618520374576	1.9225918623400835	0.5917519524561595	0.48565618520374576	1.9225918623400835	0.5917519524561595	0.3574199581289947	0.0028410682564800004	1.3807570508721649E-6	0.3955746469160429	0.002965274727447784	3.383601760802897	-46.14514183111422
1327000	-4084.8268205071777	-4036.1728089157327	-48.65401159144505	-4036.1728089157327	21.58517737539994	61.77765333518521	0.7933028934158346	0.48565618520374576	1.9225918623400835	0.5917519524561595	0.48565618520374576	1.9225918623400835	0.5917519524561595	0.30393971010596255	0.006930805813489022	4.822706357814132E-6	0.28323803732466474	0.00731081586771529	3.0886883013745154	-43.152265154224914
1328000	-4000.4950081019897	-3966.9183231116604	-33.576684990329326	-3966.9183231116604	18.072732596605345	52.59878767214148	0.7933028934158346	0.48565618520374576	1.9225918623400835	0.5917519524561595	0.48565618520374576	1.9225918623400835	0.5917519524561595	0.2171556033242063	8.026430985178933E-4	3.892692491051616E-8	0.2409376314685998	8.000419846450208E-4	2.8577175451225987	-39.519982922800715
1329000	-3728.1366165506442	-3692.4648108348206	-35.67180571582345	-3692.4648108348206	19.195280030918084	68.14713768533774	0.7933028934158346	0.48565618520374576	1.9225918623400835	0.5917519524561595	0.48565618520374576	1.9225918623400835	0.5917519524561595	0.19121727308383665	0.0021402164921001388	1.475352697487857E-7	0.18046333466128664	0.0021058924738248295	3.8456796550959753	-52.17974537229043
1330000	-3888.6405050655053	-3846.9200581744053	-41.7204468910999	-3846.9200581744053	16.097651542424757	42.516349376142536	0.7933028934158346	0.48565618520374576	1.9225918623400835	0.5917519524561595	0.48565618520374576	1.9225918623400835	0.5917519524561595	0.35925334816586507	0.0026482676580055044	8.645180711802869E-7	0.34187171725085075	0.0027351298417697127	2.0450976772494283	-34.18461507459307
1331000	-3932.920048091257	-3893.87138575573	-39.04866233552673	-3893.87138575573	19.361152007120186	52.42977556813261	0.7933028934158346	0.48565618520374576	1.4782388364498509	1.036104978346392	0.48565618520374576	1.4782388364498509	1.036104978346392	0.3018602173134163	0.005763167199774406	2.2708694272729935E-6	0.2754268752229837	0.006249221795386592	2.7331635709846127	-39.38144978488169
1332000	-3924.5604264966128	-3901.554419309562	-23.006007187050635	-3901.554419309562	17.376650941341012	44.23640993273465	0.7933028934158346	0.48565618520374576	1.4782388364498509	1.036104978346392	0.48565618520374576	1.4782388364498509	1.036104978346392	0.25797668648965927	0.00503433241531539	8.849893426253192E-7	0.18665415465325697	0.005320801839667175	2.0390613265877855	-34.208979440250666
1333000	-3935.2865905537856	-3918.918272007278	-16.368318546507357	-3918.918272007278	18.099449562427584	42.2361445712811	0.7933028934158346	0.48565618520374576	1.4782388364498509	1.036104978346392	0.48565618520374576	1.4782388364498509	1.036104978346392	0.22859409283799936	0.0020635864339056623	1.548237972868545E-7	0.18918972722804883	0.0021605016565542077	1.8952708457146263	-30.827566032645713
1334000	-4204.356791288753	-4181.595686071817	-22.761105216936034	-4181.595686071817	14.734984141929168	26.86844686874303	0.7933028934158346	0.48565618520374576	1.4782388364498509	1.036104978346392	0.48565618520374576	1.4782388364498509	1.036104978346392	0.32437569322969	0.0013551280693007936	2.3426853137873592E-7	0.332775591036542	0.0014555023524075018	0.7792450296123932	-16.233265152656294
1335000	-3904.9011456620033	-3875.2846957656757	-29.616449896327772	-3875.2846957656757	15.902436711808065	30.93281735144012	0.7933028934158346	0.48565618520374576	1.4782388364498509	1.036104978346392	0.48565618520374576	1.4782388364498509	1.036104978346392	0.367192859409334	0.002552220922900661	7.940040659464365E-7	0.3370791638815954	0.0027631828416493673	1.7888026175014369	-22.56369119590438
1336000	-3984.2164474111382	-3962.673772510256	-21.542674900881998	-3962.673772510256	15.389220618905687	31.48612961058187	0.7933028934158346	0.48565618520374576	1.4782388364498509	1.036104978346392	0.48565618520374576	1.4782388364498509	1.036104978346392	0.19870127432141482	0.002130964039984043	2.474450848919154E-7	0.23446660592807092	0.0021780142904419945	2.5588906896078845	-27.293860353924394
1337000	-4047.7159006695706	-3996.9024038694242	-50.81349680014628	-3996.9024038694242	16.11762131711831	34.613292429190466	0.7933028934158346	1.1794754713045732	1.4782388364498509	0.3422856922455645	1.1794754713045732	1.4782388364498509	0.3422856922455645	0.39185360239177214	0.001930562173913065	8.56709828197164E-7	0.5078291145182215	0.0017835067907501303	1.1878214988961782	-25.99310620126994
1338000	-3918.1299985884443	-3922.017536026322	3.887537437877619	-3922.017536026322	16.12266648957651	32.42627498813759	0.7933028934158346	0.09783559750171356	2.5598787102527103	0.3422856922455645	0.09783559750171356	2.5598787102527103	0.3422856922455645	0.11323704118958039	0.0065089049734905905	6.669447885400579E-7	0.12631541784085815	0.00642999460777474	1.1142790158581035	-22.213149268994894
1339000	-3994.2042742871477	-4000.285944285847	6.081669998699282	-4000.285944285847	18.542928867128012	35.35623537490365	0.7933028934158346	0.09783559750171356	1.5455435278470941	1.3566208746511808	0.09783559750171356	1.5455435278470941	1.3566208746511808	0.11991785181152456	0.005511200990767805	4.49045741197542E-7	0.12131305366252458	0.005468874526507434	1.1161394341590125	-22.783501212374514
1340000	-4013.7573756864044	-3984.0684945188955	-29.688881167508846	-3984.0684945188955	14.763583203566995	31.260142349757626	0.7933028934158346	0.09783559750171356	1.5455435278470941	1.3566208746511808	0.09783559750171356	1.5455435278470941	1.3566208746511808	0.3601005516035246	0.0013041260940335761	3.1181995198077937E-7	0.37352069912041985	0.0017078680926755042	1.595250033600749	-22.818339924451298
1341000	-4077.056846331722	-4032.1108903091326	-44.94595602258955	-4032.1108903091326	17.33867523901235	46.08688074865428	0.7933028934158346	0.09783559750171356	1.5455435278470941	1.3566208746511808	0.09783559750171356	1.5455435278470941	1.3566208746511808	0.36734690964579225	0.0027248944926105472	6.863760776936769E-7	0.3102073793959945	0.0026801211159405897	2.831859408550732	-36.169308496283854
1342000	-3869.859823564031	-3830.016715676745	-39.84310788728588	-3830.016715676745	16.53762601215589	48.155910079869365	0.7933028934158346	0.09783559750171356	1.5455435278470941	1.3566208746511808	0.09783559750171356	1.5455435278470941	1.3566208746511808	0.32133566818299386	0.0030843459681887497	7.395969605579581E-7	0.28393503999063174	0.003122174048156247	2.841749036365713	-38.62761992506196
1343000	-3864.930089058397	-3855.35931378502	-9.570775273377167	-3855.35931378502	21.192852842874988	53.077877282363715	0.7933028934158346	0.09783559750171356	1.5455435278470941	1.3566208746511808	0.09783559750171356	1.5455435278470941	1.3566208746511808	0.12755825206216656	0.002207875066142883	8.309987079598648E-8	0.1280626431490908	0.002225196715307792	2.082163181252243	-37.65737235004844
1344000	-3980.8295825659275	-3949.7515962657617	-31.077986300165694	-3949.7515962657617	22.019350478119314	57.27535847189823	0.7933028934158346	0.09783559750171356	1.5455435278470941	1.3566208746511808	0.09783559750171356	1.5455435278470941	1.3566208746511808	0.2248957587376316	0.004313528547729127	7.687745636444225E-7	0.20411605261420063	0.004274760848758536	3.455154056942398	-40.13323102295466
1345000	-4384.917516007894	-4350.840225735721	-34.077290272172434	-4350.840225735721	15.159026699472749	40.52758524797199	0.7933028934158346	0.09783559750171356	1.5455435278470941	1.3566208746511808	0.09783559750171356	1.5455435278470941	1.3566208746511808	0.22504194731794314	0.006080669695548853	2.448735204149397E-6	0.25232737700365143	0.0061982082610612796	2.2409988985465112	-34.11479968494572
1346000	-4221.300694540278	-4167.381417739946	-53.9192768003312	-4167.381417739946	16.39685600396299	48.06360618793677	0.7933028934158346	0.09783559750171356	1.5455435278470941	1.3566208746511808	0.09783559750171356	1.5455435278470941	1.3566208746511808	0.43898224731659646	0.0067611363693202324	6.837768818656865E-6	0.3920448270057856	0.006931366915490307	3.8723591847672596	-39.55139377175263
1347000	-4330.458766463187	-4281.378835269825	-49.079931193362256	-4281.378835269825	19.734355735164726	64.61623604308181	0.7933028934158346	0.09783559750171356	1.5455435278470941	1.3566208746511808	0.09783559750171356	1.5455435278470941	1.3566208746511808	0.24612174088457564	0.007715929934865298	3.7556417994410392E-6	0.2560396944904981	0.0077923853209356025	5.750366952628139	-48.11385504744168
1348000	-4207.598126857786	-4180.045694790896	-27.552432066890198	-4180.045694790896	20.502885018511662	50.473736744514106	0.7933028934158346	0.09783559750171356	1.5455435278470941	1.3566208746511808	0.09783559750171356	1.5455435278470941	1.3566208746511808	0.20165820022750436	0.006858396023158608	1.6315379173022976E-6	0.19712309626168173	0.006540220708067693	2.65643823106132	-36.22598066800865
1349000	-4103.43003758438	-4071.787471460854	-31.642566123526773	-4071.787471460854	18.95387490314151	54.29973289760174	0.7933028934158346	0.09783559750171356	1.5455435278470941	1.3566208746511808	0.09783559750171356	1.5455435278470941	1.3566208746511808	0.21249499967627702	6.159794859144816E-4	2.0972487973341578E-8	0.21784686819550217	6.636363667504695E-4	3.6446137907923872	-39.809525576474556
1350000	-4145.705337902301	-4112.436941561098	-33.268396341203164	-4112.436941561098	15.901067429159799	33.36937889343224	0.7933028934158346	0.09783559750171356	1.5455435278470941	1.3566208746511808	0.09783559750171356	1.5455435278470941	1.3566208746511808	0.31045161705209773	0.002840502966687108	1.0532466862949194E-6	0.37639336696826026	0.0026809531260492516	1.2724446405352017	-23.817316544692357
1351000	-4066.458926715967	-4063.1734303854682	-3.2854963304989138	-4063.1734303854682	15.643235635924876	28.567347658737223	0.7933028934158346	0.09783559750171356	2.0636556141897633	0.8385087883085115	0.09783559750171356	2.0636556141897633	0.8385087883085115	0.16028914032357117	0.0017209846300321565	8.658588692254448E-8	0.16591506920636215	0.0016989797001125244	1.174120936140672	-18.54580224188252
1352000	-4069.183244795873	-4037.6499161201227	-31.533328675750532	-4037.6499161201227	14.315841166314705	24.641329710500198	0.7933028934158346	0.09783559750171356	2.0636556141897633	0.8385087883085115	0.09783559750171356	2.0636556141897633	0.8385087883085115	0.3896511237851068	0.023790640607732897	9.240684193136421E-5	0.4283447749564374	0.023559849591077417	1.090079297246953	-14.566331030399954
1353000	-3918.756620143536	-3919.718701203594	0.9620810600576166	-3919.718701203594	14.651366078083031	25.50258955364716	0.7933028934158346	0.09783559750171356	2.0636556141897633	0.8385087883085115	0.09783559750171356	2.0636556141897633	0.8385087883085115	0.1597758908108025	0.005656130485790174	1.0251599855075008E-6	0.16892023017576044	0.005954126134807593	1.021439500969833	-15.516115266818328
1354000	-4148.2631964958155	-4109.625341907228	-38.63785458858744	-4109.625341907228	15.171306320433686	34.86081309173353	0.7933028934158346	0.09783559750171356	2.0636556141897633	0.8385087883085115	0.09783559750171356	2.0636556141897633	0.8385087883085115	0.2989982275490651	0.002093590798671666	3.730728477934296E-7	0.2904574678430095	0.00187857222079874	1.920469788973766	-27.266822554599074
1355000	-3890.1131319878396	-3893.603566617371	3.4904346295316016	-3893.603566617371	14.811752875233873	33.640245976925	0.7933028934158346	0.09783559750171356	2.0636556141897633	0.8385087883085115	0.09783559750171356	2.0636556141897633	0.8385087883085115	0.10861317557350765	0.004883704341956006	3.225351582791746E-7	0.11677873098730324	0.004848183382525069	2.2729402856885663	-27.176558768536836
1356000	-4029.8937420456145	-3968.7453255704895	-61.1484164751249	-3968.7453255704895	17.03012728233441	44.84329803169993	0.7933028934158346	0.09783559750171356	2.0636556141897633	0.8385087883085115	0.09783559750171356	2.0636556141897633	0.8385087883085115	0.45166402960144914	0.007172002841823099	2.229736040603807E-5	0.5951118688401279	0.007898891297379513	2.1580464038826426	-37.64288881144085
1357000	-3963.4409238194457	-3905.576177218895	-57.864746600550895	-3905.576177218895	16.675839981505035	33.8817698375632	0.7933028934158346	0.5658600195725554	2.0636556141897633	0.3704843662376696	0.5658600195725554	2.0636556141897633	0.3704843662376696	0.4638641515874052	0.005076584557268171	1.9641164515955597E-5	0.7794572936165559	0.0049671207047232825	1.6460164395400583	-25.19260269596006
1358000	-4141.099814625911	-4109.385098743432	-31.714715882479044	-4109.385098743432	15.073780147426076	36.16970017628533	0.7933028934158346	0.5658600195725554	2.0636556141897633	0.3704843662376696	0.5658600195725554	2.0636556141897633	0.3704843662376696	0.2887059725415405	0.0057010731813037325	2.4247926606233757E-6	0.27603282314322936	0.005479304792827553	1.9094105067623226	-29.071376519393926
1359000	-3923.640720846007	-3877.232107900947	-46.40861294505973	-3877.232107900947	18.923020973347	45.869031315002616	0.7933028934158346	0.5658600195725554	2.0636556141897633	0.3704843662376696	0.5658600195725554	2.0636556141897633	0.3704843662376696	0.4010994982833139	0.006130440600280115	6.2994057113058215E-6	0.33317145976423673	0.007643196038599467	1.8736610208945632	-36.245189540004205
1360000	-3982.3776941881238	-3925.664915517665	-56.71277867045875	-3925.664915517665	14.511047305058552	38.88646602777306	0.7933028934158346	0.1424224932891775	2.0636556141897633	0.7939218925210475	0.1424224932891775	2.0636556141897633	0.7939218925210475	0.37024716494756194	0.004480799959851495	3.6198746590383845E-6	0.43490136534117474	0.003940466133012952	2.6293805564288206	-34.94498802854805
1361000	-4021.101021884844	-3961.9931601523335	-59.10786173251079	-3961.9931601523335	16.288081162411835	43.99130277899205	0.7933028934158346	0.1424224932891775	2.0636556141897633	0.7939218925210475	0.1424224932891775	2.0636556141897633	0.7939218925210475	0.585890868247636	0.0018483440922001737	8.390965274105905E-7	0.4344065079322679	0.0020952114108096333	2.4140510918617815	-35.50840885295984
1362000	-3862.5950447164237	-3812.874098056463	-49.72094665996065	-3812.874098056463	15.902557818631305	53.62428571484842	0.7933028934158346	0.1424224932891775	2.0636556141897633	0.7939218925210475	0.1424224932891775	2.0636556141897633	0.7939218925210475	0.2549489195285103	0.003015880938943722	7.71117190554022E-7	0.2915662168385202	0.0030821611078024522	4.353368168150875	-45.375576005148275
1363000	-3873.5713789067645	-3861.534216167642	-12.037162739122149	-3861.534216167642	15.290084506704249	39.342456048899514	0.7933028934158346	0.1424224932891775	2.0636556141897633	0.7939218925210475	0.1424224932891775	2.0636556141897633	0.7939218925210475	0.14887583423668552	0.0028393920991901904	1.5543002237268678E-7	0.14251984406722545	0.002882201703117029	1.9300562837912334	-34.26590840159122
1364000	-3951.037197078635	-3899.7709297775536	-51.26626730108115	-3899.7709297775536	20.03750285942388	50.34260356228842	0.7933028934158346	0.1424224932891775	2.0636556141897633	0.7939218925210475	0.1424224932891775	2.0636556141897633	0.7939218925210475	0.36212026605032305	0.00304159388331752	2.3425042178476025E-6	0.4218630306707825	0.0037303756189788115	3.9616920507738893	-37.64957400390772
1365000	-3938.466253398297	-3924.701899798518	-13.764353599778914	-3924.701899798518	15.4571838300784	29.124762870312498	0.7933028934158346	0.1424224932891775	2.0636556141897633	0.7939218925210475	0.1424224932891775	2.0636556141897633	0.7939218925210475	0.25906413503611314	0.00572880525208193	1.481519604969984E-6	0.2091041592294769	0.005909372022258871	1.8314222666360196	-21.790851774948578
1366000	-3985.773081968543	-3968.904776807613	-16.86830516093017	-3968.904776807613	15.413867157500862	27.22811304788682	0.7933028934158346	0.1424224932891775	2.0636556141897633	0.7939218925210475	0.1424224932891775	2.0636556141897633	0.7939218925210475	0.29574938092144487	0.003409251933675466	9.528695838085022E-7	0.2931204997547686	0.0034556559185388944	0.7923519884370825	-16.371763155223732
1367000	-3947.6291775141217	-3925.8639450999403	-21.765232414181323	-3925.8639450999403	16.47150740822601	27.091715227274864	0.7933028934158346	0.1424224932891775	2.0636556141897633	0.7939218925210475	0.1424224932891775	2.0636556141897633	0.7939218925210475	0.3135418179782175	0.014753036489944844	2.7212321380321562E-5	0.3430212887259844	0.01437205249715812	0.6400117375536277	-12.306033350233315
1368000	-4003.1880701259	-4011.7751936919462	8.587123566046104	-4011.7751936919462	14.602895162628311	28.652570253284107	0.7933028934158346	0.1424224932891775	2.0636556141897633	0.7939218925210475	0.1424224932891775	2.0636556141897633	0.7939218925210475	0.1332995786881009	0.004874701148519344	3.323647641314563E-7	0.11690520338697044	0.004850055898536733	1.012608736102048	-19.864684720611546
1369000	-3984.2267281302184	-4024.740481535697	40.51375340547875	-4024.740481535697	14.470324094637615	24.14096596455573	0.7933028934158346	0.8345091176011901	1.3842365080333447	0.7812543743654535	0.8345091176011901	1.3842365080333447	0.7812543743654535	0.056857720930015676	0.0063646590864241135	1.5481592815950888E-7	0.06186099733332882	0.0063888114555892325	0.730917478666796	-11.752496120626537
1370000	-4174.791071398041	-4148.790691329639	-26.000380068401302	-4148.790691329639	14.71014883390229	26.273423820266544	0.7933028934158346	1.491409234311531	1.3842365080333447	0.12435425765511243	1.491409234311531	1.3842365080333447	0.12435425765511243	0.35323153165380305	0.020619359272349914	1.0262479423349398E-4	0.43275943273080014	0.025203654752962167	0.873763704337024	-14.899405347642517
1371000	-4099.724776518477	-4058.508506850765	-41.21626966771124	-4058.508506850765	14.899134096477615	25.356978569814924	0.7933028934158346	0.0694542966946532	1.3842365080333447	1.5463091952719903	0.0694542966946532	1.3842365080333447	1.5463091952719903	0.5103143960007663	0.01995773659221552	3.7000954266311353E-4	0.8285891554745592	0.02354174096255709	1.3902754377217266	-16.622302026477175
1372000	-4110.3280683560515	-4094.3351507807597	-15.992917575291642	-4094.3351507807597	14.949148971531553	28.339412146329437	0.7933028934158346	0.0694542966946532	1.2390803863837427	1.6914653169215925	0.0694542966946532	1.2390803863837427	1.6914653169215925	0.20794571126351355	0.015219315844896655	1.3104558728572632E-5	0.2286726827828855	0.015175055975990484	1.1360008936727781	-19.3684214877636
1373000	-3847.4147571402445	-3840.8874010186278	-6.527356121616993	-3840.8874010186278	16.840592813827183	39.90482062224027	0.7933028934158346	0.0694542966946532	1.8622644975588223	1.068281205746513	0.0694542966946532	1.8622644975588223	1.068281205746513	0.13807230173586135	0.002474597740557547	1.1791974919407215E-7	0.1383522431235766	0.002427162979758999	1.7575871025534524	-29.787258377088335
1374000	-3939.792437098199	-3924.6259060129223	-15.166531085276791	-3924.6259060129223	15.463704656461267	38.8182362672604	0.7933028934158346	0.28553699591576637	2.2429334271326007	0.47152957695162134	0.28553699591576637	2.2429334271326007	0.47152957695162134	0.19805939849553045	0.003847708051388319	3.9316002607542563E-7	0.16680789796671783	0.0037637307538386545	2.6873494259757087	-32.30607672454485
1375000	-3906.6487314055917	-3907.6891487109847	1.0404173053930805	-3907.6891487109847	15.60042015629601	29.076805476204196	0.7933028934158346	0.28553699591576637	2.2429334271326007	0.47152957695162134	0.28553699591576637	2.2429334271326007	0.47152957695162134	0.14802309464159896	0.00539019989564098	6.035408367672291E-7	0.14153918415086622	0.005375550255077542	1.3226352109699195	-20.29232632925486
1376000	-4122.860883862306	-4076.158965741456	-46.70191812085021	-4076.158965741456	20.333689239114314	49.24262916541542	0.7933028934158346	0.28553699591576637	2.2429334271326007	0.47152957695162134	0.28553699591576637	2.2429334271326007	0.47152957695162134	0.37951862340038967	0.0021948282146776682	5.747192487382118E-7	0.38260886827462653	0.00214068474949479	1.7336076141367176	-35.25781097938592
1377000	-3985.394531751356	-3924.310267792504	-61.08426395885232	-3924.310267792504	15.753479698652855	42.47007400226437	0.7933028934158346	0.28553699591576637	2.2429334271326007	0.47152957695162134	0.28553699591576637	2.2429334271326007	0.47152957695162134	0.5760728891744392	0.002291519071478564	1.1251010238546014E-6	0.505296909504756	0.001894345465016625	2.2440988216298647	-33.56710065221248
1378000	-3895.2127723166377	-3890.9951657245024	-4.217606592135464	-3890.9951657245024	16.246700225015214	33.335577577727946	0.7933028934158346	0.28553699591576637	2.2429334271326007	0.47152957695162134	0.28553699591576637	2.2429334271326007	0.47152957695162134	0.17782507923564747	0.0026911282110101387	1.9824994703225328E-7	0.1621854126859487	0.002734658211567926	1.410594588155797	-22.68885853732269
1379000	-4089.7460950490026	-4059.2677944716897	-30.478300577312837	-4059.2677944716897	19.944849568667173	41.54466112141489	0.7933028934158346	0.28553699591576637	2.2429334271326007	0.47152957695162134	0.28553699591576637	2.2429334271326007	0.47152957695162134	0.19508926959784875	0.0056002692149454214	1.6195608744816215E-6	0.2174403501742755	0.0056995675555893575	3.3929084582592033	-31.974373258045578
1380000	-3967.8695500829026	-3936.872534440322	-30.997015642580617	-3936.872534440322	19.732656261631682	50.14109040562441	0.7933028934158346	0.28553699591576637	2.2429334271326007	0.47152957695162134	0.28553699591576637	2.2429334271326007	0.47152957695162134	0.25744793964416296	0.005922130070880784	2.1049379281114165E-6	0.24611664982115017	0.00611602662217193	3.08084231101647	-36.99870380412584
1381000	-3931.5995745452315	-3901.15211163085	-30.447462914381674	-3901.15211163085	18.821366781458455	43.881423406224755	0.7933028934158346	0.28553699591576637	2.6171693393312463	0.09729366475297574	0.28553699591576637	2.6171693393312463	0.09729366475297574	0.21512764689256125	0.005130755413139678	2.0271116936615514E-6	0.2682695256005586	0.005180581690289984	2.2908461287194317	-32.38795216260887
1382000	-3972.1401047961976	-3948.2440954665135	-23.896009329684357	-3948.2440954665135	14.722144015429556	33.65918038734767	0.7933028934158346	0.28553699591576637	2.6171693393312463	0.09729366475297574	0.28553699591576637	2.6171693393312463	0.09729366475297574	0.23419316112327868	0.005693703372866349	2.0107424572855554E-6	0.24337875720981442	0.005722185882332605	1.6348383846881929	-26.37166701298468
1383000	-3950.106465825174	-3952.9471974077146	2.840731582540717	-3952.9471974077146	16.324909832625202	33.91154642194324	0.7933028934158346	0.28553699591576637	2.6171693393312463	0.09729366475297574	0.28553699591576637	2.6171693393312463	0.09729366475297574	0.1320434554202762	0.005425188672714929	5.027410187170473E-7	0.13052364830041208	0.005365304668191804	1.3988318263970625	-24.287977283333905
1384000	-4027.7009029273263	-4025.336402917506	-2.3645000098202344	-4025.336402917506	16.426730973509464	30.819982881200666	0.7933028934158346	0.28553699591576637	2.6171693393312463	0.09729366475297574	0.28553699591576637	2.6171693393312463	0.09729366475297574	0.17572739905425327	0.005558038086474293	8.479222552104251E-7	0.16707270134530053	0.005432099220163252	0.8129226069740271	-19.59797647054674
1385000	-3916.3311993367233	-3881.6316235276404	-34.69957580908303	-3881.6316235276404	16.04223205488967	49.62848794806371	0.7933028934158346	0.28553699591576637	2.6171693393312463	0.09729366475297574	0.28553699591576637	2.6171693393312463	0.09729366475297574	0.228268225469267	0.001995152652060622	2.168821729790032E-7	0.22959309219060753	0.0020438214794709685	2.619743356244246	-42.06531035637943
1386000	-3907.8648188799275	-3835.5872702341217	-72.27754864580575	-3835.5872702341217	20.108476840407505	71.95288381536577	0.7933028934158346	0.28553699591576637	2.6171693393312463	0.09729366475297574	0.28553699591576637	2.6171693393312463	0.09729366475297574	0.4109179608316292	0.0016554125943505393	5.836703650841562E-7	0.47146747920894844	0.0016279504715707045	6.908857002102822	-52.67565995230963
1387000	-3756.0299643319454	-3716.8209134898216	-39.20905084212397	-3716.8209134898216	23.426337896859327	75.05119919428886	0.7933028934158346	0.28553699591576637	2.6171693393312463	0.09729366475297574	0.28553699591576637	2.6171693393312463	0.09729366475297574	0.20518400841405948	0.002314546975494773	2.0469910890551892E-7	0.1929683141606589	0.00241978671231976	4.469708350064027	-49.85349028394108
1388000	-4003.880326466742	-3942.309486794309	-61.57083967243284	-3942.309486794309	19.20788903912332	67.24826534481929	0.7933028934158346	0.28553699591576637	2.6171693393312463	0.09729366475297574	0.28553699591576637	2.6171693393312463	0.09729366475297574	0.3227782738582523	8.683968994835107E-4	9.232473945487958E-8	0.351077377111802	8.215306840615916E-4	4.4193867181671	-50.507188390647705
1389000	-3939.6432126057366	-3887.114405467478	-52.528807138259005	-3887.114405467478	18.447975402661303	72.99795771955922	0.7933028934158346	0.28553699591576637	2.6171693393312463	0.09729366475297574	0.28553699591576637	2.6171693393312463	0.09729366475297574	0.2693360617257473	0.001874194519784003	2.65043987107102E-7	0.260784285586896	0.002011649614545857	5.566369276245944	-53.83865540647074
1390000	-4087.2770601713946	-4042.3047016734604	-44.97235849793422	-4042.3047016734604	20.616951241703234	67.50954337481633	0.5245249789843388	0.28553699591576637	2.6171693393312463	0.09729366475297574	0.28553699591576637	2.6171693393312463	0.09729366475297574	0.22562414473430237	8.019611671625961E-4	3.3047278310220616E-8	0.22261607417475213	7.85252254995138E-4	5.729814786766439	-48.44287348496925
1391000	-4058.9844080185385	-4002.38218138257	-56.60222663596865	-4002.38218138257	17.208004228824805	59.578084685517915	0.9434676084503174	0.28553699591576637	2.6171693393312463	0.09729366475297574	0.28553699591576637	2.6171693393312463	0.09729366475297574	0.3218986967064731	6.036644137694893E-4	5.5101792429153034E-8	0.37256198273958746	6.301266267698983E-4	4.092620327442861	-46.89408387944465
1392000	-3980.3539736659427	-3901.6789157342823	-78.67505793166042	-3901.6789157342823	18.860720493909643	69.32434023995965	0.9434676084503174	0.28553699591576637	2.6171693393312463	0.09729366475297574	0.28553699591576637	2.6171693393312463	0.09729366475297574	0.4970972570647031	0.0023123684865712963	1.3362958197402924E-6	0.5493646660860135	0.002082447058209317	6.768733008816326	-51.43458950765636
1393000	-3860.351502914738	-3824.6866544593295	-35.664848455408524	-3824.6866544593295	28.797470537269618	86.09543762875882	0.9434676084503174	0.28553699591576637	2.6171693393312463	0.09729366475297574	0.28553699591576637	2.6171693393312463	0.09729366475297574	0.16907401714493625	4.936373664466126E-4	9.11916079630384E-9	0.1859760744013846	5.190988767934107E-4	5.5442905504928905	-51.5064776592545
1394000	-3943.133775970752	-3884.4773009155906	-58.65647505516152	-3884.4773009155906	18.11194662684052	55.29801264254547	0.9434676084503174	0.28553699591576637	2.6171693393312463	0.09729366475297574	0.28553699591576637	2.6171693393312463	0.09729366475297574	0.4359253831512487	0.00232553017890927	1.3285236001740129E-6	0.4488187433990577	0.0026552700157791253	3.546366762560036	-42.05676722867667
1395000	-4229.966008353566	-4194.026748199408	-35.93926015415867	-4194.026748199408	26.75059906941065	83.71257715226089	0.9434676084503174	0.28553699591576637	2.6171693393312463	0.09729366475297574	0.28553699591576637	2.6171693393312463	0.09729366475297574	0.1718591379943167	0.007023426326368743	1.1252735525499665E-6	0.16463611431558883	0.006451327001552096	6.221229652695592	-52.039432014387245
1396000	-4049.404557893556	-3996.9244846353304	-52.48007325822556	-3996.9244846353304	20.47125881474066	76.74431171624924	0.9434676084503174	0.28553699591576637	2.6171693393312463	0.09729366475297574	0.28553699591576637	2.6171693393312463	0.09729366475297574	0.2543211757457658	0.002014017943007242	2.47180777377562E-7	0.26901732700175984	0.0020259481206489527	7.196845858340937	-54.032940273982106
1397000	-4042.035962244263	-4003.9828010546025	-38.05316118966049	-4003.9828010546025	20.673836156674383	69.45552390535786	0.9434676084503174	0.28553699591576637	2.6171693393312463	0.09729366475297574	0.28553699591576637	2.6171693393312463	0.09729366475297574	0.18654977807829345	0.0029998118198926874	3.4570174448229935E-7	0.1924232206875026	0.003133731202555486	7.053801209462933	-50.79056017618428
1398000	-4177.114209598749	-4117.844019827605	-59.27018977114421	-4117.844019827605	33.68868361856424	130.86701145505864	0.9434676084503174	0.28553699591576637	2.6171693393312463	0.09729366475297574	0.28553699591576637	2.6171693393312463	0.09729366475297574	0.20407327463676767	3.4942561542575343E-4	6.111193075952024E-9	0.2176097612693055	3.5274213129738515E-4	9.445363743488265	-67.48539398732889
1399000	-4164.786386639358	-4140.268899675878	-24.517486963480646	-4140.268899675878	16.369298915757682	55.87381209646189	0.9434676084503174	0.28553699591576637	2.6171693393312463	0.09729366475297574	0.28553699591576637	2.6171693393312463	0.09729366475297574	0.15887547950855407	0.001480482558574553	5.2132504113177626E-8	0.15460745211406707	0.0015032660212545978	4.773601268130424	-45.7432035939617
1400000	-3927.0408523994965	-3884.6856925236325	-42.35515987586397	-3884.6856925236325	19.032334450453362	64.95177296532312	0.9434676084503174	0.28553699591576637	2.6171693393312463	0.09729366475297574	0.28553699591576637	2.6171693393312463	0.09729366475297574	0.1658380407619778	0.002012351265741944	1.5317701112664268E-7	0.19048588572761188	0.0019414454306844909	3.3578449447637277	-48.48864475463012
1401000	-4002.058288156144	-3964.637934924909	-37.42035323123492	-3964.637934924909	16.288600081826576	61.07424140475696	0.9434676084503174	0.28553699591576637	2.6171693393312463	0.09729366475297574	0.28553699591576637	2.6171693393312463	0.09729366475297574	0.15483218149600558	0.0024733268395169656	1.8177208038146716E-7	0.173368898383874	0.0023209266261287917	4.485943761235263	-49.36799616187709
1402000	-3866.9571066104213	-3899.098583378523	32.14147676810191	-3899.098583378523	18.45142421167003	45.92229577841118	0.9434676084503174	0.28553699591576637	2.6171693393312463	0.09729366475297574	0.28553699591576637	2.6171693393312463	0.09729366475297574	0.03595097195840157	0.0017998529976386798	5.425980166140889E-9	0.040813648331850326	0.0018094379760263955	1.8046541423620646	-35.19348080010841
1403000	-4008.4298667907146	-4003.0238181973964	-5.406048593318263	-4003.0238181973964	18.07239459709696	43.981586502762305	0.9434676084503174	0.28553699591576637	2.6171693393312463	0.09729366475297574	0.28553699591576637	2.6171693393312463	0.09729366475297574	0.1362926062061508	0.0012248753407235234	2.567994307687276E-8	0.12855321636146988	0.0012336580353841057	2.590939314492416	-33.55404840019782
1404000	-3932.4801358646514	-3887.8944896254484	-44.58564623920322	-3887.8944896254484	19.479031717675774	62.86053991806962	0.9434676084503174	0.28553699591576637	1.8846426436861714	0.8298203603980506	0.28553699591576637	1.8846426436861714	0.8298203603980506	0.2614310439370614	7.868523243268526E-4	4.712298193434428E-8	0.2736818579545033	8.246278483719815E-4	3.7483565428121817	-46.36195747838336
1405000	-3939.058066779786	-3922.6577039682907	-16.400362811494936	-3922.6577039682907	18.15860875694707	47.79118987829253	0.9434676084503174	0.28553699591576637	1.8846426436861714	0.8298203603980506	0.28553699591576637	1.8846426436861714	0.8298203603980506	0.1488041146386083	0.0044337613174292734	4.0133786722072605E-7	0.14237065528754642	0.0045091906192322225	2.2401219925191076	-37.475518913055645
1406000	-3941.5553412525965	-3883.1801640707376	-58.37517718185892	-3883.1801640707376	19.322005953784377	52.39211082093367	0.9434676084503174	0.28553699591576637	1.2686471492160938	1.4458158548681284	0.28553699591576637	1.2686471492160938	1.4458158548681284	0.43782058911729127	0.00220071234232707	1.2271974302317047E-6	0.5090377575645524	0.002078640992303844	2.7517223089067575	-39.10343241429214
1407000	-4070.240610996257	-4024.880949596894	-45.359661399363354	-4024.880949596894	16.334356451811445	35.537237968892946	0.9434676084503174	0.28553699591576637	1.2686471492160938	1.4458158548681284	0.28553699591576637	1.2686471492160938	1.4458158548681284	0.40127897433152043	0.001596475145840079	3.2004632723422385E-7	0.35003744655397356	0.0014305615189236938	1.6247708460397987	-26.13122281457576
1408000	-4164.124010281565	-4147.664371873605	-16.459638407959726	-4147.664371873605	15.12682097295009	33.33195407865967	0.9434676084503174	0.28553699591576637	1.2686471492160938	1.4458158548681284	0.28553699591576637	1.2686471492160938	1.4458158548681284	0.23491745145580697	0.0017716509575941464	1.1410325009396889E-7	0.1911753648679282	0.0017504300817164633	1.163288052894415	-25.49588702553462
1409000	-4154.252871350228	-4124.822342514158	-29.430528836069954	-4124.822342514158	14.737199199046763	28.708193725399358	0.9434676084503174	0.28553699591576637	1.2686471492160938	1.4458158548681284	0.28553699591576637	1.2686471492160938	1.4458158548681284	0.2762577663533703	0.004636656307777432	2.23977718240129E-6	0.31015937683370587	0.0045696785963562575	0.9210942743602736	-20.062077565025906
1410000	-4102.088170114327	-4081.3734624139875	-20.71470770033968	-4081.3734624139875	15.705806059823757	36.0276667672758	0.9434676084503174	0.28553699591576637	1.2686471492160938	1.4458158548681284	0.28553699591576637	1.2686471492160938	1.4458158548681284	0.21346409002623756	0.0038473390791601606	7.453894035296702E-7	0.21334311025818517	0.004176169083821193	2.1483638832296816	-29.335457499644296
1411000	-4334.132810870089	-4301.416650900681	-32.71615996940819	-4301.416650900681	18.37632750718107	40.9766075288788	0.9434676084503174	0.28553699591576637	1.2686471492160938	1.4458158548681284	0.28553699591576637	1.2686471492160938	1.4458158548681284	0.3474129378610578	0.0015572515856726045	2.1261338939959836E-7	0.27571301820752725	0.0017089702440743692	1.759943856538567	-30.703382270014473
1412000	-4086.133613874088	-4065.3691124480583	-20.764501426029618	-4065.3691124480583	15.373555489832793	38.62722498179936	0.9434676084503174	0.28553699591576637	1.2686471492160938	1.4458158548681284	0.28553699591576637	1.2686471492160938	1.4458158548681284	0.18646315841172656	0.0028686782084796887	3.3738529153824163E-7	0.20087927962351565	0.0029374766350403476	2.0663904245568174	-31.015714776683758
1413000	-4061.54021055194	-4052.7687048986254	-8.771505653314676	-4052.7687048986254	15.015919641580224	31.616166027685313	0.9434676084503174	0.28553699591576637	1.2686471492160938	1.4458158548681284	0.28553699591576637	1.2686471492160938	1.4458158548681284	0.18142520865305384	0.003208074725690351	2.4235925486193533E-7	0.15429033823587399	0.0031491350759706325	2.323219341959035	-27.08765994949649
1414000	-4163.772674214305	-4143.597332359409	-20.17534185489608	-4143.597332359409	14.969130726560575	27.309807490243518	0.9434676084503174	0.28553699591576637	1.2686471492160938	1.4458158548681284	0.28553699591576637	1.2686471492160938	1.4458158548681284	0.31127865527503845	0.0035515002252639065	1.1787435830239412E-6	0.3027365640667534	0.0038289397198609755	0.6676739694556059	-16.69560827474773
1415000	-3928.787272318604	-3948.003237403557	19.21596508495257	-3948.003237403557	16.059688057898875	35.91258171691989	0.9434676084503174	0.28553699591576637	1.2686471492160938	1.4458158548681284	0.28553699591576637	1.2686471492160938	1.4458158548681284	0.0735480261925882	0.0031816561898187915	5.8295781352229083E-8	0.07627918968801367	0.003170761203003172	1.2443457596847745	-26.333413924294497
1416000	-3948.4566775771573	-3902.2494382482846	-46.20723932887262	-3902.2494382482846	15.239939187108721	46.28390946822287	0.9434676084503174	0.28553699591576637	1.7558175026600562	0.958645501424166	0.28553699591576637	1.7558175026600562	0.958645501424166	0.35588770868136604	0.0024773838610566037	6.796356972055198E-7	0.34521578860325297	0.0023684822090687873	3.2050768747093774	-38.718862437289104
1417000	-3936.3205544591083	-3883.439029253439	-52.88152520566912	-3883.439029253439	15.0718481830264	40.96297504534811	0.9434676084503174	0.28553699591576637	1.7558175026600562	0.958645501424166	0.28553699591576637	1.7558175026600562	0.958645501424166	0.4286853997585034	0.0011386889215740182	3.168115480150378E-7	0.46532967071810105	0.0011580739150146844	2.8916700288469435	-35.506715627464125
1418000	-4112.396481575004	-4081.2456890796752	-31.15079249532846	-4081.2456890796752	21.901002256070033	55.73438432390363	0.9434676084503174	0.28553699591576637	1.7558175026600562	0.958645501424166	0.28553699591576637	1.7558175026600562	0.958645501424166	0.2253874977116766	0.0020955532920507204	1.9640552864546047E-7	0.2314362804745477	0.0020233503726588818	2.3913623671418227	-38.48506779778204
1419000	-3967.883087070485	-3941.0366361704314	-26.846450900053664	-3941.0366361704314	15.679661473923584	41.91208634270933	0.9434676084503174	0.28553699591576637	1.4199742737305925	1.2944887303536299	0.28553699591576637	1.4199742737305925	1.2944887303536299	0.2531484349323916	0.0019053038718430922	1.7402657364505015E-7	0.21920353527373992	0.0021299008453148664	3.2445476248684675	-35.97644399698238
1420000	-4235.769263976956	-4216.8483679703995	-18.92089600655583	-4216.8483679703995	16.726163381543955	47.319339369130304	0.9434676084503174	0.28553699591576637	1.4199742737305925	1.2944887303536299	0.28553699591576637	1.4199742737305925	1.2944887303536299	0.178057159531748	0.0021484852456974553	1.2101473166653865E-7	0.16134036600308702	0.002212730991896577	3.3093267938281676	-38.88163494336573
1421000	-3929.7889018627184	-3890.4455332396187	-39.343368623099636	-3890.4455332396187	16.10972504663608	35.56910656311827	0.9434676084503174	0.28553699591576637	1.4199742737305925	1.2944887303536299	0.28553699591576637	1.4199742737305925	1.2944887303536299	0.33140849934005673	0.0018865460608619394	3.97996328237869E-7	0.34036504769375303	0.0017028493440772888	1.0836553542005842	-25.835500635690195
1422000	-4022.6398110538776	-3973.2958091768146	-49.34400187706311	-3973.2958091768146	16.671390103151555	51.837851644600796	0.9434676084503174	0.28553699591576637	1.4199742737305925	1.2944887303536299	0.28553699591576637	1.4199742737305925	1.2944887303536299	0.3227618772226223	0.0014818460400389756	2.791455222769876E-7	0.35099045646968535	0.001564742720174133	3.02559980701779	-42.41951670028749
1423000	-4125.191037669235	-4081.690530688466	-43.50050698076928	-4081.690530688466	29.037578448882268	83.09859584113475	0.9434676084503174	0.7958462734612854	1.4199742737305925	0.7841794528081107	0.7958462734612854	1.4199742737305925	0.7841794528081107	0.20642599724768593	0.0023576053460542604	3.370209166329828E-7	0.21330591946620378	0.0026140745792284296	6.009692100170552	-49.70405393348191
1424000	-4040.189016167416	-3982.6002755986888	-57.588740568727275	-3982.6002755986888	17.377583322771926	54.7215026725369	0.9434676084503174	0.2569072961968094	1.4199742737305925	1.323118430072587	0.2569072961968094	1.4199742737305925	1.323118430072587	0.45194008155795673	0.001645605671328405	8.249227574557481E-7	0.524800116023818	0.0018999062192900306	3.0764231504408683	-42.8378496083928
1425000	-3993.582673097657	-3956.429224377411	-37.15344872024584	-3956.429224377411	35.120937605906605	105.1064726369597	0.9434676084503174	0.2569072961968094	1.4199742737305925	1.323118430072587	0.2569072961968094	1.4199742737305925	1.323118430072587	0.18703352231611328	5.63168180826212E-4	9.428534182986543E-9	0.1712342474173988	5.755203455870966E-4	5.709496718752996	-55.48151351241638
1426000	-3996.736683857681	-3954.4928822428315	-42.243801614849396	-3954.4928822428315	21.380775594491027	85.88103059615317	0.9434676084503174	0.2569072961968094	1.4199742737305925	1.323118430072587	0.2569072961968094	1.4199742737305925	1.323118430072587	0.1477501723061584	9.631924960876554E-4	2.32285838107574E-8	0.16384312933168235	9.440873853742511E-4	8.98408046366889	-57.78751867248965
1427000	-4089.752020895653	-4039.347677530049	-50.404343365603864	-4039.347677530049	29.142094909869787	101.49676046343852	0.9434676084503174	0.2569072961968094	0.5105723421912195	2.23252036161196	0.2569072961968094	0.5105723421912195	2.23252036161196	0.19937146836794517	9.169063801119238E-4	3.7960037363218526E-8	0.20965971384371776	9.343338153238603E-4	8.83812504267075	-60.28505554045991
1428000	-4212.178717883984	-4163.748525750793	-48.43019213319062	-4163.748525750793	20.179926640583965	60.62546317661186	0.9434676084503174	0.2569072961968094	0.5105723421912195	2.23252036161196	0.2569072961968094	0.5105723421912195	2.23252036161196	0.34423413200270797	6.904708213773192E-4	5.8697476336295306E-8	0.3327712139507661	7.514688605364322E-4	2.8976976157976657	-44.16425146240417
1429000	-4125.548907543515	-4110.656262458719	-14.892645084796603	-4110.656262458719	15.383182575898836	57.67739346866236	0.9434676084503174	0.2569072961968094	0.5105723421912195	2.23252036161196	0.2569072961968094	0.5105723421912195	2.23252036161196	0.10305284056444301	6.549011976818265E-4	4.234999007899519E-9	0.09925134762515425	6.495421677950702E-4	2.962522168495024	-52.99761291993612
1430000	-4485.654148261264	-4442.05748611342	-43.59666214784338	-4442.05748611342	16.425479800221083	41.121995940332546	0.9434676084503174	0.2569072961968094	0.5105723421912195	2.23252036161196	0.2569072961968094	0.5105723421912195	2.23252036161196	0.42044767845625175	7.105100207528911E-4	7.584255359192822E-8	0.38056396205381693	7.672691174913037E-4	2.309713521651413	-32.25817023933185
1431000	-4303.470809631767	-4268.347743037176	-35.12306659459135	-4268.347743037176	16.09729858034548	32.883292070102506	0.9434676084503174	0.2569072961968094	0.5105723421912195	2.23252036161196	0.2569072961968094	0.5105723421912195	2.23252036161196	0.4080303778322706	0.007759645450648018	6.995709088363727E-6	0.3378784960835229	0.007772503420079849	1.3766341028354763	-23.34221211363611
1432000	-4050.6293033389666	-4055.5492819563915	4.919978617424778	-4055.5492819563915	15.231890907988388	28.622118419697802	0.9434676084503174	0.2569072961968094	0.5105723421912195	2.23252036161196	0.2569072961968094	0.5105723421912195	2.23252036161196	0.1628259602605469	0.003649684002260991	2.2612684849164312E-7	0.13071919342894678	0.0036172280216864023	1.3767776110336682	-20.117333559958983
1433000	-4197.364574449747	-4185.546484914825	-11.818089534922244	-4185.546484914825	14.8281119184476	26.736482125255666	0.9434676084503174	0.2569072961968094	0.5105723421912195	2.23252036161196	0.2569072961968094	0.5105723421912195	2.23252036161196	0.23828006644189392	0.006372489852668401	2.399972636632011E-6	0.24123877046311037	0.006598999232775362	1.0547852729929124	-16.53860011452134
1434000	-4227.464978505523	-4214.223751357728	-13.241227147794048	-4214.223751357728	15.248449853924146	28.97306781293583	0.9434676084503174	0.2569072961968094	0.5105723421912195	2.23252036161196	0.2569072961968094	0.5105723421912195	2.23252036161196	0.23462923154070642	0.005366587396944926	1.5722107282000168E-6	0.2329869361756907	0.005366727853894689	1.3530494863605964	-19.07599188715152
1435000	-4090.0618242621526	-4126.407279343059	36.3454550809062	-4126.407279343059	14.840031573823515	25.578181559194554	0.9434676084503174	0.2569072961968094	0.5105723421912195	2.23252036161196	0.2569072961968094	0.5105723421912195	2.23252036161196	0.07673029678258561	0.0031049099795618833	4.187311761456494E-8	0.06569950307934476	0.0031681098969445986	0.6911801359408843	-13.67841340166435
1436000	-4175.135967855835	-4165.843938559178	-9.292029296656779	-4165.843938559178	14.957424096574607	29.229267615728368	0.9434676084503174	0.2569072961968094	0.5105723421912195	2.23252036161196	0.2569072961968094	0.5105723421912195	2.23252036161196	0.1921251669757892	0.004359674988246362	7.427009588569195E-7	0.19241614007848057	0.004434973028612901	0.7303552918852828	-19.93730390629961
1437000	-4137.175779393282	-4113.742032976045	-23.433746417236968	-4113.742032976045	19.545361127148	42.07548942273938	0.9434676084503174	0.2569072961968094	0.5105723421912195	2.23252036161196	0.2569072961968094	0.5105723421912195	2.23252036161196	0.1998604260869584	0.0012592334303291217	9.602251498007895E-8	0.23719902155420483	0.0013244371649611241	1.0939548420233682	-29.966955478665167
1438000	-4155.324175994089	-4142.239329651861	-13.084846342227893	-4142.239329651861	15.237680281945762	39.61679059564744	0.9434676084503174	0.2569072961968094	0.5105723421912195	2.23252036161196	0.2569072961968094	0.5105723421912195	2.23252036161196	0.14358843518134737	0.003938800135453213	3.9046967660939215E-7	0.15905438217789905	0.0038244682555291397	2.1072045689228442	-31.580047230186725
1439000	-4156.7527456863745	-4121.5057382532805	-35.24700743309449	-4121.5057382532805	15.555050349620144	34.27295604307511	0.9434676084503174	0.21483954345417794	0.552640094933851	2.23252036161196	0.21483954345417794	0.552640094933851	2.23252036161196	0.3691053659016709	0.005151735606787095	3.6742775941182042E-6	0.34366669411575235	0.0056502682198683995	1.7174059392684256	-26.650460814048408
1440000	-4201.230410267901	-4173.768881964946	-27.461528302955642	-4173.768881964946	14.950668551521508	39.42034079301509	0.9434676084503174	0.21483954345417794	0.552640094933851	2.23252036161196	0.21483954345417794	0.552640094933851	2.23252036161196	0.2413425256308156	0.003641325316697563	7.973083470772894E-7	0.2345242552365213	0.003916191725807738	2.2926303560367174	-32.81303783170936
1441000	-4094.0255674845534	-4076.5159841800305	-17.509583304522735	-4076.5159841800305	15.10090520316063	38.78069079350209	0.9434676084503174	0.21483954345417794	0.552640094933851	2.23252036161196	0.21483954345417794	0.552640094933851	2.23252036161196	0.1617466084400268	0.0015039849130011292	6.860374255124399E-8	0.1761433422052699	0.0015208777613894345	2.1203700776992234	-32.82118297026249
1442000	-4300.394557970553	-4266.004844563107	-34.38971340744598	-4266.004844563107	14.994751533850376	38.412337664616615	0.9434676084503174	0.21483954345417794	0.552640094933851	2.23252036161196	0.21483954345417794	0.552640094933851	2.23252036161196	0.2688265456880861	0.00245976576894586	5.179223162622923E-7	0.2898730726768476	0.002427100856178696	2.3398134202732135	-32.984886745069346
1443000	-4498.206842468412	-4467.030339052833	-31.176503415578644	-4467.030339052833	20.05772771937359	43.615102402344974	0.9434676084503174	1.0478207492882838	0.552640094933851	1.399539155777854	1.0478207492882838	0.552640094933851	1.399539155777854	0.2562273982573623	0.008542953201833629	3.984865565195169E-6	0.23945201659067253	0.00785078693166657	1.8190934398396659	-30.518834392130632
1444000	-4259.225754284544	-4230.614961449294	-28.610792835249228	-4230.614961449294	15.729716137583043	35.66001197637794	0.9434676084503174	1.0478207492882838	0.552640094933851	1.399539155777854	1.0478207492882838	0.552640094933851	1.399539155777854	0.2509982081206431	0.0033710915012079077	1.0868297352437508E-6	0.2894534944067495	0.003762948525414932	1.6792812295258952	-28.340150704447407
1445000	-4112.111254447251	-4098.9180319913075	-13.193222455943012	-4098.9180319913075	15.776773668647687	34.00445153841767	0.9434676084503174	1.0478207492882838	0.552640094933851	1.399539155777854	1.0478207492882838	0.552640094933851	1.399539155777854	0.15873959767226825	0.0038503239830222297	5.571098649427961E-7	0.19037737350134043	0.003941610659319452	1.8997174357421795	-26.376001481692153
1446000	-4329.493844334306	-4302.574780040007	-26.919064294299165	-4302.574780040007	14.515414822035854	26.351786941257814	0.9434676084503174	1.0478207492882838	1.9047904413707408	0.047388809340964344	1.0478207492882838	1.9047904413707408	0.047388809340964344	0.3027839652539952	0.010984570735608606	1.7107667394218246E-5	0.33958112568966864	0.011757559837990761	0.7421639851727002	-14.210094695959198
1447000	-4086.8474232482145	-4086.326408959186	-0.5210142890283871	-4086.326408959186	14.543090837165947	28.40215195860325	0.9434676084503174	1.0478207492882838	1.9047904413707408	0.047388809340964344	1.0478207492882838	1.9047904413707408	0.047388809340964344	0.14489632723036514	0.009057775677204918	1.9718334605847095E-6	0.15613131268990718	0.008878487507375212	1.2105730717956575	-19.009829386465828
1448000	-3952.227334012128	-3954.25501506311	2.0276810509823706	-3954.25501506311	14.609133474467761	30.031257721642508	0.9434676084503174	0.055116504407713984	2.66335479350162	0.28152870209065506	0.055116504407713984	2.66335479350162	0.28152870209065506	0.09978491145870497	0.0027201520928934885	1.1845370296950077E-7	0.12496358634739985	0.0027308470061155788	1.6064906990787498	-23.728957456641705
1449000	-3877.2982398592517	-3846.8232249546886	-30.475014904562908	-3846.8232249546886	15.961349691560905	34.65030605367196	0.9434676084503174	0.055116504407713984	2.66335479350162	0.28152870209065506	0.055116504407713984	2.66335479350162	0.28152870209065506	0.27701950529145974	0.0015169342659108226	1.8219611269797848E-7	0.27258405852435547	0.0014344694210830008	1.809142633542393	-26.695399746102474
1450000	-3929.0892823273416	-3913.0523866472663	-16.0368956800753	-3913.0523866472663	15.813374501667782	35.22505196399813	0.9434676084503174	0.055116504407713984	2.66335479350162	0.28152870209065506	0.055116504407713984	2.66335479350162	0.28152870209065506	0.2064241076595827	0.003938475428562174	6.221848318136146E-7	0.1984563250551488	0.003995863133628032	1.4823710873207014	-27.497780609469373
1451000	-3932.6719372248413	-3900.8767232270116	-31.795213997829652	-3900.8767232270116	14.935475412599429	29.876545279061986	0.9434676084503174	0.055116504407713984	2.66335479350162	0.28152870209065506	0.055116504407713984	2.66335479350162	0.28152870209065506	0.30823476275408446	0.005381424557432856	2.83647313881401E-6	0.3207819389684715	0.004843570109959707	1.0752681802187536	-21.734717474512117
1452000	-3992.792654963819	-3974.1050325687884	-18.687622395030683	-3974.1050325687884	17.892730376721033	44.384961206646416	0.9434676084503174	0.055116504407713984	2.66335479350162	0.28152870209065506	0.055116504407713984	2.66335479350162	0.28152870209065506	0.21197855912718905	0.002721294133339471	2.2504291479719053E-7	0.1743277789730297	0.0027964209314581255	1.4979966535481735	-34.54586173153909
1453000	-4169.636205574394	-4141.794586592753	-27.84161898164092	-4141.794586592753	14.354785489556194	33.633871025308565	0.9434676084503174	0.055116504407713984	2.66335479350162	0.28152870209065506	0.055116504407713984	2.66335479350162	0.28152870209065506	0.22538108058530004	0.007940984720631959	3.933849656619559E-6	0.2566351450947914	0.00817341918051973	2.0184636488012715	-29.807082361328042
1454000	-4272.452758114006	-4215.755836184959	-56.69692192904807	-4215.755836184959	15.082635062997525	36.84203422435713	0.9434676084503174	0.055116504407713984	2.66335479350162	0.28152870209065506	0.055116504407713984	2.66335479350162	0.28152870209065506	0.4817176845980888	0.009945918294612235	3.388130077802988E-5	0.504539159949286	0.010689481315111278	1.8090558037296032	-30.500986545202423
1455000	-4124.237041835586	-4128.299564022118	4.062522186532104	-4128.299564022118	14.341057431110203	31.19634159354853	0.9434676084503174	0.055116504407713984	2.66335479350162	0.28152870209065506	0.055116504407713984	2.66335479350162	0.28152870209065506	0.1374532338249253	0.006466854609913899	5.921405704320363E-7	0.11867378819447219	0.0065517315709890285	1.6995877569843225	-24.898183490827574
1456000	-3996.1002693952623	-3953.9149612930537	-42.18530810220883	-3953.9149612930537	15.882612366120995	45.27012043518306	0.9434676084503174	0.055116504407713984	2.66335479350162	0.28152870209065506	0.055116504407713984	2.66335479350162	0.28152870209065506	0.31534347710829913	0.001237169461579499	1.1847166873195668E-7	0.2989358243918053	0.0010748269654219603	2.2082292196171975	-36.34756330533048
1457000	-4077.0940757568123	-4067.337906751455	-9.756169005357258	-4067.337906751455	15.490496281677347	40.28363257469418	0.9434676084503174	0.03553736891276049	2.6829339289965732	0.28152870209065506	0.03553736891276049	2.6829339289965732	0.28152870209065506	0.15047726036373474	0.0012011061859094985	3.31070240750411E-8	0.1500543576527959	0.0012299693737474592	2.2246972789900745	-32.86255296942402
1458000	-4120.59568419267	-4114.749536635366	-5.846147557303638	-4114.749536635366	20.533491820556637	56.52485404061222	0.9434676084503174	0.03553736891276049	2.6829339289965732	0.28152870209065506	0.03553736891276049	2.6829339289965732	0.28152870209065506	0.11943013218753536	0.0023236569998079048	5.102577095009052E-8	0.09667414333990389	0.002360804784099654	4.865319668460837	-41.66670028180527
1459000	-4127.312024193376	-4087.586144091122	-39.72588010225397	-4087.586144091122	16.493488531094236	48.44636171416075	0.9434676084503174	0.03553736891276049	2.6829339289965732	0.28152870209065506	0.03553736891276049	2.6829339289965732	0.28152870209065506	0.22461675419580174	0.00228399079421074	3.300051823661714E-7	0.25479185624059786	0.0023157898553952685	2.087666792257162	-42.82866737768791
1460000	-4031.180736178343	-4003.214933923515	-27.965802254827818	-4003.214933923515	18.068950785480542	48.8155537461924	0.9434676084503174	0.03553736891276049	2.6829339289965732	0.28152870209065506	0.03553736891276049	2.6829339289965732	0.28152870209065506	0.16869336202392055	0.0050003128597694724	7.841376130585315E-7	0.18107557881348857	0.004736341507360005	3.7330605832637294	-39.286258927524216
1461000	-4124.101396157509	-4055.9616606963937	-68.1397354611157	-4055.9616606963937	19.69391524593681	77.2686146222153	0.9434676084503174	0.03553736891276049	2.6829339289965732	0.28152870209065506	0.03553736891276049	2.6829339289965732	0.28152870209065506	0.4246192626899271	0.001140697512486019	1.8635425477148036E-7	0.3881344363813863	0.001246410579170305	5.061823376601912	-58.4585202213083
1462000	-4329.7826073060505	-4304.92738372695	-24.85522357910044	-4304.92738372695	23.503544098768973	72.66640267823843	0.9434676084503174	0.03553736891276049	1.910242694387697	1.0542199366995315	0.03553736891276049	1.910242694387697	1.0542199366995315	0.1411027571493753	4.367895204117407E-4	3.2304900261738786E-9	0.1364666979572537	4.0562889504497184E-4	3.899681218750153	-50.301968647694466
1463000	-4297.439304831543	-4189.304007376315	-108.13529745522833	-4189.304007376315	37.01398015486987	124.67033909486409	0.9434676084503174	0.03553736891276049	1.910242694387697	1.0542199366995315	0.03553736891276049	1.910242694387697	1.0542199366995315	0.7126461347286127	5.879554078070391E-4	3.186223334006648E-7	0.8697003447550212	5.651657490137629E-4	10.840692395799387	-63.7007083254537
1464000	-3998.0815217381864	-3949.862075828866	-48.21944590932037	-3949.862075828866	29.170692340291286	93.03767856377566	0.9434676084503174	0.03553736891276049	1.910242694387697	1.0542199366995315	0.03553736891276049	1.910242694387697	1.0542199366995315	0.18959113572794214	0.0010393183399816303	5.437773170329849E-8	0.22279621859427057	0.0010776714315389147	5.225881309165864	-55.78051124242281
1465000	-4190.753422684636	-4139.166192047379	-51.58723063725701	-4139.166192047379	20.629975247194892	64.77832033313108	0.9434676084503174	0.03553736891276049	1.8694159342164154	1.0950466968708132	0.03553736891276049	1.8694159342164154	1.0950466968708132	0.2268833352932353	0.0030267030767149325	6.750075051041061E-7	0.2611462120567233	0.0031165433274562113	9.92432222770207	-52.63235428424993
1466000	-4226.347783726278	-4200.572918474851	-25.77486525142755	-4200.572918474851	17.571593626730802	61.988191404711095	0.9434676084503174	0.03553736891276049	1.8694159342164154	1.0950466968708132	0.03553736891276049	1.8694159342164154	1.0950466968708132	0.15471887396026127	0.00219162485082744	9.01791883375666E-8	0.13401943810308375	0.002293772789622799	5.699306236166527	-50.10523580585424
1467000	-4091.7798361616806	-4015.4039337033864	-76.375902458294	-4015.4039337033864	33.972971234344584	146.13340249630554	0.9434676084503174	0.03553736891276049	1.8694159342164154	1.0950466968708132	0.03553736891276049	1.8694159342164154	1.0950466968708132	0.3424386547898584	3.841383086068349E-4	8.292181269983722E-9	0.24380427037795435	3.58925642113741E-4	12.513529399701453	-71.29310855444284
1468000	-4086.6072132370714	-4038.081719246237	-48.525493990834505	-4038.081719246237	21.8513067935585	75.64677228073889	0.9434676084503174	0.03553736891276049	1.8694159342164154	1.0950466968708132	0.03553736891276049	1.8694159342164154	1.0950466968708132	0.2631730064243261	0.0021546103227601822	2.75443038900273E-7	0.2654751887614339	0.0021154405309021075	5.291699674075465	-52.574788595926265
1469000	-4170.62750099427	-4119.847977458301	-50.77952353596947	-4119.847977458301	16.297617601822132	57.18591554890613	0.9434676084503174	0.03553736891276049	1.8694159342164154	1.0950466968708132	0.03553736891276049	1.8694159342164154	1.0950466968708132	0.26488008756809556	0.0025402312391786547	8.917413469809203E-7	0.32572853072982894	0.002945771409945078	4.127367711545738	-46.93415626069716
1470000	-4089.2476421591923	-4046.8949485169533	-42.35269364223907	-4046.8949485169533	20.383887400746964	76.52434993988842	0.9434676084503174	0.41331079217370986	1.8694159342164154	0.7172732736098639	0.41331079217370986	1.8694159342164154	0.7172732736098639	0.16697869922669534	0.001233807274998782	5.2492128348056187E-8	0.18904800740128175	0.0012077117863956593	6.2331854993247795	-54.88224019791112
1471000	-4046.76575030577	-4037.61167095236	-9.154079353409905	-4037.61167095236	15.861610609009436	52.63653716180153	0.9434676084503174	0.41331079217370986	1.8694159342164154	0.7172732736098639	0.41331079217370986	1.8694159342164154	0.7172732736098639	0.11540663795349684	0.0018106441386662952	3.557570684670789E-8	0.10320788975516931	0.0018568543320484627	4.442428767733634	-44.086861519026805
1472000	-3960.4430975574287	-3926.652523152575	-33.79057440485371	-3926.652523152575	16.14430882620337	32.33407960289298	0.40648785103269197	0.03490658129737251	1.8694159342164154	1.0956774844862012	0.03490658129737251	1.8694159342164154	1.0956774844862012	0.36950783108249424	0.0021927491232481555	5.133067618222079E-7	0.3346387421685891	0.002167051771661406	1.6095834012525947	-23.954673729737063
1473000	-4243.945188707752	-4205.116035475203	-38.82915323254909	-4205.116035475203	18.494083265236824	36.82576931532596	0.40648785103269197	0.03490658129737251	1.8694159342164154	1.0956774844862012	0.03490658129737251	1.8694159342164154	1.0956774844862012	0.4347666381176105	0.005367263080658152	4.57901370861367E-6	0.4120121012141965	0.006283050125945921	0.9589317263659243	-24.90937445132046
1474000	-3928.2030450391453	-3902.78810553589	-25.414939503255592	-3902.78810553589	15.705167721493236	36.66973340417079	0.40648785103269197	0.03490658129737251	1.8694159342164154	1.0956774844862012	0.03490658129737251	1.8694159342164154	1.0956774844862012	0.20029051701363668	0.0029280548494881706	4.313179738057516E-7	0.22214471408274386	0.0027683346663656978	1.3634953695014802	-27.40133006396545
1475000	-4029.7405038007596	-4017.9614459975114	-11.779057803248204	-4017.9614459975114	15.43188810763924	25.573981405875063	0.40648785103269197	0.03490658129737251	1.8694159342164154	1.0956774844862012	0.03490658129737251	1.8694159342164154	1.0956774844862012	0.21729491095072903	0.0028943716959769264	4.500829355783765E-7	0.22412434313491533	0.002785159086374049	0.7488275460595885	-12.976162824825812
1476000	-4132.66434202578	-4105.071054805332	-27.59328722044767	-4105.071054805332	15.13458878775474	30.895132807987675	0.40648785103269197	0.03490658129737251	1.8694159342164154	1.0956774844862012	0.03490658129737251	1.8694159342164154	1.0956774844862012	0.3603494084556251	0.0018819137727978516	5.61503240418102E-7	0.3920219795713597	0.0018779991579353738	1.0103907667404106	-21.25851312051904
1477000	-4072.104144456585	-4055.642146417541	-16.461998039043827	-4055.642146417541	14.551426088673304	26.217223863719394	0.40648785103269197	0.03490658129737251	1.8694159342164154	1.0956774844862012	0.03490658129737251	1.8694159342164154	1.0956774844862012	0.23069060206601685	0.008056270459951722	4.855952096543696E-6	0.263612610324927	0.007959655368548865	0.4939212832793582	-15.678844177157119
1478000	-4008.2683735825894	-3983.122872399868	-25.145501182721762	-3983.122872399868	14.526761751642235	21.53746319142337	0.40648785103269197	0.03490658129737251	2.619939020024567	0.34515439867804965	0.03490658129737251	2.619939020024567	0.34515439867804965	0.4738787934026931	0.009495353108697367	3.341010231173576E-5	0.5874469633994942	0.01039042044660871	0.393206525448796	-4.572690187866036
1479000	-4038.190959827125	-4030.4333092873526	-7.757650539772185	-4030.4333092873526	15.039625280927151	21.993602304415894	0.40648785103269197	0.03490658129737251	2.619939020024567	0.34515439867804965	0.03490658129737251	2.619939020024567	0.34515439867804965	0.22610540953438876	0.008772616716800853	6.1070251091829384E-6	0.27923872085844453	0.00855981876729705	0.434108643247678	-4.15243239085677
1480000	-4211.998626758545	-4227.2875183090355	15.288891550490712	-4227.2875183090355	16.1070710338525	29.324186906803405	0.16544399641713256	0.37995401479491553	1.6942548415116763	0.9257911436933973	0.37995401479491553	1.6942548415116763	0.9257911436933973	0.13954145181474725	0.005747394007431301	3.0169340739140865E-7	0.09802956076227477	0.005948763145969123	0.9250876710434182	-17.003501025504345
1481000	-4056.7020739354834	-3984.0340794847893	-72.66799445069425	-3984.0340794847893	22.698753801537453	54.30801300355774	0.16544399641713256	0.37995401479491553	1.6942548415116763	0.9257911436933973	0.37995401479491553	1.6942548415116763	0.9257911436933973	0.6554481168601253	0.002242556082130091	2.7985633642567178E-6	0.6933138758405614	0.002330626076874548	2.311450463549429	-36.3192098919294
1482000	-4147.3611769897225	-4081.963036343009	-65.39814064671314	-4081.963036343009	15.170849204713337	50.134055966966095	0.32353535160419344	0.37995401479491553	1.6942548415116763	0.9257911436933973	0.37995401479491553	1.6942548415116763	0.9257911436933973	0.3594356647445651	0.004372998536000279	4.292752606714716E-6	0.45045834320337125	0.004537859576292551	4.371723332810629	-44.955088062578895
1483000	-4115.984343106505	-4090.586054558854	-25.398288547650992	-4090.586054558854	23.40609095181152	61.86571338704975	0.32353535160419344	0.37995401479491553	1.6942548415116763	0.9257911436933973	0.37995401479491553	1.6942548415116763	0.9257911436933973	0.20923749617389534	0.0020013519570992724	1.1605085002247025E-7	0.17440600038522996	0.0019254929057801078	3.058761493048534	-41.00871851200411
1484000	-4049.2004256035057	-3995.5963293089967	-53.604096294509105	-3995.5963293089967	22.604427895493433	62.62431495280977	0.32353535160419344	0.37995401479491553	1.6942548415116763	0.9257911436933973	0.37995401479491553	1.6942548415116763	0.9257911436933973	0.33795799772966323	0.002449850425479341	9.772858674265895E-7	0.36383442548354383	0.002847506990686762	4.0651619781976125	-43.0858662948576
1485000	-4001.7837306669107	-3978.2088214564674	-23.574909210443494	-3978.2088214564674	18.72478451734531	61.059319670392156	0.32353535160419344	0.37995401479491553	1.6942548415116763	0.9257911436933973	0.37995401479491553	1.6942548415116763	0.9257911436933973	0.1187716429200768	0.001932275534647853	7.648720215072928E-8	0.13937278271985626	0.0020018945416113982	4.425455741757033	-46.41163834469442
1486000	-3972.5582444030047	-3953.917335683089	-18.640908719915917	-3953.917335683089	15.35493904158848	57.54793016137073	0.32353535160419344	0.37995401479491553	1.6942548415116763	0.9257911436933973	0.37995401479491553	1.6942548415116763	0.9257911436933973	0.13304991289074955	0.002855215757616426	1.1409672076767897E-7	0.1176616483995242	0.002845402608160311	3.5422061433333654	-48.42609073476185
1487000	-3998.77781923448	-3985.7761148669447	-13.00170436753505	-3985.7761148669447	19.9660064381115	68.74623779292246	0.17851949430137867	0.37995401479491553	2.517696504006199	0.10234948119887466	0.37995401479491553	2.517696504006199	0.10234948119887466	0.11787201727934905	0.0026035731770602645	5.903976003987375E-8	0.0934649907104178	0.0026289788632690805	5.519904146142541	-50.022792927553326
1488000	-3828.12243098702	-3778.2478743688775	-49.8745566181424	-3778.2478743688775	18.968262243699552	54.768203395041695	0.7627563456668244	0.37995401479491553	2.517696504006199	0.10234948119887466	0.37995401479491553	2.517696504006199	0.10234948119887466	0.3039508430032403	0.002108763245254601	5.531578191075331E-7	0.3461030144813112	0.002180328349387757	3.5833554765995994	-41.56927110164698
1489000	-3889.376040483267	-3857.845178503159	-31.530861980108238	-3857.845178503159	23.584150954831735	64.70772530457565	0.7627563456668244	0.37995401479491553	2.517696504006199	0.10234948119887466	0.37995401479491553	2.517696504006199	0.10234948119887466	0.19835721202919246	0.00333198042565859	4.924296457314873E-7	0.19750375928493522	0.0037301437669670814	4.0912823865759504	-43.01676500398612
1490000	-3926.454375421987	-3894.5614527421567	-31.89292267983037	-3894.5614527421567	29.18922601423617	96.2399393919789	0.7627563456668244	0.37995401479491553	1.7090835878184605	0.9109623973866131	0.37995401479491553	1.7090835878184605	0.9109623973866131	0.13323459988928835	9.685257201438676E-4	1.5454296994725932E-8	0.13313394714354015	9.130776634910839E-4	7.669961772134926	-57.26552993787822
1491000	-4187.197315734157	-4116.947612984368	-70.24970274978925	-4116.947612984368	15.097207236199235	51.954224640617426	0.7627563456668244	0.37995401479491553	1.7090835878184605	0.9109623973866131	0.37995401479491553	1.7090835878184605	0.9109623973866131	0.5024313328044628	0.003587115787840034	2.057428910194766E-6	0.4218577752382617	0.0029734367932952965	4.507385646129127	-45.12539613111035
1492000	-4144.688543457138	-4113.700808634363	-30.987734822774748	-4113.700808634363	15.93214661435865	37.29152421831975	0.7627563456668244	0.37995401479491553	2.290781384227863	0.32926460097721066	0.37995401479491553	2.290781384227863	0.32926460097721066	0.22783701318268523	0.012065957552290538	8.047372556644537E-6	0.23979166658319512	0.011734369908480936	3.277083193271716	-33.05078624390424
1493000	-4132.051715150739	-4114.368426020669	-17.683289130069866	-4114.368426020669	14.574529169025624	26.897546670195823	0.7627563456668244	0.37995401479491553	2.290781384227863	0.32926460097721066	0.37995401479491553	2.290781384227863	0.32926460097721066	0.2771247732715366	0.019737730989687726	2.6991940703643633E-5	0.25382598004354673	0.020514881915472623	1.300919182819918	-17.433197503233664
1494000	-3894.994585536144	-3911.0528563025437	16.058270766399577	-3911.0528563025437	14.361501667970273	23.25965595144003	0.7627563456668244	0.9420878320259224	1.728647566996856	0.32926460097721066	0.9420878320259224	1.728647566996856	0.32926460097721066	0.12547230350927446	0.008908808958856675	1.1408116412300515E-6	0.12012994959527772	0.008706925091660071	0.9975300968262193	-13.01496034702683
1495000	-4020.933297703482	-4022.4013585451276	1.468060841645614	-4022.4013585451276	14.613203587037814	21.120216765306843	0.7627563456668244	0.9420878320259224	1.728647566996856	0.32926460097721066	0.9420878320259224	1.728647566996856	0.32926460097721066	0.2495850138957284	0.005243588392714758	1.750038890008673E-6	0.25506931162278274	0.005263857176119814	0.32648667097790857	-1.8300667075377601
1496000	-4042.952696381326	-4046.794626998106	3.8419306167800635	-4046.794626998106	14.733037945072875	27.92831517121286	0.7627563456668244	0.9420878320259224	1.728647566996856	0.32926460097721066	0.9420878320259224	1.728647566996856	0.32926460097721066	0.12140836480208053	0.010080589146303713	1.943918517523364E-6	0.13987149668975415	0.01036726868231271	1.0250603915389962	-18.358782831214423
1497000	-4001.174913126402	-4000.6881452897965	-0.48676783660557543	-4000.6881452897965	17.44036673534115	29.256761851417586	0.7627563456668244	0.9420878320259224	1.728647566996856	0.32926460097721066	0.9420878320259224	1.728647566996856	0.32926460097721066	0.19412708386725566	0.005302838587149687	8.827125537454753E-7	0.18147956460639317	0.005346127206542017	0.5454164429257387	-15.198712633338257
1498000	-3942.507170233173	-3917.307439448595	-25.19973078457808	-3917.307439448595	14.558405720693077	28.87554952456975	0.7627563456668244	0.40269832405334594	2.2680370749694325	0.32926460097721066	0.40269832405334594	2.2680370749694325	0.32926460097721066	0.3350142572958245	0.004500351327974808	2.1490308411108474E-6	0.34917069565030784	0.00425661697870135	0.7436144235192969	-21.137462300871107
1499000	-3915.510403146455	-3885.4935175491655	-30.01688559728947	-3885.4935175491655	15.689428594494634	32.551156347885936	0.7627563456668244	0.40269832405334594	2.2680370749694325	0.32926460097721066	0.40269832405334594	2.2680370749694325	0.32926460097721066	0.29912504550037267	0.005530404174872722	2.844950550444089E-6	0.3005640487764413	0.005566197888306466	1.6959466186046581	-22.74314289185861
1500000	-3853.1599935679064	-3813.253237182538	-39.90675638536842	-3813.253237182538	16.08755258187098	39.302172438505785	0.7627563456668244	0.40269832405334594	2.2680370749694325	0.32926460097721066	0.40269832405334594	2.2680370749694325	0.32926460097721066	0.29949088681354996	0.006127182405348118	4.031005173363096E-6	0.3346483371268418	0.005638252928761987	1.683989827677762	-30.980808229157585
