#
#model:
#
#<?xml version="1.0" encoding="UTF-8" standalone="no"?><input id="posterior" spec="beast.base.inference.CompoundDistribution">
#    <distribution id="prior" spec="beast.base.inference.CompoundDistribution">
#        <distribution id="BayesianSkyline.t:HRTV_S_BEAST" spec="beast.base.evolution.tree.coalescent.BayesianSkyline">
#            <parameter dimension="5" id="bPopSizes.t:HRTV_S_BEAST" lower="0.0" name="popSizes" spec="beast.base.inference.parameter.RealParameter">380.0</parameter>
#            <groupSizes dimension="5" id="bGroupSizes.t:HRTV_S_BEAST" spec="beast.base.inference.parameter.IntegerParameter">1</groupSizes>
#            <treeIntervals id="BSPTreeIntervals.t:HRTV_S_BEAST" spec="beast.base.evolution.tree.TreeIntervals">
#                <tree id="Tree.t:HRTV_S_BEAST" spec="beast.base.evolution.tree.Tree">
#                    <trait id="dateTrait.t:HRTV_S_BEAST" spec="beast.base.evolution.tree.TraitSet" traitname="date" value="HRTV-23_T_S_2019=2019,HRTV-26_T_S_2019=2019,HRTV-404_T_S_2021=2021,HRTV-100_T_S_2022=2022,HRTV-187_T_S_2022=2022,HRTV-056F_T_S_2023=2023,HRTV-504_T_S_2019=2019,HRTV-432R_T_S_2023=2023,HRTV-642T_T_S_2023=2023,JX005843_H_S_MO_2009=2009,OQ688983.1_T_S_MO_2012=2012,OQ688989.1_T_S_MO_2012=2012,OQ688986.1_T_S_KS_2015=2015,OQ688993.1_H_S_OK_2017=2017,MZ440341_T_S_NY_2018=2018,MZ440344_T_S_NY_2018=2018,NC_024496_H_S_MO_2009=2009,KJ740146_H_S_TN_2013=2013,OQ688998.1_H_S_KY_2017=2017,OQ689001.1_H_S_MO_2017=2017">
#                        <taxa id="TaxonSet.HRTV_S_BEAST" spec="beast.base.evolution.alignment.TaxonSet">
#                        </taxa>
#                    </trait>
#                    <taxonset idref="TaxonSet.HRTV_S_BEAST"/>
#                </tree>
#            </treeIntervals>
#        </distribution>
#        <distribution id="MarkovChainedPopSizes.t:HRTV_S_BEAST" parameter="@bPopSizes.t:HRTV_S_BEAST" shape="1.5" spec="beast.base.inference.distribution.MarkovChainDistribution" useLogNormal="true"/>
#        <prior id="ORCRatePriorDistribution.c:HRTV_S_BEAST" name="distribution">
#            <parameter dimension="38" id="ORCRates.c:HRTV_S_BEAST" lower="1.0E-100" name="x" spec="beast.base.inference.parameter.RealParameter">0.5</parameter>
#            <LogNormal id="LogNormalDistributionModel.0" meanInRealSpace="true" name="distr">
#                <parameter estimate="false" id="RealParameter.2" name="M" spec="beast.base.inference.parameter.RealParameter">1.0</parameter>
#                <parameter id="ORCsigma.c:HRTV_S_BEAST" lower="0.0" name="S" spec="beast.base.inference.parameter.RealParameter">0.2</parameter>
#            </LogNormal>
#        </prior>
#        <prior id="ORCsigmaPrior.c:HRTV_S_BEAST" name="distribution" x="@ORCsigma.c:HRTV_S_BEAST">
#            <Gamma id="Gamma.0" name="distr">
#                <parameter estimate="false" id="RealParameter.3" name="alpha" spec="beast.base.inference.parameter.RealParameter">5.0</parameter>
#                <parameter estimate="false" id="RealParameter.4" name="beta" spec="beast.base.inference.parameter.RealParameter">0.05</parameter>
#            </Gamma>
#        </prior>
#        <prior id="ORCucldMeanPrior.c:HRTV_S_BEAST" name="distribution">
#            <parameter id="ORCucldMean.c:HRTV_S_BEAST" name="x" spec="beast.base.inference.parameter.RealParameter">0.0016226</parameter>
#            <Gamma id="Gamma.1" name="distr">
#                <alpha id="Function$Constant.1" spec="beast.base.core.Function$Constant" value="0.1"/>
#                <beta id="Function$Constant.2" spec="beast.base.core.Function$Constant" value="100.0"/>
#            </Gamma>
#        </prior>
#        <prior id="Standard_TPM3_rates_prior.s:HRTV_S_BEAST" name="distribution">
#            <parameter dimension="3" id="TPM3rates.s:HRTV_S_BEAST" lower="0.0" name="x" spec="beast.base.inference.parameter.RealParameter">1.0 1.0 1.0</parameter>
#            <distr id="Dirichlet.0" spec="beast.base.inference.distribution.Dirichlet">
#                <alpha id="Function$Constant.0" spec="beast.base.core.Function$Constant" value="1.0 1.0 1.0"/>
#            </distr>
#        </prior>
#        <prior id="PropInvariantPrior.s:HRTV_S_BEAST" name="distribution">
#            <parameter id="proportionInvariant.s:HRTV_S_BEAST" lower="0.0" name="x" spec="beast.base.inference.parameter.RealParameter" upper="1.0">0.769</parameter>
#            <Uniform id="Uniform.2" name="distr"/>
#        </prior>
#    </distribution>
#    <distribution id="likelihood" spec="beast.base.inference.CompoundDistribution" useThreads="true">
#        <distribution data="@HRTV_S_BEAST" id="treeLikelihood.HRTV_S_BEAST" spec="beast.base.evolution.likelihood.ThreadedTreeLikelihood" tree="@Tree.t:HRTV_S_BEAST">
#            <siteModel id="SiteModel.s:HRTV_S_BEAST" proportionInvariant="@proportionInvariant.s:HRTV_S_BEAST" spec="beast.base.evolution.sitemodel.SiteModel">
#                <parameter estimate="false" id="mutationRate.s:HRTV_S_BEAST" lower="0.0" name="mutationRate" spec="beast.base.inference.parameter.RealParameter">1.0</parameter>
#                <parameter estimate="false" id="gammaShape.s:HRTV_S_BEAST" lower="0.1" name="shape" spec="beast.base.inference.parameter.RealParameter">1.0</parameter>
#                <substModel id="Standard_TPM3.s:HRTV_S_BEAST" rates="@TPM3rates.s:HRTV_S_BEAST" spec="substmodels.nucleotide.TPM3"/>
#            </siteModel>
#            <branchRateModel clock.rate="@ORCucldMean.c:HRTV_S_BEAST" id="OptimisedRelaxedClock.c:HRTV_S_BEAST" rates="@ORCRates.c:HRTV_S_BEAST" spec="beast.base.evolution.branchratemodel.UCRelaxedClockModel" tree="@Tree.t:HRTV_S_BEAST">
#                <LogNormal S="@ORCsigma.c:HRTV_S_BEAST" id="ORCLogNormalDistributionModel.c:HRTV_S_BEAST" meanInRealSpace="true" name="distr">
#                    <parameter estimate="false" id="RealParameter.1" name="M" spec="beast.base.inference.parameter.RealParameter">1.0</parameter>
#                </LogNormal>
#            </branchRateModel>
#        </distribution>
#    </distribution>
#</input>
#
Sample	posterior	likelihood	prior	treeLikelihood	Tree.height	Tree.treeLength	proportionInvariant	RateAC-Standard_TPM3	RateAG-Standard_TPM3	RateAT-Standard_TPM3	RateCG-Standard_TPM3	RateCT-Standard_TPM3	RateGT-Standard_TPM3	ORCsigma	ORCRatesStat.mean	ORCRatesStat.variance	ORCRatesStat.coefficientOfVariation	ORCucldMean	BayesianSkyline	bPopSizes.1	bPopSizes.2	bPopSizes.3	bPopSizes.4	bPopSizes.5	bGroupSizes.1	bGroupSizes.2	bGroupSizes.3	bGroupSizes.4	bGroupSizes.5
0	-20439.19881904479	-4762.780463648387	-15676.418355396403	-4762.780463648387	5.08594940484991E307	Infinity	0.8259709435949318	1.1069469442736632	1.195721233087537	0.6973318226387968	1.1069469442736632	1.195721233087537	0.6973318226387968	0.24331006157541135	0.0	0.0	0.0	6.064369422863435E-309	-13478.88233942999	2.885813140143727E307	3.1897549566107695E307	4.658899057860398E307	6.042403728223013E307	2.2071629958354442E307	5	3	2	4	5
1000	-20416.56573059502	-4805.663693300506	-15610.902037294514	-4805.663693300506	1.828201431887295E307	8.311727574088629E307	0.8259709435949318	1.1882928650501576	1.1143753123110427	0.6973318226387968	1.1882928650501576	1.1143753123110427	0.6973318226387968	0.06635217036388609	2.43711910232888E-309	0.0	0.0	2.38864883339007E-309	-13457.648333294033	1.4210217208591944E307	1.206055588239912E307	1.377395129563116E307	4.927066835509169E307	6.155972235945155E307	10	1	5	1	2
2000	-20248.392929761583	-4595.938186989477	-15652.454742772106	-4595.938186989477	3.590492341887594E307	Infinity	0.8259709435949318	1.280144264136975	1.0225239132242254	0.6973318226387968	1.280144264136975	1.0225239132242254	0.6973318226387968	0.1765529759346429	0.0	0.0	0.0	1.269257241540863E-309	-13470.701989067707	3.165865813808811E307	1.235460258989625E307	2.413327868771397E307	2.1740750133509155E307	1.0351358501337515E307	7	4	3	3	2
3000	-20137.124849859378	-4453.646316916028	-15683.47853294335	-4453.646316916028	8.513204953737825E307	Infinity	0.8259709435949318	1.280144264136975	1.0225239132242254	0.6973318226387968	1.280144264136975	1.0225239132242254	0.6973318226387968	0.23495532918941184	0.0	0.0	0.0	1.22139527215798E-309	-13488.223383242967	8.703648736796737E307	3.116875265894207E307	4.3876624538111536E307	5.27929606307581E307	2.6682654461409326E307	7	3	4	2	3
4000	-20251.713768226473	-4566.080336382958	-15685.633431843517	-4566.080336382958	3.5424950006909394E307	Infinity	0.8259709435949318	1.280144264136975	1.0225239132242254	0.6973318226387968	1.280144264136975	1.0225239132242254	0.6973318226387968	0.32333746062424534	0.0	0.0	0.0	3.0032110350496E-309	-13480.236989386058	1.2356318828571822E308	6.126370464250591E307	4.1603765522325514E307	4.0466620776306513E307	2.979513174285606E307	2	3	7	5	2
5000	-20672.88742528079	-5006.017361660975	-15666.870063619815	-5006.017361660975	2.7093066130603653E307	1.6456796594525802E308	0.8259709435949318	0.9048407480886749	1.2423106515368982	0.852848600374424	0.9048407480886749	1.2423106515368982	0.852848600374424	0.18680153311762074	1.121917792477558E-308	0.0	0.0	1.01478732442205E-308	-13474.053240209003	3.3660782188926697E307	1.6941702424711832E307	2.859303658673043E307	2.767978525529545E307	3.542541205792884E307	2	1	6	7	3
6000	-20405.18650924977	-4769.444185970961	-15635.742323278808	-4769.444185970961	1.4392136057966067E307	9.942629425269202E307	0.8259709435949318	0.9048407480886749	1.2423106515368982	0.852848600374424	0.9048407480886749	1.2423106515368982	0.852848600374424	0.12950260566711697	8.6224678694119E-309	0.0	0.0	8.300945135797087E-309	-13464.302124466272	1.0633040723029556E308	1.2394469877105005E308	2.759843083380545E307	1.7440419804336588E307	1.5628435452062166E307	1	1	4	11	2
7000	-20433.127615680027	-4743.992998930254	-15689.134616749774	-4743.992998930254	4.959687784096151E307	Infinity	0.8259709435949318	0.862993616013587	1.2423106515368982	0.8946957324495118	0.862993616013587	1.2423106515368982	0.8946957324495118	0.26832494059243733	0.0	0.0	0.0	4.45431868149857E-310	-13479.219914230864	1.6342043582995681E308	3.1291359346018874E307	5.236655611024157E307	7.335059264686403E307	1.6284727375206944E307	2	3	4	7	3
8000	-20211.875953195973	-4499.680097242042	-15712.195855953929	-4499.680097242042	5.113084212510215E307	Infinity	0.8259709435949318	0.862993616013587	1.2423106515368982	0.8946957324495118	0.862993616013587	1.2423106515368982	0.8946957324495118	0.39550231219705834	0.0	0.0	0.0	1.617685057373305E-309	-13483.825156132283	1.4627923163999539E308	1.2589163979804413E308	1.027362152010392E308	3.9311522953395186E307	4.631669481958411E307	6	1	5	3	4
9000	-20489.63658605378	-4787.042320674478	-15702.594265379303	-4787.042320674478	4.1563677843540065E307	Infinity	0.8259709435949318	0.862993616013587	1.2423106515368982	0.8946957324495118	0.862993616013587	1.2423106515368982	0.8946957324495118	0.33906446280015784	0.0	0.0	0.0	1.46726383463961E-309	-13491.141447928132	1.728761676702005E308	3.2572733404897726E307	8.345214960043509E307	8.157427037511176E307	5.524707594353232E307	2	1	8	3	5
10000	-20469.761705992634	-4827.451488850478	-15642.310217142156	-4827.451488850478	3.2494411773508197E307	Infinity	0.8259709435949318	0.862993616013587	1.2423106515368982	0.8946957324495118	0.862993616013587	1.2423106515368982	0.8946957324495118	0.09280306977883575	0.0	0.0	0.0	4.59680541661694E-310	-13480.467298758009	1.728761676702005E308	1.705583409991647E308	1.4095175310738992E308	5.458112847507376E307	3.8296507625315247E307	1	3	4	1	10
11000	-20181.46606389125	-4549.319173816567	-15632.146890074682	-4549.319173816567	1.213160719281454E307	6.470840973529896E307	0.8177528475699428	0.9470062003142797	1.1582980672362055	0.8946957324495118	0.9470062003142797	1.1582980672362055	0.8946957324495118	0.14884495022036187	1.475323462034923E-309	0.0	0.0	1.511370642683616E-309	-13452.493519301248	7.576049241316058E307	3.007351293147445E307	2.7116674664161267E307	1.9457973869116095E307	8.678123399238473E306	2	1	5	1	10
12000	-20063.95696029478	-4465.782722236553	-15598.174238058227	-4465.782722236553	5.0763132283553527E306	3.2802454046875803E307	0.8177528475699428	1.1833623117631382	1.121836729259492	0.694800958977367	1.1833623117631382	1.121836729259492	0.694800958977367	0.11921480902023793	1.3466705651367366E-308	0.0	0.0	1.377489612808385E-308	-13439.856528941144	4.729872745352545E307	1.5528697768706457E307	7.782312098215313E306	5.939649893048557E306	4.5783826633176506E306	1	2	5	5	6
13000	-20177.42435456568	-4537.612021603918	-15639.812332961763	-4537.612021603918	7.252804553238016E306	3.841028388694354E307	0.8177528475699428	1.1833623117631382	1.121836729259492	0.694800958977367	1.1833623117631382	1.121836729259492	0.694800958977367	0.2642701473016293	2.6746503056904305E-308	0.0	0.0	2.577666475605189E-308	-13444.276393828572	1.1568437236256311E307	1.3052570930589528E307	4.7485693244570404E306	3.475236177797943E306	3.0522052167404056E306	5	3	1	3	7
14000	-20029.998233166516	-4351.338602611132	-15678.659630555383	-4351.338602611132	1.9473338758883026E307	1.2383327144710056E308	0.8177528475699428	1.0938204556795508	1.121836729259492	0.7843428150609545	1.0938204556795508	1.121836729259492	0.7843428150609545	0.43244725640758097	5.4359906619939E-309	0.0	0.0	5.954155420399934E-309	-13465.309049699907	1.2817211905335948E308	3.940822515859146E307	4.815567392953745E307	1.4105659173906312E307	1.1714212505836087E307	2	6	1	1	9
15000	-20651.117788775893	-4975.150327412351	-15675.967461363543	-4975.150327412351	2.197787025751058E307	1.2091504711836677E308	0.8177528475699428	0.9805471982120294	1.121836729259492	0.8976160725284759	0.9805471982120294	1.121836729259492	0.8976160725284759	0.3164312592036722	4.699586303016663E-309	0.0	0.0	4.6321488226521E-309	-13464.38267750351	7.58820412064256E307	2.0612968423826738E307	1.9310994171845072E307	1.6457243833181853E307	1.4300961510197604E307	8	1	1	5	4
16000	-20354.00614084226	-4684.18067530799	-15669.825465534268	-4684.18067530799	3.901486133173726E307	Infinity	0.8177528475699428	1.119294512986382	0.9830894144851392	0.8976160725284759	1.119294512986382	0.9830894144851392	0.8976160725284759	0.2827094321107486	0.0	0.0	0.0	2.12212735471522E-309	-13473.02498259882	1.4456091237447401E308	8.075431073771373E307	3.62732512980376E307	2.0664453532523187E307	2.0932451049170836E307	2	2	3	3	9
17000	-20261.67026023233	-4598.850230733479	-15662.820029498851	-4598.850230733479	3.1020982500199367E307	1.6421894563950904E308	0.8177528475699428	0.8563869338225589	1.2459969936489623	0.8976160725284759	0.8563869338225589	1.2459969936489623	0.8976160725284759	0.24012090169032702	6.8955610301664E-309	0.0	0.0	7.289693994305007E-309	-13471.748059342659	7.903375993682852E307	4.3456588455409277E307	2.9986240705799497E307	1.9200138545990067E307	1.6555249544349986E307	1	2	7	1	8
18000	-20513.606605736626	-4858.161575234642	-15655.445030501982	-4858.161575234642	3.22591582327512E307	1.5762541578914599E308	0.8177528475699428	0.8563869338225589	1.2009554313828485	0.9426576347945897	0.8563869338225589	1.2009554313828485	0.9426576347945897	0.20565783097620724	5.1698870951495E-310	0.0	0.0	4.8951891989331E-310	-13468.957736615153	3.4783016907223787E307	2.901031715265681E307	2.247137609057274E307	3.3326879993244877E307	2.927641952215833E307	2	1	5	4	7
19000	-20580.905169989575	-4944.169721955781	-15636.735448033794	-4944.169721955781	7.117518634299512E307	Infinity	0.8177528475699428	0.20978754150232665	1.5801447789858494	1.2100676795118213	0.20978754150232665	1.5801447789858494	1.2100676795118213	0.12409905516015925	0.0	0.0	0.0	5.83970370215381E-309	-13464.711334930866	1.3797613710740203E307	7.203320976500545E306	6.201818707983976E306	2.320823658463183E307	3.708946414060544E307	2	5	1	7	4
20000	-20519.74704000527	-4842.55126468166	-15677.19577532361	-4842.55126468166	1.6807604105096988E308	Infinity	0.8177528475699428	0.20978754150232665	1.5801447789858494	1.2100676795118213	0.20978754150232665	1.5801447789858494	1.2100676795118213	0.24597885988840096	0.0	0.0	0.0	9.203457174142E-310	-13484.486982706587	1.2047878353917036E308	6.068170274616079E307	3.844477879649243E307	2.707455294552264E307	1.0675218522304838E308	4	2	2	9	2
21000	-20374.94206756612	-4676.537005331818	-15698.405062234302	-4676.537005331818	9.75873835314713E307	Infinity	0.8177528475699428	0.20978754150232665	1.5801447789858494	1.2100676795118213	0.20978754150232665	1.5801447789858494	1.2100676795118213	0.26364488430263094	0.0	0.0	0.0	4.44190582673156E-310	-13490.21210853696	1.5296825489222712E308	7.576066130001127E307	4.0303094156393153E307	1.1972199879548838E308	1.52562213118158E308	3	3	3	5	5
22000	-20335.313992537733	-4701.773439766723	-15633.54055277101	-4701.773439766723	1.224459284580197E308	Infinity	0.8177528475699428	0.16839894172561876	1.6215333787625572	1.2100676795118213	0.16839894172561876	1.6215333787625572	1.2100676795118213	0.08308034448796013	0.0	0.0	0.0	1.33950647226698E-309	-13478.540457585472	1.3501166531884328E308	5.08519756725317E307	2.4809197024489356E307	4.662833793481519E307	5.921123153923372E307	1	2	6	7	3
23000	-20274.657951700432	-4612.426489659944	-15662.231462040489	-4612.426489659944	9.026176247905436E307	Infinity	0.8177528475699428	0.16839894172561876	1.6215333787625572	1.2100676795118213	0.16839894172561876	1.6215333787625572	1.2100676795118213	0.18021524131503486	0.0	0.0	0.0	2.77783890095117E-310	-13480.329534929051	9.526016171484344E307	6.683151284696283E307	1.840283195535113E307	1.0021421188734976E308	1.7490091122903362E308	4	1	9	1	4
24000	-20665.00659385896	-4989.373447142316	-15675.633146716647	-4989.373447142316	3.402447252626513E307	Infinity	0.8177528475699428	0.3909379540474025	1.3989943664407736	1.2100676795118213	0.3909379540474025	1.3989943664407736	1.2100676795118213	0.3252262808049511	0.0	0.0	0.0	1.4437671553356E-310	-13478.580608426806	1.2855576148068507E308	4.670343887110831E307	3.4880417754095417E307	5.511579807259362E307	2.2052691405120247E307	1	10	1	1	6
25000	-20064.523883238475	-4440.937254193434	-15623.586629045041	-4440.937254193434	1.4135512413484995E307	7.292249437226584E307	0.8177528475699428	0.3909379540474025	1.3989943664407736	1.2100676795118213	0.3909379540474025	1.3989943664407736	1.2100676795118213	0.13405050965798912	1.14153675881932E-309	0.0	0.0	1.130654320811863E-309	-13454.76151535602	6.540984209473132E307	2.632639868196388E307	1.1908268974082923E307	1.009986751053601E307	1.0391733944754271E307	1	5	2	5	6
26000	-20347.71011334506	-4670.893028334795	-15676.817085010263	-4670.893028334795	1.2173398848964728E307	7.557896806423385E307	0.8177528475699428	0.3909379540474025	1.3989943664407736	1.2100676795118213	0.3909379540474025	1.3989943664407736	1.2100676795118213	0.4536191608038563	5.291154680130226E-309	0.0	0.0	5.04036884104207E-309	-13460.4667489331	3.836748207910475E307	2.9739268232142017E307	2.343022617007248E307	2.5977335032635627E307	1.719677136203293E307	6	2	4	2	5
27000	-20045.428282596295	-4437.223034674559	-15608.205247921736	-4437.223034674559	9.036952080959621E306	5.999731934769311E307	0.8177528475699428	0.3909379540474025	1.832181118924038	0.7768809270285568	0.3909379540474025	1.832181118924038	0.7768809270285568	0.07650870520258744	5.0451338332093E-309	0.0	0.0	4.941500408193937E-309	-13453.795987670437	1.535775619138163E307	1.1579910564663672E307	1.3845670481963896E307	1.539619812740304E307	4.7411920833940385E306	8	2	2	2	5
28000	-20083.884861188933	-4444.653463206821	-15639.231397982114	-4444.653463206821	8.104006731973802E306	5.387761389779221E307	0.8177528475699428	0.3909379540474025	1.832181118924038	0.7768809270285568	0.3909379540474025	1.832181118924038	0.7768809270285568	0.28198943493883355	6.66024267420717E-310	0.0	0.0	6.9839422046864E-310	-13450.422067256908	5.138266122433339E307	3.0827222410953227E307	2.8100652433991927E307	1.0761772730199429E307	3.062416068057652E306	1	2	4	4	8
29000	-20650.208735396278	-5009.296040155964	-15640.912695240315	-5009.296040155964	1.0403218311315438E307	7.010827331020297E307	0.8177528475699428	0.41228595822303216	1.832181118924038	0.7555329228529273	0.41228595822303216	1.832181118924038	0.7555329228529273	0.20187105340034522	2.7312532283407235E-308	0.0	0.0	2.786365940802413E-308	-13457.58485885973	4.1686030784164924E307	3.263168694241708E307	3.7012619262303165E307	1.41349423044505E307	8.841729303795623E306	1	7	1	2	8
30000	-20297.985443709484	-4636.813217369213	-15661.172226340272	-4636.813217369213	1.8858514240503606E307	1.1330860635001238E308	0.8177528475699428	0.41228595822303216	1.832181118924038	0.7555329228529273	0.41228595822303216	1.832181118924038	0.7555329228529273	0.3135824284696201	7.4270711452744E-310	0.0	0.0	7.5706936549017E-310	-13467.0543641715	4.90265308302405E307	2.157400419667852E307	4.251517748593315E307	1.438640564022647E307	1.1749508000309173E307	5	1	4	7	2
31000	-20647.245426124122	-4978.761937531404	-15668.483488592716	-4978.761937531404	2.999067782310388E307	1.0244568613099822E308	0.8177528475699428	0.41228595822303216	1.832181118924038	0.7555329228529273	0.41228595822303216	1.832181118924038	0.7555329228529273	0.31778153720433455	8.45456278061353E-310	0.0	0.0	8.1393672522504E-310	-13454.581232538178	9.85539567002037E307	2.1945804880117322E307	1.3542126904869656E307	1.161031762509106E307	1.4117607754472137E307	1	1	11	4	2
32000	-20160.402066568415	-4526.454841796743	-15633.947224771671	-4526.454841796743	9.460247931512565E306	6.937850727400202E307	0.8177528475699428	0.41228595822303216	1.832181118924038	0.7555329228529273	0.41228595822303216	1.832181118924038	0.7555329228529273	0.1592918326759678	1.18580251734035E-309	0.0	0.0	1.262748258983975E-309	-13459.490035585992	2.5273788161722473E307	2.345816919631348E307	2.4389943290157063E307	1.9670527594588725E307	9.665187947031498E306	1	1	2	5	10
33000	-20243.122155805333	-4591.726372551297	-15651.395783254036	-4591.726372551297	4.540892117104484E307	1.6650858600109174E308	0.8177528475699428	0.41228595822303216	1.832181118924038	0.7555329228529273	0.41228595822303216	1.832181118924038	0.7555329228529273	0.22261961387321488	1.08181469533195E-309	0.0	0.0	1.097828406742324E-309	-13465.643073461186	1.5810196455538817E307	2.983968570414715E307	1.8112347250325503E307	1.9670527594588725E307	2.267256213493858E307	1	4	6	2	6
34000	-20387.307340539748	-4728.226972647567	-15659.08036789218	-4728.226972647567	9.230311180363248E307	Infinity	0.8177528475699428	0.9566472814173724	1.5928440039323348	0.4505087146502902	0.9566472814173724	1.5928440039323348	0.4505087146502902	0.16480343668933164	0.0	0.0	0.0	1.51887745017934E-309	-13475.67107706697	4.093177619629381E307	4.549521246837972E307	4.631465619749678E307	4.671991599902642E307	1.0191944208720943E308	3	7	2	5	2
35000	-20091.351716535413	-4436.880607506131	-15654.471109029282	-4436.880607506131	1.482478960929742E307	7.110718711595193E307	0.8177528475699428	0.5209119994721148	2.0285792858775924	0.4505087146502902	0.5209119994721148	2.0285792858775924	0.4505087146502902	0.28294406248595594	6.05704445735365E-309	0.0	0.0	6.170730008526714E-309	-13456.757050236312	4.143820407696297E307	3.093932588850768E307	1.1203659653357228E307	1.1587321155357464E307	3.817197356285702E306	3	5	7	2	2
36000	-19930.30935130536	-4327.072109959858	-15603.237241345501	-4327.072109959858	4.2102918430551255E306	2.66637794930318E307	0.8177528475699428	0.5209119994721148	2.0285792858775924	0.4505087146502902	0.5209119994721148	2.0285792858775924	0.4505087146502902	0.12819939540140587	1.210662641721616E-308	0.0	0.0	1.242149973938475E-308	-13436.16263128262	3.6470480376066404E307	1.1763171807946502E307	5.2498758677875434E306	3.518586683121377E306	1.0370996050011546E306	4	1	1	11	2
37000	-20123.273472228466	-4530.313671512977	-15592.959800715487	-4530.313671512977	1.0617605872525938E306	1.6838971660927362E307	0.8177528475699428	0.5209119994721148	2.0285792858775924	0.4505087146502902	0.5209119994721148	2.0285792858775924	0.4505087146502902	0.20045050024441244	1.498090072715169E-308	0.0	0.0	1.5420398724656063E-308	-13410.400013551862	4.088955390588449E307	1.1661095557960656E307	3.401428250605402E306	1.3407556152780146E306	6.063033451058427E305	3	1	1	4	10
38000	-20037.684966666526	-4414.90149628393	-15622.783470382596	-4414.90149628393	1.2932802604537792E306	2.0625436302270488E307	0.8177528475699428	0.5209119994721148	1.3569167640108195	1.122171236517063	0.5209119994721148	1.3569167640108195	1.122171236517063	0.3305740471231876	2.230006253077528E-308	0.0	0.0	2.203096727438314E-308	-13410.857825266736	5.012025897923747E307	8.832922462255352E306	7.268897221375605E305	3.70559339764022E305	1.2893634362902898E305	4	1	3	3	8
39000	-20177.70976524052	-4648.871067855457	-15528.838697385065	-4648.871067855457	2.8364793018804656E305	4.504235705540122E306	0.8177528475699428	0.5209119994721148	1.3569167640108195	1.122171236517063	0.5209119994721148	1.3569167640108195	1.122171236517063	0.1374569316396306	3.0061538760318606E-308	0.0	0.0	3.02703901540626E-308	-13372.704303957511	7.221057888699494E306	9.729580033548185E305	3.195570251305937E305	5.908153951446202E304	3.7387967015608073E304	4	1	3	7	4
40000	-20074.48947639802	-4501.261421791189	-15573.228054606832	-4501.261421791189	4.419544291169872E305	6.943795900175194E306	0.8177528475699428	0.5209119994721148	1.8144053689222115	0.6646826316056711	0.5209119994721148	1.8144053689222115	0.6646826316056711	0.26947375625763165	4.560800562274655E-308	0.0	0.0	4.510851381859749E-308	-13381.803427329643	8.11949222582654E306	6.3316735592081546E305	1.4557743684102651E305	8.818545171343963E304	5.259857205766119E304	4	1	7	3	4
41000	-20103.98966651643	-4503.20831789206	-15600.78134862437	-4503.20831789206	9.388848267396648E305	1.5289626427474566E307	0.8177528475699428	0.5209119994721148	2.324897317953553	0.15419068257432977	0.5209119994721148	2.324897317953553	0.15419068257432977	0.306956900937561	6.322894862368286E-308	0.0	0.0	6.765478842437234E-308	-13408.840240500866	1.1632281181102036E307	2.846651599295283E306	3.3982519449831084E305	5.006962218997819E304	5.902505437158923E304	3	7	1	4	4
42000	-19838.877834804127	-4221.979555320053	-15616.898279484074	-4221.979555320053	1.492427068433088E306	2.1527231936550803E307	0.8177528475699428	0.2441133883660953	2.324897317953553	0.4309892936803492	0.2441133883660953	2.324897317953553	0.4309892936803492	0.25745816160440976	8.616120798512043E-309	0.0	0.0	8.92131020401185E-309	-13425.685402110032	3.189533879471619E307	8.413205493992315E306	2.9811962654107296E306	8.962067898720795E305	3.4633646945138096E305	3	7	2	1	6
43000	-20247.29331761825	-4612.962079376349	-15634.3312382419	-4612.962079376349	1.627323061597243E306	1.2520673502867314E307	0.8177528475699428	0.2441133883660953	2.324897317953553	0.4309892936803492	0.2441133883660953	2.324897317953553	0.4309892936803492	0.4222966389869145	5.54246302078477E-308	0.0	0.0	5.4475788445004235E-308	-13421.623065239655	2.2291394857731912E307	7.883387795886374E306	3.5861173172444786E306	1.1417037226747955E306	3.0179433696399488E305	1	9	2	1	6
44000	-20108.313802477787	-4506.829569890424	-15601.484232587361	-4506.829569890424	1.1580542469811124E306	8.040170591825526E306	0.8177528475699428	0.2441133883660953	2.324897317953553	0.4309892936803492	0.2441133883660953	2.324897317953553	0.4309892936803492	0.21651936419763845	1.03839801051994E-307	0.0	0.0	1.0346779667453935E-307	-13416.234746624636	8.535029334684996E306	6.870863176856572E306	2.270807693305627E306	1.2742330704578277E306	4.163286255496645E305	5	2	2	3	7
45000	-20077.12509062791	-4451.067037587394	-15626.058053040517	-4451.067037587394	1.3891420608802424E306	1.16890924631156E307	0.8177528475699428	0.2441133883660953	2.6586054147571945	0.09728119687670772	0.2441133883660953	2.6586054147571945	0.09728119687670772	0.2544666982100367	7.031811939494647E-308	0.0	0.0	7.008485750698292E-308	-13426.186949001467	5.145898905182413E306	4.784767205474773E306	3.3062243955426655E306	2.8198485002896816E306	1.4510337439480232E306	4	2	5	6	2
46000	-20102.6424942769	-4516.082940300379	-15586.559553976524	-4516.082940300379	2.1674276230103928E306	1.1002062298811832E307	0.8177528475699428	0.2441133883660953	2.6586054147571945	0.09728119687670772	0.2441133883660953	2.6586054147571945	0.09728119687670772	0.12795848577539623	1.998285901027345E-308	0.0	0.0	1.930935679383965E-308	-13417.291865017809	7.010943126472361E306	1.2631295642114031E306	8.599261610209774E305	3.179296361847944E306	9.441334048341127E305	5	4	5	4	1
47000	-20280.33841852376	-4704.218924703316	-15576.119493820444	-4704.218924703316	3.3385483929089764E306	1.4545792410963547E307	0.8177528475699428	0.2441133883660953	2.6586054147571945	0.09728119687670772	0.2441133883660953	2.6586054147571945	0.09728119687670772	0.08869613314828781	1.924955083922726E-308	0.0	0.0	1.949417529410238E-308	-13421.931834595393	8.361236421513655E306	2.1060027158054967E306	2.0524473280789557E306	2.7133032653597923E306	2.3189740529254E306	5	3	6	4	1
48000	-20239.94610268931	-4616.253634137609	-15623.692468551704	-4616.253634137609	2.3336461337803343E306	2.1066772156207467E307	0.8177528475699428	0.2441133883660953	2.6586054147571945	0.09728119687670772	0.2441133883660953	2.6586054147571945	0.09728119687670772	0.22901699161177205	2.5120081285259603E-308	0.0	0.0	2.540874926217916E-308	-13432.656488553435	8.638381531179974E306	1.1455312885535799E307	3.9639733364688806E306	1.2687426977070223E306	3.2068458357798113E305	2	4	10	1	2
49000	-20251.490066226972	-4603.764953544449	-15647.725112682525	-4603.764953544449	5.626526328898985E306	3.45358966358756E307	0.8177528475699428	0.2441133883660953	2.6586054147571945	0.09728119687670772	0.2441133883660953	2.6586054147571945	0.09728119687670772	0.3250260074147363	1.339255492831401E-308	0.0	0.0	1.2077077822880335E-308	-13439.117820844875	2.1619393132194667E307	6.688798310891246E306	3.9639733364688806E306	3.335076466128396E306	2.925058836129989E306	3	5	8	1	2
50000	-20201.205809596275	-4516.652902691021	-15684.552906905254	-4516.652902691021	2.2832151618501977E307	1.0071817245188589E308	0.8177528475699428	0.2441133883660953	2.6586054147571945	0.09728119687670772	0.2441133883660953	2.6586054147571945	0.09728119687670772	0.5769392530927946	1.3737709311039957E-308	0.0	0.0	1.161276450560541E-308	-13451.835163525107	6.10742241282015E307	7.110793113902125E307	2.5279951204720894E307	3.8213060198072917E306	9.669299111557792E306	2	1	2	9	5
51000	-20106.438934233305	-4463.68923279171	-15642.749701441595	-4463.68923279171	1.263839511535955E307	7.039803402123188E307	0.8177528475699428	0.2441133883660953	2.6586054147571945	0.09728119687670772	0.2441133883660953	2.6586054147571945	0.09728119687670772	0.21346028870091907	1.159837936606306E-308	0.0	0.0	1.1635951729461275E-308	-13454.764329939924	8.667710010694426E307	5.259529904310516E307	4.692279999397793E307	1.733995393106749E307	6.509203778307417E306	1	2	2	2	12
52000	-20456.077036389855	-4781.416382651239	-15674.660653738616	-4781.416382651239	3.3634129757895504E307	1.3284187238079128E308	0.8177528475699428	0.2441133883660953	2.6586054147571945	0.09728119687670772	0.2441133883660953	2.6586054147571945	0.09728119687670772	0.38577224357764367	9.40153264349127E-310	0.0	0.0	9.31274609964917E-310	-13464.589466011073	1.0354554830079888E308	3.8467789528174583E307	3.3085409120331743E307	1.3449016355702949E307	1.1428360261134115E307	1	7	2	7	2
53000	-20394.7644781731	-4750.58810336599	-15644.176374807112	-4750.58810336599	7.525795283893481E307	Infinity	0.8177528475699428	0.2441133883660953	2.6586054147571945	0.09728119687670772	0.2441133883660953	2.6586054147571945	0.09728119687670772	0.12975588951589384	0.0	0.0	0.0	3.050552485143433E-309	-13480.090972596749	3.0724351942595056E307	2.684495255418127E307	3.755761915172518E307	3.1109640261090765E307	2.1064597695373605E307	2	7	6	1	3
54000	-20294.53185899661	-4623.25629663189	-15671.275562364719	-4623.25629663189	2.2293865819192282E307	Infinity	0.8177528475699428	0.2441133883660953	2.6586054147571945	0.09728119687670772	0.2441133883660953	2.6586054147571945	0.09728119687670772	0.27350703139397686	0.0	0.0	0.0	1.551308369588887E-309	-13476.753096084609	1.143999562634431E308	7.461518277722051E307	3.9666893104736404E307	3.05699964709599E307	2.43700443864452E307	5	3	1	5	5
55000	-20174.4903448146	-4535.558714960671	-15638.931629853929	-4535.558714960671	8.288669365025711E307	Infinity	0.8177528475699428	0.2441133883660953	2.6586054147571945	0.09728119687670772	0.2441133883660953	2.6586054147571945	0.09728119687670772	0.06672582016274257	0.0	0.0	0.0	1.922387113641126E-309	-13486.190892618517	1.1866882862951536E308	1.0381007393790415E308	1.0411906721528128E308	3.2521567803352145E307	3.2864223137610344E307	2	7	3	5	2
56000	-19959.88989419364	-4269.539832433183	-15690.350061760455	-4269.539832433183	3.0100261489056976E307	Infinity	0.8177528475699428	0.2441133883660953	2.6586054147571945	0.09728119687670772	0.2441133883660953	2.6586054147571945	0.09728119687670772	0.29020919927224276	0.0	0.0	0.0	2.05178923484463E-309	-13479.30819454823	1.7861425125994793E308	1.1810708990776692E308	7.882072014834901E307	5.965856642886273E307	2.287287632436788E307	4	2	1	6	6
57000	-19859.891934944866	-4170.774780868354	-15689.117154076512	-4170.774780868354	1.7959319044268953E307	1.5526430586352093E308	0.8177528475699428	0.2441133883660953	2.6586054147571945	0.09728119687670772	0.2441133883660953	2.6586054147571945	0.09728119687670772	0.3661772513717887	2.833909690370914E-309	0.0	0.0	2.61516445308232E-309	-13475.006460180077	5.44747719584608E307	8.914363056077669E307	4.564810060539612E307	6.294756355194034E307	3.1206679668417976E307	1	3	1	5	9
58000	-20113.686091264422	-4417.569156864652	-15696.11693439977	-4417.569156864652	6.902652559741075E307	Infinity	0.8177528475699428	0.2441133883660953	2.6586054147571945	0.09728119687670772	0.2441133883660953	2.6586054147571945	0.09728119687670772	0.27702312831435566	0.0	0.0	0.0	8.5915027374753E-310	-13493.668931313128	1.7743493289420443E308	1.2056964044894889E308	1.3046564020102513E308	1.4084747618686897E308	4.4469483585216666E307	2	1	9	2	5
59000	-20047.25210719432	-4345.781206186468	-15701.470901007851	-4345.781206186468	9.183050206495078E307	Infinity	0.8177528475699428	0.2441133883660953	2.6586054147571945	0.09728119687670772	0.2441133883660953	2.6586054147571945	0.09728119687670772	0.2832438531624849	0.0	0.0	0.0	5.4430950631415E-310	-13496.527090576237	8.486225268948591E307	1.2056964044894889E308	6.663447816486233E307	5.58352862390828E307	3.1554408663980724E307	8	3	2	3	3
60000	-20100.77595708287	-4446.242200172359	-15654.533756910514	-4446.242200172359	5.613799897431035E307	Infinity	0.8177528475699428	0.2441133883660953	2.6586054147571945	0.09728119687670772	0.2441133883660953	2.6586054147571945	0.09728119687670772	0.11884887567910789	0.0	0.0	0.0	5.7697950222538E-309	-13481.250968011758	1.157658202982E308	1.0706304000740187E308	6.209349432341025E307	4.123714306623162E307	3.7295467578707677E307	2	2	4	6	5
61000	-20437.36233494461	-4729.64078210097	-15707.721552843639	-4729.64078210097	5.187200804674602E307	Infinity	0.8177528475699428	0.2441133883660953	2.6586054147571945	0.09728119687670772	0.2441133883660953	2.6586054147571945	0.09728119687670772	0.34316596444233205	0.0	0.0	0.0	1.25246527010308E-309	-13487.06595691777	5.793918488206359E307	8.321220370796373E307	1.12055911876589E308	7.361853811844333E307	9.029072126506204E307	4	7	4	2	2
62000	-20151.270176994076	-4446.239695991675	-15705.030481002399	-4446.239695991675	4.818472855879722E307	Infinity	0.8177528475699428	0.2441133883660953	2.6586054147571945	0.09728119687670772	0.2441133883660953	2.6586054147571945	0.09728119687670772	0.34076313648238193	0.0	0.0	0.0	1.251616416977834E-309	-13488.512391924463	1.4564353088762635E308	1.3023687876283474E308	1.12055911876589E308	6.911670570512952E307	1.8786499831730218E307	3	4	5	5	2
63000	-20186.88986771953	-4474.399108647049	-15712.49075907248	-4474.399108647049	3.254251547433442E307	Infinity	0.8177528475699428	0.11776680858559607	1.8466040289476549	1.0356291624667466	0.11776680858559607	1.8466040289476549	1.0356291624667466	0.49194208360310393	0.0	0.0	0.0	1.220188238655526E-309	-13480.915362641746	8.550477391860736E307	8.017507889279627E307	1.0292187347617661E308	5.92264753959463E307	1.9524029453603686E307	3	2	1	7	6
64000	-19960.593066586545	-4281.3455430305885	-15679.247523555958	-4281.3455430305885	5.368463983593702E307	Infinity	0.8177528475699428	0.11776680858559607	1.8466040289476549	1.0356291624667466	0.11776680858559607	1.8466040289476549	1.0356291624667466	0.24030170081499383	0.0	0.0	0.0	3.98062697788943E-310	-13488.324322929979	1.7726433602901775E308	1.4104285140598063E308	4.0370563885132337E307	2.5933734749541557E307	1.3379199317905985E307	4	1	6	3	5
65000	-20286.721830256625	-4626.840916940791	-15659.880913315834	-4626.840916940791	2.1759022946065098E307	1.2849906904648229E308	0.8177528475699428	0.11776680858559607	1.8466040289476549	1.0356291624667466	0.11776680858559607	1.8466040289476549	1.0356291624667466	0.16308571888821163	1.967278661681525E-309	0.0	0.0	2.06688733423646E-309	-13469.379055751197	4.068623800992162E307	1.9231425459641273E307	2.175419194765485E307	2.049641780348306E307	1.7304134180929797E307	4	1	6	7	1
66000	-20190.22161178702	-4501.833839707853	-15688.387772079168	-4501.833839707853	1.0478501867964902E308	Infinity	0.8177528475699428	0.11776680858559607	1.8466040289476549	1.0356291624667466	0.11776680858559607	1.8466040289476549	1.0356291624667466	0.23319348736935694	0.0	0.0	0.0	9.45677104008227E-310	-13488.156307576352	1.0688599797641708E308	1.441176975194913E308	3.6717766944184005E307	8.462854309793415E307	7.682094350699195E307	2	9	6	1	1
67000	-20202.066501185713	-4538.509006804872	-15663.557494380842	-4538.509006804872	4.708588270009594E307	Infinity	0.8177528475699428	0.11776680858559607	2.2270594578220764	0.6551737335923252	0.11776680858559607	2.2270594578220764	0.6551737335923252	0.15618972513521648	0.0	0.0	0.0	4.2254411014144E-310	-13483.397378446673	1.1832927580116935E308	5.586722081862673E307	5.839071397164793E307	8.79755558084272E307	3.5335788698196283E307	2	9	3	4	1
68000	-19975.070649047902	-4311.598850242715	-15663.471798805187	-4311.598850242715	2.1956864627679057E307	1.5516458390027164E308	0.8177528475699428	0.11776680858559607	2.2270594578220764	0.6551737335923252	0.11776680858559607	2.2270594578220764	0.6551737335923252	0.22849231439028658	6.255343502056163E-309	0.0	0.0	6.13189478143194E-309	-13470.61629616283	6.493372075762104E307	7.750960123451169E307	3.3724333891063493E307	1.241030999839665E307	1.1291321147821112E307	4	4	4	6	1
69000	-20030.521431591435	-4360.29155988128	-15670.229871710153	-4360.29155988128	4.533791945774306E307	Infinity	0.8177528475699428	0.11776680858559607	2.655252703133407	0.2269804882809947	0.11776680858559607	2.655252703133407	0.2269804882809947	0.1712703818849574	0.0	0.0	0.0	3.18635542947395E-310	-13486.477575355615	1.5695004627982879E308	1.4494455740858246E308	7.599698962062961E307	5.301682250206487E307	1.398366975637769E307	3	4	5	2	5
70000	-20024.618780942037	-4361.333609821346	-15663.28517112069	-4361.333609821346	1.7853315535453492E307	1.3717086227543253E308	0.8177528475699428	0.11776680858559607	2.655252703133407	0.2269804882809947	0.11776680858559607	2.655252703133407	0.2269804882809947	0.19376497470441947	2.498155011423714E-309	0.0	0.0	2.421483091255894E-309	-13473.734651064337	1.3815248911723108E308	1.447392433826022E308	4.886321539332252E307	2.163741539460678E307	2.280148768542174E307	3	2	4	5	5
71000	-19999.18835558215	-4315.296233430238	-15683.892122151914	-4315.296233430238	3.2261433909148424E307	Infinity	0.8177528475699428	0.4463121484307057	1.776663696709404	0.7770241548598881	0.4463121484307057	1.776663696709404	0.7770241548598881	0.25623382039584375	0.0	0.0	0.0	9.36196070047417E-310	-13484.55575655947	1.6879049563729798E308	6.690136621164071E307	2.449109585162614E307	1.777691008939824E307	2.8075198194740225E307	7	2	4	1	5
72000	-20278.245479350735	-4641.635831671439	-15636.609647679297	-4641.635831671439	9.631273416522803E306	1.0282774391956819E308	0.8177528475699428	0.4463121484307057	0.9442507372744533	1.6094371142948387	0.4463121484307057	0.9442507372744533	1.6094371142948387	0.16235920713956226	7.13919791137615E-309	0.0	0.0	6.973618624958507E-309	-13461.893908644895	6.632734433992543E307	1.346288258475181E307	1.5259322342227327E307	1.139651113983518E307	8.501085599344558E306	4	4	5	2	4
73000	-20184.97063976473	-4569.083319612469	-15615.887320152264	-4569.083319612469	1.1604374575932648E307	6.472963010378912E307	0.8177528475699428	0.4463121484307057	1.4990241191596678	1.0546637324096242	0.4463121484307057	1.4990241191596678	1.0546637324096242	0.08859933984493948	1.922248175428146E-308	0.0	0.0	1.928257128586922E-308	-13451.130514710458	7.405574666190465E307	3.0135208010094987E307	2.0925584607404741E307	2.902377198768065E307	8.530964947702615E306	4	1	1	1	12
74000	-20237.70449949285	-4609.327945909212	-15628.376553583641	-4609.327945909212	2.292378669865409E307	1.066556251982723E308	0.8177528475699428	0.4463121484307057	1.4990241191596678	1.0546637324096242	0.4463121484307057	1.4990241191596678	1.0546637324096242	0.1321622489572473	4.510071290639893E-309	0.0	0.0	4.58217968236422E-309	-13455.784435413816	8.625055044499653E307	5.742394553909348E307	2.301911852738304E307	9.145171295035087E306	7.736033578870619E306	1	4	1	11	2
75000	-20257.049096294162	-4614.588893094736	-15642.460203199427	-4614.588893094736	2.6594014350352706E307	1.3218618416845818E308	0.8177528475699428	0.009494738106416545	1.4990241191596678	1.4914811427339134	0.009494738106416545	1.4990241191596678	1.4914811427339134	0.15403703458692503	7.02831277772331E-309	0.0	0.0	6.9874339250679E-309	-13463.485644240467	1.1842485185001963E308	8.337858380110801E307	1.5748450205635657E307	1.7266201888856685E307	1.3220019763650422E307	2	2	1	11	3
76000	-20490.462365304287	-4854.686545353235	-15635.775819951052	-4854.686545353235	8.23778415313082E307	Infinity	0.8177528475699428	0.009494738106416545	1.4990241191596678	1.4914811427339134	0.009494738106416545	1.4990241191596678	1.4914811427339134	0.06686209917982389	0.0	0.0	0.0	4.049242201675506E-309	-13491.386029270143	1.2724229906833516E308	8.388696949784373E307	5.014843355365355E307	7.320975898519279E307	3.43939119027545E307	4	6	1	3	5
77000	-20194.20337872934	-4523.154280352041	-15671.0490983773	-4523.154280352041	2.307516082494589E307	1.6231996207763033E308	0.8177528475699428	0.009494738106416545	1.4990241191596678	1.4914811427339134	0.009494738106416545	1.4990241191596678	1.4914811427339134	0.2595288806903524	4.35527130672277E-309	0.0	0.0	4.321005118034616E-309	-13470.312141196673	1.4342790236959932E308	4.612230743280932E307	2.560419908263513E307	2.5411978312813403E307	1.6789887735750465E307	1	3	1	8	6
78000	-20300.653403030636	-4655.393030730933	-15645.260372299701	-4655.393030730933	3.4823414211835665E307	1.2846458328506218E308	0.8177528475699428	0.009494738106416545	1.4990241191596678	1.4914811427339134	0.009494738106416545	1.4990241191596678	1.4914811427339134	0.22883544658817012	1.3901730360111835E-308	0.0	0.0	1.2740336707594254E-308	-13459.375124620547	4.4172547670639057E307	2.587231016929739E307	1.178968470324043E307	5.872036621274764E306	1.0027372740892105E307	1	3	2	7	6
79000	-20492.91467872046	-4853.602276799323	-15639.312401921135	-4853.602276799323	5.731527518829357E306	4.295246592682341E307	0.8177528475699428	0.009494738106416545	1.4990241191596678	1.4914811427339134	0.009494738106416545	1.4990241191596678	1.4914811427339134	0.2953811510404761	3.7472933592477726E-308	0.0	0.0	3.9932426856554103E-308	-13441.24308476418	4.589417604040906E307	3.283693849645458E307	1.5527086214538967E307	1.226755578152812E307	3.189171933972819E306	2	1	3	3	10
80000	-20029.55878600989	-4400.639426979969	-15628.91935902992	-4400.639426979969	2.4092867495423105E306	1.6900252038046673E307	0.8177528475699428	0.009494738106416545	1.4990241191596678	1.4914811427339134	0.009494738106416545	1.4990241191596678	1.4914811427339134	0.26926143796009927	3.9021167526663924E-308	0.0	0.0	3.540532188556695E-308	-13432.529471616615	2.0287222908687034E307	2.0794195822581207E307	9.717045970061679E306	5.957217668038547E306	3.2267739800412953E306	2	1	2	4	10
81000	-20101.19620281854	-4457.712340505259	-15643.483862313282	-4457.712340505259	8.761932825260831E306	6.417463008316343E307	0.8177528475699428	0.009494738106416545	1.4990241191596678	1.4914811427339134	0.009494738106416545	1.4990241191596678	1.4914811427339134	0.25736536372997265	5.543646642325145E-309	0.0	0.0	5.606903398454014E-309	-13454.486987314145	5.823324593700013E307	4.4099203764025956E307	1.4577322816134058E307	6.63172801908234E306	5.309747958584534E306	1	3	5	8	2
82000	-20449.249194952656	-4770.778338990385	-15678.47085596227	-4770.778338990385	2.373042149171499E307	1.7805161131961394E308	0.8177528475699428	0.4687770836781487	1.4990241191596678	1.0321987971621813	0.4687770836781487	1.4990241191596678	1.0321987971621813	0.25139707382608645	4.834377624120797E-309	0.0	0.0	4.876546983629966E-309	-13477.550246874735	9.586753414132513E307	6.24684854778223E307	7.091893038817021E307	2.8182250382008674E307	2.2082537908804562E307	1	4	8	5	1
83000	-20691.898356396596	-5012.611989488616	-15679.286366907978	-5012.611989488616	6.753637742744526E307	Infinity	0.8177528475699428	0.4687770836781487	1.4990241191596678	1.0321987971621813	0.4687770836781487	1.4990241191596678	1.0321987971621813	0.28438521854102916	0.0	0.0	0.0	4.34855533856317E-310	-13477.373431092707	4.091814896943017E307	8.675596642871665E307	2.673015956510109E307	6.940970831055538E307	5.759898145666396E307	3	2	5	5	4
84000	-20369.018648684923	-4678.615804898706	-15690.402843786216	-4678.615804898706	6.455728816827088E307	Infinity	0.8177528475699428	0.9856523503828429	0.9821488524549735	1.0321987971621813	0.9856523503828429	0.9821488524549735	1.0321987971621813	0.28438521854102916	0.0	0.0	0.0	1.04011166130999E-309	-13488.60542255655	1.1301682611006559E308	7.650867802029085E307	7.087480839505221E307	7.602935583361208E307	2.2183987954406838E307	12	1	3	1	2
85000	-20012.289439357308	-4330.241573894255	-15682.047865463053	-4330.241573894255	3.6629736972679456E307	Infinity	0.8177528475699428	0.021386366127852274	1.9464148367099643	1.0321987971621813	0.021386366127852274	1.9464148367099643	1.0321987971621813	0.24342323404641855	0.0	0.0	0.0	7.52216296961694E-310	-13482.809173358834	9.401801496145046E307	6.701604466126116E307	7.120862576910481E307	4.611538069272062E307	1.8867157298568704E307	12	2	1	1	3
86000	-20268.23438766825	-4611.926875579989	-15656.307512088259	-4611.926875579989	4.279573427063349E307	1.6471128661469207E308	0.8177528475699428	0.021386366127852274	2.789669109956175	0.18894452391597072	0.021386366127852274	2.789669109956175	0.18894452391597072	0.2252839594748452	1.05535691697497E-309	0.0	0.0	9.5229452640962E-310	-13464.24803335027	2.2442221908110283E307	9.230639444386096E306	3.1153971401726117E307	2.358446765600285E307	1.5474295629597938E307	9	2	2	1	5
87000	-20033.566966473925	-4363.729386199884	-15669.837580274041	-4363.729386199884	1.6926463127527728E307	1.4913445771104893E308	0.8177528475699428	0.021386366127852274	2.789669109956175	0.18894452391597072	0.021386366127852274	2.789669109956175	0.18894452391597072	0.2522167241414769	2.59797616938552E-309	0.0	0.0	2.394533144656614E-309	-13472.64364720458	5.939118174426702E307	5.41595661783872E307	2.459940235220055E307	2.489278774989233E307	1.0519474246099662E307	9	1	4	4	1
88000	-20184.502543518138	-4574.912837035825	-15609.589706482311	-4574.912837035825	1.3396218556314123E307	1.4255911586366315E308	0.8177528475699428	0.021386366127852274	2.789669109956175	0.18894452391597072	0.021386366127852274	2.789669109956175	0.18894452391597072	0.06309706726372233	8.08262792372986E-309	0.0	0.0	8.12404767130278E-309	-13466.476211708869	1.7501714186040135E308	4.949057082702703E307	9.684886330510001E306	2.634896776821359E306	1.063953220066028E306	10	1	4	3	1
89000	-20033.816191419464	-4433.987123268818	-15599.829068150646	-4433.987123268818	2.0768418793938838E307	Infinity	0.8177528475699428	0.021386366127852274	2.789669109956175	0.18894452391597072	0.021386366127852274	2.789669109956175	0.18894452391597072	0.04252030183412181	0.0	0.0	0.0	3.023044023859806E-309	-13474.120352781818	7.167386139304267E307	4.4043239071739083E307	1.8138274224821835E307	1.0172580948801723E307	3.05989713656437E306	10	1	3	3	2
90000	-20036.174269569106	-4385.148465055598	-15651.025804513509	-4385.148465055598	2.8452464823663847E307	Infinity	0.8177528475699428	0.021386366127852274	1.9884466100867368	0.9901670237854087	0.021386366127852274	1.9884466100867368	0.9901670237854087	0.11384716377868953	0.0	0.0	0.0	2.6967777599187E-309	-13483.283883954495	1.3728462047256234E308	3.6347180571568456E307	4.97800924895861E307	5.927670031663244E306	3.8568053016324774E306	10	1	4	3	1
91000	-20174.751524521664	-4502.382109015516	-15672.369415506148	-4502.382109015516	2.5095945237991104E307	Infinity	0.8177528475699428	0.021386366127852274	1.9884466100867368	0.9901670237854087	0.021386366127852274	1.9884466100867368	0.9901670237854087	0.24109526388376162	0.0	0.0	0.0	2.367273453974525E-309	-13474.894441912791	9.206106555083226E307	3.7259919341343317E307	1.3789404512713426E307	1.0646423546432419E307	3.175081735081417E306	6	2	9	1	1
92000	-20216.75963953265	-4553.936043135682	-15662.82359639697	-4553.936043135682	2.901738477233273E307	1.6854831880561073E308	0.8177528475699428	0.4203091578624914	1.5895238183520977	0.9901670237854087	0.4203091578624914	1.5895238183520977	0.9901670237854087	0.20707666735196176	2.109991488311043E-309	0.0	0.0	2.156462069031224E-309	-13469.687089712726	1.5914473929453737E308	3.095118177504837E307	6.981653913037632E306	8.774718787029633E306	1.1919626195932026E307	7	4	4	3	1
93000	-20283.535396437866	-4625.303467937815	-15658.23192850005	-4625.303467937815	5.335960863623984E307	Infinity	0.8177528475699428	0.4203091578624914	1.5895238183520977	0.9901670237854087	0.4203091578624914	1.5895238183520977	0.9901670237854087	0.10356693853641664	0.0	0.0	0.0	1.17977928642828E-309	-13488.899568838136	1.5914473929453737E308	1.7702653712199246E308	1.0142204487974266E308	5.045626647116043E307	1.3076898186963579E307	6	2	1	9	1
94000	-20432.529785125414	-4746.412877078043	-15686.116908047372	-4746.412877078043	1.597560214851045E308	Infinity	0.8177528475699428	0.4203091578624914	2.386117312923521	0.19357352921398552	0.4203091578624914	2.386117312923521	0.19357352921398552	0.2635410665602278	0.0	0.0	0.0	3.398173058059044E-309	-13487.476628143055	6.701170891256412E307	4.28572110548614E307	3.340179954473776E307	4.694473875253945E307	1.0809449945093067E308	4	2	1	7	5
95000	-20197.633150082926	-4527.26111008266	-15670.372040000268	-4527.26111008266	1.0722116182757121E307	8.238612213248391E307	0.8177528475699428	0.4203091578624914	2.386117312923521	0.19357352921398552	0.4203091578624914	2.386117312923521	0.19357352921398552	0.3292888765465394	1.714753498468203E-308	0.0	0.0	1.5785964167001385E-308	-13461.347587560573	5.564407894616703E307	3.3039076641598846E307	2.84659615857093E307	1.302119691266543E307	8.381240793840784E306	1	8	1	3	6
96000	-20056.4219301456	-4408.363152379731	-15648.058777765867	-4408.363152379731	1.4006054448245843E307	8.646078914054142E307	0.8177528475699428	0.4203091578624914	1.4088403183954974	1.170850523742009	0.4203091578624914	1.4088403183954974	1.170850523742009	0.20173550969420045	5.91956018238112E-309	0.0	0.0	6.37229730639598E-309	-13462.458170295136	2.529062324905154E307	3.2947709845661234E307	1.0556274329550358E307	1.3032311515258266E307	1.350538553282885E307	1	6	3	1	8
97000	-20302.097130720704	-4627.729618965628	-15674.367511755076	-4627.729618965628	2.5108651053791277E307	Infinity	0.8177528475699428	0.4203091578624914	1.4088403183954974	1.170850523742009	0.4203091578624914	1.4088403183954974	1.170850523742009	0.24723373536969598	0.0	0.0	0.0	9.3175186033223E-310	-13479.512221546729	1.3972021891031125E308	5.282738893656062E307	5.410164517375524E307	1.1683077956393274E307	8.473873088931721E306	1	8	7	1	2
98000	-20141.069558156956	-4450.543710511078	-15690.525847645878	-4450.543710511078	2.7649757140517104E307	Infinity	0.8177528475699428	0.4203091578624914	1.4088403183954974	1.170850523742009	0.4203091578624914	1.4088403183954974	1.170850523742009	0.370152800522442	0.0	0.0	0.0	1.008199146265816E-309	-13478.340474258936	1.4564675637500284E308	7.195318083080959E307	3.1515069934753856E307	1.1154554075328164E307	6.86290842089811E306	3	4	5	6	1
99000	-20343.087925813175	-4677.103143874136	-15665.984781939038	-4677.103143874136	3.939149499859578E307	1.766222946561335E308	0.8177528475699428	0.4203091578624914	1.4088403183954974	1.170850523742009	0.4203091578624914	1.4088403183954974	1.170850523742009	0.1974406338437621	3.561036397602796E-309	0.0	0.0	3.88929725161796E-309	-13472.43052069136	1.0812214574014443E308	6.491663631769943E307	2.3813379433436235E307	1.171002374677904E307	3.238523734864098E307	3	7	4	1	4
100000	-20454.824472215805	-4765.500908510222	-15689.323563705582	-4765.500908510222	5.064057095046809E307	Infinity	0.8177528475699428	0.4203091578624914	1.4088403183954974	1.170850523742009	0.4203091578624914	1.4088403183954974	1.170850523742009	0.3191500419338536	0.0	0.0	0.0	2.574647214750384E-309	-13480.44597695089	1.4872309033878478E308	6.444470058506447E307	5.136032960249263E307	4.466629357062915E307	1.4686370004679409E307	7	4	2	3	3
101000	-20398.549198602203	-4712.200832584194	-15686.34836601801	-4712.200832584194	7.357932129458711E307	Infinity	0.8177528475699428	0.012343306730952686	1.4088403183954974	1.5788163748735478	0.012343306730952686	1.4088403183954974	1.5788163748735478	0.26690844225418625	0.0	0.0	0.0	2.00493454410268E-309	-13486.883712621526	1.2884592362913645E308	3.642696816536849E307	2.930085176509359E307	9.249262554107131E307	4.95549780940973E307	7	4	2	3	3
102000	-20279.335794276074	-4605.6223650843385	-15673.713429191735	-4605.6223650843385	4.874581589257911E307	Infinity	0.8177528475699428	0.012343306730952686	1.4088403183954974	1.5788163748735478	0.012343306730952686	1.4088403183954974	1.5788163748735478	0.19833870218369617	0.0	0.0	0.0	1.163980055233276E-309	-13478.252980605419	6.915437744811571E307	5.977372599000349E307	4.0762146086596053E307	5.058421655586451E307	1.0559811584637797E307	2	8	5	3	1
103000	-20167.67853686957	-4484.212269668318	-15683.466267201255	-4484.212269668318	4.3524143276759816E307	Infinity	0.8177528475699428	0.6400542628287449	1.4088403183954974	0.9511054187757555	0.6400542628287449	1.4088403183954974	0.9511054187757555	0.25385963115651183	0.0	0.0	0.0	8.88363662727694E-310	-13480.486831668444	7.832547239389571E307	5.38451337134294E307	4.340233906899483E307	5.743560075109006E307	6.175984084293918E307	3	3	5	1	7
104000	-21159.0131945773	-5510.907964175912	-15648.105230401387	-5510.907964175912	3.666307859864967E307	Infinity	0.8177528475699428	1.773032595906355	0.7553378723162466	0.47162953177739625	1.773032595906355	0.7553378723162466	0.47162953177739625	0.12956840082287457	0.0	0.0	0.0	2.348777241759896E-308	-13475.39141120577	6.201915025732641E307	2.4702755557618037E307	4.945256676162616E307	4.4458660584050804E307	1.8924699320628836E307	3	5	2	5	4
105000	-20995.683331794593	-5315.868908153358	-15679.814423641235	-5315.868908153358	5.400222809913861E307	Infinity	0.8177528475699428	1.773032595906355	0.7553378723162466	0.47162953177739625	1.773032595906355	0.7553378723162466	0.47162953177739625	0.2255599149874455	0.0	0.0	0.0	1.4482289300187803E-308	-13482.43354879032	1.7014695283114963E308	7.329908061121436E307	6.707408339060215E307	3.312271270698591E307	4.336100238007446E307	4	5	4	4	2
106000	-20498.09257185073	-4854.196620409442	-15643.895951441289	-4854.196620409442	8.953847345875785E306	7.575366155750269E307	0.8177528475699428	1.773032595906355	0.7553378723162466	0.47162953177739625	1.773032595906355	0.7553378723162466	0.47162953177739625	0.19119389923827734	1.469169504218022E-308	0.0	0.0	1.4811977393540037E-308	-13459.785804107403	5.181041177307668E307	2.4580238189327715E307	2.699743713610615E307	1.2183141780627172E307	3.111548822095769E306	3	2	5	5	4
107000	-20350.40635235381	-4711.491151233162	-15638.915201120648	-4711.491151233162	9.1421136300904E306	8.825479624104056E307	0.8177528475699428	1.773032595906355	0.7553378723162466	0.47162953177739625	1.773032595906355	0.7553378723162466	0.47162953177739625	0.18587963434346688	4.39740342934726E-309	0.0	0.0	4.237521894289065E-309	-13456.742205354778	4.861740091759189E307	4.133205119420037E307	1.0128388877061661E307	5.350044597313215E306	3.108595511827163E306	8	1	3	1	6
108000	-20456.809404866093	-4791.843041193864	-15664.966363672227	-4791.843041193864	9.048988236935186E306	1.070955492086085E308	0.8177528475699428	1.0397772713489615	0.7553378723162466	1.2048848563347898	1.0397772713489615	0.7553378723162466	1.2048848563347898	0.29988223647350476	1.647793053916325E-309	0.0	0.0	1.635881633763544E-309	-13460.414247663179	1.4833877144282758E308	6.026605811934168E307	1.2303545448817894E307	4.6298449123811865E306	4.0852873813236353E306	1	7	3	1	7
109000	-20110.358261566587	-4443.5135089249725	-15666.844752641617	-4443.5135089249725	2.4383709921656757E307	Infinity	0.8177528475699428	1.0397772713489615	0.9119944747066386	1.0482282539443977	1.0397772713489615	0.9119944747066386	1.0482282539443977	0.14810715147771614	0.0	0.0	0.0	1.113397221103103E-309	-13479.889253374697	1.302691335952456E308	5.341725114785418E307	5.843185755172881E307	9.747926565058234E306	1.1900323512290303E307	9	1	1	2	6
110000	-20293.423349012162	-4628.024882002049	-15665.398467010113	-4628.024882002049	5.604444453336432E307	Infinity	0.8177528475699428	1.0397772713489615	0.9119944747066386	1.0482282539443977	1.0397772713489615	0.9119944747066386	1.0482282539443977	0.1704413699916603	0.0	0.0	0.0	1.714788319305227E-309	-13488.739965022301	1.5440508791662988E308	8.161389070545184E307	3.628816009530935E307	6.339968820483693E307	3.3767666372629818E307	9	2	1	3	4
111000	-20627.85437074222	-4956.908307241052	-15670.946063501167	-4956.908307241052	1.1465628316054289E308	Infinity	0.8177528475699428	1.0397772713489615	0.9119944747066386	1.0482282539443977	1.0397772713489615	0.9119944747066386	1.0482282539443977	0.1381829897964297	0.0	0.0	0.0	6.21762061112274E-310	-13489.150113721324	1.1349287932145055E308	1.7642938215342912E308	1.0914058744033737E308	1.0379540281032539E308	5.324325182281031E307	6	1	7	4	1
112000	-20443.358546594907	-4745.519618763248	-15697.838927831657	-4745.519618763248	1.0453470041712336E308	Infinity	0.8177528475699428	1.0397772713489615	0.9119944747066386	1.0482282539443977	1.0397772713489615	0.9119944747066386	1.0482282539443977	0.259311028334154	0.0	0.0	0.0	1.44179599789626E-309	-13494.35995416302	1.266604058856234E308	6.550331357305317E307	9.038627087802184E307	6.513170829982108E307	5.649158353966876E307	5	2	9	2	1
113000	-20342.285607476017	-4644.684267960235	-15697.60133951578	-4644.684267960235	8.050809697313069E307	Infinity	0.8177528475699428	1.0397772713489615	1.829153163380962	0.1310695652700744	1.0397772713489615	1.829153163380962	0.1310695652700744	0.3043064839601225	0.0	0.0	0.0	6.54422301413197E-310	-13496.305432231184	8.823111152362579E307	1.6344343511470963E308	2.4959575412491645E307	3.371801662668702E307	6.475558932946099E307	13	3	1	1	1
114000	-20626.3907989552	-4950.22327311125	-15676.16752584395	-4950.22327311125	3.003130796662493E307	Infinity	0.8177528475699428	1.0397772713489615	1.829153163380962	0.1310695652700744	1.0397772713489615	1.829153163380962	0.1310695652700744	0.23176024911891926	0.0	0.0	0.0	5.5598391009085E-310	-13476.497492524128	6.289181357704555E307	8.715982084110594E307	4.92425831007858E307	3.1893139899587957E307	3.23631344813994E307	6	3	1	6	3
115000	-20342.04534769545	-4654.003125289554	-15688.042222405897	-4654.003125289554	5.285593158817559E307	Infinity	0.8177528475699428	1.0397772713489615	1.829153163380962	0.1310695652700744	1.0397772713489615	1.829153163380962	0.1310695652700744	0.2901117808932824	0.0	0.0	0.0	2.169658719283183E-309	-13490.470100682463	1.4159229923206568E308	6.945728618168635E307	8.966735496902535E307	3.2090464275953797E307	2.307839336759596E307	3	1	4	5	6
116000	-20054.957517051043	-4387.287199551964	-15667.670317499082	-4387.287199551964	8.546587999922257E306	7.358629274351758E307	0.8177528475699428	0.09139293000070692	2.7775375047292163	0.1310695652700744	0.09139293000070692	2.7775375047292163	0.1310695652700744	0.3411968510739773	8.50221954904868E-309	0.0	0.0	8.054746263208354E-309	-13456.304081380149	1.6769313867260747E308	5.268182366277181E307	2.3840498797053255E307	1.5143751031539685E307	2.043846391734887E306	1	3	5	6	4
117000	-19914.595621245026	-4290.513985819209	-15624.081635425819	-4290.513985819209	1.8984347372130158E307	9.75208404800175E307	0.8177528475699428	0.09139293000070692	2.7775375047292163	0.1310695652700744	0.09139293000070692	2.7775375047292163	0.1310695652700744	0.08932710804939294	1.916180142023303E-309	0.0	0.0	1.964299633329605E-309	-13462.801317265063	3.8750883624391015E307	3.8477077586235646E307	1.2572622649548014E307	1.7706534588768193E307	1.0427744292238403E307	4	7	1	5	2
118000	-20086.052078641475	-4414.387363164802	-15671.664715476672	-4414.387363164802	3.161306386444553E307	Infinity	0.8177528475699428	0.09139293000070692	2.7775375047292163	0.1310695652700744	0.09139293000070692	2.7775375047292163	0.1310695652700744	0.2241452855903408	0.0	0.0	0.0	2.67681898501052E-309	-13475.27045281916	7.898079107166861E307	6.030526922049572E307	1.6945938106113502E307	1.3893238886851948E307	2.538667885959556E307	3	6	5	4	1
119000	-20250.551827415326	-4567.068857110886	-15683.48297030444	-4567.068857110886	2.9990886994748774E307	1.7177774702024435E308	0.8177528475699428	0.09139293000070692	2.7775375047292163	0.1310695652700744	0.09139293000070692	2.7775375047292163	0.1310695652700744	0.4071741462256812	2.52979048291893E-309	0.0	0.0	2.586040718371703E-309	-13473.174608223831	8.348050255332589E307	2.8408059025551187E307	2.706692431321516E307	1.5975618813592576E307	1.1792929389266394E307	6	1	5	2	5
120000	-20313.356831694582	-4645.690801779347	-15667.666029915237	-4645.690801779347	6.291970948683939E306	5.917450651049426E307	0.8177528475699428	0.9739026111622335	1.8950278235676898	0.1310695652700744	0.9739026111622335	1.8950278235676898	0.1310695652700744	0.3615098029928091	3.6479585208478E-309	0.0	0.0	3.465951715210266E-309	-13453.2555982552	5.267203450981451E307	1.5627985425451923E307	1.0223778320471151E307	8.486130983111343E306	5.42559224287172E306	6	1	6	1	5
121000	-20148.938532365333	-4540.177253749967	-15608.761278615368	-4540.177253749967	1.7187459416000326E307	1.1395912580283903E308	0.6303485018556313	0.43030212549968916	1.8950278235676898	0.6746700509326188	0.43030212549968916	1.8950278235676898	0.6746700509326188	0.06761287179068604	7.9298153616565E-310	0.0	0.0	7.82380695456834E-310	-13469.665062944834	3.949237000549989E307	1.6441691133793464E307	7.460997172992354E306	1.8807524004336926E307	1.656528540306042E307	2	5	5	2	5
122000	-20114.613553116746	-4495.3891752713935	-15619.22437784535	-4495.3891752713935	9.887494589229301E306	7.115225782447385E307	0.6303485018556313	0.43030212549968916	1.8950278235676898	0.6746700509326188	0.43030212549968916	1.8950278235676898	0.6746700509326188	0.13914313675178847	7.32471822657238E-309	0.0	0.0	7.15309368244994E-309	-13452.84344957436	4.655485343654831E307	1.605730200919683E307	6.033985699853696E306	5.914492814825556E306	3.237811844148895E306	2	7	6	3	1
123000	-20119.720853716382	-4471.146890499537	-15648.573963216844	-4471.146890499537	6.296045586796907E306	4.676836908612077E307	0.832949316546997	0.43030212549968916	1.8950278235676898	0.6746700509326188	0.43030212549968916	1.8950278235676898	0.6746700509326188	0.2762138529435083	1.8737324983353906E-308	0.0	0.0	1.786243759873692E-308	-13449.879491432135	3.2022557147988754E307	1.5905411131112974E307	1.4155398654123175E307	3.439853984564778E306	9.729996860963334E305	1	9	3	5	1
124000	-20092.689364430284	-4458.35769733895	-15634.331667091335	-4458.35769733895	1.3058552682008329E307	8.745499985519828E307	0.832949316546997	0.43030212549968916	1.8950278235676898	0.6746700509326188	0.43030212549968916	1.8950278235676898	0.6746700509326188	0.13202988349496464	4.31284804606244E-309	0.0	0.0	4.45671282491163E-309	-13464.8792722039	7.237953056864995E307	4.992466986916715E307	2.2119213421757898E307	1.0162268626676104E307	7.119225623104189E306	1	12	3	2	1
125000	-20171.246823104746	-4519.835576727793	-15651.411246376954	-4519.835576727793	1.552421072680898E307	9.52492918802509E307	0.832949316546997	0.43030212549968916	1.8950278235676898	0.6746700509326188	0.43030212549968916	1.8950278235676898	0.6746700509326188	0.22175766542695347	5.212509023632344E-309	0.0	0.0	5.272825866669303E-309	-13464.040708492246	6.402781235431971E307	5.068731085834529E307	2.327431198612428E307	1.2171965034125658E307	1.1944985028448424E307	1	7	8	2	1
126000	-20005.830876061074	-4325.563195931873	-15680.2676801292	-4325.563195931873	2.5136652042267334E307	Infinity	0.832949316546997	0.43030212549968916	1.8950278235676898	0.6746700509326188	0.43030212549968916	1.8950278235676898	0.6746700509326188	0.3456576598263521	0.0	0.0	0.0	1.102374063226676E-309	-13474.967529252699	7.55248329240496E307	8.391174171437746E307	2.327431198612428E307	1.6245280663063157E307	4.02543049448881E306	1	6	7	4	1
127000	-20098.59648338102	-4445.104907823206	-15653.491575557815	-4445.104907823206	3.816652504080212E307	Infinity	0.832949316546997	0.43030212549968916	1.8950278235676898	0.6746700509326188	0.43030212549968916	1.8950278235676898	0.6746700509326188	0.17011107806779774	0.0	0.0	0.0	2.29068858062404E-310	-13480.23150621976	7.437208874738445E307	4.686163595152718E307	5.483614915094601E307	1.4295040833884277E307	1.0844238218353878E307	1	12	2	2	2
128000	-20197.926492550672	-4524.16118616816	-15673.765306382511	-4524.16118616816	2.323978951917304E307	Infinity	0.832949316546997	0.43030212549968916	0.9413761419319505	1.628321732568358	0.43030212549968916	0.9413761419319505	1.628321732568358	0.2766599682689647	0.0	0.0	0.0	2.78462434147617E-309	-13479.92655551565	1.7182131378474613E308	7.443757749905907E307	7.141746760262458E307	3.060132776804778E307	2.95645342651302E307	2	8	2	6	1
129000	-20309.14590498222	-4678.884767199113	-15630.261137783105	-4678.884767199113	6.009008015882305E306	3.9990834567125364E307	0.832949316546997	0.43030212549968916	0.9413761419319505	1.628321732568358	0.43030212549968916	0.9413761419319505	1.628321732568358	0.19482258380926828	1.103008720686109E-308	0.0	0.0	1.13150016158763E-308	-13447.77725866189	5.49447861150476E307	2.2527379470915695E307	2.7078362140727734E307	1.2530385313320986E307	4.602220458329412E306	1	4	3	6	5
130000	-20018.274931424832	-4366.350758377794	-15651.924173047038	-4366.350758377794	7.19785685775805E306	4.729159968289037E307	0.832949316546997	0.43030212549968916	0.9413761419319505	1.628321732568358	0.43030212549968916	0.9413761419319505	1.628321732568358	0.29526695452621293	1.187492965495221E-308	0.0	0.0	1.2057010626941675E-308	-13450.002822994787	1.0992829322460966E307	2.897540655293399E307	1.6989833077659605E307	1.2675476377182053E307	5.311542617592054E306	2	3	1	10	3
131000	-20332.603291916123	-4693.827378719757	-15638.775913196365	-4693.827378719757	1.2760678758925563E307	7.0736493037961E307	0.832949316546997	0.43030212549968916	0.9413761419319505	1.628321732568358	0.43030212549968916	0.9413761419319505	1.628321732568358	0.20456202050380573	3.28230190760742E-309	0.0	0.0	3.41574691633246E-309	-13454.831771121775	2.4305077072143453E307	5.162461109785166E307	9.151592290916411E306	3.704153939790465E306	2.895754755313829E306	3	4	7	4	1
132000	-20246.60179437102	-4625.410077681616	-15621.191716689405	-4625.410077681616	4.610975662855718E306	2.889926195654264E307	0.832949316546997	0.43030212549968916	0.9413761419319505	1.628321732568358	0.43030212549968916	0.9413761419319505	1.628321732568358	0.1570610933425817	3.1567028819968683E-308	0.0	0.0	3.1287991129383704E-308	-13443.333553499966	6.90070684678356E306	9.638562124076094E306	8.639340332959313E306	8.182465345395005E306	8.120706802867864E306	7	1	3	3	5
133000	-20631.57080378751	-4981.991736603381	-15649.579067184128	-4981.991736603381	1.7503734480888319E307	6.048948292073051E307	0.832949316546997	0.43030212549968916	0.9413761419319505	1.628321732568358	0.43030212549968916	0.9413761419319505	1.628321732568358	0.2949314359702742	2.495822214316987E-308	0.0	0.0	2.4642323793537616E-308	-13447.285957867056	1.372327491461754E307	1.5374200511201237E307	1.2172056065456556E307	7.82101717548318E306	5.0017908062568045E306	7	1	2	3	6
134000	-20116.111068534905	-4512.892413030828	-15603.218655504077	-4512.892413030828	2.174073224526252E306	1.6832085721053482E307	0.832949316546997	0.43030212549968916	0.9413761419319505	1.628321732568358	0.43030212549968916	0.9413761419319505	1.628321732568358	0.18421123833016378	1.449117359740202E-308	0.0	0.0	1.5103821460439076E-308	-13430.854184738626	1.1729711947581992E307	9.145414686589731E306	5.726581428040878E306	2.806223898580696E306	1.910279326866679E306	1	7	2	4	5
135000	-20487.456499336568	-4868.399743197108	-15619.05675613946	-4868.399743197108	3.143518752642644E306	2.5489412945810455E307	0.832949316546997	0.43030212549968916	0.9413761419319505	1.628321732568358	0.43030212549968916	0.9413761419319505	1.628321732568358	0.1577962972588188	4.564212516865084E-308	0.0	0.0	4.515624109384707E-308	-13443.925224815473	1.723558816629061E307	1.431945262261014E307	1.2151525430009254E307	1.4784539867931982E307	3.3617610829634496E306	1	7	4	4	3
136000	-20051.48008244067	-4418.018236850265	-15633.461845590404	-4418.018236850265	8.681853763152929E306	6.979518266106485E307	0.832949316546997	0.43030212549968916	0.9413761419319505	1.628321732568358	0.43030212549968916	0.9413761419319505	1.628321732568358	0.16859887425628087	3.385737215732604E-309	0.0	0.0	3.31613964147582E-309	-13454.751071671095	9.651262764749088E307	2.091788409949457E307	5.398363477241117E306	2.2370629103245453E306	2.421579981364287E306	4	8	3	3	1
137000	-20223.389930915244	-4577.580471119157	-15645.809459796088	-4577.580471119157	8.886129641334165E306	5.222702404911917E307	0.832949316546997	0.43030212549968916	1.5627197530381356	1.006978121462173	0.43030212549968916	1.5627197530381356	1.006978121462173	0.18659744321710126	2.610486821229627E-309	0.0	0.0	2.60807671728111E-309	-13452.160622458136	6.38129791393991E307	7.880760423286331E306	1.22895377217049E307	8.751390422499868E306	4.074308803178389E306	5	1	4	8	1
138000	-20069.756779201507	-4435.183443399296	-15634.57333580221	-4435.183443399296	6.416922419138439E306	4.403256284884732E307	0.832949316546997	0.4506515216039936	1.5627197530381356	0.9866287253578685	0.4506515216039936	1.5627197530381356	0.9866287253578685	0.19513400452996793	1.7867811430853054E-308	0.0	0.0	1.73216732655974E-308	-13449.504433329652	2.4286338475192665E307	3.030972701982881E307	2.387298677088939E307	1.0812444966180818E307	3.662117774979773E306	2	5	2	7	3
139000	-20110.880241312283	-4457.490873745243	-15653.389367567039	-4457.490873745243	5.477556055808462E306	4.527087185162809E307	0.832949316546997	0.4506515216039936	1.5627197530381356	0.9866287253578685	0.4506515216039936	1.5627197530381356	0.9866287253578685	0.29789464150989614	1.6094117610385284E-308	0.0	0.0	1.688833207002636E-308	-13451.726259419556	4.4572318361841553E307	1.8072805136853918E307	8.179678958654187E306	8.866638239081821E306	8.818679814204306E306	3	7	1	4	4
140000	-20306.946922547497	-4680.261923925294	-15626.684998622204	-4680.261923925294	1.5961407665896358E307	1.7482711713541437E308	0.832949316546997	0.4506515216039936	1.5627197530381356	0.9866287253578685	0.4506515216039936	1.5627197530381356	0.9866287253578685	0.09510820353398423	5.9671675966367E-310	0.0	0.0	5.99455322084997E-310	-13471.73471482594	7.272285886229505E307	6.028580613306391E307	2.1938766496565378E307	8.184516603993313E306	1.2948445110751467E307	3	7	1	4	4
141000	-20409.5935460456	-4708.566437878283	-15701.027108167315	-4708.566437878283	2.4986232497418193E307	Infinity	0.832949316546997	0.4506515216039936	1.5627197530381356	0.9866287253578685	0.4506515216039936	1.5627197530381356	0.9866287253578685	0.4213835998767155	0.0	0.0	0.0	9.2684813129802E-310	-13479.8990357963	9.725458505361573E307	1.5200526798655565E308	4.934894755094987E307	1.9357580107889738E307	7.174890627004835E306	3	5	1	7	3
142000	-19978.700407117525	-4294.11542865414	-15684.584978463385	-4294.11542865414	3.797339213006306E307	Infinity	0.832949316546997	0.4506515216039936	1.5627197530381356	0.9866287253578685	0.4506515216039936	1.5627197530381356	0.9866287253578685	0.23818359907216952	0.0	0.0	0.0	5.3342276962811E-310	-13485.17646239227	1.7003199010207702E308	9.502937793600785E307	4.068389686408536E307	1.9838619511379267E307	6.412898502837034E306	3	5	1	7	3
143000	-20205.005891618202	-4550.689371914083	-15654.316519704122	-4550.689371914083	1.7887117647293435E307	Infinity	0.832949316546997	0.4506515216039936	1.5627197530381356	0.9866287253578685	0.4506515216039936	1.5627197530381356	0.9866287253578685	0.14947188327320865	0.0	0.0	0.0	5.32373563535335E-309	-13476.548860734285	1.2439847391946443E308	9.828628333227267E307	1.89203022946284E307	1.6580690643270548E307	8.95012856846702E306	4	4	3	6	2
144000	-20035.974267850113	-4394.119014151616	-15641.855253698497	-4394.119014151616	8.617443482316539E306	7.273260910670752E307	0.832949316546997	0.4506515216039936	1.5627197530381356	0.9866287253578685	0.4506515216039936	1.5627197530381356	0.9866287253578685	0.17644816703728972	4.514524944113866E-309	0.0	0.0	4.64992177031981E-309	-13458.674505235173	7.455893330324983E307	4.048673899356518E307	2.249070553643945E307	1.2174649647178558E307	8.624206001181167E306	2	4	4	4	5
145000	-20232.7460425511	-4591.005189873659	-15641.740852677442	-4591.005189873659	4.766633974104106E307	1.5628406973808018E308	0.832949316546997	0.4506515216039936	1.5627197530381356	0.9866287253578685	0.4506515216039936	1.5627197530381356	0.9866287253578685	0.19427246728202444	3.371733280338903E-309	0.0	0.0	3.43278323664876E-309	-13457.443692836247	1.552042698187723E308	1.3426703254580316E307	1.1720282189889968E307	7.272867300007501E306	1.9418056757364145E307	2	5	3	4	5
146000	-20324.207560175095	-4670.432355131611	-15653.775205043483	-4670.432355131611	2.814378029479243E307	1.474491988415708E308	0.832949316546997	1.0784063274174143	1.8400764514920789	0.08151722109050452	1.0784063274174143	1.8400764514920789	0.08151722109050452	0.22772995447401448	7.667283911032444E-309	0.0	0.0	7.528617418369226E-309	-13468.853391792496	6.66434812518041E307	2.7484755801297095E307	4.655857825926971E307	2.3799728996213607E307	1.0714686388257963E307	3	10	2	1	3
147000	-20299.37897567086	-4661.706762682449	-15637.672212988411	-4661.706762682449	7.111856392565364E306	8.007984148212033E307	0.832949316546997	1.0784063274174143	1.8400764514920789	0.08151722109050452	1.0784063274174143	1.8400764514920789	0.08151722109050452	0.1461629198207705	6.782594557168075E-309	0.0	0.0	6.763727072090605E-309	-13461.109180069618	5.259062987194482E307	3.703104227653229E307	1.6578191016151479E307	1.1745015488569902E307	5.856936814620974E306	2	5	5	5	2
148000	-20174.762980629894	-4538.495348572579	-15636.267632057315	-4538.495348572579	1.1798876549494039E307	1.0755009905144092E308	0.832949316546997	1.0784063274174143	1.8400764514920789	0.08151722109050452	1.0784063274174143	1.8400764514920789	0.08151722109050452	0.13252532251339624	1.59705995955782E-309	0.0	0.0	1.558623651775657E-309	-13468.006236365549	2.837975706681068E307	2.9019570919404567E307	2.804221452004074E307	1.2377503179346933E307	5.621366221471308E306	4	5	6	2	2
149000	-20041.079674717148	-4367.273721655814	-15673.805953061332	-4367.273721655814	8.750351994149409E306	8.203652072288024E307	0.832949316546997	1.9910916880119567	0.9273910908975365	0.08151722109050452	1.9910916880119567	0.9273910908975365	0.08151722109050452	0.3332291640023223	7.67752854858513E-309	0.0	0.0	7.947059813716086E-309	-13461.368322007045	6.754854152497767E307	2.638222759056768E307	1.118683427721053E307	8.763865211146617E306	5.1659327155314735E306	6	1	9	2	1
150000	-20347.046497082112	-4685.565228807394	-15661.481268274718	-4685.565228807394	2.214003412207154E307	1.0836022152621004E308	0.832949316546997	1.9910916880119567	0.9273910908975365	0.08151722109050452	1.9910916880119567	0.9273910908975365	0.08151722109050452	0.2878679469152827	2.42910113178933E-309	0.0	0.0	2.24630839990905E-309	-13466.135477349504	6.114548656563283E307	3.718326457108352E307	1.0530036919426177E307	9.066838034127096E306	3.032433436115339E306	6	1	9	2	1
151000	-20433.295971555126	-4749.7020075785385	-15683.593963976586	-4749.7020075785385	3.12007433250571E307	Infinity	0.832949316546997	1.9910916880119567	0.9273910908975365	0.08151722109050452	1.9910916880119567	0.9273910908975365	0.08151722109050452	0.2944589113355634	0.0	0.0	0.0	5.07649282981306E-310	-13475.926976216891	1.5084065695144098E308	7.898393570603167E307	1.9174121965474278E307	1.571411885486372E307	1.003848889861905E307	6	1	5	6	1
152000	-20229.424109949432	-4540.9485798193155	-15688.475530130117	-4540.9485798193155	2.9831307602273943E307	Infinity	0.832949316546997	0.8498326541623398	2.0686501247471534	0.08151722109050452	0.8498326541623398	2.0686501247471534	0.08151722109050452	0.3009525352030105	0.0	0.0	0.0	2.6719379425021E-309	-13479.873235654111	1.5084065695144098E308	4.3946995785715853E307	3.2880166948357624E307	2.0700392107233875E307	9.018736330979382E306	6	4	4	3	2
153000	-20343.7571461144	-4682.027421744803	-15661.729724369596	-4682.027421744803	1.470704985853707E307	1.0734220651255892E308	0.832949316546997	0.8498326541623398	2.0686501247471534	0.08151722109050452	0.8498326541623398	2.0686501247471534	0.08151722109050452	0.20071181155806764	1.12418860055291E-309	0.0	0.0	1.131661050541446E-309	-13464.993132239108	3.6490373422303184E307	8.484916977502281E307	2.4675178202195536E307	2.0038834518437389E307	2.964787957252413E306	4	6	4	1	4
154000	-19867.23928248105	-4233.980029201711	-15633.259253279339	-4233.980029201711	9.173541553305422E306	6.09012010938023E307	0.832949316546997	0.7212765303982771	2.0686501247471534	0.21007334485456713	0.7212765303982771	2.0686501247471534	0.21007334485456713	0.19191194350452498	8.59708493634366E-309	0.0	0.0	9.04427148148048E-309	-13456.76810633476	3.9658832517659894E307	4.356347003216343E307	1.5966923376691738E307	1.2643946982056572E307	4.232033017732047E306	5	6	2	2	4
155000	-20040.90714258099	-4411.099371844804	-15629.807770736184	-4411.099371844804	3.7384729139929005E307	Infinity	0.832949316546997	0.5250066246410655	2.0686501247471534	0.4063432506117787	0.5250066246410655	2.0686501247471534	0.4063432506117787	0.07141080138259687	0.0	0.0	0.0	8.0920944488859E-310	-13479.29150094168	1.0616849942273988E308	2.792406943473474E307	4.941949151248424E307	1.688601561669939E307	1.2340981490970024E307	5	1	6	2	5
156000	-20300.51853006764	-4664.164835222573	-15636.353694845067	-4664.164835222573	1.4354588999552802E307	8.500746457668328E307	0.832949316546997	0.5250066246410655	2.0686501247471534	0.4063432506117787	0.5250066246410655	2.0686501247471534	0.4063432506117787	0.15677568941581915	3.996150475231936E-309	0.0	0.0	3.76793279113108E-309	-13458.307352594498	3.593400487791826E307	1.6196122829057041E307	2.0134208501575696E307	1.7041220502354896E307	8.734661305102572E306	1	1	9	5	3
157000	-20065.02107891503	-4418.342087361172	-15646.678991553856	-4418.342087361172	1.1743408727658763E307	7.329013469688603E307	0.832949316546997	0.5250066246410655	2.0686501247471534	0.4063432506117787	0.5250066246410655	2.0686501247471534	0.4063432506117787	0.2385151616247944	2.49540946358355E-309	0.0	0.0	2.542842085644134E-309	-13452.417366335449	8.591683417518911E307	3.272865489251831E307	2.022443005210195E307	9.655926841100284E306	3.6090702058329897E306	1	2	1	13	2
158000	-20082.277099134022	-4393.046396162343	-15689.23070297168	-4393.046396162343	3.543095305232393E307	Infinity	0.832949316546997	0.5250066246410655	2.0686501247471534	0.4063432506117787	0.5250066246410655	2.0686501247471534	0.4063432506117787	0.3523347606561353	0.0	0.0	0.0	5.11743162795242E-309	-13472.985462732642	1.310711111423634E308	6.166050517751082E307	3.391513812713815E307	2.3205021975046246E307	1.934380981679681E307	1	2	1	4	11
159000	-20563.66861012939	-4874.227187937451	-15689.441422191936	-4874.227187937451	8.655379419074765E307	Infinity	0.832949316546997	0.5250066246410655	2.0686501247471534	0.4063432506117787	0.5250066246410655	2.0686501247471534	0.4063432506117787	0.35159728855205435	0.0	0.0	0.0	6.63573940185906E-310	-13485.588155685626	6.969379658281072E307	9.831884799089095E307	8.879210518127238E307	8.606865099311592E307	6.461052377516707E307	1	2	3	4	9
160000	-20089.126319855168	-4414.440303578948	-15674.68601627622	-4414.440303578948	3.9493883406947907E307	Infinity	0.832949316546997	0.5250066246410655	2.0686501247471534	0.4063432506117787	0.5250066246410655	2.0686501247471534	0.4063432506117787	0.24565087382069195	0.0	0.0	0.0	2.246331168509303E-309	-13481.846557523733	7.732898718413633E307	7.233455960873347E307	7.993371456605298E307	7.910259951672563E307	5.261582123365865E307	5	2	3	3	6
161000	-19966.19050476803	-4298.1018499296815	-15668.088654838348	-4298.1018499296815	7.718976877930976E307	Infinity	0.832949316546997	0.5250066246410655	2.0686501247471534	0.4063432506117787	0.5250066246410655	2.0686501247471534	0.4063432506117787	0.14105561649838333	0.0	0.0	0.0	1.31406247858698E-309	-13493.573925737359	1.4879896060247762E308	1.3960519898741093E308	6.696622681043781E307	8.599767102176136E307	5.343377612365715E307	1	5	8	2	3
162000	-20824.842164186623	-5134.267350064593	-15690.57481412203	-5134.267350064593	2.6647546168793777E307	Infinity	0.832949316546997	0.5250066246410655	2.0686501247471534	0.4063432506117787	0.5250066246410655	2.0686501247471534	0.4063432506117787	0.3615278501452204	0.0	0.0	0.0	1.91675533030144E-310	-13480.13149422466	1.2857385301879999E308	5.288434708077058E307	8.901054934655197E307	5.635538750172648E307	2.0701332269781545E307	1	5	8	2	3
163000	-20298.11725103781	-4629.7313135524155	-15668.385937485395	-4629.7313135524155	3.457604320283471E307	Infinity	0.832949316546997	0.5250066246410655	2.0686501247471534	0.4063432506117787	0.5250066246410655	2.0686501247471534	0.4063432506117787	0.17510949118601754	0.0	0.0	0.0	2.63157152748553E-309	-13478.432150115148	1.6861752310342644E308	6.609258546811957E307	7.507804268516112E307	5.923972567304036E307	3.0707259863433644E307	1	5	8	2	3
164000	-20905.908932365062	-5218.988676414942	-15686.920255950121	-5218.988676414942	8.492670238265275E307	Infinity	0.832949316546997	0.5250066246410655	2.0686501247471534	0.4063432506117787	0.5250066246410655	2.0686501247471534	0.4063432506117787	0.27774059737846846	0.0	0.0	0.0	7.659711526788703E-309	-13487.763089964365	1.2424910222108371E308	8.050201731588811E307	9.648847510967202E307	2.5573622294733594E307	3.6639602450424315E307	1	6	10	1	1
165000	-20443.58208319053	-4780.995530340871	-15662.58655284966	-4780.995530340871	3.274046980703731E307	Infinity	0.832949316546997	0.5250066246410655	2.0686501247471534	0.4063432506117787	0.5250066246410655	2.0686501247471534	0.4063432506117787	0.17681614187370598	0.0	0.0	0.0	1.46449962755711E-309	-13479.111519633427	1.5351801970171085E308	1.1030383863791413E308	3.3085181007870967E307	1.0689687219323071E307	3.92684497505995E306	1	4	11	2	1
166000	-20081.40437902686	-4394.123237874572	-15687.281141152287	-4394.123237874572	8.538646156342698E306	7.155757531831514E307	0.832949316546997	0.5250066246410655	2.0686501247471534	0.4063432506117787	0.5250066246410655	2.0686501247471534	0.4063432506117787	0.46655274555653165	1.0676921167432004E-308	0.0	0.0	9.089701625208595E-309	-13459.789940802126	7.74394231629824E307	3.5766392758921205E307	2.434304699657541E307	9.924294086765238E306	4.318646123509773E306	1	4	5	8	1
167000	-20199.952198907304	-4510.200457497827	-15689.751741409476	-4510.200457497827	2.394957356459412E307	1.6243156048153446E308	0.832949316546997	0.5250066246410655	2.0686501247471534	0.4063432506117787	0.5250066246410655	2.0686501247471534	0.4063432506117787	0.407084276482374	5.36602422991019E-309	0.0	0.0	5.821509684640276E-309	-13467.446993476768	1.4889068370524257E308	8.910409346812048E307	6.972959609837418E307	1.782523280968554E307	7.353182770384095E306	2	3	1	9	4
168000	-20098.28362101381	-4445.524776003052	-15652.758845010758	-4445.524776003052	5.960432037073188E307	Infinity	0.832949316546997	0.5250066246410655	2.0686501247471534	0.4063432506117787	0.5250066246410655	2.0686501247471534	0.4063432506117787	0.21154460961772126	0.0	0.0	0.0	2.06614071899955E-309	-13462.217451147279	1.4753871639195274E308	5.460290367878264E307	1.9752088906296405E307	8.378682586306089E306	1.9564121800577667E307	2	3	1	9	4
169000	-20292.019105441137	-4627.487816305458	-15664.531289135679	-4627.487816305458	4.6315185896559E307	Infinity	0.832949316546997	0.5250066246410655	2.0686501247471534	0.4063432506117787	0.5250066246410655	2.0686501247471534	0.4063432506117787	0.14544683203079395	0.0	0.0	0.0	2.192186981722124E-309	-13484.832276183668	1.4753871639195274E308	4.711722764259319E307	1.0219607758689268E308	6.636762232247902E307	8.412369540902297E306	2	3	7	4	3
170000	-20070.491942012	-4407.797734362334	-15662.694207649665	-4407.797734362334	3.674924862817733E307	Infinity	0.832949316546997	0.5250066246410655	2.0686501247471534	0.4063432506117787	0.5250066246410655	2.0686501247471534	0.4063432506117787	0.14156918074206642	0.0	0.0	0.0	1.80403478017861E-309	-13489.139255858661	9.458823669650544E307	1.2844527553020648E308	4.642053714672752E307	1.5589093483322937E307	1.042606796972635E307	6	5	3	3	2
171000	-19967.140662163532	-4329.726361158526	-15637.414301005008	-4329.726361158526	2.1406971229679766E307	1.474217839186995E308	0.832949316546997	0.5250066246410655	2.0686501247471534	0.4063432506117787	0.5250066246410655	2.0686501247471534	0.4063432506117787	0.12269440327521491	6.092180891382885E-309	0.0	0.0	6.199152336092853E-309	-13468.49555274164	1.7327410405953776E308	5.144111414109152E307	3.7899896113864767E307	1.2095215475662433E307	2.138936509276025E307	1	3	5	3	7
172000	-19965.420191633566	-4331.612088033697	-15633.808103599871	-4331.612088033697	1.1372371393012987E307	8.202286527004144E307	0.832949316546997	0.5250066246410655	2.0686501247471534	0.4063432506117787	0.5250066246410655	2.0686501247471534	0.4063432506117787	0.14960666465756992	2.136691496755103E-309	0.0	0.0	2.154890206302987E-309	-13461.334876410552	9.280994108458569E307	2.8639469079036965E307	1.6704559118566598E307	7.816795226892878E306	7.824260718017042E306	1	9	1	1	7
173000	-20223.98515968893	-4581.096516865574	-15642.888642823356	-4581.096516865574	6.474875737978383E307	Infinity	0.832949316546997	0.5250066246410655	2.0686501247471534	0.4063432506117787	0.5250066246410655	2.0686501247471534	0.4063432506117787	0.11678597667026101	0.0	0.0	0.0	8.6619323211912E-310	-13479.9072883144	1.3612604289816547E308	9.75696616161996E307	6.565329500632611E307	6.340513333300644E307	5.298727404822386E307	3	6	1	3	6
174000	-20315.111059868486	-4646.206205006441	-15668.904854862045	-4646.206205006441	1.2444467477386777E308	Infinity	0.832949316546997	0.5250066246410655	1.1901356444731643	1.2848577308857676	0.5250066246410655	1.1901356444731643	1.2848577308857676	0.14833153271326982	0.0	0.0	0.0	2.43894758715045E-310	-13489.511070424023	6.814805958592732E307	5.418425324635113E307	1.2108556631641617E308	1.379335756018507E308	1.4463929857413894E308	2	9	1	1	6
175000	-20622.52455779747	-5003.155854125991	-15619.368703671478	-5003.155854125991	7.337740542764307E306	4.4780261852827343E307	0.832949316546997	1.4477437702524898	1.1901356444731643	0.3621205852743433	1.4477437702524898	1.1901356444731643	0.3621205852743433	0.12214153857521012	2.975506811506373E-309	0.0	0.0	3.0720844550445E-309	-13450.665788858598	4.2299892317815726E307	1.8895288317277236E307	2.9548722236713115E307	1.3631055198847133E307	7.255932059380938E306	2	1	7	3	6
176000	-20258.801628499405	-4617.809134939272	-15640.992493560132	-4617.809134939272	1.4666832370042776E307	6.406497087117935E307	0.832949316546997	1.4477437702524898	1.1901356444731643	0.3621205852743433	1.4477437702524898	1.1901356444731643	0.3621205852743433	0.22254493565333366	3.992555922045706E-309	0.0	0.0	3.9584236041381E-309	-13449.752070770981	3.1227268490799967E307	1.0030187504039992E307	1.3164863669490364E307	5.149001256699244E306	5.590168035573634E306	1	1	5	11	1
177000	-20362.86684084795	-4705.758248144972	-15657.108592702976	-4705.758248144972	6.034545731428878E306	3.7278075340768543E307	0.832949316546997	1.4477437702524898	1.1901356444731643	0.3621205852743433	1.4477437702524898	1.1901356444731643	0.3621205852743433	0.48835712873351633	7.08262420296095E-309	0.0	0.0	7.71386975838307E-309	-13446.111482636667	2.7665061311106437E307	1.359188968947918E307	1.1381846163277846E307	4.050001565057628E306	4.4370489365765165E306	1	8	8	1	1
178000	-20222.23401157079	-4614.284390685438	-15607.94962088535	-4614.284390685438	6.847554352470565E306	4.516535107371934E307	0.832949316546997	1.4477437702524898	1.1901356444731643	0.3621205852743433	1.4477437702524898	1.1901356444731643	0.3621205852743433	0.10100077482837903	1.177767530509682E-308	0.0	0.0	1.1781999269095846E-308	-13448.622615324035	9.702369498714693E306	1.5750855324757807E307	6.544430945190504E306	3.814717971974438E306	1.9133075284003385E306	2	14	1	1	1
179000	-20089.53721687491	-4453.334582764599	-15636.202634110308	-4453.334582764599	1.4693576966160656E307	1.0324550891769105E308	0.832949316546997	1.4477437702524898	1.1901356444731643	0.3621205852743433	1.4477437702524898	1.1901356444731643	0.3621205852743433	0.13431885885387765	3.976456087496876E-309	0.0	0.0	3.950430047936403E-309	-13464.002816732214	1.2971922506462119E308	7.455976766582026E307	2.8994844845838054E307	2.1568091182323537E307	8.235734794335129E306	4	3	1	7	4
180000	-20523.598953272784	-4855.850729793763	-15667.748223479019	-4855.850729793763	3.745129157870255E307	Infinity	0.832949316546997	1.4477437702524898	1.1901356444731643	0.3621205852743433	1.4477437702524898	1.1901356444731643	0.3621205852743433	0.16850644528046543	0.0	0.0	0.0	9.875547107936E-310	-13480.08951661735	6.200600190645097E307	6.870256120654626E307	2.568141687444469E307	3.6287572596628094E307	1.8445341764669486E307	4	5	1	8	1
181000	-20345.15434527225	-4700.66748383373	-15644.48686143852	-4700.66748383373	3.15814220262039E307	1.4941276186725712E308	0.832949316546997	0.6198422604932341	1.1901356444731643	1.1900220950335991	0.6198422604932341	1.1901356444731643	1.1900220950335991	0.12155560262365804	1.47429855464884E-309	0.0	0.0	1.45366997989312E-309	-13469.471467498119	1.4473498025165411E308	3.689205681238033E307	1.5707552065760615E307	2.3372553816022783E307	2.5505453062087746E307	1	3	1	10	4
182000	-20241.244491648213	-4552.292664595031	-15688.951827053183	-4552.292664595031	4.914131066511967E307	Infinity	0.832949316546997	0.6198422604932341	2.0848120497538236	0.2953456897529396	0.6198422604932341	2.0848120497538236	0.2953456897529396	0.36129460091917515	0.0	0.0	0.0	3.016124285807075E-309	-13476.52544786702	1.4473498025165411E308	9.326353897560788E307	5.063106216410951E307	1.2214142594399016E307	9.920531423722217E306	4	2	1	9	3
183000	-20092.127398782857	-4446.7623939266	-15645.365004856258	-4446.7623939266	1.6289812348040563E307	1.1989404912018187E308	0.832949316546997	0.6198422604932341	2.0848120497538236	0.2953456897529396	0.6198422604932341	2.0848120497538236	0.2953456897529396	0.13571685042651427	6.22865171927131E-309	0.0	0.0	5.97576978142553E-309	-13464.381640323892	1.125313063533654E308	4.4193729423578875E307	3.3081374589912555E307	1.304884354357769E307	1.5001352513447546E307	3	2	1	10	3
184000	-20519.802613620257	-4877.736557556224	-15642.066056064034	-4877.736557556224	3.0847707375184004E307	Infinity	0.832949316546997	0.35856917913945136	2.0848120497538236	0.5566187711067223	0.35856917913945136	2.0848120497538236	0.5566187711067223	0.10592757757556825	0.0	0.0	0.0	1.32360494596225E-310	-13470.707912079091	1.2374479424651018E308	1.4752564382345248E308	8.995596209588169E307	1.8741740222301528E307	6.52884333926403E306	3	2	1	10	3
185000	-20063.83995607769	-4417.806729553991	-15646.033226523696	-4417.806729553991	4.300891155439551E307	Infinity	0.832949316546997	0.35856917913945136	2.0848120497538236	0.5566187711067223	0.35856917913945136	2.0848120497538236	0.5566187711067223	0.09188451205538531	0.0	0.0	0.0	2.560940220274005E-309	-13487.301197424254	1.4324943939581017E308	5.332981653340908E307	5.544337536581779E307	4.372306578648793E307	1.9693441271001828E307	3	4	1	9	2
186000	-20611.979759111495	-4958.2319909214475	-15653.747768190047	-4958.2319909214475	2.1360076951830352E307	1.643779689274666E308	0.832949316546997	0.35856917913945136	1.0710468038521725	1.5703840170083734	0.35856917913945136	1.0710468038521725	1.5703840170083734	0.19139759310714138	3.66930736967786E-310	0.0	0.0	3.57034457965285E-310	-13470.529483817725	1.4360347614458286E308	4.040160932839702E307	2.0697725213210366E307	1.7388209251155304E307	7.890564805845619E306	3	5	8	1	2
187000	-20577.36000518828	-4884.966696929465	-15692.393308258814	-4884.966696929465	1.7920533632876917E307	Infinity	0.832949316546997	0.9773955027932657	0.45222048019835825	1.5703840170083734	0.9773955027932657	0.45222048019835825	1.5703840170083734	0.5274198851698354	0.0	0.0	0.0	6.2455351906525E-309	-13472.255404116091	1.4360347614458286E308	4.760659835784886E307	3.6411064872291503E307	6.504141124437934E306	4.298086677143834E306	2	7	5	3	2
188000	-19958.720112677678	-4274.071463987212	-15684.648648690467	-4274.071463987212	3.3078305761553184E307	Infinity	0.832949316546997	0.21612432455974628	2.051970776391882	0.731904899048369	0.21612432455974628	2.051970776391882	0.731904899048369	0.2814946686196057	0.0	0.0	0.0	7.1387244098088E-310	-13486.823140060353	1.4360347614458286E308	1.126746796747885E308	5.615443720947362E307	1.332721011735567E307	1.595193709617911E307	9	4	4	1	1
189000	-20077.47030217793	-4384.172816616912	-15693.29748556102	-4384.172816616912	3.636569979721908E307	Infinity	0.832949316546997	0.21612432455974628	2.051970776391882	0.731904899048369	0.21612432455974628	2.051970776391882	0.731904899048369	0.4238304259651339	0.0	0.0	0.0	1.11405185870579E-309	-13483.661378106397	8.86051156197885E307	1.0307060497255487E308	3.6913903414430627E307	2.0787875169299819E307	7.419959398871929E306	12	4	1	1	1
190000	-20314.33112110877	-4614.144643658426	-15700.186477450345	-4614.144643658426	5.634886415730135E307	Infinity	0.832949316546997	0.21612432455974628	2.051970776391882	0.731904899048369	0.21612432455974628	2.051970776391882	0.731904899048369	0.37566206404928526	0.0	0.0	0.0	2.29319570134694E-310	-13492.284401696668	9.1894658975979E307	1.093956170589308E308	4.086345486217623E307	2.0596770481168493E307	1.2513939237078526E307	1	15	1	1	1
191000	-20305.41595487197	-4631.689577146718	-15673.72637772525	-4631.689577146718	2.4867116940316283E307	1.2314605596238695E308	0.832949316546997	0.21612432455974628	2.051970776391882	0.731904899048369	0.21612432455974628	2.051970776391882	0.731904899048369	0.30499851103756764	9.6835797879525E-309	0.0	0.0	8.789338888289E-309	-13465.747730967587	7.812905503213464E307	2.2813218934059807E307	2.666216344370351E307	1.3181996317564718E307	7.32018481726124E306	4	10	1	3	1
192000	-20450.719843331382	-4768.160709572703	-15682.559133758677	-4768.160709572703	5.403728296260493E307	Infinity	0.832949316546997	0.21612432455974628	2.051970776391882	0.731904899048369	0.21612432455974628	2.051970776391882	0.731904899048369	0.258278934474539	0.0	0.0	0.0	3.664610736037193E-309	-13485.448076483215	1.7084921047614156E308	5.04292099769676E307	7.015962732986985E307	1.8898660176306856E307	1.3306425950081112E307	4	8	3	3	1
193000	-20235.141559099593	-4597.05024024912	-15638.091318850473	-4597.05024024912	4.519039506350873E307	Infinity	0.832949316546997	0.21612432455974628	2.051970776391882	0.731904899048369	0.21612432455974628	2.051970776391882	0.731904899048369	0.1236636485510839	0.0	0.0	0.0	9.7548049616821E-310	-13473.376857818226	6.471764360611025E307	4.753287772518026E307	2.1426572784637287E307	1.8523070268704006E307	1.0249712042672021E307	4	4	3	7	1
194000	-20232.108718970645	-4576.297478705486	-15655.811240265159	-4576.297478705486	2.1483064277245245E307	1.1580835256931796E308	0.832949316546997	0.21612432455974628	2.051970776391882	0.731904899048369	0.21612432455974628	2.051970776391882	0.731904899048369	0.24923625682925477	2.11606554059873E-309	0.0	0.0	2.39019058806698E-309	-13465.383228759023	3.426389981991679E307	3.1176085479301915E307	2.3462584803255603E307	2.6643736780670443E307	1.2931841998677659E307	5	4	3	5	2
195000	-20287.879797815407	-4583.382455859216	-15704.49734195619	-4583.382455859216	8.929726030163817E307	Infinity	0.832949316546997	0.21612432455974628	2.051970776391882	0.731904899048369	0.21612432455974628	2.051970776391882	0.731904899048369	0.3880560260761589	0.0	0.0	0.0	4.299914254374563E-309	-13485.104038031794	7.540960453625007E307	7.411480829203746E307	7.193876414482632E307	7.135340499237767E307	6.665858125475725E307	2	4	2	9	2
196000	-20111.278243184363	-4465.12334928556	-15646.154893898803	-4465.12334928556	1.996641717642809E307	1.5286737228989263E308	0.832949316546997	0.21612432455974628	2.051970776391882	0.731904899048369	0.21612432455974628	2.051970776391882	0.731904899048369	0.12906156989920384	7.21428379135947E-309	0.0	0.0	7.34125745618462E-309	-13473.149823644893	1.3290964500545088E308	8.629103705089396E307	4.459839245239467E307	3.1248039043515425E307	3.5929774768039897E307	3	3	2	9	2
197000	-20136.93592530398	-4483.399958283178	-15653.535967020802	-4483.399958283178	2.354605167095689E307	Infinity	0.832949316546997	0.21612432455974628	2.051970776391882	0.731904899048369	0.21612432455974628	2.051970776391882	0.731904899048369	0.18514769640592074	0.0	0.0	0.0	3.94074631837881E-309	-13469.400084765472	1.4251255223689927E308	1.4081733351965997E308	6.433531758172064E307	2.7717408519468857E307	4.2656927436411704E306	3	4	2	4	6
198000	-19961.250441318123	-4330.023415353752	-15631.22702596437	-4330.023415353752	9.178898740579365E306	9.000746084955732E307	0.832949316546997	0.21612432455974628	2.051970776391882	0.731904899048369	0.21612432455974628	2.051970776391882	0.731904899048369	0.11317285886034975	7.746738688114707E-309	0.0	0.0	7.610099582671916E-309	-13458.506499476967	9.156270239699578E307	5.99875991772097E307	4.817918216568006E307	1.5813341250219176E307	3.5267206894619425E306	3	4	4	2	6
199000	-20154.19666691963	-4526.556556948211	-15627.640109971418	-4526.556556948211	5.252086466523317E306	3.9971088613808367E307	0.832949316546997	0.21612432455974628	2.051970776391882	0.731904899048369	0.21612432455974628	2.051970776391882	0.731904899048369	0.19677506925741825	5.206708292908386E-309	0.0	0.0	5.087634995252606E-309	-13444.820512496755	2.9224572924151963E307	1.9297429548603214E307	1.2032829471850557E307	3.636760104616244E306	2.568838600821431E306	3	4	4	2	6
200000	-20181.33295088308	-4528.158339729003	-15653.174611154076	-4528.158339729003	1.7655547415061904E307	7.378069513968463E307	0.832949316546997	0.21612432455974628	2.051970776391882	0.731904899048369	0.21612432455974628	2.051970776391882	0.731904899048369	0.3334695345529226	1.4510221221738905E-308	0.0	0.0	1.419933470892691E-308	-13450.33644697363	4.3617379452137934E307	1.3310206025396784E307	7.043675781110118E306	1.6603709959756255E307	1.221743924313469E307	2	1	4	2	10
201000	-20307.389281334777	-4682.2457022670205	-15625.143579067757	-4682.2457022670205	9.548309201401773E306	4.347216910779556E307	0.832949316546997	0.21612432455974628	2.051970776391882	0.731904899048369	0.21612432455974628	2.051970776391882	0.731904899048369	0.1366843773188332	2.86785112539922E-309	0.0	0.0	2.821688025682957E-309	-13446.228187196983	2.430039452123548E307	2.0406449250554436E307	9.432345719552969E306	6.751563818518752E306	3.5704478455529514E306	2	2	9	1	5
202000	-20262.88290565028	-4639.052228188068	-15623.830677462212	-4639.052228188068	3.193618108698226E306	1.697947131077835E307	0.832949316546997	0.21612432455974628	2.051970776391882	0.731904899048369	0.21612432455974628	2.051970776391882	0.731904899048369	0.18489224097421741	1.115674628114566E-308	0.0	0.0	1.0281459636977585E-308	-13430.037479991766	7.682813890624834E306	5.122143241923762E306	5.592687685846386E306	4.5277443065334696E306	2.4007781085127834E306	3	1	3	8	4
203000	-20012.575219895203	-4386.009317387868	-15626.565902507336	-4386.009317387868	1.4671174908033706E307	5.957653083295636E307	0.832949316546997	0.21612432455974628	2.051970776391882	0.731904899048369	0.21612432455974628	2.051970776391882	0.731904899048369	0.14376092453327727	5.21301475587247E-309	0.0	0.0	5.063650702189275E-309	-13451.255204328801	1.7522218882229985E307	1.4924606883901533E307	6.450343620555713E306	8.075260823843004E306	1.0216363532843537E307	3	6	3	6	1
204000	-20220.57923829492	-4634.625627510722	-15585.953610784196	-4634.625627510722	6.224242136607036E306	2.6772104361428024E307	0.832949316546997	0.21612432455974628	2.051970776391882	0.731904899048369	0.21612432455974628	2.051970776391882	0.731904899048369	0.09951669233762732	1.77398575058041E-309	0.0	0.0	1.803974016761684E-309	-13435.7632639652	1.283190749389142E307	8.141553158314266E306	6.995290729701622E306	2.0681423281934195E306	2.6419202156894292E306	3	4	3	7	2
205000	-19758.8440204101	-4178.778078863828	-15580.065941546269	-4178.778078863828	5.792982744480157E306	2.1395004405204036E307	0.832949316546997	0.21612432455974628	2.051970776391882	0.731904899048369	0.21612432455974628	2.051970776391882	0.731904899048369	0.10527038010794468	2.99739088340909E-308	0.0	0.0	2.980480120097429E-308	-13427.356916941257	2.1172223769659502E306	1.7458600890840976E306	8.454148862944828E306	3.8833702178920196E306	2.3180251868118743E306	3	4	3	7	2
206000	-20045.448720774886	-4432.017791105168	-15613.43092966972	-4432.017791105168	3.566744585104428E306	1.6158973092810887E307	0.832949316546997	0.21612432455974628	2.051970776391882	0.731904899048369	0.21612432455974628	2.051970776391882	0.731904899048369	0.21057996749590285	2.91966220387377E-308	0.0	0.0	3.046766788147962E-308	-13426.863692689985	3.703627051138698E306	6.988665325704018E306	2.4413555439966047E306	2.352496421327192E306	1.2591415423906835E306	10	1	4	2	2
207000	-20067.929379604426	-4443.653514589141	-15624.275865015285	-4443.653514589141	1.1827470832227839E306	8.956298680355504E306	0.832949316546997	0.21612432455974628	2.051970776391882	0.731904899048369	0.21612432455974628	2.051970776391882	0.731904899048369	0.34268805230774146	4.3219066047605543E-308	0.0	0.0	4.782029905136133E-308	-13419.287832809798	4.8299544261066954E306	5.341446495198652E306	2.896952075871658E306	2.023308358732791E306	5.0851870044667944E305	5	5	1	2	6
208000	-20097.870939543154	-4473.1261438447145	-15624.74479569844	-4473.1261438447145	2.3602076713024794E306	1.7683549764616067E307	0.832949316546997	0.21612432455974628	2.051970776391882	0.731904899048369	0.21612432455974628	2.051970776391882	0.731904899048369	0.31263560340494556	1.585963548323433E-308	0.0	0.0	1.7578845132756157E-308	-13428.972222043376	3.159003222428091E307	1.712335731965296E307	1.8277401754110137E307	4.215431755068799E306	1.8871307543856307E306	2	3	1	4	9
209000	-20160.287936613175	-4545.74870276248	-15614.539233850694	-4545.74870276248	5.0491432122167E306	4.207460561084217E307	0.832949316546997	0.21612432455974628	2.051970776391882	0.731904899048369	0.21612432455974628	2.051970776391882	0.731904899048369	0.13252155176042235	2.49821143599045E-308	0.0	0.0	2.5466222555818434E-308	-13448.16816939312	1.003943145807308E307	1.7764094041941847E307	1.6847047198945073E307	1.152868022192711E307	6.612090887320501E306	2	3	1	4	9
210000	-19994.88090245855	-4359.063368933218	-15635.81753352533	-4359.063368933218	9.429941834389114E306	5.780235102155444E307	0.832949316546997	0.21612432455974628	2.051970776391882	0.731904899048369	0.21612432455974628	2.051970776391882	0.731904899048369	0.23980758379215325	1.443236158826502E-308	0.0	0.0	1.4814824276691264E-308	-13447.116504854539	5.861832471028325E307	2.257410607660537E307	1.8468554743724115E307	5.828922819541525E306	6.168062765548346E306	1	3	1	1	13
211000	-20495.73273242202	-4826.219331316509	-15669.513401105512	-4826.219331316509	9.457648193960371E306	4.26794133237228E307	0.832949316546997	0.21612432455974628	2.051970776391882	0.731904899048369	0.21612432455974628	2.051970776391882	0.731904899048369	0.3658641002800143	4.948539979644661E-308	0.0	0.0	4.599188400214528E-308	-13447.494739463476	4.578296800004875E307	1.8774459911134999E307	1.7767904124082356E307	7.877468772465782E306	3.497968463404752E306	1	2	10	3	3
212000	-20186.65512961669	-4514.085647433239	-15672.569482183451	-4514.085647433239	4.135574068626596E307	Infinity	0.832949316546997	0.21612432455974628	2.051970776391882	0.731904899048369	0.21612432455974628	2.051970776391882	0.731904899048369	0.28808528126830785	0.0	0.0	0.0	2.01168710541844E-309	-13474.474636238612	7.434095616266191E307	4.006356876057437E307	5.674479778506628E307	3.722264775938627E307	9.793084543211382E306	1	1	5	11	1
213000	-20236.916471481716	-4609.960966358539	-15626.955505123176	-4609.960966358539	1.7432012179412473E307	7.541642240255786E307	0.832949316546997	0.21612432455974628	2.051970776391882	0.731904899048369	0.21612432455974628	2.051970776391882	0.731904899048369	0.10577435846533378	5.83975206938984E-309	0.0	0.0	5.95758207087209E-309	-13454.165208995328	5.94130220291111E307	5.424546314197917E307	1.1235999170078814E307	1.0081659402490932E307	8.171657305430342E306	1	1	12	2	3
214000	-20121.529697167658	-4499.200055684592	-15622.329641483066	-4499.200055684592	2.6644484625000663E306	1.6190422975250992E307	0.832949316546997	0.21612432455974628	2.051970776391882	0.731904899048369	0.21612432455974628	2.051970776391882	0.731904899048369	0.3015971938309626	8.02558536960811E-309	0.0	0.0	7.955950563279273E-309	-13427.044951707703	3.845958211653476E307	1.358116751622891E307	4.631752086999641E306	4.0573794293620006E306	1.8064467410406457E306	1	1	3	6	8
215000	-19932.06954750713	-4345.300212032596	-15586.769335474533	-4345.300212032596	5.922751204333301E305	5.415475527497782E306	0.832949316546997	0.21612432455974628	2.051970776391882	0.731904899048369	0.21612432455974628	2.051970776391882	0.731904899048369	0.26443029994061684	2.936718860637141E-308	0.0	0.0	3.0133788634772454E-308	-13399.510073360114	9.899253268113125E306	3.73353330304675E306	9.673208956361068E305	7.873256266282345E305	2.680826403789057E305	1	1	8	1	8
216000	-20084.68977368941	-4492.0454276122855	-15592.644346077126	-4492.0454276122855	2.9401706681996336E305	2.567707077528677E306	0.832949316546997	0.21612432455974628	2.051970776391882	0.731904899048369	0.21612432455974628	2.051970776391882	0.731904899048369	0.4072000207689356	5.658722526023658E-308	0.0	0.0	5.254502413894584E-308	-13383.918445894518	5.351168874889324E306	1.0799497892114576E306	2.943921308988299E305	1.1378458422055193E305	1.5170425762677192E305	1	1	14	1	2
217000	-19961.855616266403	-4379.776191082137	-15582.079425184264	-4379.776191082137	4.884399038950129E305	4.009310996420683E306	0.832949316546997	0.21612432455974628	2.051970776391882	0.731904899048369	0.21612432455974628	2.051970776391882	0.731904899048369	0.32188485559507557	2.6957552793304143E-307	0.0	0.0	2.6855059272889532E-307	-13391.352335455364	4.8271450066222566E306	1.3020552383754454E306	7.091761170422709E305	3.4492815878798618E305	3.26398157685006E305	1	1	3	2	12
218000	-20061.394757278027	-4482.346341710191	-15579.048415567835	-4482.346341710191	3.339421606222291E305	4.549266635584402E306	0.832949316546997	0.9456619345948654	2.051970776391882	0.002367289013249896	0.9456619345948654	2.051970776391882	0.002367289013249896	0.2946788375578266	9.175771801012286E-308	0.0	0.0	1.022353649780256E-307	-13387.805041137686	1.7624810352017446E307	4.2720592525792907E306	9.289846140350916E305	2.6839913748305564E305	1.8018485140479967E305	1	1	10	2	5
219000	-20038.36847446569	-4410.933874343871	-15627.434600121818	-4410.933874343871	6.700009104772415E306	3.288170684623251E307	0.832949316546997	0.9456619345948654	2.051970776391882	0.002367289013249896	0.9456619345948654	2.051970776391882	0.002367289013249896	0.32650018988766627	9.034190388701747E-309	0.0	0.0	9.2839826006281E-309	-13424.749922453746	4.637513618122482E307	2.742024768339852E306	1.647186580980232E306	2.8548801264672214E306	3.051486602735434E306	1	3	8	2	5
220000	-20056.95188280769	-4425.970853291638	-15630.981029516053	-4425.970853291638	3.193869357459928E306	3.398391765861791E307	0.832949316546997	0.9456619345948654	2.051970776391882	0.002367289013249896	0.9456619345948654	2.051970776391882	0.002367289013249896	0.26788819985602785	1.8143618017640345E-308	0.0	0.0	1.8256179325657226E-308	-13435.9466161302	2.844983099562769E307	1.1577630808587496E307	1.3669367767967878E307	8.82940446457534E306	8.970782842026174E305	3	3	4	1	8
221000	-20161.650477844887	-4500.101908025408	-15661.548569819479	-4500.101908025408	7.526363668131463E306	7.816177437824413E307	0.832949316546997	0.6314225597662992	2.3662101512204483	0.002367289013249896	0.6314225597662992	2.3662101512204483	0.002367289013249896	0.30779255814778445	5.66012357730935E-309	0.0	0.0	5.65011663444276E-309	-13461.998685756886	7.730056443530297E307	1.9916544599671516E307	8.040870577332502E306	4.3747042718462344E306	5.1320127112761975E306	5	3	3	2	6
222000	-20327.19420742326	-4666.5575051940605	-15660.6367022292	-4666.5575051940605	1.1746013226723156E307	6.55504785195206E307	0.832949316546997	0.6314225597662992	2.3662101512204483	0.002367289013249896	0.6314225597662992	2.3662101512204483	0.002367289013249896	0.29999605336794566	1.6558740442650706E-308	0.0	0.0	1.565740399380777E-308	-13454.595458827307	1.0408798745141908E308	4.3230497541071845E307	2.0364538045744108E307	1.8200016553064923E307	1.585466178137472E306	1	3	5	4	6
223000	-20068.45074324052	-4454.571387264929	-15613.879355975589	-4454.571387264929	4.795299509540875E306	5.298525941626278E307	0.832949316546997	0.901215858817046	2.0964168521697015	0.002367289013249896	0.901215858817046	2.0964168521697015	0.002367289013249896	0.15105124786564647	1.6000532708247227E-308	0.0	0.0	1.5974792662500563E-308	-13446.96149334355	3.3434229615342716E307	3.333115686302431E307	9.616416648929061E306	3.7287966209489605E306	1.5556766074561573E306	4	2	5	4	4
224000	-20218.47422344019	-4578.330732389883	-15640.143491050307	-4578.330732389883	5.741723342964446E306	4.0010909586313493E307	0.832949316546997	0.901215858817046	2.0964168521697015	0.002367289013249896	0.901215858817046	2.0964168521697015	0.002367289013249896	0.30147717117510486	1.2135498024308206E-308	0.0	0.0	1.1415171658232893E-308	-13445.257517341217	2.0853408941622026E307	2.282905532542276E307	1.4696089532019176E307	3.3796019598367814E306	2.481479626615175E306	4	1	3	7	4
225000	-20360.909694486545	-4695.861489648932	-15665.048204837613	-4695.861489648932	3.2330858540354086E307	1.4538589554237797E308	0.832949316546997	0.901215858817046	2.0964168521697015	0.002367289013249896	0.901215858817046	2.0964168521697015	0.002367289013249896	0.2891479797212652	2.29176586580535E-309	0.0	0.0	2.0378208441804E-309	-13465.527619908244	7.318844096869226E307	2.1998428836666164E307	5.927690616339519E306	1.3582937550951534E307	9.459942041870306E306	4	1	3	7	4
226000	-20112.04391873381	-4437.5941886542505	-15674.44973007956	-4437.5941886542505	1.4895450686851568E307	1.2766933803375527E308	0.832949316546997	0.901215858817046	2.0964168521697015	0.002367289013249896	0.901215858817046	2.0964168521697015	0.002367289013249896	0.31593006717422606	2.674340379135744E-309	0.0	0.0	2.811940547614274E-309	-13467.383186459127	1.0508478371548058E308	3.5105441453984024E307	3.5796263790603304E307	3.187788472356179E307	8.383946142164213E306	2	2	4	7	4
227000	-20439.804499346214	-4757.766064107377	-15682.038435238837	-4757.766064107377	6.57808143151358E307	Infinity	0.832949316546997	0.901215858817046	2.0964168521697015	0.002367289013249896	0.901215858817046	2.0964168521697015	0.002367289013249896	0.22761738898441164	0.0	0.0	0.0	1.34980293851738E-309	-13482.525808070199	7.56537132865173E307	5.978124715652334E307	4.216227912493872E307	2.494387861583666E307	4.158507759447978E307	1	6	8	2	2
228000	-20387.96319984169	-4708.494580310292	-15679.4686195314	-4708.494580310292	5.088464095748212E307	Infinity	0.832949316546997	0.901215858817046	2.0964168521697015	0.002367289013249896	0.901215858817046	2.0964168521697015	0.002367289013249896	0.2576443571163482	0.0	0.0	0.0	5.3674572165301E-310	-13485.277207309502	1.7971240059380442E308	9.410881222975674E307	4.822333383837638E307	1.3189242397642395E307	1.7544071443426802E307	2	6	8	2	1
229000	-20392.82344451395	-4698.777173735223	-15694.046270778726	-4698.777173735223	1.018444759080191E308	Infinity	0.832949316546997	0.901215858817046	2.0964168521697015	0.002367289013249896	0.901215858817046	2.0964168521697015	0.002367289013249896	0.2031389061524982	0.0	0.0	0.0	1.079240136801674E-309	-13499.963974551198	1.6165613945827396E308	1.4991420329895497E308	1.4264787637843117E308	5.641195563164342E307	4.040104582726605E307	9	6	1	2	1
230000	-20543.166905631384	-4843.385013263283	-15699.781892368099	-4843.385013263283	4.530259901245672E307	Infinity	0.832949316546997	0.05049765447589194	2.947135056510856	0.002367289013249896	0.05049765447589194	2.947135056510856	0.002367289013249896	0.34991877699698837	0.0	0.0	0.0	1.489853273407516E-309	-13486.829469335138	1.1092217917117041E308	1.733166778051968E308	9.45470337430878E307	6.40472782252173E307	4.820579778697279E307	2	4	6	2	5
231000	-20243.104509679495	-4580.217525232742	-15662.886984446752	-4580.217525232742	1.9503127840860986E307	1.0342576354293436E308	0.832949316546997	0.05049765447589194	1.8664089037687386	1.0830934417553673	0.05049765447589194	1.8664089037687386	1.0830934417553673	0.27172629305235546	3.807028667994163E-309	0.0	0.0	3.873339546556706E-309	-13459.348191093173	4.884872815454449E307	1.6236728961961812E307	1.974239123495281E307	2.1875823698298375E307	6.860783298275572E306	1	5	5	3	5
232000	-20160.995731563373	-4494.764449301921	-15666.231282261453	-4494.764449301921	1.7820136172195004E307	1.1667810828984902E308	0.832949316546997	0.05049765447589194	1.8664089037687386	1.0830934417553673	0.05049765447589194	1.8664089037687386	1.0830934417553673	0.26932227258654223	6.13107705807961E-309	0.0	0.0	6.534764837136933E-309	-13463.940461320522	1.0311265209600646E308	4.2384639652149444E307	5.66283523706832E307	1.204664361644469E307	1.846907823362363E307	1	1	1	7	9
233000	-20196.857924656793	-4510.795630054272	-15686.062294602521	-4510.795630054272	1.3996606995916345E308	Infinity	0.832949316546997	0.05049765447589194	1.8664089037687386	1.0830934417553673	0.05049765447589194	1.8664089037687386	1.0830934417553673	0.28864764206417354	0.0	0.0	0.0	1.81613858681402E-309	-13484.390255300734	9.368526648173074E307	1.196579153603817E308	8.092143199451505E307	5.538226471986987E307	8.221900253864586E307	1	1	1	9	7
234000	-20317.56402896461	-4624.944225654167	-15692.619803310445	-4624.944225654167	1.2365765781997662E308	Infinity	0.832949316546997	0.05049765447589194	1.8664089037687386	1.0830934417553673	0.05049765447589194	1.8664089037687386	1.0830934417553673	0.22200363584139599	0.0	0.0	0.0	9.56859269430706E-310	-13490.827310851002	1.6596329050313578E308	1.1134017874728327E308	5.517548608682226E307	1.1030343941822636E308	4.667125903349915E307	1	1	1	15	1
235000	-20100.411189522623	-4428.79827418455	-15671.612915338072	-4428.79827418455	1.632849436106667E307	1.108561884525291E308	0.832949316546997	0.05049765447589194	1.8664089037687386	1.0830934417553673	0.05049765447589194	1.8664089037687386	1.0830934417553673	0.2641992906340236	1.4367326267914E-309	0.0	0.0	1.311575582753325E-309	-13466.940288324153	3.6994565610728744E307	2.3813833693336973E307	1.393785499873114E307	2.4110314168510366E307	1.8234650649797038E307	4	2	1	7	5
236000	-19926.782744228065	-4264.20208902022	-15662.580655207845	-4264.20208902022	1.1613417956050367E307	1.2535863660387639E308	0.832949316546997	0.05049765447589194	1.8664089037687386	1.0830934417553673	0.05049765447589194	1.8664089037687386	1.0830934417553673	0.2586077998669521	5.815691121960033E-309	0.0	0.0	5.605814349003984E-309	-13467.10140908609	8.643320213454689E307	3.8399083366791527E307	3.198390732221742E307	1.0289078642191459E307	3.409246150750237E306	4	6	2	2	5
237000	-20155.8663252096	-4514.365360116421	-15641.500965093179	-4514.365360116421	9.1870211837651E306	9.929480186135784E307	0.832949316546997	0.05049765447589194	1.8664089037687386	1.0830934417553673	0.05049765447589194	1.8664089037687386	1.0830934417553673	0.16771692477345282	1.3766790493094146E-308	0.0	0.0	1.3671842021029424E-308	-13462.097551865008	1.0100862632242478E308	3.372723174550879E307	1.8910669441896527E307	9.907639339251985E306	5.360505456366726E306	4	7	1	2	5
238000	-20406.498021001302	-4758.89100398979	-15647.607017011513	-4758.89100398979	7.450738957466039E306	6.054556073647634E307	0.832949316546997	0.05049765447589194	1.8664089037687386	1.0830934417553673	0.05049765447589194	1.8664089037687386	1.0830934417553673	0.22737285121857714	2.862948652823877E-309	0.0	0.0	2.865422522564377E-309	-13455.764312406931	2.1798284270908684E307	3.8670099690656583E307	1.3984101843057354E307	1.0105667094898297E307	6.53485895884749E306	4	2	2	5	6
239000	-20147.457627164862	-4476.655915386552	-15670.80171177831	-4476.655915386552	2.4667596788494013E307	Infinity	0.832949316546997	0.05049765447589194	1.8664089037687386	1.0830934417553673	0.05049765447589194	1.8664089037687386	1.0830934417553673	0.2667453090269194	0.0	0.0	0.0	9.6315215133682E-310	-13478.815808962026	8.205728276106268E307	5.803088378573282E307	8.370462165858775E307	3.7685746206079585E307	1.8748987628670046E307	4	4	2	5	4
240000	-20137.975011615723	-4466.396139490857	-15671.578872124865	-4466.396139490857	2.13869371361413E307	1.4453623863987751E308	0.832949316546997	0.17509612067332314	1.8664089037687386	0.9584949755579361	0.17509612067332314	1.8664089037687386	0.9584949755579361	0.27240380519628005	1.10337111499896E-309	0.0	0.0	1.14854163935669E-309	-13471.316775047286	1.7120025332592977E308	6.391659511319155E307	7.789785181757857E307	2.222718190975251E307	9.467771770719337E306	6	1	2	6	4
241000	-20206.480511325342	-4531.068996549433	-15675.41151477591	-4531.068996549433	5.544129241285652E307	Infinity	0.832949316546997	0.17509612067332314	1.8664089037687386	0.9584949755579361	0.17509612067332314	1.8664089037687386	0.9584949755579361	0.16805915885103398	0.0	0.0	0.0	1.4631961783944E-309	-13484.698726036528	1.4514136211682815E308	8.043193799063862E307	6.128481020189149E307	8.30890516131542E307	2.274783279922968E307	7	1	4	3	4
242000	-20048.874877784627	-4393.9855087297265	-15654.889369054901	-4393.9855087297265	7.190211727158814E307	Infinity	0.832949316546997	0.17509612067332314	1.8664089037687386	0.9584949755579361	0.17509612067332314	1.8664089037687386	0.9584949755579361	0.13564169670614512	0.0	0.0	0.0	1.907620090774E-309	-13479.062239943923	7.064055297658516E307	6.489697846860478E307	3.95802908298997E307	3.068506662675188E307	2.7884582129217716E307	4	4	2	5	4
243000	-20351.155957899384	-4706.227309814674	-15644.928648084708	-4706.227309814674	3.7144367196309277E307	Infinity	0.832949316546997	0.17509612067332314	1.8664089037687386	0.9584949755579361	0.17509612067332314	1.8664089037687386	0.9584949755579361	0.11018948267336912	0.0	0.0	0.0	2.22498316127381E-309	-13478.460404191344	9.757157229941075E307	1.0937169982318529E308	3.429652679405366E307	3.980892137052414E307	3.144963805006361E307	7	1	5	3	3
244000	-20044.31442300814	-4405.189032185499	-15639.125390822643	-4405.189032185499	6.532843380828819E306	5.585244080984646E307	0.832949316546997	0.17509612067332314	1.8664089037687386	0.9584949755579361	0.17509612067332314	1.8664089037687386	0.9584949755579361	0.219085804877177	1.3192672305343047E-308	0.0	0.0	1.3560740182290454E-308	-13452.230017765129	4.3886351920563324E307	3.9098003182763823E307	3.5138543437743434E307	1.171150549860595E307	3.598344529706477E306	2	3	2	10	2
245000	-20012.61113793806	-4339.487473819856	-15673.123664118204	-4339.487473819856	2.5451575933217795E307	Infinity	0.832949316546997	0.17509612067332314	1.8664089037687386	0.9584949755579361	0.17509612067332314	1.8664089037687386	0.9584949755579361	0.30668535138065134	0.0	0.0	0.0	1.285171577038197E-309	-13471.916338841438	1.0616593636210459E308	4.591878340068297E307	2.26622874449314E307	2.197789221417496E307	1.1328571893898186E307	2	4	11	1	1
246000	-20054.936331676254	-4376.711090510626	-15678.22524116563	-4376.711090510626	2.8041326901133836E307	Infinity	0.832949316546997	0.17509612067332314	2.5780831104634077	0.24682076886326698	0.17509612067332314	2.5780831104634077	0.24682076886326698	0.29682613247395834	0.0	0.0	0.0	4.7811863538601E-310	-13471.542657643207	1.0616593636210459E308	4.3031084036475015E307	2.0896482702927755E307	2.452596037855471E307	1.9536707856598795E307	2	4	10	2	1
247000	-20637.446242639235	-4923.630491407233	-15713.815751232001	-4923.630491407233	1.2526951644476903E308	Infinity	0.832949316546997	0.17509612067332314	1.017036219470242	1.8078676598564325	0.17509612067332314	1.017036219470242	1.8078676598564325	0.39427897443031035	0.0	0.0	0.0	5.58055262496133E-310	-13491.542180438617	1.2290797574076067E308	1.2436607994298072E308	9.523340270308758E307	1.0101977025149698E308	3.294394087543121E307	2	4	3	9	1
248000	-20247.31885369608	-4531.685185112486	-15715.633668583596	-4531.685185112486	1.1544358956487611E308	Infinity	0.832949316546997	0.17509612067332314	1.017036219470242	1.8078676598564325	0.17509612067332314	1.017036219470242	1.8078676598564325	0.34939034469818975	0.0	0.0	0.0	2.9546155117521E-310	-13496.993279753236	1.181382910096091E308	1.5414846542056232E308	1.1995063505546486E308	4.1746581504845565E307	2.1427091374585197E307	4	4	9	1	1
249000	-20189.49016971622	-4519.508486139412	-15669.981683576809	-4519.508486139412	6.22412415677453E307	Infinity	0.832949316546997	0.17509612067332314	1.017036219470242	1.8078676598564325	0.17509612067332314	1.017036219470242	1.8078676598564325	0.19328567386111556	0.0	0.0	0.0	2.8190229944363E-310	-13494.24034147525	1.7197109890197874E308	5.985080199274147E307	2.4846071674791664E307	1.6418216250081532E307	1.0715161842812918E307	10	6	1	1	1
250000	-20195.41720145084	-4484.7617540346955	-15710.655447416144	-4484.7617540346955	8.035661152239445E307	Infinity	0.832949316546997	0.17509612067332314	1.017036219470242	1.8078676598564325	0.17509612067332314	1.017036219470242	1.8078676598564325	0.30622047902967814	0.0	0.0	0.0	6.3849612924006E-310	-13500.10377170713	1.2633323656388504E308	9.32218601026176E307	1.9343605103400085E307	1.2140586432488232E307	2.0748309705145193E307	13	3	1	1	1
251000	-20061.743730783885	-4410.790632047777	-15650.953098736109	-4410.790632047777	2.1321878516512636E307	1.5278259745567367E308	0.832949316546997	0.17509612067332314	2.1335654113599047	0.6913384679667698	0.17509612067332314	2.1335654113599047	0.6913384679667698	0.15821317949756564	4.136444706491096E-309	0.0	0.0	4.138897645168124E-309	-13470.972435147358	5.581188793328578E307	3.801669906480356E307	7.500720136673693E306	3.355867612412031E306	6.471486138668263E306	10	3	4	1	1
252000	-20393.479356030857	-4752.915282325751	-15640.564073705105	-4752.915282325751	1.3149521199644469E307	1.1662130905977126E308	0.832949316546997	0.17509612067332314	2.1335654113599047	0.6913384679667698	0.17509612067332314	2.1335654113599047	0.6913384679667698	0.17071454223186544	7.85307848213651E-309	0.0	0.0	7.82477536107132E-309	-13467.369414541401	5.166373948674926E307	2.643148098841576E307	2.2548530055789433E307	1.1113976711824858E307	1.848502842470561E306	10	3	4	1	1
253000	-19972.255407475503	-4303.2612480711305	-15668.994159404374	-4303.2612480711305	2.75440060835686E307	Infinity	0.832949316546997	0.17509612067332314	2.1335654113599047	0.6913384679667698	0.17509612067332314	2.1335654113599047	0.6913384679667698	0.18816219335902862	0.0	0.0	0.0	1.579303864690277E-309	-13480.89690152837	1.180728012819576E308	5.868729497247489E307	1.3571680087187153E307	9.377941273194174E306	7.141824899790948E306	10	2	5	1	1
254000	-20102.74291360803	-4445.795888782233	-15656.947024825797	-4445.795888782233	2.523449876310234E307	Infinity	0.832949316546997	0.17509612067332314	2.1335654113599047	0.6913384679667698	0.17509612067332314	2.1335654113599047	0.6913384679667698	0.15189777760972453	0.0	0.0	0.0	4.52355382167348E-309	-13479.894214936205	1.4271141430968674E308	2.7235845067205596E307	7.159056953995233E306	3.3953888104170177E306	3.603899408388608E306	10	2	5	1	1
255000	-20347.3560538472	-4677.649222531452	-15669.706831315749	-4677.649222531452	2.3455096429732666E307	1.2861652672885866E308	0.832949316546997	0.17509612067332314	2.1335654113599047	0.6913384679667698	0.17509612067332314	2.1335654113599047	0.6913384679667698	0.28449418334442333	4.248392267229525E-309	0.0	0.0	4.081362362086394E-309	-13467.44033856042	4.868575399744487E307	4.823148402531328E307	1.9863098222794982E307	9.215640023561552E306	1.5307825980307568E307	7	5	5	1	1
256000	-20297.25217390596	-4618.60770377275	-15678.64447013321	-4618.60770377275	1.9589787814009563E307	1.0656227927993828E308	0.832949316546997	0.7498061264273898	2.1335654113599047	0.11662846221270318	0.7498061264273898	2.1335654113599047	0.11662846221270318	0.33473797781781783	6.00751859517934E-309	0.0	0.0	5.863432878709743E-309	-13467.225720428258	9.546350635577134E307	3.713147610888484E307	1.8618855001231482E307	1.277355134044684E307	1.0130996433814626E307	4	2	7	4	2
257000	-20228.63496110968	-4557.805573536407	-15670.829387573276	-4557.805573536407	3.8228418629252856E307	Infinity	0.832949316546997	0.7498061264273898	0.9203949356373968	1.329798937935211	0.7498061264273898	0.9203949356373968	1.329798937935211	0.20304528202912883	0.0	0.0	0.0	2.23944995540371E-309	-13485.387980767095	8.438255580721858E307	7.124926528350513E307	3.9801460310015233E307	1.1346490175413255E307	2.30126724298887E307	3	2	7	4	3
258000	-20402.693936870077	-4717.562828462825	-15685.131108407253	-4717.562828462825	4.833385820209819E307	Infinity	0.832949316546997	0.7498061264273898	0.9203949356373968	1.329798937935211	0.7498061264273898	0.9203949356373968	1.329798937935211	0.3047115638282602	0.0	0.0	0.0	1.80670930521935E-309	-13484.048314079726	1.278515597316169E308	8.738344525940588E307	3.9801460310015233E307	2.0203245047174854E307	1.721133902764263E307	3	2	7	4	3
259000	-20577.156405025402	-4896.480958115391	-15680.675446910009	-4896.480958115391	6.954807328470287E307	Infinity	0.832949316546997	0.7498061264273898	0.9203949356373968	1.329798937935211	0.7498061264273898	0.9203949356373968	1.329798937935211	0.22861816865090415	0.0	0.0	0.0	1.593559867572947E-309	-13485.747318490508	6.844255060898979E307	8.990756530602393E307	1.050948106331945E308	3.92571452951917E307	4.599168633653827E307	1	3	7	2	6
260000	-20903.801100489432	-5210.484432495386	-15693.316667994046	-5210.484432495386	5.080993592637952E307	Infinity	0.832949316546997	0.7498061264273898	0.9203949356373968	1.329798937935211	0.7498061264273898	0.9203949356373968	1.329798937935211	0.34810017816210487	0.0	0.0	0.0	8.55130226801776E-310	-13477.977846324668	1.2626904958767012E308	9.139198486624351E307	2.222559096299675E307	4.774673137494842E307	3.4356788108191995E307	1	2	7	2	7
261000	-20186.16015704759	-4515.734677578286	-15670.425479469302	-4515.734677578286	1.6002734219309238E307	1.109181813027096E308	0.832949316546997	0.38667083754579573	0.9203949356373968	1.692934226816805	0.38667083754579573	0.9203949356373968	1.692934226816805	0.27340057909759435	2.87823012928158E-309	0.0	0.0	2.5477272157915E-309	-13465.466157349401	1.0900555468974203E308	2.3582323108664714E307	3.2107476686382803E307	1.6343429314955812E307	1.442530148913759E307	2	1	7	1	8
262000	-20339.87514273617	-4687.429070645894	-15652.446072090279	-4687.429070645894	8.2332668585381E306	5.757290612366059E307	0.832949316546997	0.38667083754579573	0.9203949356373968	1.692934226816805	0.38667083754579573	0.9203949356373968	1.692934226816805	0.274097698602797	1.5814493198861064E-308	0.0	0.0	1.5932656312330266E-308	-13451.717040847612	2.3223117890090433E307	2.854744807332287E307	1.1460641334345033E307	1.9541630409304957E306	3.829969694140061E306	1	3	4	4	7
263000	-20426.116829343333	-4830.538454667651	-15595.578374675682	-4830.538454667651	7.777826748829383E306	3.7288632568216214E307	0.832949316546997	0.38667083754579573	0.9203949356373968	1.692934226816805	0.38667083754579573	0.9203949356373968	1.692934226816805	0.09685288265812662	1.6923995898679717E-308	0.0	0.0	1.632808139472877E-308	-13438.037429265936	1.0090757897537132E307	5.100263862508785E306	1.680043312012481E306	3.20725949021774E306	6.2594262871836E306	1	4	1	4	9
264000	-20469.063297364715	-4819.744561769508	-15649.318735595209	-4819.744561769508	1.4677214930407224E307	8.012695254055073E307	0.832949316546997	0.38667083754579573	0.9203949356373968	1.692934226816805	0.38667083754579573	0.9203949356373968	1.692934226816805	0.26750333035783913	1.62576180686374E-309	0.0	0.0	1.492860185912205E-309	-13455.977604406222	2.8766933829934223E307	1.3808394240700634E307	8.259072798815723E306	8.882526070540386E306	6.2594262871836E306	1	4	10	3	1
265000	-20174.41247742786	-4514.742236770877	-15659.670240656984	-4514.742236770877	9.034994271867525E306	8.337303692833002E307	0.832949316546997	0.38667083754579573	1.6264847067980537	0.9868444556561482	0.38667083754579573	1.6264847067980537	0.9868444556561482	0.3368356640254076	1.1916206196633776E-308	0.0	0.0	1.2476463959971706E-308	-13458.213244236595	6.228509728622238E307	4.796799403943811E307	1.6164358569113024E307	3.1727302639110565E306	2.0415551781886564E306	1	4	11	2	1
266000	-20056.971699552636	-4381.935669708575	-15675.036029844061	-4381.935669708575	1.854299587098463E307	1.309739960851853E308	0.832949316546997	0.38667083754579573	1.6264847067980537	0.9868444556561482	0.38667083754579573	1.6264847067980537	0.9868444556561482	0.3617730595781679	3.596731916150084E-309	0.0	0.0	3.622366342385207E-309	-13468.229284545134	7.84487945040375E307	8.688045013112914E307	1.6164358569113024E307	5.091284086969045E306	5.3979597046953744E306	1	4	11	2	1
267000	-20069.912993335187	-4447.938428460883	-15621.974564874303	-4447.938428460883	5.467054291024806E306	4.168707414251653E307	0.832949316546997	0.38667083754579573	1.6264847067980537	0.9868444556561482	0.38667083754579573	1.6264847067980537	0.9868444556561482	0.12736339175882874	1.251875925201625E-308	0.0	0.0	1.232270697266128E-308	-13448.920379755687	6.741709466250848E307	1.5970366451972953E307	1.1204789171290411E307	3.2056998417537124E306	2.1402470653959115E306	2	4	10	2	1
268000	-20278.121976459523	-4633.311827656609	-15644.810148802911	-4633.311827656609	4.938617336904182E306	3.274428325287906E307	0.832949316546997	0.38667083754579573	1.6264847067980537	0.9868444556561482	0.38667083754579573	1.6264847067980537	0.9868444556561482	0.3296333881902586	1.5405417945289233E-308	0.0	0.0	1.6271785782621913E-308	-13442.971382374682	8.639105555581934E306	7.433571857966405E306	4.81668381022379E306	4.0699346007856184E306	1.6847431480456275E306	2	5	8	2	2
269000	-20602.91292634465	-4923.966427087315	-15678.946499257334	-4923.966427087315	7.958435334210994E306	6.374744884034389E307	0.832949316546997	0.38667083754579573	1.6264847067980537	0.9868444556561482	0.38667083754579573	1.6264847067980537	0.9868444556561482	0.6287999388780708	3.588629590006397E-309	0.0	0.0	3.75279464189725E-309	-13455.969159801174	6.690235385543057E307	2.8522342306959663E307	1.5937774664856424E307	8.607420130250143E306	4.325480704490567E306	2	5	2	8	2
270000	-20387.48267780247	-4720.449453188556	-15667.033224613913	-4720.449453188556	7.245649592487244E306	4.193544926563941E307	0.832949316546997	0.38667083754579573	1.6264847067980537	0.9868444556561482	0.38667083754579573	1.6264847067980537	0.9868444556561482	0.4801889159113168	9.774800601584553E-309	0.0	0.0	9.625988398882816E-309	-13446.880703363378	3.3493802722565807E307	1.0808327065134435E307	1.3041694408802524E307	4.737870308942683E306	3.4401143328376914E306	4	3	2	3	7
271000	-19961.854242853013	-4328.703480059802	-15633.15076279321	-4328.703480059802	3.727366008163431E306	2.0687498297277196E307	0.832949316546997	0.38667083754579573	1.6264847067980537	0.9868444556561482	0.38667083754579573	1.6264847067980537	0.9868444556561482	0.25742379711735847	2.2448749991376103E-308	0.0	0.0	2.0288809467112204E-308	-13434.253057034433	9.912423629323983E306	8.651886194631249E306	4.790154503653179E306	2.852628677933799E306	2.7601199706022987E306	3	6	3	4	3
272000	-20146.599274822096	-4499.810096215749	-15646.789178606346	-4499.810096215749	6.58597127832083E306	4.3919135856577695E307	0.832949316546997	0.38667083754579573	1.6264847067980537	0.9868444556561482	0.38667083754579573	1.6264847067980537	0.9868444556561482	0.2723929176057728	8.75688776008953E-309	0.0	0.0	8.944573244672136E-309	-13442.701467678398	4.534973501067514E307	3.0424098291681763E307	1.32080637312353E307	9.648697390880114E306	2.494508676829007E306	3	1	3	4	8
273000	-20245.45469290144	-4581.447880689981	-15664.006812211459	-4581.447880689981	2.1622215709995064E307	Infinity	0.832949316546997	1.3105309224435524	0.702624621900297	0.9868444556561482	1.3105309224435524	0.702624621900297	0.9868444556561482	0.1878758122509602	0.0	0.0	0.0	2.15722144895978E-309	-13472.849361836154	1.5782754475874862E308	7.16730522495725E307	4.0541152202202006E307	1.4824469406047289E307	1.3310996484060552E307	2	1	4	11	1
274000	-20149.44055269855	-4487.663441044744	-15661.777111653804	-4487.663441044744	4.0687985589600175E307	1.6267003933447384E308	0.832949316546997	1.3105309224435524	0.702624621900297	0.9868444556561482	1.3105309224435524	0.702624621900297	0.9868444556561482	0.20857212448904533	1.732458497144684E-309	0.0	0.0	1.793594335274393E-309	-13466.153989849063	1.5868478836981685E308	6.466772096320287E307	1.4257619631783537E307	2.5491586877882585E307	1.7209232141574558E307	4	1	2	11	1
275000	-20572.398714414827	-4892.774942250784	-15679.623772164041	-4892.774942250784	1.8476046914020945E307	1.3845613156599296E308	0.832949316546997	1.3105309224435524	0.702624621900297	0.9868444556561482	1.3105309224435524	0.702624621900297	0.9868444556561482	0.34598605122045223	7.6586385402548E-309	0.0	0.0	7.587249300039954E-309	-13469.168649706759	1.281175412369838E308	6.933412576717805E307	1.071087634473455E308	2.4769053110175945E307	1.4577342137927425E307	1	2	1	3	12
276000	-20308.88698240507	-4644.490780052605	-15664.396202352464	-4644.490780052605	4.513256623935935E307	Infinity	0.832949316546997	1.3105309224435524	0.702624621900297	0.9868444556561482	1.3105309224435524	0.702624621900297	0.9868444556561482	0.2162878260332654	0.0	0.0	0.0	4.467735478823704E-309	-13474.2649204576	1.3001473714974092E308	4.718246701521733E307	2.7894029252353077E307	1.3485268495167913E307	1.153197583358259E307	2	1	10	3	3
277000	-20438.232782054492	-4795.451793793312	-15642.78098826118	-4795.451793793312	1.5084955733924634E307	1.1459106258773823E308	0.832949316546997	0.25496913013895606	0.702624621900297	2.0424062479607445	0.25496913013895606	0.702624621900297	2.0424062479607445	0.14838396119428626	1.523392058885033E-309	0.0	0.0	1.494231213564337E-309	-13467.646454393194	9.606326857031766E307	5.019250772275746E307	4.616202952296734E307	8.632626416490845E306	9.320274839169101E306	2	6	6	2	3
278000	-20550.9117965093	-4895.23374153954	-15655.67805496976	-4895.23374153954	4.4287579099800327E307	Infinity	0.832949316546997	1.3015245554910475	0.702624621900297	0.9958508226086531	1.3015245554910475	0.702624621900297	0.9958508226086531	0.17440056525927847	0.0	0.0	0.0	6.889794565211505E-309	-13473.29498080343	6.880174513969495E307	6.045802994249689E307	7.515373283748794E307	1.7665616221026072E307	2.5050520279290317E307	2	7	1	2	7
279000	-20968.820773884632	-5279.2128434484375	-15689.607930436196	-5279.2128434484375	3.5715095037645304E307	Infinity	0.832949316546997	1.3015245554910475	0.702624621900297	0.9958508226086531	1.3015245554910475	0.702624621900297	0.9958508226086531	0.32005960909277414	0.0	0.0	0.0	8.416150609033846E-309	-13481.97867820752	3.626691026443935E307	6.045802994249689E307	7.560158657546726E307	4.375208244359012E307	2.315280967165628E307	2	7	2	1	7
280000	-20504.578841558843	-4849.022856318151	-15655.555985240693	-4849.022856318151	8.053839268085459E306	4.0973095715246716E307	0.832949316546997	1.3015245554910475	0.702624621900297	0.9958508226086531	1.3015245554910475	0.702624621900297	0.9958508226086531	0.4051499196730781	9.61310445469402E-309	0.0	0.0	8.64826471534523E-309	-13445.650401881208	4.119485306146173E307	1.9220016180534338E307	1.7851273773864287E307	7.373393528884955E306	5.2985702347100855E306	2	5	2	1	9
281000	-20302.01491538527	-4672.460875179712	-15629.554040205556	-4672.460875179712	7.07273874110911E306	4.852499176847782E307	0.832949316546997	1.3015245554910475	0.702624621900297	0.9958508226086531	1.3015245554910475	0.702624621900297	0.9958508226086531	0.20933038725642783	1.820872235974193E-308	0.0	0.0	1.8502860428769765E-308	-13449.200213103737	2.1142343240281807E307	9.65644210245637E306	1.0451725122200381E307	4.1536564528809634E306	5.048498295340822E306	8	2	4	1	4
282000	-20482.472296721015	-4870.737712176536	-15611.73458454448	-4870.737712176536	5.971276588416442E306	3.35043052267872E307	0.832949316546997	1.3015245554910475	0.702624621900297	0.9958508226086531	1.3015245554910475	0.702624621900297	0.9958508226086531	0.09711414022749616	2.5729881025633713E-308	0.0	0.0	2.584633077797417E-308	-13444.602509915341	2.4946921007582395E307	1.526586277387491E307	1.442619736903401E307	4.8782161121442787E306	2.8579880465938224E306	1	2	11	1	4
283000	-20410.91882257585	-4747.510821277346	-15663.408001298507	-4747.510821277346	1.3668471416541805E307	8.506308612006136E307	0.832949316546997	1.3015245554910475	0.702624621900297	0.9958508226086531	1.3015245554910475	0.702624621900297	0.9958508226086531	0.30350020519792975	5.54281043517559E-309	0.0	0.0	5.142422587592066E-309	-13460.792365457215	7.21350341078721E307	2.6240444853525914E307	1.796232296821143E307	1.6930922794577222E307	1.0046669611535373E307	2	6	6	1	4
284000	-20515.272328065592	-4907.016778952408	-15608.255549113186	-4907.016778952408	2.051437033900317E307	1.2324682025547605E308	0.832949316546997	1.3015245554910475	0.702624621900297	0.9958508226086531	1.3015245554910475	0.702624621900297	0.9958508226086531	0.07532067592808078	1.441877808605795E-309	0.0	0.0	1.49331199181846E-309	-13460.839688088308	1.5776621751031699E308	3.397947201614513E307	8.385421488636084E306	1.2218639534360035E307	6.73527301732957E306	2	1	11	3	2
285000	-20288.934766078324	-4651.452596052391	-15637.482170025933	-4651.452596052391	1.3635959866438285E307	6.603378508760937E307	0.832949316546997	1.3015245554910475	0.702624621900297	0.9958508226086531	1.3015245554910475	0.702624621900297	0.9958508226086531	0.15951988920016533	8.17382610642478E-309	0.0	0.0	8.24577539564468E-309	-13451.222480353646	3.637054912995009E307	3.9940390908788234E307	7.712241300272547E306	4.418580392429126E306	4.99143942188633E306	4	1	6	3	5
286000	-20189.612965741322	-4590.956221687117	-15598.656744054204	-4590.956221687117	2.1179422372151213E306	1.6893117274047232E307	0.832949316546997	1.3015245554910475	0.702624621900297	0.9958508226086531	1.3015245554910475	0.702624621900297	0.9958508226086531	0.16140805103162262	3.7056008544297865E-308	0.0	0.0	3.6527195591133276E-308	-13428.87716778456	8.913783419397491E306	4.8956344602599523E306	3.719177618241437E306	2.184186870041451E306	1.3025550258437752E306	9	1	3	2	4
287000	-20531.536531955895	-4897.586608180014	-15633.949923775881	-4897.586608180014	2.1962696420987925E306	2.82892699272465E307	0.832949316546997	1.3015245554910475	0.702624621900297	0.9958508226086531	1.3015245554910475	0.702624621900297	0.9958508226086531	0.31695691862968295	2.406090920589269E-308	0.0	0.0	2.2719670490028948E-308	-13431.212077554685	1.8932249188492585E307	3.554108585460402E306	2.8128039890205014E306	7.181908666443317E305	2.979752534674931E305	9	3	1	2	4
288000	-20482.085005199144	-4821.891168880497	-15660.193836318647	-4821.891168880497	6.946313122282657E306	6.270855649565082E307	0.832949316546997	1.3015245554910475	0.702624621900297	0.9958508226086531	1.3015245554910475	0.702624621900297	0.9958508226086531	0.3211924864303476	6.23141503264164E-309	0.0	0.0	6.021406529563156E-309	-13451.932558575822	2.9257985111583023E307	2.474009109194177E307	4.720024195723454E306	3.419384244846133E306	4.7567428726477875E306	7	1	5	2	4
289000	-20522.417730368878	-4893.47114947128	-15628.946580897597	-4893.47114947128	6.400457213509987E306	5.191276173225306E307	0.832949316546997	1.3015245554910475	0.702624621900297	0.9958508226086531	1.3015245554910475	0.702624621900297	0.9958508226086531	0.1892671257256722	1.26926204146429E-309	0.0	0.0	1.38305390693209E-309	-13450.384223490875	2.4629436524759714E307	1.3038350708175238E307	9.874107495451089E306	6.468986768629825E306	3.154922569619928E306	7	4	2	2	4
290000	-20350.532249860975	-4729.191901314498	-15621.340348546477	-4729.191901314498	5.904095087470389E306	3.958399037491436E307	0.832949316546997	1.3015245554910475	0.702624621900297	0.9958508226086531	1.3015245554910475	0.702624621900297	0.9958508226086531	0.17851656173572086	2.17517052810421E-308	0.0	0.0	2.312276784551228E-308	-13445.047122995737	2.9585447655016027E307	1.492215763375081E307	7.324564383498054E306	2.650658574295141E306	3.149070557997412E306	7	2	4	3	3
291000	-20625.925400132248	-4977.197502971425	-15648.727897160821	-4977.197502971425	4.67074907700108E306	4.4315415096592443E307	0.832949316546997	2.140778293420275	0.702624621900297	0.1565970846794259	2.140778293420275	0.702624621900297	0.1565970846794259	0.28943297662824585	3.09724396031645E-309	0.0	0.0	3.092830446379554E-309	-13450.537982159081	4.983117785632141E307	1.1810446745186389E307	5.2466344341422453E306	4.0023991622738084E306	1.7833275005131102E306	8	1	4	4	2
292000	-20574.66644848087	-4905.0505158764745	-15669.615932604398	-4905.0505158764745	1.7587085292379005E307	1.3455011851726157E308	0.832949316546997	2.140778293420275	0.702624621900297	0.1565970846794259	2.140778293420275	0.702624621900297	0.1565970846794259	0.2906854787444857	4.4099139549585E-310	0.0	0.0	4.22790923469744E-310	-13469.61307016116	9.842834437829913E307	3.699218380134702E307	3.218807761257311E307	1.6810806713602135E307	3.279522230382951E307	3	1	7	7	1
293000	-20427.189489760305	-4737.603629687257	-15689.585860073048	-4737.603629687257	2.385777628407539E307	1.7184240622885883E308	0.832949316546997	2.140778293420275	0.702624621900297	0.1565970846794259	2.140778293420275	0.702624621900297	0.1565970846794259	0.3841459683437656	3.706682272037907E-309	0.0	0.0	4.219986510239727E-309	-13475.053204983844	9.141793182541078E307	5.94020495238587E307	1.9609356427236208E307	1.7347635953199325E307	2.0556108768458317E307	1	7	8	1	2
294000	-20766.979549761032	-5109.631556818034	-15657.347992942998	-5109.631556818034	4.752338621343939E306	2.5697131346044743E307	0.832949316546997	2.140778293420275	0.702624621900297	0.1565970846794259	2.140778293420275	0.702624621900297	0.1565970846794259	0.4289326531525322	2.833210817168657E-309	0.0	0.0	2.86549892913733E-309	-13441.253935910425	3.5609615587517484E307	4.144530512647298E307	4.015509923399392E307	5.5592454313358494E306	2.247191828483961E306	1	6	2	5	5
295000	-20498.143400514196	-4835.362294415982	-15662.781106098215	-4835.362294415982	8.440372874179208E306	4.470771403495005E307	0.832949316546997	2.140778293420275	0.702624621900297	0.1565970846794259	2.140778293420275	0.702624621900297	0.1565970846794259	0.40216122574417046	1.8341043691433096E-308	0.0	0.0	1.5466473674322585E-308	-13444.885171556974	7.478160911983949E307	1.5797830677804117E307	8.181815624472362E306	7.615611072316875E306	4.6368297469217904E306	1	2	12	1	3
296000	-20582.53543525292	-4941.083937829753	-15641.451497423168	-4941.083937829753	5.879562444944836E306	3.732252829688488E307	0.832949316546997	2.140778293420275	0.702624621900297	0.1565970846794259	2.140778293420275	0.702624621900297	0.1565970846794259	0.26863683177697206	3.428855276867145E-308	0.0	0.0	3.18776908814153E-308	-13442.962143101837	2.6683602943275127E307	4.038348079180526E307	9.190027661583412E306	3.6706089329554826E306	1.6536828971750866E306	1	2	9	2	5
297000	-20321.67358036429	-4675.086243556848	-15646.587336807444	-4675.086243556848	7.584975463161097E306	5.5842131161923E307	0.832949316546997	2.140778293420275	0.702624621900297	0.1565970846794259	2.140778293420275	0.702624621900297	0.1565970846794259	0.20825637573120423	1.1913058773941926E-308	0.0	0.0	1.229362433731172E-308	-13451.45364387239	1.9543971542337876E307	4.2814903069585297E307	1.0230843286085756E307	1.120214035433047E307	8.906915014504607E306	1	2	9	4	3
298000	-19824.88543172304	-4229.165328298285	-15595.720103424756	-4229.165328298285	3.655973781560031E306	4.226030367850159E307	0.832949316546997	0.5899585892791099	2.0029586699854716	0.4070827407354163	0.5899585892791099	2.0029586699854716	0.4070827407354163	0.06342038112901624	2.91243430212919E-309	0.0	0.0	2.970307052291207E-309	-13445.834297531803	1.1082150876312428E308	1.2261491273139325E308	1.9088701007167148E307	5.711503933791571E306	2.0746446581063718E306	1	2	9	4	3
299000	-20254.121905219716	-4631.095956590435	-15623.02594862928	-4631.095956590435	4.640617712841567E306	4.4495388740566103E307	0.832949316546997	0.11499750018759919	2.0029586699854716	0.8820438298269271	0.11499750018759919	2.0029586699854716	0.8820438298269271	0.17066302495135363	1.717997350633706E-309	0.0	0.0	1.713910421268617E-309	-13444.740423286892	1.0242390371189525E308	2.307858671131245E307	5.825736077612015E306	2.2531213033224717E306	9.700528897158127E305	1	2	10	4	2
300000	-20073.01703568003	-4441.991267283691	-15631.025768396337	-4441.991267283691	8.70857853712483E306	6.029803779239099E307	0.832949316546997	0.11499750018759919	2.0029586699854716	0.8820438298269271	0.11499750018759919	2.0029586699854716	0.8820438298269271	0.13861696198126985	9.362346405360164E-309	0.0	0.0	9.09524250925128E-309	-13453.462860296748	5.706256099011202E307	2.49601083021801E307	1.4405393363804228E307	6.305290109340766E306	3.773133416210917E306	1	8	2	6	2
301000	-20161.945913827207	-4469.427432245425	-15692.518481581783	-4469.427432245425	9.756275485700789E306	8.083752379554517E307	0.832949316546997	0.11499750018759919	2.0029586699854716	0.8820438298269271	0.11499750018759919	2.0029586699854716	0.8820438298269271	0.6246372279166172	2.61859653620201E-309	0.0	0.0	2.974680037197344E-309	-13464.459107349876	6.933222135003516E307	3.073106133605568E307	6.446312607185303E307	2.605982133340716E307	1.5348841475919462E307	1	12	2	2	2
302000	-19951.96357528977	-4320.181328543594	-15631.782246746177	-4320.181328543594	7.464035727450476E306	4.941548491435843E307	0.832949316546997	0.11499750018759919	2.0029586699854716	0.8820438298269271	0.11499750018759919	2.0029586699854716	0.8820438298269271	0.18430779988503893	6.11879032665852E-309	0.0	0.0	6.382289781355945E-309	-13451.14105902767	7.468960062488846E307	5.193681403551578E307	2.4030283869090664E307	8.848283527846112E306	5.307999117075729E306	1	1	2	13	2
303000	-20172.53369835311	-4491.683584313637	-15680.850114039471	-4491.683584313637	3.7453713879513903E307	1.5540455641219489E308	0.832949316546997	0.11499750018759919	2.0029586699854716	0.8820438298269271	0.11499750018759919	2.0029586699854716	0.8820438298269271	0.3753344474472909	6.96714282638248E-309	0.0	0.0	7.505083577860036E-309	-13467.395210451754	3.6336688657659484E307	2.2212065843771644E307	4.1127283677387365E307	2.664057609145016E307	1.5021852718768154E307	2	2	1	3	11
304000	-19992.936029417302	-4331.714182438099	-15661.221846979202	-4331.714182438099	3.072820895545229E307	1.6094001226759221E308	0.832949316546997	0.11499750018759919	2.0029586699854716	0.8820438298269271	0.11499750018759919	2.0029586699854716	0.8820438298269271	0.22933944104078238	2.641296376897107E-309	0.0	0.0	2.60095458883478E-309	-13467.485952300267	1.3617187787902024E308	8.17649789046275E307	2.1519047298116134E307	1.8387618695407347E307	1.7344576864399958E307	2	2	1	7	7
305000	-20109.6366119291	-4447.877456476018	-15661.759155453083	-4447.877456476018	6.968352941270254E306	6.071435791011967E307	0.832949316546997	0.11499750018759919	2.0029586699854716	0.8820438298269271	0.11499750018759919	2.0029586699854716	0.8820438298269271	0.37686408304649316	1.289598330478351E-308	0.0	0.0	1.2477959329862887E-308	-13452.735839018927	1.337547904270611E308	3.5257111262607836E307	2.0678765447176206E307	1.3185229046863182E307	9.486049591493994E306	2	2	2	6	7
306000	-20388.874245992964	-4711.178157321762	-15677.696088671202	-4711.178157321762	3.9363106395463475E307	Infinity	0.832949316546997	0.11499750018759919	2.0029586699854716	0.8820438298269271	0.11499750018759919	2.0029586699854716	0.8820438298269271	0.2638861032503345	0.0	0.0	0.0	9.5130968082687E-310	-13479.389778931183	9.435134968658456E307	4.1234890091360243E307	2.9623581541390726E307	3.7109311375886104E307	4.530595486768806E307	2	9	2	2	4
307000	-20782.493963730136	-5111.880362872273	-15670.613600857865	-5111.880362872273	2.36045749205345E307	1.4973775127154669E308	0.832949316546997	1.1359228313668104	0.9820333388062603	0.8820438298269271	1.1359228313668104	0.9820333388062603	0.8820438298269271	0.2377477548355487	1.194024568442651E-308	0.0	0.0	1.094891737916669E-308	-13472.445408973308	1.6988820723687055E308	4.540239170302362E307	3.784191212251151E307	4.26701182074579E307	2.7141080854956177E307	2	3	1	3	10
308000	-20428.876389914825	-4740.445740857742	-15688.430649057085	-4740.445740857742	6.914103626419232E307	Infinity	0.9064933482083837	1.1359228313668104	0.9820333388062603	0.8820438298269271	1.1359228313668104	0.9820333388062603	0.8820438298269271	0.31494925484871367	0.0	0.0	0.0	7.7776643510885E-310	-13482.25376556135	1.626690864781138E308	1.0586241008402324E308	8.32026466175502E307	3.282214418328446E307	6.16267881818246E307	2	2	2	7	6
309000	-20041.90257908061	-4365.479289759859	-15676.423289320752	-4365.479289759859	7.696174462248279E307	Infinity	0.9064933482083837	1.1359228313668104	0.9820333388062603	0.8820438298269271	1.1359228313668104	0.9820333388062603	0.8820438298269271	0.23700509303667808	0.0	0.0	0.0	1.137820508895514E-309	-13478.511495463055	1.0122479975803287E308	6.199831809625389E307	8.125493770522235E307	5.495174668416496E307	2.620586284361416E307	2	4	1	6	6
310000	-20263.87360517756	-4644.325576058011	-15619.548029119549	-4644.325576058011	1.7040390505913367E306	1.4625194946615094E307	0.9064933482083837	1.1359228313668104	0.9820333388062603	0.8820438298269271	1.1359228313668104	0.9820333388062603	0.8820438298269271	0.2711052302382051	8.74568425423501E-309	0.0	0.0	9.27733236629037E-309	-13430.296254896959	8.114140768918782E306	8.69909432832519E306	2.606436030377459E306	4.3050058899311063E306	2.42233131015352E306	4	2	1	6	6
311000	-20572.76749332288	-4951.799016628236	-15620.968476694645	-4951.799016628236	2.8079977225834935E306	1.0636970723244812E307	0.9064933482083837	1.1359228313668104	0.9820333388062603	0.8820438298269271	1.1359228313668104	0.9820333388062603	0.8820438298269271	0.3668089859511689	1.2230572815213921E-307	0.0	0.0	1.0417398911121873E-307	-13417.168138409166	4.571095021633333E306	5.3159578596000275E306	1.867152954148825E306	1.2536042052816822E306	8.705952887775725E305	4	5	4	1	5
312000	-20316.127379004916	-4706.4866489748765	-15609.640730030038	-4706.4866489748765	4.2849723325482836E306	1.1758546188125045E307	0.9064933482083837	1.1359228313668104	0.9820333388062603	0.8820438298269271	1.1359228313668104	0.9820333388062603	0.8820438298269271	0.4276837192111563	3.3784996417373896E-308	0.0	0.0	4.810564527029848E-308	-13410.755425489857	3.481618094266014E306	1.2199969171126355E306	1.2530548706251634E306	1.3951157792096536E306	1.3280647818801631E306	6	4	3	1	5
313000	-20172.432694870113	-4550.93472480542	-15621.497970064695	-4550.93472480542	4.263493076056313E306	2.1851342098562894E307	0.9064933482083837	0.425255898233011	1.6927002719400597	0.8820438298269271	0.425255898233011	1.6927002719400597	0.8820438298269271	0.2751869925551089	4.000729465536554E-309	0.0	0.0	4.019515688252053E-309	-13434.058302833535	1.333741388846359E307	3.460771003452392E306	2.0109939471530866E306	3.0898085235637724E306	2.0819650075901973E306	1	9	3	1	5
314000	-20211.536663866624	-4607.4365359066005	-15604.100127960024	-4607.4365359066005	2.972860257626237E306	1.6590566429994355E307	0.9064933482083837	0.425255898233011	2.3915104462861825	0.1832336554808044	0.425255898233011	2.3915104462861825	0.1832336554808044	0.18650993544600114	9.66775470666574E-309	0.0	0.0	9.684928739974197E-309	-13424.147812584233	2.627956656054127E307	2.1973493167570304E307	3.9430206765133445E306	9.325936311319425E305	1.3253745224835913E306	3	2	5	5	4
315000	-20199.476921367248	-4566.23778068919	-15633.239140678057	-4566.23778068919	4.141378884513849E306	3.6702677007580164E307	0.9064933482083837	0.425255898233011	2.3915104462861825	0.1832336554808044	0.425255898233011	2.3915104462861825	0.1832336554808044	0.28788753245199655	4.39805724214522E-309	0.0	0.0	4.34303948158653E-309	-13441.95270609142	3.3190078790805446E307	1.214331959044238E307	1.1448909029520714E307	4.05047461411897E306	1.0605787859174376E306	3	2	5	8	1
316000	-20121.775004919724	-4455.797506995644	-15665.977497924081	-4455.797506995644	1.6222808914265422E307	8.423963434587224E307	0.9064933482083837	0.425255898233011	2.3915104462861825	0.1832336554808044	0.425255898233011	2.3915104462861825	0.1832336554808044	0.2985080579368307	5.049674358720826E-309	0.0	0.0	5.001215719033994E-309	-13461.312027470973	2.1695902675576703E307	8.91053922892439E306	1.835485263090737E307	1.3684057191622906E307	8.256429834696836E306	5	1	5	3	5
317000	-20168.90722808532	-4493.288860199154	-15675.618367886165	-4493.288860199154	2.7475809351410705E307	Infinity	0.9064933482083837	0.425255898233011	2.3915104462861825	0.1832336554808044	0.425255898233011	2.3915104462861825	0.1832336554808044	0.26812762763146814	0.0	0.0	0.0	1.46136259765893E-309	-13475.212043465695	1.7822351558264602E308	1.1903640604158026E308	3.3122909320048155E307	4.394517395754432E307	1.7525973812041489E307	1	1	10	2	5
318000	-19953.511431786275	-4281.256515459909	-15672.254916326367	-4281.256515459909	2.864256299484402E307	Infinity	0.9064933482083837	0.425255898233011	2.3915104462861825	0.1832336554808044	0.425255898233011	2.3915104462861825	0.1832336554808044	0.20796583154872325	0.0	0.0	0.0	2.260019947996137E-309	-13476.59507826558	8.40903857747207E307	7.486703835610899E307	5.119467602895368E307	1.259687961185637E307	1.4636696975657586E307	1	9	2	2	5
319000	-20023.80037645663	-4330.195590094381	-15693.604786362248	-4330.195590094381	2.3248973677137395E307	Infinity	0.9064933482083837	0.425255898233011	2.3915104462861825	0.1832336554808044	0.425255898233011	2.3915104462861825	0.1832336554808044	0.35824643261567	0.0	0.0	0.0	1.53468837369294E-309	-13477.417935995118	1.1950874945618299E308	5.599287523941976E307	1.7552326733312837E307	1.305222386947042E307	1.2035043040184365E307	2	8	3	1	5
320000	-19875.80897555986	-4170.415156782231	-15705.393818777628	-4170.415156782231	4.4518996418051336E307	Infinity	0.9064933482083837	0.425255898233011	2.3915104462861825	0.1832336554808044	0.425255898233011	2.3915104462861825	0.1832336554808044	0.372099892616585	0.0	0.0	0.0	5.78054464621304E-310	-13490.800772230967	1.0385103677323203E308	1.5872897121124976E308	1.2940238145024346E308	9.092615329228158E307	3.67304914148163E307	2	1	10	1	5
321000	-20312.48860667865	-4610.863120411714	-15701.625486266934	-4610.863120411714	4.702796403164797E307	Infinity	0.9064933482083837	0.425255898233011	2.3915104462861825	0.1832336554808044	0.425255898233011	2.3915104462861825	0.1832336554808044	0.4824671221581166	0.0	0.0	0.0	5.02351176717495E-310	-13481.784678997095	8.888704612539229E307	4.304039427457133E307	7.047567244820137E307	3.905147556585547E307	3.592580840843496E307	2	1	10	3	3
322000	-19999.196458566068	-4325.686359439207	-15673.510099126861	-4325.686359439207	3.0186991686319296E307	Infinity	0.9064933482083837	0.425255898233011	2.3915104462861825	0.1832336554808044	0.425255898233011	2.3915104462861825	0.1832336554808044	0.24632834869421097	0.0	0.0	0.0	4.25176705333575E-310	-13474.397586445153	1.7387971864896287E308	3.9575939268667246E307	2.685506848541969E307	2.456543546113291E307	1.531933850364944E307	2	2	8	2	5
323000	-20180.41228143507	-4545.774697567494	-15634.637583867576	-4545.774697567494	1.8482645406033902E307	8.861967392686848E307	0.9064933482083837	0.425255898233011	2.027034915988379	0.5477091857786078	0.425255898233011	2.027034915988379	0.5477091857786078	0.1924339494722042	2.998271777522023E-309	0.0	0.0	3.008381356603365E-309	-13454.739873472543	1.772277888562546E308	3.725873709886724E307	2.2563185006802954E307	1.6658557608349087E307	8.451824721914477E306	3	2	3	1	10
324000	-20070.22355506378	-4465.72322836759	-15604.500326696192	-4465.72322836759	3.0596083657038493E307	9.94078045750629E307	0.9064933482083837	0.425255898233011	2.027034915988379	0.5477091857786078	0.425255898233011	2.027034915988379	0.5477091857786078	0.08198138033536893	4.269281358494065E-309	0.0	0.0	4.171823710112665E-309	-13455.703626204417	3.102807733151252E307	3.59338200180014E306	6.074371702309636E306	9.430633314645191E306	1.4211275125601873E307	10	2	1	1	5
325000	-20204.687074502624	-4594.086209761387	-15610.600864741236	-4594.086209761387	2.039336702509393E307	7.996844552802495E307	0.9064933482083837	0.425255898233011	2.027034915988379	0.5477091857786078	0.425255898233011	2.027034915988379	0.5477091857786078	0.09229534862922865	8.77917265580508E-309	0.0	0.0	9.06345507580184E-309	-13454.28877815731	3.6838310801027184E307	2.1719087214007268E307	7.122181020282441E306	3.6900982367647164E306	8.948465625244276E306	6	2	3	3	5
326000	-20071.649432595106	-4398.22429145314	-15673.425141141966	-4398.22429145314	1.8041576167947378E307	8.859205190958244E307	0.9064933482083837	0.425255898233011	2.027034915988379	0.5477091857786078	0.425255898233011	2.027034915988379	0.5477091857786078	0.3976634933906146	3.99446429498483E-309	0.0	0.0	3.0874738116663E-309	-13451.452248717027	5.961865108624004E307	1.4933031298301655E307	5.956737985620171E306	7.931903581980808E306	6.11378834746163E306	2	2	1	2	12
327000	-20043.366646364673	-4363.870606382445	-15679.49603998223	-4363.870606382445	4.136304351041952E307	Infinity	0.9064933482083837	0.425255898233011	2.027034915988379	0.5477091857786078	0.425255898233011	2.027034915988379	0.5477091857786078	0.3486080954610197	0.0	0.0	0.0	2.48235902869536E-309	-13470.089428738804	1.2048827865903252E308	8.786812026144668E307	2.935933801929302E307	8.732989232091232E306	1.5630124253654269E307	5	2	1	2	9
328000	-20527.435736077576	-4848.863846550793	-15678.571889526784	-4848.863846550793	3.678646307464131E307	1.7841453605618748E308	0.9064933482083837	0.425255898233011	2.027034915988379	0.5477091857786078	0.425255898233011	2.027034915988379	0.5477091857786078	0.3000916562620549	3.509752475218113E-309	0.0	0.0	3.58965834707621E-309	-13474.537498003214	8.525006954505584E307	1.0268271614353136E308	5.87900376125996E307	3.6951579449957463E307	1.9152781876584798E307	3	5	3	2	6
329000	-20113.798868804548	-4458.055191965337	-15655.74367683921	-4458.055191965337	2.848631255100813E307	1.4747407660083026E308	0.9064933482083837	0.425255898233011	2.027034915988379	0.5477091857786078	0.425255898233011	2.027034915988379	0.5477091857786078	0.2419118160330824	1.944044736763466E-309	0.0	0.0	2.14698468794223E-309	-13468.757491083223	3.7037666229398397E307	5.102301572565213E307	2.6466046955844456E307	1.532484689118432E307	1.0597806634030477E307	3	4	3	3	6
330000	-19998.332433563923	-4376.125172413752	-15622.207261150172	-4376.125172413752	9.302384513897955E306	8.576149965704517E307	0.9064933482083837	0.425255898233011	2.027034915988379	0.5477091857786078	0.425255898233011	2.027034915988379	0.5477091857786078	0.11129166205393984	1.710952462478993E-309	0.0	0.0	1.681009427283974E-309	-13459.673684761821	3.0747016202031507E307	3.531652923006029E307	1.4211386582894874E307	1.1179075592362028E307	4.286665792052801E306	4	5	2	2	6
331000	-20316.555129113112	-4665.270215970626	-15651.284913142488	-4665.270215970626	6.928679885480806E306	7.121679641052483E307	0.9064933482083837	0.425255898233011	2.027034915988379	0.5477091857786078	0.425255898233011	2.027034915988379	0.5477091857786078	0.34625792287179574	6.32286616521436E-310	0.0	0.0	6.68767566368017E-310	-13452.25705923573	7.125063921867437E307	5.000359858055625E307	2.4331183838372706E307	8.123370986090857E306	3.097682567963408E306	4	3	3	3	6
332000	-20220.023524220647	-4537.089492084055	-15682.934032136594	-4537.089492084055	4.681782409061348E307	Infinity	0.9064933482083837	0.425255898233011	2.027034915988379	0.5477091857786078	0.425255898233011	2.027034915988379	0.5477091857786078	0.2867105252407672	0.0	0.0	0.0	2.32620177540617E-309	-13484.892741476331	6.843811732207529E307	4.265136382769306E307	4.963274887332662E307	2.8895876722228907E307	3.333729869367004E307	1	2	7	3	6
333000	-19883.332933271246	-4215.436076180543	-15667.896857090704	-4215.436076180543	7.118063518967664E307	Infinity	0.9064933482083837	0.425255898233011	2.027034915988379	0.5477091857786078	0.425255898233011	2.027034915988379	0.5477091857786078	0.16060214590754543	0.0	0.0	0.0	7.57744057417297E-310	-13484.533417397843	1.0710177706669625E308	1.1196920363551142E308	6.92543434621005E307	2.4220375236917365E307	2.4091984643447813E307	6	2	3	3	5
334000	-19826.576746449682	-4142.508543642965	-15684.068202806719	-4142.508543642965	3.346814893873435E307	Infinity	0.9064933482083837	0.425255898233011	2.027034915988379	0.5477091857786078	0.425255898233011	2.027034915988379	0.5477091857786078	0.32839392620674923	0.0	0.0	0.0	7.7207360280963E-310	-13477.097573794428	1.5555195749199599E308	3.079404561126629E307	5.775186917238461E307	3.6082644794768184E307	1.669036773779059E307	6	2	1	5	5
335000	-20283.252708410742	-4616.7074752881745	-15666.54523312257	-4616.7074752881745	4.86737811009545E307	Infinity	0.9064933482083837	0.859642691578486	1.592648122642904	0.5477091857786078	0.859642691578486	1.592648122642904	0.5477091857786078	0.285430667212939	0.0	0.0	0.0	6.4988217076008E-310	-13470.26829041129	1.3225785099846542E308	1.9495883438568032E307	1.2886112253447375E307	1.6978203305460248E307	2.8803612922173126E307	5	3	1	8	2
336000	-20113.775840109476	-4416.453849045878	-15697.321991063598	-4416.453849045878	2.4756874763261796E307	Infinity	0.9064933482083837	0.859642691578486	1.592648122642904	0.5477091857786078	0.859642691578486	1.592648122642904	0.5477091857786078	0.474154984424962	0.0	0.0	0.0	7.31087774266737E-310	-13475.673240532144	1.723735349318115E308	6.762558599252593E307	7.010878955606003E307	1.783993681439472E307	3.324685349863674E306	5	3	2	7	2
337000	-20151.132416353037	-4492.496753178223	-15658.635663174813	-4492.496753178223	1.286910236680377E307	1.7426988369859873E308	0.9064933482083837	0.859642691578486	1.592648122642904	0.5477091857786078	0.859642691578486	1.592648122642904	0.5477091857786078	0.2322864389330255	2.25619934536561E-309	0.0	0.0	2.178281800185974E-309	-13463.29678047236	1.6409649857447922E308	4.1301073735858645E307	2.3109572865371776E307	2.5677822276778492E306	1.0655755112574827E306	5	3	5	4	2
338000	-20334.639787651875	-4704.444637940989	-15630.195149710884	-4704.444637940989	1.2882520696296886E307	Infinity	0.9064933482083837	0.859642691578486	1.592648122642904	0.5477091857786078	0.859642691578486	1.592648122642904	0.5477091857786078	0.11400078496699227	0.0	0.0	0.0	7.0310641271707E-310	-13462.116897258371	1.3656842069892356E308	7.366134339138991E307	1.0497959066582074E307	1.7803136727768142E306	1.2872776502923004E306	5	3	5	4	2
339000	-20086.117890884147	-4440.484907609005	-15645.632983275143	-4440.484907609005	1.6418535521115287E307	Infinity	0.6990100165647969	0.859642691578486	1.592648122642904	0.5477091857786078	0.859642691578486	1.592648122642904	0.5477091857786078	0.19517473549170195	0.0	0.0	0.0	2.222761170002376E-309	-13462.46678574685	1.4085743658617512E308	2.423213877017449E307	5.649504694793708E306	8.918254095980023E306	4.6418004251699207E306	5	2	6	3	3
340000	-20125.77902359142	-4446.206107346703	-15679.572916244717	-4446.206107346703	1.3015283769485652E307	1.6508789549020045E308	0.6990100165647969	0.859642691578486	1.592648122642904	0.5477091857786078	0.859642691578486	1.592648122642904	0.5477091857786078	0.42311314273732276	1.035758355490754E-309	0.0	0.0	1.201923785811184E-309	-13463.147984191404	9.381721475186015E307	3.4039268790544874E307	1.807483471007422E307	4.336566691119889E306	5.203048655748112E305	6	2	7	1	3
341000	-20041.514910646416	-4385.867861418201	-15655.647049228215	-4385.867861418201	6.115711278522155E306	8.890820640848116E307	0.6990100165647969	0.859642691578486	1.592648122642904	0.5477091857786078	0.859642691578486	1.592648122642904	0.5477091857786078	0.3083874792310428	3.000268315923922E-309	0.0	0.0	2.843850542085515E-309	-13447.189683127872	8.938776139290351E307	2.390765643569615E307	9.312882615887898E306	1.758266402866452E306	2.1590397672916355E306	4	1	5	1	8
342000	-20433.394527945376	-4770.500483367525	-15662.89404457785	-4770.500483367525	8.632936923609729E306	8.587682022602276E307	0.6990100165647969	0.859642691578486	1.592648122642904	0.5477091857786078	0.859642691578486	1.592648122642904	0.5477091857786078	0.36763852689390725	3.29749546940718E-309	0.0	0.0	3.20051939007499E-309	-13454.562650861259	1.6333378610176816E308	6.218765547642501E307	1.263353416518323E307	1.1335324980051936E307	6.489319367083982E306	4	1	6	1	7
343000	-20452.290553586477	-4794.065538708755	-15658.22501487772	-4794.065538708755	1.6814431041204112E307	1.0902070509698194E308	0.6990100165647969	0.859642691578486	1.592648122642904	0.5477091857786078	0.859642691578486	1.592648122642904	0.5477091857786078	0.2825841202870374	2.128842659321703E-309	0.0	0.0	2.164858205660755E-309	-13463.056633157408	6.295039092096097E307	1.5896382885104673E307	1.3416750322907036E307	9.076434586054034E306	3.4416594281143676E306	5	4	2	6	2
344000	-20400.745535738304	-4733.287486283886	-15667.458049454419	-4733.287486283886	9.487697093097952E306	8.042505901958906E307	0.6990100165647969	0.859642691578486	1.592648122642904	0.5477091857786078	0.859642691578486	1.592648122642904	0.5477091857786078	0.3106210367342703	4.92447929078704E-309	0.0	0.0	4.95952077845789E-309	-13460.002937255424	9.40129865872312E307	5.437781203002392E307	1.7908530796522237E307	3.0779692465424104E306	4.158795819980658E306	2	4	9	2	2
345000	-20182.94902390229	-4545.7853463119845	-15637.163677590304	-4545.7853463119845	6.796294349386653E306	7.10754950439316E307	0.6990100165647969	0.859642691578486	1.592648122642904	0.5477091857786078	0.859642691578486	1.592648122642904	0.5477091857786078	0.22038138995047765	6.92740248379712E-309	0.0	0.0	7.12804504488357E-309	-13449.24368597109	6.140969769231473E307	1.29594088305845E307	1.0095840157315622E307	3.843408721163824E306	1.6560625771239036E306	3	2	9	1	4
346000	-20332.57482996834	-4686.294554555236	-15646.280275413104	-4686.294554555236	5.2115754258125757E306	6.311453317061563E307	0.6990100165647969	0.859642691578486	1.592648122642904	0.5477091857786078	0.859642691578486	1.592648122642904	0.5477091857786078	0.26352891811849405	2.97111485626797E-309	0.0	0.0	2.969899179867284E-309	-13447.358324082188	1.0741690603804398E308	7.691253429167728E307	9.713331464274943E306	6.193258193588605E306	2.1994339442112263E306	1	1	10	2	5
347000	-20215.681932042036	-4560.797692437754	-15654.884239604282	-4560.797692437754	7.285014837673558E306	9.806388590560209E307	0.6990100165647969	0.859642691578486	1.592648122642904	0.5477091857786078	0.859642691578486	1.592648122642904	0.5477091857786078	0.31514936689500983	7.51879522023196E-309	0.0	0.0	6.904322724888316E-309	-13448.381118238156	1.740199752158706E308	5.855138168110555E307	1.2320684094147869E307	7.036467617536975E306	1.400045552418437E306	1	1	10	2	5
348000	-20134.201373855358	-4499.842081635707	-15634.35929221965	-4499.842081635707	3.603485377011804E306	5.17749286360337E307	0.6990100165647969	0.859642691578486	1.592648122642904	0.5477091857786078	0.859642691578486	1.592648122642904	0.5477091857786078	0.27310717355194547	4.476061876722443E-309	0.0	0.0	4.537705004166125E-309	-13435.319115984603	1.740199752158706E308	4.236809159380248E307	7.761597359411851E306	1.185135664266526E306	7.45179302989235E305	1	1	10	2	5
349000	-20164.77359363307	-4494.746654429239	-15670.026939203828	-4494.746654429239	6.881095197884514E306	8.9597965241262115E307	0.6990100165647969	0.859642691578486	1.592648122642904	0.5477091857786078	0.859642691578486	1.592648122642904	0.5477091857786078	0.3677423782200942	2.57072307656046E-309	0.0	0.0	2.69856450170289E-309	-13458.770923407086	1.6892111767536302E308	4.238374049282196E307	1.8006259419913317E307	1.2867846025354953E307	3.880261359700518E306	1	1	10	6	1
350000	-20375.381053972662	-4735.574612973157	-15639.806440999504	-4735.574612973157	1.8425385522983343E307	1.237426727386346E308	0.6990100165647969	0.859642691578486	1.592648122642904	0.5477091857786078	0.859642691578486	1.592648122642904	0.5477091857786078	0.11406934787785322	8.153660652771827E-309	0.0	0.0	8.336258005372576E-309	-13467.671847465806	1.6710307322483603E308	1.0651307983832706E308	3.1277933170568085E307	1.201832757472135E307	6.493196087372576E306	1	1	6	6	5
351000	-20043.18242476754	-4342.343154141775	-15700.839270625765	-4342.343154141775	1.4587193209078002E307	1.1232045076846918E308	0.6990100165647969	0.18335962201249345	2.2689311922088966	0.5477091857786078	0.18335962201249345	2.2689311922088966	0.5477091857786078	0.603660833753304	3.995689665041214E-309	0.0	0.0	3.775604577414504E-309	-13468.992624973109	3.509325041344051E307	6.883274930864021E307	5.781908600727469E307	3.9506380865467474E307	1.3180221471477198E307	1	1	6	6	5
352000	-20072.49308020898	-4399.4635356276685	-15673.029544581314	-4399.4635356276685	2.772081857131679E307	Infinity	0.6990100165647969	0.18335962201249345	2.2689311922088966	0.5477091857786078	0.18335962201249345	2.2689311922088966	0.5477091857786078	0.2156350421038343	0.0	0.0	0.0	3.546595228737743E-309	-13481.777068865349	1.5259930410989189E308	5.392374697674027E307	3.5948458098200124E307	1.1124713219930347E307	7.882508045156729E306	2	5	7	1	4
353000	-20360.50229830063	-4692.781960191235	-15667.720338109395	-4692.781960191235	1.4938768953264694E307	1.5269309694230744E308	0.6990100165647969	0.18335962201249345	2.2689311922088966	0.5477091857786078	0.18335962201249345	2.2689311922088966	0.5477091857786078	0.2927518938549043	9.83773416730175E-309	0.0	0.0	1.0598742304183417E-308	-13474.57738658612	9.141334110997939E307	6.178859105181762E307	3.3928797060726153E307	1.4114635223383398E307	1.1318792518795516E307	1	5	8	1	4
354000	-20407.243551452215	-4755.4625196153775	-15651.781031836837	-4755.4625196153775	3.797921994053179E307	1.4409771456224556E308	0.6990100165647969	0.18335962201249345	2.2689311922088966	0.5477091857786078	0.18335962201249345	2.2689311922088966	0.5477091857786078	0.20389575677820979	2.05037572123523E-309	0.0	0.0	1.98727830068302E-309	-13465.143886651993	1.0909547599066988E308	2.1085157056242701E307	3.433374532025369E307	2.4313042619889426E307	1.3519252505302052E307	1	2	4	9	3
355000	-20503.552124347683	-4816.4302542819605	-15687.121870065725	-4816.4302542819605	8.199043439110449E307	Infinity	0.6990100165647969	0.18335962201249345	2.2689311922088966	0.5477091857786078	0.18335962201249345	2.2689311922088966	0.5477091857786078	0.176131078964151	0.0	0.0	0.0	2.514140272598715E-309	-13501.158671561974	1.0677638992403704E308	1.7575932631527505E308	7.068926651040407E307	4.806192281172023E307	3.314043694736178E307	2	9	3	3	2
356000	-20173.610883132333	-4524.366457262775	-15649.244425869558	-4524.366457262775	2.9036524268805063E307	Infinity	0.6990100165647969	0.18335962201249345	2.2689311922088966	0.5477091857786078	0.18335962201249345	2.2689311922088966	0.5477091857786078	0.12255410389581371	0.0	0.0	0.0	9.98311916191734E-310	-13483.848571550767	1.2813487506417297E308	1.0610216647254899E308	5.189548802660797E307	1.0674190691669433E307	7.427785607462193E306	2	8	5	1	3
357000	-20213.820420892334	-4541.116791805801	-15672.703629086533	-4541.116791805801	3.140190494257704E307	Infinity	0.6990100165647969	0.18335962201249345	2.2689311922088966	0.5477091857786078	0.18335962201249345	2.2689311922088966	0.5477091857786078	0.23355264327568945	0.0	0.0	0.0	4.27004592801044E-310	-13483.25210476898	1.338647650580373E308	1.4787748400637047E308	2.506042458649912E307	8.328493680226769E306	4.02187279689369E306	4	8	2	1	4
358000	-19965.89095158103	-4305.791958349533	-15660.098993231499	-4305.791958349533	1.6473398985547096E307	1.6782747730338846E308	0.6990100165647969	0.18335962201249345	2.2689311922088966	0.5477091857786078	0.18335962201249345	2.2689311922088966	0.5477091857786078	0.16817425169564196	3.099858300919E-310	0.0	0.0	2.9992707095828E-310	-13471.142865911945	1.338647650580373E308	4.84516063163117E307	2.4026000993307493E307	1.5138147413498015E307	5.807111448690205E306	4	5	5	1	4
359000	-20037.28408724449	-4381.8383394723505	-15655.44574777214	-4381.8383394723505	4.4716192001320893E307	Infinity	0.6990100165647969	0.18335962201249345	2.2689311922088966	0.5477091857786078	0.18335962201249345	2.2689311922088966	0.5477091857786078	0.146591585431568	0.0	0.0	0.0	9.72663734523633E-310	-13478.781936215782	1.680197676491566E308	3.463347905938858E307	3.7085653606165796E307	3.664762500927215E307	1.5376131420708175E307	4	5	4	2	4
360000	-20145.53504550568	-4471.6444498824585	-15673.890595623221	-4471.6444498824585	4.2972617702013715E307	Infinity	0.9302535343574025	0.18335962201249345	2.2689311922088966	0.5477091857786078	0.18335962201249345	2.2689311922088966	0.5477091857786078	0.23802133617301893	0.0	0.0	0.0	1.138237639388305E-309	-13482.210866250383	8.203423258813655E307	7.284846001686756E307	4.742649884155411E307	2.7343635748534346E307	4.913139144610957E307	4	4	2	2	7
361000	-19806.180288937507	-4165.4854062755385	-15640.694882661968	-4165.4854062755385	3.1927144708530333E307	Infinity	0.9302535343574025	0.18335962201249345	2.2689311922088966	0.5477091857786078	0.18335962201249345	2.2689311922088966	0.5477091857786078	0.12752325160114553	0.0	0.0	0.0	7.85491078791293E-310	-13470.632764528287	1.4572962023075415E308	1.048739016596094E308	1.8520794675081303E307	3.0852265912450374E307	6.216186237231815E306	5	1	8	3	2
362000	-20094.38181574971	-4419.480390266498	-15674.901425483213	-4419.480390266498	4.688300743334999E307	Infinity	0.9302535343574025	0.18335962201249345	2.2689311922088966	0.5477091857786078	0.18335962201249345	2.2689311922088966	0.5477091857786078	0.2665762611456217	0.0	0.0	0.0	3.03364839192056E-310	-13478.220724405019	7.682938343569795E307	5.116898159015377E307	2.6798572810853317E307	1.5981622111262357E307	1.4536107458776927E307	5	1	5	6	2
363000	-20302.189146371624	-4628.851736412745	-15673.33740995888	-4628.851736412745	2.0463898810628977E307	1.2286514046609659E308	0.9302535343574025	0.18335962201249345	2.2689311922088966	0.5477091857786078	0.18335962201249345	2.2689311922088966	0.5477091857786078	0.3176952994668713	2.41664409471595E-309	0.0	0.0	2.074987013272794E-309	-13467.766734452109	5.079628086455652E307	4.3749272448442314E307	2.973812652213722E307	1.2455078329157463E307	9.674303108293242E306	4	8	4	2	1
364000	-20272.57542263888	-4625.72330837488	-15646.852114264004	-4625.72330837488	5.488381251553602E307	Infinity	0.9302535343574025	0.18335962201249345	2.2689311922088966	0.5477091857786078	0.18335962201249345	2.2689311922088966	0.5477091857786078	0.15577183569799422	0.0	0.0	0.0	6.6683607808062E-309	-13463.623597345668	9.461301101378871E307	3.9339661454092616E307	1.0307089985867002E307	1.4500761114032253E307	2.1251196994756714E307	2	1	9	5	2
365000	-20136.748769571695	-4469.365741318317	-15667.383028253378	-4469.365741318317	2.820327519493274E307	1.5145029854400838E308	0.9302535343574025	1.113735684796564	1.3385551294248261	0.5477091857786078	1.113735684796564	1.3385551294248261	0.5477091857786078	0.2534293713238196	1.61054901623927E-309	0.0	0.0	1.524939107708154E-309	-13471.715728983194	8.412956933175966E307	4.2461229482813826E307	3.0498180428411217E307	1.5747914081464297E307	1.4758586399616587E307	7	1	5	4	2
366000	-20474.760778424665	-4774.392743618637	-15700.368034806028	-4774.392743618637	4.409948557186813E307	Infinity	0.9302535343574025	1.113735684796564	1.3385551294248261	0.5477091857786078	1.113735684796564	1.3385551294248261	0.5477091857786078	0.314415452945617	0.0	0.0	0.0	1.036082697497215E-309	-13489.606923025713	1.3457653659987423E308	1.5890264735105745E308	1.169507715512056E308	3.439196091818614E307	6.380365182870022E306	3	5	5	4	2
367000	-20105.23450715884	-4447.830616493456	-15657.403890665384	-4447.830616493456	2.910932242041305E307	Infinity	0.9302535343574025	1.113735684796564	1.3385551294248261	0.5477091857786078	1.113735684796564	1.3385551294248261	0.5477091857786078	0.14576434877438574	0.0	0.0	0.0	5.98179458696066E-310	-13484.002543217788	1.3888953023534377E308	1.263700340690945E308	8.346770041015426E307	2.903617386957976E307	1.2168070303330866E307	2	4	5	4	4
368000	-20356.7883937438	-4705.779996593954	-15651.008397149844	-4705.779996593954	5.648307698908646E307	Infinity	0.9302535343574025	1.113735684796564	1.3385551294248261	0.5477091857786078	1.113735684796564	1.3385551294248261	0.5477091857786078	0.13932158296122016	0.0	0.0	0.0	1.412279340142595E-309	-13476.867954167392	1.0083047999978674E308	4.596205843625873E307	3.855348248939121E307	2.418241503444053E307	1.3413528635607958E307	3	2	4	4	6
369000	-20460.59353691618	-4801.122995596669	-15659.470541319513	-4801.122995596669	2.9432582867166563E307	Infinity	0.9302535343574025	1.6294737975115645	1.217214477883195	0.15331172460523868	1.6294737975115645	1.217214477883195	0.15331172460523868	0.16581613519503524	0.0	0.0	0.0	1.033392079368052E-309	-13479.524487575372	8.401645879597793E307	1.0068034219784782E308	6.17122898190471E307	3.414854341924534E307	3.3087016319573745E307	1	4	7	2	5
370000	-20040.343627185932	-4383.73699119607	-15656.606635989861	-4383.73699119607	2.687792268279492E307	Infinity	0.9302535343574025	1.6294737975115645	1.217214477883195	0.15331172460523868	1.6294737975115645	1.217214477883195	0.15331172460523868	0.15369751797973188	0.0	0.0	0.0	8.75300382691807E-310	-13475.326078424352	1.3639893443067524E308	4.646506178433866E307	3.0535951661840025E307	4.390133637161468E307	3.447046357571244E307	1	3	7	3	5
371000	-20251.63165361568	-4581.016587014712	-15670.61506660097	-4581.016587014712	9.525015520055923E306	6.554459042168945E307	0.9302535343574025	1.4810590242545212	1.217214477883195	0.3017264978622821	1.4810590242545212	1.217214477883195	0.3017264978622821	0.4648797445376695	3.958468238056375E-309	0.0	0.0	3.654677809979386E-309	-13453.555695629015	7.657093635561917E307	2.319212070104683E307	6.648725960954569E306	1.0126080118228339E307	3.4648546196787726E306	1	8	2	7	1
372000	-20450.94824284954	-4784.525253255402	-15666.422989594137	-4784.525253255402	4.119188166348468E307	Infinity	0.9302535343574025	1.4810590242545212	1.0978394144272268	0.4211015613182503	1.4810590242545212	1.0978394144272268	0.4211015613182503	0.188140157052594	0.0	0.0	0.0	3.89590819518993E-310	-13480.634222066274	7.287836632529996E307	5.367304892616457E307	8.006227847082251E307	2.5035186731292477E307	2.0686596282456684E307	1	4	6	7	1
373000	-20588.695072166967	-4917.261195835966	-15671.433876331	-4917.261195835966	7.25750673566367E307	Infinity	0.9302535343574025	1.4810590242545212	1.0978394144272268	0.4211015613182503	1.4810590242545212	1.0978394144272268	0.4211015613182503	0.20401862141805707	0.0	0.0	0.0	1.0270966882188E-310	-13483.452459031152	7.612898528069205E307	3.773706383786364E307	5.646667677424208E307	7.99473719937102E307	1.713229465663465E307	3	4	7	4	1
374000	-20914.62432011566	-5222.564942328635	-15692.059377787025	-5222.564942328635	1.3831942697629341E308	Infinity	0.9302535343574025	1.4810590242545212	1.0978394144272268	0.4211015613182503	1.4810590242545212	1.0978394144272268	0.4211015613182503	0.2150433491599833	0.0	0.0	0.0	2.775905191349095E-309	-13496.966526880384	1.055847157610082E308	1.1306381392070352E308	5.129081588253007E307	1.7469929895239243E308	7.249744595278705E307	2	2	3	11	1
375000	-20074.883503086454	-4433.089733890447	-15641.793769196007	-4433.089733890447	7.232042734158607E307	Infinity	0.9302535343574025	0.7162440229569227	1.8626544157248253	0.4211015613182503	0.7162440229569227	1.8626544157248253	0.4211015613182503	0.08264182606748025	0.0	0.0	0.0	1.444856794393856E-309	-13487.075518500735	9.795853894469998E307	8.656521443727221E307	5.406718414317142E307	3.140046885342011E307	1.9430879597718425E307	2	12	2	2	1
376000	-20426.7832894335	-4738.246079829818	-15688.537209603683	-4738.246079829818	1.2443786698396676E308	Infinity	0.9302535343574025	0.7162440229569227	1.8626544157248253	0.4211015613182503	0.7162440229569227	1.8626544157248253	0.4211015613182503	0.2324503418207874	0.0	0.0	0.0	1.136939429893384E-309	-13491.212301455653	1.1597895509269392E308	1.4732329274468018E308	6.557158463124784E307	8.489442589604275E307	5.5350912189580205E307	4	5	3	2	5
377000	-20050.086370725894	-4366.225741994379	-15683.860628731514	-4366.225741994379	5.265750677355317E307	Infinity	0.9302535343574025	0.7162440229569227	1.8626544157248253	0.4211015613182503	0.7162440229569227	1.8626544157248253	0.4211015613182503	0.26916583101275415	0.0	0.0	0.0	5.5965117721416E-310	-13488.08323777436	8.526215899944027E307	1.1796372022101308E308	9.780932918043774E307	5.042576424378729E307	1.645921861469066E307	1	3	8	1	6
378000	-20703.279235088325	-5021.395564793596	-15681.883670294726	-5021.395564793596	8.559339133836703E307	Infinity	0.9302535343574025	0.7162440229569227	1.8626544157248253	0.4211015613182503	0.7162440229569227	1.8626544157248253	0.4211015613182503	0.276698428063475	0.0	0.0	0.0	5.74237476434567E-310	-13476.328747309386	3.7645020729461406E307	3.324808348867071E307	4.0913801001270177E307	7.620585734399659E307	2.5674966404054784E307	1	4	5	6	3
379000	-20527.247918602836	-4842.457301830781	-15684.790616772056	-4842.457301830781	1.1807335300922264E308	Infinity	0.9302535343574025	0.7162440229569227	1.8626544157248253	0.4211015613182503	0.7162440229569227	1.8626544157248253	0.4211015613182503	0.324030654662911	0.0	0.0	0.0	1.35232432344746E-310	-13476.130658127044	3.969569243410184E307	2.3305646690572135E307	1.1093583462602038E307	6.699350396334283E307	4.532153057102334E307	1	4	5	6	3
380000	-20014.295391157237	-4347.141479906143	-15667.153911251095	-4347.141479906143	3.422709318300892E307	1.7296830247253206E308	0.9302535343574025	0.7162440229569227	1.8626544157248253	0.4211015613182503	0.7162440229569227	1.8626544157248253	0.4211015613182503	0.2555526929144994	7.5800862227121E-310	0.0	0.0	7.84557318825093E-310	-13471.836914607155	4.0575078223418864E307	4.1252640312037273E307	1.7949236816891451E307	1.1646268291793266E307	9.181722716663887E306	3	3	6	6	1
381000	-20003.00710377879	-4359.10770158037	-15643.899402198418	-4359.10770158037	1.2357125755551945E307	9.258345628623006E307	0.9302535343574025	0.7162440229569227	1.8626544157248253	0.4211015613182503	0.7162440229569227	1.8626544157248253	0.4211015613182503	0.17358935397119046	1.875161131778726E-309	0.0	0.0	1.78946579045107E-309	-13459.521327384597	1.2882426780017655E308	7.017991501260711E307	1.523457773270594E307	1.3359153206071698E307	9.589652316923738E306	2	1	3	8	5
382000	-20044.41676843947	-4372.248037801805	-15672.168730637666	-4372.248037801805	2.7223682121971613E307	Infinity	0.9302535343574025	0.7162440229569227	1.8626544157248253	0.4211015613182503	0.7162440229569227	1.8626544157248253	0.4211015613182503	0.26994313725963465	0.0	0.0	0.0	1.06321577548147E-309	-13477.04282265675	1.4965519456148727E308	1.3244570755540142E308	6.434757721920834E307	5.088996209067168E307	2.4292427125163956E307	2	1	1	2	13
383000	-20060.332608678225	-4382.756613366293	-15677.575995311932	-4382.756613366293	6.12077094406908E307	Infinity	0.9302535343574025	0.7162440229569227	1.8626544157248253	0.4211015613182503	0.7162440229569227	1.8626544157248253	0.4211015613182503	0.2377116287966573	0.0	0.0	0.0	4.614588438622E-310	-13478.790402675035	5.634874142397034E307	6.863539442918239E307	6.471451304423436E307	2.4971044824201256E307	2.381584148721453E307	2	4	1	6	6
384000	-20182.362145453302	-4512.429835753106	-15669.932309700196	-4512.429835753106	5.088575400996825E307	Infinity	0.9302535343574025	0.7162440229569227	1.8626544157248253	0.4211015613182503	0.7162440229569227	1.8626544157248253	0.4211015613182503	0.20493149977706984	0.0	0.0	0.0	1.065518212006316E-309	-13483.241285430151	1.4559039871380956E308	1.032868917956083E308	2.9230884618797663E307	2.473452384489179E307	2.5589945011695927E307	2	7	1	8	1
385000	-20221.953659907347	-4561.467314925551	-15660.486344981795	-4561.467314925551	2.0511428575588605E307	Infinity	0.9302535343574025	0.7162440229569227	1.8626544157248253	0.4211015613182503	0.7162440229569227	1.8626544157248253	0.4211015613182503	0.16050643306529058	0.0	0.0	0.0	5.57600161965384E-310	-13477.730682436968	1.2266565064955732E308	6.453256678443691E307	6.985365813323817E307	2.0622071399973846E307	4.389887268055245E306	6	3	2	7	1
386000	-20146.22058186378	-4482.761781693439	-15663.458800170341	-4482.761781693439	1.9521660987065818E307	Infinity	0.9302535343574025	0.7162440229569227	1.8626544157248253	0.4211015613182503	0.7162440229569227	1.8626544157248253	0.4211015613182503	0.21790684783850567	0.0	0.0	0.0	2.105910738647955E-309	-13476.378448538431	8.317795140935243E307	7.534947445074553E307	2.7436500149134057E307	1.0421592707200802E307	3.1381697673737453E306	6	3	2	7	1
387000	-19988.352703921784	-4334.301987699738	-15654.050716222046	-4334.301987699738	1.5542200876820662E307	1.652210590644178E308	0.9302535343574025	0.7162440229569227	1.8626544157248253	0.4211015613182503	0.7162440229569227	1.8626544157248253	0.4211015613182503	0.20422134102992723	1.46744238247961E-309	0.0	0.0	1.47762383013892E-309	-13471.084095026346	9.565803341441626E307	3.010526375677804E307	2.3989844029703205E307	2.1694887819380928E307	1.6808292088663523E307	7	3	1	5	3
388000	-20433.60479145644	-4767.669228317572	-15665.935563138868	-4767.669228317572	4.823287852508329E307	Infinity	0.9302535343574025	0.7162440229569227	1.8626544157248253	0.4211015613182503	0.7162440229569227	1.8626544157248253	0.4211015613182503	0.14951574985135618	0.0	0.0	0.0	1.6386583747414E-310	-13484.657846360888	9.355249993127035E307	5.992382710180199E307	4.4770688364585375E307	8.050521364178053E307	2.1394665925736334E307	8	1	2	5	3
389000	-20074.033646592125	-4451.105511622201	-15622.928134969923	-4451.105511622201	4.43807945578704E307	Infinity	0.9302535343574025	0.7162440229569227	1.8626544157248253	0.4211015613182503	0.7162440229569227	1.8626544157248253	0.4211015613182503	0.06876706593587209	0.0	0.0	0.0	8.86964456475197E-310	-13479.015518130349	1.5516981184356676E308	6.344218934512856E307	7.042390660880707E307	1.8420495708701801E307	1.399598382790047E307	4	7	2	5	1
390000	-19921.97267163439	-4271.6646704179	-15650.30800121649	-4271.6646704179	3.6294650650818834E307	1.6748059817948967E308	0.9302535343574025	0.7162440229569227	1.8626544157248253	0.4211015613182503	0.7162440229569227	1.8626544157248253	0.4211015613182503	0.17059228517969413	1.485837656780937E-309	0.0	0.0	1.35944731725322E-309	-13473.70993668107	1.995867003815776E307	2.1168054962511574E307	1.7236555608566518E307	1.8444840806116964E307	1.3005204631841894E307	4	7	2	5	1
391000	-20292.095977036603	-4627.934917760072	-15664.161059276532	-4627.934917760072	1.2519536524409504E307	8.253746194172992E307	0.6913430599553793	0.7162440229569227	1.8626544157248253	0.4211015613182503	0.7162440229569227	1.8626544157248253	0.4211015613182503	0.34722733101843767	1.923668713711137E-309	0.0	0.0	2.10102411737681E-309	-13458.880755574995	3.419531303164117E307	1.8691240907941697E307	2.314216548433758E307	1.3478067400639348E307	3.697990889244516E306	4	4	2	7	2
392000	-20394.863809505434	-4732.769692585016	-15662.094116920418	-4732.769692585016	2.9505471052975417E307	Infinity	0.6913430599553793	0.7162440229569227	1.8626544157248253	0.4211015613182503	0.7162440229569227	1.8626544157248253	0.4211015613182503	0.21891052023383192	0.0	0.0	0.0	2.048336999337963E-309	-13476.265478925592	1.4045268127194555E308	6.249654786122212E307	2.9837164073845E307	3.146468886421485E307	2.7086608621755923E307	4	1	5	7	2
393000	-20231.79642630444	-4543.4222180032075	-15688.374208301233	-4543.4222180032075	8.878951859981239E307	Infinity	0.6913430599553793	0.7162440229569227	1.8626544157248253	0.4211015613182503	0.7162440229569227	1.8626544157248253	0.4211015613182503	0.3803189681542281	0.0	0.0	0.0	9.62905862671543E-310	-13474.5820177622	4.603205534075205E307	3.604122904917815E307	2.2325001072475352E307	6.081293649482733E307	4.832440856014504E307	2	1	7	7	2
394000	-19956.186848108497	-4267.579362104796	-15688.607486003702	-4267.579362104796	3.867603057840165E307	Infinity	0.6913430599553793	0.4779589029306923	2.1009395357510554	0.4211015613182503	0.4779589029306923	2.1009395357510554	0.4211015613182503	0.30919977954545724	0.0	0.0	0.0	3.65994963380595E-310	-13476.486739996328	3.111038144178119E307	8.593013363466107E307	5.364266757826871E307	4.714379275098311E307	4.3698788584581717E307	3	1	2	6	7
395000	-20287.820642374783	-4665.548035106571	-15622.272607268213	-4665.548035106571	2.689369703491384E307	1.3287182180857539E308	0.6913430599553793	0.55083738730702	2.1009395357510554	0.34822307694192256	0.55083738730702	2.1009395357510554	0.34822307694192256	0.09115956237861134	6.956766642825175E-309	0.0	0.0	7.17897420684956E-309	-13465.134251272506	4.797443918401512E307	5.757182231060603E307	3.8261012160967735E307	3.5963649207883307E307	9.196462452881349E306	3	1	2	6	7
396000	-20445.90113132095	-4821.976362549294	-15623.924768771654	-4821.976362549294	4.707654312562645E307	Infinity	0.5035272701858676	0.55083738730702	2.1009395357510554	0.34822307694192256	0.55083738730702	2.1009395357510554	0.34822307694192256	0.059707355128499034	0.0	0.0	0.0	1.458458915845745E-309	-13472.591507189867	1.6893017006572032E308	7.812863897400683E307	8.181747244855563E307	3.587884295857934E307	3.989286385667581E307	1	2	2	6	8
397000	-20347.930745867907	-4707.882940103323	-15640.047805764583	-4707.882940103323	2.504314632776448E307	Infinity	0.5035272701858676	0.55083738730702	2.1009395357510554	0.34822307694192256	0.55083738730702	2.1009395357510554	0.34822307694192256	0.08112081514117278	0.0	0.0	0.0	9.1605496140794E-310	-13476.574718138832	9.762026268386935E307	8.716918221063438E307	6.601407590499643E307	5.820631028537484E307	1.3097749318487845E307	3	2	2	4	8
398000	-20209.272792376785	-4554.017951361157	-15655.254841015627	-4554.017951361157	8.802891477519947E306	8.001255734050462E307	0.5035272701858676	0.55083738730702	2.1009395357510554	0.34822307694192256	0.55083738730702	2.1009395357510554	0.34822307694192256	0.26429370057705404	3.294655836009707E-309	0.0	0.0	3.124548877850594E-309	-13453.798317707979	6.419592621957139E307	3.1483715549053495E307	1.398425322700328E307	1.9111495509373844E307	3.7426962616306846E306	3	2	4	3	7
399000	-20313.99839815944	-4645.454586984092	-15668.543811175348	-4645.454586984092	1.7151753052191097E307	1.561371533243162E308	0.5035272701858676	0.55083738730702	2.1009395357510554	0.34822307694192256	0.55083738730702	2.1009395357510554	0.34822307694192256	0.4364425538329469	4.103012931829176E-309	0.0	0.0	4.563341721220354E-309	-13459.827490219013	1.7813132240479044E308	5.690607290458974E307	2.8224165399560425E307	1.4797154671190343E307	4.023925794804253E306	3	2	4	4	6
400000	-20285.01272989661	-4654.833898479181	-15630.178831417428	-4654.833898479181	1.427022738447435E307	9.946335076225116E307	0.5035272701858676	0.55083738730702	2.1009395357510554	0.34822307694192256	0.55083738730702	2.1009395357510554	0.34822307694192256	0.1124386748695348	1.42080258231272E-309	0.0	0.0	1.415052803655764E-309	-13466.41423109921	6.5462156710297E307	2.697615035763361E307	1.8009161999882092E307	7.845113019563829E306	1.9058530616406207E306	3	2	4	8	2
401000	-20419.71127806595	-4774.35000582657	-15645.361272239383	-4774.35000582657	7.297600737576449E306	6.3337747637354E307	0.5035272701858676	0.55083738730702	2.1009395357510554	0.34822307694192256	0.55083738730702	2.1009395357510554	0.34822307694192256	0.17060398627000706	7.08056611391736E-309	0.0	0.0	6.896491832339326E-309	-13455.364481699393	2.5381116086859315E307	3.8894025071412894E307	2.76501770177802E307	6.215492294448371E306	6.545562253251514E306	1	4	4	3	7
402000	-20281.190913682163	-4644.144065879425	-15637.046847802736	-4644.144065879425	4.673361756997461E306	3.8738595820020897E307	0.5035272701858676	0.55083738730702	2.1009395357510554	0.34822307694192256	0.55083738730702	2.1009395357510554	0.34822307694192256	0.2032033125208176	9.47195612167593E-309	0.0	0.0	9.50711892764404E-309	-13443.32421704932	5.050778072183519E307	2.5605260526649203E307	1.6326957140886523E307	8.919100851767863E306	1.829733121609386E306	1	4	1	6	7
403000	-20285.360147415075	-4637.286296188627	-15648.073851226449	-4637.286296188627	9.050777818413018E306	6.571655553021436E307	0.5035272701858676	0.55083738730702	2.1009395357510554	0.34822307694192256	0.55083738730702	2.1009395357510554	0.34822307694192256	0.23591543683920657	3.849263463735646E-309	0.0	0.0	4.03710143124955E-309	-13455.227830541964	3.217009311196917E307	6.668779839600061E307	2.4242111998194074E307	1.1605872461584636E307	9.931002071198899E306	1	1	2	6	9
404000	-20279.7020679017	-4611.922218862844	-15667.779849038856	-4611.922218862844	3.7896042958773307E307	Infinity	0.7767513251205818	0.55083738730702	2.1009395357510554	0.34822307694192256	0.55083738730702	2.1009395357510554	0.34822307694192256	0.20618554015575605	0.0	0.0	0.0	8.186553535940843E-309	-13473.944676007275	1.2300672522937275E308	9.209511015806914E307	7.598711118862022E307	4.466177572519718E307	2.3631775172048224E307	1	1	2	6	9
405000	-19907.869125297308	-4206.460100279865	-15701.409025017441	-4206.460100279865	7.690246670320081E307	Infinity	0.7767513251205818	0.55083738730702	2.1009395357510554	0.34822307694192256	0.55083738730702	2.1009395357510554	0.34822307694192256	0.30554366491101903	0.0	0.0	0.0	6.80576497571436E-310	-13498.203723069644	1.3372546033342602E308	8.359155602341891E307	1.4321784889774487E308	9.25334120498005E307	5.30942610272449E307	1	1	7	5	5
406000	-20448.958693529046	-4798.521672676344	-15650.437020852702	-4798.521672676344	5.274606444829788E307	Infinity	0.7767513251205818	0.55083738730702	2.1009395357510554	0.34822307694192256	0.55083738730702	2.1009395357510554	0.34822307694192256	0.09786657865322634	0.0	0.0	0.0	6.22459398715357E-310	-13478.6088386228	4.079989060739859E307	5.971343100859933E307	5.470569469675998E307	4.90179950819392E307	1.5752196077532977E307	1	1	8	6	3
407000	-20452.33527468513	-4759.057466676073	-15693.277808009056	-4759.057466676073	1.7595982537125214E308	Infinity	0.7767513251205818	0.55083738730702	2.1009395357510554	0.34822307694192256	0.55083738730702	2.1009395357510554	0.34822307694192256	0.3228808250425341	0.0	0.0	0.0	4.912888673436185E-309	-13486.99500305245	8.119946620832359E307	9.266904280058904E307	9.705545439513354E307	4.001187351316666E307	4.845690546218997E307	8	1	2	7	1
408000	-20308.54514846745	-4661.514355292556	-15647.030793174894	-4661.514355292556	2.2443693372612393E307	1.436246386372541E308	0.7767513251205818	0.55083738730702	1.7287033010802726	0.7204593116127054	0.55083738730702	1.7287033010802726	0.7204593116127054	0.16211020735721743	3.52492222384688E-309	0.0	0.0	3.52049638082988E-309	-13468.864064217838	1.5562781441876022E308	5.401112927831987E307	1.1967731185254562E307	1.08745556402171E307	7.91083697730519E306	8	1	4	5	1
409000	-20324.018764265187	-4646.068837738376	-15677.949926526813	-4646.068837738376	2.109085558323857E307	1.6386085522867651E308	0.7767513251205818	0.55083738730702	1.7287033010802726	0.7204593116127054	0.55083738730702	1.7287033010802726	0.7204593116127054	0.3212500290931089	3.44006666602478E-309	0.0	0.0	3.36458517664174E-309	-13473.62818814883	1.0664698434279621E308	8.941100461380738E307	3.775649016811679E307	1.4266218770492913E307	1.2432834575287933E307	8	1	1	8	1
410000	-20483.106905068904	-4786.9904442227935	-15696.11646084611	-4786.9904442227935	5.408328044322771E307	Infinity	0.7767513251205818	0.6565692895825584	0.8914673969130587	1.4519633135043808	0.6565692895825584	0.8914673969130587	1.4519633135043808	0.31481423050480556	0.0	0.0	0.0	4.57134783027947E-310	-13487.691549530096	1.0503924503073336E308	1.5216235236295925E308	1.0433204910321287E308	2.625508871748388E307	2.3895566161354064E307	8	6	1	3	1
411000	-20246.22110860908	-4556.1016165189485	-15690.11949209013	-4556.1016165189485	6.223119415835468E307	Infinity	0.7767513251205818	0.6565692895825584	1.7533783091714183	0.5900524012460212	0.6565692895825584	1.7533783091714183	0.5900524012460212	0.25946156325285497	0.0	0.0	0.0	1.256482200384107E-309	-13492.34842385339	1.4378917654368674E308	1.188798432019256E308	8.899008666371356E307	4.604678499435077E307	3.7370452088532833E307	8	2	4	4	1
412000	-20654.99613817361	-4972.565123233727	-15682.431014939884	-4972.565123233727	1.5644688280791478E308	Infinity	0.7767513251205818	0.6565692895825584	1.7533783091714183	0.5900524012460212	0.6565692895825584	1.7533783091714183	0.5900524012460212	0.22916064483701168	0.0	0.0	0.0	2.606516983463088E-309	-13488.135564730248	7.710045425361807E307	1.0177370573589984E308	1.325850243862569E308	6.291036727085244E307	6.222160571894749E307	2	1	10	4	2
413000	-20237.52814742507	-4574.851458028885	-15662.676689396185	-4574.851458028885	4.127527611953167E307	Infinity	0.7767513251205818	0.6565692895825584	1.7533783091714183	0.5900524012460212	0.6565692895825584	1.7533783091714183	0.5900524012460212	0.14107253689370197	0.0	0.0	0.0	3.534043673668666E-309	-13485.990217060571	9.395796803187044E307	1.1627893295447527E308	6.397298504205044E307	5.612613205930366E307	9.622542372937961E306	6	1	7	2	3
414000	-20372.21442365112	-4688.85224924802	-15683.3621744031	-4688.85224924802	9.146353033944144E307	Infinity	0.6335666455203588	0.6565692895825584	1.7533783091714183	0.5900524012460212	0.6565692895825584	1.7533783091714183	0.5900524012460212	0.19902980846671262	0.0	0.0	0.0	1.645366629240527E-309	-13490.251687462947	1.669675043486862E308	4.3184048965719387E307	6.596589657589223E307	7.571519015596625E307	4.848456141701387E307	6	1	8	1	3
415000	-20570.013676421608	-4915.554734842244	-15654.458941579365	-4915.554734842244	6.676931262903672E307	Infinity	0.6335666455203588	0.6565692895825584	1.7533783091714183	0.5900524012460212	0.6565692895825584	1.7533783091714183	0.5900524012460212	0.18810091042882524	0.0	0.0	0.0	2.870229984091995E-309	-13468.768851599927	3.1161330655348923E307	1.9643714610992852E307	2.6133255363149787E307	1.3239253284410698E307	1.792839807672324E307	5	2	6	4	2
416000	-20388.86124919232	-4727.824459440732	-15661.036789751588	-4727.824459440732	2.3264945911917135E307	1.0909956837108714E308	0.6335666455203588	0.6565692895825584	1.7533783091714183	0.5900524012460212	0.6565692895825584	1.7533783091714183	0.5900524012460212	0.3085201334967578	8.0351951544678E-310	0.0	0.0	9.83713911449846E-310	-13464.58468462126	2.992170399907056E307	2.8021964770663666E307	7.184570121292284E306	4.142103752277649E306	1.168463867593453E307	4	2	2	6	5
417000	-20133.38880412973	-4498.475472440617	-15634.913331689111	-4498.475472440617	2.239274105057529E307	1.355194045261084E308	0.45267933631146823	0.6565692895825584	1.7533783091714183	0.5900524012460212	0.6565692895825584	1.7533783091714183	0.5900524012460212	0.14806686872534236	2.275760809352683E-309	0.0	0.0	2.325810688614107E-309	-13466.540230636576	9.72301107949745E307	5.176614317488061E307	2.504168472704911E307	1.671862175470252E307	1.0967661742333203E307	4	3	1	6	5
418000	-20351.389749379854	-4757.955660040368	-15593.434089339487	-4757.955660040368	7.329407792087722E306	5.055658590453327E307	0.6788183584978391	0.6565692895825584	1.7533783091714183	0.5900524012460212	0.6565692895825584	1.7533783091714183	0.5900524012460212	0.05398665527891009	3.9277399953328884E-308	0.0	0.0	3.985086983807708E-308	-13450.790954741542	1.9972970828955536E307	9.154678982395954E306	3.5532263789855547E307	2.2005934877518117E307	2.1099203682582083E306	4	3	1	6	5
419000	-19985.3419525556	-4341.9424088153655	-15643.399543740232	-4341.9424088153655	2.5862533850628505E306	2.5975417638338627E307	0.9247913344008368	0.6565692895825584	1.7533783091714183	0.5900524012460212	0.6565692895825584	1.7533783091714183	0.5900524012460212	0.30362424583208825	1.2926477681226963E-308	0.0	0.0	1.2563402544025253E-308	-13437.58450950021	1.5689449688291775E307	2.0069131178052097E307	9.962754379132885E306	4.0502745940788417E306	2.891725134582796E306	1	3	5	4	6
420000	-20107.12166003621	-4492.129462209076	-15614.992197827132	-4492.129462209076	5.5276362671205966E306	4.571108999427755E307	0.9247913344008368	0.6565692895825584	1.7533783091714183	0.5900524012460212	0.6565692895825584	1.7533783091714183	0.5900524012460212	0.09088109825503082	4.878570755215326E-309	0.0	0.0	4.829284002890727E-309	-13448.21399190824	7.288015196294556E307	4.195674569403379E307	2.2968505440839086E307	1.3073201233876795E307	4.554359901570456E306	1	2	3	2	11
421000	-20162.257968801954	-4482.424049109471	-15679.833919692484	-4482.424049109471	2.1948024997543358E307	1.1913969764580238E308	0.9247913344008368	0.6565692895825584	1.7533783091714183	0.5900524012460212	0.6565692895825584	1.7533783091714183	0.5900524012460212	0.438268524608304	4.296107979479143E-309	0.0	0.0	4.307954243345937E-309	-13466.190951234035	5.640674000514745E307	2.714018337038324E307	3.7140088806730613E307	2.1485435768301337E307	1.0013855909600876E307	1	2	3	2	11
422000	-20291.465534905805	-4657.116855708676	-15634.348679197128	-4657.116855708676	5.216396220425223E307	Infinity	0.9247913344008368	0.6565692895825584	1.7533783091714183	0.5900524012460212	0.6565692895825584	1.7533783091714183	0.5900524012460212	0.09013627439758111	0.0	0.0	0.0	2.9954022428903E-310	-13473.78319854488	1.1718161503232287E308	1.6775830420780489E308	5.985562010264533E307	2.668069425629246E307	2.3951871397817175E307	2	2	1	8	6
423000	-20591.182390728827	-4911.572426347502	-15679.609964381325	-4911.572426347502	3.5450635167049573E307	1.756445160460621E308	0.9247913344008368	0.6565692895825584	1.7533783091714183	0.5900524012460212	0.6565692895825584	1.7533783091714183	0.5900524012460212	0.3017471407037565	2.74850065133567E-310	0.0	0.0	2.8871375098593E-310	-13470.80428444075	1.174043107404446E308	1.3089754323609707E308	2.661098549292496E307	1.554255072499693E307	2.2173304606711204E307	2	4	5	6	2
424000	-20394.96230990834	-4758.768677689495	-15636.193632218845	-4758.768677689495	4.1176070440039537E307	Infinity	0.9247913344008368	0.6565692895825584	2.137243495288229	0.2061872151292105	0.6565692895825584	2.137243495288229	0.2061872151292105	0.07671138163964182	0.0	0.0	0.0	2.096935123845833E-309	-13481.853138844277	1.484186638141373E308	1.0062209506996876E308	5.313292611531555E307	4.4801098707531297E307	2.7338645837703593E307	3	4	5	5	2
425000	-20151.840101080215	-4484.733940855911	-15667.106160224304	-4484.733940855911	1.0369923706213256E307	6.815284363938181E307	0.9247913344008368	0.6565692895825584	2.137243495288229	0.2061872151292105	0.6565692895825584	2.137243495288229	0.2061872151292105	0.3275026750084349	2.086502365830106E-309	0.0	0.0	1.87486516298054E-309	-13458.261756164527	3.101886958393682E307	5.322161529155264E307	3.682807939968494E307	9.589205416676664E306	4.526981746166861E306	3	5	3	6	2
426000	-19995.333630623154	-4332.291283802933	-15663.04234682022	-4332.291283802933	8.983069803099584E306	7.680407625593762E307	0.9247913344008368	1.4545446018716026	1.3392681829991848	0.2061872151292105	1.4545446018716026	1.3392681829991848	0.2061872151292105	0.2434931879335639	3.8640916196315E-309	0.0	0.0	3.41827756168325E-309	-13459.172728350302	9.867316915064897E307	6.137151528342811E307	3.038217135060165E307	1.3744331264578658E307	6.382813355880548E306	1	6	3	4	5
427000	-20589.22430360069	-4913.799399236042	-15675.424904364649	-4913.799399236042	1.2431247966488498E307	6.751722504261789E307	0.9247913344008368	1.4545446018716026	1.3392681829991848	0.2061872151292105	1.4545446018716026	1.3392681829991848	0.2061872151292105	0.4997941148627528	8.67363830040187E-310	0.0	0.0	9.34463371796936E-310	-13456.97180997122	9.536872683517299E307	3.4977986419433555E307	2.754670569932108E307	1.454433199733297E307	1.2900627491031797E307	1	6	3	4	5
428000	-19997.049679678967	-4340.34440468495	-15656.705274994018	-4340.34440468495	1.9913343608024546E307	1.535805710659762E308	0.9247913344008368	1.4545446018716026	1.3392681829991848	0.2061872151292105	1.4545446018716026	1.3392681829991848	0.2061872151292105	0.25526673820511936	1.97511070297766E-309	0.0	0.0	1.981435124626597E-309	-13468.924253163974	1.5851601962672341E308	4.729162370907804E307	1.1398441562091108E307	1.257465158089654E307	1.9752839127162077E307	4	3	3	4	5
429000	-20163.133466741383	-4484.874399949983	-15678.259066791401	-4484.874399949983	1.8268064164849546E307	Infinity	0.9247913344008368	1.4545446018716026	1.3392681829991848	0.2061872151292105	1.4545446018716026	1.3392681829991848	0.2061872151292105	0.3749714887419272	0.0	0.0	0.0	6.05189371261544E-310	-13472.257949728559	1.7125412521497173E308	6.232905982656806E307	3.308466701073463E307	8.712540973556352E306	1.1109333830908076E307	4	3	3	1	8
430000	-20318.978343279483	-4643.730628930829	-15675.247714348654	-4643.730628930829	5.681479617944248E307	Infinity	0.9247913344008368	1.4545446018716026	1.3392681829991848	0.2061872151292105	1.4545446018716026	1.3392681829991848	0.2061872151292105	0.2256681062472537	0.0	0.0	0.0	1.03807822097843E-309	-13481.5912540556	1.1437663324331126E308	5.630085273943637E307	6.009860405739769E307	6.045796223965695E307	1.6932667718333165E307	2	6	7	3	1
431000	-20419.889751826016	-4714.5423526271115	-15705.347399198905	-4714.5423526271115	4.070956690895788E307	Infinity	0.9247913344008368	1.4545446018716026	1.3392681829991848	0.2061872151292105	1.4545446018716026	1.3392681829991848	0.2061872151292105	0.42167914525032646	0.0	0.0	0.0	8.1378376144631E-310	-13483.023377910305	1.1201245252023063E308	5.252645821400451E307	9.3210141527752E307	4.975254546170408E307	2.6927948896147134E307	2	1	10	5	1
432000	-20169.18870269684	-4501.562717543835	-15667.625985153007	-4501.562717543835	2.152383093324381E307	1.4230330982880685E308	0.9247913344008368	0.54801683771146	2.245795947159327	0.2061872151292105	0.54801683771146	2.245795947159327	0.2061872151292105	0.22538077176318214	1.028532634478357E-309	0.0	0.0	1.063128514217044E-309	-13474.079589601612	5.223309995931205E307	4.662581599354654E307	6.775928439310389E307	3.2136106705572365E307	2.216347478850989E307	2	1	7	7	2
433000	-20336.35069284685	-4653.291568253753	-15683.059124593097	-4653.291568253753	8.167471292085662E307	Infinity	0.9247913344008368	0.54801683771146	2.245795947159327	0.2061872151292105	0.54801683771146	2.245795947159327	0.2061872151292105	0.20352025613334573	0.0	0.0	0.0	9.9378888940265E-310	-13491.609088540421	1.7910409086675216E308	9.214540755017771E307	1.255159567003931E308	5.169643080370094E307	1.5605007108933363E307	2	5	7	3	2
434000	-20317.493397235816	-4635.228046863675	-15682.265350372141	-4635.228046863675	1.03272816920487E308	Infinity	0.9247913344008368	0.54801683771146	2.245795947159327	0.2061872151292105	0.54801683771146	2.245795947159327	0.2061872151292105	0.2003324462246387	0.0	0.0	0.0	4.228947149624E-310	-13494.45828693666	1.2278779780073274E308	9.214540755017771E307	1.235357551168679E308	1.7474471557685544E308	6.318445819592711E307	2	5	7	3	2
435000	-20616.388606736604	-4939.929326370909	-15676.459280365696	-4939.929326370909	1.3672395577146032E308	Infinity	0.9247913344008368	0.54801683771146	2.245795947159327	0.2061872151292105	0.54801683771146	2.245795947159327	0.2061872151292105	0.10814559208130312	0.0	0.0	0.0	8.71123390756196E-310	-13502.15615804051	1.7442899940736634E308	1.4987417536523753E308	1.2590592913523646E308	1.3336148319832085E308	9.694827063895416E307	6	1	2	8	2
436000	-20133.773295013547	-4459.2237691703895	-15674.549525843158	-4459.2237691703895	5.179977802208211E307	Infinity	0.9247913344008368	1.3741944833927306	1.4196183014780566	0.2061872151292105	1.3741944833927306	1.4196183014780566	0.2061872151292105	0.20564002755432348	0.0	0.0	0.0	3.11756699522287E-310	-13484.547550577701	1.0111466599932507E308	7.18030691509177E307	7.271528548430865E307	3.8064938787726697E307	2.3681056582514597E307	6	1	2	8	2
437000	-20679.03796285667	-5005.6644849720105	-15673.37347788466	-5005.6644849720105	9.799296712302743E307	Infinity	0.9247913344008368	1.3741944833927306	1.4196183014780566	0.2061872151292105	1.3741944833927306	1.4196183014780566	0.2061872151292105	0.12323657426461454	0.0	0.0	0.0	9.204001575245E-311	-13496.005404312693	1.784389036541779E308	1.3621474987903153E308	5.503235050866264E307	1.1127341224794608E308	3.985241833654323E307	6	1	6	4	2
438000	-20241.180307254494	-4545.749040213061	-15695.431267041435	-4545.749040213061	8.612453452952491E307	Infinity	0.9247913344008368	1.3741944833927306	1.4196183014780566	0.2061872151292105	1.3741944833927306	1.4196183014780566	0.2061872151292105	0.20259802711372393	0.0	0.0	0.0	2.8497616285667E-310	-13499.420998936026	1.784389036541779E308	9.621057450433831E307	1.0201231921435382E308	8.218641572336927E307	4.926852037249251E307	6	1	6	4	2
439000	-20336.472284944284	-4701.49151274145	-15634.980772202833	-4701.49151274145	2.97925918131582E307	1.429670233365074E308	0.9247913344008368	1.3741944833927306	1.4196183014780566	0.2061872151292105	1.3741944833927306	1.4196183014780566	0.2061872151292105	0.13153428126613248	4.0913367842919E-310	0.0	0.0	4.0335668513696E-310	-13469.109543375858	4.982266899088013E307	2.834007716702281E307	3.889985880539905E307	1.7006057140998014E307	7.48646579880029E306	6	1	8	2	2
440000	-20085.328334090253	-4417.933965496928	-15667.394368593325	-4417.933965496928	1.0497256898810562E307	7.278504583777619E307	0.9247913344008368	0.7420307934185596	2.0517819914522275	0.2061872151292105	0.7420307934185596	2.0517819914522275	0.2061872151292105	0.3924519894241634	4.31757863400029E-309	0.0	0.0	4.53159742805736E-309	-13456.9276974899	2.8685409986101917E307	3.097505377699566E307	1.9346030259916613E307	7.097989787539082E306	3.4965957390042313E306	6	2	7	2	2
441000	-20146.309143220184	-4500.849157620032	-15645.459985600153	-4500.849157620032	1.1212014139506655E307	9.295951270673784E307	0.9247913344008368	0.7420307934185596	2.0517819914522275	0.2061872151292105	0.7420307934185596	2.0517819914522275	0.2061872151292105	0.20645097380753416	1.931813737595343E-309	0.0	0.0	1.779292351047716E-309	-13460.662596210095	5.409511414604598E307	2.2309666148435843E307	9.115653524354211E306	7.070774274623528E306	9.129792813721123E306	6	1	9	2	1
442000	-19989.283598864506	-4351.415851857329	-15637.867747007178	-4351.415851857329	8.102486056354494E306	7.392978271585732E307	0.9247913344008368	0.7420307934185596	2.0517819914522275	0.2061872151292105	0.7420307934185596	2.0517819914522275	0.2061872151292105	0.21822222654734744	2.58174588267129E-309	0.0	0.0	2.72239466840107E-309	-13453.254727397663	6.212439281628393E307	1.454826561964022E307	7.823547289804573E306	6.925568387390846E306	6.47404681637973E306	6	2	9	1	1
443000	-19838.514299483315	-4205.784971760487	-15632.72932772283	-4205.784971760487	7.097731111044231E306	7.038107214619707E307	0.9247913344008368	0.7420307934185596	2.0517819914522275	0.2061872151292105	0.7420307934185596	2.0517819914522275	0.2061872151292105	0.2743172613620123	1.992448392693195E-309	0.0	0.0	2.008495905718425E-309	-13444.157033153131	5.140858578469716E307	5.4495052481516955E306	2.1717554663714496E306	1.4450119551805053E306	1.3451729335635345E306	6	2	9	1	1
444000	-20187.70908258969	-4569.18365151135	-15618.525431078337	-4569.18365151135	8.442608406517816E306	8.568397200249653E307	0.9247913344008368	0.7420307934185596	2.0517819914522275	0.2061872151292105	0.7420307934185596	2.0517819914522275	0.2061872151292105	0.13120565202734769	4.0508636460984E-309	0.0	0.0	4.03950804313239E-309	-13449.218116566051	9.55297787595806E307	1.9409506853777665E307	7.513109666795231E306	2.4206388628896243E306	1.93267957715253E306	6	1	2	8	2
445000	-19997.419144220527	-4359.836440197809	-15637.58270402272	-4359.836440197809	1.2647250730374236E307	6.511503958815901E307	0.9247913344008368	0.7420307934185596	2.0517819914522275	0.2061872151292105	0.7420307934185596	2.0517819914522275	0.2061872151292105	0.22618016552817058	2.349881108867343E-309	0.0	0.0	2.39637859551818E-309	-13448.562683258888	3.4708380671863695E307	5.908615544936961E306	2.9852382801983645E306	1.3917316247857493E306	4.126766941930271E306	6	1	2	7	3
446000	-20110.925256730396	-4462.076836309926	-15648.848420420469	-4462.076836309926	1.0237118163076851E307	5.53683729152651E307	0.9247913344008368	0.7420307934185596	2.0517819914522275	0.2061872151292105	0.7420307934185596	2.0517819914522275	0.2061872151292105	0.35682985871304046	1.727136377558834E-309	0.0	0.0	1.979380759416993E-309	-13451.534250451832	1.526891429685494E307	7.379637776456088E306	8.308877768962885E306	9.911589239168379E306	6.011177671542122E306	6	1	2	7	3
447000	-20402.40392084724	-4751.553255713732	-15650.850665133505	-4751.553255713732	1.4827570896885854E307	7.236299171244023E307	0.9247913344008368	0.7420307934185596	2.0517819914522275	0.2061872151292105	0.7420307934185596	2.0517819914522275	0.2061872151292105	0.27121604780333003	1.086992069868751E-308	0.0	0.0	1.0678173795647674E-308	-13454.811030056886	5.220323967399487E307	2.372349709900271E307	7.616409981592096E306	7.852182761372309E306	1.0846311239051049E307	6	3	1	6	3
448000	-20452.054535083986	-4781.033520721159	-15671.021014362826	-4781.033520721159	2.114479758353817E307	1.3274973728663386E308	0.9247913344008368	0.7420307934185596	2.0517819914522275	0.2061872151292105	0.7420307934185596	2.0517819914522275	0.2061872151292105	0.2740384133704141	6.39064148606749E-309	0.0	0.0	6.54591713779747E-309	-13465.92461754725	1.4474761236660505E308	5.072334595705552E307	1.5258031101372867E307	3.8408530738598955E306	7.998218376744263E306	3	5	1	2	8
449000	-20087.065612788938	-4395.053992604906	-15692.011620184034	-4395.053992604906	6.16172545560792E307	Infinity	0.9247913344008368	0.0063294122031744005	2.7874833726676127	0.2061872151292105	0.0063294122031744005	2.7874833726676127	0.2061872151292105	0.36730246757045953	0.0	0.0	0.0	1.96804774371541E-309	-13477.691747850638	1.1219682083573612E308	1.0324663040106606E308	4.739114813412708E307	3.624071091998786E307	2.05674759273675E307	3	5	1	2	8
450000	-20032.02729842655	-4360.498281423891	-15671.529017002658	-4360.498281423891	2.0076654242367376E307	Infinity	0.9247913344008368	0.0063294122031744005	2.7874833726676127	0.2061872151292105	0.0063294122031744005	2.7874833726676127	0.2061872151292105	0.2694905965759648	0.0	0.0	0.0	5.52985526044657E-310	-13472.220977238709	1.1219682083573612E308	1.0324663040106606E308	1.1686077668536501E307	2.3416249432191695E307	8.48182616957508E306	3	4	2	2	8
451000	-20172.942290082974	-4503.846370532349	-15669.095919550626	-4503.846370532349	4.60190700353238E307	Infinity	0.9247913344008368	0.0063294122031744005	2.7874833726676127	0.2061872151292105	0.0063294122031744005	2.7874833726676127	0.2061872151292105	0.2666844026462703	0.0	0.0	0.0	1.662903967186096E-309	-13471.952534684002	1.4559848426676185E308	3.490858597678083E307	3.451268646509525E307	1.7159972978773768E307	1.0974628141189126E307	3	4	1	2	9
452000	-20150.73877108148	-4488.27478998322	-15662.463981098259	-4488.27478998322	9.3309211951979E307	Infinity	0.9247913344008368	0.0063294122031744005	2.7874833726676127	0.2061872151292105	0.0063294122031744005	2.7874833726676127	0.2061872151292105	0.16308420678785274	0.0	0.0	0.0	4.5650678777122E-310	-13487.302276518158	1.353964115995767E308	6.378816220185232E307	4.896070350615636E307	5.676511113751735E307	3.4684321674681974E307	6	4	1	3	5
453000	-20039.49617191081	-4391.530352987895	-15647.965818922918	-4391.530352987895	2.648224080455816E307	9.471012715329803E307	0.9247913344008368	0.0063294122031744005	2.7874833726676127	0.2061872151292105	0.0063294122031744005	2.7874833726676127	0.2061872151292105	0.22367707181191387	3.006087091421757E-309	0.0	0.0	2.997127834877716E-309	-13457.418640828315	2.1843873253425668E307	1.81082033446378E307	2.1268089216363842E307	2.0937424253854927E307	9.600559236986539E306	2	2	12	2	1
454000	-20234.959642418882	-4556.777625242378	-15678.182017176503	-4556.777625242378	3.7105417808304424E307	1.5915998498597334E308	0.9247913344008368	0.0063294122031744005	2.7874833726676127	0.2061872151292105	0.0063294122031744005	2.7874833726676127	0.2061872151292105	0.2635516116930709	6.08196308271307E-309	0.0	0.0	5.454964247072337E-309	-13471.485613717767	6.753825305270529E307	6.691661962994043E307	2.635716164921627E307	2.9482027065350355E307	2.145715727027795E307	2	10	5	1	1
455000	-20262.032378402488	-4598.775215787358	-15663.25716261513	-4598.775215787358	3.7489006842663083E307	Infinity	0.9247913344008368	0.0063294122031744005	2.7874833726676127	0.2061872151292105	0.0063294122031744005	2.7874833726676127	0.2061872151292105	0.22821164285777257	0.0	0.0	0.0	2.95312268731035E-309	-13474.296326281925	5.3458026669331E307	4.970977731255085E307	2.702239249326881E307	2.2340470935833167E307	7.477288194124933E306	2	7	5	4	1
456000	-20665.534935763084	-4971.393062634422	-15694.141873128661	-4971.393062634422	1.100841723342257E308	Infinity	0.9247913344008368	0.0063294122031744005	2.7874833726676127	0.2061872151292105	0.0063294122031744005	2.7874833726676127	0.2061872151292105	0.349778703542174	0.0	0.0	0.0	4.705268946624852E-309	-13481.64837569883	1.711397559298284E307	3.8690145710745574E307	5.616254727074076E307	4.952995270593973E307	1.043980257311639E308	2	9	3	3	2
457000	-20784.11659292732	-5106.806346945972	-15677.310245981349	-5106.806346945972	7.860340026265133E307	Infinity	0.9247913344008368	0.0063294122031744005	2.7874833726676127	0.2061872151292105	0.0063294122031744005	2.7874833726676127	0.2061872151292105	0.2913105095705241	0.0	0.0	0.0	2.0500041131330315E-308	-13477.865412784173	8.088402499180848E307	6.463581858843464E307	2.824052060393574E307	6.303256126600319E307	3.1223634923281893E307	2	9	3	1	4
458000	-20209.06672264691	-4566.868853751004	-15642.197868895904	-4566.868853751004	2.442752785222891E307	1.4073868970777522E308	0.9247913344008368	0.0063294122031744005	2.7874833726676127	0.2061872151292105	0.0063294122031744005	2.7874833726676127	0.2061872151292105	0.13456151024648205	5.230506958655473E-309	0.0	0.0	5.252061614519373E-309	-13470.23689937971	5.574643020927038E307	7.757310482773157E307	3.345161936713898E307	1.937906982792969E307	1.3529099644206197E307	4	3	1	1	10
459000	-19982.382734520135	-4322.592600355855	-15659.790134164281	-4322.592600355855	7.055431740185746E307	Infinity	0.9247913344008368	0.20998547960923492	2.5838273052615524	0.2061872151292105	0.20998547960923492	2.5838273052615524	0.2061872151292105	0.1212619419279979	0.0	0.0	0.0	5.8708657445654E-310	-13478.539816690425	1.1901428942138885E308	1.2690455027486796E308	3.3872194300571905E307	4.950068612867836E307	3.2580816783991366E307	3	1	2	2	11
460000	-19932.190294906883	-4283.503477616909	-15648.686817289976	-4283.503477616909	3.1299716679105833E307	Infinity	0.9247913344008368	0.20998547960923492	2.5838273052615524	0.2061872151292105	0.20998547960923492	2.5838273052615524	0.2061872151292105	0.13268702740877328	0.0	0.0	0.0	3.60016131622983E-310	-13479.023913250232	1.4608430769607466E308	5.4191590483897E307	2.1028600002327077E307	1.8438249972031403E307	1.0425876316196234E307	3	8	2	2	4
461000	-19883.54277172916	-4214.179752302256	-15669.363019426904	-4214.179752302256	1.9016390194796162E307	1.656451905536041E308	0.9247913344008368	0.20998547960923492	2.5838273052615524	0.2061872151292105	0.20998547960923492	2.5838273052615524	0.2061872151292105	0.2938857465063369	9.00870208045673E-310	0.0	0.0	9.5365120627007E-310	-13470.847218494222	7.961142399671744E307	9.103045107014078E307	5.901055765123443E307	1.4504813842025376E307	3.059363861965493E306	7	4	2	2	4
462000	-20260.746459270114	-4581.7727288803635	-15678.973730389751	-4581.7727288803635	1.5955855870796036E308	Infinity	0.9247913344008368	0.20998547960923492	2.5838273052615524	0.2061872151292105	0.20998547960923492	2.5838273052615524	0.2061872151292105	0.1512110392965308	0.0	0.0	0.0	3.07111878507297E-310	-13495.505769062416	1.4094227284165997E308	1.675719873031037E308	1.1137334995067366E308	1.3353033940816927E308	1.0347103214990408E308	7	4	1	3	4
463000	-20529.49734246941	-4874.781557758071	-15654.715784711341	-4874.781557758071	5.850767029095638E307	Infinity	0.9247913344008368	0.20998547960923492	2.5838273052615524	0.2061872151292105	0.20998547960923492	2.5838273052615524	0.2061872151292105	0.17275187870417633	0.0	0.0	0.0	1.1984135678572E-310	-13476.882835664153	1.4094227284165997E308	4.747152403244964E307	4.3126662636231925E307	1.9827061097731318E307	1.8944239418462086E307	3	4	1	7	4
464000	-20180.543537536556	-4551.439186855537	-15629.10435068102	-4551.439186855537	1.603989569420996E307	9.860227705171798E307	0.9247913344008368	0.20998547960923492	2.5838273052615524	0.2061872151292105	0.20998547960923492	2.5838273052615524	0.2061872151292105	0.10396991555993039	4.30299423498843E-309	0.0	0.0	4.227798000567893E-309	-13461.442059726693	1.2230617125502758E308	9.116924994150002E307	4.442981283576421E307	1.2378822823048143E307	9.174989410366174E306	3	2	1	9	4
465000	-20093.484827778182	-4433.427600705709	-15660.057227072473	-4433.427600705709	2.1552932756123997E307	Infinity	0.9247913344008368	0.20998547960923492	2.5838273052615524	0.2061872151292105	0.20998547960923492	2.5838273052615524	0.2061872151292105	0.2237426837155011	0.0	0.0	0.0	1.050967905725034E-309	-13472.25935165892	1.7118344036384702E308	1.6101791421423854E308	6.823190657631454E307	2.1523797885674274E307	1.8194243316840067E307	3	2	1	9	4
466000	-20215.26246702679	-4550.244077577052	-15665.018389449737	-4550.244077577052	1.821808845301069E307	1.7400533181412778E308	0.9247913344008368	0.20998547960923492	2.5838273052615524	0.2061872151292105	0.20998547960923492	2.5838273052615524	0.2061872151292105	0.22005946938540114	2.9660987931234E-310	0.0	0.0	2.89881398623687E-310	-13474.351848428407	1.006887428430964E308	6.586415036761457E307	1.7839928913804902E307	2.975142604378437E307	9.116572693883254E306	3	2	1	9	4
467000	-20237.31511725048	-4573.796029353154	-15663.519087897326	-4573.796029353154	1.7000203684861514E308	Infinity	0.9247913344008368	0.20998547960923492	2.5838273052615524	0.2061872151292105	0.20998547960923492	2.5838273052615524	0.2061872151292105	0.09060918453715071	0.0	0.0	0.0	6.5195295032767E-310	-13498.959157880046	1.4873264963609559E308	6.72700178174419E307	1.169682869753158E308	1.352935065396539E308	1.4990828990889515E308	3	1	3	11	1
468000	-20326.941498077063	-4631.328910860525	-15695.612587216538	-4631.328910860525	6.78259293992003E307	Infinity	0.9247913344008368	0.20998547960923492	2.5838273052615524	0.2061872151292105	0.20998547960923492	2.5838273052615524	0.2061872151292105	0.3603867167091648	0.0	0.0	0.0	5.98579301965494E-310	-13489.708462065131	1.7582138473201373E308	1.6414926876350768E308	4.925392766852492E307	9.349110966518608E307	5.007502411025798E307	3	4	5	6	1
469000	-20121.765415246053	-4440.105322442403	-15681.66009280365	-4440.105322442403	7.692014064461209E307	Infinity	0.9247913344008368	0.20998547960923492	2.5838273052615524	0.2061872151292105	0.20998547960923492	2.5838273052615524	0.2061872151292105	0.23416380055698002	0.0	0.0	0.0	1.10259701041159E-309	-13486.348690499979	1.269066711373126E308	1.1447432814444426E308	8.839927916223363E307	4.4937618549013085E307	3.503671278747969E307	3	1	8	6	1
470000	-19827.865868191748	-4168.757874972635	-15659.107993219111	-4168.757874972635	2.6300910352037095E307	1.4705319853721732E308	0.9247913344008368	0.20998547960923492	2.5838273052615524	0.2061872151292105	0.20998547960923492	2.5838273052615524	0.2061872151292105	0.21157115975632904	7.71107373882827E-310	0.0	0.0	7.89238430955947E-310	-13471.335003972568	6.96367866031197E307	5.655599620893105E307	2.9677390891850833E307	2.041210186768528E307	2.16356990536115E307	7	1	4	6	1
471000	-20290.18436064938	-4614.013572551187	-15676.170788098192	-4614.013572551187	1.6706909078906828E307	8.664398751483332E307	0.9247913344008368	0.20998547960923492	2.5838273052615524	0.2061872151292105	0.20998547960923492	2.5838273052615524	0.2061872151292105	0.34552037109366507	2.249258912734133E-309	0.0	0.0	2.10349105483767E-309	-13460.741015645199	1.497722865489519E307	1.4628463019669546E307	1.2307936192842359E307	1.7748660464453475E307	6.837077622174194E307	12	1	4	1	1
472000	-20231.051786415	-4600.775524897987	-15630.276261517012	-4600.775524897987	2.4251486139720206E307	8.487790436488915E307	0.9247913344008368	0.20998547960923492	2.5838273052615524	0.2061872151292105	0.20998547960923492	2.5838273052615524	0.2061872151292105	0.24664361504097648	1.3153553291632917E-308	0.0	0.0	1.545773888076243E-308	-13444.999629166969	6.692707008634701E306	8.091248034772248E306	9.671873822107405E306	1.33619143507405E307	2.0782285258918248E307	6	6	4	2	1
473000	-20035.63427438486	-4380.848476086103	-15654.785798298759	-4380.848476086103	2.7361731323043713E307	7.853204570580999E307	0.9247913344008368	0.20998547960923492	2.5838273052615524	0.2061872151292105	0.20998547960923492	2.5838273052615524	0.2061872151292105	0.34035440256540495	9.763902083478533E-309	0.0	0.0	1.2021127479567833E-308	-13448.240207877381	1.846765921134984E307	2.6234201537488613E306	7.866020597218898E306	4.961803281966673E306	1.2917434048261035E307	5	5	3	5	1
474000	-20173.76749402572	-4533.324413216764	-15640.443080808955	-4533.324413216764	6.462059527763994E306	2.9990937706591765E307	0.9247913344008368	0.20998547960923492	2.5838273052615524	0.2061872151292105	0.20998547960923492	2.5838273052615524	0.2061872151292105	0.2969818711063198	1.8025228332782807E-308	0.0	0.0	1.8036556727650475E-308	-13439.008414729633	1.7944108406274664E307	1.3441643022689127E307	1.1537713923548656E307	5.213215049781943E306	6.703140343853477E306	3	3	1	11	1
475000	-20225.858672278882	-4575.998421559448	-15649.860250719434	-4575.998421559448	1.7042445012486597E307	9.419912786029406E307	0.9247913344008368	0.20998547960923492	2.5838273052615524	0.2061872151292105	0.20998547960923492	2.5838273052615524	0.2061872151292105	0.23419161208126849	1.77032568949805E-309	0.0	0.0	1.73400285706042E-309	-13458.988700678143	3.103277279367134E307	1.388477965925688E307	3.4724677695444465E307	1.204606717301048E307	8.116101763276396E306	5	8	3	2	1
476000	-20002.769755571528	-4319.953888124655	-15682.815867446874	-4319.953888124655	2.6154245277288957E307	1.7191317445953266E308	0.9247913344008368	0.20998547960923492	2.5838273052615524	0.2061872151292105	0.20998547960923492	2.5838273052615524	0.2061872151292105	0.35856008302928777	1.04701928218245E-309	0.0	0.0	1.0507999614046E-309	-13475.670367492483	9.64440890034142E307	3.4051822867967355E307	8.44696347057805E306	6.150738576104414E306	6.425848878020577E306	5	10	1	2	1
477000	-20066.785482153457	-4402.530835383125	-15664.25464677033	-4402.530835383125	1.2666212581581674E307	6.626092712740407E307	0.9247913344008368	0.20998547960923492	2.5838273052615524	0.2061872151292105	0.20998547960923492	2.5838273052615524	0.2061872151292105	0.3707905564765099	1.841076057458366E-309	0.0	0.0	1.70781501583654E-309	-13454.274522415373	5.537299177847334E307	1.396757331625163E307	7.465488933735523E306	1.5734181285738552E307	4.936066078430375E306	1	10	1	2	5
478000	-19972.921484782037	-4318.998641342008	-15653.922843440028	-4318.998641342008	2.5599066287589594E307	8.985591036012273E307	0.9247913344008368	0.20998547960923492	2.5838273052615524	0.2061872151292105	0.20998547960923492	2.5838273052615524	0.2061872151292105	0.2867448609917043	7.45905900367644E-309	0.0	0.0	7.86755245623528E-309	-13453.288920377709	4.947076361461914E307	1.055560180726202E307	1.8400923152493512E307	1.333163738679827E307	7.113063351676538E306	1	11	1	1	5
479000	-19855.948289883905	-4190.101497813108	-15665.846792070795	-4190.101497813108	5.238072154402658E306	5.737700009121813E307	0.9247913344008368	0.20998547960923492	2.5838273052615524	0.2061872151292105	0.20998547960923492	2.5838273052615524	0.2061872151292105	0.49701835205517036	3.31170045673595E-309	0.0	0.0	3.433030752602295E-309	-13451.595058946414	6.840304998723849E307	2.4784863816981753E307	9.546576098129929E306	1.243136150570813E307	3.291635798605504E306	1	7	5	1	5
480000	-19917.663743599784	-4307.189244030413	-15610.47449956937	-4307.189244030413	2.9827639320843005E306	3.4034206334221357E307	0.9247913344008368	0.20998547960923492	2.5838273052615524	0.2061872151292105	0.20998547960923492	2.5838273052615524	0.2061872151292105	0.14246743930697514	6.2623642993342E-309	0.0	0.0	6.22374787733301E-309	-13440.853396921457	9.202976526027877E307	2.6222809719021724E307	4.9042459774250585E306	4.925378675857611E306	2.4784524817772932E306	1	5	7	1	5
481000	-19973.018292880326	-4342.0910325591385	-15630.927260321187	-4342.0910325591385	2.1310668633918237E306	2.277379829056362E307	0.9247913344008368	0.20998547960923492	2.5838273052615524	0.2061872151292105	0.20998547960923492	2.5838273052615524	0.2061872151292105	0.3389718916432813	1.903540516818092E-308	0.0	0.0	2.0120083600953264E-308	-13433.774786990916	2.8645539462359175E307	1.3495125465267302E307	7.018474328104048E306	4.878133840024358E306	9.529855752716578E305	1	5	7	1	5
482000	-20243.30152910293	-4590.697695266307	-15652.603833836622	-4590.697695266307	4.1527563525683096E306	3.6879621237075925E307	0.9247913344008368	0.20998547960923492	2.5838273052615524	0.2061872151292105	0.20998547960923492	2.5838273052615524	0.2061872151292105	0.44707975765038516	2.0782358405578665E-308	0.0	0.0	1.9705039537963365E-308	-13444.907536901668	4.681200686995737E307	3.271618863443325E307	8.150685894427863E306	5.152908128827718E306	3.662592577465776E306	1	5	2	5	6
483000	-20096.51462743275	-4478.173284282702	-15618.341343150047	-4478.173284282702	3.244398849818285E306	1.6832515412951675E307	0.9247913344008368	0.20998547960923492	2.5838273052615524	0.2061872151292105	0.20998547960923492	2.5838273052615524	0.2061872151292105	0.22531160563568461	9.73219226059284E-309	0.0	0.0	9.779436307623386E-309	-13430.559896316085	8.794317933389557E306	6.261847245303383E306	8.411113751528915E306	2.588220534293381E306	3.491088471726065E306	1	7	2	3	6
484000	-20654.023718925167	-5080.037531767429	-15573.986187157738	-5080.037531767429	4.71513860097243E306	2.5807990534055727E307	0.20430168220688383	0.20998547960923492	2.5838273052615524	0.2061872151292105	0.20998547960923492	2.5838273052615524	0.2061872151292105	0.053138462639564864	1.357086249263025E-308	0.0	0.0	1.3726985079441516E-308	-13436.002313896233	1.0090775521159015E307	5.759873793533899E306	2.2741040957094315E306	2.3271356746787944E306	1.812678412195988E306	7	5	2	3	2
485000	-20355.827688405392	-4726.722194231175	-15629.105494174217	-4726.722194231175	4.361933843301209E306	5.001542976429786E307	0.20430168220688383	0.20998547960923492	2.5838273052615524	0.2061872151292105	0.20998547960923492	2.5838273052615524	0.2061872151292105	0.19566636066200574	4.71408526673063E-309	0.0	0.0	4.549557995550087E-309	-13446.407389112584	3.0331357141648745E307	8.197311427117113E306	6.264846547352548E306	1.3021913172914797E306	2.6996041579191713E305	7	4	2	5	1
486000	-20599.00089218439	-4963.487064955914	-15635.513827228477	-4963.487064955914	4.258199812186168E306	3.4115328265708875E307	0.20430168220688383	0.20998547960923492	2.5838273052615524	0.2061872151292105	0.20998547960923492	2.5838273052615524	0.2061872151292105	0.2326467811522875	6.825253026455033E-309	0.0	0.0	6.808695683064805E-309	-13447.161200960496	2.0027658012164128E307	1.1554550369065346E307	1.7884740770956944E307	5.959739606244888E306	9.431220378233209E306	6	4	3	5	1
487000	-20609.183391457194	-5029.371388361032	-15579.812003096162	-5029.371388361032	1.5779195570291852E306	1.24478534243015E307	0.20430168220688383	0.20998547960923492	2.5838273052615524	0.2061872151292105	0.20998547960923492	2.5838273052615524	0.2061872151292105	0.09816070587143441	6.552055027997142E-308	0.0	0.0	6.397245654559138E-308	-13420.781487959173	1.7188512208441838E307	3.3910059578604805E306	1.8058483548232817E306	6.6999847287766656E305	8.757933950988966E305	6	1	2	9	1
488000	-20604.264459565697	-4959.493515265069	-15644.77094430063	-4959.493515265069	1.9768209395040784E306	1.763739047193414E307	0.20430168220688383	0.20998547960923492	2.5838273052615524	0.2061872151292105	0.20998547960923492	2.5838273052615524	0.2061872151292105	0.48368506293670543	6.3815454982549E-309	0.0	0.0	5.292712418781017E-309	-13426.401446622422	2.368916750490333E307	6.144470509930304E306	2.91296513610698E306	1.0776536299230327E306	5.0864393999899615E305	6	3	2	3	5
489000	-20217.03194565066	-4583.581356736007	-15633.450588914651	-4583.581356736007	2.4110227085876384E306	2.397151209688785E307	0.20430168220688383	0.20998547960923492	2.5838273052615524	0.2061872151292105	0.20998547960923492	2.5838273052615524	0.2061872151292105	0.33080935919197446	7.776190756053397E-309	0.0	0.0	9.04698059645938E-309	-13427.591975981391	2.5709322396343073E307	2.1439495906103877E306	4.435183254414479E306	1.2987996067354417E306	6.2575102799077E305	5	4	2	3	5
490000	-20506.08986128164	-4944.013641044589	-15562.076220237052	-4944.013641044589	2.5215148339507846E306	1.5854519859475663E307	0.20430168220688383	0.20998547960923492	2.5838273052615524	0.2061872151292105	0.20998547960923492	2.5838273052615524	0.2061872151292105	0.05556398243544813	2.429689147622876E-309	0.0	0.0	2.44184094586181E-309	-13428.198644213897	5.5000296995865224E306	3.7426755466787476E306	2.2957000509044366E306	1.4266176979473692E306	1.2650269469885038E306	8	1	2	4	4
491000	-20237.324313490848	-4607.733119164221	-15629.591194326626	-4607.733119164221	3.492571713556079E306	1.92266018041202E307	0.2767564682453286	0.20998547960923492	2.5838273052615524	0.2061872151292105	0.20998547960923492	2.5838273052615524	0.2061872151292105	0.3309002759808533	1.4639606190355784E-308	0.0	0.0	1.478648652003694E-308	-13431.317487616625	1.0647761787775208E307	2.2572704212118713E306	2.6609966315084133E306	2.478339324668682E306	2.87716911096089E306	5	1	2	4	7
492000	-20228.019690187764	-4639.980483033535	-15588.03920715423	-4639.980483033535	7.820101341247225E305	7.750617205413394E306	0.2767564682453286	0.20998547960923492	2.5838273052615524	0.2061872151292105	0.20998547960923492	2.5838273052615524	0.2061872151292105	0.17463744010460916	3.116701544023693E-308	0.0	0.0	3.1663821683368857E-308	-13416.245049724204	6.815114961267822E306	5.494891934962712E306	5.712458637437668E306	2.832329857171778E306	1.2207004230998156E306	1	6	1	1	10
493000	-19989.308065685138	-4410.149190381697	-15579.15887530344	-4410.149190381697	1.9417384263438784E306	1.5950712935165383E307	0.16971640067883256	0.20998547960923492	2.5838273052615524	0.2061872151292105	0.20998547960923492	2.5838273052615524	0.2061872151292105	0.10934042575764547	1.298530069455065E-308	0.0	0.0	1.2676888730452356E-308	-13421.818979958154	3.076194878611871E307	5.4106289487601E306	5.32572578611624E306	1.3684662490163954E306	9.951157303171271E305	1	6	1	1	10
494000	-20410.883114167762	-4831.585896389633	-15579.297217778128	-4831.585896389633	3.1196196398680555E305	2.7248019157268958E306	0.24594222620016998	0.20998547960923492	2.5838273052615524	0.2061872151292105	0.20998547960923492	2.5838273052615524	0.2061872151292105	0.2549182669353175	2.0375248282463653E-308	0.0	0.0	1.878961657876808E-308	-13393.321430721187	5.838491702036957E306	2.4276085351528287E306	1.058088059733368E306	2.4939947873900705E305	1.9063040544057417E305	1	6	1	9	2
495000	-20278.832820211297	-4694.607255788695	-15584.225564422602	-4694.607255788695	7.147017122725612E305	5.333795434719125E306	0.2689128184479755	0.6813451258881608	2.1124676589826263	0.2061872151292105	0.6813451258881608	2.1124676589826263	0.2061872151292105	0.19243783138636017	1.7790800179990186E-308	0.0	0.0	1.8299590314046354E-308	-13402.480996688986	7.548391653042644E306	4.777291340265803E306	2.0706555152708646E306	6.1923066067998525E305	1.7695098127071816E305	1	5	1	10	2
496000	-20603.915290320536	-5000.259849280476	-15603.65544104006	-5000.259849280476	6.639241651358415E305	6.065394970327793E306	0.18594824670656943	0.6813451258881608	2.1124676589826263	0.2061872151292105	0.6813451258881608	2.1124676589826263	0.2061872151292105	0.32249881428221283	6.395804812671314E-308	0.0	0.0	6.089046096113281E-308	-13409.880354930956	8.221993936613458E306	4.777291340265803E306	1.2757685495918671E306	9.065454601728695E305	1.629223041022606E305	1	5	6	1	6
497000	-20515.385223356818	-4928.727035676765	-15586.658187680054	-4928.727035676765	8.622320696887411E305	9.970730372982295E306	0.18594824670656943	0.6813451258881608	2.1124676589826263	0.2061872151292105	0.6813451258881608	2.1124676589826263	0.2061872151292105	0.13777267361059847	3.07544084074241E-308	0.0	0.0	3.0986705295906076E-308	-13413.258983503658	1.254885286945793E307	4.8044442954589377E306	1.6977344145919194E306	3.333220792642704E306	4.071452156295596E305	1	2	9	1	6
498000	-20531.956680973915	-4889.364203363526	-15642.59247761039	-4889.364203363526	3.08976137700337E306	2.1274636214211873E307	0.18594824670656943	0.6813451258881608	2.1124676589826263	0.2061872151292105	0.6813451258881608	2.1124676589826263	0.2061872151292105	0.39072043550801255	2.1403575814965196E-308	0.0	0.0	2.086316077478827E-308	-13431.55971897845	6.183150327129168E307	1.4411852800781243E307	5.873665817988037E306	5.0056639030365993E306	9.207490435316138E305	1	2	9	1	6
499000	-20325.608098338154	-4776.526440281273	-15549.081658056883	-4776.526440281273	8.321199936325185E305	6.457715889625814E306	0.18594824670656943	0.6813451258881608	2.1124676589826263	0.2061872151292105	0.6813451258881608	2.1124676589826263	0.2061872151292105	0.06337268243077819	2.0953965201724217E-308	0.0	0.0	2.080938744446075E-308	-13412.041663834189	7.092694169554593E306	8.777412836569064E306	1.8230567220916546E306	1.0470106057371916E306	7.188763153635944E305	1	2	9	1	6
500000	-20481.09463731355	-4859.906671818813	-15621.187965494735	-4859.906671818813	7.28105690508071E305	7.909136844215612E306	0.18594824670656943	0.6813451258881608	2.1124676589826263	0.2061872151292105	0.6813451258881608	2.1124676589826263	0.2061872151292105	0.46528076033470184	2.124125305966733E-308	0.0	0.0	2.090238130132498E-308	-13413.7448836268	1.200794410701604E307	4.2402414233877005E306	2.0436682997731872E306	2.6624466675030354E305	3.4208971308703683E305	1	1	9	1	7
