#
#model:
#
#<?xml version="1.0" encoding="UTF-8" standalone="no"?><input id="posterior" spec="beast.base.inference.CompoundDistribution">
#    <distribution id="prior" spec="beast.base.inference.CompoundDistribution">
#        <distribution id="BayesianSkyline.t:HRTV_S_BEAST" spec="beast.base.evolution.tree.coalescent.BayesianSkyline">
#            <parameter dimension="5" id="bPopSizes.t:HRTV_S_BEAST" lower="0.0" name="popSizes" spec="beast.base.inference.parameter.RealParameter">380.0</parameter>
#            <groupSizes dimension="5" id="bGroupSizes.t:HRTV_S_BEAST" spec="beast.base.inference.parameter.IntegerParameter">1</groupSizes>
#            <treeIntervals id="BSPTreeIntervals.t:HRTV_S_BEAST" spec="beast.base.evolution.tree.TreeIntervals">
#                <tree id="Tree.t:HRTV_S_BEAST" spec="beast.base.evolution.tree.Tree">
#                    <trait id="dateTrait.t:HRTV_S_BEAST" spec="beast.base.evolution.tree.TraitSet" traitname="date" value="HRTV-23_T_S_2019=2019,HRTV-26_T_S_2019=2019,HRTV-404_T_S_2021=2021,HRTV-100_T_S_2022=2022,HRTV-187_T_S_2022=2022,HRTV-056F_T_S_2023=2023,HRTV-504_T_S_2019=2019,HRTV-432R_T_S_2023=2023,HRTV-642T_T_S_2023=2023,JX005843_H_S_MO_2009=2009,OQ688983.1_T_S_MO_2012=2012,OQ688989.1_T_S_MO_2012=2012,OQ688986.1_T_S_KS_2015=2015,OQ688993.1_H_S_OK_2017=2017,MZ440341_T_S_NY_2018=2018,MZ440344_T_S_NY_2018=2018,NC_024496_H_S_MO_2009=2009,KJ740146_H_S_TN_2013=2013,OQ688998.1_H_S_KY_2017=2017,OQ689001.1_H_S_MO_2017=2017">
#                        <taxa id="TaxonSet.HRTV_S_BEAST" spec="beast.base.evolution.alignment.TaxonSet">
#                        </taxa>
#                    </trait>
#                    <taxonset idref="TaxonSet.HRTV_S_BEAST"/>
#                </tree>
#            </treeIntervals>
#        </distribution>
#        <distribution id="MarkovChainedPopSizes.t:HRTV_S_BEAST" parameter="@bPopSizes.t:HRTV_S_BEAST" shape="1.5" spec="beast.base.inference.distribution.MarkovChainDistribution" useLogNormal="true"/>
#        <prior id="ORCRatePriorDistribution.c:HRTV_S_BEAST" name="distribution">
#            <parameter dimension="38" id="ORCRates.c:HRTV_S_BEAST" lower="1.0E-100" name="x" spec="beast.base.inference.parameter.RealParameter">0.5</parameter>
#            <LogNormal id="LogNormalDistributionModel.0" meanInRealSpace="true" name="distr">
#                <parameter estimate="false" id="RealParameter.2" name="M" spec="beast.base.inference.parameter.RealParameter">1.0</parameter>
#                <parameter id="ORCsigma.c:HRTV_S_BEAST" lower="0.0" name="S" spec="beast.base.inference.parameter.RealParameter">0.2</parameter>
#            </LogNormal>
#        </prior>
#        <prior id="ORCsigmaPrior.c:HRTV_S_BEAST" name="distribution" x="@ORCsigma.c:HRTV_S_BEAST">
#            <Gamma id="Gamma.0" name="distr">
#                <parameter estimate="false" id="RealParameter.3" name="alpha" spec="beast.base.inference.parameter.RealParameter">5.0</parameter>
#                <parameter estimate="false" id="RealParameter.4" name="beta" spec="beast.base.inference.parameter.RealParameter">0.05</parameter>
#            </Gamma>
#        </prior>
#        <prior id="ORCucldMeanPrior.c:HRTV_S_BEAST" name="distribution">
#            <parameter id="ORCucldMean.c:HRTV_S_BEAST" name="x" spec="beast.base.inference.parameter.RealParameter">0.0016226</parameter>
#            <Gamma id="Gamma.1" name="distr">
#                <alpha id="Function$Constant.1" spec="beast.base.core.Function$Constant" value="0.1"/>
#                <beta id="Function$Constant.2" spec="beast.base.core.Function$Constant" value="100.0"/>
#            </Gamma>
#        </prior>
#        <prior id="Standard_TPM3_rates_prior.s:HRTV_S_BEAST" name="distribution">
#            <parameter dimension="3" id="TPM3rates.s:HRTV_S_BEAST" lower="0.0" name="x" spec="beast.base.inference.parameter.RealParameter">1.0 1.0 1.0</parameter>
#            <distr id="Dirichlet.0" spec="beast.base.inference.distribution.Dirichlet">
#                <alpha id="Function$Constant.0" spec="beast.base.core.Function$Constant" value="1.0 1.0 1.0"/>
#            </distr>
#        </prior>
#        <prior id="PropInvariantPrior.s:HRTV_S_BEAST" name="distribution">
#            <parameter id="proportionInvariant.s:HRTV_S_BEAST" lower="0.0" name="x" spec="beast.base.inference.parameter.RealParameter" upper="1.0">0.769</parameter>
#            <Uniform id="Uniform.2" name="distr"/>
#        </prior>
#    </distribution>
#    <distribution id="likelihood" spec="beast.base.inference.CompoundDistribution" useThreads="true">
#        <distribution data="@HRTV_S_BEAST" id="treeLikelihood.HRTV_S_BEAST" spec="beast.base.evolution.likelihood.ThreadedTreeLikelihood" tree="@Tree.t:HRTV_S_BEAST">
#            <siteModel id="SiteModel.s:HRTV_S_BEAST" proportionInvariant="@proportionInvariant.s:HRTV_S_BEAST" spec="beast.base.evolution.sitemodel.SiteModel">
#                <parameter estimate="false" id="mutationRate.s:HRTV_S_BEAST" lower="0.0" name="mutationRate" spec="beast.base.inference.parameter.RealParameter">1.0</parameter>
#                <parameter estimate="false" id="gammaShape.s:HRTV_S_BEAST" lower="0.1" name="shape" spec="beast.base.inference.parameter.RealParameter">1.0</parameter>
#                <substModel id="Standard_TPM3.s:HRTV_S_BEAST" rates="@TPM3rates.s:HRTV_S_BEAST" spec="substmodels.nucleotide.TPM3"/>
#            </siteModel>
#            <branchRateModel clock.rate="@ORCucldMean.c:HRTV_S_BEAST" id="OptimisedRelaxedClock.c:HRTV_S_BEAST" rates="@ORCRates.c:HRTV_S_BEAST" spec="beast.base.evolution.branchratemodel.UCRelaxedClockModel" tree="@Tree.t:HRTV_S_BEAST">
#                <LogNormal S="@ORCsigma.c:HRTV_S_BEAST" id="ORCLogNormalDistributionModel.c:HRTV_S_BEAST" meanInRealSpace="true" name="distr">
#                    <parameter estimate="false" id="RealParameter.1" name="M" spec="beast.base.inference.parameter.RealParameter">1.0</parameter>
#                </LogNormal>
#            </branchRateModel>
#        </distribution>
#    </distribution>
#</input>
#
Sample	posterior	likelihood	prior	treeLikelihood	Tree.height	Tree.treeLength	proportionInvariant	RateAC-Standard_TPM3	RateAG-Standard_TPM3	RateAT-Standard_TPM3	RateCG-Standard_TPM3	RateCT-Standard_TPM3	RateGT-Standard_TPM3	ORCsigma	ORCRatesStat.mean	ORCRatesStat.variance	ORCRatesStat.coefficientOfVariation	ORCucldMean	BayesianSkyline	bPopSizes.1	bPopSizes.2	bPopSizes.3	bPopSizes.4	bPopSizes.5	bGroupSizes.1	bGroupSizes.2	bGroupSizes.3	bGroupSizes.4	bGroupSizes.5
0	-19125.965891653996	-3432.008994283426	-15693.95689737057	-3432.008994283426	1.4505316239417175E308	Infinity	0.7822791172139446	0.14865194503979307	2.3084917420118045	0.5428563129484043	0.14865194503979307	2.3084917420118045	0.5428563129484043	0.2323780682639839	0.0	0.0	0.0	1.59463387412255E-310	-13498.728689526606	1.42056092981752E308	1.2902806130376982E308	5.526990651939355E307	9.572809930443405E307	7.747655734479293E307	7	3	3	4	2
1000	-19112.67253596709	-3427.5908755648356	-15685.081660402255	-3427.5908755648356	1.6058956126628509E308	Infinity	0.7822791172139446	0.14865194503979307	2.3084917420118045	0.5428563129484043	0.14865194503979307	2.3084917420118045	0.5428563129484043	0.18341436075254824	0.0	0.0	0.0	1.4917490636018E-310	-13499.16995742822	1.7676900528794516E308	1.5022553021801469E308	1.5180264409545198E308	1.2584231145555784E308	6.92487093831098E307	8	3	4	2	2
2000	-19130.939944391954	-3432.571353520314	-15698.36859087164	-3432.571353520314	1.0549910083470625E308	Infinity	0.7822791172139446	0.14865194503979307	2.2065958964550436	0.6447521585051652	0.14865194503979307	2.2065958964550436	0.6447521585051652	0.30504085760982735	0.0	0.0	0.0	1.53488529622757E-310	-13495.092286380257	6.440160509183789E307	1.7367279499085885E308	1.2953620577583697E308	1.3277410466788555E308	2.7277454461571385E307	2	6	4	5	2
3000	-19098.02462573804	-3423.1524728895683	-15674.87215284847	-3423.1524728895683	8.751268467805074E307	Infinity	0.7822791172139446	0.14865194503979307	2.2065958964550436	0.6447521585051652	0.14865194503979307	2.2065958964550436	0.6447521585051652	0.1569126216365481	0.0	0.0	0.0	1.71653510532756E-310	-13489.522860691111	4.922158208923471E307	1.421204502564107E308	1.2666802555052932E308	1.136275048791258E308	4.27811275584771E307	4	5	4	2	4
4000	-19093.599628342607	-3423.153716673015	-15670.445911669593	-3423.153716673015	1.2197935659581884E308	Infinity	0.7822791172139446	0.14865194503979307	2.2065958964550436	0.6447521585051652	0.14865194503979307	2.2065958964550436	0.6447521585051652	0.13452238222580645	0.0	0.0	0.0	1.7272400501636E-310	-13490.590197419458	1.3689637415569725E308	1.383078363512437E308	1.671084547331602E308	1.0232786466127289E308	3.93352953394603E307	6	2	2	5	4
5000	-19091.910824596263	-3420.523098960503	-15671.387725635761	-3420.523098960503	1.7937018603409294E308	Infinity	0.7822791172139446	0.1208921898143009	2.2343556516805356	0.6447521585051652	0.1208921898143009	2.2343556516805356	0.6447521585051652	0.11345981117167271	0.0	0.0	0.0	1.0165535863956E-310	-13504.804941249298	8.927348807557803E307	1.3219857797592434E308	1.5155760854111358E308	1.6757927530812874E308	6.971126572022572E307	7	1	4	4	3
6000	-19112.74780100543	-3425.249130876884	-15687.498670128545	-3425.249130876884	1.383818728493937E308	Infinity	0.7822791172139446	0.1208921898143009	2.191224980262383	0.6878828299233178	0.1208921898143009	2.191224980262383	0.6878828299233178	0.20737841942533705	0.0	0.0	0.0	1.3280980420293E-310	-13499.86099875099	1.7930953195334339E308	1.7917497300993345E308	1.2387560584716833E308	7.149678060835147E307	9.917134373446107E307	8	1	7	1	2
7000	-19107.351225736675	-3424.3241254557583	-15683.027100280917	-3424.3241254557583	1.0121977569068723E308	Infinity	0.7822791172139446	0.0617806030054816	2.223996341590476	0.7142230554040441	0.0617806030054816	2.223996341590476	0.7142230554040441	0.21752889278244059	0.0	0.0	0.0	1.73522516772685E-310	-13493.769071527584	7.700550691968334E307	7.259139260493789E307	1.610320699497784E308	9.50274186013897E307	1.096969075790629E308	10	3	2	1	3
8000	-19091.36243978413	-3423.633959727971	-15667.72848005616	-3423.633959727971	1.5418993610503306E308	Infinity	0.7822791172139446	0.0617806030054816	2.3124322027292825	0.6257871942652375	0.0617806030054816	2.3124322027292825	0.6257871942652375	0.13483813583448706	0.0	0.0	0.0	1.74522473068595E-310	-13495.3498245928	1.0863406749558063E308	1.5121851955383858E308	1.428418126349757E308	9.52231106484864E307	5.301021477501684E307	12	2	1	3	1
9000	-19109.154607084736	-3426.411128194312	-15682.743478890425	-3426.411128194312	1.5367227976199619E308	Infinity	0.7822791172139446	0.0617806030054816	2.3124322027292825	0.6257871942652375	0.0617806030054816	2.3124322027292825	0.6257871942652375	0.1886058932915433	0.0	0.0	0.0	1.07735217607004E-310	-13501.304776130817	1.634422937753558E308	1.340496475230222E308	1.5221403504674353E308	1.2661925827117793E308	5.945000103899949E307	9	4	1	3	2
10000	-19127.218235493216	-3431.399415800734	-15695.81881969248	-3431.399415800734	1.7785945916143266E308	Infinity	0.7822791172139446	0.0617806030054816	2.3124322027292825	0.6257871942652375	0.0617806030054816	2.3124322027292825	0.6257871942652375	0.25518049610023075	0.0	0.0	0.0	1.1257137152227E-310	-13497.494239314281	6.52601700580967E307	1.7262632202616017E308	1.5221403504674353E308	1.6440956233698154E308	7.441224338503E307	8	5	3	1	2
11000	-19110.115240191233	-3432.2182744663037	-15677.896965724929	-3432.2182744663037	1.1619312850393762E308	Infinity	0.7822791172139446	0.0617806030054816	2.3124322027292825	0.6257871942652375	0.0617806030054816	2.3124322027292825	0.6257871942652375	0.19910825442255528	0.0	0.0	0.0	1.713276989855E-310	-13494.650565844944	1.2354211459440723E308	9.629266113550929E307	7.387259947772504E307	1.5062421494467756E308	9.975728708657783E307	7	4	1	2	5
12000	-19084.092099547204	-3429.5957648657773	-15654.496334681426	-3429.5957648657773	5.537882050853886E307	Infinity	0.7822791172139446	0.0617806030054816	2.3124322027292825	0.6257871942652375	0.0617806030054816	2.3124322027292825	0.6257871942652375	0.12817762892972961	0.0	0.0	0.0	3.48535624825576E-310	-13478.938447567281	4.619236568968504E307	5.708216445716012E307	4.573217102359318E307	9.622136680344908E307	7.525665854134274E307	12	1	1	1	4
13000	-19089.391044370725	-3427.5885058217586	-15661.802538548965	-3427.5885058217586	3.9973612322426807E307	Infinity	0.7822791172139446	0.0617806030054816	2.3124322027292825	0.6257871942652375	0.0617806030054816	2.3124322027292825	0.6257871942652375	0.18101055208303654	0.0	0.0	0.0	6.3557152155566E-310	-13472.962340193513	3.74501544444863E307	4.255109386959273E307	1.8606788291316846E307	4.934067207519786E307	6.172001977216785E307	8	5	1	1	4
14000	-19050.167055300968	-3424.907452417707	-15625.259602883261	-3424.907452417707	1.8281809295259277E307	9.14704245209831E307	0.7822791172139446	0.0617806030054816	2.3124322027292825	0.6257871942652375	0.0617806030054816	2.3124322027292825	0.6257871942652375	0.09774775117247776	1.111159292159806E-309	0.0	0.0	1.11724375526718E-309	-13458.249747228645	7.751733672871673E306	9.22531711360873E306	2.510929553262536E307	1.9901567920347786E307	1.1198559117217377E307	2	1	6	9	1
15000	-19063.00802312624	-3424.6062578780584	-15638.40176524818	-3424.6062578780584	1.9545093503727567E307	1.051357590164847E308	0.7822791172139446	0.0617806030054816	2.3124322027292825	0.6257871942652375	0.0617806030054816	2.3124322027292825	0.6257871942652375	0.13462611374531508	1.028854114632277E-309	0.0	0.0	9.85095981811925E-310	-13463.453058699375	7.56115989495979E307	9.196908024148593E307	4.49490054669637E307	2.3655962614138725E307	1.2657240945185184E307	1	1	1	12	4
16000	-19082.597205439626	-3419.4239751964556	-15663.173230243172	-3419.4239751964556	2.9307466245332483E307	1.4310869598054958E308	0.7822791172139446	0.0617806030054816	2.404239886136565	0.5339795108579551	0.0617806030054816	2.404239886136565	0.5339795108579551	0.28439884954772054	7.7151158801389E-310	0.0	0.0	8.1492880299016E-310	-13467.59404737975	4.698430250681896E307	2.6885349377221095E307	5.185653130032928E307	2.5030583688044764E307	2.0932351626435123E307	1	2	2	9	5
17000	-19108.517238622942	-3429.9438824366966	-15678.573356186247	-3429.9438824366966	8.5827609275785E307	Infinity	0.7822791172139446	0.0617806030054816	2.404239886136565	0.5339795108579551	0.0617806030054816	2.404239886136565	0.5339795108579551	0.20303181712134052	0.0	0.0	0.0	2.51121205762867E-310	-13488.3317572929	7.398083467996048E307	1.2610199829244321E308	1.205607887035243E308	6.104180446703777E307	2.020566972124254E307	5	8	1	3	2
18000	-19108.767769177746	-3422.1408720893787	-15686.626897088368	-3422.1408720893787	9.665116190781859E307	Infinity	0.7822791172139446	0.0617806030054816	2.454806828953239	0.48341256804128097	0.0617806030054816	2.454806828953239	0.48341256804128097	0.2021357855531211	0.0	0.0	0.0	1.89793316358037E-310	-13491.252658429661	6.962955135373688E307	5.99359038171176E307	1.104555345092917E308	7.634353172037166E307	3.967578254422429E307	2	7	3	4	3
19000	-19101.87361107053	-3428.319759000841	-15673.553852069688	-3428.319759000841	1.7584189788751648E308	Infinity	0.7822791172139446	0.0617806030054816	2.454806828953239	0.48341256804128097	0.0617806030054816	2.454806828953239	0.48341256804128097	0.11736058373496815	0.0	0.0	0.0	1.22339910623132E-310	-13500.323778471235	1.2516026940715703E308	8.182604562696621E307	9.9010868139705E307	1.239703811383377E308	1.5162774719106307E308	2	11	1	2	3
20000	-19104.135252154614	-3426.088989635924	-15678.046262518692	-3426.088989635924	6.781296246851615E307	Infinity	0.7822791172139446	0.0617806030054816	2.454806828953239	0.48341256804128097	0.0617806030054816	2.454806828953239	0.48341256804128097	0.19740389117306364	0.0	0.0	0.0	2.72640546262964E-310	-13485.657614666137	1.6704506989751257E308	6.642213497123354E307	1.734879484276334E307	8.587293463431923E307	6.287101899165267E307	1	6	3	4	5
21000	-19101.099762704765	-3420.856612440884	-15680.243150263881	-3420.856612440884	1.4628795815138414E308	Infinity	0.7822791172139446	0.0617806030054816	2.454806828953239	0.48341256804128097	0.0617806030054816	2.454806828953239	0.48341256804128097	0.18881781692939925	0.0	0.0	0.0	1.3665971742391E-310	-13497.443099629065	1.6704506989751257E308	1.4479080737402695E308	1.6104717787379024E308	1.3063125885456569E308	1.5056375750198834E308	3	7	2	2	5
22000	-19115.83009421344	-3421.4366954919246	-15694.393398721517	-3421.4366954919246	1.0049639516471496E308	Infinity	0.7822791172139446	0.0617806030054816	2.454806828953239	0.48341256804128097	0.0617806030054816	2.454806828953239	0.48341256804128097	0.30443177916280423	0.0	0.0	0.0	2.09952044292395E-310	-13492.430877465567	1.5714280929263076E308	1.5827272636021326E308	8.637446226719739E307	6.165321514762333E307	9.77732383444392E307	7	8	1	1	2
23000	-19106.461002610486	-3422.5665240461494	-15683.894478564334	-3422.5665240461494	1.7726969274235633E308	Infinity	0.7822791172139446	0.0617806030054816	2.454806828953239	0.48341256804128097	0.0617806030054816	2.454806828953239	0.48341256804128097	0.13939078702891816	0.0	0.0	0.0	8.6779530812904E-311	-13502.81136787112	1.5281917713860542E308	1.0923871110312153E308	1.557205938378443E308	1.5612684937299852E308	1.0357836732674823E308	6	1	1	9	2
24000	-19100.08017715658	-3414.3380238839436	-15685.742153272635	-3414.3380238839436	1.4354251403576184E308	Infinity	0.7822791172139446	0.0617806030054816	2.454806828953239	0.48341256804128097	0.0617806030054816	2.454806828953239	0.48341256804128097	0.20690337204943737	0.0	0.0	0.0	1.48309890780745E-310	-13494.252027293067	7.42106447563793E307	9.819631246525556E307	1.474450618565305E308	5.917814348303366E307	1.01666241783144E308	2	5	1	4	7
25000	-19103.228033860953	-3418.7984593920273	-15684.429574468926	-3418.7984593920273	6.408414262703998E307	Infinity	0.7822791172139446	0.0617806030054816	2.454806828953239	0.48341256804128097	0.0617806030054816	2.454806828953239	0.48341256804128097	0.2477620942664848	0.0	0.0	0.0	2.77810742810565E-310	-13486.32192861225	8.723518398256829E307	9.292726927638591E307	7.477555543736956E307	5.981038284197051E307	8.153612541063886E307	3	1	3	10	2
26000	-19114.677588225717	-3413.7572595567185	-15700.920328668999	-3413.7572595567185	1.0338872453593669E308	Infinity	0.7822791172139446	0.0617806030054816	2.454806828953239	0.48341256804128097	0.0617806030054816	2.454806828953239	0.48341256804128097	0.32429454083033155	0.0	0.0	0.0	1.9079394936591E-310	-13491.576266777447	6.771031291603897E307	1.4262083885440332E308	5.881065050359343E307	3.318540905842992E307	7.108175360774591E307	4	3	9	1	2
27000	-19120.671750066853	-3429.408709009582	-15691.263041057271	-3429.408709009582	6.446425693657617E307	Infinity	0.7822791172139446	0.0617806030054816	2.454806828953239	0.48341256804128097	0.0617806030054816	2.454806828953239	0.48341256804128097	0.3268137514476124	0.0	0.0	0.0	2.0984269331522E-310	-13489.3873143608	8.881112171574065E307	5.302110366324004E307	6.372481937158927E307	7.132412216496424E307	3.4796458019418483E307	1	3	12	1	2
28000	-19090.31507943405	-3421.9537225588606	-15668.36135687519	-3421.9537225588606	9.94908746469707E307	Infinity	0.7822791172139446	0.0617806030054816	2.454806828953239	0.48341256804128097	0.0617806030054816	2.454806828953239	0.48341256804128097	0.1579921867476262	0.0	0.0	0.0	2.3860654800759E-310	-13489.051613440753	1.30906397057202E308	1.1161848020335351E308	6.890469964720216E307	7.677688974594412E307	4.694513784771596E307	1	3	11	2	2
29000	-19089.123995391994	-3425.2052808756384	-15663.918714516356	-3425.2052808756384	8.974745688312627E307	Infinity	0.7822791172139446	0.0617806030054816	2.454806828953239	0.48341256804128097	0.0617806030054816	2.454806828953239	0.48341256804128097	0.18969572899345583	0.0	0.0	0.0	2.50535484462966E-310	-13479.777273795566	8.398217834355003E307	2.364037366342571E307	2.309615366915457E307	4.950369101967624E307	8.587986537272549E307	3	3	2	2	9
30000	-19098.05873775391	-3425.6869852566256	-15672.371752497284	-3425.6869852566256	1.1398972698640477E308	Infinity	0.7822791172139446	0.0617806030054816	2.454806828953239	0.48341256804128097	0.0617806030054816	2.454806828953239	0.48341256804128097	0.1793849916590996	0.0	0.0	0.0	1.4076540956309E-310	-13492.149113267438	8.978424879946803E307	9.036342102937284E307	8.718248305045801E307	8.806718540850892E307	7.016606432565847E307	2	1	5	10	1
31000	-19086.4934467969	-3422.371066078447	-15664.122380718454	-3422.371066078447	5.347343206683434E307	Infinity	0.7822791172139446	0.0617806030054816	2.454806828953239	0.48341256804128097	0.0617806030054816	2.454806828953239	0.48341256804128097	0.17164050216670046	0.0	0.0	0.0	3.9842065876465E-310	-13481.004232336234	8.978424879946803E307	9.567073762591502E307	5.328725178675007E307	2.562966492834509E307	4.497415544156352E307	3	1	3	3	9
32000	-19088.68790602184	-3421.819320451374	-15666.868585570466	-3421.819320451374	7.22367273368537E307	Infinity	0.7822791172139446	0.0617806030054816	2.454806828953239	0.48341256804128097	0.0617806030054816	2.454806828953239	0.48341256804128097	0.11143783532329136	0.0	0.0	0.0	3.1183538128603E-310	-13484.403664737636	1.2812597375901575E308	8.829859597977338E307	4.724752835968735E307	4.927706428068275E307	3.536735142624578E307	4	1	10	3	1
33000	-19062.692501373935	-3420.5135278261023	-15642.178973547832	-3420.5135278261023	4.810096373582989E307	Infinity	0.7822791172139446	0.0617806030054816	2.454806828953239	0.48341256804128097	0.0617806030054816	2.454806828953239	0.48341256804128097	0.13885205242225312	0.0	0.0	0.0	4.58917181024427E-310	-13472.678041577212	4.376739262700546E307	6.548034744666112E307	3.6843747908797437E307	3.5978753034762225E307	2.495393388680253E307	7	1	2	2	7
34000	-19103.240679225302	-3430.5909244052596	-15672.649754820044	-3430.5909244052596	5.656746422326609E307	Infinity	0.7822791172139446	0.0617806030054816	2.454806828953239	0.48341256804128097	0.0617806030054816	2.454806828953239	0.48341256804128097	0.2541178632239968	0.0	0.0	0.0	4.63026594172803E-310	-13479.785119725473	1.907425824252872E307	3.8653967461748436E307	4.4799385541908123E307	7.337418767333709E307	5.149202387018116E307	2	1	2	10	4
35000	-19075.48309881964	-3426.5129396166003	-15648.97015920304	-3426.5129396166003	3.6969326905561473E307	1.6323254247744749E308	0.7822791172139446	0.13085681503122792	2.3857306169274928	0.48341256804128097	0.13085681503122792	2.3857306169274928	0.48341256804128097	0.1827600964273277	6.625740176194E-310	0.0	0.0	7.60206205765687E-310	-13470.791489428457	7.34128665180502E307	4.838779480911066E307	3.3288728136043355E307	2.1570070932349736E307	1.7289776507250056E307	1	3	4	5	6
36000	-19096.905728203496	-3423.2401417762862	-15673.665586427209	-3423.2401417762862	1.4387287554641961E308	Infinity	0.7822791172139446	0.13085681503122792	2.3857306169274928	0.48341256804128097	0.13085681503122792	2.3857306169274928	0.48341256804128097	0.19483953800063214	0.0	0.0	0.0	1.30871483743913E-310	-13488.639869373585	3.907045620533035E307	4.543093805607272E307	1.0421462869420977E308	3.298819627390022E307	5.97130424054844E307	3	6	6	2	2
37000	-19124.31965988413	-3420.2201230853525	-15704.099536798778	-3420.2201230853525	1.0730681387021484E308	Infinity	0.7822791172139446	0.13085681503122792	2.5203647247264347	0.34877846024233894	0.13085681503122792	2.5203647247264347	0.34877846024233894	0.3106423442299704	0.0	0.0	0.0	1.47876741246897E-310	-13499.061966550671	1.2959486002804408E308	8.342442051956959E307	4.723076622980322E307	9.492135571725484E307	1.6340697286393839E308	2	3	9	1	4
38000	-19092.000788267604	-3419.4669956055745	-15672.533792662029	-3419.4669956055745	1.6583877711942494E308	Infinity	0.7822791172139446	0.13085681503122792	2.5203647247264347	0.34877846024233894	0.13085681503122792	2.5203647247264347	0.34877846024233894	0.15394583186148803	0.0	0.0	0.0	1.10542899068085E-310	-13499.65164338522	1.1684252480623274E308	9.148836307133146E307	1.7569965303112857E308	9.163874435821645E307	2.6593456312087295E307	1	9	2	6	1
39000	-19096.372304094893	-3418.2804864230125	-15678.09181767188	-3418.2804864230125	9.170954180540078E307	Infinity	0.7822791172139446	0.13085681503122792	2.5203647247264347	0.34877846024233894	0.13085681503122792	2.5203647247264347	0.34877846024233894	0.19900835561416624	0.0	0.0	0.0	2.82478701904086E-310	-13486.759413918702	8.72302734393355E307	7.035761124999337E307	4.854335275172357E307	1.0595178445088723E308	4.67302842620631E307	1	1	1	12	4
40000	-19082.478027477424	-3422.535447611331	-15659.942579866094	-3422.535447611331	6.714113081580135E307	Infinity	0.7822791172139446	0.13085681503122792	2.5203647247264347	0.34877846024233894	0.13085681503122792	2.5203647247264347	0.34877846024233894	0.13096439740244567	0.0	0.0	0.0	2.4972509895559E-310	-13485.623704045667	5.579223313892876E307	9.931086754271087E307	2.3867619562715815E307	6.86274412282751E307	2.6774762286310565E307	4	5	3	5	2
41000	-19099.827322745343	-3427.6540146241655	-15672.173308121177	-3427.6540146241655	4.828802591980276E307	Infinity	0.7822791172139446	0.13085681503122792	2.5203647247264347	0.34877846024233894	0.13085681503122792	2.5203647247264347	0.34877846024233894	0.23897210239001232	0.0	0.0	0.0	4.84543678345876E-310	-13477.151389182765	3.259244592466363E307	3.885285103626508E307	5.753104270256614E307	2.664400830019487E307	8.840094553111041E306	2	5	6	4	2
42000	-19065.41243493647	-3422.8747634997435	-15642.537671436725	-3422.8747634997435	2.7606677459597093E307	1.2787006933589494E308	0.7822791172139446	0.13085681503122792	2.5203647247264347	0.34877846024233894	0.13085681503122792	2.5203647247264347	0.34877846024233894	0.15222434333227566	6.9822710584894E-310	0.0	0.0	6.96294163656367E-310	-13463.949816871906	2.6791738600108917E307	2.869600965075486E307	2.362337790880554E307	2.0343544835219578E307	1.4588626171988567E307	4	1	8	4	2
43000	-19094.286836881914	-3421.019424695195	-15673.26741218672	-3421.019424695195	5.197327599319688E307	Infinity	0.7822791172139446	0.03768986644873404	2.5203647247264347	0.4419454088248328	0.03768986644873404	2.5203647247264347	0.4419454088248328	0.18584068528952152	0.0	0.0	0.0	4.4677174468304E-310	-13477.759221237244	2.5791610838016546E307	3.030747929271836E307	6.257588643874241E307	5.692235097428072E307	8.04925434179286E307	1	1	3	7	7
44000	-19132.623734516048	-3424.244052235084	-15708.379682280965	-3424.244052235084	1.6141590924552465E308	Infinity	0.7822791172139446	0.03768986644873404	2.5203647247264347	0.4419454088248328	0.03768986644873404	2.5203647247264347	0.4419454088248328	0.3416000019224007	0.0	0.0	0.0	1.5328381602416E-310	-13500.955320984383	5.106766377478136E307	1.0626660469017801E308	9.063345706191448E307	8.271421458435033E307	9.329507568850416E307	1	1	4	3	10
45000	-19088.10541218953	-3419.035178229026	-15669.070233960503	-3419.035178229026	1.1832917168103477E308	Infinity	0.7822791172139446	0.03768986644873404	2.5203647247264347	0.4419454088248328	0.03768986644873404	2.5203647247264347	0.4419454088248328	0.12287988282635091	0.0	0.0	0.0	1.70341803449743E-310	-13489.204028240487	4.861674220178281E307	8.458298338455399E307	2.1583206120637634E307	9.824963170333939E307	8.781309381379591E307	3	2	1	12	1
46000	-19111.78523762428	-3424.9304306438285	-15686.854806980453	-3424.9304306438285	1.1133154951358239E308	Infinity	0.7822791172139446	0.03768986644873404	2.5203647247264347	0.4419454088248328	0.03768986644873404	2.5203647247264347	0.4419454088248328	0.2698659867794138	0.0	0.0	0.0	2.17486508463155E-310	-13488.240697362004	6.172097868749337E307	4.830896627593124E307	6.444904189726302E307	4.4756538858899853E307	6.875085886439411E307	8	3	2	3	3
47000	-19103.502436934992	-3426.6493742657094	-15676.853062669285	-3426.6493742657094	1.5723359947311068E308	Infinity	0.7822791172139446	0.03768986644873404	2.5203647247264347	0.4419454088248328	0.03768986644873404	2.5203647247264347	0.4419454088248328	0.15922503373560165	0.0	0.0	0.0	1.42159096049805E-310	-13487.575179629912	6.725408354800056E307	6.685300769149928E307	8.363240929390748E307	9.074048424296083E307	8.479185376238799E307	2	4	2	8	3
48000	-19080.6849724218	-3418.6656953427664	-15662.019277079035	-3418.6656953427664	1.2525672734026613E308	Infinity	0.7822791172139446	0.03768986644873404	2.5203647247264347	0.4419454088248328	0.03768986644873404	2.5203647247264347	0.4419454088248328	0.1500408773620377	0.0	0.0	0.0	1.5472590061219E-310	-13490.906048511317	5.478392385278123E307	5.367025425356141E307	1.1379385027153465E308	1.1958654191759905E308	4.881393049313728E307	1	3	5	6	4
49000	-19083.032034134074	-3423.800439182583	-15659.231594951492	-3423.800439182583	1.0426652120156636E308	Infinity	0.7822791172139446	0.03768986644873404	2.5203647247264347	0.4419454088248328	0.03768986644873404	2.5203647247264347	0.4419454088248328	0.12274294930287599	0.0	0.0	0.0	1.70833255049276E-310	-13492.168477593177	1.4824017388346645E308	1.0778504202391854E308	1.1827957558448963E308	8.775038648033279E307	5.098549174932952E307	8	3	4	2	2
50000	-19111.452005885625	-3426.122824361994	-15685.329181523632	-3426.122824361994	2.2932239824514974E307	1.350291477764156E308	0.7822791172139446	0.03768986644873404	2.664155360744799	0.2981547728064686	0.03768986644873404	2.664155360744799	0.2981547728064686	0.32967674328950775	7.69494517730977E-310	0.0	0.0	6.6493312700341E-310	-13466.550884913164	9.342653670543438E307	2.9171753970952654E307	5.726481934181238E307	3.5909380953025195E307	1.4939756502994932E307	1	12	1	2	3
51000	-19066.051485093438	-3424.9882830991896	-15641.06320199425	-3424.9882830991896	2.766486480552213E307	1.2192987598856215E308	0.7822791172139446	0.03768986644873404	2.664155360744799	0.2981547728064686	0.03768986644873404	2.664155360744799	0.2981547728064686	0.18000022071668462	8.6157877753849E-310	0.0	0.0	8.89311617213165E-310	-13463.988529366434	5.8364056060066E307	4.3058310544595204E307	4.011043346074142E307	2.4185517662922554E307	1.332796479945266E307	1	5	2	7	4
52000	-19093.00988943238	-3430.117384402244	-15662.892505030135	-3430.117384402244	3.3825921432221955E307	1.5963836044845578E308	0.7822791172139446	0.03768986644873404	2.664155360744799	0.2981547728064686	0.03768986644873404	2.664155360744799	0.2981547728064686	0.2544666982100367	5.8854169251801E-310	0.0	0.0	5.75367417027925E-310	-13468.110168161347	6.956086131310398E307	2.509974803319036E307	8.83701984854917E306	2.5847657129617586E307	3.629588793652523E307	1	3	3	9	3
53000	-19056.21879737271	-3436.513936960184	-15619.704860412525	-3436.513936960184	7.891321840226171E306	4.03992414186265E307	0.7822791172139446	0.03768986644873404	2.664155360744799	0.2981547728064686	0.03768986644873404	2.664155360744799	0.2981547728064686	0.16721451392523756	2.48959929238529E-309	0.0	0.0	2.35591213155671E-309	-13444.679142975121	1.4668288423695435E307	1.2386005195316287E307	3.759272076857724E306	5.451541699551642E306	3.7856495549034555E306	7	2	1	7	2
54000	-19051.76993360865	-3429.3508419228506	-15622.4190916858	-3429.3508419228506	8.827427315699283E306	4.264024662108796E307	0.7822791172139446	0.03768986644873404	2.664155360744799	0.2981547728064686	0.03768986644873404	2.664155360744799	0.2981547728064686	0.1717763660171603	2.21664292369055E-309	0.0	0.0	2.221194360565405E-309	-13445.153248940596	6.57089182568072E306	1.0036640559666642E307	1.293851600424917E307	1.068262523110749E307	4.397187056843754E306	8	6	1	2	2
55000	-19056.849688445745	-3422.9648841172516	-15633.884804328492	-3422.9648841172516	9.648364044512261E306	5.183153679172864E307	0.7822791172139446	0.03768986644873404	2.664155360744799	0.2981547728064686	0.03768986644873404	2.664155360744799	0.2981547728064686	0.16880013798156576	1.763877516430707E-309	0.0	0.0	1.81803812299652E-309	-13451.12141939028	1.6332398754129814E307	1.5944687795484486E307	2.576602799397108E307	1.5992413715439066E307	1.3453550804350162E307	11	1	2	1	4
56000	-19054.67493756002	-3422.670716691562	-15632.004220868457	-3422.670716691562	1.6000183878721388E307	8.789291874358214E307	0.7822791172139446	0.18411621148798263	2.5177290157055503	0.2981547728064686	0.18411621148798263	2.5177290157055503	0.2981547728064686	0.16206832775415125	1.011323752673714E-309	0.0	0.0	1.05494602102521E-309	-13458.922260821835	1.6106861677048078E307	2.7291723138935293E307	3.461035882310174E307	1.6506305404311603E307	1.5015110164722872E307	5	6	4	3	1
57000	-19082.486393729345	-3423.631777860771	-15658.854615868575	-3423.631777860771	2.564452372007601E307	1.298113917743367E308	0.7822791172139446	0.18411621148798263	2.5177290157055503	0.2981547728064686	0.18411621148798263	2.5177290157055503	0.2981547728064686	0.27337299666483134	8.90496079166807E-310	0.0	0.0	9.1610808000915E-310	-13464.533058568033	3.8751604870376304E307	2.1919004754320304E307	2.5649887888966064E307	1.0879314352082842E307	3.8779019724251943E306	7	6	4	1	1
58000	-19090.481336358043	-3421.35088487832	-15669.130451479723	-3421.35088487832	6.774696372346465E307	Infinity	0.7822791172139446	0.11378941816959147	2.5880558090239414	0.2981547728064686	0.11378941816959147	2.5880558090239414	0.2981547728064686	0.1522763351337845	0.0	0.0	0.0	2.804874972924E-310	-13484.161200292394	9.856304179959375E307	8.513812899294535E307	7.609140169862247E307	8.510614970748551E307	3.2632824550674926E307	2	1	14	1	1
59000	-19106.243599341487	-3426.54568355828	-15679.697915783207	-3426.54568355828	5.019574012103803E307	Infinity	0.7822791172139446	0.11378941816959147	2.5880558090239414	0.2981547728064686	0.11378941816959147	2.5880558090239414	0.2981547728064686	0.22761086214548146	0.0	0.0	0.0	3.7416269000321E-310	-13482.64948552739	7.222085939354139E307	4.957107832105388E307	3.9486126030480807E307	9.095101002547419E307	5.940021802020828E307	4	5	1	5	4
60000	-19109.16289427985	-3417.483788637084	-15691.679105642766	-3417.483788637084	5.501956241560298E307	Infinity	0.7822791172139446	0.11378941816959147	2.61793382075144	0.2682767610789702	0.11378941816959147	2.61793382075144	0.2682767610789702	0.37832624869430326	0.0	0.0	0.0	3.04185600588747E-310	-13485.362866765927	6.545259093014249E307	1.1575864289634069E308	6.609879010745157E307	5.814381748236365E307	4.738487520452698E307	8	1	4	4	2
61000	-19084.75452628338	-3421.226018606617	-15663.528507676763	-3421.226018606617	2.4214832705025303E307	1.5876391747697578E308	0.7822791172139446	0.11378941816959147	2.61793382075144	0.2682767610789702	0.11378941816959147	2.61793382075144	0.2682767610789702	0.20211620869783375	5.65304706097935E-310	0.0	0.0	5.4410717532873E-310	-13472.04633531313	5.417701697785158E307	3.383787999015982E307	3.5065623356513643E307	4.499472240955643E307	4.0906467037324626E307	2	1	2	10	4
62000	-19123.478219685065	-3436.5892047832453	-15686.889014901819	-3436.5892047832453	5.870814886620194E307	Infinity	0.7822791172139446	0.11378941816959147	2.61793382075144	0.2682767610789702	0.11378941816959147	2.61793382075144	0.2682767610789702	0.3073621695117914	0.0	0.0	0.0	2.79015241567576E-310	-13481.575123760544	6.270475656913349E307	4.825216183962046E307	8.888452294515046E307	6.31240999774276E307	3.7212412857729957E307	7	2	5	2	3
63000	-19093.087149930885	-3425.286331687775	-15667.800818243111	-3425.286331687775	4.006424956452329E307	Infinity	0.7822791172139446	0.11378941816959147	2.61793382075144	0.2682767610789702	0.11378941816959147	2.61793382075144	0.2682767610789702	0.27603121248743395	0.0	0.0	0.0	4.68178312346537E-310	-13478.100089701462	4.2313223756422945E307	1.7181662568839832E307	2.2858021079835134E307	1.4551222208235734E307	1.3076064959394153E307	11	3	1	1	3
64000	-19097.965860833152	-3423.2137322769468	-15674.752128556207	-3423.2137322769468	4.810902379373307E307	Infinity	0.7822791172139446	0.05776662785335632	2.61793382075144	0.32429955139520533	0.05776662785335632	2.61793382075144	0.32429955139520533	0.2712528171492868	0.0	0.0	0.0	5.60235632991924E-310	-13476.156744257934	4.63498256369315E307	3.9604651974917724E307	4.762648894793509E307	4.628043355131251E307	1.285681762622807E307	5	2	2	9	1
65000	-19096.417043986177	-3429.6955307408207	-15666.721513245358	-3429.6955307408207	2.863187604049893E307	1.469232850703184E308	0.7822791172139446	0.19309908104145934	2.482601367563337	0.32429955139520533	0.19309908104145934	2.482601367563337	0.32429955139520533	0.3107504661169262	7.16297461826535E-310	0.0	0.0	7.129051132594E-310	-13465.6414390563	5.2732985560825396E306	8.610314121025014E306	1.7133403672824383E307	2.2275854059615308E307	9.257792985833711E306	2	2	9	5	1
66000	-19084.42490660318	-3422.721476995598	-15661.703429607584	-3422.721476995598	4.91021885886386E307	Infinity	0.7822791172139446	0.19309908104145934	2.3846199678484146	0.42228095111012753	0.19309908104145934	2.3846199678484146	0.42228095111012753	0.16854566369606064	0.0	0.0	0.0	3.4729893604307E-310	-13478.342848088274	6.494365265457214E307	2.1255339076756728E307	3.959005121190021E307	3.784929140502871E307	8.742418572467328E306	2	5	8	3	1
67000	-19116.871887083234	-3428.12119773412	-15688.750689349115	-3428.12119773412	4.897188972050835E307	Infinity	0.7822791172139446	0.19309908104145934	2.3846199678484146	0.42228095111012753	0.19309908104145934	2.3846199678484146	0.42228095111012753	0.2588671185252614	0.0	0.0	0.0	3.4359440255383E-310	-13480.006684734015	2.574493780356399E307	9.517912978130275E307	5.674257933428165E307	1.5630456602331536E308	7.077963919112434E307	6	7	2	3	1
68000	-19114.464128611344	-3426.27551891122	-15688.188609700122	-3426.27551891122	5.410824154965835E307	Infinity	0.7822791172139446	0.19309908104145934	2.3846199678484146	0.42228095111012753	0.19309908104145934	2.3846199678484146	0.42228095111012753	0.3455381818699976	0.0	0.0	0.0	3.4913158231448E-310	-13480.259155474087	1.0632442017673727E308	6.639961656274068E307	1.1963218043041426E308	2.581504172172475E307	7.237073333206957E306	5	5	5	2	2
69000	-19108.15985664859	-3421.180135115924	-15686.979721532669	-3421.180135115924	6.946382897439434E307	Infinity	0.7822791172139446	0.19309908104145934	2.3846199678484146	0.42228095111012753	0.19309908104145934	2.3846199678484146	0.42228095111012753	0.3688015265474208	0.0	0.0	0.0	3.14166667646023E-310	-13481.773838960691	3.830724929275368E307	3.858199268542759E307	8.263669397685791E307	3.7038393947530707E307	1.4627373678248172E307	3	11	2	1	2
70000	-19079.675267246155	-3427.196858519309	-15652.478408726847	-3427.196858519309	3.0154590997816815E307	1.5782826516004516E308	0.7822791172139446	0.19309908104145934	2.3846199678484146	0.42228095111012753	0.19309908104145934	2.3846199678484146	0.42228095111012753	0.1902116103668302	5.9345063134978E-310	0.0	0.0	5.7801676203776E-310	-13472.614755204191	8.907800792448786E307	4.0128975894946716E307	2.7573287217185377E307	2.2452906753750526E307	2.049378014201485E307	4	5	4	5	1
71000	-19083.219179176584	-3437.534786742394	-15645.684392434188	-3437.534786742394	2.50410024971962E307	1.0870187455406852E308	0.7822791172139446	0.19309908104145934	2.3846199678484146	0.42228095111012753	0.19309908104145934	2.3846199678484146	0.42228095111012753	0.1850539886678564	1.0351781698351E-309	0.0	0.0	1.12229414257107E-309	-13460.746703212191	1.3130086503499804E307	1.6242622149993157E307	1.6816627068165685E307	3.495336232574313E307	4.425652546318742E307	3	1	11	2	2
72000	-19104.81426271329	-3439.311106570334	-15665.503156142957	-3439.311106570334	3.9417015123452383E307	1.6959666798177122E308	0.7822791172139446	0.19309908104145934	2.3846199678484146	0.42228095111012753	0.19309908104145934	2.3846199678484146	0.42228095111012753	0.275137565329371	5.9341330210655E-310	0.0	0.0	5.98169220611063E-310	-13470.068782859622	2.9890075107365083E307	3.034785202576485E307	2.0869298272806754E307	2.098168227698103E307	3.776332800722366E307	5	1	1	8	4
73000	-19111.08697067753	-3425.605750931689	-15685.481219745841	-3425.605750931689	6.128229106739733E307	Infinity	0.7822791172139446	0.19309908104145934	2.3846199678484146	0.42228095111012753	0.19309908104145934	2.3846199678484146	0.42228095111012753	0.26619512264169304	0.0	0.0	0.0	2.14675263503925E-310	-13487.806486962114	6.875388718367901E307	1.2875761748052035E308	4.506613382857648E307	4.1073209703120395E307	1.7635815370379556E307	8	5	1	3	2
74000	-19101.31670708258	-3430.0239037734955	-15671.292803309087	-3430.0239037734955	6.937290486195045E307	Infinity	0.7822791172139446	0.19309908104145934	2.3846199678484146	0.42228095111012753	0.19309908104145934	2.3846199678484146	0.42228095111012753	0.2463180070485975	0.0	0.0	0.0	4.15682161883087E-310	-13477.773089233979	4.2655413394713567E307	3.2446552211767635E307	1.6091943466864343E307	4.112182663047776E307	4.1785052166709384E307	4	4	1	9	1
75000	-19087.412858207717	-3424.3119065820447	-15663.100951625673	-3424.3119065820447	1.6012854952987605E307	6.471396292734833E307	0.7822791172139446	0.19309908104145934	2.3846199678484146	0.42228095111012753	0.19309908104145934	2.3846199678484146	0.42228095111012753	0.36567411793892884	1.692814032447214E-309	0.0	0.0	1.785475135346E-309	-13450.138133319057	9.890045356906389E306	1.26538590404891E307	2.921457522343428E307	1.643174825370498E307	1.8873356691618222E307	5	2	1	1	10
76000	-19101.82664293694	-3417.401650590343	-15684.424992346598	-3417.401650590343	5.99809787287827E307	Infinity	0.7822791172139446	0.19309908104145934	2.3846199678484146	0.42228095111012753	0.19309908104145934	2.3846199678484146	0.42228095111012753	0.46032210439631166	0.0	0.0	0.0	4.67250230037094E-310	-13478.752426472669	3.2607867343886407E307	2.355990188486806E307	4.208230159968842E307	3.041041058164634E307	1.3732224948235429E307	4	3	1	9	2
77000	-19117.97480196705	-3426.215603266667	-15691.759198700385	-3426.215603266667	4.584120491644593E307	Infinity	0.7822791172139446	0.19309908104145934	2.3846199678484146	0.42228095111012753	0.19309908104145934	2.3846199678484146	0.42228095111012753	0.5919767312914049	0.0	0.0	0.0	5.8768758842474E-310	-13469.853557413613	1.582943403552451E308	1.5621689146389383E307	3.952462012409094E307	4.920977454050478E307	1.6263771508478112E307	1	4	1	7	6
78000	-19104.515375004365	-3425.1452649707267	-15679.370110033637	-3425.1452649707267	2.3554681281280495E307	1.400802586198858E308	0.7822791172139446	0.19309908104145934	2.3846199678484146	0.42228095111012753	0.19309908104145934	2.3846199678484146	0.42228095111012753	0.3765786640478869	6.20860176484543E-310	0.0	0.0	6.0920191882144E-310	-13466.6522267193	1.484616540693178E307	1.5976156450358716E307	1.9488593232295948E307	2.5142124851831587E307	1.593463300082524E307	2	2	7	4	4
79000	-19109.34040035466	-3428.9255538065436	-15680.414846548118	-3428.9255538065436	3.2550758407609907E307	1.3480902112886338E308	0.7822791172139446	0.26491202428051214	2.3846199678484146	0.35046800787107474	0.26491202428051214	2.3846199678484146	0.35046800787107474	0.5642218912810364	8.4381553730717E-310	0.0	0.0	8.6729840256404E-310	-13462.05895348205	3.1885083618384716E307	2.2335024098489714E307	1.724682334991252E307	2.7960166671423607E307	1.5849610757921044E307	4	1	5	5	4
80000	-19122.94614703632	-3430.315571550876	-15692.630575485446	-3430.315571550876	8.37007697858703E307	Infinity	0.7822791172139446	0.26491202428051214	2.3846199678484146	0.35046800787107474	0.26491202428051214	2.3846199678484146	0.35046800787107474	0.4770110193928666	0.0	0.0	0.0	4.810273029767E-310	-13481.868719994287	1.2229932696588504E308	1.0657192222064166E308	3.542552384705312E307	4.438813805104078E307	2.7395601288332506E307	1	1	9	3	5
81000	-19105.04672457954	-3430.4543230607533	-15674.592401518787	-3430.4543230607533	3.815809611135591E307	1.6146467850085541E308	0.7822791172139446	0.26491202428051214	2.3846199678484146	0.35046800787107474	0.26491202428051214	2.3846199678484146	0.35046800787107474	0.43011844918267295	7.21143189934403E-310	0.0	0.0	8.15748772800576E-310	-13468.012175139354	1.0906218345413265E308	3.017829783104784E307	3.2150043318702823E307	2.485430213458223E307	1.9598234162696261E307	1	1	1	6	10
82000	-19099.484096880675	-3428.6523172275433	-15670.831779653132	-3428.6523172275433	3.9945419707858814E307	Infinity	0.7822791172139446	0.23792652282259588	2.411605469306331	0.35046800787107474	0.23792652282259588	2.411605469306331	0.35046800787107474	0.3143392459482215	0.0	0.0	0.0	5.79663561227613E-310	-13472.690259533778	9.617118754351432E307	4.083312213788242E307	3.246297039475421E307	2.269316478079316E307	1.2508687356440395E307	1	4	12	1	1
83000	-19107.145534641786	-3428.093703188775	-15679.051831453009	-3428.093703188775	4.815411479790715E307	Infinity	0.7822791172139446	0.23792652282259588	2.411605469306331	0.35046800787107474	0.23792652282259588	2.411605469306331	0.35046800787107474	0.26511809902295297	0.0	0.0	0.0	5.57832248411604E-310	-13475.095749276918	1.670542096469712E308	3.556093009693057E307	4.494320224111521E307	4.777408248657087E307	2.5264383753506646E307	1	3	6	6	3
84000	-19083.44979759211	-3429.7810333406874	-15653.668764251423	-3429.7810333406874	1.5395826374042342E307	7.921865724468782E307	0.7822791172139446	0.23792652282259588	2.411605469306331	0.35046800787107474	0.23792652282259588	2.411605469306331	0.35046800787107474	0.30957598521318835	1.400490086884026E-309	0.0	0.0	1.370227620684205E-309	-13455.11650127975	1.8748579615035427E307	1.2173353944352585E307	1.7759994995673656E307	2.5146927559518115E307	1.0219554456577377E307	1	8	4	3	3
85000	-19087.371840089767	-3428.3821630717057	-15658.989677018062	-3428.3821630717057	2.18553267873553E307	1.1620504145465476E308	0.7822791172139446	0.23792652282259588	2.411605469306331	0.35046800787107474	0.23792652282259588	2.411605469306331	0.35046800787107474	0.2540352333997778	7.98940343507877E-310	0.0	0.0	7.3036236068378E-310	-13463.962704541773	5.363760323024793E307	2.0528526193064877E307	2.7468715215427715E307	2.283156902759785E307	2.9035998649531977E306	4	5	4	5	1
86000	-19080.05771151442	-3431.21883869125	-15648.83887282317	-3431.21883869125	2.0147045146462244E307	9.978010821479563E307	0.7822791172139446	0.23792652282259588	2.411605469306331	0.35046800787107474	0.23792652282259588	2.411605469306331	0.35046800787107474	0.25221600528330085	9.8332061887492E-310	0.0	0.0	1.09741779900551E-309	-13457.503584809936	2.014264296001444E307	2.1134012306598693E307	2.3887473632569423E307	1.1752243147153977E307	5.092241780662771E306	4	6	5	3	1
87000	-19081.67593300513	-3430.778873071204	-15650.897059933926	-3430.778873071204	4.187568387656537E306	2.506096379371829E307	0.7822791172139446	0.23792652282259588	2.411605469306331	0.35046800787107474	0.23792652282259588	2.411605469306331	0.35046800787107474	0.43467618316639745	4.600914185298294E-309	0.0	0.0	3.404239245293807E-309	-13436.970044511268	1.437748551247688E307	7.403850049348857E306	5.967735668488492E306	6.655381893759135E306	5.654378970660314E306	1	3	7	6	2
88000	-19081.405140439012	-3426.116521624939	-15655.288618814073	-3426.116521624939	9.018790130344635E306	4.905629165102061E307	0.7822791172139446	0.23792652282259588	2.411605469306331	0.35046800787107474	0.23792652282259588	2.411605469306331	0.35046800787107474	0.39511350949079527	2.01125837689499E-309	0.0	0.0	1.860709196384426E-309	-13448.50090362711	1.6755720711737256E307	1.515147467022395E307	1.553349142169137E307	9.700397130190207E306	3.1802534136752797E306	3	3	4	5	4
89000	-19066.43288694287	-3421.4961348531165	-15644.936752089752	-3421.4961348531165	5.723991334021628E306	3.7033358998010456E307	0.7822791172139446	0.23792652282259588	2.411605469306331	0.35046800787107474	0.23792652282259588	2.411605469306331	0.35046800787107474	0.35830262541997676	2.696298717571977E-309	0.0	0.0	2.28347075605402E-309	-13440.766562728368	1.25820788125207E307	4.7159728403366595E306	8.619479291685881E306	9.922328347149182E306	3.155481062986955E306	2	1	7	6	3
90000	-19021.035677223612	-3425.2360919052303	-15595.799585318382	-3425.2360919052303	1.5501281306281545E306	9.773563608650228E306	0.7822791172139446	0.09929094997369847	2.5502410421552284	0.35046800787107474	0.09929094997369847	2.5502410421552284	0.35046800787107474	0.19976792270604996	1.179796534671746E-308	0.0	0.0	1.181644865733004E-308	-13418.745824137763	3.8045343790268774E306	1.849137141487703E306	1.6048146760143914E306	3.7996826882512855E306	1.1620113120883503E306	4	1	2	11	1
91000	-19058.6909920571	-3421.9347471037627	-15636.75624495334	-3421.9347471037627	5.152752585625739E306	3.2089690543489064E307	0.7822791172139446	0.09929094997369847	2.5502410421552284	0.35046800787107474	0.09929094997369847	2.5502410421552284	0.35046800787107474	0.3330764138533196	2.91961814803742E-309	0.0	0.0	3.096989854861814E-309	-13440.700995672256	1.797094399571578E307	4.700215613656025E306	6.225740806205585E306	4.762769787024452E306	2.6343772502199833E306	1	6	1	9	2
92000	-19060.97205308505	-3434.0107877633395	-15626.961265321712	-3434.0107877633395	2.9857590837506346E306	1.4863196081164247E307	0.7822791172139446	0.09929094997369847	2.5502410421552284	0.35046800787107474	0.09929094997369847	2.5502410421552284	0.35046800787107474	0.4225116422214746	6.42421797575954E-309	0.0	0.0	6.144479227534153E-309	-13424.791421205236	9.665408354639083E305	1.7922707050330755E306	2.408291940565049E306	2.878589434991016E306	1.5479938336208654E306	2	1	1	11	4
93000	-19027.92947851817	-3420.2173096982424	-15607.712168819928	-3420.2173096982424	2.2421875780029762E306	1.1700722864270897E307	0.7822791172139446	0.09929094997369847	2.5502410421552284	0.35046800787107474	0.09929094997369847	2.5502410421552284	0.35046800787107474	0.23324833316391813	7.895116805236006E-309	0.0	0.0	7.441979115784634E-309	-13423.502722021793	3.420869133614794E306	3.323822336478703E306	1.3025787211356602E306	1.1069544686057627E306	9.58977269666783E305	5	2	1	8	3
94000	-19011.84754873127	-3417.0830514799004	-15594.764497251372	-3417.0830514799004	1.824191680473911E306	9.957189858637962E306	0.7822791172139446	0.09929094997369847	2.5502410421552284	0.35046800787107474	0.09929094997369847	2.5502410421552284	0.35046800787107474	0.21544552129042685	1.0829002845799604E-308	0.0	0.0	1.094505168690868E-308	-13420.637785472853	1.7553441831470494E306	1.3180416626006749E306	1.2606563389527636E306	1.1017453358556922E306	3.416857606060483E305	7	3	5	1	3
95000	-19045.0350248283	-3430.193120252603	-15614.841904575698	-3430.193120252603	3.9635118856937953E306	2.2700563404920624E307	0.7822791172139446	0.09929094997369847	2.5502410421552284	0.35046800787107474	0.09929094997369847	2.5502410421552284	0.35046800787107474	0.193674684304572	4.17965516796438E-309	0.0	0.0	4.277237678422786E-309	-13433.780413588154	2.978864182812216E306	4.315993948618243E306	6.361470610966E306	1.3944834579077353E306	6.945298713820195E305	1	12	2	2	2
96000	-19067.657186622597	-3434.0364603521216	-15633.620726270476	-3434.0364603521216	4.1945888181367216E306	2.3734890863997305E307	0.7822791172139446	0.09929094997369847	2.5502410421552284	0.35046800787107474	0.09929094997369847	2.5502410421552284	0.35046800787107474	0.32799139679031425	3.72136544262488E-309	0.0	0.0	3.498721540065247E-309	-13433.737222102369	1.502529690669289E307	5.206143762651415E306	5.490779425112349E306	2.382699122886618E306	2.6529429072911277E306	1	11	3	2	2
97000	-19072.184826426335	-3422.2359159679972	-15649.948910458337	-3422.2359159679972	8.648801505835888E306	4.38008479637581E307	0.7822791172139446	0.09929094997369847	2.4242563752954545	0.4764526747308486	0.09929094997369847	2.4242563752954545	0.4764526747308486	0.40288085381187344	2.263888585971096E-309	0.0	0.0	2.034718127175207E-309	-13447.525956680765	1.0295117670250482E307	1.0595865563343787E307	6.676128327659098E306	4.008296609751426E306	3.738543905692506E306	4	1	2	8	4
98000	-19079.918577293745	-3425.642385444236	-15654.276191849509	-3425.642385444236	4.991774614810842E306	3.0882623357614685E307	0.7822791172139446	0.09929094997369847	2.4242563752954545	0.4764526747308486	0.09929094997369847	2.4242563752954545	0.4764526747308486	0.506527041672848	3.08807835082027E-309	0.0	0.0	3.218359812781535E-309	-13440.11588247545	1.6707724575259037E307	9.722586454538962E306	3.4496751448994406E306	6.399814078007414E306	2.1242810489900693E306	1	10	1	5	2
99000	-19081.15957616221	-3425.3628920182387	-15655.796684143968	-3425.3628920182387	8.630119871246925E306	5.456559394783934E307	0.7822791172139446	0.09929094997369847	2.4242563752954545	0.4764526747308486	0.09929094997369847	2.4242563752954545	0.4764526747308486	0.4082049639216721	1.82591828443999E-309	0.0	0.0	1.607234188311826E-309	-13449.487964936274	1.1172342309848766E307	9.020500334198664E306	9.406472747682417E306	1.2226720061030345E307	2.8840750875663063E306	1	7	1	8	2
100000	-19091.938338462038	-3428.172268173581	-15663.766070288459	-3428.172268173581	8.739773906313562E306	5.468233873844453E307	0.7822791172139446	0.09929094997369847	2.4242563752954545	0.4764526747308486	0.09929094997369847	2.4242563752954545	0.4764526747308486	0.3817245013254362	1.99867024764174E-309	0.0	0.0	1.629496202573444E-309	-13451.577357224007	9.800696848179453E306	2.598277749897892E307	1.794709559327351E307	1.2242184442771087E307	8.803087692019332E306	3	2	1	7	6
101000	-19103.71278416227	-3423.5637481096446	-15680.149036052628	-3423.5637481096446	2.4558137111839823E307	1.5628040883921896E308	0.7822791172139446	0.09929094997369847	2.5908494810954004	0.30985956893090283	0.09929094997369847	2.5908494810954004	0.30985956893090283	0.33547580445737935	6.00478732750295E-310	0.0	0.0	4.98854122137607E-310	-13470.059607505134	1.4354172934943516E307	2.362996869494322E307	3.243550800881069E307	2.191512846347521E307	3.4560706752441013E306	3	1	13	1	1
102000	-19080.14779878546	-3420.5067519923678	-15659.641046793093	-3420.5067519923678	1.9890444414061687E307	1.1740996028673257E308	0.7822791172139446	0.09929094997369847	2.5908494810954004	0.30985956893090283	0.09929094997369847	2.5908494810954004	0.30985956893090283	0.24262649978319872	8.02023481209123E-310	0.0	0.0	8.01750267975044E-310	-13466.688041334124	7.124930778740325E307	6.508954830591521E307	2.9402334903737957E307	8.496897084751411E306	6.143650831537753E306	4	3	8	3	1
103000	-19110.836020258354	-3423.87316827656	-15686.962851981792	-3423.87316827656	3.9363923917574877E307	Infinity	0.7822791172139446	0.09929094997369847	2.5908494810954004	0.30985956893090283	0.09929094997369847	2.5908494810954004	0.30985956893090283	0.37232725323675475	0.0	0.0	0.0	4.66634468458097E-310	-13477.468133834016	1.6317646284738227E308	5.671778483947936E307	6.537064966278543E307	2.139548829543486E307	2.546954806835383E307	4	7	4	1	3
104000	-19091.60028462222	-3418.2594134332267	-15673.340871188995	-3418.2594134332267	2.546455214698241E307	1.320412966787558E308	0.7822791172139446	0.09929094997369847	2.5908494810954004	0.30985956893090283	0.09929094997369847	2.5908494810954004	0.30985956893090283	0.43953556422301027	6.8272916990378E-310	0.0	0.0	7.52094355201063E-310	-13465.577496973889	3.2988484664842165E307	4.4460066534984137E307	2.5404339763712846E307	3.787567067845512E307	7.141995602525838E306	3	4	7	1	4
105000	-19110.38041757195	-3421.7126093334423	-15688.667808238506	-3421.7126093334423	8.364034642572433E307	Infinity	0.7822791172139446	0.15198768442921728	2.5381527466398817	0.30985956893090283	0.15198768442921728	2.5381527466398817	0.30985956893090283	0.2796770522611724	0.0	0.0	0.0	2.88572931302393E-310	-13485.922932786594	7.704204893915892E307	1.1868564933029154E308	7.37314747998122E307	4.4790917816358637E307	2.5064317000837506E307	1	5	10	1	2
106000	-19085.639308673894	-3420.1769577496057	-15665.462350924288	-3420.1769577496057	6.068389712857571E307	Infinity	0.7822791172139446	0.15198768442921728	2.5381527466398817	0.30985956893090283	0.15198768442921728	2.5381527466398817	0.30985956893090283	0.19716496108388265	0.0	0.0	0.0	2.9441509289476E-310	-13483.985907936965	1.5207729425568275E308	6.269572302219966E307	1.4513097126716918E308	4.492816287896872E307	5.48178641361701E307	3	11	3	1	1
107000	-19081.953297415523	-3421.313584962011	-15660.63971245351	-3421.313584962011	3.65022975526352E307	Infinity	0.7822791172139446	0.15198768442921728	2.5381527466398817	0.30985956893090283	0.15198768442921728	2.5381527466398817	0.30985956893090283	0.2140059222747964	0.0	0.0	0.0	4.367261415855E-310	-13476.808283967543	3.789809014040474E307	6.240783933039785E307	1.0462199642833935E308	3.1708671405086185E307	1.202598213793797E307	5	3	4	4	3
108000	-19125.079417024877	-3432.922653465141	-15692.156763559737	-3432.922653465141	1.3336808439835807E308	Infinity	0.7822791172139446	0.15198768442921728	2.5381527466398817	0.30985956893090283	0.15198768442921728	2.5381527466398817	0.30985956893090283	0.21369314256425379	0.0	0.0	0.0	1.18662327686584E-310	-13498.14633775361	6.84875723568874E307	1.4417493699900375E308	6.561388196544739E307	1.3346038346963748E308	1.5285913217885449E308	8	6	3	1	1
109000	-19096.269860697463	-3424.1209688740514	-15672.14889182341	-3424.1209688740514	1.2414417167323005E308	Infinity	0.7822791172139446	0.15198768442921728	2.5381527466398817	0.30985956893090283	0.15198768442921728	2.5381527466398817	0.30985956893090283	0.17848118743419158	0.0	0.0	0.0	1.8562459575344E-310	-13490.435904394022	1.6077808108492676E308	7.068777344728992E307	5.914347815740161E307	8.09457313334996E307	1.1054067590161995E308	1	3	3	3	9
110000	-19069.721555817432	-3423.099942495212	-15646.621613322219	-3423.099942495212	1.0628465624127035E308	Infinity	0.7822791172139446	0.15198768442921728	2.3885131768722045	0.45949913869858017	0.15198768442921728	2.3885131768722045	0.45949913869858017	0.09059946668137313	0.0	0.0	0.0	1.9028749781826E-310	-13490.255820326398	6.610821548191022E307	8.536892153956696E307	1.0463876433947776E308	1.1898212830505768E308	3.7705882121782994E307	2	4	8	2	3
111000	-19103.606435224785	-3422.4356361737446	-15681.17079905104	-3422.4356361737446	1.2324426488056492E308	Infinity	0.7822791172139446	0.15198768442921728	2.3885131768722045	0.45949913869858017	0.15198768442921728	2.3885131768722045	0.45949913869858017	0.21041761520921498	0.0	0.0	0.0	1.49641239021063E-310	-13492.534325184699	7.760594227444916E307	1.003073934669234E308	1.0463876433947776E308	1.0194488933246007E308	4.035124333006869E307	9	5	2	1	2
112000	-19073.73840936173	-3423.678210562987	-15650.060198798743	-3423.678210562987	6.152793182137275E307	Infinity	0.7822791172139446	0.051303270806280846	2.3885131768722045	0.5601835523215166	0.051303270806280846	2.3885131768722045	0.5601835523215166	0.1390448867989614	0.0	0.0	0.0	3.9406561172765E-310	-13477.822909973993	4.169868462104961E307	2.8058902626302525E307	8.884541127990925E307	7.037209332677702E307	2.270784131989771E307	6	3	5	1	4
113000	-19093.0541115249	-3424.893916027653	-15668.160195497245	-3424.893916027653	6.618753692675371E307	Infinity	0.7822791172139446	0.14157861756024454	2.3885131768722045	0.4699082055675529	0.14157861756024454	2.3885131768722045	0.4699082055675529	0.21656582665372098	0.0	0.0	0.0	3.6959470527103E-310	-13476.347047687323	4.548214468216394E307	4.529350812523753E307	4.094639890093821E307	4.689326618299466E307	2.911454712046366E307	1	2	11	1	4
114000	-19104.318265786173	-3430.77774444005	-15673.540521346124	-3430.77774444005	1.4190722309283951E308	Infinity	0.7822791172139446	0.14157861756024454	2.3885131768722045	0.4699082055675529	0.14157861756024454	2.3885131768722045	0.4699082055675529	0.1721700774888281	0.0	0.0	0.0	1.26043497163376E-310	-13492.773285259998	3.928595922459285E307	4.09246115179565E307	1.0541877336083786E308	5.565933596709843E307	3.1021305234924896E307	1	7	8	1	2
115000	-19110.081865755456	-3433.143629627811	-15676.938236127646	-3433.143629627811	6.043306968074703E307	Infinity	0.7822791172139446	0.14157861756024454	2.3885131768722045	0.4699082055675529	0.14157861756024454	2.3885131768722045	0.4699082055675529	0.17292112171902568	0.0	0.0	0.0	3.08524838183506E-310	-13481.858992845677	4.730121480300992E307	7.580359289744809E307	1.4060422580359731E308	5.499325056433652E307	4.905998727288505E307	6	7	2	1	3
116000	-19115.155915971653	-3428.703329362271	-15686.45258660938	-3428.703329362271	5.634874769777421E307	Infinity	0.7822791172139446	0.14157861756024454	2.3885131768722045	0.4699082055675529	0.14157861756024454	2.3885131768722045	0.4699082055675529	0.26510032778285986	0.0	0.0	0.0	2.10368656262836E-310	-13484.141462848387	6.787410942267678E307	1.2425566758042834E308	1.0695993525972943E308	2.906759686730782E307	1.6433401318258742E307	7	3	6	1	2
117000	-19095.15500715485	-3425.473497768971	-15669.681509385882	-3425.473497768971	6.343923569046972E307	Infinity	0.7822791172139446	0.14157861756024454	2.3885131768722045	0.4699082055675529	0.14157861756024454	2.3885131768722045	0.4699082055675529	0.15538495793780058	0.0	0.0	0.0	2.86772778607147E-310	-13482.036196388684	5.812096589749833E307	3.5395188587879237E307	8.856595470379658E307	8.781802381519924E307	2.677612066192775E307	4	4	4	4	3
118000	-19096.93352365649	-3423.5928858095804	-15673.34063784691	-3423.5928858095804	3.99470688035634E307	Infinity	0.7822791172139446	0.14157861756024454	2.3885131768722045	0.4699082055675529	0.14157861756024454	2.3885131768722045	0.4699082055675529	0.24406524628586956	0.0	0.0	0.0	3.93177792182443E-310	-13473.392380759497	1.708491383102609E307	2.0373197496038968E307	5.329911019226172E307	5.318883528703028E307	4.818193807938581E307	6	1	7	4	1
119000	-19097.46831651171	-3421.137086551115	-15676.331229960593	-3421.137086551115	7.955351516830274E307	Infinity	0.7822791172139446	0.14157861756024454	2.3885131768722045	0.4699082055675529	0.14157861756024454	2.3885131768722045	0.4699082055675529	0.24618158205978294	0.0	0.0	0.0	2.54670032191105E-310	-13485.876469642446	1.095617925918101E308	5.041651448947924E307	7.43570542927942E307	7.729911129271278E307	5.633814287810048E307	2	1	2	3	11
120000	-19115.39706666049	-3422.6394008450798	-15692.757665815412	-3422.6394008450798	8.191012462061418E307	Infinity	0.7822791172139446	0.14157861756024454	2.3885131768722045	0.4699082055675529	0.14157861756024454	2.3885131768722045	0.4699082055675529	0.3175960142176695	0.0	0.0	0.0	2.40151159982226E-310	-13491.59144254376	4.484548583490156E307	7.953088011380073E307	1.0034177409266887E308	1.0651683696137854E308	4.816311736669603E307	2	2	1	6	8
121000	-19034.765982203706	-3418.346176505684	-15616.41980569802	-3418.346176505684	1.4899812293856421E307	7.895545143807003E307	0.7822791172139446	0.14157861756024454	2.3885131768722045	0.4699082055675529	0.14157861756024454	2.3885131768722045	0.4699082055675529	0.11404861193368657	1.19615616790012E-309	0.0	0.0	1.18151472991177E-309	-13453.603304778484	2.521913731126881E307	1.2435903155507175E307	1.9646070453719906E307	1.8722631761085424E307	9.100801571091927E306	1	8	5	2	3
122000	-19050.942553499714	-3424.1686189783777	-15626.773934521338	-3424.1686189783777	3.1713527297155176E307	1.6338221684793817E308	0.7822791172139446	0.14157861756024454	2.3885131768722045	0.4699082055675529	0.14157861756024454	2.3885131768722045	0.4699082055675529	0.11404861193368657	5.34972468714774E-310	0.0	0.0	5.2184183500401E-310	-13468.265796532905	2.105341159950881E307	3.7707724576450317E307	3.294065226142627E307	1.5271411326008499E307	9.801493386026187E306	3	12	1	1	2
123000	-19109.951592068363	-3421.2617355119132	-15688.68985655645	-3421.2617355119132	6.444912787124929E307	Infinity	0.7822791172139446	0.14157861756024454	2.3885131768722045	0.4699082055675529	0.14157861756024454	2.3885131768722045	0.4699082055675529	0.24614379455598984	0.0	0.0	0.0	2.02572010368395E-310	-13490.649378589362	9.200672130359444E307	1.057470635981252E308	9.959778999473492E307	1.1253838688086982E308	8.055885429023524E307	3	1	5	5	5
124000	-19115.817552284887	-3428.208214563493	-15687.609337721393	-3428.208214563493	1.0199804727348858E308	Infinity	0.7822791172139446	0.14157861756024454	2.3885131768722045	0.4699082055675529	0.14157861756024454	2.3885131768722045	0.4699082055675529	0.19241206221541543	0.0	0.0	0.0	1.88592111910294E-310	-13494.9623957007	1.5205029344503297E308	7.877851481743954E307	1.1767551367845043E308	1.1253838688086982E308	5.065594353004569E307	1	6	1	8	3
125000	-19069.00327918887	-3420.691886618929	-15648.31139256994	-3420.691886618929	1.4427235869366715E308	Infinity	0.7822791172139446	0.14157861756024454	2.3885131768722045	0.4699082055675529	0.14157861756024454	2.3885131768722045	0.4699082055675529	0.05861675544644408	0.0	0.0	0.0	1.2796970526659E-310	-13494.997215600819	2.680452775968136E307	4.246468361272176E307	5.55520114453574E307	1.703080384999804E308	8.153395309789713E307	1	2	2	13	1
126000	-19056.234405912142	-3431.1095214735747	-15625.124884438568	-3431.1095214735747	3.1471907511313406E307	1.7973588137493698E308	0.7822791172139446	0.14157861756024454	2.3885131768722045	0.4699082055675529	0.14157861756024454	2.3885131768722045	0.4699082055675529	0.08913106802494801	6.01311486578826E-310	0.0	0.0	6.063094729347E-310	-13472.269913294429	2.354206661138403E307	5.628591182108106E307	3.0285374685265586E307	5.041298434499433E307	8.836219831903532E306	2	4	4	8	1
127000	-19086.935610456458	-3425.659779397915	-15661.275831058541	-3425.659779397915	7.312186721141964E307	Infinity	0.7822791172139446	0.14157861756024454	2.3885131768722045	0.4699082055675529	0.14157861756024454	2.3885131768722045	0.4699082055675529	0.13467979338632094	0.0	0.0	0.0	2.55563868774403E-310	-13484.919306673724	4.623545424777995E307	2.3668869400999657E307	6.840029281417776E307	4.1050712977874993E307	3.972030561420244E307	4	5	7	2	1
128000	-19079.590985385843	-3418.049730473996	-15661.541254911846	-3418.049730473996	5.63033685301498E307	Infinity	0.7822791172139446	0.14157861756024454	2.3885131768722045	0.4699082055675529	0.14157861756024454	2.3885131768722045	0.4699082055675529	0.16311657479546882	0.0	0.0	0.0	2.8545464324531E-310	-13484.901564629996	1.2361627874348855E308	1.459172129033922E308	1.122238517263347E308	3.1716644226686666E307	1.4616813274942456E307	4	7	5	2	1
129000	-19108.571859117765	-3422.5567374888174	-15686.015121628949	-3422.5567374888174	1.5054006712411746E308	Infinity	0.7822791172139446	0.14157861756024454	2.3885131768722045	0.4699082055675529	0.14157861756024454	2.3885131768722045	0.4699082055675529	0.252488495638724	0.0	0.0	0.0	1.53867536479225E-310	-13492.201036830678	8.809446449662309E307	8.335786025435202E307	1.5039643594726555E308	8.326725289881912E307	4.0298624106287797E307	7	4	6	1	1
130000	-19084.388143198827	-3422.731109732469	-15661.657033466357	-3422.731109732469	4.719685440660812E307	Infinity	0.7822791172139446	0.14157861756024454	2.3885131768722045	0.4699082055675529	0.14157861756024454	2.3885131768722045	0.4699082055675529	0.21269530260329125	0.0	0.0	0.0	4.8513307405434E-310	-13476.99151777002	8.179064461786174E307	3.2229399482413056E307	3.458566874280164E307	2.5559246724915607E307	2.0200587239058723E307	2	11	2	2	2
131000	-19085.28635896281	-3416.466447605298	-15668.819911357514	-3416.466447605298	8.355781724506535E307	Infinity	0.7822791172139446	0.14157861756024454	2.3885131768722045	0.4699082055675529	0.14157861756024454	2.3885131768722045	0.4699082055675529	0.14800039082060723	0.0	0.0	0.0	2.466055594031E-310	-13485.664303472848	5.497310586177506E307	5.021471027182875E307	1.51497349514562E308	1.1574827974583455E308	1.005084548071E308	1	8	5	2	3
132000	-19107.839966917196	-3415.521284311981	-15692.318682605213	-3415.521284311981	9.118866354504426E307	Infinity	0.7822791172139446	0.14157861756024454	2.3885131768722045	0.4699082055675529	0.14157861756024454	2.3885131768722045	0.4699082055675529	0.28064369101135295	0.0	0.0	0.0	2.4284644095493E-310	-13488.82029162294	8.509312689209689E307	1.2810363384883094E308	7.882491742385122E307	8.704754667053873E307	3.2520846517182936E307	5	6	1	4	3
133000	-19089.37603207316	-3424.214567860139	-15665.161464213023	-3424.214567860139	3.6054055057694686E307	Infinity	0.7822791172139446	0.14157861756024454	2.3885131768722045	0.4699082055675529	0.14157861756024454	2.3885131768722045	0.4699082055675529	0.20786901286280332	0.0	0.0	0.0	4.59154168867113E-310	-13475.235888561841	6.847260025458792E307	2.3338598619722366E307	2.8453654245563333E307	3.1866003305343256E307	2.4307979299126177E307	4	5	2	7	1
134000	-19099.54440503046	-3421.9064981265096	-15677.63790690395	-3421.9064981265096	4.0786293157626046E307	Infinity	0.7822791172139446	0.14157861756024454	2.3885131768722045	0.4699082055675529	0.14157861756024454	2.3885131768722045	0.4699082055675529	0.2920948650134826	0.0	0.0	0.0	3.7347622659065E-310	-13474.449614179033	3.896418911300152E307	3.110765791157612E307	9.100371502553404E307	5.553140974048417E307	1.391584121635096E307	4	9	2	1	3
135000	-19094.74969030197	-3417.010865614866	-15677.738824687105	-3417.010865614866	7.633517967820867E307	Infinity	0.7822791172139446	0.14157861756024454	2.3885131768722045	0.4699082055675529	0.14157861756024454	2.3885131768722045	0.4699082055675529	0.2311124140823844	0.0	0.0	0.0	2.8119447979985E-310	-13480.52308289725	3.632401694001792E307	8.195094421225121E307	1.3301290758835478E308	9.9516781253344E307	2.2606722915723784E307	7	1	5	3	3
136000	-19091.925461847983	-3429.543178845488	-15662.382283002493	-3429.543178845488	8.448406147757147E307	Infinity	0.7822791172139446	0.14157861756024454	2.3885131768722045	0.4699082055675529	0.14157861756024454	2.3885131768722045	0.4699082055675529	0.14416810586427514	0.0	0.0	0.0	2.39337147186944E-310	-13488.889810573382	6.523609959930417E307	1.0286596299889008E308	7.02165665676212E307	7.846334861877584E307	5.17263860942287E307	1	2	2	10	4
137000	-19096.980495507254	-3436.9090143530066	-15660.071481154248	-3436.9090143530066	5.828565469113287E307	Infinity	0.7822791172139446	0.14157861756024454	2.3885131768722045	0.4699082055675529	0.14157861756024454	2.3885131768722045	0.4699082055675529	0.15009811796097805	0.0	0.0	0.0	2.8968618073192E-310	-13484.01315552521	1.5094505316038164E308	7.011017982918692E307	9.561546360714819E307	6.943690276670016E307	3.516322343473491E307	6	1	2	8	2
138000	-19069.428786846012	-3431.3584989950514	-15638.07028785096	-3431.3584989950514	4.1311981184399766E307	Infinity	0.7822791172139446	0.14157861756024454	2.3885131768722045	0.4699082055675529	0.14157861756024454	2.3885131768722045	0.4699082055675529	0.15005539686878816	0.0	0.0	0.0	5.65603798054496E-310	-13471.898325932483	2.565060936204156E307	2.8482803788069566E307	2.3874736259301173E307	1.170196082054533E307	1.1783823677473496E307	2	9	4	2	2
139000	-19071.57600874654	-3424.4287598392493	-15647.147248907288	-3424.4287598392493	4.63239906428375E307	Infinity	0.7822791172139446	0.14157861756024454	2.3885131768722045	0.4699082055675529	0.14157861756024454	2.3885131768722045	0.4699082055675529	0.1422473121890573	0.0	0.0	0.0	4.43034118147014E-310	-13475.738409455686	4.37647858756701E307	7.036044287900224E307	6.056620083421036E307	2.7712071833581394E307	1.6461472852001091E307	8	6	1	3	1
140000	-19080.354552008655	-3425.8903878631736	-15654.464164145482	-3425.8903878631736	7.914931035187039E307	Infinity	0.7822791172139446	0.14157861756024454	2.506298499762147	0.3521228826776107	0.14157861756024454	2.506298499762147	0.3521228826776107	0.14569367351456186	0.0	0.0	0.0	3.15500082441787E-310	-13481.114661820111	1.636336876104545E308	3.893605968911204E307	6.23393643702157E307	4.0183846029922775E307	4.1775391870427656E307	1	5	1	10	2
141000	-19054.845805434146	-3422.1071405673933	-15632.738664866753	-3422.1071405673933	4.725149933975164E307	Infinity	0.7822791172139446	0.05721639865685664	2.506298499762147	0.4364851015809986	0.05721639865685664	2.506298499762147	0.4364851015809986	0.0815628766655946	0.0	0.0	0.0	4.41114032278213E-310	-13475.87139934955	6.369296635116784E307	3.83445466495971E307	4.251331089258537E307	4.0183846029922775E307	3.472582926604814E307	3	4	1	3	8
142000	-19062.08492421748	-3422.1950963258337	-15639.889827891648	-3422.1950963258337	3.3465279083030746E307	1.697509162565681E308	0.7822791172139446	0.05721639865685664	2.506298499762147	0.4364851015809986	0.05721639865685664	2.506298499762147	0.4364851015809986	0.15511580916479073	5.6255386162864E-310	0.0	0.0	5.60587611485463E-310	-13466.042989654254	2.5303387190880874E307	2.762106897633065E307	5.855551279501509E307	3.234242485757371E307	2.088598695772521E307	7	3	2	4	3
143000	-19102.37384202902	-3415.530140452599	-15686.843701576421	-3415.530140452599	6.348356863632194E307	Infinity	0.7822791172139446	0.05721639865685664	2.506298499762147	0.4364851015809986	0.05721639865685664	2.506298499762147	0.4364851015809986	0.28154329498531216	0.0	0.0	0.0	3.0952157404572E-310	-13481.175851461621	7.450138606080704E307	3.5053331064470015E307	4.261301918747267E307	6.681112151957343E307	2.6937979558821975E307	4	1	3	7	4
144000	-19098.05259116151	-3436.8861245082026	-15661.166466653309	-3436.8861245082026	1.7439471536982684E307	1.1413432854590369E308	0.5344990124669751	0.05721639865685664	2.506298499762147	0.4364851015809986	0.05721639865685664	2.506298499762147	0.4364851015809986	0.3171475482674771	7.55206038518485E-310	0.0	0.0	8.2747832495879E-310	-13467.215985608456	3.167608189637267E307	2.7033039695552343E307	4.281144457167099E307	4.631696741418711E307	3.1493031010142546E307	6	3	3	4	3
145000	-19100.105194469623	-3420.394265293809	-15679.710929175813	-3420.394265293809	3.5694685495137304E307	Infinity	0.8515010923473276	0.05721639865685664	2.506298499762147	0.4364851015809986	0.05721639865685664	2.506298499762147	0.4364851015809986	0.311335432508868	0.0	0.0	0.0	3.8498486968908E-310	-13475.368460274722	3.0190230217770936E307	2.2431844331714504E307	4.281144457167099E307	3.615431574624185E307	9.401528263783826E307	3	6	7	1	2
146000	-19126.909586299644	-3433.7801747701037	-15693.129411529539	-3433.7801747701037	1.6982640710709824E308	Infinity	0.8515010923473276	0.05721639865685664	2.506298499762147	0.4364851015809986	0.05721639865685664	2.506298499762147	0.4364851015809986	0.2438525870908369	0.0	0.0	0.0	1.18375714078054E-310	-13499.827962341107	7.28013426787559E307	1.4665477988215678E308	6.799197883641613E307	4.807805914058574E307	2.953503198462178E307	10	2	4	1	2
147000	-19126.58705320741	-3425.363014986318	-15701.224038221095	-3425.363014986318	4.2100447804002974E307	Infinity	0.7277128905975307	0.05721639865685664	2.506298499762147	0.4364851015809986	0.05721639865685664	2.506298499762147	0.4364851015809986	0.5808180073467885	0.0	0.0	0.0	3.8524182925242E-310	-13474.419637282712	2.1678285668491284E307	4.739110561672189E307	4.383886700620513E307	4.854871050918289E307	1.3976442919258566E307	2	10	2	1	4
148000	-19119.255567108066	-3424.527462038554	-15694.728105069511	-3424.527462038554	8.991711491271462E307	Infinity	0.7277128905975307	0.05721639865685664	2.506298499762147	0.4364851015809986	0.05721639865685664	2.506298499762147	0.4364851015809986	0.39612789468859333	0.0	0.0	0.0	2.478885635246E-310	-13478.598439586664	4.196850384405957E307	3.8661306433872726E307	8.113985365261393E307	4.3976317887154106E307	3.2061303855235895E307	2	6	3	6	2
149000	-19068.794357787516	-3430.6582143991154	-15638.136143388401	-3430.6582143991154	2.1948105341852083E307	1.3252125072422041E308	0.7277128905975307	0.05721639865685664	2.506298499762147	0.4364851015809986	0.05721639865685664	2.506298499762147	0.4364851015809986	0.18294110979823866	8.896110529951E-310	0.0	0.0	9.01061226716495E-310	-13467.527179682837	3.85330675420793E307	1.2605336516514438E307	2.0292225526234035E307	1.4228043392870218E307	1.9010026752966977E307	1	3	6	3	6
150000	-19044.029509521348	-3422.408944443007	-15621.620565078341	-3422.408944443007	1.1664820884293585E307	5.264223119888543E307	0.7277128905975307	0.05721639865685664	2.506298499762147	0.4364851015809986	0.05721639865685664	2.506298499762147	0.4364851015809986	0.16610179392989727	1.79008178006546E-309	0.0	0.0	2.114991838017814E-309	-13446.469790739715	1.6455397913300225E307	5.194824512772593E306	3.400563147062298E306	9.180656349496562E306	7.532163031884477E306	2	5	1	4	7
151000	-19072.27438683916	-3420.6965735599833	-15651.577813279175	-3420.6965735599833	1.9395734941587767E307	1.0220374234716444E308	0.7277128905975307	0.05721639865685664	2.506298499762147	0.4364851015809986	0.05721639865685664	2.506298499762147	0.4364851015809986	0.20906374407236175	9.888431937546E-310	0.0	0.0	1.038457512483297E-309	-13461.414298789698	1.204143594904479E307	1.6342693306973295E307	1.9376382986492325E307	1.111736612931099E307	1.5828395166960552E307	1	5	2	3	8
152000	-19046.811611224188	-3425.3390151397225	-15621.472596084466	-3425.3390151397225	1.339381929960581E307	6.766212934383212E307	0.7277128905975307	0.05721639865685664	2.506298499762147	0.4364851015809986	0.05721639865685664	2.506298499762147	0.4364851015809986	0.1362525230320246	1.266084532062505E-309	0.0	0.0	1.300819473612907E-309	-13452.92640711298	1.1500065431653064E307	7.57543700737855E306	7.007289582457058E306	2.8022312060927846E307	2.329411183845774E307	3	2	2	5	7
153000	-19037.2949859926	-3425.57326205751	-15611.721723935092	-3425.57326205751	7.492088781293439E306	4.032095240329477E307	0.7277128905975307	0.05721639865685664	2.506298499762147	0.4364851015809986	0.05721639865685664	2.506298499762147	0.4364851015809986	0.1362525230320246	2.51735788636451E-309	0.0	0.0	2.432882728877417E-309	-13442.85088511564	8.13200721287838E306	1.7671640410825818E307	1.6946137421259428E307	9.3312843850108E306	3.103314167086313E306	11	2	1	3	2
154000	-19079.278862193634	-3421.330395113493	-15657.948467080143	-3421.330395113493	1.6420695121103836E307	6.946533186844619E307	0.7277128905975307	0.05721639865685664	2.506298499762147	0.4364851015809986	0.05721639865685664	2.506298499762147	0.4364851015809986	0.36001970576642484	1.663780744937244E-309	0.0	0.0	1.882981505104317E-309	-13452.215341473453	1.4684415562296358E307	1.4675028974081533E307	2.2756193501988897E307	1.4620671087960293E307	1.001750925715704E307	3	2	1	5	8
155000	-19077.900779504682	-3415.020229194863	-15662.880550309817	-3415.020229194863	4.537449123833469E307	Infinity	0.7277128905975307	0.14032422468953398	2.4231906737294695	0.4364851015809986	0.14032422468953398	2.4231906737294695	0.4364851015809986	0.21604174217637145	0.0	0.0	0.0	4.251322475017E-310	-13475.06252532579	4.0072959240208325E307	5.57817631365599E307	2.419239176907387E307	5.480007973468241E307	1.8922290392848418E307	1	3	5	6	4
156000	-19089.330572045623	-3428.0522699460685	-15661.278302099554	-3428.0522699460685	4.4931240079291423E307	Infinity	0.7277128905975307	0.14032422468953398	2.4231906737294695	0.4364851015809986	0.14032422468953398	2.4231906737294695	0.4364851015809986	0.18381496697053762	0.0	0.0	0.0	3.6514774094436E-310	-13481.133672289128	8.896389685039337E307	5.07438791624882E307	3.9604971053889007E307	1.5172866474367062E307	8.179516012556071E306	4	5	6	3	1
157000	-19106.0217943414	-3430.104944234053	-15675.916850107347	-3430.104944234053	1.0575698598856034E308	Infinity	0.7277128905975307	0.14032422468953398	2.4231906737294695	0.4364851015809986	0.14032422468953398	2.4231906737294695	0.4364851015809986	0.18300826582331292	0.0	0.0	0.0	2.1589315549138E-310	-13490.201351342746	9.808386611250059E307	8.657711610549788E307	1.721228401690986E308	9.892268792961443E307	8.782781751961144E307	1	5	6	4	3
158000	-19096.411271750032	-3421.8698726726298	-15674.541399077403	-3421.8698726726298	9.574334267454221E307	Infinity	0.7277128905975307	0.14032422468953398	2.4231906737294695	0.4364851015809986	0.14032422468953398	2.4231906737294695	0.4364851015809986	0.16217743707120555	0.0	0.0	0.0	1.78572495852666E-310	-13494.236920592275	1.6571149571946977E308	6.762205018527264E307	7.898085407423044E307	1.3630161959447343E308	7.141309255383173E307	4	5	7	1	2
159000	-19114.16243287063	-3433.3944555253124	-15680.76797734532	-3433.3944555253124	9.695302880266972E307	Infinity	0.7277128905975307	0.14032422468953398	2.4231906737294695	0.4364851015809986	0.14032422468953398	2.4231906737294695	0.4364851015809986	0.13243657211514948	0.0	0.0	0.0	1.33952196000823E-310	-13493.688392593946	1.0078779214411788E308	6.33756943361723E307	1.1257386917731505E308	1.3778825530140187E308	1.0832897146757397E308	3	7	3	1	5
160000	-19087.164625288096	-3421.2731189230944	-15665.891506365002	-3421.2731189230944	5.084838098051105E307	Infinity	0.7277128905975307	0.14032422468953398	2.4231906737294695	0.4364851015809986	0.14032422468953398	2.4231906737294695	0.4364851015809986	0.22026292629129898	0.0	0.0	0.0	4.8034531893908E-310	-13476.795114666516	8.652778350758343E307	6.703703366637074E307	7.136269531121649E307	3.2744009972577656E307	4.2203219635729934E307	1	3	2	2	11
161000	-19095.22590118536	-3420.9030065356474	-15674.322894649713	-3420.9030065356474	3.9561413662997286E307	Infinity	0.7277128905975307	0.14032422468953398	2.4231906737294695	0.4364851015809986	0.14032422468953398	2.4231906737294695	0.4364851015809986	0.2864015198447715	0.0	0.0	0.0	4.6098917578559E-310	-13473.915526969067	6.39080770602217E307	2.8887642463291316E307	3.496600460706804E307	2.638964575011175E307	2.612637546409667E307	1	2	1	11	4
162000	-19036.614406864326	-3422.5939511234246	-15614.0204557409	-3422.5939511234246	1.328631192873781E307	6.443390297766086E307	0.7277128905975307	0.14032422468953398	2.4231906737294695	0.4364851015809986	0.14032422468953398	2.4231906737294695	0.4364851015809986	0.12483113141984786	1.558362432296743E-309	0.0	0.0	1.57469464310633E-309	-13450.794055034106	1.2603811224527284E307	1.2701193478970437E307	1.5728240174364066E307	1.263793971022192E307	5.269364635688213E306	5	7	4	2	1
163000	-19046.886178967667	-3422.8577835086476	-15624.028395459018	-3422.8577835086476	1.2333440053202905E307	6.357777407590694E307	0.7277128905975307	0.14032422468953398	2.4231906737294695	0.4364851015809986	0.14032422468953398	2.4231906737294695	0.4364851015809986	0.15680327916832376	1.609791610298424E-309	0.0	0.0	1.572479326566476E-309	-13454.130927585526	8.980711081467704E306	9.284724315250238E306	1.6920664142766613E307	3.0821187298456387E307	3.0827197373540646E307	2	1	10	5	1
164000	-19068.504121370013	-3430.8824221117848	-15637.621699258229	-3430.8824221117848	3.8195896508521144E307	Infinity	0.7277128905975307	0.14032422468953398	2.4231906737294695	0.4364851015809986	0.14032422468953398	2.4231906737294695	0.4364851015809986	0.10226090222901568	0.0	0.0	0.0	6.04750330266263E-310	-13474.22349894551	3.942043229049662E307	2.1719266903687092E307	1.8882115629366417E307	3.2102427175397117E307	2.9047490341813226E307	5	2	5	1	6
165000	-19052.125277596064	-3425.2127228763065	-15626.912554719756	-3425.2127228763065	1.229085326186029E307	7.944928249167083E307	0.7277128905975307	0.14032422468953398	2.4231906737294695	0.4364851015809986	0.14032422468953398	2.4231906737294695	0.4364851015809986	0.12041410548604436	1.225884633371194E-309	0.0	0.0	1.329351497698087E-309	-13458.398856266742	6.402187441724225E307	1.5630247199445042E307	1.432020773164101E307	1.5325146567984718E307	4.943335092848062E306	1	7	3	6	2
166000	-19075.898492459244	-3421.700128969071	-15654.198363490174	-3421.700128969071	2.4352980912799036E307	1.4521086849825218E308	0.7277128905975307	0.14032422468953398	2.4231906737294695	0.4364851015809986	0.14032422468953398	2.4231906737294695	0.4364851015809986	0.20913561337867734	7.1382258722527E-310	0.0	0.0	6.52858293219823E-310	-13465.274946624535	2.2107250728760772E307	4.602825408928775E307	3.3948968947582235E307	2.1572580267006143E307	9.052827302615798E306	7	2	6	2	2
167000	-19099.63340246697	-3424.997256249432	-15674.636146217537	-3424.997256249432	2.796850335100573E307	1.6435548031547266E308	0.7277128905975307	0.14032422468953398	2.4231906737294695	0.4364851015809986	0.14032422468953398	2.4231906737294695	0.4364851015809986	0.2582006700177827	5.57571555023473E-310	0.0	0.0	5.25681859362595E-310	-13473.812244351197	3.8799813894824833E307	3.6307859176864766E307	2.3285892063363504E307	5.26684527510083E307	5.0340541499288765E306	4	2	3	8	2
168000	-19084.375617426984	-3429.6049363813418	-15654.770681045642	-3429.6049363813418	1.8767739278202117E307	9.028663976999699E307	0.7277128905975307	0.14032422468953398	2.4231906737294695	0.4364851015809986	0.14032422468953398	2.4231906737294695	0.4364851015809986	0.25865796200612434	1.201610828939776E-309	0.0	0.0	1.161896059980953E-309	-13460.594897476252	2.864082881441651E307	2.9727839555101303E307	2.4703260013690533E307	3.1884262657713187E307	1.9809235308142633E307	8	2	1	4	4
169000	-19098.060360908603	-3428.168172933821	-15669.892187974783	-3428.168172933821	5.697978633495572E307	Infinity	0.7277128905975307	0.14032422468953398	2.4231906737294695	0.4364851015809986	0.14032422468953398	2.4231906737294695	0.4364851015809986	0.2634573631939952	0.0	0.0	0.0	5.15368384712416E-310	-13470.064123114373	2.4475478162903493E307	2.0903166176848895E307	2.0695575867406907E307	3.66269113909641E307	2.3721790113458207E307	6	8	1	2	2
170000	-19091.945606791334	-3419.7811428958626	-15672.164463895473	-3419.7811428958626	4.4080830804916675E307	Infinity	0.7277128905975307	0.14032422468953398	2.4231906737294695	0.4364851015809986	0.14032422468953398	2.4231906737294695	0.4364851015809986	0.2127246740918741	0.0	0.0	0.0	3.0429024595966E-310	-13482.342094204445	5.158139759443212E307	4.619316259895014E307	7.964337497329479E307	5.033872954936132E307	3.802415446129045E307	10	1	2	4	2
171000	-19105.562757973308	-3421.104536383362	-15684.458221589946	-3421.104536383362	7.156128377218811E307	Infinity	0.7277128905975307	0.14032422468953398	2.4231906737294695	0.4364851015809986	0.14032422468953398	2.4231906737294695	0.4364851015809986	0.2127246740918741	0.0	0.0	0.0	2.49206316993434E-310	-13486.192290671706	6.207728435965527E307	7.987992224126519E307	8.297934025975177E307	1.4547326480500867E308	2.7884753584680494E307	6	5	2	5	1
172000	-19100.595030071316	-3432.5912528634685	-15668.003777207849	-3432.5912528634685	4.823416223737716E307	Infinity	0.7277128905975307	0.14032422468953398	2.4231906737294695	0.4364851015809986	0.14032422468953398	2.4231906737294695	0.4364851015809986	0.28728484894058043	0.0	0.0	0.0	3.4572787950132E-310	-13477.42639302241	2.1232656114735325E307	4.624839955738805E307	5.124152608515027E307	4.378024367438174E307	4.3736480951207074E307	6	5	1	1	6
173000	-19061.81541839329	-3416.7238921328544	-15645.091526260434	-3416.7238921328544	2.844728948613174E307	1.5386251433935979E308	0.7277128905975307	0.14032422468953398	2.4231906737294695	0.4364851015809986	0.14032422468953398	2.4231906737294695	0.4364851015809986	0.12929699204598347	6.8758073546746E-310	0.0	0.0	6.9858790953338E-310	-13472.585766146787	6.00478405243054E307	4.324446656524214E307	5.731516237011905E307	1.8557658693547455E307	1.086566296545671E307	6	3	2	4	4
174000	-19073.29050715524	-3423.3570966884004	-15649.93341046684	-3423.3570966884004	3.248827948417677E307	1.3793658934116992E308	0.7277128905975307	0.14032422468953398	2.4231906737294695	0.4364851015809986	0.14032422468953398	2.4231906737294695	0.4364851015809986	0.1900164734325266	7.8186159075324E-310	0.0	0.0	7.42989591038793E-310	-13467.042419174635	4.2379829386321933E307	2.7037568128919527E307	2.547476665537057E307	4.059144356552954E307	1.5128683547655307E307	1	4	1	1	12
175000	-19024.166875696123	-3416.392647137764	-15607.774228558359	-3416.392647137764	5.600881180716968E306	2.5851101473069245E307	0.7277128905975307	0.14032422468953398	2.4231906737294695	0.4364851015809986	0.14032422468953398	2.4231906737294695	0.4364851015809986	0.17428033919647634	3.44572195755921E-309	0.0	0.0	3.5430641923981E-309	-13434.093940916091	8.66515093925173E306	4.9002462812515355E306	5.2800701636622157E306	5.4479228950554356E306	2.8361222895489926E306	2	8	6	1	2
176000	-19036.59810915286	-3421.463881884374	-15615.134227268485	-3421.463881884374	1.1215854778123854E307	6.064128953632696E307	0.7277128905975307	0.14032422468953398	2.4231906737294695	0.4364851015809986	0.14032422468953398	2.4231906737294695	0.4364851015809986	0.1090130612478169	1.300810667050357E-309	0.0	0.0	1.32672533626142E-309	-13454.05981998841	1.652442683733439E307	1.54788074888232E307	3.109962042706255E307	1.209140991133126E307	1.6706056847008145E307	4	4	2	8	1
177000	-19065.040729648354	-3421.3472253796176	-15643.693504268735	-3421.3472253796176	2.0177738540614894E307	9.626619493328512E307	0.7277128905975307	0.14032422468953398	2.4231906737294695	0.4364851015809986	0.14032422468953398	2.4231906737294695	0.4364851015809986	0.20083717885041003	1.204790168429267E-309	0.0	0.0	1.20759808758746E-309	-13458.280842947948	2.0097863753005709E307	1.7186752911085253E307	1.4276186952088388E307	2.250153986401163E307	1.422609737457272E307	5	2	3	8	1
178000	-19063.881867111348	-3417.87349052745	-15646.008376583899	-3417.87349052745	3.988968210845724E307	Infinity	0.7277128905975307	0.14032422468953398	2.4231906737294695	0.4364851015809986	0.14032422468953398	2.4231906737294695	0.4364851015809986	0.1238187914886343	0.0	0.0	0.0	4.56041543190883E-310	-13474.697362392551	3.008073009858401E307	5.421010004246628E307	2.923137148939695E307	1.2417230236772335E307	1.0550328699170378E307	2	11	2	3	1
179000	-19079.306258046865	-3415.2035496141784	-15664.102708432687	-3415.2035496141784	3.4846294520267106E307	Infinity	0.7277128905975307	0.14032422468953398	2.4231906737294695	0.4364851015809986	0.14032422468953398	2.4231906737294695	0.4364851015809986	0.26786201186965425	0.0	0.0	0.0	6.47495708125174E-310	-13476.106768846912	8.518538568509096E307	3.955542572293213E307	2.288300175362164E307	1.2011534525293478E307	5.86258771669542E306	5	8	2	2	2
180000	-19094.570041751304	-3423.7359517204513	-15670.834090030852	-3423.7359517204513	7.244268968899904E307	Infinity	0.7277128905975307	0.14032422468953398	2.4231906737294695	0.4364851015809986	0.14032422468953398	2.4231906737294695	0.4364851015809986	0.20264531975847352	0.0	0.0	0.0	2.80324567751755E-310	-13484.750320236848	9.293103991172546E307	5.225492938045134E307	6.078302337714117E307	7.608152897922542E307	6.197108715640791E307	4	6	5	2	2
181000	-19096.451126443033	-3425.9655229953605	-15670.485603447672	-3425.9655229953605	5.189653446443434E307	Infinity	0.7277128905975307	0.14032422468953398	2.4231906737294695	0.4364851015809986	0.14032422468953398	2.4231906737294695	0.4364851015809986	0.2229555738199877	0.0	0.0	0.0	4.2278959762054E-310	-13481.026460895917	5.927165011721745E307	7.116421641789666E307	3.379329266152918E307	7.436170669121281E307	3.9886312727694164E307	3	2	7	4	3
182000	-19071.029704781642	-3419.1744302922507	-15651.855274489391	-3419.1744302922507	4.890046642700185E307	Infinity	0.7277128905975307	0.14032422468953398	2.4231906737294695	0.4364851015809986	0.14032422468953398	2.4231906737294695	0.4364851015809986	0.16058791723254257	0.0	0.0	0.0	4.86654421252954E-310	-13474.940267717844	2.69494009698841E307	2.6460911609441874E307	2.1824868308271624E307	4.210167111071233E307	2.4418399237020506E307	3	7	1	5	3
183000	-19080.83411157025	-3426.2253240181103	-15654.608787552139	-3426.2253240181103	1.1172876862064602E308	Infinity	0.7277128905975307	0.14032422468953398	2.543457635491666	0.3162181398188022	0.14032422468953398	2.543457635491666	0.3162181398188022	0.08585470827081756	0.0	0.0	0.0	1.43231389218333E-310	-13486.488679942402	1.0071588154956037E307	3.0457802098575994E307	1.1812747134339993E308	1.0806558871174629E308	1.5688754946720965E308	1	6	4	3	5
184000	-19070.169985208224	-3426.324505422517	-15643.845479785708	-3426.324505422517	5.826855468491936E307	Infinity	0.7277128905975307	0.14032422468953398	2.543457635491666	0.3162181398188022	0.14032422468953398	2.543457635491666	0.3162181398188022	0.12300221201401614	0.0	0.0	0.0	2.5872563277486E-310	-13482.045602151375	2.1180329275213522E307	2.366984138072227E307	3.5537213099287463E307	7.612650393670652E307	4.4224003969846045E307	1	2	6	6	4
185000	-19113.912323401244	-3427.8681157537585	-15686.044207647485	-3427.8681157537585	9.877645361630993E307	Infinity	0.7277128905975307	0.14032422468953398	2.543457635491666	0.3162181398188022	0.14032422468953398	2.543457635491666	0.3162181398188022	0.16038354355630133	0.0	0.0	0.0	1.43219001741657E-310	-13491.4674122236	1.02710992689685E308	1.0176621509757292E308	7.38448137040407E307	1.1640902541591947E308	1.5724170093932595E307	1	1	8	7	2
186000	-19133.993687486407	-3431.480197958804	-15702.513489527602	-3431.480197958804	8.377128809597538E307	Infinity	0.7277128905975307	0.14032422468953398	2.543457635491666	0.3162181398188022	0.14032422468953398	2.543457635491666	0.3162181398188022	0.27516752220288726	0.0	0.0	0.0	1.68958269579575E-310	-13495.112939596424	7.725307241657167E307	6.948492501893068E307	5.838429810993112E307	8.608088361028093E307	1.1406669023486966E308	7	2	1	1	8
187000	-19115.198397240867	-3428.117637522907	-15687.08075971796	-3428.117637522907	4.750359318222959E307	Infinity	0.7277128905975307	0.14032422468953398	2.543457635491666	0.3162181398188022	0.14032422468953398	2.543457635491666	0.3162181398188022	0.270676676062959	0.0	0.0	0.0	3.0536760462638E-310	-13484.755294408313	4.006139241513572E307	4.3930606522795485E307	5.299525861847463E307	2.5695903932462813E307	5.004675562332401E307	3	6	8	1	1
188000	-19094.341041492415	-3419.4238476448954	-15674.917193847517	-3419.4238476448954	4.4118483233821626E307	Infinity	0.7277128905975307	0.09703370549810236	2.4896337035518594	0.41333259095004055	0.09703370549810236	2.4896337035518594	0.41333259095004055	0.28238235863096434	0.0	0.0	0.0	3.15269787858553E-310	-13476.065394883357	4.4337334584451284E307	4.305709829433551E307	8.364984934433625E307	1.8606192287897922E307	5.56825206565079E306	8	1	6	1	3
189000	-19114.112837872417	-3436.7406624775354	-15677.372175394881	-3436.7406624775354	2.918248041685491E307	Infinity	0.7277128905975307	0.09703370549810236	2.4896337035518594	0.41333259095004055	0.09703370549810236	2.4896337035518594	0.41333259095004055	0.2763529486722785	0.0	0.0	0.0	5.4408413201271E-310	-13470.408479876847	3.4045590977804453E307	7.088678285986089E307	9.784120133725058E307	3.1809046406415245E307	4.3132294578224E306	12	1	3	1	2
190000	-19094.115049367327	-3435.8553937371366	-15658.259655630189	-3435.8553937371366	2.4189743457336184E307	1.6871145278785638E308	0.7277128905975307	0.09703370549810236	2.4896337035518594	0.41333259095004055	0.09703370549810236	2.4896337035518594	0.41333259095004055	0.23848589467030396	5.749794803828E-310	0.0	0.0	5.6754716761018E-310	-13464.319435996675	2.366862029976759E307	4.532947897024791E307	2.228337281368121E307	9.958154502632207E306	2.8154536541138765E306	11	4	1	1	2
191000	-19104.32468404132	-3421.7401503744404	-15682.584533666877	-3421.7401503744404	4.3225364763254644E307	Infinity	0.7277128905975307	0.09703370549810236	2.4896337035518594	0.41333259095004055	0.09703370549810236	2.4896337035518594	0.41333259095004055	0.2968734294829845	0.0	0.0	0.0	4.2864613729215E-310	-13477.602529440532	7.646033422352306E307	5.596851913610568E307	2.8473871870139787E307	1.549767358022174E307	4.807736064959473E306	12	3	1	1	2
192000	-19103.988803784916	-3417.755588634128	-15686.233215150789	-3417.755588634128	5.861256198420069E307	Infinity	0.7277128905975307	0.09703370549810236	2.4896337035518594	0.41333259095004055	0.09703370549810236	2.4896337035518594	0.41333259095004055	0.32302578982347496	0.0	0.0	0.0	3.2812393075636E-310	-13482.751012493683	8.930619117189202E307	1.105249377321638E308	2.7607940911347134E307	2.275582860854765E307	1.0489180895389414E307	6	9	2	1	1
193000	-19121.03240244018	-3421.9086174129716	-15699.12378502721	-3421.9086174129716	2.840102089259972E307	1.6341212148654654E308	0.7277128905975307	0.09703370549810236	2.6052074391095252	0.2977588553923749	0.09703370549810236	2.6052074391095252	0.2977588553923749	0.5322160772521694	5.847847715086E-310	0.0	0.0	7.06343887345745E-310	-13471.477179377229	5.875085469960184E307	4.1544305781946953E307	4.3309398838818134E307	2.7313112202978294E307	2.358064017449839E307	2	1	1	6	9
194000	-19070.307140368343	-3430.338769845439	-15639.968370522904	-3430.338769845439	1.5813699115258689E307	8.501633133478667E307	0.7277128905975307	0.09703370549810236	2.6052074391095252	0.2977588553923749	0.09703370549810236	2.6052074391095252	0.2977588553923749	0.20753617857672557	1.274810432674493E-309	0.0	0.0	1.357359894123347E-309	-13459.93546153404	2.841707836472557E307	2.646933549492234E307	1.8131437816917215E307	2.4161638984212865E307	1.902969250779703E307	2	5	1	7	4
195000	-19070.988705317075	-3431.701675315193	-15639.287030001882	-3431.701675315193	1.605537728814632E307	9.694649079217031E307	0.7277128905975307	0.2155711955501755	2.3718793583253874	0.4125494461244395	0.2155711955501755	2.3718793583253874	0.4125494461244395	0.16143454133813137	1.15753067252542E-309	0.0	0.0	1.12612886970303E-309	-13460.078694941776	3.2459778919235925E307	1.6122646279575809E307	1.5645434248077563E307	1.0647039634433462E307	1.0009974454741549E307	2	3	10	2	2
196000	-19097.224584642703	-3420.009571587775	-15677.215013054927	-3420.009571587775	4.2767952518832237E307	Infinity	0.7277128905975307	0.2155711955501755	2.3718793583253874	0.4125494461244395	0.2155711955501755	2.3718793583253874	0.4125494461244395	0.3633867390797299	0.0	0.0	0.0	5.9844388506667E-310	-13472.125160283178	9.581420309600547E307	3.546458991619769E307	4.246725853880616E307	5.028270443677599E307	3.44695687833406E307	2	2	3	1	11
197000	-19117.118870100618	-3424.4536353947333	-15692.665234705884	-3424.4536353947333	1.336567393105329E308	Infinity	0.7277128905975307	0.2155711955501755	2.3718793583253874	0.4125494461244395	0.2155711955501755	2.3718793583253874	0.4125494461244395	0.23281439535660428	0.0	0.0	0.0	1.37761572979716E-310	-13495.792368012915	8.601362067312773E307	1.284815609074308E308	5.935943695930591E307	9.963995363023244E307	6.570602672330204E307	8	7	1	2	1
198000	-19083.346275725606	-3421.553555702278	-15661.792720023326	-3421.553555702278	6.490812223074774E307	Infinity	0.7277128905975307	0.2155711955501755	2.3718793583253874	0.4125494461244395	0.2155711955501755	2.3718793583253874	0.4125494461244395	0.14599729251092963	0.0	0.0	0.0	2.74055231980915E-310	-13483.301330609622	1.7464446764978615E308	7.985479847316625E307	3.3281499902850653E307	2.5475128985152384E307	5.287868931112083E307	3	7	1	2	6
199000	-19043.26484651074	-3426.3033839030672	-15616.961462607675	-3426.3033839030672	2.2259536139152147E307	1.0643691651144596E308	0.7277128905975307	0.11211645757015094	2.475334096305412	0.4125494461244395	0.11211645757015094	2.475334096305412	0.4125494461244395	0.08601400175885986	8.5562132205986E-310	0.0	0.0	8.51225869885214E-310	-13463.356552566529	4.661406864522509E307	2.171582586869578E307	3.1332029365455E307	1.1315231589998632E307	1.2056522501965326E307	3	12	1	1	2
200000	-19077.062276973167	-3420.9383032324336	-15656.123973740732	-3420.9383032324336	2.376599426092135E307	1.2884452609973812E308	0.7277128905975307	0.11211645757015094	2.475334096305412	0.4125494461244395	0.11211645757015094	2.475334096305412	0.4125494461244395	0.26582557839442456	8.7770665899532E-310	0.0	0.0	1.012747576433756E-309	-13462.636467320508	2.161501236374724E307	9.555984685287206E306	2.564732167583924E307	2.581367040892142E307	7.06768058202315E306	3	3	2	8	3
201000	-19102.889263831483	-3423.505690606499	-15679.383573224983	-3423.505690606499	3.952294110845014E307	Infinity	0.7277128905975307	0.11211645757015094	2.475334096305412	0.4125494461244395	0.11211645757015094	2.475334096305412	0.4125494461244395	0.2721178602408664	0.0	0.0	0.0	5.2818822320404E-310	-13471.724908629918	4.81492419993338E307	4.127659906327448E307	3.388605682323059E307	7.767843331551202E307	4.792086089881671E307	1	11	1	1	5
202000	-19091.40207393235	-3422.3788606151934	-15669.023213317156	-3422.3788606151934	7.146402833166199E307	Infinity	0.7277128905975307	0.11211645757015094	2.475334096305412	0.4125494461244395	0.11211645757015094	2.475334096305412	0.4125494461244395	0.18974985008663248	0.0	0.0	0.0	2.55471597240323E-310	-13486.12142333978	1.1247798220005463E308	5.586615362302926E307	1.371621584870414E308	4.627269191509834E307	7.613358903420396E307	1	8	1	4	5
203000	-19096.40550039805	-3418.1658313533876	-15678.239669044662	-3418.1658313533876	1.074859783307689E308	Infinity	0.7277128905975307	0.11211645757015094	2.475334096305412	0.4125494461244395	0.11211645757015094	2.475334096305412	0.4125494461244395	0.1989327450277817	0.0	0.0	0.0	2.6841069431414E-310	-13487.071127381196	1.7445471262256234E308	7.43694442850699E307	4.527327959135302E307	1.4050255997322845E308	7.583549520392055E307	1	3	3	1	11
204000	-19108.05432915349	-3420.6772668304084	-15687.377062323081	-3420.6772668304084	7.542868024102582E307	Infinity	0.7277128905975307	0.11211645757015094	2.475334096305412	0.4125494461244395	0.11211645757015094	2.475334096305412	0.4125494461244395	0.2514172878718936	0.0	0.0	0.0	1.94064776601073E-310	-13488.020563119857	3.609547023990698E307	4.3328857287475544E307	1.146606352786221E308	1.554190218868683E308	9.13192502693608E307	1	7	1	4	6
205000	-19095.342169831114	-3417.7574788604743	-15677.584690970642	-3417.7574788604743	5.078829300815341E307	Infinity	0.7277128905975307	0.11211645757015094	2.475334096305412	0.4125494461244395	0.11211645757015094	2.475334096305412	0.4125494461244395	0.22799232278257264	0.0	0.0	0.0	3.8991838446528E-310	-13483.210132091352	6.951255702737963E307	4.0082428995332323E307	4.81894264347362E307	1.1214462893519993E308	8.823845049761441E307	4	5	1	5	4
206000	-19098.82356451902	-3422.865864836426	-15675.957699682596	-3422.865864836426	8.132350429005202E307	Infinity	0.7277128905975307	0.11211645757015094	2.475334096305412	0.4125494461244395	0.11211645757015094	2.475334096305412	0.4125494461244395	0.20176139552999742	0.0	0.0	0.0	2.4039214424469E-310	-13490.184152900692	5.017632398794456E307	5.066088634471657E307	9.634360186660682E307	9.719278968691372E307	1.0185800772285776E308	6	1	1	7	4
207000	-19110.222443956925	-3421.909588048653	-15688.31285590827	-3421.909588048653	4.725192287709457E307	Infinity	0.7277128905975307	0.11211645757015094	2.475334096305412	0.4125494461244395	0.11211645757015094	2.475334096305412	0.4125494461244395	0.30647473819098486	0.0	0.0	0.0	3.8834389051284E-310	-13481.033386920024	5.958357907028018E307	6.10949256725624E307	8.966985139363347E307	7.048619697909747E307	1.677103399193245E307	4	8	4	1	2
208000	-19098.298573962682	-3421.196248764607	-15677.102325198073	-3421.196248764607	4.0434620640670577E307	Infinity	0.7277128905975307	0.11211645757015094	2.475334096305412	0.4125494461244395	0.11211645757015094	2.475334096305412	0.4125494461244395	0.34776544704854295	0.0	0.0	0.0	5.2744707528623E-310	-13470.447321307689	1.0173475354099437E308	3.078340357647588E307	2.261850663735436E307	3.3701603277432013E307	1.4258693559368233E307	1	4	1	10	3
209000	-19072.452837163502	-3419.987901877769	-15652.464935285734	-3419.987901877769	6.609579082146621E307	Infinity	0.7277128905975307	0.11211645757015094	2.475334096305412	0.4125494461244395	0.11211645757015094	2.475334096305412	0.4125494461244395	0.14739768963363653	0.0	0.0	0.0	2.996746818165E-310	-13476.725630113646	2.8430061643652913E307	6.066759189540768E307	8.278800091527938E307	1.0476798630951694E308	3.3309439142005995E307	5	4	1	6	3
210000	-19084.210800908982	-3423.3965634678234	-15660.81423744116	-3423.3965634678234	1.0751400337397252E308	Infinity	0.7277128905975307	0.11211645757015094	2.475334096305412	0.4125494461244395	0.11211645757015094	2.475334096305412	0.4125494461244395	0.15451318869041467	0.0	0.0	0.0	2.25017646432585E-310	-13487.84534007987	8.982285990118538E307	7.917714147104262E307	6.400635194144632E307	6.63041011002342E307	5.747967848181265E307	1	8	4	3	3
211000	-19107.603056044067	-3419.601993305191	-15688.001062738875	-3419.601993305191	8.474129160090673E307	Infinity	0.7277128905975307	0.11211645757015094	2.475334096305412	0.4125494461244395	0.11211645757015094	2.475334096305412	0.4125494461244395	0.20373519660021683	0.0	0.0	0.0	1.9101394552356E-310	-13494.455732772665	7.141752819361643E307	1.244964512838768E308	6.400635194144632E307	1.3106546518046774E308	2.680366266709534E307	10	1	3	2	3
212000	-19076.928553464582	-3416.763363687145	-15660.165189777439	-3416.763363687145	3.510228686090317E307	Infinity	0.7277128905975307	0.11211645757015094	2.475334096305412	0.4125494461244395	0.11211645757015094	2.475334096305412	0.4125494461244395	0.19247063920355784	0.0	0.0	0.0	5.12635844090014E-310	-13471.653110080702	2.322363388921819E307	2.7782419492412825E307	4.149496997136887E307	4.2736176378808474E307	6.338595438889722E306	1	1	9	6	2
213000	-19039.96722197946	-3425.8340734464	-15614.133148533061	-3425.8340734464	1.6084483560570783E307	7.989727240187803E307	0.7277128905975307	0.11211645757015094	2.475334096305412	0.4125494461244395	0.11211645757015094	2.475334096305412	0.4125494461244395	0.08707862363162512	1.167030958063155E-309	0.0	0.0	1.212910704381214E-309	-13460.624585813197	1.1533629921918673E308	6.655080712073434E307	2.418392266705407E307	1.364574374921817E307	1.8880498466973004E307	4	1	1	6	7
214000	-19020.679813816845	-3420.9415705726738	-15599.73824324417	-3420.9415705726738	1.2207346830417062E307	5.598057279883984E307	0.7277128905975307	0.11211645757015094	2.475334096305412	0.4125494461244395	0.11211645757015094	2.475334096305412	0.4125494461244395	0.07607018898665545	1.932234134721914E-309	0.0	0.0	1.945210661643396E-309	-13449.229536621391	9.97296864868808E306	8.57650655911409E306	1.4564489303529014E307	2.2632314350266684E307	1.185675011050537E307	1	4	8	5	1
215000	-19044.05233203896	-3418.5177210591514	-15625.534610979807	-3418.5177210591514	7.40642749669531E306	4.0163038041465327E307	0.7277128905975307	0.11211645757015094	2.475334096305412	0.4125494461244395	0.11211645757015094	2.475334096305412	0.4125494461244395	0.17084297024991277	2.61969797190384E-309	0.0	0.0	2.73365338270626E-309	-13441.955023823728	5.644965284024848E306	3.754983356688241E306	1.3100364976326267E307	1.3340527499631243E307	4.317120920081999E306	9	2	3	3	2
216000	-19055.852662402616	-3418.667562569201	-15637.185099833414	-3418.667562569201	9.711869126110342E306	5.027520781156511E307	0.7277128905975307	0.11211645757015094	2.475334096305412	0.4125494461244395	0.11211645757015094	2.475334096305412	0.4125494461244395	0.2430491573201762	1.71237505353337E-309	0.0	0.0	1.722086458560615E-309	-13449.331637828172	1.7643813460505207E307	1.535233789819039E307	1.064530328403731E307	8.839726225232798E306	7.544308527019507E306	1	4	7	6	1
217000	-19088.27981744121	-3419.323047402772	-15668.956770038436	-3419.323047402772	1.943935432472051E307	1.1010593977951387E308	0.7277128905975307	0.11211645757015094	2.475334096305412	0.4125494461244395	0.11211645757015094	2.475334096305412	0.4125494461244395	0.420060793651217	8.9510720253842E-310	0.0	0.0	8.87572805638964E-310	-13465.049157062407	1.5538682688204625E307	2.44585781333045E307	1.2141656903438958E307	6.744977714641616E306	3.989379059277592E306	7	5	4	1	2
218000	-19071.159887602535	-3424.215561640221	-15646.944325962313	-3424.215561640221	7.014732943576532E306	3.523011546507012E307	0.7277128905975307	0.11211645757015094	2.475334096305412	0.4125494461244395	0.11211645757015094	2.475334096305412	0.4125494461244395	0.34077322564995904	3.022641783646816E-309	0.0	0.0	2.619012207267766E-309	-13440.181521706612	6.116248041601216E306	1.140984757483228E307	2.931341218226677E307	5.975859746390513E306	3.183580706299503E306	10	1	3	3	2
219000	-19086.469958698395	-3419.22105509355	-15667.248903604845	-3419.22105509355	2.532797273445703E307	1.4957426043296501E308	0.7277128905975307	0.11211645757015094	2.533582671659771	0.35430087077008043	0.11211645757015094	2.533582671659771	0.35430087077008043	0.2971455278759631	6.4381682325089E-310	0.0	0.0	6.74693803861617E-310	-13468.241079553065	4.59287281894318E307	3.278415880468856E307	3.8363121976450185E307	4.203066079620569E307	5.91232774701359E306	4	8	2	3	2
220000	-19090.396546433374	-3425.1672662651986	-15665.229280168176	-3425.1672662651986	1.9538213441774768E307	1.1962758380353338E308	0.7277128905975307	0.11211645757015094	2.533582671659771	0.35430087077008043	0.11211645757015094	2.533582671659771	0.35430087077008043	0.2332697346786374	8.6567433403777E-310	0.0	0.0	8.1662186385329E-310	-13462.817755291166	6.038538194757903E307	1.7728317595120546E307	1.6630913756900805E307	3.543874553180622E306	2.9900614891049034E306	2	13	2	1	1
221000	-19051.566111581167	-3423.4371913343134	-15628.128920246852	-3423.4371913343134	9.39524314271777E306	5.763788254254848E307	0.7277128905975307	0.11211645757015094	2.533582671659771	0.35430087077008043	0.11211645757015094	2.533582671659771	0.35430087077008043	0.16484872339419024	1.573125737010767E-309	0.0	0.0	1.54376688347857E-309	-13450.881632525277	1.1619662245338662E307	6.126305585905444E306	1.141147924300632E307	7.80414590404265E306	2.111608118936841E306	8	6	3	1	1
222000	-19064.768850136887	-3425.8124404461846	-15638.956409690702	-3425.8124404461846	1.248787732333812E307	8.502177186303601E307	0.7277128905975307	0.11211645757015094	2.533582671659771	0.35430087077008043	0.11211645757015094	2.533582671659771	0.35430087077008043	0.14300575073388372	1.31309166842036E-309	0.0	0.0	1.38565247602832E-309	-13458.832696541263	2.925851222619191E307	1.825503077385813E307	1.7748061962099462E307	7.500279510818977E306	2.891124822324243E306	5	8	4	1	1
223000	-19046.334743513748	-3425.34222185485	-15620.992521658898	-3425.34222185485	1.767421459536974E307	8.05320640802228E307	0.7277128905975307	0.11211645757015094	2.533582671659771	0.35430087077008043	0.11211645757015094	2.533582671659771	0.35430087077008043	0.10032116329452953	1.18992576467863E-309	0.0	0.0	1.24785234428451E-309	-13455.27687980224	2.2198612647938822E307	1.590373634550828E307	1.3018042841408814E307	9.889173918034656E306	2.1467114303373106E307	1	3	2	4	9
224000	-19046.02446528776	-3422.951016536193	-15623.073448751566	-3422.951016536193	1.8216884789560122E307	8.763908659571412E307	0.7277128905975307	0.11211645757015094	2.533582671659771	0.35430087077008043	0.11211645757015094	2.533582671659771	0.35430087077008043	0.10943297953630209	1.10118481326023E-309	0.0	0.0	1.11733583786425E-309	-13456.363021738933	2.0838436045939155E307	2.493518840703993E307	1.8289068261439935E307	1.4521703784656305E307	6.292463837815349E306	1	1	8	8	1
225000	-19030.363144682524	-3422.3235616726847	-15608.039583009839	-3422.3235616726847	1.176772637886043E307	5.881462038972136E307	0.7277128905975307	0.11211645757015094	2.533582671659771	0.35430087077008043	0.11211645757015094	2.533582671659771	0.35430087077008043	0.10474499203559577	1.7315857569786E-309	0.0	0.0	1.67466580209098E-309	-13448.564245787747	1.0026443441275773E307	1.428285209265423E307	1.5202109572125577E307	1.1520786152091265E307	6.702765715439988E306	6	4	1	6	2
226000	-19050.28375533769	-3422.5606009812677	-15627.72315435642	-3422.5606009812677	1.268409677649422E307	5.88038411141384E307	0.7277128905975307	0.11211645757015094	2.533582671659771	0.35430087077008043	0.11211645757015094	2.533582671659771	0.35430087077008043	0.18170752547799932	1.598452422496244E-309	0.0	0.0	1.7054874330109E-309	-13449.918628287889	1.8103763357912663E307	1.456630898320028E307	1.422139249289875E307	1.5238524926372435E307	4.8773654479419865E306	5	1	6	4	3
227000	-19010.854061323425	-3418.293649050018	-15592.560412273408	-3418.293649050018	3.9252271678478635E306	2.1041670585295535E307	0.7277128905975307	0.11211645757015094	2.533582671659771	0.35430087077008043	0.11211645757015094	2.533582671659771	0.35430087077008043	0.09846480427638414	4.199885524466694E-309	0.0	0.0	4.12015277719097E-309	-13432.054033185352	9.24191874245224E306	5.327163363561692E306	5.026507423529188E306	8.576440343961333E305	2.0361310309424592E306	6	4	5	3	1
228000	-19049.843419003886	-3421.5074994502825	-15628.335919553605	-3421.5074994502825	7.382425819360429E306	3.9505164391256955E307	0.7277128905975307	0.11211645757015094	2.533582671659771	0.35430087077008043	0.11211645757015094	2.533582671659771	0.35430087077008043	0.2385841147788633	1.967286601682576E-309	0.0	0.0	1.89612709505307E-309	-13445.382320750656	1.2781248330024303E307	1.0918561753622414E307	9.959064640348826E306	5.2841548741453513E306	5.62397627964956E306	3	7	3	4	2
229000	-19073.36992308656	-3427.763708505113	-15645.606214581449	-3427.763708505113	6.853291831097059E306	3.3384207044323787E307	0.7277128905975307	0.11211645757015094	2.533582671659771	0.35430087077008043	0.11211645757015094	2.533582671659771	0.35430087077008043	0.2829472653179537	2.920020815284653E-309	0.0	0.0	2.89417254810583E-309	-13441.467711118934	5.920973868167408E306	2.0988428510790952E307	1.1139652815647364E307	7.389045931348005E306	2.5193646881036624E306	8	2	4	4	1
230000	-19020.84101487429	-3421.2401352767724	-15599.60087959752	-3421.2401352767724	7.980502561781216E306	4.3687057591787835E307	0.7277128905975307	0.11211645757015094	2.533582671659771	0.35430087077008043	0.11211645757015094	2.533582671659771	0.35430087077008043	0.08779426446869541	1.92802373515406E-309	0.0	0.0	1.90892784333208E-309	-13445.983395966749	9.28788467044462E306	5.769667294538101E306	7.345948570917351E306	9.270184345374364E306	2.1819645202370722E306	4	7	1	5	2
231000	-19029.901637503342	-3419.0662541723996	-15610.835383330943	-3419.0662541723996	7.427649644322448E306	3.8490930509614736E307	0.7277128905975307	0.11211645757015094	2.533582671659771	0.35430087077008043	0.11211645757015094	2.533582671659771	0.35430087077008043	0.127037130533816	2.716431512910623E-309	0.0	0.0	2.736599269156436E-309	-13444.054094487245	9.89239582010827E306	1.0566140245906757E307	4.927129050198912E306	7.440056135937543E306	1.7515997488854975E307	2	2	10	3	2
232000	-18995.766638164157	-3420.527909683619	-15575.238728480537	-3420.527909683619	9.857655267195005E305	5.573679790373459E306	0.7277128905975307	0.11211645757015094	2.533582671659771	0.35430087077008043	0.11211645757015094	2.533582671659771	0.35430087077008043	0.15543598195478553	1.651000519289181E-308	0.0	0.0	1.648135959858899E-308	-13407.199218934597	1.6539496024079644E306	1.2064611197457661E306	2.1028379131839333E306	1.66216235282475E306	1.173976437246232E306	6	3	8	1	1
233000	-19012.00239478662	-3424.0260259399292	-15587.976368846692	-3424.0260259399292	4.367285820255484E306	2.186932150445772E307	0.7277128905975307	0.11211645757015094	2.533582671659771	0.35430087077008043	0.11211645757015094	2.533582671659771	0.35430087077008043	0.1327077041064658	4.403289470286304E-309	0.0	0.0	4.315037519146376E-309	-13430.618051822627	2.0818685737966644E306	2.4998830561283857E306	3.920541546586159E306	2.0376452619904584E306	3.8938919113423965E305	4	7	6	1	1
234000	-18979.11078802776	-3418.591443623503	-15560.519344404256	-3418.591443623503	7.346942109392844E305	3.581422051692316E306	0.7277128905975307	0.08263239671919674	2.533582671659771	0.3837849316210346	0.08263239671919674	2.533582671659771	0.3837849316210346	0.15672229474355603	2.5808388419889117E-308	0.0	0.0	2.6008836879642467E-308	-13398.695945174926	1.311489432082566E306	1.333736785284117E306	1.619511195103299E306	9.190754809096876E305	3.3182064121925887E305	2	5	4	4	4
235000	-19012.830342055393	-3418.9163782159944	-15593.913963839397	-3418.9163782159944	2.2594252018382773E306	8.489082190613625E306	0.7277128905975307	0.08263239671919674	2.533582671659771	0.3837849316210346	0.08263239671919674	2.533582671659771	0.3837849316210346	0.19908660350787485	1.3290500247055013E-308	0.0	0.0	1.6248126953197137E-308	-13411.298638528084	4.2013613665347E306	1.638674114407689E306	1.619511195103299E306	1.2350652133661236E306	1.129513759274705E306	2	1	7	2	7
236000	-19028.68825494089	-3417.191754890582	-15611.496500050307	-3417.191754890582	2.3135128938675726E306	1.4832078180291715E307	0.7277128905975307	0.08263239671919674	2.533582671659771	0.3837849316210346	0.08263239671919674	2.533582671659771	0.3837849316210346	0.19908660350787485	6.628437628148155E-309	0.0	0.0	6.26555465586067E-309	-13429.748876125934	2.881495803096736E306	1.407266540668718E306	9.534865399947529E305	1.3232077308264352E306	3.5440402282516906E306	4	5	1	4	5
237000	-19043.892862814602	-3417.421118803936	-15626.471744010667	-3417.421118803936	3.3265408511362834E306	2.0811500861152954E307	0.7277128905975307	0.08263239671919674	2.533582671659771	0.3837849316210346	0.08263239671919674	2.533582671659771	0.3837849316210346	0.34584844748803895	4.94805601462088E-309	0.0	0.0	5.253757252759684E-309	-13430.272765988553	4.106476103956137E306	1.7306413263603962E306	4.081548755809974E306	5.040208998589812E306	4.112418626716002E306	12	2	1	3	1
238000	-19055.2673244287	-3419.4177503289015	-15635.849574099799	-3419.4177503289015	8.283323828291275E306	4.91852841579003E307	0.7277128905975307	0.08263239671919674	2.533582671659771	0.3837849316210346	0.08263239671919674	2.533582671659771	0.3837849316210346	0.282439549213218	1.63882792209721E-309	0.0	0.0	1.6723234424147E-309	-13449.513897974552	8.787729145141093E306	5.600365367188356E306	1.188023139801178E307	5.5301844093657656E306	6.867305584536995E306	1	2	5	8	3
239000	-19069.0207989752	-3426.473158442792	-15642.54764053241	-3426.473158442792	1.3891906991816392E307	5.514536770190885E307	0.7277128905975307	0.08263239671919674	2.3920654960991135	0.525302107181692	0.08263239671919674	2.3920654960991135	0.525302107181692	0.28721449379094466	1.62860704780194E-309	0.0	0.0	1.81074397372991E-309	-13444.805208777392	7.469192680622442E306	9.289460714036191E306	1.0114225244615436E307	1.3685787087134925E307	3.162371155952387E306	11	3	2	2	1
240000	-19081.513876098474	-3425.217933642839	-15656.295942455636	-3425.217933642839	6.585073900104643E307	Infinity	0.7277128905975307	0.08263239671919674	2.3920654960991135	0.525302107181692	0.08263239671919674	2.3920654960991135	0.525302107181692	0.16414000415298155	0.0	0.0	0.0	4.3145864716133E-310	-13475.620129017401	3.9233394860074723E307	2.7276580556296155E307	2.621700600097405E307	4.804105979489827E307	6.085974078247533E307	3	5	4	4	3
241000	-19074.34060667792	-3433.406952756639	-15640.933653921284	-3433.406952756639	4.1032972382599394E307	Infinity	0.7277128905975307	0.08263239671919674	2.3920654960991135	0.525302107181692	0.08263239671919674	2.3920654960991135	0.525302107181692	0.13668001297646026	0.0	0.0	0.0	4.53722092979337E-310	-13470.971679488577	9.832158589099015E307	1.5045340154261218E307	1.4361858221279853E307	2.956419528902185E307	4.445381583696099E307	3	5	1	3	7
242000	-19077.087067731707	-3428.9275326587494	-15648.159535072957	-3428.9275326587494	3.510588262751118E307	1.6596771216860139E308	0.7277128905975307	0.08263239671919674	2.3920654960991135	0.525302107181692	0.08263239671919674	2.3920654960991135	0.525302107181692	0.18192160753034584	6.3905842017155E-310	0.0	0.0	6.6985016036186E-310	-13468.678181992558	8.670282577411783E307	2.754869592794872E307	4.748495865112873E307	3.799671667848548E307	2.687003528987155E307	1	6	9	1	2
243000	-19075.106279183652	-3423.4081593838505	-15651.698119799801	-3423.4081593838505	4.439553452879924E307	Infinity	0.7277128905975307	0.12962300798580365	2.4599996194544387	0.41037737255976015	0.12962300798580365	2.4599996194544387	0.41037737255976015	0.14200752879497322	0.0	0.0	0.0	4.02209846311684E-310	-13483.262351942203	1.6223389865099447E308	1.196513485033364E308	5.116809267406991E307	3.9377085150024835E307	4.65249833615123E307	2	3	1	9	4
244000	-19082.408215270996	-3422.60737510023	-15659.800840170765	-3422.60737510023	4.031315581777785E307	Infinity	0.7277128905975307	0.12962300798580365	2.4599996194544387	0.41037737255976015	0.12962300798580365	2.4599996194544387	0.41037737255976015	0.2021077032855422	0.0	0.0	0.0	5.5061442040959E-310	-13473.734014929105	5.795564946034265E307	7.205330060246332E307	3.953082078369898E307	4.860875416593622E307	2.764806132308542E307	4	1	6	5	3
245000	-19122.931989676952	-3421.948564270274	-15700.983425406679	-3421.948564270274	6.253074290432002E307	Infinity	0.7277128905975307	0.12962300798580365	2.4599996194544387	0.41037737255976015	0.12962300798580365	2.4599996194544387	0.41037737255976015	0.37600471214017495	0.0	0.0	0.0	2.44334922295437E-310	-13488.369620177451	7.421522827738373E307	8.359185875576306E307	7.18117430836196E307	5.991090227563969E307	6.143155427410514E307	5	2	3	4	5
246000	-19109.191904040035	-3424.6982688334087	-15684.493635206627	-3424.6982688334087	4.199965660274119E307	Infinity	0.7277128905975307	0.12962300798580365	2.4599996194544387	0.41037737255976015	0.12962300798580365	2.4599996194544387	0.41037737255976015	0.3135542285615138	0.0	0.0	0.0	4.0594133298069E-310	-13479.716498695558	2.9536795944703484E307	6.740236368620867E307	7.464414054000873E307	7.545524623441313E307	5.571444106909642E307	7	1	1	1	9
247000	-19093.701241681498	-3431.6199126591027	-15662.081329022394	-3431.6199126591027	6.525075522331998E307	Infinity	0.7277128905975307	0.12962300798580365	2.4599996194544387	0.41037737255976015	0.12962300798580365	2.4599996194544387	0.41037737255976015	0.14319159350774	0.0	0.0	0.0	2.5623442642294E-310	-13486.86827460971	6.377183578551082E307	6.565917023618864E307	1.0012199633903191E308	6.261278252988079E307	3.969848799674932E307	6	1	5	3	4
248000	-19060.805984083447	-3424.2759525857523	-15636.530031497694	-3424.2759525857523	6.996400363061088E307	Infinity	0.7277128905975307	0.12962300798580365	2.4599996194544387	0.41037737255976015	0.12962300798580365	2.4599996194544387	0.41037737255976015	0.06361215911155907	0.0	0.0	0.0	2.7743680889787E-310	-13488.570967623979	1.295512244129989E308	9.47683670086734E307	1.1926797335106346E308	8.733555573578061E307	6.950463421993153E307	13	1	1	1	3
249000	-19041.844439884575	-3423.298078353308	-15618.546361531267	-3423.298078353308	3.7251931413856123E307	Infinity	0.7277128905975307	0.12962300798580365	2.4599996194544387	0.41037737255976015	0.12962300798580365	2.4599996194544387	0.41037737255976015	0.05763262431210385	0.0	0.0	0.0	4.7044349305582E-310	-13475.111166849487	5.708357772554777E307	3.6065460628075155E307	5.699196309491723E307	2.8782388510133636E307	7.451775234660451E306	4	1	7	5	2
250000	-19070.092401995804	-3416.4817868125715	-15653.610615183232	-3416.4817868125715	6.393347500508898E307	Infinity	0.7277128905975307	0.12962300798580365	2.4599996194544387	0.41037737255976015	0.12962300798580365	2.4599996194544387	0.41037737255976015	0.1660506683241414	0.0	0.0	0.0	3.81541261090796E-310	-13474.559811419716	2.903389549179758E307	3.869697759276111E307	4.970206749652233E307	1.3968974459067376E307	1.5579413829278384E307	5	4	8	1	1
251000	-19033.410659654735	-3421.573946880561	-15611.836712774175	-3421.573946880561	2.251247585374148E307	1.1707793613213675E308	0.7277128905975307	0.12962300798580365	2.4599996194544387	0.41037737255976015	0.12962300798580365	2.4599996194544387	0.41037737255976015	0.04863332515600557	9.73197768515635E-310	0.0	0.0	9.98305279149077E-310	-13464.144678169534	2.2449546185046423E307	3.8105288801773804E307	2.574354936409514E307	2.7013336580859043E307	2.8580571828066786E307	5	2	1	10	1
252000	-19074.35622439721	-3419.447597797035	-15654.908626600174	-3419.447597797035	4.0682635092707473E307	Infinity	0.7277128905975307	0.12962300798580365	2.4599996194544387	0.41037737255976015	0.12962300798580365	2.4599996194544387	0.41037737255976015	0.18012436686730504	0.0	0.0	0.0	5.38794770815208E-310	-13470.89211737741	9.48826651716582E306	3.2421176316239855E307	3.478531159790612E307	1.2604158368241486E307	1.3620786012555047E307	2	2	12	2	1
253000	-19069.750197315247	-3422.2750264376637	-15647.475170877582	-3422.2750264376637	2.912276072941647E307	1.3555840746617103E308	0.7277128905975307	0.12962300798580365	2.4599996194544387	0.41037737255976015	0.12962300798580365	2.4599996194544387	0.41037737255976015	0.17434527733629018	7.67850873560267E-310	0.0	0.0	8.1650461103007E-310	-13464.55643760112	3.868194826803921E307	1.0711632597978805E307	4.0134122424411293E307	5.116569001554969E307	6.203923631924139E307	3	5	9	1	1
254000	-19069.510403708577	-3423.2216365310023	-15646.288767177573	-3423.2216365310023	3.764380935640723E307	Infinity	0.7277128905975307	0.12962300798580365	2.2873158905652526	0.5830611014489463	0.12962300798580365	2.2873158905652526	0.5830611014489463	0.13029671015378785	0.0	0.0	0.0	7.25865770513546E-310	-13471.52486638744	3.958441534865455E307	4.3477059101532633E307	6.059435657682314E307	4.217138425424372E307	2.1188575775077965E307	3	9	2	1	4
255000	-19100.83208853274	-3429.0022954863243	-15671.829793046416	-3429.0022954863243	8.304807356051586E307	Infinity	0.7277128905975307	0.2372430695650161	2.2873158905652526	0.47544103986973385	0.2372430695650161	2.2873158905652526	0.47544103986973385	0.1776818369617185	0.0	0.0	0.0	2.55042517233297E-310	-13483.937920518963	4.54335363036332E307	5.180522095555935E307	6.232772725661922E307	1.0956195108673892E308	1.553053103360203E307	5	7	3	1	3
256000	-19125.018288851294	-3420.692424226033	-15704.32586462526	-3420.692424226033	1.1038903832041852E308	Infinity	0.7277128905975307	0.1568682910923031	2.3676906690379655	0.47544103986973385	0.1568682910923031	2.3676906690379655	0.47544103986973385	0.34734207664669414	0.0	0.0	0.0	1.21875962553565E-310	-13491.607246401001	4.4517458833381336E307	6.54128691806375E307	1.0723936088111592E308	1.5493165295899791E308	5.71305628332554E307	2	3	2	10	2
257000	-19120.06652388807	-3429.270613245713	-15690.795910642357	-3429.270613245713	1.1430691328185053E308	Infinity	0.7277128905975307	0.1568682910923031	2.3676906690379655	0.47544103986973385	0.1568682910923031	2.3676906690379655	0.47544103986973385	0.2919460484694391	0.0	0.0	0.0	1.48047741909347E-310	-13497.128292503094	6.890922831824748E307	5.464615516659699E307	1.0723936088111592E308	1.0100165915765828E308	5.578509721711286E307	2	3	2	10	2
258000	-19109.891950400597	-3425.002337149891	-15684.889613250705	-3425.002337149891	2.641260398215288E307	1.6711733555681872E308	0.7277128905975307	0.1568682910923031	2.3676906690379655	0.47544103986973385	0.1568682910923031	2.3676906690379655	0.47544103986973385	0.35109319954593704	5.7982692761043E-310	0.0	0.0	5.27764337547475E-310	-13472.094123517723	5.858766032218939E307	1.793926797388281E307	4.845635154204898E307	4.812264156728402E307	4.661281993011931E307	2	3	5	3	6
259000	-19111.54792013011	-3424.4907055032436	-15687.057214626866	-3424.4907055032436	2.5107980072022253E307	Infinity	0.5895801929157789	0.1568682910923031	2.3676906690379655	0.47544103986973385	0.1568682910923031	2.3676906690379655	0.47544103986973385	0.38735734025358115	0.0	0.0	0.0	6.63021393757734E-310	-13475.905764121379	4.0626327430999E307	5.476462837124568E307	5.478548620926197E307	3.7423880672995967E307	3.095847995609505E307	2	1	2	1	13
260000	-19078.66989366747	-3422.3043223545856	-15656.365571312883	-3422.3043223545856	3.667064669547604E307	1.6915888283714157E308	0.5895801929157789	0.1568682910923031	2.3676906690379655	0.47544103986973385	0.1568682910923031	2.3676906690379655	0.47544103986973385	0.1724036924255128	4.9275249446213E-310	0.0	0.0	5.1996056381048E-310	-13471.03195376432	1.6768210134372984E307	2.8350757708160034E307	9.159672697524143E306	1.699057782454749E307	4.2002018854533955E307	1	3	1	1	13
261000	-19087.765875033278	-3425.7646969884504	-15662.001178044828	-3425.7646969884504	2.5946359743361515E307	1.416384341305689E308	0.5895801929157789	0.1568682910923031	2.3676906690379655	0.47544103986973385	0.1568682910923031	2.3676906690379655	0.47544103986973385	0.28454019925296364	6.82063619358865E-310	0.0	0.0	6.888463533442E-310	-13468.679146144368	2.923760961478476E307	2.293396450182548E307	1.762221740839005E307	2.092413718443324E307	2.5780562452349037E307	3	9	3	1	3
262000	-19066.23469208251	-3424.4489735257794	-15641.785718556732	-3424.4489735257794	6.676599277507427E307	Infinity	0.5895801929157789	0.1568682910923031	2.3676906690379655	0.47544103986973385	0.1568682910923031	2.3676906690379655	0.47544103986973385	0.11709173902551974	0.0	0.0	0.0	2.99459395653906E-310	-13479.246335364132	5.969133083796444E307	3.293487837484772E307	3.924324168447526E307	3.9933326307349257E307	3.9430609177127443E307	1	1	10	2	5
263000	-19066.979399019114	-3431.038823661447	-15635.940575357667	-3431.038823661447	8.676739713983822E307	Infinity	0.5895801929157789	0.1568682910923031	2.3676906690379655	0.47544103986973385	0.1568682910923031	2.3676906690379655	0.47544103986973385	0.07492019163573245	0.0	0.0	0.0	3.12706534196005E-310	-13484.49885992526	6.137034184784519E307	4.309738680001769E307	4.8348270557655E307	7.754791308308339E307	4.0387686534569426E307	5	4	1	8	1
264000	-19069.19753012279	-3422.919694381052	-15646.27783574174	-3422.919694381052	3.9624436409763513E307	Infinity	0.8563274529173085	0.1568682910923031	2.3676906690379655	0.47544103986973385	0.1568682910923031	2.3676906690379655	0.47544103986973385	0.17572367545392448	0.0	0.0	0.0	4.8337673509307E-310	-13470.95783835822	1.5766174888481614E307	1.572081184348343E307	1.457531447647637E307	3.3616919467423197E307	5.753467577807555E307	4	1	3	5	6
265000	-19081.19296368877	-3418.1069408807866	-15663.086022807984	-3418.1069408807866	2.169016380432763E307	1.021755166595903E308	0.8563274529173085	0.1568682910923031	2.3676906690379655	0.47544103986973385	0.1568682910923031	2.3676906690379655	0.47544103986973385	0.3107732648006328	1.06904206647213E-309	0.0	0.0	1.2366281129253E-309	-13459.316253280782	6.786048321134585E306	2.0157728042035934E307	2.835261631939885E307	1.0078565002011959E307	1.6627064211507255E307	4	1	3	1	10
266000	-19085.689124295262	-3421.2377563556183	-15664.451367939644	-3421.2377563556183	2.488332963021217E307	1.1601970862171409E308	0.8563274529173085	0.1568682910923031	2.3676906690379655	0.47544103986973385	0.1568682910923031	2.3676906690379655	0.47544103986973385	0.3287268351135868	7.7169681556251E-310	0.0	0.0	8.37587982088773E-310	-13463.019814982024	2.857931375403316E307	2.0946649257376055E307	1.8085277645526848E307	1.9497864514126079E307	2.266464818831957E307	1	5	6	5	2
267000	-19100.39348748391	-3434.140007837935	-15666.253479645975	-3434.140007837935	1.3500213441266566E307	6.639986399699464E307	0.8563274529173085	0.1568682910923031	2.3676906690379655	0.47544103986973385	0.1568682910923031	2.3676906690379655	0.47544103986973385	0.4173719495985036	1.40659195718648E-309	0.0	0.0	1.278418106943886E-309	-13456.06860249837	2.2379612348661386E307	1.3803979217968327E307	1.761449400225596E307	3.3357500291089607E307	1.471707365539508E307	3	9	4	2	1
268000	-19081.481598523034	-3423.6410379661306	-15657.840560556902	-3423.6410379661306	9.501754612813618E306	6.013991418200086E307	0.8563274529173085	0.1568682910923031	2.3676906690379655	0.47544103986973385	0.1568682910923031	2.3676906690379655	0.47544103986973385	0.3771207195713032	2.06899444928671E-309	0.0	0.0	1.95642645499532E-309	-13451.557978200755	2.6493639513898797E307	1.1992742919762253E307	1.1271327611527157E307	1.0264899638314292E307	2.3199672298375264E306	1	9	1	6	2
269000	-19107.228850716256	-3430.7180412058246	-15676.51080951043	-3430.7180412058246	5.3856652864840415E307	Infinity	0.8563274529173085	0.1568682910923031	2.3676906690379655	0.47544103986973385	0.1568682910923031	2.3676906690379655	0.47544103986973385	0.29256226177124645	0.0	0.0	0.0	3.77332769494417E-310	-13476.487138998269	7.354872420843274E307	1.470975519832764E307	2.553290454943658E307	1.9375812758980418E307	2.754308825542542E307	1	1	1	4	12
270000	-19104.69434391059	-3434.4990015171934	-15670.195342393397	-3434.4990015171934	3.5938356338860904E307	Infinity	0.8563274529173085	0.1568682910923031	2.3676906690379655	0.47544103986973385	0.1568682910923031	2.3676906690379655	0.47544103986973385	0.25642488147400855	0.0	0.0	0.0	6.37868471582835E-310	-13473.866073527512	2.383404580963023E307	4.036358059343558E307	7.032353597100875E307	5.41506666142611E307	2.8240540343152146E307	1	3	12	1	2
271000	-19108.97125066109	-3425.2000581392736	-15683.771192521814	-3425.2000581392736	1.4617918840744964E308	Infinity	0.8563274529173085	0.1568682910923031	2.3676906690379655	0.47544103986973385	0.1568682910923031	2.3676906690379655	0.47544103986973385	0.21839887678079278	0.0	0.0	0.0	1.655138756353E-310	-13489.872962077017	4.836019267648182E307	7.021310386992974E307	1.2241418578347063E308	8.37126822240613E307	1.817607346101081E307	3	5	8	1	2
272000	-19100.30981092914	-3419.796560610573	-15680.513250318567	-3419.796560610573	6.115539502556968E307	Infinity	0.8563274529173085	0.1568682910923031	2.3676906690379655	0.47544103986973385	0.1568682910923031	2.3676906690379655	0.47544103986973385	0.2850784578215619	0.0	0.0	0.0	2.9212103875772E-310	-13480.050595898496	5.658128367976413E307	9.659874116504234E307	1.2241418578347063E308	4.054625241602861E307	1.6538167332314286E307	7	6	3	2	1
273000	-19092.875221460134	-3425.299125097159	-15667.576096362976	-3425.299125097159	1.1273048394818183E308	Infinity	0.8563274529173085	0.1568682910923031	2.3676906690379655	0.47544103986973385	0.1568682910923031	2.3676906690379655	0.47544103986973385	0.13763959210931656	0.0	0.0	0.0	1.56058798306916E-310	-13490.796303765335	9.222010867295093E307	1.6770858101257016E308	9.361355504239929E307	7.425546037518679E307	9.97543188396439E307	9	6	2	1	1
274000	-19081.869136422778	-3424.1693068047243	-15657.699829618054	-3424.1693068047243	1.302272710778515E308	Infinity	0.8563274529173085	0.1568682910923031	2.3676906690379655	0.47544103986973385	0.1568682910923031	2.3676906690379655	0.47544103986973385	0.10631319181469516	0.0	0.0	0.0	1.52177585433045E-310	-13493.472451896063	1.2378396152056684E308	5.711296767150371E307	1.129447476450016E308	1.6861499291614288E308	8.250575066596211E307	2	1	9	4	3
275000	-19087.066844287063	-3427.8517470542997	-15659.215097232764	-3427.8517470542997	8.916321232417859E307	Infinity	0.8563274529173085	0.1568682910923031	2.3676906690379655	0.47544103986973385	0.1568682910923031	2.3676906690379655	0.47544103986973385	0.1353949736867863	0.0	0.0	0.0	2.07246664798553E-310	-13491.859332522405	9.63112313217228E307	7.253017554021118E307	3.9438981347745253E307	8.333251048050581E307	6.000003727512794E307	10	2	2	1	4
276000	-19129.47644409482	-3434.6548414652666	-15694.821602629554	-3434.6548414652666	1.268351121672425E308	Infinity	0.6452857886251009	0.1568682910923031	2.3676906690379655	0.47544103986973385	0.1568682910923031	2.3676906690379655	0.47544103986973385	0.23368720181560673	0.0	0.0	0.0	1.47864164837976E-310	-13496.230972855308	1.3751532702329179E308	1.455987587704714E308	1.2500358437964154E308	1.221372602092314E308	2.6465714710461764E307	9	4	2	3	1
277000	-19098.194586516	-3426.9536710679245	-15671.240915448077	-3426.9536710679245	2.7181720459900187E307	1.6473172501317038E308	0.6452857886251009	0.1568682910923031	2.3676906690379655	0.47544103986973385	0.1568682910923031	2.3676906690379655	0.47544103986973385	0.26428058821879497	7.11719157331965E-310	0.0	0.0	6.39965160128306E-310	-13471.264758717298	4.567709889162737E307	3.2512357091024466E307	3.561911897983645E307	4.2779626972555284E307	1.287603879255252E307	2	4	2	9	2
278000	-19055.29782110768	-3427.1957374411063	-15628.102083666576	-3427.1957374411063	3.2733566024707036E307	1.4617523477305731E308	0.6452857886251009	0.1568682910923031	2.3676906690379655	0.47544103986973385	0.1568682910923031	2.3676906690379655	0.47544103986973385	0.09631555302626048	6.3617597162595E-310	0.0	0.0	6.3486861093795E-310	-13467.616584175985	4.732578265286959E307	1.641336418893621E307	2.7561330786190816E307	1.514696713382758E307	1.2007557456431075E307	1	7	7	2	2
279000	-19091.016193773212	-3435.0795628420146	-15655.936630931197	-3435.0795628420146	1.8659578410290631E307	1.114248413249297E308	0.6452857886251009	0.1568682910923031	2.3676906690379655	0.47544103986973385	0.1568682910923031	2.3676906690379655	0.47544103986973385	0.2260169438227968	7.61599028459113E-310	0.0	0.0	7.0857371180363E-310	-13465.602107523642	5.284371545414748E307	9.013166948573259E306	1.3948534045797658E307	5.321313154015988E306	2.992197973440507E306	4	4	7	2	2
280000	-19089.871772309172	-3421.3534691081745	-15668.518303200999	-3421.3534691081745	2.9721710415023653E307	1.7906643240681997E308	0.6452857886251009	0.1568682910923031	2.499492575944462	0.34363913296323734	0.1568682910923031	2.499492575944462	0.34363913296323734	0.2969027926219193	5.59809561704294E-310	0.0	0.0	5.52681963911493E-310	-13471.828197615163	2.4575562460505144E307	4.178827171536283E307	2.567590707312143E307	1.2662720551698317E307	6.235370276960101E306	6	3	7	1	2
281000	-19081.111393801424	-3433.308107326011	-15647.803286475411	-3433.308107326011	1.500264308857919E307	8.208461608721829E307	0.5545270834905011	0.1568682910923031	2.499492575944462	0.34363913296323734	0.1568682910923031	2.499492575944462	0.34363913296323734	0.3066545912650704	1.15862005360646E-309	0.0	0.0	1.17862154017262E-309	-13453.615258052603	6.142918711220912E306	8.924778227892134E306	2.3380600618836853E307	1.1993451586914617E307	7.26190150245335E306	7	2	4	4	2
282000	-19049.32795648364	-3428.2654122498666	-15621.062544233775	-3428.2654122498666	3.1714369935165534E307	1.7384428881316373E308	0.5545270834905011	0.1568682910923031	2.499492575944462	0.34363913296323734	0.1568682910923031	2.499492575944462	0.34363913296323734	0.08271027393196281	5.86034558060257E-310	0.0	0.0	5.73356748488157E-310	-13472.494688146307	4.017608056785783E307	2.443472924707995E307	2.469465098650397E307	1.7642483959993886E307	2.010155473846399E307	11	3	2	2	1
283000	-19072.696519204565	-3430.14476384674	-15642.551755357825	-3430.14476384674	3.116151402583038E307	1.6616990840555619E308	0.5545270834905011	0.1568682910923031	2.499492575944462	0.34363913296323734	0.1568682910923031	2.499492575944462	0.34363913296323734	0.13514992588787797	4.9116646881654E-310	0.0	0.0	5.2081922214039E-310	-13469.889440736257	4.691936939084037E307	2.1308745328114496E307	5.559151142534287E307	3.216361307719191E307	1.542650225452388E307	2	5	3	6	3
284000	-19079.74710199124	-3423.5333357967993	-15656.213766194443	-3423.5333357967993	4.382586414923336E307	Infinity	0.5545270834905011	0.1568682910923031	2.499492575944462	0.34363913296323734	0.1568682910923031	2.499492575944462	0.34363913296323734	0.18791772256796296	0.0	0.0	0.0	4.5287846993943E-310	-13474.410062707806	4.238072951992998E307	1.3573574950579535E307	2.578130276040964E307	2.702363178389004E307	8.96686535726547E306	1	5	3	7	3
285000	-19052.837970418135	-3425.861773837441	-15626.976196580696	-3425.861773837441	1.1036889337932003E307	6.256905121835474E307	0.5545270834905011	0.1568682910923031	2.499492575944462	0.34363913296323734	0.1568682910923031	2.499492575944462	0.34363913296323734	0.1530032532439851	1.530405108939283E-309	0.0	0.0	1.57353811601258E-309	-13452.706468930643	2.0560941278474824E307	1.4241340894057718E307	1.0286623357388445E307	1.2643997791782272E307	6.493687823432835E306	6	1	2	7	3
286000	-19058.90687172307	-3425.419349533159	-15633.487522189911	-3425.419349533159	1.5935833610143859E307	8.176093630016408E307	0.5545270834905011	0.1568682910923031	2.499492575944462	0.34363913296323734	0.1568682910923031	2.499492575944462	0.34363913296323734	0.1643795503066583	1.230853216530503E-309	0.0	0.0	1.227964629152164E-309	-13454.198452587629	3.3211255638446145E307	8.986370557770705E306	1.1096508529026495E307	2.253018903060389E307	6.397503386254231E306	1	2	4	11	1
287000	-19049.433833878393	-3427.0354330474456	-15622.398400830949	-3427.0354330474456	2.7896610186082306E307	1.5721151896224817E308	0.5545270834905011	0.1568682910923031	2.499492575944462	0.34363913296323734	0.1568682910923031	2.499492575944462	0.34363913296323734	0.09517555775594082	7.22892262342675E-310	0.0	0.0	7.37408488375722E-310	-13469.31227983985	5.309624540336323E307	5.704808263761368E307	2.8498758020371955E307	3.8207671093461794E307	2.5609597981720523E307	1	1	5	11	1
288000	-19135.9184071326	-3428.1707416252643	-15707.747665507339	-3428.1707416252643	1.436668591423157E308	Infinity	0.6915634609900859	0.1568682910923031	2.499492575944462	0.34363913296323734	0.1568682910923031	2.499492575944462	0.34363913296323734	0.34320374531538816	0.0	0.0	0.0	1.42470272497823E-310	-13497.325036100714	1.2243186811733354E308	1.3867806844028502E308	1.4096088408643393E308	1.0792830595607658E308	9.653684040545278E307	8	1	5	4	1
289000	-19134.269129899432	-3435.836532929495	-15698.432596969938	-3435.836532929495	1.371305185597163E308	Infinity	0.6915634609900859	0.1568682910923031	2.499492575944462	0.34363913296323734	0.1568682910923031	2.499492575944462	0.34363913296323734	0.2228793612535921	0.0	0.0	0.0	1.459131668108E-310	-13501.052935827229	1.290955197656637E308	1.384376654658734E308	7.950278691619986E307	7.609987396414177E307	2.366260694375197E307	5	7	4	1	2
290000	-19118.29504897907	-3429.8702303967243	-15688.424818582345	-3429.8702303967243	1.0045552168687634E308	Infinity	0.6915634609900859	0.08685147680233427	2.5695093902344306	0.34363913296323734	0.08685147680233427	2.5695093902344306	0.34363913296323734	0.25165685992371095	0.0	0.0	0.0	1.9831433591211E-310	-13494.40278524969	5.728019908526208E307	5.925107502134552E307	9.226122054239132E307	1.1320477976993382E308	6.835272721964272E307	6	5	1	2	5
291000	-19126.8603656877	-3438.5875709410507	-15688.272794746646	-3438.5875709410507	7.484488395623041E307	Infinity	0.6915634609900859	0.08685147680233427	2.5695093902344306	0.34363913296323734	0.08685147680233427	2.5695093902344306	0.34363913296323734	0.2914058976246452	0.0	0.0	0.0	2.96608808549275E-310	-13490.562410715022	1.5668838159784622E308	8.854824797833281E307	5.831939711758166E307	5.162161561004168E307	3.892974858554409E307	6	2	1	8	2
292000	-19111.250523953346	-3426.586889598359	-15684.663634354985	-3426.586889598359	7.848710968383289E307	Infinity	0.6915634609900859	0.08685147680233427	2.5695093902344306	0.34363913296323734	0.08685147680233427	2.5695093902344306	0.34363913296323734	0.22503870929184652	0.0	0.0	0.0	1.767621186691E-310	-13489.558381758552	9.423008037910618E307	1.3485902051491076E308	1.2076204255980047E308	5.073261907375348E307	2.107934315401869E307	11	4	1	2	1
293000	-19108.321719496576	-3425.430230840571	-15682.891488656005	-3425.430230840571	5.351455068247861E307	Infinity	0.6915634609900859	0.08685147680233427	2.5695093902344306	0.34363913296323734	0.08685147680233427	2.5695093902344306	0.34363913296323734	0.18627360427597894	0.0	0.0	0.0	3.2073895112632E-310	-13488.92444008622	1.5484571729739717E308	4.803665802701599E307	3.834178617138412E307	7.935503031978348E307	2.6264850611767477E307	1	5	10	1	2
294000	-19088.722081864456	-3417.8635160040576	-15670.858565860397	-3417.8635160040576	6.758447284005875E307	Infinity	0.8275320550667286	0.08685147680233427	2.5695093902344306	0.34363913296323734	0.08685147680233427	2.5695093902344306	0.34363913296323734	0.1831020645299345	0.0	0.0	0.0	2.8955989430142E-310	-13482.868833756991	1.0381503202279276E308	1.072341917246611E308	6.21067381058314E307	1.6736726718247996E308	6.561341855151119E307	1	3	8	3	4
295000	-19106.191361107893	-3427.451728332096	-15678.739632775796	-3427.451728332096	1.094281406451481E308	Infinity	0.8275320550667286	0.08685147680233427	2.5695093902344306	0.34363913296323734	0.08685147680233427	2.5695093902344306	0.34363913296323734	0.1795533803830727	0.0	0.0	0.0	1.21162713615626E-310	-13498.347553565844	1.535636475800282E308	9.649366163829297E307	8.349804278139589E307	1.6736726718247996E308	9.932599061833508E307	4	1	1	10	3
296000	-19091.386999633374	-3418.5175138695645	-15672.869485763811	-3418.5175138695645	4.25797233020134E307	Infinity	0.8275320550667286	0.08685147680233427	2.5695093902344306	0.34363913296323734	0.08685147680233427	2.5695093902344306	0.34363913296323734	0.20865728748717055	0.0	0.0	0.0	4.18289523319783E-310	-13475.236859206363	9.680755201025824E307	1.0015178484549005E308	4.0331088139472623E307	4.565787857458223E307	1.5958711668445298E307	3	1	12	1	2
297000	-19055.776328151613	-3415.908212934558	-15639.868115217054	-3415.908212934558	6.11705385768448E307	Infinity	0.8275320550667286	0.08685147680233427	2.5695093902344306	0.34363913296323734	0.08685147680233427	2.5695093902344306	0.34363913296323734	0.11837762289721471	0.0	0.0	0.0	3.49070727199637E-310	-13477.548107491102	2.26068774987902E307	1.7573321635277993E307	3.705596122866334E307	5.191371833964626E307	3.367440579079706E307	1	1	8	6	3
298000	-19077.870758212728	-3417.595902511855	-15660.274855700873	-3417.595902511855	3.896266692221711E307	Infinity	0.8275320550667286	0.08685147680233427	2.5695093902344306	0.34363913296323734	0.08685147680233427	2.5695093902344306	0.34363913296323734	0.207862846783344	0.0	0.0	0.0	4.98965895226603E-310	-13472.371639622648	4.4714788213839003E307	4.877422847867919E307	3.705596122866334E307	5.147083103219247E307	7.179961696334635E307	1	4	8	2	4
299000	-19054.736869585096	-3422.9808201221867	-15631.756049462909	-3422.9808201221867	2.390712699683193E307	1.0899922747834547E308	0.8275320550667286	0.08685147680233427	2.5695093902344306	0.34363913296323734	0.08685147680233427	2.5695093902344306	0.34363913296323734	0.12634563460619255	1.08105852372062E-309	0.0	0.0	1.001658110892623E-309	-13461.039740400583	2.0997848096246865E307	9.831916510980356E306	6.9408003767981E306	1.6456561771412647E307	1.864870457751971E307	1	2	3	3	10
300000	-19049.251807888963	-3420.375158045746	-15628.876649843216	-3420.375158045746	1.522181017411841E307	7.160140131546859E307	0.8275320550667286	0.08685147680233427	2.5695093902344306	0.34363913296323734	0.08685147680233427	2.5695093902344306	0.34363913296323734	0.15758276770845817	1.40740470671094E-309	0.0	0.0	1.46450998609911E-309	-13455.460921936196	4.1644891970287566E307	2.5554854464847924E307	1.2346390693228035E307	1.4704767366152389E307	1.0216421406992234E307	2	2	4	2	9
301000	-19058.630682033145	-3427.333782546808	-15631.296899486335	-3427.333782546808	1.3547629111750457E307	7.173154918218896E307	0.8275320550667286	0.08685147680233427	2.5695093902344306	0.34363913296323734	0.08685147680233427	2.5695093902344306	0.34363913296323734	0.16765538268778807	1.278391813187636E-309	0.0	0.0	1.30749740840867E-309	-13455.110850620362	1.801331297602088E307	1.536640694541176E307	1.2805567437871883E307	2.5798823770794785E306	3.01160896945296E306	5	4	8	1	1
302000	-19074.285374639494	-3417.1158886605444	-15657.16948597895	-3417.1158886605444	1.6764616445899263E307	8.705502150141383E307	0.8275320550667286	0.08685147680233427	2.5695093902344306	0.34363913296323734	0.08685147680233427	2.5695093902344306	0.34363913296323734	0.26324511799626105	1.016575056223666E-309	0.0	0.0	9.85502862209046E-310	-13459.51261969592	2.6194172606249884E307	1.6909265408028307E307	4.809023111247994E307	9.343302693374017E306	8.155763496428701E306	4	1	1	12	1
303000	-19050.75374999978	-3419.189287551576	-15631.564462448205	-3419.189287551576	3.2778382066828765E307	1.7882491479285493E308	0.8275320550667286	0.08685147680233427	2.5695093902344306	0.34363913296323734	0.08685147680233427	2.5695093902344306	0.34363913296323734	0.10119981643489495	5.48650841340095E-310	0.0	0.0	5.4313242786673E-310	-13470.871236082177	1.9171136161247442E307	4.770776787607889E307	5.563037529869428E307	1.9168529894972284E307	1.6003319532723317E307	9	2	4	3	1
304000	-19070.50519361725	-3430.3397829580576	-15640.16541065919	-3430.3397829580576	2.6838084810104525E307	1.4834588155299015E308	0.8275320550667286	0.08685147680233427	2.5695093902344306	0.34363913296323734	0.08685147680233427	2.5695093902344306	0.34363913296323734	0.13463087753448968	5.95876658052763E-310	0.0	0.0	5.99626957931547E-310	-13468.068373460148	8.082387832332984E307	1.078596052875181E308	3.088145713929619E307	1.0054216688531855E307	8.232527758953441E306	3	1	11	3	1
305000	-19084.327664571814	-3421.113703833314	-15663.2139607385	-3421.113703833314	9.21938465373078E307	Infinity	0.8275320550667286	0.1913563021740714	2.4650045648626935	0.34363913296323734	0.1913563021740714	2.4650045648626935	0.34363913296323734	0.12549776999775225	0.0	0.0	0.0	1.98994127783894E-310	-13489.126525076303	5.878256741321108E307	1.1243967539217966E308	1.4760465932838503E308	9.671189635347716E307	3.1654676711557057E307	3	4	9	1	2
306000	-19121.04466046204	-3432.002854691064	-15689.041805770976	-3432.002854691064	8.6773751101233E307	Infinity	0.7248625998195528	0.1913563021740714	2.4650045648626935	0.34363913296323734	0.1913563021740714	2.4650045648626935	0.34363913296323734	0.24647381826536086	0.0	0.0	0.0	1.6149651247242E-310	-13493.960331245347	1.4510022829687468E308	8.549738583609986E307	1.7674830520352474E308	6.283639651466877E307	1.8893375448345E307	5	1	8	4	1
307000	-19107.871056227286	-3424.6770435789126	-15683.194012648373	-3424.6770435789126	4.4480257150444346E307	Infinity	0.7248625998195528	0.1913563021740714	2.4650045648626935	0.34363913296323734	0.1913563021740714	2.4650045648626935	0.34363913296323734	0.279979136674925	0.0	0.0	0.0	3.6002577603873E-310	-13482.787754361534	9.063974572623838E307	7.12319586829216E307	8.649742593856118E307	4.253697331900027E307	1.9899172298418542E307	7	3	6	2	1
308000	-19101.11383864232	-3424.590951301267	-15676.52288734105	-3424.590951301267	9.125317034441582E307	Infinity	0.7248625998195528	0.1913563021740714	2.4650045648626935	0.34363913296323734	0.1913563021740714	2.4650045648626935	0.34363913296323734	0.14313922051109254	0.0	0.0	0.0	1.7417842312576E-310	-13491.759366940856	8.535527049898569E307	1.395792536647531E308	1.429102982586415E308	8.320731947543508E307	5.884462729114723E307	14	1	2	1	1
309000	-19115.050653844206	-3424.9319651612	-15690.118688683007	-3424.9319651612	1.2413288809245805E308	Infinity	0.7248625998195528	0.1913563021740714	2.4650045648626935	0.34363913296323734	0.1913563021740714	2.4650045648626935	0.34363913296323734	0.21535435062677577	0.0	0.0	0.0	1.6138808758953E-310	-13497.26412347615	1.4573230853865034E308	1.646480224471414E308	1.703071287033033E308	6.389473837361813E307	5.678628706481232E307	6	2	8	1	2
310000	-19102.16916279149	-3426.468465051658	-15675.700697739834	-3426.468465051658	8.568617135749585E307	Infinity	0.7248625998195528	0.1913563021740714	2.4650045648626935	0.34363913296323734	0.1913563021740714	2.4650045648626935	0.34363913296323734	0.16992996983421213	0.0	0.0	0.0	2.03048325513887E-310	-13491.391441502086	1.4418315323155847E308	1.673536482043191E308	9.957985998147172E307	7.925223082153831E307	2.688895072554139E307	2	1	14	1	1
311000	-19118.484284676222	-3430.3960285251433	-15688.088256151079	-3430.3960285251433	3.8901450529661174E307	Infinity	0.7248625998195528	0.07439569656166059	2.4650045648626935	0.4605997385756482	0.07439569656166059	2.4650045648626935	0.4605997385756482	0.2806718633870666	0.0	0.0	0.0	3.6855301085833E-310	-13479.498494427564	4.3137980866548124E307	6.36833210272391E307	2.967274746081E307	5.816360098640418E307	1.4277377246253436E308	6	3	4	3	3
312000	-19117.882099001552	-3429.9408658688785	-15687.941233132673	-3429.9408658688785	1.1792044497155846E308	Infinity	0.7248625998195528	0.07439569656166059	2.4650045648626935	0.4605997385756482	0.07439569656166059	2.4650045648626935	0.4605997385756482	0.24905806551917728	0.0	0.0	0.0	2.0553874619886E-310	-13491.244144630218	7.267320955928379E307	6.608750520160245E307	7.190887467445586E307	9.942572124130452E307	5.433361266202E307	7	5	2	3	2
313000	-19103.253785851186	-3417.895411199937	-15685.35837465125	-3417.895411199937	1.0562104571509667E308	Infinity	0.7248625998195528	0.07439569656166059	2.4650045648626935	0.4605997385756482	0.07439569656166059	2.4650045648626935	0.4605997385756482	0.21006975477959047	0.0	0.0	0.0	1.9983967550364E-310	-13492.50103035093	1.002967860825926E308	1.6778865896415991E308	1.0672708413371248E308	1.1879063906791397E308	5.368541983324693E307	8	1	4	4	2
314000	-19081.957750914953	-3418.473253257854	-15663.4844976571	-3418.473253257854	5.190621557106965E307	Infinity	0.7248625998195528	0.07439569656166059	2.561678442782428	0.36392586065591337	0.07439569656166059	2.561678442782428	0.36392586065591337	0.1692989120666364	0.0	0.0	0.0	3.14650681561946E-310	-13482.544910486336	6.916681952415239E307	8.422244126636448E307	6.808206239053127E307	6.133250574745036E307	3.776759678675579E307	3	1	5	7	3
315000	-19079.923590389717	-3417.9720277686306	-15661.951562621085	-3417.9720277686306	4.166453361583944E307	Infinity	0.7248625998195528	0.07439569656166059	2.561678442782428	0.36392586065591337	0.07439569656166059	2.561678442782428	0.36392586065591337	0.2809390934684499	0.0	0.0	0.0	5.21358844028855E-310	-13472.248835278322	2.1917088559791977E307	4.2740808915951625E307	2.6925516741445895E307	3.0427700935429765E307	3.3524101816503483E307	1	1	11	4	2
316000	-19078.58494507521	-3425.2781933435626	-15653.306751731649	-3425.2781933435626	2.7716354122733864E307	1.6390902181589132E308	0.7248625998195528	0.07439569656166059	2.561678442782428	0.36392586065591337	0.07439569656166059	2.561678442782428	0.36392586065591337	0.22830601051930932	5.99190756558285E-310	0.0	0.0	6.27912867582723E-310	-13470.568026135432	3.281628079826672E307	1.764684269180006E307	3.07164647911683E307	3.0427700935429765E307	2.2966680634814455E307	4	2	3	3	7
317000	-19089.93836226833	-3423.631920707985	-15666.306441560346	-3423.631920707985	4.647095459015377E307	Infinity	0.7248625998195528	0.07439569656166059	2.561678442782428	0.36392586065591337	0.07439569656166059	2.561678442782428	0.36392586065591337	0.2544261343323605	0.0	0.0	0.0	5.390314829888E-310	-13474.112140280187	4.115852865009377E307	3.079061577364918E307	5.440023143360762E307	1.8344647970058183E307	9.812518651539404E306	3	7	5	3	1
318000	-19115.395693979735	-3430.5425619888374	-15684.853131990896	-3430.5425619888374	3.646663166983911E307	Infinity	0.7248625998195528	0.07439569656166059	2.561678442782428	0.36392586065591337	0.07439569656166059	2.561678442782428	0.36392586065591337	0.3032162413553332	0.0	0.0	0.0	5.13236219214586E-310	-13473.839678413115	1.6444324148064114E308	7.301846527677142E307	3.5968237484365093E307	6.008951320811483E307	4.788502442977665E307	1	2	11	4	1
319000	-19082.431274226055	-3424.7842558812195	-15657.647018344836	-3424.7842558812195	1.0935166420320939E307	5.736845236808718E307	0.7248625998195528	0.07439569656166059	2.561678442782428	0.36392586065591337	0.07439569656166059	2.561678442782428	0.36392586065591337	0.3878112199354785	1.73754363369593E-309	0.0	0.0	1.69570003245988E-309	-13450.061918843754	1.7633513531958774E307	1.5079558946797753E307	1.5813208684426922E307	1.1730256008878604E307	5.2025533527435427E306	2	9	4	1	3
320000	-19056.42984989221	-3421.224754922868	-15635.205094969344	-3421.224754922868	5.394833229821555E306	2.666120577943474E307	0.7248625998195528	0.16742971099012433	2.4686444283539646	0.36392586065591337	0.16742971099012433	2.4686444283539646	0.36392586065591337	0.37208654127047414	3.41718185123641E-309	0.0	0.0	3.43060376428004E-309	-13434.992225125028	6.333270501662998E306	4.1944459182692443E306	4.56515285847946E306	8.118720106325299E305	2.6722267330561713E306	1	11	4	2	1
321000	-19031.181403034887	-3420.325387426005	-15610.85601560888	-3420.325387426005	4.888144368907727E306	2.437418972288303E307	0.7248625998195528	0.16742971099012433	2.4686444283539646	0.36392586065591337	0.16742971099012433	2.4686444283539646	0.36392586065591337	0.19339723494930644	4.51125203208462E-309	0.0	0.0	4.669112206390673E-309	-13434.407894903683	3.877154922999675E306	3.0094843686319536E306	1.4052809565942888E306	3.4382523894460434E306	8.138127329634252E306	1	14	1	2	1
322000	-19069.393290531025	-3423.6679639761774	-15645.725326554846	-3423.6679639761774	1.750094760626375E307	8.059984390505841E307	0.7248625998195528	0.07281256900328223	2.4686444283539646	0.4585430026427555	0.07281256900328223	2.4686444283539646	0.4585430026427555	0.2520857166256107	1.369682967610824E-309	0.0	0.0	1.43981665923809E-309	-13457.236490385962	2.51517980525472E307	1.3736662349161125E307	6.632354969089163E306	6.716674402651564E306	7.899975359332326E306	3	2	11	2	1
323000	-19069.762657456504	-3422.3779182997896	-15647.384739156714	-3422.3779182997896	2.7493557639559536E307	1.3212407408664999E308	0.7248625998195528	0.07281256900328223	2.4686444283539646	0.4585430026427555	0.07281256900328223	2.4686444283539646	0.4585430026427555	0.16128586591798078	6.47011817419505E-310	0.0	0.0	7.2476544184651E-310	-13466.165990051255	1.7732759440866778E307	1.3771129370082516E307	2.170684280714253E307	2.050121956251847E307	1.0847191499021843E307	1	6	7	4	1
324000	-19103.238957981604	-3434.2796852603183	-15668.959272721288	-3434.2796852603183	2.7305900774970143E307	1.455791622326322E308	0.7248625998195528	0.07281256900328223	2.4686444283539646	0.4585430026427555	0.07281256900328223	2.4686444283539646	0.4585430026427555	0.2407261755472597	6.68983611675035E-310	0.0	0.0	7.3826887418381E-310	-13468.436485065868	3.429183860538589E307	3.937720215929727E307	1.8172720207562478E307	4.316629955463067E307	3.0620557516674257E307	2	6	5	3	3
325000	-19067.86523083478	-3415.412050978326	-15652.453179856455	-3415.412050978326	2.8374413771604234E307	1.2549995989330675E308	0.7248625998195528	0.07281256900328223	2.4686444283539646	0.4585430026427555	0.07281256900328223	2.4686444283539646	0.4585430026427555	0.19351805586442034	8.86831449481707E-310	0.0	0.0	9.59116184742575E-310	-13459.971303596567	1.5991184457997144E307	3.1229721865355774E307	8.126081902209246E306	2.7582407909684613E307	1.7573852287953213E307	5	4	2	5	3
326000	-19078.92379151801	-3414.5709631283653	-15664.352828389643	-3414.5709631283653	5.052798385441494E307	Infinity	0.7248625998195528	0.07281256900328223	2.4686444283539646	0.4585430026427555	0.07281256900328223	2.4686444283539646	0.4585430026427555	0.23269277205867744	0.0	0.0	0.0	4.5105744109596E-310	-13476.708659356533	5.847173560164641E307	3.70983160000122E307	4.117721093530648E307	2.894712824104008E307	3.8463988148216615E307	3	4	9	1	2
327000	-19119.532578593833	-3429.930697414919	-15689.601881178914	-3429.930697414919	4.668154136673569E307	Infinity	0.7248625998195528	0.07281256900328223	2.4686444283539646	0.4585430026427555	0.07281256900328223	2.4686444283539646	0.4585430026427555	0.4129357008971765	0.0	0.0	0.0	5.65745465218213E-310	-13476.995246707796	7.362174828893943E307	3.6567062049070913E307	2.803950706352819E307	3.2307185375431106E307	2.8999021894094715E306	5	1	2	9	2
328000	-19084.903503601152	-3421.480342272791	-15663.423161328361	-3421.480342272791	2.367452891812648E307	1.3285618403982982E308	0.7248625998195528	0.07281256900328223	2.4686444283539646	0.4585430026427555	0.07281256900328223	2.4686444283539646	0.4585430026427555	0.22144409212509772	7.8011877548243E-310	0.0	0.0	7.72846815525275E-310	-13464.975955827618	1.7872202572636201E307	2.905006705873073E307	3.870857486186925E307	1.1988431949749087E308	3.338800861650665E307	3	2	9	1	4
329000	-19073.886748140485	-3421.906725927708	-15651.980022212776	-3421.906725927708	2.4884765446577584E307	1.3830482052218526E308	0.7248625998195528	0.07281256900328223	2.4686444283539646	0.4585430026427555	0.07281256900328223	2.4686444283539646	0.4585430026427555	0.2083869779500105	7.75834915795625E-310	0.0	0.0	8.3070767432627E-310	-13465.621700715295	1.899204245913376E307	1.358529406722752E307	2.9527623558411667E307	2.0554403111575624E307	2.0852864491250796E307	5	2	7	4	1
330000	-19069.3902751027	-3426.5172268869314	-15642.873048215772	-3426.5172268869314	1.4996990720501712E307	8.748162841284997E307	0.7248625998195528	0.07281256900328223	2.4686444283539646	0.4585430026427555	0.07281256900328223	2.4686444283539646	0.4585430026427555	0.23387456412633698	1.127310511446676E-309	0.0	0.0	1.16761371446457E-309	-13458.691731468336	1.1314922607726974E307	1.3873927388115012E307	1.5577656721299834E307	1.2108939751551324E307	7.647259275100233E306	5	3	3	7	1
331000	-19056.33137696178	-3427.214467179875	-15629.116909781907	-3427.214467179875	1.1116040949688078E307	5.885230132050675E307	0.7248625998195528	0.1579214193760634	2.4686444283539646	0.37343415226997434	0.1579214193760634	2.4686444283539646	0.37343415226997434	0.12546507373216376	1.563670899835227E-309	0.0	0.0	1.62343446343295E-309	-13456.843734386668	6.070170115964538E307	4.2866134386411086E307	1.5557234714082213E307	1.5926254612013313E307	5.1115552364996354E306	2	7	2	4	4
332000	-19079.42995054189	-3427.6223659379666	-15651.807584603925	-3427.6223659379666	1.1187890498316688E307	6.117087427449205E307	0.7248625998195528	0.1579214193760634	2.4686444283539646	0.37343415226997434	0.1579214193760634	2.4686444283539646	0.37343415226997434	0.3688243001596464	1.79179086442682E-309	0.0	0.0	1.850542502119137E-309	-13453.866555731078	2.163528330975425E307	2.350039470706726E307	8.527597094950488E306	9.330423909729409E306	5.2549732169981584E306	1	10	2	3	3
333000	-19077.385890758032	-3433.198993771219	-15644.186896986814	-3433.198993771219	2.4021027579939973E307	1.1067103832261464E308	0.7248625998195528	0.1579214193760634	2.4686444283539646	0.37343415226997434	0.1579214193760634	2.4686444283539646	0.37343415226997434	0.17508215270225672	8.30934917560304E-310	0.0	0.0	8.11099934659227E-310	-13461.670641582168	2.2885298455252075E307	1.8174693545538017E307	2.6491242335673346E307	2.1896163209063512E307	8.25996644677795E306	1	4	3	6	5
334000	-19063.666962204858	-3426.5944168280416	-15637.072545376815	-3426.5944168280416	1.1376753509493658E307	5.955657675710153E307	0.7248625998195528	0.1579214193760634	2.4686444283539646	0.37343415226997434	0.1579214193760634	2.4686444283539646	0.37343415226997434	0.2060624716785433	1.780615679110375E-309	0.0	0.0	1.64797176622801E-309	-13453.321685307994	2.683977782225355E307	2.4396650311233515E307	2.1064140094412673E307	1.3560366582016645E307	7.394279118099665E306	4	3	2	6	4
335000	-19080.144909197075	-3418.9490971514583	-15661.195812045618	-3418.9490971514583	3.14048506388696E307	1.7652406115368354E308	0.7248625998195528	0.10120325213335084	2.4686444283539646	0.4301523195126869	0.10120325213335084	2.4686444283539646	0.4301523195126869	0.20647764313732406	5.492060996944E-310	0.0	0.0	5.0309823833654E-310	-13477.14414646144	1.6654764592418716E307	1.0990966387285021E307	2.0573633324312578E307	1.4771601858178964E307	1.2281893302606143E307	12	2	1	1	3
336000	-19093.998335907418	-3429.7927974869735	-15664.205538420443	-3429.7927974869735	2.0918699012850216E307	1.2765956017750913E308	0.7248625998195528	0.10120325213335084	2.4686444283539646	0.4301523195126869	0.10120325213335084	2.4686444283539646	0.4301523195126869	0.27004574320988556	9.2087654824907E-310	0.0	0.0	1.01565500619554E-309	-13468.180574952725	5.572366250799142E307	2.460309711902311E307	2.68596640873115E307	7.381143415747871E306	1.2161423743457882E307	10	5	1	2	1
337000	-19115.668880084002	-3422.3575806175822	-15693.31129946642	-3422.3575806175822	5.04890655778418E307	Infinity	0.7248625998195528	0.10120325213335084	2.611574840120445	0.2872219077462065	0.10120325213335084	2.611574840120445	0.2872219077462065	0.3558033511995197	0.0	0.0	0.0	4.15798949398644E-310	-13476.85943242105	3.828692282695609E307	4.542351278770577E307	3.215323457626426E307	2.1918122200723129E307	1.1063047223697848E307	7	1	8	1	2
338000	-19061.270432017827	-3418.2344665108208	-15643.035965507008	-3418.2344665108208	2.3196269136588977E307	1.1530493280979681E308	0.7248625998195528	0.10120325213335084	2.611574840120445	0.2872219077462065	0.10120325213335084	2.611574840120445	0.2872219077462065	0.18535998625045597	9.1529685148448E-310	0.0	0.0	8.88208797345527E-310	-13462.016317548849	3.6394916273470976E307	1.910251177728362E307	2.44293167443408E307	1.708150681187983E307	1.3584272725566704E307	2	3	10	3	1
339000	-19063.034369112054	-3417.7827594722544	-15645.251609639801	-3417.7827594722544	1.811093739345296E307	9.681142406621065E307	0.7248625998195528	0.10120325213335084	2.611574840120445	0.2872219077462065	0.10120325213335084	2.611574840120445	0.2872219077462065	0.20091435202577068	1.160288785685473E-309	0.0	0.0	1.25388877094501E-309	-13460.344452204761	2.569449395658116E307	3.4074046453302566E307	2.6253697845183157E307	1.3788029563027972E307	1.1823938207471463E307	2	2	11	3	1
340000	-19066.349226178747	-3422.997898430163	-15643.351327748585	-3422.997898430163	1.3173144255535563E307	7.308498781665774E307	0.7248625998195528	0.10120325213335084	2.611574840120445	0.2872219077462065	0.10120325213335084	2.611574840120445	0.2872219077462065	0.24847619073294674	1.397317055700455E-309	0.0	0.0	1.38490120607418E-309	-13457.174779049654	4.473316203446218E307	2.9179861134275533E307	1.3011627047594859E307	1.087301304169951E307	1.1149413893720384E307	1	2	14	1	1
341000	-19044.23395213529	-3413.9720859449594	-15630.26186619033	-3413.9720859449594	2.4376783832731644E307	1.1871794418466597E308	0.7248625998195528	0.10120325213335084	2.611574840120445	0.2872219077462065	0.10120325213335084	2.611574840120445	0.2872219077462065	0.12555132064247576	9.0550710824596E-310	0.0	0.0	8.9049096124773E-310	-13463.181543788922	2.0688947179064606E307	1.4151909577895518E307	1.531689968833397E307	3.2561897586884487E307	2.5282209803915E307	3	5	4	3	4
342000	-19045.22248492295	-3419.181236602974	-15626.041248319974	-3419.181236602974	2.198027285556565E307	1.058670653787775E308	0.7248625998195528	0.10120325213335084	2.611574840120445	0.2872219077462065	0.10120325213335084	2.611574840120445	0.2872219077462065	0.09353319170664824	8.49090651703474E-310	0.0	0.0	8.55370614547233E-310	-13462.272984360494	4.2331806320188707E307	2.862986525667053E307	3.674588563237236E307	1.6065724798766911E307	1.6681297985961208E307	4	6	5	3	1
343000	-19054.227730540115	-3423.9823878375455	-15630.245342702568	-3423.9823878375455	1.104948634426995E307	5.82967109493822E307	0.7248625998195528	0.10120325213335084	2.611574840120445	0.2872219077462065	0.10120325213335084	2.611574840120445	0.2872219077462065	0.23888408098225708	1.666258373146973E-309	0.0	0.0	1.678210661822243E-309	-13450.61866321631	8.955500757795237E306	9.05586811679422E306	5.0678768626276254E306	4.052138229757668E306	2.0948110280422683E306	11	4	1	2	1
344000	-19056.36266530615	-3427.097777494083	-15629.264887812067	-3427.097777494083	2.294636480001944E307	1.3040389910917825E308	0.7248625998195528	0.10120325213335084	2.611574840120445	0.2872219077462065	0.10120325213335084	2.611574840120445	0.2872219077462065	0.11443064717289442	8.65644894120176E-310	0.0	0.0	8.5100813991058E-310	-13466.065392348442	3.3857787699201893E307	2.50086225235029E307	1.6277221684511644E307	4.5113268152962195E306	4.8032495599019487E306	2	13	2	1	1
345000	-19072.10815140089	-3419.982894173931	-15652.12525722696	-3419.982894173931	1.296256805501368E308	Infinity	0.7248625998195528	0.10120325213335084	2.611574840120445	0.2872219077462065	0.10120325213335084	2.611574840120445	0.2872219077462065	0.0887306662230832	0.0	0.0	0.0	1.3735452310941E-310	-13494.959770665588	1.0613299185561693E308	6.939747672548043E307	1.0635015874114683E308	9.991985492991373E307	5.459082092519634E307	1	3	3	7	5
346000	-19086.298759278816	-3422.954465628135	-15663.34429365068	-3422.954465628135	5.094051289779761E307	Infinity	0.7248625998195528	0.10120325213335084	2.503956589327157	0.3948401585394944	0.10120325213335084	2.503956589327157	0.3948401585394944	0.19436515283024794	0.0	0.0	0.0	4.44204568766046E-310	-13474.589998316835	3.6266662196894405E307	3.0143253039692195E307	3.8790075964036183E307	4.48505108126507E307	1.7378951226133738E307	1	9	5	2	2
347000	-19020.19904553277	-3418.8494358470066	-15601.349609685762	-3418.8494358470066	9.846673253651773E306	4.750462424482952E307	0.7248625998195528	0.10120325213335084	2.503956589327157	0.3948401585394944	0.10120325213335084	2.503956589327157	0.3948401585394944	0.09676465618119671	2.19695760340163E-309	0.0	0.0	2.17307335016552E-309	-13448.144635107215	2.701931094024481E307	1.1701079932141317E307	1.3254229870567357E307	6.768625212836591E306	3.670146189408602E306	3	2	5	5	4
348000	-19029.45661963844	-3426.8156944886964	-15602.640925149744	-3426.8156944886964	4.4301465846628526E306	1.893569422916731E307	0.7248625998195528	0.10120325213335084	2.503956589327157	0.3948401585394944	0.10120325213335084	2.503956589327157	0.3948401585394944	0.1299358288454014	6.0058624025021E-309	0.0	0.0	5.88768100364492E-309	-13430.140684437016	6.156363667472482E306	4.1214507261103156E306	4.3839578047894396E306	4.439989183144323E306	1.7696187721972156E307	1	3	1	12	2
349000	-19039.561770734403	-3419.1773973812137	-15620.384373353188	-3419.1773973812137	9.232313113059599E306	5.001089586578119E307	0.7248625998195528	0.10120325213335084	2.503956589327157	0.3948401585394944	0.10120325213335084	2.503956589327157	0.3948401585394944	0.17251708900678758	1.8956366126033E-309	0.0	0.0	1.928333009758156E-309	-13446.908532839674	9.881158397510009E306	1.1198445240110162E307	8.383580121396846E306	4.319888193495364E306	2.8168363034979975E306	9	3	4	1	2
350000	-19088.120002264357	-3418.1814454220485	-15669.938556842308	-3418.1814454220485	3.183582743626905E307	1.5158250737475814E308	0.7248625998195528	0.10120325213335084	2.503956589327157	0.3948401585394944	0.10120325213335084	2.503956589327157	0.3948401585394944	0.36862364571758516	6.1498075083672E-310	0.0	0.0	6.714571439844E-310	-13466.959005086892	3.761023975673558E307	2.8945262059796893E307	2.84601994548007E307	3.455189543195567E307	1.154675648526882E307	5	9	2	1	2
351000	-19089.321942133414	-3412.4391838466686	-15676.882758286747	-3412.4391838466686	4.76455664762201E307	1.704261512688726E308	0.7248625998195528	0.10120325213335084	2.503956589327157	0.3948401585394944	0.10120325213335084	2.503956589327157	0.3948401585394944	0.3701843902181773	5.3840148651028E-310	0.0	0.0	6.62710905878196E-310	-13464.521915662786	1.6111264895225253E307	3.5149847433964354E307	4.357195272061766E307	7.617214163642803E307	2.0427631002253372E307	7	5	3	3	1
352000	-19108.334392538094	-3419.9195528177	-15688.414839720394	-3419.9195528177	3.913744989317522E307	1.7446308415329298E308	0.7248625998195528	0.10120325213335084	2.503956589327157	0.3948401585394944	0.10120325213335084	2.503956589327157	0.3948401585394944	0.3497536204430439	6.21169275695553E-310	0.0	0.0	6.61295192474764E-310	-13467.803766866939	1.8461283624677602E307	1.531640199797555E307	7.944266177333865E307	3.338348564549941E307	2.516162910575985E307	3	7	1	2	6
353000	-19092.790555686934	-3413.743679938206	-15679.046875748727	-3413.743679938206	3.3144106066563033E307	1.5362550929732821E308	0.7248625998195528	0.10120325213335084	2.503956589327157	0.3948401585394944	0.10120325213335084	2.503956589327157	0.3948401585394944	0.44998024473512993	6.5784707331422E-310	0.0	0.0	7.7974094315817E-310	-13465.462267096555	1.985643921787038E307	2.0101287220064935E307	5.242604653153817E307	3.035491257680883E307	1.368513061566508E307	1	6	5	4	3
354000	-19099.05193006542	-3428.946053319988	-15670.10587674543	-3428.946053319988	4.368608929997108E307	Infinity	0.7248625998195528	0.10120325213335084	2.503956589327157	0.3948401585394944	0.10120325213335084	2.503956589327157	0.3948401585394944	0.20630933869530088	0.0	0.0	0.0	4.03242866879185E-310	-13481.69295877491	4.164231318630137E307	2.660005144335931E307	4.912392157123128E307	3.1828818870390473E307	2.3890310312640604E307	3	3	3	6	4
355000	-19094.530188435907	-3422.1492402519107	-15672.380948183998	-3422.1492402519107	4.44282030058964E307	Infinity	0.7248625998195528	0.06873124711154757	2.503956589327157	0.42731216356129764	0.06873124711154757	2.503956589327157	0.42731216356129764	0.1981969333437041	0.0	0.0	0.0	3.09186651113877E-310	-13481.04996993474	3.122660964197267E307	3.8043692456785847E307	4.901393003279199E307	2.6374095427282347E307	1.1272790022262295E307	4	7	4	3	1
356000	-19113.90947380267	-3426.9051633378317	-15687.004310464836	-3426.9051633378317	6.475967445830689E307	Infinity	0.7248625998195528	0.06873124711154757	2.503956589327157	0.42731216356129764	0.06873124711154757	2.503956589327157	0.42731216356129764	0.25741305029194944	0.0	0.0	0.0	2.78198018633655E-310	-13485.131287866077	6.077420948606048E307	9.855995016978857E307	1.1624348802664633E308	4.915966135207613E307	2.715134681162303E307	10	6	1	1	1
357000	-19097.50808398332	-3418.891061780953	-15678.617022202367	-3418.891061780953	8.737508252250077E307	Infinity	0.7248625998195528	0.06873124711154757	2.503956589327157	0.42731216356129764	0.06873124711154757	2.503956589327157	0.42731216356129764	0.1553096003299669	0.0	0.0	0.0	1.8608853041291E-310	-13494.961752387353	1.1066030034989096E308	1.0708077574659045E308	9.44308574378314E307	1.2087187351024474E308	6.723703970954701E307	8	5	1	1	4
358000	-19143.971730574434	-3429.0052327773465	-15714.966497797086	-3429.0052327773465	6.60679456939522E307	Infinity	0.7248625998195528	0.06873124711154757	2.5872510545179725	0.3440176983704818	0.06873124711154757	2.5872510545179725	0.3440176983704818	0.418103977763861	0.0	0.0	0.0	2.1803629207694E-310	-13483.795908879625	4.963940767120881E307	9.98256419127052E307	7.852492836193569E307	1.4256668418463202E308	6.457087742035405E307	5	6	1	3	4
359000	-19119.716101964794	-3426.1971200651055	-15693.518981899688	-3426.1971200651055	3.099999702051939E307	Infinity	0.7248625998195528	0.06873124711154757	2.5872510545179725	0.3440176983704818	0.06873124711154757	2.5872510545179725	0.3440176983704818	0.4297253198944358	0.0	0.0	0.0	3.41069860278495E-310	-13478.307766643718	3.66371208748867E307	7.453662130004239E307	5.501755117622711E307	1.3544673155174304E308	9.414870614995462E307	3	3	8	3	2
360000	-19136.41313654885	-3425.0708777935906	-15711.342258755261	-3425.0708777935906	7.655278471312413E307	Infinity	0.7248625998195528	0.06873124711154757	2.5872510545179725	0.3440176983704818	0.06873124711154757	2.5872510545179725	0.3440176983704818	0.37544708638094654	0.0	0.0	0.0	2.475691712433E-310	-13488.80417353546	1.1007305928478375E308	1.2091085412304234E308	6.199102733223458E307	9.731430753975542E307	5.289942106069714E307	3	10	1	1	4
361000	-19111.614400583578	-3433.883740295423	-15677.730660288154	-3433.883740295423	4.2211997380690807E307	Infinity	0.7248625998195528	0.22515991602229707	2.430822385607223	0.3440176983704818	0.22515991602229707	2.430822385607223	0.3440176983704818	0.24039605263027305	0.0	0.0	0.0	3.58882995516376E-310	-13479.2136156433	1.3980167928938712E308	6.809949290020445E307	6.186169312611656E307	6.889835906854943E307	1.2654009072903854E307	3	2	8	3	3
362000	-19121.466935651868	-3421.6358304953474	-15699.83110515652	-3421.6358304953474	7.909887637578283E307	Infinity	0.7248625998195528	0.22515991602229707	2.430822385607223	0.3440176983704818	0.22515991602229707	2.430822385607223	0.3440176983704818	0.37079783501478536	0.0	0.0	0.0	2.2462689161388E-310	-13486.587217767516	2.7149730442579825E307	4.794698283235049E307	1.7016589754293492E308	1.2441780274710407E308	2.370337797891023E307	2	6	3	4	4
363000	-19119.87214089008	-3426.5550191589996	-15693.31712173108	-3426.5550191589996	4.2700279424241504E307	Infinity	0.7248625998195528	0.14884008467653073	2.430822385607223	0.42033752971624816	0.14884008467653073	2.430822385607223	0.42033752971624816	0.34228923559769997	0.0	0.0	0.0	3.20141702527793E-310	-13481.079252779642	5.199954589098408E307	1.1519458835629245E308	9.25535859619014E307	1.323116307042026E308	2.0269022309181114E307	2	7	4	2	4
364000	-19107.09012789058	-3427.5953763600523	-15679.494751530527	-3427.5953763600523	5.247878445304476E307	Infinity	0.7248625998195528	0.14884008467653073	2.430822385607223	0.42033752971624816	0.14884008467653073	2.430822385607223	0.42033752971624816	0.24309884150241579	0.0	0.0	0.0	3.4976451068723E-310	-13481.843409679292	5.91616892997193E307	5.199247340636429E307	8.95756696821341E307	1.3636862440207654E308	4.792112948808706E307	2	3	4	6	4
365000	-19057.113702831743	-3422.6061781158164	-15634.507524715928	-3422.6061781158164	4.372204044631652E307	Infinity	0.7248625998195528	0.14884008467653073	2.430822385607223	0.42033752971624816	0.14884008467653073	2.430822385607223	0.42033752971624816	0.11047285114949945	0.0	0.0	0.0	5.20557340929926E-310	-13473.787477553022	2.267960615668695E307	2.969119552384338E307	4.2374705448174654E307	4.920462354022391E307	1.3029303004566353E307	2	8	1	6	2
366000	-19077.21126191884	-3423.005135523642	-15654.206126395198	-3423.005135523642	4.674043397560582E307	Infinity	0.7248625998195528	0.14884008467653073	2.430822385607223	0.42033752971624816	0.14884008467653073	2.430822385607223	0.42033752971624816	0.1557973553997945	0.0	0.0	0.0	4.1104882136495E-310	-13475.911118033493	2.7015461982793644E307	8.285183095229588E307	2.961881440819406E307	5.731508661787151E307	1.952424110773185E307	1	2	7	6	3
367000	-19103.331887979886	-3426.8728432387766	-15676.45904474111	-3426.8728432387766	4.581444670239985E307	Infinity	0.7248625998195528	0.14884008467653073	2.430822385607223	0.42033752971624816	0.14884008467653073	2.430822385607223	0.42033752971624816	0.26815952744367577	0.0	0.0	0.0	4.25159035383115E-310	-13477.480619940923	1.6783380934065533E307	4.2005362861071964E307	4.962880859409916E307	4.514892930720098E307	9.073965630676954E307	3	4	7	4	1
368000	-19082.032989997904	-3428.4291410822498	-15653.603848915654	-3428.4291410822498	4.03355462542096E307	Infinity	0.7248625998195528	0.14884008467653073	2.430822385607223	0.42033752971624816	0.14884008467653073	2.430822385607223	0.42033752971624816	0.12987544691423406	0.0	0.0	0.0	3.78681864326E-310	-13477.99549458777	6.307325301476748E307	6.368586415203125E307	8.260198020847347E307	7.749869259651393E307	2.3549776158853727E307	3	3	6	4	3
369000	-19071.76997136075	-3431.380405328424	-15640.389566032325	-3431.380405328424	8.846288965299153E307	Infinity	0.7248625998195528	0.14884008467653073	2.311379283060269	0.5397806322632022	0.14884008467653073	2.311379283060269	0.5397806322632022	0.08898026261079256	0.0	0.0	0.0	2.2742109932407E-310	-13485.548525067892	9.977251566154905E307	5.718041196538694E307	1.1958126222112056E308	6.580097854347116E307	2.753798782586721E307	2	5	5	4	3
370000	-19117.467624266887	-3431.609563183975	-15685.858061082912	-3431.609563183975	1.1800376124287392E308	Infinity	0.7248625998195528	0.08282464733911242	2.311379283060269	0.6057960696006205	0.08282464733911242	2.311379283060269	0.6057960696006205	0.25207194432750596	0.0	0.0	0.0	1.7148908719447E-310	-13489.637927043961	5.267755175883884E307	9.034860895438387E307	1.1403095152470148E308	6.806812428949021E307	1.3030079735612888E308	3	4	9	1	2
371000	-19103.73244795014	-3426.937089139296	-15676.795358810845	-3426.937089139296	8.262842325162398E307	Infinity	0.7248625998195528	0.08282464733911242	2.311379283060269	0.6057960696006205	0.08282464733911242	2.311379283060269	0.6057960696006205	0.19878278498689875	0.0	0.0	0.0	1.7963678428316E-310	-13489.367659678575	6.978021503079845E307	4.803812856597682E307	1.056443687290534E308	1.4253055512059936E308	3.3944939361943464E307	5	2	6	2	4
372000	-19091.673300106417	-3426.8825832143325	-15664.790716892083	-3426.8825832143325	5.379192960790564E307	Infinity	0.5320311940351795	0.08282464733911242	2.311379283060269	0.6057960696006205	0.08282464733911242	2.311379283060269	0.6057960696006205	0.2227602188663437	0.0	0.0	0.0	3.76181911964435E-310	-13482.590288259114	6.234549132439545E307	4.837576939396879E307	5.491034145708036E307	3.4712561215675594E307	7.000947387796689E307	12	1	2	1	3
373000	-19106.638116238937	-3422.097702836649	-15684.540413402288	-3422.097702836649	1.1577673152002352E308	Infinity	0.5320311940351795	0.24999789906002068	2.311379283060269	0.43862281787971225	0.24999789906002068	2.311379283060269	0.43862281787971225	0.22227681027751917	0.0	0.0	0.0	1.94230563973287E-310	-13494.004586832792	1.735720342698564E308	1.1562602344862943E308	1.1625911889736433E308	7.093745405730056E307	7.381779775329034E307	1	1	7	3	7
374000	-19093.432518388632	-3433.2473638108822	-15660.185154577752	-3433.2473638108822	6.15948539848822E307	Infinity	0.5320311940351795	0.24999789906002068	2.311379283060269	0.43862281787971225	0.24999789906002068	2.311379283060269	0.43862281787971225	0.1626803776490587	0.0	0.0	0.0	3.4493136558316E-310	-13483.648586420604	1.7878927927598634E308	1.0896589794957445E308	4.0647734602600296E307	5.563690037245922E307	2.6161165002342414E307	4	4	1	8	2
375000	-19113.17108084791	-3427.9524315744484	-15685.218649273464	-3427.9524315744484	1.120093881978826E308	Infinity	0.5320311940351795	0.03655910086403755	2.524818081256252	0.43862281787971225	0.03655910086403755	2.524818081256252	0.43862281787971225	0.20984042330499864	0.0	0.0	0.0	1.3756584491929E-310	-13494.969053026582	1.380077139219287E308	1.4056323622970102E308	9.503257968247435E307	1.0027382797691327E308	4.521801086761361E307	1	3	3	10	2
376000	-19116.76753237808	-3423.321975036597	-15693.445557341482	-3423.321975036597	1.0433201746717822E308	Infinity	0.7096428176735354	0.03655910086403755	2.684562521454775	0.2788783776811893	0.03655910086403755	2.684562521454775	0.2788783776811893	0.31047630657561387	0.0	0.0	0.0	1.6374811238375E-310	-13492.71882181868	1.6597904204739893E308	9.122042926281039E307	1.2213919383478923E308	7.46048921704892E307	2.6573833900695194E307	1	8	7	1	2
377000	-19127.231768576487	-3423.4522449560027	-15703.779523620482	-3423.4522449560027	5.394735105650247E307	Infinity	0.7096428176735354	0.20972820083437804	2.5113934214844345	0.2788783776811893	0.20972820083437804	2.5113934214844345	0.2788783776811893	0.4217711328424949	0.0	0.0	0.0	2.5130787993741E-310	-13481.914453849897	5.904741827756104E307	8.788491004321747E307	9.942892451307061E307	7.437766527195017E307	4.917698926456785E307	6	4	1	4	4
378000	-19128.99692382812	-3417.7639476046747	-15711.232976223444	-3417.7639476046747	8.904609498715604E307	Infinity	0.7096428176735354	0.20972820083437804	2.5113934214844345	0.2788783776811893	0.20972820083437804	2.5113934214844345	0.2788783776811893	0.45998644511786335	0.0	0.0	0.0	1.6667521874114E-310	-13491.830663408664	1.0575560050456511E308	7.144301157646355E307	1.3410098954232946E308	4.295325724370008E307	2.6422158826381577E307	6	5	4	1	3
379000	-19137.717274276536	-3423.0530836023363	-15714.664190674199	-3423.0530836023363	9.960720768013252E307	Infinity	0.7096428176735354	0.0680098618661853	2.5113934214844345	0.42059671664938203	0.0680098618661853	2.5113934214844345	0.42059671664938203	0.4515922642162082	0.0	0.0	0.0	1.2925976881663E-310	-13495.228896612465	7.970859356667313E307	4.3809906102675867E307	1.086881619082209E308	6.416495829235698E307	5.240438358077986E307	9	1	5	1	3
380000	-19139.23716213238	-3430.979972339277	-15708.257189793103	-3430.979972339277	7.184930712751975E307	Infinity	0.7951755563641157	0.0680098618661853	2.5113934214844345	0.42059671664938203	0.0680098618661853	2.5113934214844345	0.42059671664938203	0.3790041616225421	0.0	0.0	0.0	1.7000314910304E-310	-13488.811995887945	1.2253930678627073E308	8.398009902147413E307	4.686959074044215E307	6.434904779613274E307	2.6683264557359765E307	3	2	2	9	3
381000	-19105.152754110408	-3425.277600620597	-15679.87515348981	-3425.277600620597	4.725530402999845E307	Infinity	0.7951755563641157	0.19508900952155342	2.3843142738290664	0.42059671664938203	0.19508900952155342	2.3843142738290664	0.42059671664938203	0.21187225011775696	0.0	0.0	0.0	2.87811180575295E-310	-13485.101130464187	8.20659377336098E307	9.091847558662391E307	9.899289900679963E307	7.620382950835688E307	3.8284060140829434E307	4	1	10	1	3
382000	-19099.749793806273	-3419.215978231268	-15680.533815575007	-3419.215978231268	6.244892177339727E307	Infinity	0.7951755563641157	0.19508900952155342	2.3843142738290664	0.42059671664938203	0.19508900952155342	2.3843142738290664	0.42059671664938203	0.35294096592142193	0.0	0.0	0.0	3.5149279355873E-310	-13484.431944135595	7.55054747685607E307	4.169666045942693E307	1.757199577164381E307	1.9310649129687368E307	9.896667847274482E306	15	1	1	1	1
383000	-19086.470315553448	-3422.1051844322837	-15664.365131121163	-3422.1051844322837	6.182304549648752E307	Infinity	0.7951755563641157	0.19508900952155342	2.2486327134283615	0.556278277050087	0.19508900952155342	2.2486327134283615	0.556278277050087	0.2234379793432173	0.0	0.0	0.0	3.84353226172577E-310	-13479.496202946359	6.601010794203516E307	3.910986857570526E307	2.0738362175359669E307	1.1239981293971566E307	7.816240569658413E306	15	1	1	1	1
384000	-19069.250591980028	-3427.4803571603506	-15641.770234819676	-3427.4803571603506	2.8839596821777163E307	1.4964035718604407E308	0.7951755563641157	0.19508900952155342	2.2486327134283615	0.556278277050087	0.19508900952155342	2.2486327134283615	0.556278277050087	0.14814950255381165	7.155111072126E-310	0.0	0.0	7.1033620295026E-310	-13467.44361498101	5.150479668859515E307	1.4380880829755557E307	7.480007122706039E306	7.978612458281748E306	1.130910957015738E307	15	1	1	1	1
385000	-19060.21316754716	-3422.366718700058	-15637.846448847102	-3422.366718700058	1.5801677745439682E307	1.0610969167438982E308	0.7951755563641157	0.19508900952155342	2.2486327134283615	0.556278277050087	0.19508900952155342	2.2486327134283615	0.556278277050087	0.14301203356852366	9.8216923479827E-310	0.0	0.0	9.8316942056732E-310	-13460.757298080194	2.1608748845395818E307	2.3513125280486467E307	1.2908277942515689E307	2.635185036711538E306	1.9509865606324198E306	13	3	1	1	1
386000	-19103.448188399492	-3443.3487678793617	-15660.09942052013	-3443.3487678793617	2.733763816266895E307	1.2614909203117204E308	0.7951755563641157	0.19508900952155342	2.12900109689261	0.6759098935858382	0.19508900952155342	2.12900109689261	0.6759098935858382	0.2842841363527599	6.2900741741278E-310	0.0	0.0	6.56495869312274E-310	-13464.541827127137	3.363340371406398E307	2.3166033236328033E307	2.0191497433071247E307	2.6855511735698118E306	4.0254388532692237E306	9	1	7	1	1
387000	-19102.302260539996	-3426.004350583799	-15676.297909956196	-3426.004350583799	3.432875606268741E307	1.4683124270693542E308	0.7951755563641157	0.19508900952155342	2.2121847170871236	0.5927262733913248	0.19508900952155342	2.2121847170871236	0.5927262733913248	0.3181733666382025	6.88611076585583E-310	0.0	0.0	6.50597178666393E-310	-13467.247393289605	3.51458259214163E307	1.8069095284256728E307	2.1398176329195666E307	2.697531333165022E307	6.708129920365793E307	3	8	2	5	1
388000	-19103.774412838902	-3428.19740966352	-15675.577003175384	-3428.19740966352	3.1266888874280317E307	Infinity	0.7951755563641157	0.19508900952155342	2.2121847170871236	0.5927262733913248	0.19508900952155342	2.2121847170871236	0.5927262733913248	0.28083114388720787	0.0	0.0	0.0	5.20766536805116E-310	-13471.952076434583	4.0179514073432757E307	3.123283807771138E307	2.432882073100143E307	9.564677085676479E306	1.1459923293912837E307	3	13	1	1	1
389000	-19067.702702363164	-3422.6900328918287	-15645.012669471336	-3422.6900328918287	1.2316992889444332E307	5.726956503989589E307	0.7951755563641157	0.19508900952155342	2.2121847170871236	0.5927262733913248	0.19508900952155342	2.2121847170871236	0.5927262733913248	0.2017339769395207	1.69536572023736E-309	0.0	0.0	1.651306602671167E-309	-13456.690943246456	6.78185612785722E307	7.559570833683597E307	1.7350866280163224E307	1.642964187182722E307	1.206907866866324E307	2	3	4	8	2
390000	-19080.72928696381	-3425.8532762563955	-15654.876010707416	-3425.8532762563955	2.7373311663845165E307	1.7130086249342876E308	0.7951755563641157	0.19508900952155342	2.2121847170871236	0.5927262733913248	0.19508900952155342	2.2121847170871236	0.5927262733913248	0.19531115633023288	5.96438853803475E-310	0.0	0.0	5.7469221485069E-310	-13470.814155062933	4.96179527135038E307	3.3017640860733546E307	3.8634163401111693E307	2.683643318014416E307	6.791436772940907E306	2	9	4	2	2
391000	-19074.42409832318	-3422.096168144739	-15652.327930178439	-3422.096168144739	6.520094218874522E307	Infinity	0.7951755563641157	0.0788061226552664	2.3284676039534107	0.5927262733913248	0.0788061226552664	2.3284676039534107	0.5927262733913248	0.1265285398374692	0.0	0.0	0.0	3.33278154632993E-310	-13481.60880874378	4.253080227727824E307	3.541171076592443E307	3.9785643794248335E307	3.3417712535076574E307	2.9523820371809093E307	8	2	5	2	2
392000	-19076.48589837315	-3422.6437928900473	-15653.842105483101	-3422.6437928900473	5.969613575338647E307	Infinity	0.7951755563641157	0.0788061226552664	2.3284676039534107	0.5927262733913248	0.0788061226552664	2.3284676039534107	0.5927262733913248	0.12047308104061795	0.0	0.0	0.0	3.09100592399795E-310	-13481.00373662639	4.624196948617553E307	2.986245529358296E307	8.118329679370179E307	5.288195358774079E307	8.761524244835307E307	5	3	1	9	1
393000	-19066.93761763324	-3421.8473934009958	-15645.090224232246	-3421.8473934009958	4.3883352917971365E307	Infinity	0.7951755563641157	0.0788061226552664	2.3284676039534107	0.5927262733913248	0.0788061226552664	2.3284676039534107	0.5927262733913248	0.13502405017717864	0.0	0.0	0.0	3.83348232341297E-310	-13476.990159317704	7.012874129814413E307	4.150571464623468E307	8.620736644263946E307	1.0847002720267305E308	4.970532105996185E307	2	6	5	2	4
394000	-19075.07496572591	-3417.9557630116005	-15657.119202714312	-3417.9557630116005	9.04049373739165E307	Infinity	0.7951755563641157	0.0788061226552664	2.3284676039534107	0.5927262733913248	0.0788061226552664	2.3284676039534107	0.5927262733913248	0.14035957496185236	0.0	0.0	0.0	2.66452329722364E-310	-13485.129572514306	3.9770856004587776E307	6.443689461363084E307	3.9253811511972694E307	7.217342387578115E307	7.540153327667454E307	2	1	1	14	1
395000	-19114.23005610038	-3435.2449989213283	-15678.98505717905	-3435.2449989213283	7.202229930927633E307	Infinity	0.7951755563641157	0.0788061226552664	2.3284676039534107	0.5927262733913248	0.0788061226552664	2.3284676039534107	0.5927262733913248	0.21535321430759374	0.0	0.0	0.0	2.79715260080853E-310	-13486.00983883273	8.078663366234923E307	4.1904842857982314E307	7.132710765371996E307	7.65406008054211E307	4.1160097170071415E307	1	1	11	4	2
396000	-19086.894559469296	-3421.40375616757	-15665.490803301727	-3421.40375616757	3.6623972114018605E307	Infinity	0.7951755563641157	0.0788061226552664	2.632582147963758	0.28861172938097734	0.0788061226552664	2.632582147963758	0.28861172938097734	0.2275269981978711	0.0	0.0	0.0	4.3221567274181E-310	-13475.510737451315	4.586311487083083E307	4.178570444116225E307	2.7439742675718266E307	2.6268811065589927E307	4.512624015248573E307	1	3	6	3	6
397000	-19062.53517806015	-3419.1043165182073	-15643.430861541943	-3419.1043165182073	1.5613003819040983E307	7.488670792192423E307	0.7951755563641157	0.0788061226552664	2.632582147963758	0.28861172938097734	0.0788061226552664	2.632582147963758	0.28861172938097734	0.2217109674214217	1.167372283821886E-309	0.0	0.0	1.31064051722408E-309	-13454.074005343336	1.2508440949092805E307	1.0063423055857238E307	1.4682939226247045E307	6.984983430828526E306	1.471412300762508E307	5	5	5	3	1
398000	-19059.549445216202	-3420.0333622393155	-15639.516082976887	-3420.0333622393155	1.1534310547490167E307	5.832589564678496E307	0.7951755563641157	0.0788061226552664	2.632582147963758	0.28861172938097734	0.0788061226552664	2.632582147963758	0.28861172938097734	0.22922539734107483	1.531364845125683E-309	0.0	0.0	1.607324872831425E-309	-13451.021138434524	1.354184016616338E307	2.0042005431375315E307	1.3863242247696405E307	7.35431489858797E306	1.007386738154101E307	6	8	1	1	3
399000	-19063.22042753622	-3419.1429325707863	-15644.077494965433	-3419.1429325707863	2.7208872171838303E307	1.3729705608277471E308	0.7951755563641157	0.0788061226552664	2.632582147963758	0.28861172938097734	0.0788061226552664	2.632582147963758	0.28861172938097734	0.18268906642476368	6.91506872139652E-310	0.0	0.0	7.4209595882413E-310	-13465.568878248307	1.9487159801460612E307	2.8210383761451116E307	3.4677877654610346E307	3.9754697729113406E307	1.8622529287400757E307	9	3	1	4	2
400000	-19101.58537889007	-3418.438930472643	-15683.14644841743	-3418.438930472643	2.1543422051276875E307	1.4874837744806341E308	0.7951755563641157	0.0788061226552664	2.632582147963758	0.28861172938097734	0.0788061226552664	2.632582147963758	0.28861172938097734	0.36931146239236834	6.4970637222458E-310	0.0	0.0	5.3632568112865E-310	-13469.676381804275	4.1758014534813305E307	3.977296125244071E307	2.543854303749057E307	4.814704056275122E307	1.206158877684832E307	1	10	1	5	2
401000	-19085.800488603065	-3421.722081708322	-15664.078406894741	-3421.722081708322	5.188896178195243E307	Infinity	0.7951755563641157	0.0788061226552664	2.632582147963758	0.28861172938097734	0.0788061226552664	2.632582147963758	0.28861172938097734	0.20354130006202786	0.0	0.0	0.0	4.43690024938054E-310	-13476.48167183762	5.236945278931372E307	6.422613597345408E307	2.4803056106875217E307	5.162253159927918E307	3.969107292703418E307	10	3	1	3	2
402000	-19063.213580246127	-3423.5337467027653	-15639.679833543363	-3423.5337467027653	3.9066773310269284E307	Infinity	0.7951755563641157	0.0788061226552664	2.632582147963758	0.28861172938097734	0.0788061226552664	2.632582147963758	0.28861172938097734	0.1417981017918281	0.0	0.0	0.0	5.4442585223424E-310	-13471.269845941199	2.1921392432068963E307	2.0342653943741662E307	2.4487616902234764E307	4.1777538289365405E307	3.659687926037821E307	11	1	1	3	3
403000	-19075.067403573154	-3439.2223226652054	-15635.84508090795	-3439.2223226652054	5.208119574542464E307	Infinity	0.7951755563641157	0.0788061226552664	2.632582147963758	0.28861172938097734	0.0788061226552664	2.632582147963758	0.28861172938097734	0.07956370004450491	0.0	0.0	0.0	3.67495847110885E-310	-13477.10270420127	1.1235669105596428E308	2.800624754486892E307	5.150321585200935E307	2.252420991688161E307	1.1489417631136946E307	2	1	12	2	2
404000	-19085.637168278066	-3421.2013612939045	-15664.435806984162	-3421.2013612939045	1.825621746806346E307	1.1151930596505232E308	0.7951755563641157	0.0788061226552664	2.632582147963758	0.28861172938097734	0.0788061226552664	2.632582147963758	0.28861172938097734	0.32485417493055524	9.1234483888504E-310	0.0	0.0	8.35301773859226E-310	-13462.683566042677	2.427979101122009E307	1.7057535983891748E307	2.9846544048009925E307	2.562365382064373E307	5.957039592390758E306	2	1	10	3	3
405000	-19128.336224980016	-3433.2319934256097	-15695.104231554407	-3433.2319934256097	4.261656170763928E307	Infinity	0.7951755563641157	0.0788061226552664	2.632582147963758	0.28861172938097734	0.0788061226552664	2.632582147963758	0.28861172938097734	0.3661581359688676	0.0	0.0	0.0	3.4967866369948E-310	-13479.232541185216	4.282205425329473E307	3.706155285113114E307	8.132195585330652E307	9.257475109972816E307	5.818594596175778E307	3	1	8	4	3
406000	-19108.972975069395	-3415.350474600202	-15693.622500469191	-3415.350474600202	1.0550861043068957E308	Infinity	0.7951755563641157	0.0788061226552664	2.632582147963758	0.28861172938097734	0.0788061226552664	2.632582147963758	0.28861172938097734	0.2868785663657943	0.0	0.0	0.0	2.15747488051625E-310	-13493.963495457338	5.866979899689474E307	5.79743658559718E307	7.982164204926761E307	9.724887458945829E307	8.777296578025878E307	5	4	2	5	3
407000	-19106.8130261652	-3427.1989819628684	-15679.614044202333	-3427.1989819628684	8.390177276231976E307	Infinity	0.7951755563641157	0.0788061226552664	2.632582147963758	0.28861172938097734	0.0788061226552664	2.632582147963758	0.28861172938097734	0.1833704234202755	0.0	0.0	0.0	2.7600322960187E-310	-13490.092613969062	4.035403850620648E307	5.628753554723251E307	1.4300044483664614E308	1.4143175735506883E308	1.2037692300881096E308	1	4	3	3	8
408000	-19137.25415195003	-3428.5198823688347	-15708.734269581195	-3428.5198823688347	1.2404304239244341E308	Infinity	0.7951755563641157	0.0788061226552664	2.632582147963758	0.28861172938097734	0.0788061226552664	2.632582147963758	0.28861172938097734	0.321388630874902	0.0	0.0	0.0	1.4786826592664E-310	-13493.086464394239	1.0505736046903177E308	7.693039780024009E307	1.060243734738424E308	5.380961769567522E307	1.2494828341381712E308	1	3	4	2	9
409000	-19082.377978938228	-3419.6327599876595	-15662.74521895057	-3419.6327599876595	1.2474244881143253E308	Infinity	0.7951755563641157	0.0788061226552664	2.632582147963758	0.28861172938097734	0.0788061226552664	2.632582147963758	0.28861172938097734	0.11328025862392888	0.0	0.0	0.0	1.58827643659103E-310	-13493.520760954478	1.4578101950141842E308	5.362168358544831E307	8.191058527341432E307	7.220305151029316E307	4.527048450192347E307	1	6	6	4	2
410000	-19057.954902757534	-3425.6094302511156	-15632.34547250642	-3425.6094302511156	6.530154776410388E307	Infinity	0.7951755563641157	0.0788061226552664	2.632582147963758	0.28861172938097734	0.0788061226552664	2.632582147963758	0.28861172938097734	0.05694734186446797	0.0	0.0	0.0	2.53742360346E-310	-13485.18672610551	7.135601371950158E307	4.3357089598522574E307	5.303539673223008E307	1.1086706163456897E308	9.072758934042903E307	3	3	1	9	3
411000	-19111.639835204584	-3429.056627708246	-15682.583207496338	-3429.056627708246	7.591408052663861E307	Infinity	0.7951755563641157	0.0788061226552664	2.632582147963758	0.28861172938097734	0.0788061226552664	2.632582147963758	0.28861172938097734	0.2507145684888039	0.0	0.0	0.0	2.2663789502366E-310	-13489.014727767906	8.575347763924125E307	1.3452014537620331E308	1.0048356606854571E308	2.7125261170193566E307	3.9482936709204225E307	13	1	2	2	1
412000	-19127.257276773496	-3434.4077109560894	-15692.849565817405	-3434.4077109560894	1.462339672268859E308	Infinity	0.7951755563641157	0.0788061226552664	2.560639570148667	0.36055430719606835	0.0788061226552664	2.560639570148667	0.36055430719606835	0.26755208608747566	0.0	0.0	0.0	1.3336414434394E-310	-13496.52950918866	6.812894427019629E307	9.388731754843954E307	1.5891286185911768E308	6.467634633948506E307	8.448392296562912E307	1	9	5	2	2
413000	-19103.27697058415	-3427.1178912928317	-15676.159079291316	-3427.1178912928317	8.219963465482148E307	Infinity	0.7951755563641157	0.0788061226552664	2.560639570148667	0.36055430719606835	0.0788061226552664	2.560639570148667	0.36055430719606835	0.2211941172262348	0.0	0.0	0.0	2.5520381999166E-310	-13483.26486242721	9.64755145050449E307	7.705972139453391E307	6.169548069920375E307	2.3590985287311807E307	5.231715141496104E307	1	3	11	3	1
414000	-19092.38104212292	-3427.5385986167025	-15664.842443506219	-3427.5385986167025	9.995584535387197E307	Infinity	0.7951755563641157	0.0788061226552664	2.560639570148667	0.36055430719606835	0.0788061226552664	2.560639570148667	0.36055430719606835	0.12696672653207922	0.0	0.0	0.0	2.8474111173293E-310	-13487.830423811254	5.300043071779292E307	1.396148466201098E308	9.809755887193513E307	1.1205785892804507E308	1.2059132668369787E308	4	7	4	1	3
415000	-19070.658076267056	-3425.6644300387006	-15644.993646228355	-3425.6644300387006	1.76184334916681E308	Infinity	0.7951755563641157	0.0788061226552664	2.560639570148667	0.36055430719606835	0.0788061226552664	2.560639570148667	0.36055430719606835	0.06437168037451058	0.0	0.0	0.0	1.11337160138024E-310	-13501.312233405726	1.6899434702494727E308	7.860996951178324E307	9.842085941377447E307	9.411253575213072E307	8.662988478338055E307	5	2	3	6	3
416000	-19066.920738117005	-3430.1617934696333	-15636.75894464737	-3430.1617934696333	1.2018720084742155E308	Infinity	0.7951755563641157	0.0788061226552664	2.560639570148667	0.36055430719606835	0.0788061226552664	2.560639570148667	0.36055430719606835	0.05808407529471128	0.0	0.0	0.0	2.23942410281837E-310	-13494.088879930147	7.901211381743209E307	1.3897745181009926E308	1.3952388685276934E308	7.893319361607384E307	7.767149770649517E307	4	7	2	2	4
417000	-19106.86295422788	-3423.253420339884	-15683.609533887997	-3423.253420339884	1.0791731604752437E308	Infinity	0.6974899473266128	0.0788061226552664	2.560639570148667	0.36055430719606835	0.0788061226552664	2.560639570148667	0.36055430719606835	0.2014678256152733	0.0	0.0	0.0	1.63528927039616E-310	-13496.10840022119	7.400717391469338E307	1.3897745181009926E308	1.5609195349174538E308	1.1956631726779636E308	7.563940432570613E307	1	1	10	2	5
418000	-19085.784140632866	-3423.549719414703	-15662.234421218162	-3423.549719414703	1.321626675787041E308	Infinity	0.6974899473266128	0.0788061226552664	2.560639570148667	0.36055430719606835	0.0788061226552664	2.560639570148667	0.36055430719606835	0.12667619737360378	0.0	0.0	0.0	1.91449043453235E-310	-13496.123632810377	1.7565737843703004E308	1.1101776763563914E308	1.022676770923979E308	1.1523535483310174E308	8.270182054722657E307	1	6	2	6	4
419000	-19090.323023997636	-3430.1918493215558	-15660.131174676082	-3430.1918493215558	6.346660976146048E307	Infinity	0.6974899473266128	0.0788061226552664	2.560639570148667	0.36055430719606835	0.0788061226552664	2.560639570148667	0.36055430719606835	0.16685734312960013	0.0	0.0	0.0	3.687218478627E-310	-13478.905320922659	7.01822614410098E307	5.126988332408371E307	3.7391244399627563E307	2.1328934359442185E307	1.8303377755173496E307	4	5	7	1	2
420000	-19100.615518792827	-3423.0434941510453	-15677.572024641782	-3423.0434941510453	8.008859199715927E307	Infinity	0.6974899473266128	0.0788061226552664	2.560639570148667	0.36055430719606835	0.0788061226552664	2.560639570148667	0.36055430719606835	0.1785906899960005	0.0	0.0	0.0	2.1230310386146E-310	-13487.767019495685	9.405032743841516E307	1.2400455959773871E308	1.1822069557343663E308	1.2714071534612425E308	5.434967052528696E307	5	1	6	3	4
421000	-19068.372026963807	-3423.360318814112	-15645.011708149696	-3423.360318814112	3.189515900779023E307	1.5743228227707776E308	0.6974899473266128	0.0788061226552664	2.560639570148667	0.36055430719606835	0.0788061226552664	2.560639570148667	0.36055430719606835	0.13695687367774842	4.9922258423029E-310	0.0	0.0	4.97396447173055E-310	-13468.68036026545	2.3403121993419983E307	1.9995584610135146E307	5.426210856547319E307	3.120078024330291E307	3.1672105879319127E307	5	1	2	9	2
422000	-19101.420183233757	-3424.3587561138343	-15677.061427119921	-3424.3587561138343	7.670719701191306E307	Infinity	0.6974899473266128	0.0788061226552664	2.560639570148667	0.36055430719606835	0.0788061226552664	2.560639570148667	0.36055430719606835	0.24601911166447554	0.0	0.0	0.0	3.59814435802704E-310	-13483.298874602366	1.0547271077254127E308	3.3702282087569154E307	3.2926115805121627E307	6.578813609990536E307	4.864264034891214E307	1	5	6	2	5
423000	-19050.31866573563	-3419.030077282769	-15631.28858845286	-3419.030077282769	1.9858028677776256E307	8.916484104909724E307	0.6974899473266128	0.0788061226552664	2.560639570148667	0.36055430719606835	0.0788061226552664	2.560639570148667	0.36055430719606835	0.15019125361471275	1.354648471271237E-309	0.0	0.0	1.36950880285732E-309	-13455.542761805762	9.887544283360049E306	1.6792368585071396E307	2.1358897889687437E307	1.9931008540667124E307	1.407473811274142E307	2	3	9	1	4
424000	-19036.3155631824	-3429.6062111338656	-15606.709352048534	-3429.6062111338656	1.4742199360672315E307	8.826903856930577E307	0.6974899473266128	0.0788061226552664	2.560639570148667	0.36055430719606835	0.0788061226552664	2.560639570148667	0.36055430719606835	0.08313067242347244	1.23747031715485E-309	0.0	0.0	1.246501892008656E-309	-13456.305252452443	2.865407147634418E307	6.89317866047271E306	4.0516013772511624E306	1.665522687979791E307	5.316750983452112E306	3	6	1	5	4
425000	-19035.35915881747	-3421.8583519690364	-15613.500806848435	-3421.8583519690364	2.0019730652951852E307	1.0522138658774226E308	0.6974899473266128	0.13590213261574202	2.5035435601881915	0.36055430719606835	0.13590213261574202	2.5035435601881915	0.36055430719606835	0.10661233999393292	9.5580763537755E-310	0.0	0.0	9.82257278033886E-310	-13460.79627579753	1.9365981147314736E307	2.0850754866123191E307	1.164544660078943E307	2.1192893229984422E307	1.2081087564381934E307	4	3	4	4	4
426000	-19098.05749218004	-3426.613910529019	-15671.443581651021	-3426.613910529019	1.8194024429895213E307	1.2524573808765485E308	0.6974899473266128	0.13590213261574202	2.5035435601881915	0.36055430719606835	0.13590213261574202	2.5035435601881915	0.36055430719606835	0.32272136350352554	8.5053552670688E-310	0.0	0.0	8.66117074937926E-310	-13466.298315465343	2.3567437501451627E307	4.562722651725678E307	1.9900887089644297E307	2.7720279048523564E307	9.358229235774523E306	2	2	5	8	2
427000	-19074.924335537165	-3427.089311338807	-15647.835024198357	-3427.089311338807	2.575753709725769E307	1.3151450212516172E308	0.6974899473266128	0.13590213261574202	2.5035435601881915	0.36055430719606835	0.13590213261574202	2.5035435601881915	0.36055430719606835	0.19949859934901168	5.98515860111976E-310	0.0	0.0	5.6397351139779E-310	-13463.412350815477	1.632043891443425E307	2.2332196888959473E307	3.286857399592565E307	1.9835506902896372E307	1.455994979080254E307	8	4	2	4	1
428000	-19071.452176002495	-3420.3230116844024	-15651.129164318092	-3420.3230116844024	1.8712003420345166E307	1.004070690207736E308	0.6974899473266128	0.13590213261574202	2.5035435601881915	0.36055430719606835	0.13590213261574202	2.5035435601881915	0.36055430719606835	0.2598711761264014	1.218929141641364E-309	0.0	0.0	1.19696269854436E-309	-13462.60234473039	6.705346574086459E307	3.60399639583376E307	2.705226184954922E307	1.8105068676927073E307	1.8296597332627157E307	2	1	4	7	5
429000	-19074.392012088432	-3425.8097695155507	-15648.58224257288	-3425.8097695155507	6.645315513637227E307	Infinity	0.6974899473266128	0.13590213261574202	2.5035435601881915	0.36055430719606835	0.13590213261574202	2.5035435601881915	0.36055430719606835	0.08319083625257144	0.0	0.0	0.0	3.48234734193027E-310	-13489.578281658085	5.73828860100257E307	2.5224816646491936E307	2.0519071508230043E307	2.8083407088983454E307	7.689458523187128E307	5	1	2	4	7
430000	-19080.92361476476	-3437.6025640545395	-15643.321050710223	-3437.6025640545395	5.903234631293125E307	Infinity	0.6974899473266128	0.13590213261574202	2.5035435601881915	0.36055430719606835	0.13590213261574202	2.5035435601881915	0.36055430719606835	0.05997767012518891	0.0	0.0	0.0	2.9059043468773E-310	-13488.31291325978	1.7934861834153052E308	9.39408854312592E307	8.539042760146408E307	5.510536773156968E307	2.455606227640817E307	4	4	8	2	1
431000	-19085.73157804557	-3422.1122098387627	-15663.619368206804	-3422.1122098387627	7.801694389302437E307	Infinity	0.6974899473266128	0.13590213261574202	2.5035435601881915	0.36055430719606835	0.13590213261574202	2.5035435601881915	0.36055430719606835	0.1735222297079638	0.0	0.0	0.0	3.05212779360944E-310	-13482.527404933897	5.563082324571642E307	5.98415437230651E307	9.497388192500805E307	7.887846996226625E307	2.1087564279792677E307	2	10	3	1	3
432000	-19104.230624257652	-3418.497471574523	-15685.73315268313	-3418.497471574523	9.930946851466021E307	Infinity	0.6974899473266128	0.13590213261574202	2.5035435601881915	0.36055430719606835	0.13590213261574202	2.5035435601881915	0.36055430719606835	0.1844684763375495	0.0	0.0	0.0	1.469124321057E-310	-13494.578276970293	7.292993912130723E307	6.299193237507439E307	4.438516131174283E307	1.0627016607380577E308	1.267291716700133E308	3	3	4	8	1
433000	-19104.233289728036	-3420.797116073059	-15683.436173654976	-3420.797116073059	1.0096587129827868E308	Infinity	0.6974899473266128	0.13590213261574202	2.5035435601881915	0.36055430719606835	0.13590213261574202	2.5035435601881915	0.36055430719606835	0.2161709099081661	0.0	0.0	0.0	1.44960115581886E-310	-13489.861842646917	3.0897980387149555E307	3.7523459847450626E307	8.878652045530784E307	7.175843509005719E307	3.679595028271386E307	3	4	3	8	1
434000	-19087.888037004508	-3419.8978494394464	-15667.990187565063	-3419.8978494394464	7.223657121107223E307	Infinity	0.6974899473266128	0.13590213261574202	2.5035435601881915	0.36055430719606835	0.13590213261574202	2.5035435601881915	0.36055430719606835	0.18486484191238206	0.0	0.0	0.0	2.3952598635257E-310	-13486.793942050346	8.577564641784966E307	1.1252650937875509E308	6.419650025953719E307	5.670291173696643E307	3.6554333757856943E307	5	2	4	5	3
435000	-19117.88650112863	-3433.2589547038856	-15684.627546424743	-3433.2589547038856	6.464271302623239E307	Infinity	0.6974899473266128	0.0678158726878918	2.5035435601881915	0.42864056712391857	0.0678158726878918	2.5035435601881915	0.42864056712391857	0.3771110276248405	0.0	0.0	0.0	4.49954905380673E-310	-13477.19685889663	8.977152830250164E307	5.125724172633292E307	3.2324028792013693E307	4.654879705602804E307	5.528761226180106E307	4	2	1	5	7
436000	-19103.16180347137	-3431.3455727568885	-15671.81623071448	-3431.3455727568885	1.101460241197841E308	Infinity	0.6974899473266128	0.0678158726878918	2.5035435601881915	0.42864056712391857	0.0678158726878918	2.5035435601881915	0.42864056712391857	0.14066060249462378	0.0	0.0	0.0	1.53523123025867E-310	-13493.988853999997	1.1554171121590557E308	1.1503275842786321E308	1.537664893511468E308	1.5416178661272342E308	1.1038263228803694E308	5	3	5	3	3
437000	-19101.27887709358	-3426.8376466714753	-15674.441230422106	-3426.8376466714753	1.4324929717163669E308	Infinity	0.6974899473266128	0.0678158726878918	2.5035435601881915	0.42864056712391857	0.0678158726878918	2.5035435601881915	0.42864056712391857	0.12551873758454773	0.0	0.0	0.0	1.12672072043925E-310	-13496.822143894044	6.850462466615557E307	7.341921159912616E307	9.628251563525425E307	1.5416178661272342E308	6.389125503322109E307	1	6	3	6	3
438000	-19088.304181377433	-3424.236953443404	-15664.067227934029	-3424.236953443404	6.863004964111655E307	Infinity	0.6974899473266128	0.0678158726878918	2.5035435601881915	0.42864056712391857	0.0678158726878918	2.5035435601881915	0.42864056712391857	0.16351779311200865	0.0	0.0	0.0	2.77220906723267E-310	-13488.003154926259	8.929062922160411E307	1.0899515423229129E308	1.2698100334744384E308	7.422034966842227E307	5.105301279011289E307	2	2	6	5	4
439000	-19101.985177510545	-3427.9057383075587	-15674.079439202986	-3427.9057383075587	8.616543416998866E307	Infinity	0.6974899473266128	0.0678158726878918	2.5035435601881915	0.42864056712391857	0.0678158726878918	2.5035435601881915	0.42864056712391857	0.21793239139782913	0.0	0.0	0.0	2.50756655641614E-310	-13484.249482833204	1.1611718656252888E308	2.826887709920119E307	7.719495174271757E307	9.556703717203474E307	1.8160226130652645E307	3	4	3	5	4
440000	-19125.555412802874	-3433.366255064627	-15692.189157738247	-3433.366255064627	1.1320515906977839E308	Infinity	0.6974899473266128	0.0678158726878918	2.5826787801063933	0.3495053472057168	0.0678158726878918	2.5826787801063933	0.3495053472057168	0.21920954544844262	0.0	0.0	0.0	1.4460242346164E-310	-13500.651643776318	7.602306168987393E307	7.920409447922825E307	1.6729351206515067E308	8.80725917668351E307	1.12082137263291E308	5	3	5	2	4
441000	-19109.036435129856	-3428.9552184187464	-15680.081216711109	-3428.9552184187464	1.0008906557127662E308	Infinity	0.6974899473266128	0.0678158726878918	2.5826787801063933	0.3495053472057168	0.0678158726878918	2.5826787801063933	0.3495053472057168	0.211090488957119	0.0	0.0	0.0	1.574286918791E-310	-13493.47457970173	1.1026319621260104E308	1.2074760972068913E308	1.5233612359688834E308	1.3615942742798825E308	9.995287193762687E307	1	1	8	3	6
442000	-19087.92481908272	-3422.877536183743	-15665.047282898977	-3422.877536183743	1.068002979974277E308	Infinity	0.6974899473266128	0.0678158726878918	2.398545122794991	0.5336390045171192	0.0678158726878918	2.398545122794991	0.5336390045171192	0.1366066055002272	0.0	0.0	0.0	1.7309120523725E-310	-13489.502182524513	1.040109986081083E308	1.2691644552370609E308	9.062826040596173E307	9.615217879719752E307	6.572754945504455E307	1	1	4	9	4
443000	-19102.78975353543	-3422.656107104057	-15680.133646431374	-3422.656107104057	1.258266867155338E308	Infinity	0.6974899473266128	0.0678158726878918	2.398545122794991	0.5336390045171192	0.0678158726878918	2.398545122794991	0.5336390045171192	0.14812817876790627	0.0	0.0	0.0	1.19407970706154E-310	-13497.315710062807	9.0390879218254E307	9.04599233240638E307	1.4154310360399666E308	6.913684443000999E307	5.144884077439436E307	13	1	1	1	3
444000	-19093.145189794228	-3435.8987207432824	-15657.246469050946	-3435.8987207432824	9.694690533033764E307	Infinity	0.6974899473266128	0.0678158726878918	2.398545122794991	0.5336390045171192	0.0678158726878918	2.398545122794991	0.5336390045171192	0.1135898282727507	0.0	0.0	0.0	2.6292626464659E-310	-13489.65940071589	1.2078654844711312E308	1.1674331974938357E308	6.087606810589737E307	6.420018506217956E307	4.971031940898511E307	8	2	4	2	3
445000	-19100.67670441326	-3428.2848162140635	-15672.391888199198	-3428.2848162140635	7.815454342684118E307	Infinity	0.6974899473266128	0.0678158726878918	2.398545122794991	0.5336390045171192	0.0678158726878918	2.398545122794991	0.5336390045171192	0.1795695807180897	0.0	0.0	0.0	2.6255126647566E-310	-13489.826456060488	1.564500320108855E308	1.6223040054724174E308	1.1572342221783132E308	9.960195190413305E307	1.0287996769254805E308	4	4	3	5	3
446000	-19104.150114278826	-3426.0018670893114	-15678.148247189516	-3426.0018670893114	1.0182574949312918E308	Infinity	0.6974899473266128	0.0678158726878918	2.398545122794991	0.5336390045171192	0.0678158726878918	2.398545122794991	0.5336390045171192	0.16273101594136827	0.0	0.0	0.0	1.737867863099E-310	-13495.530698144295	1.56433932554875E308	7.454678944027096E307	4.794529139484428E307	1.1810250566820734E308	5.203535889301765E307	2	7	3	4	3
447000	-19092.560735038114	-3419.5050690619473	-15673.055665976168	-3419.5050690619473	6.87248261268515E307	Infinity	0.6974899473266128	0.0678158726878918	2.398545122794991	0.5336390045171192	0.0678158726878918	2.398545122794991	0.5336390045171192	0.1851101286783701	0.0	0.0	0.0	2.95005038001533E-310	-13485.509701834559	1.118880731312803E308	5.789909763329292E307	1.0859003517963202E308	4.843498926784491E307	1.2578892315428037E308	1	4	4	8	2
448000	-19108.025750733417	-3426.4726708175594	-15681.553079915857	-3426.4726708175594	9.402098327441597E307	Infinity	0.6974899473266128	0.0678158726878918	2.398545122794991	0.5336390045171192	0.0678158726878918	2.398545122794991	0.5336390045171192	0.21575670862145557	0.0	0.0	0.0	2.32102979381856E-310	-13488.9923965844	6.714523157823321E307	7.687028222763763E307	8.682421202599503E307	1.516009223355453E308	4.4910805997383077E307	1	7	4	4	3
449000	-19118.792238227332	-3429.0892465727675	-15689.702991654565	-3429.0892465727675	1.4172494943644925E308	Infinity	0.8435466997356537	0.0678158726878918	2.398545122794991	0.5336390045171192	0.0678158726878918	2.398545122794991	0.5336390045171192	0.17839827095902988	0.0	0.0	0.0	1.12368197482585E-310	-13501.187324214454	1.4735220015453277E308	1.4183364218762246E308	1.5532252280130023E308	5.396094198657856E307	6.367954851306484E307	4	4	7	2	2
450000	-19084.856762708354	-3430.8113159258905	-15654.045446782462	-3430.8113159258905	6.469087872030997E307	Infinity	0.8435466997356537	0.0678158726878918	2.398545122794991	0.5336390045171192	0.0678158726878918	2.398545122794991	0.5336390045171192	0.15184081154987417	0.0	0.0	0.0	3.54930550352807E-310	-13477.742728800344	5.283327195824819E307	1.8506250188223737E307	2.570350959165258E307	4.53529095670164E307	5.2085197653952E307	3	1	1	5	9
451000	-19047.90194313785	-3430.311927000284	-15617.590016137568	-3430.311927000284	4.424910046775964E307	Infinity	0.8435466997356537	0.0678158726878918	2.398545122794991	0.5336390045171192	0.0678158726878918	2.398545122794991	0.5336390045171192	0.059526368322834505	0.0	0.0	0.0	4.2751756341455E-310	-13477.418191279483	6.41764728089371E307	5.494637772295394E307	7.124026100022413E307	2.1842092475307444E307	1.4914527035093314E307	13	1	2	1	2
452000	-19108.879015391172	-3420.72074377404	-15688.158271617132	-3420.72074377404	9.623659468187913E307	Infinity	0.7169643055871207	0.0678158726878918	2.398545122794991	0.5336390045171192	0.0678158726878918	2.398545122794991	0.5336390045171192	0.26980123703846315	0.0	0.0	0.0	1.9025594145159E-310	-13488.043850207763	1.2052027971226397E308	8.593073923746913E307	4.766320825967057E307	1.1343191642377029E308	2.341954094474223E307	1	5	4	8	1
453000	-19119.067899638485	-3432.1711950721487	-15686.896704566336	-3432.1711950721487	8.411618142749248E307	Infinity	0.7169643055871207	0.0678158726878918	2.5792721217477235	0.3529120055643866	0.0678158726878918	2.5792721217477235	0.3529120055643866	0.30250875004802413	0.0	0.0	0.0	3.13731521059936E-310	-13486.781750949782	3.5359118934473854E307	3.193703746406506E307	2.197063695928234E307	8.120741649044636E307	2.7341502414465634E307	3	4	1	9	2
454000	-19118.267762575633	-3433.347412284604	-15684.920350291028	-3433.347412284604	6.311414700862043E307	Infinity	0.7169643055871207	0.0678158726878918	2.5792721217477235	0.3529120055643866	0.0678158726878918	2.5792721217477235	0.3529120055643866	0.3059953618490712	0.0	0.0	0.0	3.3911591231593E-310	-13480.772212652839	9.432796132379444E307	9.59797910769827E307	5.491839035965148E307	7.860186494382075E307	4.815787207330837E307	5	2	1	7	4
455000	-19118.541293042646	-3430.2321911374565	-15688.30910190519	-3430.2321911374565	1.0090875350525173E308	Infinity	0.7169643055871207	0.0678158726878918	2.5792721217477235	0.3529120055643866	0.0678158726878918	2.5792721217477235	0.3529120055643866	0.23238889981065033	0.0	0.0	0.0	1.8350291804518E-310	-13492.573808653377	1.4653172468132765E308	1.1900304398688203E308	9.550468119973026E307	1.0129409326181788E308	3.7611823992143413E307	6	7	2	3	1
456000	-19109.711905879718	-3429.6871219530417	-15680.024783926676	-3429.6871219530417	1.2681084695095647E308	Infinity	0.7169643055871207	0.0678158726878918	2.5792721217477235	0.3529120055643866	0.0678158726878918	2.5792721217477235	0.3529120055643866	0.1379029127488254	0.0	0.0	0.0	1.41357742476954E-310	-13497.896842466538	1.176847051587349E308	9.556487211403301E307	1.5083347486384849E308	1.4592931847846823E308	1.3923079898433207E308	3	5	6	2	3
457000	-19092.097933037807	-3422.0720842099977	-15670.02584882781	-3422.0720842099977	4.4000779950655294E307	Infinity	0.7169643055871207	0.0678158726878918	2.5792721217477235	0.3529120055643866	0.0678158726878918	2.5792721217477235	0.3529120055643866	0.2726709706625602	0.0	0.0	0.0	4.72034646980583E-310	-13472.290891310964	2.2285596345478743E307	3.0589909410735635E307	7.41245956129241E307	5.905330331548426E307	1.8009235606816933E307	3	5	6	3	2
458000	-19061.86922507543	-3423.560081459995	-15638.309143615432	-3423.560081459995	1.023312482113269E308	Infinity	0.7169643055871207	0.0678158726878918	2.5792721217477235	0.3529120055643866	0.0678158726878918	2.5792721217477235	0.3529120055643866	0.052075170937506	0.0	0.0	0.0	2.1233802928404E-310	-13490.91564836946	6.295413327262734E307	1.1109749774569755E308	1.021064565898241E308	8.246999010479378E307	1.3052957926699822E308	3	1	2	8	5
459000	-19083.852102695513	-3427.738831570029	-15656.113271125483	-3427.738831570029	7.011406732284333E307	Infinity	0.7169643055871207	0.14969273684971884	2.5792721217477235	0.2710351414025596	0.14969273684971884	2.5792721217477235	0.2710351414025596	0.10770462913309721	0.0	0.0	0.0	2.5594070015649E-310	-13489.850183035154	7.533143598608801E307	6.993570503740552E307	1.0141827508690593E308	6.438350433544774E307	6.921573044450371E307	3	4	2	6	4
460000	-19111.053653333707	-3420.94130617863	-15690.112347155078	-3420.94130617863	1.6201921506459876E308	Infinity	0.7169643055871207	0.14969273684971884	2.5792721217477235	0.2710351414025596	0.14969273684971884	2.5792721217477235	0.2710351414025596	0.20341342034225568	0.0	0.0	0.0	1.1133073843594E-310	-13503.761968051818	1.692397175908688E308	1.7548144577918626E308	9.439992492360505E307	1.1949822974881715E308	9.365635377036923E307	2	9	2	1	5
461000	-19075.45098982894	-3422.753224618304	-15652.697765210636	-3422.753224618304	8.575172906179593E307	Infinity	0.7169643055871207	0.14969273684971884	2.5792721217477235	0.2710351414025596	0.14969273684971884	2.5792721217477235	0.2710351414025596	0.09748384434426167	0.0	0.0	0.0	2.2317880849311E-310	-13490.046456659591	9.338828681910376E307	7.315059974763643E307	1.3798780593159788E308	6.966183070186362E307	1.1079495375095095E308	1	9	5	2	2
462000	-19064.121296793113	-3417.59422734231	-15646.527069450802	-3417.59422734231	8.559082104365104E307	Infinity	0.7169643055871207	0.14969273684971884	2.462423728162853	0.38788353498743017	0.14969273684971884	2.462423728162853	0.38788353498743017	0.08609416621495147	0.0	0.0	0.0	2.05164506134963E-310	-13488.431148973172	1.0417898944925429E308	7.790883797890691E307	9.829343349597428E307	1.4696970619971547E308	7.314629965339356E307	2	3	8	2	4
463000	-19095.80193598509	-3420.237355161178	-15675.564580823913	-3420.237355161178	9.817389692740424E307	Infinity	0.7169643055871207	0.14969273684971884	2.462423728162853	0.38788353498743017	0.14969273684971884	2.462423728162853	0.38788353498743017	0.20460836797402682	0.0	0.0	0.0	2.2875929415804E-310	-13488.26772425226	1.086882055731976E308	1.698355357751817E308	9.829343349597428E307	5.954522095432227E307	3.661246826053921E307	1	4	8	1	5
464000	-19065.468837442033	-3418.0137732107987	-15647.455064231233	-3418.0137732107987	3.0075865920252267E307	1.6351521919030109E308	0.7169643055871207	0.14969273684971884	2.462423728162853	0.38788353498743017	0.14969273684971884	2.462423728162853	0.38788353498743017	0.16649386792511744	5.95997839768264E-310	0.0	0.0	5.93411134420077E-310	-13471.542713325309	6.704640538400486E307	4.782149320049238E307	3.6309245559506914E307	2.3181609920635927E307	1.1264115493573384E307	2	2	9	3	3
465000	-19096.409617052806	-3415.0145585400837	-15681.395058512722	-3415.0145585400837	1.1331519989272784E308	Infinity	0.7169643055871207	0.14969273684971884	2.462423728162853	0.38788353498743017	0.14969273684971884	2.462423728162853	0.38788353498743017	0.21341713349218625	0.0	0.0	0.0	1.40312074052983E-310	-13490.157913411702	3.7119191832013683E307	5.890565070845516E307	6.827276803190337E307	9.690988682745306E307	2.7325781989215453E307	1	2	2	13	1
466000	-19105.562729222023	-3417.6832264093405	-15687.879502812684	-3417.6832264093405	9.695246977668207E307	Infinity	0.7169643055871207	0.14969273684971884	2.462423728162853	0.38788353498743017	0.14969273684971884	2.462423728162853	0.38788353498743017	0.26701618191618964	0.0	0.0	0.0	2.05041464499284E-310	-13489.21423897477	4.3155722757109125E307	6.842659371849879E307	1.307782678316931E308	1.4994494790905214E308	5.199984102753656E307	6	4	3	3	3
467000	-19110.669929321248	-3425.567992752667	-15685.10193656858	-3425.567992752667	7.314661656192468E307	Infinity	0.7169643055871207	0.14969273684971884	2.462423728162853	0.38788353498743017	0.14969273684971884	2.462423728162853	0.38788353498743017	0.1762532951782336	0.0	0.0	0.0	2.4948976186405E-310	-13486.453134293306	3.6026169171628134E307	3.5847493212093074E307	3.8685641879193214E307	1.4512206872349038E308	7.843733151773436E307	1	4	3	2	9
468000	-19071.80317808018	-3417.879107262803	-15653.924070817377	-3417.879107262803	3.3031563894244915E307	1.589665445845212E308	0.7169643055871207	0.14969273684971884	2.337029637114004	0.513277626036279	0.14969273684971884	2.337029637114004	0.513277626036279	0.24772993765127546	7.09030181934183E-310	0.0	0.0	6.89003706392373E-310	-13466.939833966673	1.617074501094087E307	8.189587732063794E306	2.167215264582749E307	3.364299004961424E307	1.4426199303292195E307	3	3	1	7	5
469000	-19106.810357906255	-3433.3722015527364	-15673.438156353519	-3433.3722015527364	6.993934197747603E307	Infinity	0.7169643055871207	0.14969273684971884	2.337029637114004	0.513277626036279	0.14969273684971884	2.337029637114004	0.513277626036279	0.18746810891078572	0.0	0.0	0.0	2.7766849694072E-310	-13483.715275239776	1.0338718524738343E308	3.7053016404449455E307	1.144691345303217E308	4.717036261033937E307	3.011517823006964E307	1	10	5	1	2
470000	-19069.46053016761	-3421.6014818319204	-15647.85904833569	-3421.6014818319204	3.041978648391584E307	1.5610444798226438E308	0.7169643055871207	0.14969273684971884	2.337029637114004	0.513277626036279	0.14969273684971884	2.337029637114004	0.513277626036279	0.13316973293629836	6.30859631147857E-310	0.0	0.0	6.24650941951857E-310	-13469.333414519073	1.2162566388012542E308	3.9072001152240596E307	2.6018262581625165E307	3.4607876922939703E307	1.8475134119381947E307	1	2	6	5	5
471000	-19094.685971654577	-3429.4079417883936	-15665.278029866184	-3429.4079417883936	6.092584712391935E307	Infinity	0.7169643055871207	0.14969273684971884	2.337029637114004	0.513277626036279	0.14969273684971884	2.337029637114004	0.513277626036279	0.18721143390653538	0.0	0.0	0.0	3.4653550599505E-310	-13478.91382562219	3.676401191055773E307	7.733037529338556E307	5.220851294791397E307	1.0447220418216036E308	2.9228520467223517E307	9	3	2	2	3
472000	-19095.096778901792	-3419.875061041294	-15675.221717860497	-3419.875061041294	4.763035158215122E307	Infinity	0.7169643055871207	0.14969273684971884	2.337029637114004	0.513277626036279	0.14969273684971884	2.337029637114004	0.513277626036279	0.25791893656770737	0.0	0.0	0.0	4.7106190351293E-310	-13478.646690912567	8.771418219657459E307	4.662975765256125E307	4.2992846401362426E307	3.002203487050003E307	4.448816045259366E307	4	2	3	4	6
473000	-19098.559871063764	-3423.4846643374945	-15675.075206726271	-3423.4846643374945	8.499280625130842E307	Infinity	0.7169643055871207	0.06030616849850451	2.4264162054652183	0.513277626036279	0.06030616849850451	2.4264162054652183	0.513277626036279	0.24893437136218344	0.0	0.0	0.0	2.68485096538015E-310	-13483.97223188362	7.435838939403723E307	8.99728464808079E307	1.3362815490111908E308	7.997955943348517E307	4.048246272449509E307	10	2	4	1	2
474000	-19112.96219264775	-3417.255386864692	-15695.706805783055	-3417.255386864692	1.2441948834891838E308	Infinity	0.7169643055871207	0.06030616849850451	2.4264162054652183	0.513277626036279	0.06030616849850451	2.4264162054652183	0.513277626036279	0.22332967603301315	0.0	0.0	0.0	1.6881852122244E-310	-13494.516382126256	5.06778990563539E307	7.736828305875975E307	7.18105706405871E307	1.283557827596778E308	7.331778091669529E307	5	5	4	1	4
475000	-19138.467297336803	-3437.063764521044	-15701.403532815759	-3437.063764521044	1.3026910197103627E308	Infinity	0.7169643055871207	0.06030616849850451	2.4264162054652183	0.513277626036279	0.06030616849850451	2.4264162054652183	0.513277626036279	0.23148440688653218	0.0	0.0	0.0	1.24609812558954E-310	-13500.204234517378	1.5998157617928202E308	1.1346583359407267E308	8.722354078594401E307	1.2968863434047537E308	6.147814842514336E307	9	3	4	1	2
476000	-19120.161112859274	-3428.115310823428	-15692.045802035847	-3428.115310823428	4.851850996477191E307	Infinity	0.7169643055871207	0.06030616849850451	2.540679992649796	0.3990138388517015	0.06030616849850451	2.540679992649796	0.3990138388517015	0.27295429768870905	0.0	0.0	0.0	3.2496407376241E-310	-13489.068135536847	1.1605869821470148E308	6.018073276189592E307	7.606629198065847E307	6.569397764478068E307	1.1894684891125911E308	3	5	6	3	2
477000	-19098.147367064266	-3418.956361302868	-15679.191005761399	-3418.956361302868	6.865016560801087E307	Infinity	0.7169643055871207	0.06030616849850451	2.540679992649796	0.3990138388517015	0.06030616849850451	2.540679992649796	0.3990138388517015	0.22019887286906112	0.0	0.0	0.0	2.87635858156166E-310	-13481.656682960285	2.0342483163495125E307	4.54421444827009E307	7.274980577976641E307	5.646216363415975E307	1.7683934105528268E307	2	5	1	8	3
478000	-19062.295138689937	-3426.5783209891642	-15635.716817700772	-3426.5783209891642	3.4263666321855206E307	Infinity	0.7169643055871207	0.06030616849850451	2.540679992649796	0.3990138388517015	0.06030616849850451	2.540679992649796	0.3990138388517015	0.11246298738261667	0.0	0.0	0.0	5.0774531330994E-310	-13472.744035180509	3.2496482669515986E307	3.142773251457164E307	2.0952755051335922E307	2.9404600022153443E307	2.5995969262150314E307	5	5	1	5	3
479000	-19052.727638749056	-3427.279096363982	-15625.448542385077	-3427.279096363982	1.458301870274194E307	8.240344155668575E307	0.7169643055871207	0.06030616849850451	2.540679992649796	0.3990138388517015	0.06030616849850451	2.540679992649796	0.3990138388517015	0.11702996667098868	1.111664896393513E-309	0.0	0.0	1.164032833311333E-309	-13457.174948837866	2.1381513373981784E307	1.1444933936860627E307	1.1938541700763734E307	1.395331574431062E307	9.517069984693426E306	1	2	6	8	2
480000	-19060.44179130865	-3426.87011912371	-15633.571672184942	-3426.87011912371	1.5918970741958696E307	6.532116544311765E307	0.7169643055871207	0.06030616849850451	2.540679992649796	0.3990138388517015	0.06030616849850451	2.540679992649796	0.3990138388517015	0.19011231770680068	1.20266267066227E-309	0.0	0.0	1.3015367395891E-309	-13451.615347172075	2.0337622185903623E307	1.729990815358371E307	2.1826631044995284E307	1.6022355036819037E307	5.733236700456573E306	4	6	3	2	4
481000	-19080.725750522648	-3425.4832574928105	-15655.242493029838	-3425.4832574928105	2.6818716428981386E307	1.385825897034132E308	0.7169643055871207	0.06030616849850451	2.540679992649796	0.3990138388517015	0.06030616849850451	2.540679992649796	0.3990138388517015	0.22780114748721345	6.70855297155843E-310	0.0	0.0	7.86899614885914E-310	-13467.09320203431	5.052381306430666E307	1.8685163790349673E307	1.9855194118980036E307	1.6020439612490378E307	1.771802269194564E307	5	5	2	1	6
482000	-19058.943667350904	-3415.928975408285	-15643.01469194262	-3415.928975408285	1.8451570249397407E307	9.209239272320545E307	0.7169643055871207	0.06030616849850451	2.540679992649796	0.3990138388517015	0.06030616849850451	2.540679992649796	0.3990138388517015	0.22794933883444995	1.04486174863713E-309	0.0	0.0	1.09028234883443E-309	-13456.969224870854	1.7352668204982963E307	1.4213275785984416E307	1.974018397621785E307	1.627126592285307E307	1.0994937596109483E307	1	10	3	2	3
483000	-19084.869313877945	-3419.0973874578467	-15665.771926420099	-3419.0973874578467	3.9262535559587697E307	Infinity	0.7169643055871207	0.06030616849850451	2.540679992649796	0.3990138388517015	0.06030616849850451	2.540679992649796	0.3990138388517015	0.16915279475418452	0.0	0.0	0.0	4.5177260334188E-310	-13473.803670489975	3.113729619172888E307	3.289311904349537E307	4.751286567073267E307	5.88960788575008E307	3.382724196432551E307	2	5	10	1	1
484000	-19058.2673616028	-3422.95841135865	-15635.30895024415	-3422.95841135865	9.215715604773312E306	5.096673490316664E307	0.7169643055871207	0.06030616849850451	2.540679992649796	0.3990138388517015	0.06030616849850451	2.540679992649796	0.3990138388517015	0.21059147835613654	1.818334592791447E-309	0.0	0.0	1.79652101475855E-309	-13451.951542433195	4.237504215482763E307	1.8095507264974687E307	1.1379694548634498E307	1.1843739339247432E307	7.416389665206196E306	3	6	7	2	1
485000	-19089.586158296497	-3427.7883897323945	-15661.797768564102	-3427.7883897323945	2.541320677749327E307	1.1372483152745188E308	0.7169643055871207	0.22712678682458717	2.3738593743237133	0.3990138388517015	0.22712678682458717	2.3738593743237133	0.3990138388517015	0.31692923831225994	1.07231358965027E-309	0.0	0.0	1.146896668939275E-309	-13462.00136193047	2.305348761602116E307	1.3237105416893085E307	1.8886917188085834E307	2.2060796339479183E307	1.8274608745811722E307	7	4	3	2	3
486000	-19091.99049412694	-3421.9369346302356	-15670.053559496708	-3421.9369346302356	4.4753435632451955E307	Infinity	0.7169643055871207	0.22712678682458717	2.4857045923738554	0.28716862080155925	0.22712678682458717	2.4857045923738554	0.28716862080155925	0.23549498934124483	0.0	0.0	0.0	5.6481785398993E-310	-13473.864011186122	5.966968622817604E307	2.400576365482487E307	3.682805847440518E307	2.9661847456912527E307	8.133615495320197E306	3	2	8	2	4
487000	-19087.23623455795	-3425.993968876105	-15661.242265681845	-3425.993968876105	2.2556306199975544E307	1.211212845235592E308	0.7169643055871207	0.22712678682458717	2.4857045923738554	0.28716862080155925	0.22712678682458717	2.4857045923738554	0.28716862080155925	0.22719764848173765	8.5452683986691E-310	0.0	0.0	8.88996982333886E-310	-13466.990524084687	4.183917610403407E307	2.9830880901553143E307	2.279221696181445E307	2.167286974173858E307	3.835751857761256E307	1	5	6	3	4
488000	-19091.6185019633	-3431.312081086998	-15660.306420876303	-3431.312081086998	2.217701550348659E307	1.1650373462360348E308	0.7169643055871207	0.22712678682458717	2.4857045923738554	0.28716862080155925	0.22712678682458717	2.4857045923738554	0.28716862080155925	0.27373430720178565	1.03519881368849E-309	0.0	0.0	1.112369643685834E-309	-13466.261803132107	3.768255019507912E307	3.155434551799669E307	3.8067884361270176E307	3.39993424769471E307	2.028053020291537E307	4	5	4	4	2
489000	-19102.450684786534	-3430.068338952938	-15672.382345833597	-3430.068338952938	4.81350060433121E307	Infinity	0.7169643055871207	0.22712678682458717	2.4857045923738554	0.28716862080155925	0.22712678682458717	2.4857045923738554	0.28716862080155925	0.2113917766787185	0.0	0.0	0.0	3.22931554441633E-310	-13477.076760911106	5.082990428821145E307	7.284648596540277E307	4.147928689187311E307	2.482293571021325E307	1.6327463660500534E307	8	2	5	2	2
490000	-19079.32562382422	-3417.7202372279216	-15661.605386596299	-3417.7202372279216	7.220080894882831E307	Infinity	0.7169643055871207	0.08174162687868322	2.6310897523197596	0.28716862080155925	0.08174162687868322	2.6310897523197596	0.28716862080155925	0.15986072410234184	0.0	0.0	0.0	2.7376183039323E-310	-13485.708521435869	8.01243892754739E307	7.284648596540277E307	2.758744738475317E307	9.895479802635842E306	8.606517559507484E306	15	1	1	1	1
491000	-19069.6336746447	-3420.458967043405	-15649.174707601296	-3420.458967043405	1.518137237025017E307	9.4214990484008E307	0.7169643055871207	0.08174162687868322	2.6310897523197596	0.28716862080155925	0.08174162687868322	2.6310897523197596	0.28716862080155925	0.25042772451866413	1.086628729159554E-309	0.0	0.0	1.180016397068354E-309	-13462.836914579471	5.406507804050142E307	3.6283351498493254E307	3.0862917532000213E307	2.2114897448761554E307	8.043980928514137E306	5	6	4	2	2
492000	-19078.19769147621	-3426.842937709693	-15651.354753766516	-3426.842937709693	2.1214980403084828E307	1.1608599402703706E308	0.7169643055871207	0.08174162687868322	2.6310897523197596	0.28716862080155925	0.08174162687868322	2.6310897523197596	0.28716862080155925	0.22434074599982945	9.13459563743933E-310	0.0	0.0	8.8724328483797E-310	-13462.669614105107	2.4842441563706856E307	1.773760522009796E307	1.8158911673022168E307	1.0164080175885967E307	8.53193595131237E306	9	5	3	1	1
493000	-19041.27303999117	-3425.2982392524073	-15615.974800738762	-3425.2982392524073	4.4594298283004554E306	2.0277466160846115E307	0.7169643055871207	0.08174162687868322	2.6310897523197596	0.28716862080155925	0.08174162687868322	2.6310897523197596	0.28716862080155925	0.20792339955274716	4.87464135369156E-309	0.0	0.0	5.40691387389517E-309	-13431.2248460424	5.866642139919935E306	4.892082250631818E306	5.4250346754612777E306	7.650172689556726E306	3.888285158453174E306	3	7	2	6	1
494000	-19034.6199148859	-3418.657583874246	-15615.962331011657	-3418.657583874246	2.820277723863923E306	1.683208828033299E307	0.7169643055871207	0.08174162687868322	2.6310897523197596	0.28716862080155925	0.08174162687868322	2.6310897523197596	0.28716862080155925	0.26387090832017984	5.700664342487375E-309	0.0	0.0	5.957872579802244E-309	-13425.47666992803	2.9291589962466226E306	1.3433937129484022E306	3.340509464257192E306	3.177350976186068E306	1.2059698861164627E306	8	2	4	2	3
495000	-19032.82725573604	-3437.172160961006	-15595.655094775033	-3437.172160961006	2.5671399833985124E306	1.6173380198058937E307	0.7169643055871207	0.24411131514737872	2.4687200640510643	0.28716862080155925	0.24411131514737872	2.4687200640510643	0.28716862080155925	0.16869341010451072	6.094705667827646E-309	0.0	0.0	5.997198962337406E-309	-13426.506474022426	1.4975219078905043E306	9.170082983350757E305	3.0994672115876316E306	2.6442087840433212E306	2.310857753334192E306	4	3	1	10	1
496000	-19037.871723177614	-3422.664984337992	-15615.206738839623	-3422.664984337992	1.96913871026546E306	9.77923768995718E306	0.7169643055871207	0.24411131514737872	2.4687200640510643	0.28716862080155925	0.24411131514737872	2.4687200640510643	0.28716862080155925	0.2641239648877695	1.2157653019840037E-308	0.0	0.0	1.2580412266232475E-308	-13419.195337154348	4.6175002844155334E306	3.6530944772970285E306	4.168771377898322E306	9.274997958297453E305	1.7144758673826753E306	3	3	1	2	10
497000	-19006.76657769243	-3422.0485649090424	-15584.718012783387	-3422.0485649090424	7.450272455745007E306	3.4568434332369125E307	0.7169643055871207	0.07863453557311181	2.4687200640510643	0.4526454003758261	0.07863453557311181	2.4687200640510643	0.4526454003758261	0.07518809182691322	3.504923544849285E-309	0.0	0.0	3.49868523135574E-309	-13438.631861111136	6.437557612439178E306	3.812090690309665E306	6.258824286812051E306	4.524068236788813E306	8.44057635197276E306	1	2	1	6	9
498000	-19056.287200414794	-3421.287242246809	-15634.999958167986	-3421.287242246809	1.8486928554626175E307	9.586195588694855E307	0.7169643055871207	0.07863453557311181	2.4687200640510643	0.4526454003758261	0.07863453557311181	2.4687200640510643	0.4526454003758261	0.15295122278799733	1.18469097601446E-309	0.0	0.0	1.20888683148396E-309	-13459.503802532729	1.5192444339403865E307	1.443264918094631E307	1.112060687055971E307	1.7564465639126532E307	4.0124483972984985E307	2	3	5	8	1
499000	-19086.286881639113	-3431.004547654611	-15655.2823339845	-3431.004547654611	2.079433572756653E307	1.1609191933617875E308	0.7169643055871207	0.16389790269219623	2.4687200640510643	0.36738203325674174	0.16389790269219623	2.4687200640510643	0.36738203325674174	0.2490763324186165	8.49962497850315E-310	0.0	0.0	8.5103305638371E-310	-13462.880001360863	1.2905465745044684E307	1.6133160649184126E307	9.232177546908582E306	4.112264040812567E307	2.338726222107809E307	2	3	4	2	8
500000	-19074.618114943056	-3424.8564690109015	-15649.761645932156	-3424.8564690109015	9.715344496342245E307	Infinity	0.7169643055871207	0.16389790269219623	2.4687200640510643	0.36738203325674174	0.16389790269219623	2.4687200640510643	0.36738203325674174	0.12344688092308176	0.0	0.0	0.0	1.84302350992876E-310	-13488.48350474984	1.6312405084891782E308	7.654213905353272E307	9.005969848895838E307	3.749859245184496E307	2.6653810202902825E307	5	1	10	1	2
